RETAIL STORE DAILY SALES,,,,,,,,
Store #12345,,,,,,,,
Generated: 2026-07-01,,,,,,,,
,,,,,,,,
Date,Receipt,Product Name,Category,Qty,Price,Total Amount,Cost,Payment
01-01-2026,R282255,  Cereal  ,Breakfast,11,1.9,20.90,11.98,Card
01/01/2026,R780014,Frozen Pizza,Frozen,7,7.17,50.19,26.25,
NONE,R235687,Chips,Snacks,8,7.64,61.12,41.57,Cash
01/01/26,R978654,Frozen Pizza,Frozen,4,8.02,32.08,25.34,
2026/01/01,R540732,Bread,Bakery,6,2.95,17.70,8.88,CASH
01/01/2026,R821523,Milk,Dairy,20,4.56,91.2,54.86,Mobile
01-01-2026,R126486,Canned Soup,Canned Goods,17,4.74,80.58,43.71,-
01.01.2026,R799627,Chips,Snacks,7,5.13,35.91,20.06,Card
01/01/2026,R492789,  Bread  ,Bakery,10,"3,67",36.70 EUR,22.65,Mobile
01 Jan 2026,R721968,Milk,Dairy,4,6.41,25.64,20.44,
01-01-2026,R823617,Chips,Snacks,1,2.95,2.95,"1,96",Card
2026-01-01,R501921,Cereal,Breakfast,12,6.19,74.28,41.18,Card
"Jan 01, 2026",R830357,Milk,Dairy,9,1.58 USD,$14.22,£10.98,Cash
01.01.2026,R709888,Chips,Snacks,2,8.63,17.26,11.12,none
01/01/26,R749918,Canned Soup,Canned Goods,20,1.51,30.2,16.56,
01-01-2026,R969364,  Bread  ,Bakery,1,4.89,4.89,3.17,Cash
01-01-2026,R651085,Chips,Snacks,12,8.50,102.00,64.73,Cash
01/01/2026,R220501,Frozen Pizza,Frozen,19,"6,83",N/A,99.42,CASH
"Jan 01, 2026",R805225,cereal,Breakfast,7,4.8%,33.53,17.98,NA
01/01/26,R895349,Frozen Pizza,Frozen,10,4.34,43.4,31.81,
01/01/2026,R438345,Milk,Dairy,16,8.66,€138.56,110.81,Cash
01/01/26,R373804,Bread,Bakery,9,8.49,76.41,€58.09,card
2026/01/01,R912824,Bread,Bakery,7,7.51,52.57,--,card
01/01/2026,R583291,Bread,Bakery,19,4.86,92.34 USD,64.5,
01 Jan 2026,R574817,Cereal,Breakfast,7,3.96,27.72,21.72,card
01/01/26,R930380,Milk,Dairy,4,5.31,21.24,€12.06,Cash
01.01.2026,R276366,Milk,Dairy,2,4.71,"9,42",7.29,nan
01/01/26,R546480,Canned Soup,Canned Goods,9,2.4%,21.60,17.18,Cash
2026/01/01,R426155,Soda,Beverages,14,9.91,138.74,69.71,Card
01/01/2026,R128480,Milk,Dairy,10,8.55,85.5,68.15,Mobile
01 Jan 2026,R729091,SODA,Beverages,13,3.88,50.44,€29.26,
NA,R931572,Canned Soup,Canned Goods,12,3.10,37.20,24.6,Mobile
01.01.2026,R807312,Cereal,Breakfast,10,2.14,21.4,14.9,card
2026/01/01,R951375,Canned Soup,Canned Goods,8,9.57,76.56,44.19,card
2026-01-01,R705676,Soda,Beverages,8,7.55,60.4,33.4,CASH
NA,R547658,Milk,Dairy,18,6.7,120.6,94.16,nan
01-01-2026,R104750,  Canned Soup  ,Canned Goods,14,3.55,49.7,27.97,N/A
01 Jan 2026,R641426,Cereal,Breakfast,19,4.06,77.14,41.73,Mobile
01.01.2026,R751402,Chips,Snacks,15,6.3,94.5,64.58,
01/01/26,R863333,Bread,Bakery,3,1.24 USD,3.72,2.71 EUR,Mobile
2026-01-01,R391754,Bread,Bakery,4,"4,46",€17.84,12.46,
01 Jan 2026,R175603,Bread,Bakery,11,8.03,88.33,55.0%,Card
2026/01/01,R840006,Frozen Pizza,Frozen,18,6.29,113.22,87.16,nan
01 Jan 2026,R686455,Chips,Snacks,6,7.8,46.80,35.68,Card
01/01/26,R780024,Frozen Pizza,Frozen,13,2.76,35.88,23.45,
01-01-2026,R883661,Cereal,Breakfast,10,6.78,67.80 EUR,44.15 USD,Card
01/01/2026,R807018,Soda,Beverages,10,7.12,71.2,40.11,Card
01 Jan 2026,R281465,Milk,Dairy,8,4.34,34.72,24.44,card
01.01.2026,R921618,Milk,Dairy,13,3.21,41.73,25.78,card
"Jan 01, 2026",R925451,Cereal,Breakfast,12,6.52,78.24,55.18,NONE
"Jan 01, 2026",R541713,Cereal,Breakfast,1,9.66,9.66,7.1,Cash
2026-01-01,R774601,Bread,Bakery,10,6.37,63.70,38.55,
01 Jan 2026,R483209,Canned Soup,Canned Goods,9,7.65,68.8%,50.87,n/a
01.01.2026,R589071,  Milk  ,Dairy,7,8.78,61.46,33.13,
01/01/26,R626242,Frozen Pizza,Frozen,3,1.63,4.89,3.52,
01.01.2026,R865634,Frozen Pizza,Frozen,13,8.5,110.50,"88,19",card
01 Jan 2026,R674158,Chips,Snacks,14,9.31,--,85.14,card
01/01/2026,R835454,Frozen Pizza,Frozen,20,1.14,22.80,13.95,Cash
01 Jan 2026,R283223,Milk,Dairy,1,7.57,7.57,5.09,Card
01/01/2026,R365636,Bread,Bakery,9,1.49,13.41,6.98,Card
01/01/2026,R857079,Frozen Pizza,Frozen,17,4.06,69.02,39.9%,Mobile
"Jan 01, 2026",R602337,Canned Soup,Canned Goods,16,6.81,108.96,81.88,CASH
01/01/2026,R466227,Milk,Dairy,3,9.7%,"29,16",22.62,-
01/01/26,R418335,Canned Soup,Canned Goods,17,7.98,135.66,82.67,Cash
01-01-2026,R995289,FROZEN PIZZA,Frozen,3,9.25,27.75,21.96,Card
01 Jan 2026,R298263,Soda,Beverages,18,7.86,141.48,95.02,N/A
01/01/2026,R281811,frozen pizza,Frozen,20,9.8%,196.8,108.62,
2026-01-01,R165821,Milk,Dairy,16,9.14,146.24,"86,07",CASH
01.01.2026,R795880,Bread,Bakery,7,1.53,10.71 TRY,6.34,CASH
01/01/2026,R526361,Soda,Beverages,15,4.66,69.9,52.55,
01 Jan 2026,R771839,Cereal,Breakfast,20,3.4,68.0,37.12,card
01/01/2026,R524146,Canned Soup,Canned Goods,3,1.16,3.48,2.67,Card
01/01/2026,R131957,Chips,Snacks,17,9.33,158.61 EUR,86.53,
01/01/2026,R896984,Frozen  Pizza,Frozen,9,5.47,49.23,"36,42",Mobile
01/01/2026,R251779,Chips,Snacks,2,7.33,14.66 EUR,8.02,
01/02/2026,R374881,Soda ,Beverages,11,2.68,-,21.08,Cash
02/01/2026,R765388,Soda,Beverages,10,8.98,89.8,52.0,Cash
02/01/26,R686011,Frozen Pizza,Frozen,19,5.55,105.45,66.51,-
02/01/2026,R202432,Canned Soup,Canned Goods,17,4.99,"84,83",64.81,null
2026-01-02,R317385,Cereal,Breakfast,7,6.0,42.00,21.11,Cash
01/02/26,R845849,Cereal,Breakfast,9,8.71,78.39,51.45,CASH
2026-01-02,R959909,Soda,Beverages,15,8.28 USD,124.2,89.34,card
02 Jan 2026,R822224,Frozen Pizza,Frozen,8,2.13,17.04,12.25,-
02/01/2026,R652539,Canned Soup,Canned Goods,6,4.31,25.86,18.08,Cash
"Jan 02, 2026",R626785,Milk,Dairy,12,2.89,34.68,21.88,card
02-01-2026,R185103,Soda,Beverages,11,8.22,90.42,51.15,Cash
02.01.2026,R652141,Soda,Beverages,12,7.15 EUR,85.8,61.15,Cash
02 Jan 2026,R472865,Milk,Dairy,14,4.99,69.86,50.87,Card
NULL,R468010,Bread,Bakery,12,8.01,96.12,60.63,
01/02/2026,R232385,Cereal,Breakfast,6,1.55,9.3,5.0%,Card
02 Jan 2026,R786719,Cereal,Breakfast,18,8.13,146.34,82.61,
2026/01/02,R933157,Bread,Bakery,17,9.74,165.58,96.43,card
02 Jan 2026,R608093,Chips,Snacks,13,9.88,128.44,82.95,Cash
02/01/26,R960893,Frozen Pizza,Frozen,13,6.7,87.1%,47.15,Mobile
02-01-2026,R684143,Chips,Snacks,15,7.65,114.8%,89.23,Mobile
02.01.2026,R402589,Bread,Bakery,16,₺5.09,81.44,62.09,card
02.01.2026,R413456,bread,Bakery,15,6.05,90.75 EUR,66.52,Cash
02 Jan 2026,R467531,Canned Soup,Canned Goods,6,€4.05,24.3,17.05,CASH
"Jan 02, 2026",R206795,Soda,Beverages,19,9.08,172.52,"111,18",
2026/01/02,R320734,Chips,Snacks,19,2.57,48.83,26.48,CASH
03/01/2026,R958413,Chips,Snacks,4,9.95,39.8%,27.83,CASH
"Jan 03, 2026",R424031,  Soda  ,Beverages,18,5.35,96.3,53.15,CASH
01/03/26,R923925,Soda,Beverages,12,5.21,"62,52",42.88,
03/01/2026,R914423,SODA,Beverages,16,7.72,123.52,72.93,n/a
03/01/2026,R366847,Milk,Dairy,7,7.67,53.69,37.4,card
"Jan 03, 2026",R397167,Chips,Snacks,19,5.40,102.6,76.2%,
2026-01-03,R501832,Cereal,Breakfast,13,1.33,17.29,11.04,
2026/01/03,R706392,Cereal,Breakfast,9,6.17,55.53,35.91,Mobile
2026/01/03,R837391,Milk,Dairy,18,7.94,142.92,"111,05",CASH
2026-01-03,R178025,Chips,Snacks,2,5.40,"10,80",6.87,N/A
01/03/26,R534159,Bread,Bakery,20,5.21,104.20,78.90,card
03 Jan 2026,R984453,Cereal,Breakfast,3,9.56,28.68,16.65,NULL
03/01/26,R509301,Cereal,Breakfast,5,4.51,22.6%,11.45 TRY,Card
03/01/2026,R714026,Canned Soup,Canned Goods,4,1.8,"7,20",3.87,null
03.01.2026,R495881,Frozen Pizza,Frozen,18,6.11,109.98,87.27,card
2026/01/03,R189472,Frozen Pizza,Frozen,7,2.63,18.41,13.00,nan
03/01/2026,R663145,Chips,Snacks,7,5.60,39.2,19.82,
"Jan 03, 2026",R277192,Soda,Beverages,16,9.45,151.2,"87,40",Cash
03/01/2026,R669862,Chips,Snacks,1,2.76,2.76,-,Mobile
03.01.2026,R672103,Chips,Snacks,13,2.3,29.90,20.37,card
2026/01/03,R934504,Canned Soup,Canned Goods,13,6.05,78.65,"54,82",-
"Jan 03, 2026",R776512,canned soup,Canned Goods,14,5.21,72.94,none,Cash
03-01-2026,R516395,Milk,Dairy,11,8.33,91.63,73.25,
2026/01/03,R280221,Milk,Dairy,19,4.5%,85.88,67.53,Mobile
NA,R343170,bread,Bakery,5,2.57,12.85,8.06,
03.01.2026,R495713,Canned Soup,Canned Goods,8,7.8%,62.40,46.69,card
01/03/26,R446469,Cereal,Breakfast,12,2.1,25.2,19.22,Card
2026-01-03,R301584,Frozen Pizza,Frozen,19,7.36,"139,84",93.68,Cash
03/01/26,R719285,Canned Soup,Canned Goods,15,9.17,N/A,105.64,
03 Jan 2026,R393407,Milk,Dairy,15,4.47,67.05,38.73,-
01/03/2026,R377030,Soda,Beverages,19,8.19,155.61,99.05,Cash
03/01/26,R145287,Chips,Snacks,15,4.0,60.0,43.59,
01/03/26,R477360,Frozen Pizza,Frozen,15,7.53,112.95,63.8%,card
03/01/26,R692733,Frozen Pizza,Frozen,10,8.22 EUR,82.20,51.30 EUR,CASH
2026/01/03,R877669,Milk,Dairy,6,4.49,26.9%,18.13,Mobile
03 Jan 2026,R919763,Cereal,Breakfast,14,4.41,61.74,41.8,
03 Jan 2026,R251325,Bread,Bakery,20,7.91,158.2,100.12,
03/01/26,R726077,Chips,Snacks,15,6.3,94.5,72.18,CASH
01/03/26,R718016,Milk,Dairy,2,"4,66",9.32,"7,36",
2026-01-03,R518200,Soda,Beverages,9,4.41,39.69,29.22,Mobile
2026-01-03,R134609,Frozen Pizza,Frozen,5,2.72,13.6,8.59,card
null,R479699,Cereal,Breakfast,9,3.28 EUR,29.52,22.60,n/a
"Jan 03, 2026",R670799,Soda,Beverages,5,5.76,28.80 EUR,n/a,
2026/01/03,R687394,Frozen Pizza,Frozen,6,"1,38",8.28,5.93,
03/01/2026,R363819,Chips,Snacks,7,9.56,66.92,49.03,card
01/03/2026,R668225,Cereal,Breakfast,10,6.11,61.10,45.16,Cash
2026-01-03,R186265,Bread,Bakery,16,1.04 EUR,16.64,nan,Mobile
03 Jan 2026,R535214,Chips,Snacks,12,3.68,44.16,34.63,
2026-01-03,R604660,Soda,Beverages,1,8.02,8.02,4.87,NULL
2026-01-04,R546949,Soda,Beverages,10,7.6%,76.1,59.33,Card
NONE,R146435,Cereal,Breakfast,9,4.02,₺36.18,28.7%,card
04/01/26,R858982,Canned Soup,Canned Goods,14,5.47,76.58,£60.83,N/A
01/04/2026,R722214,Milk,Dairy,8,3.04,24.32,13.25,
2026-01-04,R925814,Soda,Beverages,18,9.68,174.2%,"120,14",CASH
04 Jan 2026,R236614,Cereal,Breakfast,15,3.72,55.8,42.28,
04 Jan 2026,R842685,Bread,Bakery,17,9.33,158.61,90.62,Card
04 Jan 2026,R479482,Chips,Snacks,6,8.9%,53.64,30.97,Card
2026-01-04,R771830,Soda,Beverages,13,7.77,101.01,76.31,CASH
04 Jan 2026,R233635,Soda,Beverages,16,6.23,N/A,62.36,card
04/01/2026,R852701,Milk,Dairy,13,4.4%,57.72,$42.35,Cash
2026/01/04,R541559,Cereal,Breakfast,2,9.21,"18,42",12.96,Cash
01/04/2026,R265585,Cereal,Breakfast,1,"8,91",8.91,6.2%,card
2026/01/04,R361301,Frozen Pizza,Frozen,8,8.51,68.08,53.7,--
01/04/26,R139778,Bread,Bakery,6,2.5,15.00,NULL,
2026/01/04,R433550,Frozen Pizza,Frozen,2,4.89,9.78,7.36,Card
01/04/26,R335545,Bread,Bakery,10,2.58,25.8,14.82,NONE
04/01/26,R827620,Soda,Beverages,8,7.16,57.3%,35.52,Card
04-01-2026,R543653,Chips,Snacks,7,3.23,22.61,16.72 USD,Card
04 Jan 2026,R150539,Cereal ,Breakfast,6,2.4%,14.22,10.34 USD,CASH
2026-01-04,R386662,Milk,Dairy,11,1.86,20.46,10.40 USD,Mobile
04/01/2026,R714866,CEREAL,Breakfast,10,9.52,£95.20,58.83,card
04/01/2026,R449366,Cereal,Breakfast,12,9.13,109.56,66.26,Mobile
04 Jan 2026,R357982,Cereal ,Breakfast,11,4.22,46.42,36.43,Card
2026-01-04,R916949,Chips,Snacks,4,7.7,30.8,16.64,Card
04-01-2026,R826380,Bread,Bakery,11,1.37,15.07,8.23,CASH
01/04/2026,R609180,Bread,Bakery,17,1.38,23.46,17.12,Mobile
04 Jan 2026,R632945,Canned Soup,Canned Goods,17,6.02,102.34,67.69,
04/01/26,R662354,Canned Soup,Canned Goods,12,1.8,21.60,16.1%,CASH
04.01.2026,R569162,CHIPS,Snacks,16,2.58 USD,41.28,21.06,Mobile
04/01/26,R897164,Chips,Snacks,7,4.17,29.19,17.07,card
04 Jan 2026,R652447,Frozen Pizza,Frozen,19,4.34,82.46,57.10 USD,Cash
04.01.2026,R361036,Chips,Snacks,15,4.35,65.25 USD,49.62,NONE
04-01-2026,R351895,Bread,Bakery,17,1.44,24.48,16.84,card
04/01/26,R603826,Frozen Pizza,Frozen,16,5.34 TRY,85.44,48.92,Cash
04/01/26,R880534,Bread,Bakery,4,2.29,,6.4%,
04.01.2026,R360812,Frozen Pizza,Frozen,19,6.28,119.32 EUR,79.37 USD,Cash
01/04/26,R775092,Cereal,Breakfast,2,1.25,2.5%,none,card
04 Jan 2026,R158391,SODA,Beverages,14,7.79,109.06,59.52,--
2026/01/04,R643851,Milk,Dairy,2,2.17,4.3%,3.34,Card
04/01/26,R939949,BREAD,Bakery,9,1.92,17.28,11.32,card
01/04/2026,R596642,Milk,Dairy,19,2.14,40.66,26.76,card
04 Jan 2026,R300689,Soda,Beverages,18,€8.29,149.22,112.91,
04 Jan 2026,R761964,Milk,Dairy,15,3.11,"46,65",24.4,Mobile
01/04/26,R943304,Bread,Bakery,9,8.09,72.81,49.60 USD,N/A
04.01.2026,R166469,Milk,Dairy,11,8.62,94.82,58.17,Mobile
04-01-2026,R264178,Milk,Dairy,9,1.71,15.39,8.13,Cash
04 Jan 2026,R575251,Bread,Bakery,15,8.86,132.90 USD,93.1,
2026/01/04,R793520,Cereal,Breakfast,17,5.1%,87.21,49.17,null
04 Jan 2026,R884118,Canned Soup,Canned Goods,9,8.12 EUR,"73,08",46.52 USD,Cash
04/01/2026,R836963,Canned Soup,Canned Goods,10,1.8,null,13.41,CASH
2026-01-04,R507369,Bread,Bakery,12,5.40,64.8,50.83,CASH
04.01.2026,R641866,Bread,Bakery,2,3.53,7.06,4.15,
04-01-2026,R785603,Frozen Pizza,Frozen,8,4.65,37.2,19.79,card
04 Jan 2026,R972569,Canned Soup,Canned Goods,10,6.36,63.6,47.23,card
04.01.2026,R795826,Soda,Beverages,20,1.2%,24.20,18.79,Mobile
01/04/26,R828479,Chips,Snacks,11,4.37,48.07,26.37,
"Jan 04, 2026",R326970,Canned Soup,Canned Goods,6,4.46,26.76,16.63,Card
04/01/26,R494385,Cereal,Breakfast,10,7.87,78.70 TRY,55.75,n/a
04-01-2026,R929456,Frozen Pizza ,Frozen,8,8.52,68.16,37.22,Card
04/01/2026,R851932,CHIPS,Snacks,20,4.51,90.2,70.46,card
"Jan 04, 2026",R116332,soda,Beverages,1,4.5%,4.54,3.38,
01/04/26,R258246,Frozen Pizza,Frozen,11,4.25,46.75,₺23.44,card
2026-01-04,R187203,Milk,Dairy,20,8.5,₺170.00,118.07,Mobile
04/01/2026,R996968,Chips,Snacks,3,4.74,14.22,10.72,
01/04/2026,R306194,Bread,Bakery,18,5.61,100.98,70.34,n/a
2026/01/04,R432409,Milk,Dairy,3,1.55,4.65,3.25,Mobile
04.01.2026,R227469,Bread,Bakery,20,2.25,45.0,$35.84,Mobile
01/04/26,R719766,Bread ,Bakery,8,8.46,67.68,37.0,Card
01/05/2026,R765913,Chips,Snacks,9,1.13,10.17,5.83,null
01/05/26,R534607,Cereal,Breakfast,15,9.20,138.0,76.24,Card
05/01/2026,R177998,Soda,Beverages,10,7.15,71.5,41.72,card
2026-01-05,R908371,Milk,Dairy,8,1.42,11.36,6.56 EUR,
05/01/2026,R532491,Chips,Snacks,6,8.0%,48.12,none,Card
05-01-2026,R856530,Chips,Snacks,13,7.52,97.76,55.2%,card
05.01.2026,R815327,Cereal,Breakfast,19,2.76,52.44,39.3%,CASH
2026/01/05,R682600,Chips,Snacks,7,9.89,69.23,54.6%,Cash
05.01.2026,R768460,Cereal,Breakfast,6,2.85,17.1,8.71,
05-01-2026,R851062,Canned Soup,Canned Goods,15,3.01,45.15,34.89 TRY,Card
01/05/2026,R613861,Soda,Beverages,10,5.90 USD,$59.00,32.14,Cash
05.01.2026,R822086,Chips,Snacks,7,6.66,NONE,27.87,
05-01-2026,R102957,Soda,Beverages,5,2.16,10.8,8.24 USD,Mobile
05/01/26,R131599,Milk,Dairy,9,7.15 EUR,64.35,49.11,Card
NULL,R999812,bread,Bakery,14,7.39,103.46,58.59,CASH
05/01/2026,R613594,Soda,Beverages,9,1.58 USD,14.22,7.19,Cash
05 Jan 2026,R745161,Milk,Dairy,19,9.51,180.69,135.34,Mobile
05/01/26,R150325,Frozen Pizza,Frozen,14,1.89,26.5%,18.94,Card
01/05/2026,R456371,Cereal,Breakfast,18,2.74,49.32,31.41,card
"Jan 05, 2026",R566953,Frozen Pizza,Frozen,7,6.36,44.52,22.88,card
01/05/26,R593761,  Canned Soup  ,Canned Goods,18,2.59,NONE,"23,87",n/a
01/05/26,R289841,Chips,Snacks,3,8.19,€24.57,18.55,Mobile
05-01-2026,R119211,Cereal,Breakfast,12,6.07,72.84,46.1,
2026-01-05,R936755,Cereal,Breakfast,11,5.21,NA,45.36,
05/01/26,R715211,Soda,Beverages,6,"2,63",15.78,11.57,
01/05/26,R232797,Milk,Dairy,1,7.18,7.18,5.57,card
2026/01/05,R869529,Frozen Pizza,Frozen,11,7.26,79.86,62.33 TRY,NONE
01/05/26,R108968,Canned Soup,Canned Goods,20,5.61,112.20,73.35,Mobile
05.01.2026,R938830,Chips,Snacks,8,5.47,43.76,25.62,CASH
01/05/26,R214426,Bread,Bakery,2,5.07,10.14,6.8%,--
01/05/26,R550041,Bread,Bakery,9,3.2%,29.25,19.71,card
05-01-2026,R421475,Cereal,Breakfast,11,5.05,55.55,40.38,card
2026/01/05,R789531,Chips,Snacks,7,1.51,10.57,6.69,Mobile
01/05/26,R733355,Bread,Bakery,16,"5,57",89.12,50.39,Card
"Jan 05, 2026",R349448,Canned Soup,Canned Goods,11,7.14,78.54,40.29,CASH
2026/01/05,R135001,Frozen Pizza,Frozen,11,8.28,91.08,€53.32,card
05-01-2026,R538406,Frozen Pizza,Frozen,12,3.83,45.96,27.73,card
2026-01-05,R983675,Soda,Beverages,12,$6.07,72.84,53.89,Mobile
05-01-2026,R803800,bread,Bakery,15,7.61,€114.15,60.61,
05.01.2026,R932134,Soda,Beverages,12,3.91,46.92,36.7%,--
05 Jan 2026,R690144,Frozen  Pizza,Frozen,5,5.39,26.95,€20.41,nan
"Jan 05, 2026",R124911,Milk,Dairy,5,1.56,7.8,4.94,Mobile
05/01/2026,R678009,Bread,Bakery,11,7.1,"78,10",43.1,card
01/05/2026,R217938,frozen pizza,Frozen,8,7.79,62.32,46.45,-
05.01.2026,R290663,Milk,Dairy,1,5.32,5.32,2.91,Mobile
01/05/2026,R266492,Bread,Bakery,11,3.57,39.27,26.23,Cash
"Jan 05, 2026",R528187,  Canned Soup  ,Canned Goods,1,9.64,9.64,7.66,Mobile
05-01-2026,R575055,Chips,Snacks,1,6.82,6.82,5.22,Card
2026-01-05,R555057,  Frozen Pizza  ,Frozen,9,5.22,46.98,31.21,card
06/01/2026,R841808,Canned Soup,Canned Goods,20,5.08,101.6,78.88,card
06-01-2026,R177878,Chips,Snacks,9,2.08,18.72 USD,9.51,
06.01.2026,R240022,Frozen Pizza,Frozen,13,4.4,57.2,45.75,Cash
--,R102897,Soda,Beverages,8,9.85,78.80,55.29,
2026-01-06,R594189,Bread,Bakery,16,1.01,16.16,10.57,card
2026-01-06,R443432,Bread,Bakery,10,3.03,30.3,19.01,CASH
NONE,R797432,Bread,Bakery,2,9.34,18.68 USD,null,CASH
2026/01/06,R771092,Chips,Snacks,6,₺7.17,$43.02,33.52 EUR,Mobile
06.01.2026,R801443,Canned Soup,Canned Goods,14,3.89,54.46,£41.40,
01/06/26,R904625,Bread,Bakery,10,1.75,"17,50",10.2%,Card
2026-01-06,R978164,Chips,Snacks,14,8.17,114.38,70.76,card
06.01.2026,R386125,Soda,Beverages,16,7.9,126.4,93.8%,
NA,R705614,Bread,Bakery,17,1.52,25.84,20.33,CASH
06/01/2026,R660182,Milk,Dairy,6,3.33,19.98 TRY,14.57,CASH
06/01/2026,R624371,Frozen Pizza,Frozen,14,9.07,126.98,86.72,NONE
"Jan 06, 2026",R794888,Bread,Bakery,15,7.51,112.65,€63.04,CASH
01/06/26,R247750,Bread,Bakery,11,8.66,95.26,56.1,n/a
06/01/2026,R605181,Cereal,Breakfast,10,5.23,52.3,36.87,Card
01/06/2026,R544410,Soda,Beverages,16,₺9.88,158.08,120.75,
06/01/26,R370514,Cereal,Breakfast,14,6.58,92.12,59.97,CASH
2026/01/06,R795717,Cereal,Breakfast,10,9.7,NONE,55.36,Card
2026/01/06,R526899,Frozen Pizza,Frozen,19,2.88,54.72,33.55,
01/06/26,R364580,Soda,Beverages,14,5.99,83.86,52.05,Mobile
"Jan 06, 2026",R170680,Cereal,Breakfast,11,9.71,₺106.81,"56,68",Card
2026-01-06,R615419,Frozen Pizza,Frozen,6,3.56,21.36,13.61,Cash
2026/01/06,R638548,Milk,Dairy,18,9.14,164.52,108.89,
06.01.2026,R509063,Milk,Dairy,12,£4.90,58.8,₺41.90,NONE
2026-01-06,R354320,FROZEN PIZZA,Frozen,20,5.73,114.6,67.96,Cash
06 Jan 2026,R500173,Cereal,Breakfast,6,8.33,49.98,33.09,Cash
2026-01-06,R857465,Soda,Beverages,5,8.09,40.45,31.5%,Mobile
06-01-2026,R963899,Bread,Bakery,17,9.95,169.15,109.09,Card
"Jan 06, 2026",R623979,Frozen Pizza,Frozen,12,8.32,99.84,"72,52",Mobile
01/06/2026,R278483,Cereal,Breakfast,2,1.5,3.0%,1.8,Card
06-01-2026,R706965,Cereal,Breakfast,15,9.31,139.65,£70.77,
06.01.2026,R519148,Chips,Snacks,2,3.64,7.28,3.87,Mobile
06.01.2026,R882371,Chips,Snacks,8,5.75,46.0,34.61,Mobile
-,R269534,Chips,Snacks,8,£2.87,22.96,16.38,Cash
01/06/26,R438722,Canned Soup,Canned Goods,9,9.46,85.14,57.45,Cash
06 Jan 2026,R250765,Bread,Bakery,5,9.5,47.5,24.42,Cash
06-01-2026,R441916,Milk,Dairy,12,4.82,57.84,39.76,CASH
01/06/26,R800224,Bread,Bakery,5,6.72,33.60 USD,21.33,CASH
06/01/2026,R564634,  Soda  ,Beverages,16,4.07,65.12,39.3%,card
2026-01-06,R575142,Soda,Beverages,10,9.08,90.8,60.63,Card
2026/01/06,R615297,Cereal,Breakfast,17,6.8%,115.77,75.27,CASH
06/01/26,R248369,Soda,Beverages,11,2.34,₺25.74,19.08,
01/06/2026,R711057,Bread,Bakery,7,8.40,58.8,35.79,Cash
01/06/2026,R470757,Cereal,Breakfast,14,3.10,43.4,30.08,Mobile
01/06/26,R191184,Soda,Beverages,19,6.11,116.09 TRY,"82,68",Cash
06 Jan 2026,R825514,Cereal,Breakfast,4,2.84,11.36,6.7%,NA
2026-01-06,R196748,Chips,Snacks,18,4.74,$85.32,$47.41,Cash
06.01.2026,R948895,Cereal,Breakfast,10,6.04,60.4,33.15,card
06-01-2026,R198671,Milk,Dairy,4,8.42,33.68,17.93,card
07-01-2026,R824337,Milk,Dairy,14,8.93,125.02,85.99,card
07-01-2026,R385664,Canned Soup,Canned Goods,3,6.57,19.71,15.1,Cash
"Jan 07, 2026",R259408,Soda,Beverages,19,4.31 EUR,81.89,41.63 EUR,Mobile
2026-01-07,R430780,Cereal,Breakfast,13,7.8,"101,40",57.06,nan
"Jan 07, 2026",R123813,  Frozen Pizza  ,Frozen,15,9.79,146.85,116.2,card
2026-01-07,R130700,Canned Soup,Canned Goods,9,4.62,41.58,28.24,Card
07 Jan 2026,R454046,Frozen Pizza,Frozen,11,5.71,62.81 USD,31.57,Card
01/07/2026,R249045,Cereal,Breakfast,16,3.64,58.24,€44.52,
07-01-2026,R425912,Soda,Beverages,18,8.55,153.9%,83.48,card
07-01-2026,R657726,milk,Dairy,8,4.86,38.88,25.77,Card
07 Jan 2026,R342103,Frozen Pizza,Frozen,8,4.7,37.6,23.75,Mobile
07/01/26,R208463,Bread ,Bakery,5,1.35,6.75,3.84 EUR,
07/01/2026,R206931,Soda,Beverages,9,8.19,73.71,45.03,card
07.01.2026,R283972,Bread,Bakery,7,8.9,62.3,32.57,card
07-01-2026,R404158,Canned Soup,Canned Goods,8,4.42,35.36,25.67,CASH
01/07/26,R533756,Frozen Pizza,Frozen,9,6.69,60.21,NULL,
"Jan 07, 2026",R879872,Milk,Dairy,5,5.47,27.35,14.9,Mobile
01/07/26,R701449,Milk,Dairy,13,8.18,106.34,60.56 USD,Cash
07-01-2026,R881718,Soda,Beverages,2,5.89,11.78,6.14,CASH
2026/01/07,R367473,Cereal,Breakfast,15,1.31,19.65 TRY,13.9,none
"Jan 07, 2026",R459446,Frozen Pizza,Frozen,13,4.85,63.05,37.75,NONE
01/07/26,R794434,Bread,Bakery,4,4.73,18.92,14.74,CASH
07/01/26,R735478,Frozen Pizza,Frozen,11,6.27,68.97,39.33,CASH
07-01-2026,R142943,Bread,Bakery,2,1.48,2.96,1.88,Cash
07/01/26,R311805,Cereal,Breakfast,19,3.72,70.68,"41,32",null
null,R534693,Chips,Snacks,6,7.07,42.42,31.51,Card
07/01/26,R928790,Chips,Snacks,9,6.73,60.57,$47.56,Cash
01/07/26,R997852,Bread,Bakery,1,5.39,5.39,3.63,Cash
2026/01/07,R844959,Bread,Bakery,19,5.12,97.28,71.99,
08-01-2026,R280965,Frozen Pizza,Frozen,16,9.73,155.68,103.97,Mobile
2026-01-08,R744354,Bread,Bakery,6,1.78,10.68,7.42,
"Jan 08, 2026",R166246,Chips,Snacks,14,7.55,105.7,57.56,Mobile
NULL,R611094,Chips,Snacks,17,2.2,37.4,19.92 USD,card
,R698358,Bread,Bakery,17,6.68,113.56,82.39,Card
"Jan 08, 2026",R937228,Canned Soup,Canned Goods,8,3.46,27.68,16.09 EUR,CASH
01/08/26,R384632,Cereal,Breakfast,9,8.31,74.79,46.26,
08-01-2026,R161181,Canned Soup,Canned Goods,12,1.03,12.36,$9.59,
08.01.2026,R913233,Cereal,Breakfast,13,6.97,90.6%,69.88,card
08-01-2026,R605610,Frozen Pizza,Frozen,13,£3.04,39.52,20.79,CASH
08-01-2026,R242609,Canned Soup,Canned Goods,19,9.85,187.15,97.05,
08-01-2026,R621448,Milk,Dairy,7,9.94,69.58,37.49,card
01/08/26,R427359,MILK,Dairy,11,7.76,"85,36",48.0,Cash
2026/01/08,R517987,Soda,Beverages,2,"2,84","5,68",3.6,Card
08/01/2026,R600714,Bread,Bakery,5,4.24,21.2,"13,70",Mobile
08/01/26,R930000,Canned Soup,Canned Goods,13,5.86,76.18,58.5%,Cash
08-01-2026,R766537,Canned Soup,Canned Goods,6,4.92,₺29.52,15.03,
2026-01-08,R349584,  Bread  ,Bakery,8,6.43,51.44,35.19,Cash
-,R555503,Canned Soup,Canned Goods,12,7.82,93.84,70.12,CASH
08 Jan 2026,R358592,  Frozen Pizza  ,Frozen,17,4.64,78.88 USD,55.32,
"Jan 08, 2026",R409284,Soda,Beverages,20,₺1.80,36.0%,$25.89,Card
2026/01/08,R308023,Frozen Pizza,Frozen,14,3.05,42.7,"29,08",card
2026/01/08,R871574,Canned Soup,Canned Goods,16,₺2.95,47.2,24.36,Mobile
N/A,R708447,  Cereal  ,Breakfast,15,2.84 EUR,"42,60",30.3,card
"Jan 08, 2026",R911125,Bread,Bakery,10,5.94,59.4,37.38,card
NULL,R619725,Canned Soup,Canned Goods,7,6.98,48.86,31.97 EUR,Mobile
"Jan 08, 2026",R931284,Soda,Beverages,12,6.75,81.0%,54.09,NA
08/01/26,R937652,Milk,Dairy,18,4.96,89.3%,59.35,
08/01/26,R434402,Frozen Pizza,Frozen,15,4.98,74.7,50.65 EUR,
08 Jan 2026,R723760,Canned Soup,Canned Goods,2,4.56,"9,12",£6.60,CASH
08 Jan 2026,R100725,Bread,Bakery,6,8.38,"50,28",35.49,
01/08/2026,R221417,Canned Soup,Canned Goods,2,2.91,5.82,3.61,card
2026-01-08,R144465,Bread,Bakery,8,7.54,60.32,44.93,Mobile
2026-01-08,R903649,Soda,Beverages,4,3.82,15.3%,NULL,CASH
2026/01/08,R686087,Milk,Dairy,19,4.05,76.95,58.20,
08/01/2026,R804478,Frozen Pizza,Frozen,3,6.38,19.14,13.06,CASH
08.01.2026,R739966,Cereal,Breakfast,19,3.0,57.0,44.38,Cash
08/01/2026,R729316,Canned Soup,Canned Goods,7,7.36,51.52,37.37,Cash
08-01-2026,R601219,Milk,Dairy,19,3.0%,"56,62",$42.12,Cash
01/08/2026,R855829,BREAD,Bakery,16,5.46,₺87.36,57.36,card
nan,R166555,Bread,Bakery,13,6.33,82.29,61.64,card
01/08/26,R881755,Bread,Bakery,5,8.77,43.85,31.27,Card
08/01/26,R835171,Chips,Snacks,19,7.49,142.31,76.95,
null,R193379,Cereal ,Breakfast,4,8.61,34.44,26.33,CASH
08 Jan 2026,R980630,  Bread  ,Bakery,7,8.13,56.91,28.56,CASH
2026/01/08,R131286,Frozen Pizza,Frozen,3,7.23,21.69,14.1,CASH
08/01/26,R973558,Bread,Bakery,19,7.12,135.28,102.12 EUR,Card
01/08/2026,R431555,Frozen Pizza,Frozen,2,$5.38,10.76,5.8%,card
08 Jan 2026,R229460,Frozen Pizza,Frozen,18,3.59,64.62,40.19,card
08/01/26,R518400,Soda,Beverages,13,9.01,117.13,69.82 EUR,Card
08/01/2026,R515062,Cereal,Breakfast,7,3.78,26.46,17.37,card
2026/01/08,R255146,Milk,Dairy,16,7.71,$123.36,92.08,Mobile
"Jan 08, 2026",R288484,Milk ,Dairy,11,2.4%,25.96,19.43,card
2026-01-08,R445387,Bread,Bakery,11,7.95,"87,45",43.94,CASH
08/01/2026,R931342,Cereal,Breakfast,20,3.07,$61.40,42.93,Mobile
"Jan 08, 2026",R975008,Frozen Pizza,Frozen,3,3.53,10.59,5.39,Mobile
01/08/26,R814558,Cereal,Breakfast,18,2.36,$42.48,32.38,card
08/01/26,R909874,Canned Soup,Canned Goods,3,5.52,16.56,11.52,CASH
08.01.2026,R626666,Cereal,Breakfast,14,8.3,116.20 EUR,81.78,Card
08/01/2026,R588574,Canned Soup,Canned Goods,5,2.76,13.8,10.03,Card
08 Jan 2026,R497267,Frozen Pizza,Frozen,18,7.8%,"140,76",₺93.75,card
08/01/26,R477390,Canned Soup,Canned Goods,5,5.86,29.30 USD,23.18 EUR,Mobile
08-01-2026,R103976,Bread,Bakery,12,7.99,95.88,68.34,none
08.01.2026,R384395,Bread,Bakery,1,8.25,8.25,4.33,CASH
"Jan 08, 2026",R272624,Milk,Dairy,3,6.36,19.08,13.04,CASH
08/01/26,R835068,Cereal,Breakfast,20,5.21,104.2,54.98,
01/09/26,R260900,Frozen Pizza,Frozen,14,6.64 TRY,92.96,66.94,Cash
01/09/2026,R340241,Soda,Beverages,7,5.11,₺35.77,28.38,Cash
09/01/26,R585830,Soda,Beverages,9,"6,01",54.09,42.13,Card
09 Jan 2026,R851879,Chips ,Snacks,16,3.3,52.80,33.67,Mobile
09.01.2026,R899599,Canned Soup,Canned Goods,5,2.08,10.4,"8,22",Card
2026-01-09,R521838,Chips,Snacks,9,7.37,66.33,37.45,
09/01/26,R196020,  Chips  ,Snacks,2,"8,99",17.98,11.92,
2026-01-09,R421839,Frozen Pizza,Frozen,10,9.83,£98.30,72.69,Cash
2026/01/09,R700536,Frozen Pizza,Frozen,8,8.10,64.8,37.31,n/a
"Jan 09, 2026",R519167,Milk,Dairy,3,6.6,19.8,12.87,
09/01/26,R124627,Canned Soup,Canned Goods,16,5.29,84.64,51.62,Card
2026-01-09,R134768,Frozen Pizza,Frozen,18,8.2,147.6,81.73,Cash
09.01.2026,R713444,Milk,Dairy,20,1.96,39.2,"23,22",Card
01/09/26,R698408,Bread,Bakery,1,8.78,8.78,5.77,Cash
09/01/2026,R147243,Soda,Beverages,16,3.02,48.32 TRY,"33,75",
01/09/26,R591753,Cereal ,Breakfast,7,5.12,$35.84,22.57,CASH
"Jan 09, 2026",R808761,Cereal,Breakfast,12,4.26 EUR,51.12,36.02,Cash
09/01/2026,R136630,Frozen Pizza,Frozen,6,7.57,45.42,34.29,Mobile
09-01-2026,R996945,Canned Soup,Canned Goods,11,7.06,77.66,49.88,CASH
09.01.2026,R871072,Soda,Beverages,16,1.46,23.36,14.36,
09.01.2026,R435246,Chips,Snacks,13,4.47 TRY,58.11,33.6%,CASH
09-01-2026,R772853,Frozen Pizza,Frozen,5,3.28,16.40 USD,12.01,card
09 Jan 2026,R708536,Soda,Beverages,1,3.13,NULL,2.32,Mobile
09/01/2026,R468834,Canned Soup,Canned Goods,4,3.23,12.92,8.79,
09 Jan 2026,R315980,Milk,Dairy,6,8.3,49.8,₺35.46,card
01/09/26,R749415,Soda,Beverages,13,5.21,67.73,47.03,card
2026-01-09,R606397,Bread,Bakery,11,6.35,69.85,51.32,Mobile
09 Jan 2026,R191430,Bread,Bakery,20,3.95 EUR,79.0,48.78,NULL
2026-01-09,R294751,Milk,Dairy,11,5.02,NONE,38.47,Mobile
01/09/2026,R728845,Bread,Bakery,13,8.75,113.75,72.93,Mobile
09/01/26,R567554,Chips,Snacks,4,8.76,35.04 EUR,23.51,Card
09/01/26,R314942,Canned Soup,Canned Goods,1,5.4,5.40,2.81,Cash
2026-01-09,R405192,Frozen Pizza,Frozen,10,4.97,49.7,35.8%,Mobile
09-01-2026,R875272,Canned Soup,Canned Goods,5,5.31 TRY,26.55,17.37,-
2026/01/09,R878498,Chips,Snacks,16,7.7,123.2,73.63,
09/01/2026,R879319,Bread,Bakery,7,9.96,69.7%,55.18,
09 Jan 2026,R469753,Milk,Dairy,2,9.09,NA,"12,40",Card
null,R758459,Bread,Bakery,8,1.26,10.08,6.85,Card
2026-01-09,R415575,Milk,Dairy,3,6.03,18.09,14.05,
01/09/26,R568787,Bread,Bakery,2,6.10,12.2%,9.43,--
01/09/2026,R609628,Canned  Soup,Canned Goods,17,9.47,160.99,87.76,NONE
09/01/26,R921498,Milk,Dairy,17,8.83,£150.11,94.7%,card
09.01.2026,R877772,Frozen Pizza,Frozen,3,4.03,12.09,7.27,CASH
NA,R242847,Chips,Snacks,4,7.08,28.32,17.04,Mobile
09-01-2026,R486156,Soda,Beverages,14,7.41,103.74,53.15,Mobile
"Jan 09, 2026",R384698,Canned Soup,Canned Goods,17,₺1.70,28.9,14.99,Mobile
01/09/26,R140409,Cereal,Breakfast,6,4.33,"25,98",19.84,card
09/01/2026,R557574,Frozen Pizza,Frozen,10,8.87,88.7,68.1,Mobile
01/09/26,R869903,Milk,Dairy,19,4.1%,77.33,null,card
09-01-2026,R389726,Chips,Snacks,10,₺2.12,21.2,"11,58",Cash
09/01/2026,R544557,Cereal,Breakfast,2,1.5,"3,00",1.8%,-
01/09/26,R473420,Frozen Pizza,Frozen,7,2.83,19.81,14.63,
01/09/2026,R198031,Soda,Beverages,19,"1,82",34.58,22.51,
2026-01-09,R648942,Canned Soup,Canned Goods,15,6.25,93.75,53.15,Mobile
09-01-2026,R281625,Canned Soup,Canned Goods,17,5.9%,100.64,69.83,Cash
10-01-2026,R669736,Bread,Bakery,2,"6,50",13.0,7.24,Card
10 Jan 2026,R910470,Chips,Snacks,17,2.53,43.01,29.95,
10 Jan 2026,R556093,Chips,Snacks,8,7.73,61.84,35.98,CASH
10-01-2026,R563830,Soda,Beverages,5,"7,55",37.75,23.55,NA
10/01/2026,R420817,Frozen Pizza,Frozen,11,5.66,62.26,43.89,card
01/10/2026,R305504,Soda,Beverages,13,8.34,108.42,61.28,card
10/01/2026,R793410,Bread,Bakery,5,6.64,33.2,24.49,Cash
10/01/26,R911113,Milk,Dairy,5,6.19,£30.95,22.82,Card
2026/01/10,R443784,Chips,Snacks,3,2.83,8.49,5.3,Cash
01/10/2026,R514815,Frozen Pizza,Frozen,11,7.08,77.9%,49.44,CASH
10 Jan 2026,R472382,chips,Snacks,14,3.35,46.9,27.04,Cash
01/10/26,R197190,Cereal,Breakfast,9,2.6,23.40,12.13,Card
N/A,R756312,Canned Soup,Canned Goods,12,7.04,84.48,58.9,CASH
01/10/26,R825445,Milk,Dairy,6,8.5,51.0,36.36,null
10/01/26,R380254,Cereal,Breakfast,9,2.16,19.44,10.91,Card
10/01/2026,R940720,Cereal,Breakfast,10,6.22,62.2,45.41,card
2026-01-10,R724257,Soda,Beverages,17,8.39 EUR,142.63,73.23,Cash
01/10/2026,R565011,Milk,Dairy,4,4.61,"18,44",12.47 USD,Card
null,R362717,Cereal,Breakfast,3,"2,62",7.86,4.93,
10/01/2026,R108091,soda,Beverages,11,2.35,25.85,16.47,card
10 Jan 2026,R575676,Frozen Pizza,Frozen,14,5.95,83.3,42.69,Mobile
2026/01/10,R185879,Canned Soup,Canned Goods,7,8.29,NONE,"45,93",Mobile
10 Jan 2026,R886302,Chips,Snacks,11,$5.26,57.86,29.9,card
2026/01/10,R203312,SODA,Beverages,11,7.65,84.15,56.55,
2026-01-10,R103038,Milk,Dairy,10,"4,52",45.20,27.55 TRY,card
01/10/26,R277856,Canned Soup,Canned Goods,10,$2.08,none,15.21,N/A
10/01/2026,R576067,Frozen Pizza,Frozen,8,8.76,70.08,54.39,CASH
2026/01/10,R965397,Chips,Snacks,12,1.33,15.96,10.87,Cash
10.01.2026,R857787,Cereal,Breakfast,13,6.46,83.98,55.80,
--,R993902,Chips,Snacks,12,7.34,88.1%,65.22,card
01/10/2026,R530618,CHIPS,Snacks,12,1.06,12.72,7.36,card
01/10/26,R780896,cereal,Breakfast,13,8.09,105.17,NA,card
nan,R799377,Cereal,Breakfast,19,"1,03",19.57,13.05,
10 Jan 2026,R778931,Chips,Snacks,15,8.41 USD,126.15,95.29,Cash
01/10/26,R957143,Frozen Pizza,Frozen,20,9.2%,183.60 EUR,108.65,Mobile
10 Jan 2026,R589659,Soda,Beverages,4,9.74,38.96 EUR,23.79,card
10.01.2026,R623371,Cereal,Breakfast,17,4.74,80.58,51.72,card
"Jan 10, 2026",R888241,milk,Dairy,12,8.77,105.24,72.01,
01/11/26,R540641,Cereal,Breakfast,2,8.58,17.16,11.73,Cash
"Jan 11, 2026",R492074,Canned Soup,Canned Goods,7,2.90 TRY,20.30,11.6%,n/a
11 Jan 2026,R719593,Soda,Beverages,11,2.6,28.60,20.22,Card
2026/01/11,R108467,Canned Soup,Canned Goods,7,3.61,25.27,€15.43,card
"Jan 11, 2026",R918911,Canned Soup,Canned Goods,9,7.17,64.53,47.97,Mobile
2026/01/11,R133195,Bread,Bakery,15,3.7%,55.65,"29,06",Mobile
11.01.2026,R306652,Milk,Dairy,15,2.42,36.3,24.9%,Card
11.01.2026,R940816,Chips ,Snacks,18,4.4%,79.2,59.24,Mobile
2026-01-11,R211992,Frozen Pizza,Frozen,3,1.14,3.42,1.86,Card
01/11/26,R357341,Cereal,Breakfast,3,5.54,16.62,12.68,null
11/01/2026,R977779,Soda,Beverages,7,5.76,40.32,29.80 USD,card
11 Jan 2026,R753245,Cereal,Breakfast,6,4.46,26.76,$15.80,CASH
2026/01/11,R973673,Milk,Dairy,5,6.97,34.85,23.38,
11 Jan 2026,R299109,Chips,Snacks,2,7.49,"14,98",7.72,NA
NA,R453826,Bread,Bakery,9,€6.69,60.21,43.44,
01/11/26,R938991,Frozen Pizza,Frozen,3,"5,76",17.28,13.59,
2026/01/11,R286310,Soda,Beverages,14,7.27,101.78,77.74,Card
11.01.2026,R215509,Soda,Beverages,19,2.60,49.4,25.97,CASH
2026-01-11,R226569,Cereal,Breakfast,3,2.95,8.85,5.79,card
11/01/26,R509997,Cereal,Breakfast,1,1.97,1.97,1.16,
11.01.2026,R827553,Canned Soup,Canned Goods,10,5.89,$58.90,41.66,card
11/01/26,R904784,BREAD,Bakery,11,2.72,29.92,16.3,Cash
11-01-2026,R918265,SODA,Beverages,6,5.89,35.34,27.57,--
01/11/2026,R749151,Soda,Beverages,8,9.44,75.52,59.68,Cash
"Jan 11, 2026",R610441,Milk,Dairy,19,7.76,147.44,95.55,Mobile
01/11/26,R849401,Bread,Bakery,2,5.04,10.08,"6,06",NONE
01/11/26,R286522,Milk,Dairy,10,8.2%,81.80,60.64,
11/01/26,R704565,Cereal,Breakfast,14,7.8%,108.78,85.51,Card
11-01-2026,R469394,Frozen Pizza,Frozen,7,9.73,68.11,46.86,CASH
2026/01/12,R361563,Cereal,Breakfast,8,1.71,"13,68",9.36,Cash
01/12/26,R739024,Chips,Snacks,2,4.12,n/a,6.13 EUR,
01/12/26,R475812,Chips ,Snacks,7,8.04,56.28,35.84,
NONE,R742078,cereal,Breakfast,9,5.97,€53.73,38.79,Mobile
2026/01/12,R869795,Bread,Bakery,19,4.72,89.68,62.58,Card
"Jan 12, 2026",R984241,Cereal,Breakfast,11,7.61,83.71,48.18,card
12/01/26,R955646,Cereal,Breakfast,15,€8.82,132.3,104.16,card
01/12/2026,R562669,Frozen Pizza,Frozen,19,7.75,147.25,89.23,null
01/12/2026,R352431,Canned Soup,Canned Goods,14,3.20,44.8,"33,91",
2026-01-12,R146695,  Frozen Pizza  ,Frozen,11,8.03,-,59.57,Mobile
"Jan 12, 2026",R772692,Milk,Dairy,10,1.68,16.8,9.67,
12.01.2026,R796560,Milk,Dairy,6,7.84,nan,27.49,CASH
12/01/2026,R308957,milk,Dairy,7,3.76,26.3%,14.18,Cash
2026/01/12,R543823,Soda,Beverages,11,9.64,106.04,67.5,Mobile
12/01/26,R990233,Frozen Pizza,Frozen,15,2.17,32.55,17.11,
01/12/26,R334048,Chips,Snacks,14,5.29 EUR,74.06,46.76,Cash
12/01/2026,R776541,Frozen Pizza,Frozen,6,1.38,8.28,5.4,
2026/01/12,R607993,Chips,Snacks,8,3.52,28.16,18.63,Mobile
12-01-2026,R711874,Canned Soup,Canned Goods,11,6.58,72.4%,55.89,
2026/01/12,R306799,Frozen Pizza,Frozen,19,3.85,73.15,,Mobile
12/01/26,R842608,Frozen Pizza,Frozen,9,2.67,24.0%,16.97,card
2026-01-12,R876226,Chips ,Snacks,15,5.21,78.15,61.76,null
"Jan 12, 2026",R484891,Milk,Dairy,1,9.33,9.33,4.73,CASH
01/12/2026,R554456,canned soup,Canned Goods,1,9.03,9.03,5.27,CASH
NULL,R264658,Soda,Beverages,16,1.53,24.48,14.14,--
12.01.2026,R729899,Cereal,Breakfast,2,7.24,14.48,10.11,
12.01.2026,R523565,Frozen Pizza,Frozen,2,7.79,"15,58",10.78 EUR,
12.01.2026,R474628,Milk,Dairy,10,"5,20",52.0,30.41,Card
12-01-2026,R864241,Cereal,Breakfast,12,1.87,22.4%,none,NULL
12/01/2026,R720623,Soda,Beverages,13,£8.25,107.2%,€68.71,Cash
01/12/2026,R778144,Bread,Bakery,5,1.25,6.25,3.15,Mobile
12 Jan 2026,R213946,Cereal,Breakfast,15,6.89,103.35,81.01,Cash
2026/01/12,R661318,Soda,Beverages,20,6.14,₺122.80,83.91,card
01/12/26,R341161,Chips,Snacks,17,2.15,36.55,25.31,CASH
"Jan 12, 2026",R431509,Canned Soup,Canned Goods,2,7.24,14.48,11.36,Cash
12.01.2026,R837929,Frozen Pizza,Frozen,17,1.79,30.43,21.48,Card
12 Jan 2026,R695905,Chips,Snacks,16,5.34,85.44,"50,03",Cash
12.01.2026,R784955,Canned Soup,Canned Goods,5,4.51,22.55 EUR,14.97,CASH
12/01/2026,R892373,Bread,Bakery,19,1.91 USD,36.29,19.47,
12/01/2026,R840988,Canned Soup,Canned Goods,20,8.69,173.80,129.36,Mobile
01/12/26,R633217,Milk,Dairy,4,"7,17",28.7%,21.0,Card
12.01.2026,R452450,Soda,Beverages,9,"9,44",84.96,54.2,
12/01/2026,R616960,Soda,Beverages,20,7.29,145.8,112.08,Mobile
"Jan 12, 2026",R528505,Soda,Beverages,5,4.96,£24.80,"13,19",card
2026-01-12,R467227,SODA,Beverages,1,7.9,7.90,4.61,Cash
"Jan 12, 2026",R917725,Frozen Pizza,Frozen,5,5.79,28.95,19.7%,Mobile
01/12/2026,R850205,Chips,Snacks,16,5.33,"85,28","49,62",Card
12.01.2026,R830761,Milk,Dairy,20,4.76,95.2%,68.91,CASH
12-01-2026,R168674,Canned Soup,Canned Goods,13,9.74,126.62 USD,null,
13-01-2026,R388523,Bread,Bakery,19,9.89,187.91,96.87,Card
13/01/26,R850971,  Frozen Pizza  ,Frozen,10,5.65 TRY,56.5,29.13,
13.01.2026,R464033,  Bread  ,Bakery,16,2.36,37.76,19.19,NA
2026/01/13,R220573,Frozen Pizza,Frozen,11,6.1%,"67,43",49.34,Mobile
01/13/2026,R933927,Chips,Snacks,20,1.27,25.4,13.98,card
13/01/26,R454507,Bread,Bakery,8,9.39,75.12,38.62,CASH
01/13/2026,R626075,Bread,Bakery,19,4.05 USD,76.95,55.86,card
2026-01-13,R815106,Soda,Beverages,4,5.86,23.44,12.6,none
13 Jan 2026,R570949,Soda,Beverages,13,2.32,"30,16",19.49,Cash
13.01.2026,R750740,Bread ,Bakery,15,6.0,90.0,63.33,
01/13/26,R571876,Bread,Bakery,2,4.56,9.12,6.78,
13/01/26,R254371,Soda,Beverages,7,"5,09",35.63,18.37,Mobile
13 Jan 2026,R924566,Soda,Beverages,8,9.88 TRY,79.04 USD,49.92,n/a
2026/01/13,R914024,Chips,Snacks,19,2.26,42.94,22.12,card
13/01/2026,R485257,Milk,Dairy,12,"4,50",54.00,34.8%,CASH
13-01-2026,R527047,Frozen Pizza,Frozen,10,2.63,26.3,19.27,card
13/01/26,R379935,Bread,Bakery,7,1.28,"8,96",6.9,CASH
none,R495656,frozen pizza,Frozen,20,9.98,199.6,126.38,Cash
13.01.2026,R306543,Cereal,Breakfast,8,3.23,25.84,16.37,CASH
"Jan 13, 2026",R938851,Chips,Snacks,3,6.94,20.82,14.39,CASH
01/13/2026,R612788,Bread,Bakery,11,3.29,36.19,22.16,CASH
01/13/2026,R314910,Milk,Dairy,3,3.26,9.78,"7,02",Cash
13.01.2026,R853270,Canned Soup,Canned Goods,19,8.51,N/A,106.27,Mobile
2026-01-13,R411113,Canned Soup,Canned Goods,9,9.31,83.79,50.72,Mobile
"Jan 13, 2026",R888356,Canned Soup,Canned Goods,19,8.54,162.26,109.2,card
01/13/26,R556959,Soda,Beverages,16,7.48,119.68,73.7%,NONE
13/01/26,R479390,Soda,Beverages,6,1.64 USD,9.84 TRY,5.99,Cash
"Jan 13, 2026",R246478,Chips,Snacks,20,2.53,50.6,37.85,Cash
13/01/2026,R213764,Cereal,Breakfast,14,2.82,39.48,"20,18",Card
13/01/2026,R460293,CEREAL,Breakfast,17,3.37,57.3%,29.01,Card
"Jan 13, 2026",R847235,Chips,Snacks,20,5.12,102.4,58.97,Card
01/13/26,R472665,Frozen Pizza,Frozen,8,3.95,31.6,24.98,NULL
13/01/2026,R912555,Frozen Pizza,Frozen,18,4.94,88.92,51.14,
13/01/26,R397750,  Frozen Pizza  ,Frozen,14,2.16,30.24,22.93,card
"Jan 14, 2026",R952691,Soda ,Beverages,4,5.37,21.48 TRY,14.54,Card
2026-01-14,R764704,Bread,Bakery,20,3.82,76.4,54.71 USD,Mobile
14-01-2026,R811053,Soda,Beverages,13,€2.54,33.02,19.53,nan
01/14/26,R893475,Canned Soup,Canned Goods,5,3.59,,12.92,CASH
01/14/26,R322673,Soda,Beverages,3,7.05,21.15,16.2%,
14-01-2026,R190218,  Milk  ,Dairy,6,5.64,33.84,25.6,Cash
14.01.2026,R562250,Bread,Bakery,15,5.36,80.4%,₺56.34,card
14/01/2026,R456081,Chips,Snacks,5,4.99,24.9%,16.04,card
14/01/2026,R317783,Milk,Dairy,19,2.95,56.05,41.0,Cash
14.01.2026,R951817,Cereal,Breakfast,8,6.73,53.84,36.12,
2026/01/14,R430362,Milk,Dairy,7,7.34,$51.38,38.52,
2026/01/14,R727090,Bread,Bakery,10,8.22,82.2,43.18,-
01/14/26,R197417,Frozen Pizza,Frozen,9,8.51,"76,59","42,65",NA
2026/01/14,R801134,Milk,Dairy,1,6.68,6.68 EUR,₺4.27,card
2026/01/14,R639470,Bread,Bakery,20,9.24,184.8,102.84,Mobile
14 Jan 2026,R768700,Chips,Snacks,16,9.39,150.2%,£115.00,CASH
14 Jan 2026,R870542,Milk,Dairy,10,8.38,83.8,50.79,CASH
14 Jan 2026,R476412,Bread,Bakery,15,3.81,57.15,32.07,card
14.01.2026,R640894,Canned Soup,Canned Goods,12,"9,22",110.64,68.88,
14-01-2026,R575171,Milk,Dairy,3,1.08,3.24,1.78,Mobile
14/01/26,R249677,  Milk  ,Dairy,16,4.57,₺73.12,37.55 USD,Card
14.01.2026,R695345,Cereal,Breakfast,7,4.26,"29,82",21.7%,Mobile
14-01-2026,R791253,Milk,Dairy,18,3.34,60.12,38.37,card
2026-01-14,R813039,Soda,Beverages,16,4.63,74.08 TRY,52.31,Card
"Jan 14, 2026",R931265,Frozen Pizza,Frozen,10,2.89,28.9%,18.0%,card
01/14/26,R846171,Canned Soup,Canned Goods,5,2.9,14.50 TRY,11.22,
14.01.2026,R728616,Frozen Pizza,Frozen,9,5.21,46.89,26.15,Cash
"Jan 14, 2026",R746000,Chips,Snacks,3,5.92,17.76,14.1,Mobile
14 Jan 2026,R751777,Soda,Beverages,9,6.44,57.96,46.11,CASH
14-01-2026,R380866,Chips,Snacks,3,3.07,"9,21",5.43,card
nan,R265415,Canned Soup ,Canned Goods,3,8.24 TRY,24.72,17.15,n/a
14-01-2026,R354139,Bread,Bakery,3,4.47,13.41,7.09,Card
N/A,R291818,Chips,Snacks,7,7.11,$49.77,29.23,Card
14/01/2026,R585400,Canned Soup,Canned Goods,1,9.08,,7.12,
14/01/2026,R427801,Soda,Beverages,7,8.39,58.73,"32,43",Cash
01/14/2026,R134790,Chips,Snacks,10,4.92,49.2,26.3,card
14/01/2026,R287402,Bread,Bakery,2,6.61,13.22,9.21,Mobile
14 Jan 2026,R267958,Milk,Dairy,4,4.42,"17,68",12.45,Card
"Jan 14, 2026",R812647,Frozen  Pizza,Frozen,2,8.96,17.92,9.43,Card
NONE,R200506,Cereal,Breakfast,3,4.61,13.83,9.01,
2026/01/14,R318854,Canned Soup,Canned Goods,13,8.87,115.31,83.74,Mobile
2026-01-14,R653247,Bread,Bakery,10,9.51,95.1,47.89,CASH
2026-01-14,R782005,Soda,Beverages,6,5.93 TRY,35.58,22.20 TRY,Mobile
01/14/26,R564195,Soda,Beverages,10,8.48,--,51.04,Card
14/01/26,R132541,  Frozen Pizza  ,Frozen,5,5.9%,"29,70",$19.88,Card
2026-01-14,R800756,Canned Soup,Canned Goods,2,4.27 TRY,8.5%,4.73,Mobile
14.01.2026,R969750,Canned  Soup,Canned Goods,12,9.45,113.4,85.88,Card
14.01.2026,R960824,Frozen Pizza,Frozen,20,"1,23",24.6,16.98,Cash
01/14/26,R260724,Frozen Pizza,Frozen,14,5.5,77.0,54.6%,Cash
2026-01-14,R363803,Chips,Snacks,14,3.76,52.64,27.51,Mobile
01/14/2026,R657963,Soda,Beverages,8,"3,75",30.00 TRY,19.54,
2026/01/14,R834619,Canned Soup,Canned Goods,18,5.27,94.86,54.14,Card
14.01.2026,R659641,Frozen Pizza,Frozen,1,2.47,"2,47",1.9,CASH
14 Jan 2026,R274086,Milk,Dairy,15,3.24,48.60,"32,42",card
14/01/2026,R530976,Milk,Dairy,16,3.24,51.84,41.06,Card
14 Jan 2026,R322067,Milk,Dairy,9,8.0%,72.18,"38,62",Card
14.01.2026,R313265,Cereal,Breakfast,17,6.01,102.2%,56.66,Mobile
14.01.2026,R288357,Soda,Beverages,5,1.8%,8.80,4.68,Mobile
14 Jan 2026,R402276,  Cereal  ,Breakfast,10,4.41,44.1,28.74,Card
2026/01/14,R351517,Canned Soup,Canned Goods,15,2.56,"38,40",24.28,
--,R952247,Bread,Bakery,15,3.84,57.60,30.86,Card
14 Jan 2026,R276151,Milk,Dairy,9,3.92,35.28,19.72,
NA,R757095,Frozen Pizza,Frozen,2,9.89,19.78,13.66,Mobile
2026-01-14,R545372,Frozen Pizza ,Frozen,15,9.22,138.3,94.34,Cash
01/14/26,R667419,Soda,Beverages,15,"1,75",none,17.7,card
2026-01-14,R991779,Cereal,Breakfast,17,9.66,$164.22,113.58,CASH
14.01.2026,R978861,Chips,Snacks,13,6.56,85.28,63.48,Cash
01/14/26,R386534,Soda,Beverages,13,1.12,14.56,9.4%,Mobile
"Jan 14, 2026",R702702,Soda,Beverages,16,7.28,116.48,65.69,CASH
14/01/26,R208398,Cereal,Breakfast,20,6.77,135.40 EUR,102.17,
14 Jan 2026,R749039,Cereal,Breakfast,9,8.36,"75,24",42.81,CASH
01/14/2026,R191302,  Chips  ,Snacks,14,7.45,104.3,78.89,CASH
2026-01-14,R626080,Soda,Beverages,5,4.5,22.50,15.73,CASH
--,R857843,Cereal,Breakfast,20,6.70,134.0%,79.93,CASH
01/14/2026,R446300,FROZEN PIZZA,Frozen,12,7.96,95.52,57.01,Mobile
01/15/2026,R751339,Soda,Beverages,18,8.47,152.46,95.41 EUR,
2026-01-15,R558916,  Frozen Pizza  ,Frozen,14,3.95,55.3,30.34,
2026/01/15,R172551,Soda,Beverages,3,4.08,12.24,8.74,NULL
15 Jan 2026,R929007,Milk,Dairy,20,8.84,£176.80,,CASH
15-01-2026,R791023,Soda,Beverages,14,1.69,23.66,15.57,
15-01-2026,R164125,Canned Soup,Canned Goods,2,3.58,7.16,5.11,Card
15-01-2026,R191395,Soda,Beverages,10,3.53,35.30,23.25,Mobile
"Jan 15, 2026",R577017,Canned Soup,Canned Goods,18,"1,43",25.74,14.09,card
15/01/2026,R213118,Chips,Snacks,11,7.89,86.8%,55.27,Card
15/01/2026,R315770,Milk,Dairy,13,6.62,"86,06",57.85,Card
15.01.2026,R852144,Frozen  Pizza,Frozen,3,3.8,null,7.94,Cash
01/15/26,R575646,Bread,Bakery,10,3.75,37.5,24.45,Mobile
"Jan 15, 2026",R584543,Milk,Dairy,19,3.54,67.26 USD,42.44,
2026/01/15,R186560,Milk,Dairy,12,5.92,71.04,46.96,CASH
2026/01/15,R251393,Frozen Pizza,Frozen,11,6.62,72.82,37.88,card
2026/01/15,R368064,Canned Soup,Canned Goods,1,1.27,1.27,0.66,card
01/15/26,R812056,Bread,Bakery,3,5.52,16.56,10.61,card
"Jan 15, 2026",R845627,Chips,Snacks,16,2.29,36.64,25.37,Mobile
15/01/2026,R504059,Chips,Snacks,8,3.43,--,20.72,null
2026/01/15,R813089,Soda,Beverages,16,3.91,€62.56,34.61,CASH
01/15/26,R416162,Canned Soup,Canned Goods,17,1.63,27.71,16.84,card
15-01-2026,R317107,Canned Soup,Canned Goods,8,4.79,38.32,27.7%,N/A
01/15/26,R572959,Chips,Snacks,7,2.69,18.83,10.89,Mobile
15/01/2026,R699422,Soda,Beverages,18,8.56,154.08 TRY,109.38,card
15/01/2026,R542453,Milk,Dairy,2,4.13,"8,26",5.36,NONE
"Jan 15, 2026",R815311,Milk,Dairy,1,9.47,9.47,5.12,n/a
"Jan 15, 2026",R576864,Cereal,Breakfast,17,€4.27,72.59,43.83,Mobile
"Jan 15, 2026",R313111,Canned Soup ,Canned Goods,10,2.50,25.00,17.06,NULL
2026/01/15,R979810,Milk,Dairy,10,7.9,79.0,43.63,Mobile
2026/01/15,R630134,Bread,Bakery,18,5.63,"101,34",73.56,Mobile
15 Jan 2026,R544490,Chips,Snacks,5,6.95,34.75,$23.24,
"Jan 15, 2026",R740795,MILK,Dairy,13,6.86,$89.18,69.7%,Card
2026/01/15,R232271,Frozen Pizza,Frozen,20,3.5,70.0,"55,86",Card
"Jan 15, 2026",R682430,Chips ,Snacks,11,4.73,52.03,38.98,CASH
01/15/26,R629878,Bread,Bakery,5,7.31,36.55,26.75,CASH
2026/01/15,R561859,Canned Soup,Canned Goods,6,9.18 EUR,55.08,42.53,Mobile
01/15/26,R798781,Soda,Beverages,5,5.57,27.85,22.24,CASH
15-01-2026,R668676,Cereal,Breakfast,5,6.06,30.30,20.26,-
15-01-2026,R248527,Chips,Snacks,11,6.63,72.93,36.83,Mobile
15 Jan 2026,R501459,Canned Soup ,Canned Goods,12,9.63,115.56,84.02,Mobile
15/01/26,R205065,Soda,Beverages,8,4.69 USD,37.52,$26.70,Mobile
15-01-2026,R409579,Milk,Dairy,1,7.83,7.83,5.27,Card
15.01.2026,R979748,Canned Soup,Canned Goods,8,9.88,79.04,48.42,nan
2026/01/15,R383688,Milk,Dairy,19,4.67,88.73,"57,10",Cash
15-01-2026,R199110,  Canned Soup  ,Canned Goods,18,5.5%,98.28,77.65,
15.01.2026,R114815,Cereal,Breakfast,6,4.8,28.80,22.02,CASH
2026-01-15,R572640,Cereal,Breakfast,10,4.47,44.7,33.51,Mobile
2026-01-15,R681406,Canned Soup,Canned Goods,11,3.32,36.52,23.09,Card
15/01/26,R768363,Bread,Bakery,7,1.97,13.79,"9,09",CASH
15/01/2026,R965800,  Cereal  ,Breakfast,6,4.2%,25.38,none,Mobile
15 Jan 2026,R971776,Chips,Snacks,20,6.62,"132,40",98.79 TRY,Cash
"Jan 15, 2026",R676835,Canned Soup,Canned Goods,19,9.44,179.36,NULL,
"Jan 15, 2026",R839921,Chips,Snacks,10,3.61,36.10,25.63,Card
15/01/2026,R952186,Cereal,Breakfast,13,3.18,41.34,22.74,NULL
"Jan 15, 2026",R435114,Chips,Snacks,2,4.07,8.14,€6.09,Card
01/15/2026,R379223,Soda,Beverages,2,4.22,8.44,5.8,Cash
15.01.2026,R431722,Chips,Snacks,6,4.40,26.4,15.91,Cash
15/01/26,R483045,Soda,Beverages,6,£4.20,25.2,18.04,Cash
15 Jan 2026,R618463,Cereal,Breakfast,4,8.37,33.48,19.9,card
15.01.2026,R554995,Frozen Pizza,Frozen,12,1.54,18.48,"11,53",N/A
15/01/26,R706164,bread,Bakery,6,7.83,46.98,28.0,NULL
15/01/26,R670337,Canned  Soup,Canned Goods,12,2.25,27.0,19.7%,Card
15/01/26,R762634,Milk,Dairy,6,9.65,57.9,46.24,card
01/15/2026,R533280,Chips,Snacks,9,5.33,"47,97",34.4%,n/a
01/15/26,R362884,Canned Soup,Canned Goods,7,€9.26,64.82,47.9,Card
NULL,R464019,Bread,Bakery,17,4.24,£72.08,43.43,none
15/01/2026,R547356,Bread,Bakery,7,9.14,63.98 USD,35.03,card
"Jan 15, 2026",R505380,Canned  Soup,Canned Goods,19,7.42,£140.98,98.16,Mobile
15/01/2026,R515892,Canned Soup,Canned Goods,18,2.57,46.3%,23.41,Card
15 Jan 2026,R426732,Bread,Bakery,18,3.64,65.52,33.58,Card
2026-01-15,R339849,Canned Soup,Canned Goods,10,8.05,80.50,56.37,Mobile
"Jan 15, 2026",R745211,Bread,Bakery,4,4.49,€17.96,10.2%,
15 Jan 2026,R883765,Cereal,Breakfast,13,2.37,30.81,23.68,Mobile
01/15/26,R211099,Cereal,Breakfast,2,2.64,5.28,3.26,Card
15-01-2026,R989580,Frozen Pizza,Frozen,13,9.02,117.26,63.35,CASH
"Jan 15, 2026",R179969,Bread,Bakery,14,"4,14",57.96,44.19,none
"Jan 15, 2026",R198865,Frozen Pizza,Frozen,1,7.18,7.18,5.22,
15/01/26,R828760,Soda ,Beverages,8,9.37,74.96,52.26 TRY,Card
NA,R813100,Cereal,Breakfast,19,2.6,49.4,24.79,Card
01/15/2026,R392088,Bread,Bakery,15,8.86,₺132.90,88.28,Mobile
16.01.2026,R410051,Bread,Bakery,8,₺8.99,£71.92,42.33,
16/01/2026,R401446,Cereal,Breakfast,8,5.3%,NULL,26.4,card
16/01/2026,R450832,Frozen Pizza,Frozen,8,8.47,67.8%,45.89,
16/01/2026,R594577,cereal,Breakfast,11,2.06,22.66 USD,12.18,
16.01.2026,R727966,Cereal,Breakfast,1,1.27,1.27,0.91,card
16/01/26,R101648,  Chips  ,Snacks,1,4.98,4.98,2.82,Cash
-,R737220,Canned Soup,Canned Goods,7,5.51,38.57,"21,07",card
16 Jan 2026,R305833,Soda,Beverages,16,9.77,156.32,95.67,Mobile
16/01/26,R341211,Canned Soup,Canned Goods,3,5.14,15.42,"8,40",
16/01/26,R977325,Milk,Dairy,1,2.9%,2.88,1.98,Card
"Jan 16, 2026",R138735,Milk,Dairy,10,7.34,73.40 TRY,37.36,nan
16 Jan 2026,R198662,Canned Soup,Canned Goods,20,1.36,27.2,21.62,card
2026-01-16,R407587,Bread,Bakery,7,7.96,"55,72",32.05,Cash
16/01/2026,R810336,Frozen Pizza,Frozen,16,"9,70",155.2,$92.21,card
16 Jan 2026,R571076,Canned Soup,Canned Goods,19,"1,91",36.29,21.63,card
16/01/26,R633611,Bread,Bakery,5,4.47,22.35,$16.60,
2026/01/16,R485781,Frozen  Pizza,Frozen,6,3.32,19.92,15.67,Mobile
16/01/2026,R556347,Milk,Dairy,2,7.36,14.72,8.6%,Cash
01/16/2026,R350024,Cereal,Breakfast,9,3.30,29.7,21.18,CASH
16/01/26,R627750,Bread,Bakery,2,7.54,15.08,8.95,Mobile
01/16/26,R603778,Soda,Beverages,10,2.38 TRY,23.8,18.5,Cash
16-01-2026,R799216,Cereal,Breakfast,14,4.67,65.38,48.85,Mobile
2026/01/16,R304513,Bread,Bakery,2,8.56,17.12,10.22,card
"Jan 16, 2026",R587428,Bread,Bakery,4,£5.28,21.12,16.44,card
2026/01/16,R109720,Chips,Snacks,1,4.94,4.94,3.94,Card
01/16/2026,R989387,Cereal,Breakfast,10,2.61,26.1,18.50,card
16.01.2026,R605929,Bread,Bakery,5,7.64,38.2,22.68,CASH
2026/01/16,R134408,Bread,Bakery,10,4.46,44.6,N/A,Mobile
16 Jan 2026,R438660,Milk,Dairy,13,€9.19,119.47 USD,68.25,card
16/01/26,R881623,Bread,Bakery,11,3.11,34.21,23.62,Mobile
"Jan 16, 2026",R998899,Bread,Bakery,15,5.95,89.25,44.95,card
"Jan 16, 2026",R108806,Frozen Pizza,Frozen,18,4.46,80.28,48.74,Mobile
01/16/2026,R518557,Milk,Dairy,20,€9.52,190.40 EUR,97.26,
16/01/2026,R713448,Chips,Snacks,1,1.31,1.3%,0.91,Mobile
01/16/26,R616437,Canned Soup,Canned Goods,9,"6,29",56.61,32.01,Cash
01/16/2026,R951871,Milk ,Dairy,4,2.78,11.12,6.46,-
01/16/26,R685493,Frozen Pizza,Frozen,9,9.13,82.17,60.16,Mobile
16 Jan 2026,R640358,Bread ,Bakery,18,6.41,115.38 EUR,91.18,N/A
16/01/26,R143831,Canned Soup,Canned Goods,8,1.07,8.56,4.32,NONE
16-01-2026,R457852,Soda,Beverages,1,2.73,2.73,1.60,card
01/16/2026,R767283,canned soup,Canned Goods,14,8.29,$116.06,78.62,CASH
16.01.2026,R752103,Chips,Snacks,15,8.5%,127.05,93.09,Cash
16 Jan 2026,R820212,Canned Soup,Canned Goods,9,6.26,56.34,$39.84,Mobile
16.01.2026,R346542,Frozen Pizza,Frozen,4,7.83,31.32,NA,CASH
"Jan 16, 2026",R254925,Canned Soup,Canned Goods,13,3.62,47.06,24.9%,null
16/01/26,R516138,Frozen  Pizza,Frozen,18,"9,26",₺166.68,102.62,card
01/16/26,R672234,Bread,Bakery,11,8.7,95.7,53.59,
16-01-2026,R534443,Bread,Bakery,19,2.55,48.45,30.52,Mobile
16/01/26,R961081,Bread,Bakery,6,5.23,"31,38",17.86,Mobile
01/16/26,R410588,Bread,Bakery,6,9.15,--,40.35,Cash
01/16/26,R176780,BREAD,Bakery,5,"7,74",38.7,27.02,CASH
16 Jan 2026,R770806,Milk,Dairy,8,7.62,60.96,32.74,Cash
"Jan 16, 2026",R987288,Frozen Pizza,Frozen,9,5.24,47.16,32.72,CASH
16.01.2026,R249387,CHIPS,Snacks,1,8.13,8.13,5.63,NULL
2026/01/16,R150228,Canned Soup,Canned Goods,8,9.47,75.8%,40.83,CASH
16 Jan 2026,R846066,Frozen Pizza,Frozen,17,5.73,97.41,58.77,
16/01/26,R358562,Chips,Snacks,18,8.49,152.82,116.44,Mobile
01/16/2026,R776555,Canned Soup,Canned Goods,20,3.8,76.00,55.16,
17/01/2026,R645068,Soda,Beverages,10,4.67,46.7,35.29,Mobile
01/17/26,R241628,Canned Soup,Canned Goods,17,8.09,137.53,77.65,none
01/17/26,R543044,Bread,Bakery,4,7.4%,29.64,17.8,Card
17/01/2026,R842391,Milk,Dairy,17,9.24,157.08,106.03,Mobile
17 Jan 2026,R291055,Frozen Pizza,Frozen,5,8.29,41.45,30.60,card
2026-01-17,R847815,Soda,Beverages,16,3.91,62.56,37.66,Mobile
01/17/2026,R749232,Soda,Beverages,17,7.25,₺123.25,94.91,card
17-01-2026,R443457,Canned Soup,Canned Goods,7,8.68,60.76 USD,47.7%,Card
2026-01-17,R316863,Chips,Snacks,15,4.36,65.4,₺41.48,n/a
"Jan 17, 2026",R983287,Bread,Bakery,10,7.38 EUR,73.8,$49.97,
01/17/2026,R403909,Chips,Snacks,13,8.99,116.87,92.77,card
2026/01/17,R441756,Soda,Beverages,13,4.8%,62.53,43.58,CASH
"Jan 17, 2026",R981996,Frozen Pizza,Frozen,13,5.41,70.33,41.92,
"Jan 17, 2026",R449957,Frozen Pizza,Frozen,14,"7,74",108.36,85.55,card
17/01/2026,R931040,Soda,Beverages,9,3.0%,27.1%,nan,Card
17/01/26,R213344,Soda,Beverages,3,4.5,13.5,6.98,
01/17/2026,R902602,Frozen Pizza,Frozen,12,7.89,94.68 TRY,72.68,card
01/17/2026,R827077,Soda,Beverages,19,7.74,147.06,90.85,card
17/01/2026,R322449,Canned Soup,Canned Goods,13,6.48,84.24,57.32 USD,Card
17/01/2026,R826860,  Chips  ,Snacks,17,"6,15",104.55,67.05,CASH
01/17/26,R264113,Bread,Bakery,17,3.4%,57.63,40.92,CASH
17-01-2026,R474147,Soda,Beverages,12,8.95,107.40 TRY,€75.96,
17.01.2026,R991806,Canned Soup,Canned Goods,15,5.74,"86,10",55.91,card
17/01/26,R672869,  Soda  ,Beverages,14,3.49,€48.86,29.71,Mobile
,R689312,Chips,Snacks,11,4.63,50.93,30.2%,
17 Jan 2026,R923977,Canned Soup,Canned Goods,14,5.38,75.32,"48,77",card
17 Jan 2026,R278539,Chips,Snacks,11,3.18,34.98 EUR,19.79,Card
2026/01/17,R764162,Canned Soup,Canned Goods,3,4.10 USD,12.3,6.8%,
17 Jan 2026,R495993,  Milk  ,Dairy,14,1.24,17.36,11.17,card
18/01/26,R467079,Frozen Pizza,Frozen,11,6.23,68.53,46.73,card
18.01.2026,R376767,Cereal,Breakfast,10,5.55,55.5,37.67,
01/18/2026,R183213,  Frozen Pizza  ,Frozen,20,9.39,187.8,97.5%,CASH
01/18/26,R801301,Soda,Beverages,17,5.10,86.7,52.95,CASH
2026/01/18,R677271,Milk,Dairy,5,7.57,37.85,28.17,card
2026-01-18,R912412,Bread,Bakery,11,7.56,83.16,₺43.26,Card
-,R949925,CHIPS,Snacks,11,3.13,34.43,21.06 EUR,
"Jan 18, 2026",R299591,Frozen Pizza,Frozen,4,6.35,25.4,19.68,nan
--,R789277,Chips,Snacks,8,1.43,11.44,8.92,card
null,R729776,Chips,Snacks,17,8.29,140.93,109.78,Mobile
2026-01-18,R448721,Canned Soup,Canned Goods,1,€7.18,7.18,3.63,CASH
2026/01/18,R680508,  Frozen Pizza  ,Frozen,3,7.64,22.92 EUR,14.38,Card
NULL,R877680,Cereal,Breakfast,18,5.14,92.52,47.2%,n/a
NA,R535586,Canned Soup,Canned Goods,16,2.28,36.48,N/A,NULL
01/18/26,R953773,Bread,Bakery,5,5.81,29.05,17.29,CASH
n/a,R490048,Milk,Dairy,4,3.6,14.4,-,
18-01-2026,R661753,Bread,Bakery,14,6.03,84.42,59.52,card
2026-01-18,R433920,Soda,Beverages,14,1.41,19.74,12.2%,CASH
18/01/2026,R127043,Cereal,Breakfast,15,£5.33,79.95,55.78,Mobile
18/01/2026,R117213,Soda,Beverages,11,5.76,63.36,34.55,Card
18/01/2026,R190167,Bread,Bakery,12,1.53,18.36,11.75,Mobile
2026/01/18,R678809,Soda,Beverages,13,9.72,126.36,66.57,
18.01.2026,R754117,Frozen Pizza,Frozen,18,6.28,113.04,60.93,card
"Jan 18, 2026",R246910,Chips,Snacks,12,7.65,91.8,"69,37",Card
01/18/2026,R373295,Soda,Beverages,12,3.93,47.16,30.8,none
18/01/26,R119061,Frozen Pizza,Frozen,20,6.68,133.6,95.26,
2026-01-18,R692056,Cereal,Breakfast,18,8.81,158.58,NA,Cash
2026-01-18,R340986,Chips,Snacks,7,1.66,11.62,8.68,Cash
18-01-2026,R217128,canned soup,Canned Goods,10,4.42,44.20,23.54,Card
"Jan 18, 2026",R393703,Milk,Dairy,14,1.97,27.58,£17.44,
18 Jan 2026,R138611,Canned Soup,Canned Goods,2,6.68,13.36,9.28,NONE
01/18/2026,R551034,Milk,Dairy,13,9.44,122.72,91.81,none
01/18/26,R936933,Soda,Beverages,17,7.66,130.22,70.71,Mobile
2026/01/18,R871691,CEREAL,Breakfast,8,9.39 EUR,75.12,"55,99",Card
18/01/2026,R299580,Cereal,Breakfast,16,7.03,112.48,56.32,
2026/01/18,R461420,Soda,Beverages,5,3.93,"19,65",11.84,Cash
18.01.2026,R778670,Canned Soup,Canned Goods,12,3.46,-,22.41 EUR,Mobile
18-01-2026,R258802,Milk,Dairy,1,4.95,"4,95",3.17,
18/01/26,R229626,Milk,Dairy,15,3.23,48.45,26.47,CASH
01/18/26,R303300,Cereal,Breakfast,10,7.86,78.6,51.97,CASH
01/18/26,R104799,Milk,Dairy,14,5.4,75.6,52.25,CASH
18-01-2026,R212515,Soda,Beverages,8,4.64,37.12,23.27,Mobile
18/01/2026,R636966,Canned Soup,Canned Goods,1,4.07,4.07,2.4,NONE
18-01-2026,R175458,chips,Snacks,9,5.86,$52.74,26.55,Mobile
2026-01-18,R624401,Cereal,Breakfast,8,6.07,48.56 USD,32.21,card
"Jan 18, 2026",R679018,Milk,Dairy,8,7.44,59.52,36.07,CASH
18.01.2026,R134776,Milk ,Dairy,5,9.4,₺47.00,"37,02",Cash
2026/01/18,R292870,Chips,Snacks,20,9.01,180.2,116.94,
"Jan 18, 2026",R337015,Chips,Snacks,17,4.56,"77,52",60.45,Cash
18 Jan 2026,R285684,Milk,Dairy,2,5.73,11.46,null,Cash
18/01/26,R745969,BREAD,Bakery,16,1.07,17.12,9.47,
2026/01/18,R368353,milk,Dairy,15,3.06,€45.90,24.56,Mobile
18.01.2026,R478543,Canned Soup,Canned Goods,8,5.96,47.68,37.44,
18-01-2026,R601262,Chips,Snacks,18,1.47,26.46,17.00,
2026-01-18,R867291,Soda,Beverages,12,6.83,81.96,--,Cash
2026/01/18,R806037,Cereal,Breakfast,5,1.85,9.25,NULL,Card
01/18/2026,R282608,Chips,Snacks,9,"1,17",10.53,5.42,
18.01.2026,R155034,Chips,Snacks,2,7.18,14.36,8.07,Cash
18/01/2026,R733049,Milk,Dairy,7,1.95,13.65 USD,7.09,Cash
18 Jan 2026,R336800,Canned Soup,Canned Goods,12,1.3%,15.12,7.89,CASH
18 Jan 2026,R122756,  Soda  ,Beverages,3,5.25,15.75,₺9.92,card
"Jan 18, 2026",R815411,Milk,Dairy,7,4.30,30.1,19.08,Card
18/01/2026,R520525,Canned Soup,Canned Goods,16,7.25,116.00,81.58 TRY,
18.01.2026,R536699,Canned Soup,Canned Goods,8,1.89,15.12,11.96,CASH
01/18/26,R436777,Bread,Bakery,7,4.99,34.93,27.14,Mobile
18/01/2026,R583924,Soda,Beverages,2,5.88,11.76,7.56,card
2026-01-18,R356262,Milk,Dairy,2,2.02,4.04,2.83,Cash
18 Jan 2026,R857908,Chips ,Snacks,19,4.43,84.17,66.2,CASH
"Jan 19, 2026",R432507,Canned Soup,Canned Goods,5,8.67,43.35,22.65,N/A
19/01/2026,R543263,Frozen Pizza,Frozen,13,9.48,123.24,66.96,Card
19/01/2026,R986572,Soda,Beverages,13,1.49,19.37,12.7%,card
NONE,R776933,Soda,Beverages,14,3.31,46.34,25.79,card
19-01-2026,R763472,Bread,Bakery,4,7.22,28.88,"16,29",Mobile
19/01/26,R338468,Bread,Bakery,16,5.89,94.24 TRY,71.09,Cash
01/19/26,R591569,Soda,Beverages,4,7.26,29.04,17.33,Mobile
2026-01-19,R366456,Cereal,Breakfast,20,5.3,106.0,56.0%,--
NA,R475881,Cereal,Breakfast,19,2.9%,55.67,28.14,Mobile
NULL,R877005,Soda,Beverages,12,1.29,15.48,9.37,
19 Jan 2026,R286124,Canned Soup,Canned Goods,6,3.6%,21.54,13.52,nan
01/19/26,R448375,Canned Soup,Canned Goods,20,1.23,24.6,"19,51",nan
19 Jan 2026,R229275,Canned Soup,Canned Goods,5,8.01,40.05,NULL,n/a
"Jan 19, 2026",R366737,Frozen Pizza ,Frozen,15,₺7.29,"109,35",86.1,Mobile
01/19/26,R401453,Bread,Bakery,10,7.5,75.0,37.77 EUR,Cash
19/01/26,R615581,Cereal,Breakfast,11,9.97,109.67,59.31,Mobile
19 Jan 2026,R814096,Cereal,Breakfast,20,3.01,60.2,35.43,Mobile
19-01-2026,R491072,Bread,Bakery,5,6.25,31.25,16.42,Cash
01/19/2026,R339229,Frozen Pizza,Frozen,2,2.60,5.2,3.01,null
19/01/2026,R360625,Bread,Bakery,18,5.36,96.48,55.45,CASH
2026-01-19,R640923,Canned Soup ,Canned Goods,12,6.06,72.72,"45,95",Card
"Jan 19, 2026",R876396,Canned Soup,Canned Goods,7,5.02 TRY,35.14,"21,50",CASH
"Jan 19, 2026",R997918,Canned Soup,Canned Goods,4,1.86,7.44,5.49,CASH
01/19/2026,R692079,Bread,Bakery,1,3.89,€3.89,2.22,Cash
2026/01/19,R640483,Milk,Dairy,17,9.93,168.81,87.34,n/a
19 Jan 2026,R530928,Soda,Beverages,8,5.2%,41.44,33.05,card
19/01/2026,R718956,Chips,Snacks,2,6.8,13.6,9.50,Mobile
NULL,R609236,Frozen Pizza,Frozen,8,1.23,9.84,5.64,card
null,R945625,FROZEN PIZZA,Frozen,7,1.25,8.75,4.63,Card
2026/01/19,R975013,Cereal,Breakfast,9,5.04,45.36,32.11,Cash
19/01/26,R952181,Canned Soup,Canned Goods,1,4.02,4.02 TRY,3.08 USD,
19.01.2026,R391167,Canned Soup,Canned Goods,1,8.62,8.62,5.12,
19.01.2026,R158229,Soda,Beverages,15,9.99,149.85,108.38,Cash
01/19/2026,R150859,Frozen Pizza,Frozen,12,9.14,109.68,86.88,Cash
19/01/26,R154697,Frozen Pizza,Frozen,16,8.19,131.04,89.16,CASH
19 Jan 2026,R367250,Chips,Snacks,1,6.14,,none,Cash
19-01-2026,R656106,Soda,Beverages,20,5.16,103.20 EUR,£67.96,card
19/01/2026,R486018,Canned Soup,Canned Goods,11,7.65,84.15,44.33,CASH
19.01.2026,R604393,Canned Soup,Canned Goods,1,3.77,3.77,2.01,Cash
01/19/26,R580841,Chips,Snacks,13,8.9,115.7,86.26,Mobile
01/19/2026,R363502,Bread,Bakery,6,4.26,25.56,20.17,
19.01.2026,R904702,Bread,Bakery,18,3.05,54.9,35.82,Card
01/19/26,R420601,Frozen Pizza,Frozen,20,8.35,167.0,91.37,
"Jan 19, 2026",R888470,Canned Soup,Canned Goods,10,4.46,44.6,£33.68,card
19/01/2026,R996535,Chips,Snacks,16,4.76,76.16,43.9,CASH
01/19/26,R185578,Bread,Bakery,14,2.14,29.96,19.82,-
19 Jan 2026,R888555,Canned Soup,Canned Goods,7,"9,05",63.35,34.79,
19 Jan 2026,R608493,soda,Beverages,19,2.05,38.95,26.82,Mobile
N/A,R477461,Soda,Beverages,15,5.3,79.5,51.23 EUR,Mobile
20-01-2026,R614443,Soda,Beverages,9,6.56,59.04,30.15,Card
01/20/2026,R103380,Soda,Beverages,18,3.42,61.56 EUR,37.0,Mobile
01/20/2026,R597866,Soda,Beverages,1,10.0,10.0,7.7,Card
2026-01-20,R346158,Soda,Beverages,17,8.93,151.81,98.58,card
20 Jan 2026,R940924,chips,Snacks,20,5.86,117.20 EUR,£86.30,card
20-01-2026,R813402,Milk,Dairy,16,5.46,87.36,64.15,
20/01/26,R164989,Soda,Beverages,1,8.69,8.69,6.13,card
20 Jan 2026,R702111,Canned Soup,Canned Goods,5,2.87,14.35,9.23,CASH
01/20/26,R988196,Milk,Dairy,9,6.61,59.49,31.49,Mobile
20/01/2026,R785270,Soda ,Beverages,2,3.23,6.46,5.15,
01/20/2026,R327376,Milk,Dairy,8,6.07,48.56,37.48,Mobile
20 Jan 2026,R354108,Soda,Beverages,7,6.02,42.14,23.7,
20/01/2026,R520511,Chips,Snacks,8,"3,76",30.08,₺20.00,card
20 Jan 2026,R685473,Cereal,Breakfast,11,4.17,45.87,25.11,Mobile
20 Jan 2026,R563935,Cereal,Breakfast,16,6.3,100.8,57.68,null
01/20/26,R932965,Chips,Snacks,9,5.48,49.32,32.63,
20.01.2026,R361464,Milk,Dairy,10,1.90,19.0,N/A,Cash
NA,R319690,Milk,Dairy,15,1.51,22.65,17.62,CASH
2026-01-20,R859063,Bread,Bakery,3,1.27,3.81,2.04,card
"Jan 20, 2026",R323462,Bread,Bakery,15,3.48,--,29.08,Card
01/20/2026,R861239,Milk,Dairy,20,5.33,106.6,73.56,
2026/01/20,R996713,soda,Beverages,1,9.85,9.85,6.15,Card
20-01-2026,R173455,Milk,Dairy,11,5.88,64.68 USD,33.14,Cash
20.01.2026,R935391,Canned Soup,Canned Goods,11,6.5,71.5,55.3,
01/20/2026,R288179,Cereal,Breakfast,16,9.97,159.52,108.8%,Cash
20/01/2026,R874614,Cereal,Breakfast,9,7.81,70.29,43.3,CASH
2026/01/20,R471322,Chips,Snacks,16,1.98,31.68,16.94,
20.01.2026,R882866,bread,Bakery,18,2.53,45.54,29.49,CASH
20/01/26,R789885,Cereal,Breakfast,5,7.74,38.7,25.1%,Card
01/20/2026,R105848,Cereal,Breakfast,6,4.7,28.2,£16.23,
"Jan 20, 2026",R510448,Chips,Snacks,18,1.71,30.78,21.4%,
2026-01-20,R105708,Bread,Bakery,2,3.82,--,4.10 EUR,Mobile
20 Jan 2026,R548653,Chips,Snacks,18,3.25,58.5,38.15,card
2026/01/20,R266136,Frozen Pizza,Frozen,3,6.44,19.32,nan,NA
20.01.2026,R947389,Milk,Dairy,12,6.6,79.20 EUR,52.31,
20/01/2026,R879079,  Chips  ,Snacks,13,6.32,82.16,£61.97,
20-01-2026,R579911,canned soup,Canned Goods,2,2.34,4.68,3.03,Mobile
20 Jan 2026,R944311,Soda,Beverages,20,4.17,83.40,63.79,Card
01/20/2026,R286425,Canned Soup,Canned Goods,13,9.3%,121.03,87.61,null
20/01/26,R622209,Soda,Beverages,12,1.41,16.92,11.25 TRY,NULL
20.01.2026,R352546,Cereal,Breakfast,18,9.23,166.14,114.77,
"Jan 20, 2026",R140004,Cereal,Breakfast,19,3.1%,58.52,n/a,Mobile
20-01-2026,R160487,Canned Soup,Canned Goods,8,5.23,41.84,28.75,Mobile
N/A,R753455,Bread,Bakery,5,5.40,,17.79,nan
20/01/26,R441314,Soda,Beverages,16,3.96,63.36,40.85,Card
"Jan 20, 2026",R679713,Chips,Snacks,6,4.1%,£24.60,13.95,card
2026-01-20,R616542,Frozen Pizza,Frozen,12,1.12,13.44,N/A,Cash
01/20/26,R378112,Bread,Bakery,9,₺7.61,"68,49",41.92,
20 Jan 2026,R950603,Canned Soup,Canned Goods,15,8.5%,128.1,"71,85",CASH
20 Jan 2026,R508285,Milk,Dairy,10,8.46,"84,60",63.81,
20 Jan 2026,R678733,Cereal,Breakfast,7,4.88,34.16,19.21,NA
20/01/26,R707060,Soda,Beverages,2,7.79,15.58,"10,52",
20 Jan 2026,R104264,Chips,Snacks,8,€3.16,"25,28","17,75",Cash
20.01.2026,R590001,Soda,Beverages,1,6.5,6.5,4.64,card
NULL,R609116,Frozen Pizza,Frozen,5,4.5,22.5,16.23,
"Jan 20, 2026",R624272,Cereal,Breakfast,18,7.97,"143,46",113.74 USD,
20/01/2026,R544195,Chips,Snacks,12,1.89,22.68,16.05,Card
20.01.2026,R862222,Canned Soup,Canned Goods,13,1.1,14.3,8.77,card
01/20/26,R739258,Soda,Beverages,6,5.9,35.4,20.53,Mobile
20/01/26,R578207,Canned Soup,Canned Goods,15,1.08,16.2,8.7,Mobile
01/20/2026,R204814,Bread,Bakery,9,9.08,81.72,53.95,Card
20.01.2026,R333382,Frozen Pizza,Frozen,17,7.19,122.23,76.6%,card
20/01/26,R653126,Canned Soup,Canned Goods,16,7.52,120.32,60.5%,Cash
2026/01/20,R506530,Soda,Beverages,3,4.0,12.0,9.44 USD,Cash
01/20/26,R600792,Soda,Beverages,16,6.35,101.6,59.2,CASH
20 Jan 2026,R504954,  Milk  ,Dairy,2,5.75,11.5,N/A,card
20 Jan 2026,R521423,Canned Soup,Canned Goods,16,5.6,89.6,53.3%,CASH
20.01.2026,R209275,Canned Soup,Canned Goods,6,6.15,36.9,19.06,Cash
01/20/26,R650226,Milk,Dairy,15,7.46,111.9,87.1,NULL
2026/01/20,R621391,Milk,Dairy,12,6.82,81.84,47.13,Card
2026/01/20,R104264,Canned Soup,Canned Goods,2,6.04,12.08,7.17,Card
2026-01-20,R694088,Bread,Bakery,2,7.57,15.14,8.25,Cash
20/01/26,R381821,Bread,Bakery,1,1.42,1.4%,0.76,Cash
21/01/26,R698329,Frozen Pizza,Frozen,16,7.54,120.64,91.52,CASH
21 Jan 2026,R887488,Chips,Snacks,7,1.51,10.57,7.74,Cash
21.01.2026,R357110,Cereal,Breakfast,4,£8.32,33.28,17.57,card
"Jan 21, 2026",R804549,Canned Soup,Canned Goods,10,7.87,78.70,49.12,CASH
2026/01/21,R476596,Bread,Bakery,3,9.96,29.88,15.07,
01/21/2026,R899749,Canned Soup,Canned Goods,16,9.31,148.96,99.67,Mobile
21.01.2026,R774619,Cereal,Breakfast,4,"4,59",18.36,14.37,card
21.01.2026,R841729,Milk ,Dairy,8,7.98,63.84,50.6,Mobile
21.01.2026,R207766,Chips,Snacks,15,2.17,32.55,22.49,Card
01/21/26,R697602,Bread,Bakery,14,5.06,70.84,54.5,
21/01/2026,R101850,Chips,Snacks,9,2.18,19.6%,10.57,CASH
21-01-2026,R378122,Soda,Beverages,16,6.1%,97.12,65.11,null
21.01.2026,R998506,Frozen Pizza,Frozen,15,"7,23","108,45",70.95,card
21/01/26,R182552,Bread,Bakery,16,$2.88,46.08,32.59,Mobile
2026-01-21,R769474,Soda,Beverages,16,9.77,156.32 TRY,,CASH
"Jan 21, 2026",R260350,Milk ,Dairy,13,7.02,91.26,50.71,Card
21/01/26,R622985,Chips,Snacks,20,5.73,114.6,66.08,card
2026/01/21,R390571,Soda,Beverages,6,7.3,43.8,30.46,N/A
01/21/26,R118722,Cereal ,Breakfast,19,5.91,112.29,63.71,card
21-01-2026,R302445,Soda,Beverages,4,3.84,15.36 EUR,11.01,CASH
21/01/2026,R587369,Bread,Bakery,15,6.17,"92,55",67.77,
21/01/26,R802886,Frozen Pizza,Frozen,2,2.28,4.56,3.38,CASH
NULL,R620032,Cereal,Breakfast,15,1.51,£22.65,11.36,Mobile
21 Jan 2026,R912340,Chips,Snacks,20,2.87,57.4,41.27,CASH
"Jan 21, 2026",R731863,Canned Soup,Canned Goods,20,5.28,105.6%,58.96,Cash
21 Jan 2026,R284350,Soda,Beverages,10,3.26,32.6,22.25,Mobile
"Jan 21, 2026",R995193,Frozen Pizza,Frozen,7,5.98,41.86,21.01,Cash
21/01/26,R555671,Frozen Pizza,Frozen,14,5.75,80.5,£40.38,Card
22 Jan 2026,R934876,Chips,Snacks,12,6.21,74.52,43.38,Mobile
2026/01/22,R539618,Frozen Pizza,Frozen,11,1.49,16.39,₺9.52,Mobile
null,R353024,Cereal,Breakfast,13,4.26,₺55.38,35.3,
"Jan 22, 2026",R330401,Canned Soup,Canned Goods,10,9.02 TRY,90.2,56.63,Card
2026-01-22,R703456,Cereal,Breakfast,1,3.9,3.9,2.86,Card
2026-01-22,R382270,Chips,Snacks,4,4.16,16.64,8.6,Cash
22/01/26,R583588,Frozen Pizza,Frozen,19,6.76,128.44,90.46,card
22/01/26,R629263,Chips ,Snacks,3,8.77,26.31,14.34 TRY,--
22-01-2026,R112803,Milk,Dairy,15,4.13,61.95,38.47,
01/22/2026,R862129,Bread,Bakery,19,7.42,140.98 EUR,73.23,card
22.01.2026,R738715,Bread,Bakery,11,4.44,48.84,35.62,none
01/22/26,R528147,Cereal,Breakfast,4,6.77,27.08,17.19,Mobile
2026-01-22,R127612,Chips,Snacks,18,1.77,31.86,18.06,card
22.01.2026,R263277,Chips,Snacks,20,1.4%,28.60,18.01,NA
n/a,R984883,Canned Soup,Canned Goods,3,10.0,30.0,21.33,Cash
22 Jan 2026,R200681,Frozen Pizza ,Frozen,2,6.76,13.52,10.11,card
2026/01/22,R681300,Chips,Snacks,5,8.52,42.6,24.86,Mobile
22-01-2026,R187569,Bread,Bakery,9,6.61,59.49,38.3,Cash
01/22/26,R383619,Frozen Pizza,Frozen,17,£8.78,149.26,78.77,Mobile
01/22/2026,R564589,Cereal,Breakfast,12,8.77,105.2%,₺82.05,NA
01/22/2026,R195843,Chips,Snacks,16,1.49,₺23.84,14.3%,CASH
2026/01/23,R486307,Bread,Bakery,4,2.09,8.36,5.81,Card
23-01-2026,R254358,Milk,Dairy,6,9.15,"54,90",30.82 EUR,Mobile
-,R843920,Soda,Beverages,5,1.86,9.30 TRY,NULL,CASH
01/23/2026,R483059,Frozen Pizza,Frozen,11,7.94,87.34,62.55,Card
"Jan 23, 2026",R859115,Canned Soup,Canned Goods,15,7.74,116.1,78.13,CASH
23/01/2026,R188454,Bread,Bakery,17,"1,54",₺26.18,15.86,CASH
23 Jan 2026,R992531,Cereal,Breakfast,5,6.72,"33,60",21.33,card
23/01/26,R711659,Canned Soup,Canned Goods,14,2.9,40.60 TRY,26.24,Card
23-01-2026,R896358,Bread,Bakery,6,7.34,44.04,30.67,Mobile
23.01.2026,R809474,Cereal,Breakfast,13,3.43,nan,€26.15,none
23-01-2026,R734611,Milk,Dairy,19,6.09,115.71,83.33,
23/01/2026,R886641,Soda,Beverages,3,€1.33,null,₺2.46,Mobile
23 Jan 2026,R743302,Frozen Pizza,Frozen,7,6.71,46.97,28.56,Cash
23/01/26,R171921,Milk,Dairy,7,3.87,n/a,17.99,card
23.01.2026,R373752,Chips,Snacks,4,3.54,14.16,10.24,
23/01/2026,R849840,Soda,Beverages,7,8.22,57.54,37.19 EUR,n/a
23.01.2026,R285153,Frozen Pizza,Frozen,17,"1,49",25.33,14.98 TRY,
2026/01/23,R749191,Canned Soup,Canned Goods,2,$1.59,3.18,2.09,Card
23-01-2026,R247383,Soda,Beverages,13,1.07,13.91,7.19,CASH
"Jan 23, 2026",R275599,Soda,Beverages,17,5.9,100.3%,52.92,card
23-01-2026,R516239,Bread,Bakery,18,8.99,161.82,85.91,null
23/01/2026,R838739,Milk,Dairy,5,2.75,13.75 USD,9.57,card
2026/01/23,R339799,Chips,Snacks,2,9.42,18.84,12.22,Mobile
23/01/2026,R608925,Milk,Dairy,12,1.25,15.0,11.80,CASH
01/23/2026,R407669,Soda,Beverages,3,8.29,"24,87",19.51,NA
2026/01/23,R603856,Chips,Snacks,10,1.84,18.40,13.85,
23/01/2026,R848020,Milk,Dairy,20,1.91,38.2,22.77,card
23.01.2026,R507382,Canned Soup,Canned Goods,8,6.84,54.72,31.76,
23/01/26,R733338,Soda,Beverages,6,1.53,9.18,"5,97",Cash
23 Jan 2026,R778956,BREAD,Bakery,20,₺2.01,40.20 EUR,25.97,CASH
01/23/2026,R110651,Frozen Pizza,Frozen,17,6.65,113.05,66.15,card
01/23/2026,R857682,Soda,Beverages,18,9.81,"176,58",92.55,Cash
n/a,R153396,Cereal,Breakfast,16,2.03,32.48,25.08,CASH
23.01.2026,R312995,Canned Soup,Canned Goods,1,9.82,9.82 USD,7.03,Mobile
2026-01-23,R258197,Bread,Bakery,2,9.59,19.18,13.1,Mobile
23/01/2026,R571971,Chips,Snacks,1,£4.96,4.96,2.6%,Cash
n/a,R381188,Milk,Dairy,18,1.25,22.50,15.14,
2026/01/23,R555152,Canned Soup,Canned Goods,4,5.01,n/a,13.71,card
23 Jan 2026,R277810,Milk,Dairy,2,8.03,16.06,12.57,
23/01/2026,R108687,bread,Bakery,18,3.35,60.3,NA,Card
01/23/26,R223544,Frozen Pizza,Frozen,11,7.88,£86.68,"46,12",n/a
-,R612739,Bread,Bakery,19,"8,12",154.28,101.63,Card
23/01/2026,R709930,Bread,Bakery,18,3.02,54.36,28.05,
23.01.2026,R125688,Bread,Bakery,1,3.96,3.96,3.0%,CASH
2026/01/23,R533220,Canned Soup,Canned Goods,4,9.01,36.04,20.69,CASH
23-01-2026,R809245,Canned Soup,Canned Goods,11,6.40,70.40,44.95 USD,card
23.01.2026,R300480,Canned Soup,Canned Goods,3,6.14,18.42,14.67,Cash
2026-01-23,R471429,Chips,Snacks,17,6.87,116.79,66.48,Mobile
23/01/26,R147457,Frozen Pizza,Frozen,3,"6,25",18.75,12.02,Card
"Jan 23, 2026",R500296,Canned Soup,Canned Goods,9,2.74,24.66 TRY,12.89,Mobile
2026/01/23,R932046,Milk,Dairy,1,5.01,5.01,2.89,none
2026-01-23,R114464,Cereal,Breakfast,10,5.07,50.70,39.61,Card
23 Jan 2026,R110248,Frozen Pizza,Frozen,17,8.99,152.83,88.73,card
01/23/2026,R553226,BREAD,Bakery,9,9.07,81.63,53.26,
"Jan 23, 2026",R240190,Soda,Beverages,13,1.31,17.03,13.31,
23 Jan 2026,R367462,Canned Soup,Canned Goods,7,5.68,39.76,"31,76",card
"Jan 23, 2026",R949169,Frozen Pizza,Frozen,16,2.78,44.48,"31,45",Mobile
23 Jan 2026,R153847,Canned Soup,Canned Goods,4,6.02,24.08,"14,67",card
23 Jan 2026,R824484,Milk,Dairy,17,3.8,64.6,50.01,Cash
23-01-2026,R730967,Canned Soup,Canned Goods,17,1.64,27.88,16.77,card
2026/01/24,R356991,Frozen Pizza,Frozen,19,3.01,€57.19,41.58,CASH
01/24/2026,R342429,Chips,Snacks,19,5.65,107.35,£58.46,Cash
2026-01-24,R367725,Cereal,Breakfast,13,5.48 USD,71.24,36.25,
24/01/26,R546408,Bread,Bakery,6,1.33 EUR,7.98,5.34,
24/01/2026,R840187,Chips,Snacks,8,8.23,65.84,35.49,Mobile
24-01-2026,R808267,Canned Soup,Canned Goods,19,8.74,166.06 EUR,85.48,card
01/24/26,R390009,Frozen Pizza,Frozen,12,"4,75",57.0,29.96 EUR,
24-01-2026,R895432,Canned Soup,Canned Goods,8,4.73,37.84,25.0,
01/24/26,R682369,Chips,Snacks,2,3.54,£7.08,4.11,Card
24/01/26,R959243,Bread,Bakery,13,7.83,101.79,72.98,Card
2026-01-24,R649463,Bread,Bakery,10,2.92,29.2,-,CASH
01/24/26,R418757,Cereal,Breakfast,4,6.53 TRY,26.12,17.71,Cash
01/24/2026,R682215,Chips,Snacks,12,6.29,75.48,41.9%,card
24.01.2026,R221422,Frozen Pizza,Frozen,16,7.03,112.48,81.7,
"Jan 24, 2026",R496850,Bread,Bakery,1,7.72,7.72,6.01,Card
"Jan 24, 2026",R444080,Cereal,Breakfast,6,3.64,21.84 TRY,15.46,-
01/24/26,R838648,Cereal,Breakfast,12,₺3.37,"40,44","29,75",null
24/01/26,R137955,Chips,Snacks,19,4.6,87.4,62.73,--
"Jan 24, 2026",R742216,SODA,Beverages,1,2.74,2.74,2.18,
2026/01/24,R446406,Milk,Dairy,20,"2,87",57.4,29.08,CASH
2026/01/24,R568446,Canned Soup,Canned Goods,20,6.37,127.4,98.85 USD,Card
24-01-2026,R879492,MILK,Dairy,15,"7,28",109.2,75.81 EUR,CASH
2026/01/24,R376794,Soda,Beverages,20,4.45,89.00,50.32 TRY,
24 Jan 2026,R610556,Milk,Dairy,18,₺7.34,132.12,101.07,Card
24/01/2026,R411445,Canned  Soup,Canned Goods,17,4.84,82.28,53.64,Card
"Jan 24, 2026",R244396,Milk,Dairy,11,6.26,68.86,49.84,Card
24-01-2026,R740628,soda,Beverages,11,7.5%,82.94,₺53.42,Cash
2026-01-24,R687023,Chips,Snacks,1,3.15,3.15,2.1%,Mobile
01/24/2026,R437965,Soda,Beverages,18,5.45,98.1,"62,56",NULL
"Jan 24, 2026",R170305,Chips,Snacks,20,9.37,187.4,149.91,N/A
24/01/2026,R353535,MILK,Dairy,14,4.66,65.24,"41,22",Card
2026-01-24,R915511,Milk,Dairy,14,2.17,30.38,21.43,
2026-01-24,R667148,Chips,Snacks,10,3.42,34.20,26.9,card
2026-01-24,R472611,Cereal,Breakfast,3,7.31,21.93,,
2026/01/24,R239495,Chips,Snacks,11,1.23,13.53,9.33,Card
"Jan 24, 2026",R570878,Bread,Bakery,9,9.03,81.27 EUR,₺43.63,Mobile
24.01.2026,R368957,Frozen Pizza,Frozen,19,7.68,"145,92",81.6,Cash
24.01.2026,R168502,Chips,Snacks,13,9.67,125.71,66.02,Cash
2026/01/24,R835198,Canned Soup,Canned Goods,10,1.57,15.7,₺10.91,Mobile
24.01.2026,R807648,Soda ,Beverages,10,4.87,48.7,25.28,Card
24.01.2026,R965653,Canned  Soup,Canned Goods,17,6.56,111.52,79.36,CASH
25/01/26,R397507,Cereal,Breakfast,14,2.13,n/a,23.73,NULL
25/01/26,R245286,Chips,Snacks,11,8.62,94.82,54.38,Cash
2026/01/25,R908766,Bread,Bakery,12,7.04,nan,50.23,Cash
01/25/2026,R673623,milk,Dairy,15,2.4,36.00,20.57,CASH
2026-01-25,R993357,Soda,Beverages,1,1.55,1.55,1.2%,
01/25/2026,R126327,Milk,Dairy,19,1.24,23.56,12.05,Card
"Jan 25, 2026",R672905,Frozen Pizza,Frozen,12,7.92,95.04,58.0,-
"Jan 25, 2026",R673513,Cereal,Breakfast,8,6.35,50.8,34.58,
25/01/26,R731777,Milk,Dairy,17,9.46,160.82,"81,14",Mobile
25.01.2026,R458059,Cereal,Breakfast,12,6.68,80.16,54.23,
25/01/26,R573955,Milk,Dairy,11,7.11,78.21,47.95,
25.01.2026,R318268,Bread,Bakery,19,5.97,113.43 EUR,57.8,Cash
25-01-2026,R766318,Frozen Pizza,Frozen,13,8.43,109.59 USD,85.03,Cash
25 Jan 2026,R748423,Bread,Bakery,18,"6,87",123.66,89.62,Mobile
25-01-2026,R463402,soda,Beverages,5,9.04,45.2,23.72,card
01/25/2026,R194979,Chips,Snacks,12,"2,22","26,64",18.92,nan
none,R255574,Canned Soup,Canned Goods,2,1.53,3.06,2.41,card
-,R164284,Frozen Pizza,Frozen,8,1.87,14.96,9.68,card
2026-01-25,R628254,Frozen Pizza,Frozen,8,5.42,43.36,27.57,Card
25 Jan 2026,R876154,Chips,Snacks,20,8.29,165.8,124.27,CASH
25.01.2026,R905528,Frozen Pizza,Frozen,12,5.09,61.08,37.22,Mobile
25 Jan 2026,R429765,Canned Soup ,Canned Goods,3,8.5,25.5,12.91,
"Jan 25, 2026",R466491,Bread,Bakery,18,1.04,18.72,$11.13,Cash
25/01/2026,R593989,Chips,Snacks,12,2.82,33.84,24.12,Card
25/01/26,R903913,Milk,Dairy,7,1.47,$10.29,7.75,Card
2026-01-25,R417283,Cereal,Breakfast,9,5.98,53.82,42.63,null
25/01/2026,R100829,Milk,Dairy,2,4.58,9.16,5.46,Mobile
25/01/2026,R176222,Bread ,Bakery,15,9.99,149.85,115.4%,NULL
25.01.2026,R548508,Bread,Bakery,13,5.81,75.53,49.68,CASH
"Jan 25, 2026",R950648,Soda,Beverages,7,6.72,£47.04,27.64,Mobile
01/25/26,R470082,Frozen Pizza,Frozen,19,€4.37,83.03,51.18,Mobile
25.01.2026,R611352,Bread,Bakery,15,8.16,122.40,90.97,Card
25-01-2026,R341281,Milk,Dairy,11,7.46,82.06,51.33,Mobile
25/01/26,R191319,Canned Soup,Canned Goods,10,1.82,18.2,9.79,card
25-01-2026,R527202,Frozen Pizza,Frozen,14,4.58,64.12,44.79,CASH
25.01.2026,R198666,Chips,Snacks,17,1.55,26.35,21.05,card
25 Jan 2026,R653928,Chips,Snacks,13,2.3,29.9,22.13,Mobile
01/25/2026,R559358,Soda,Beverages,17,5.3%,90.95,$61.96,n/a
25.01.2026,R373924,Milk,Dairy,8,1.92 EUR,15.36,N/A,card
25/01/2026,R599818,Chips,Snacks,14,4.07,56.98,31.6,card
--,R372437,Chips,Snacks,4,3.23,nan,9.13,Mobile
25 Jan 2026,R148719,Frozen Pizza,Frozen,17,9.59,163.03,105.22,Cash
25/01/26,R662824,Cereal ,Breakfast,8,2.77,22.16,15.11,CASH
25/01/2026,R134186,Bread,Bakery,7,8.92,62.44 EUR,46.34,Mobile
2026/01/25,R645026,Soda,Beverages,15,8.78,131.7,88.3,Card
01/25/26,R104713,Canned Soup,Canned Goods,1,7.07 EUR,7.07,3.82,CASH
2026-01-25,R521900,Bread,Bakery,15,3.54,n/a,34.32,Card
"Jan 25, 2026",R235785,Bread,Bakery,20,€6.56,131.2,80.91,Mobile
25/01/2026,R651216,Milk,Dairy,8,5.95,47.6,29.3,Cash
01/25/2026,R153599,Canned Soup,Canned Goods,1,1.06,"1,06",0.61,Card
25 Jan 2026,R275463,milk,Dairy,1,5.09,5.09,2.64,card
01/25/26,R795366,Bread ,Bakery,12,8.66,103.92,73.68,card
25.01.2026,R745677,Frozen Pizza,Frozen,20,"3,77",75.40,₺56.28,nan
25 Jan 2026,R786601,Canned Soup,Canned Goods,3,"1,48",4.44,2.4%,Mobile
01/25/26,R529267,Canned  Soup,Canned Goods,20,1.9%,37.6,23.7,Mobile
01/25/2026,R783758,Canned Soup,Canned Goods,20,7.02,140.4,72.61,
01/25/2026,R638258,Canned Soup,Canned Goods,17,6.54,111.2%,79.96,Cash
25/01/26,R981109,Cereal,Breakfast,17,3.71,63.07,45.51,card
2026/01/25,R568046,Frozen Pizza,Frozen,6,9.89,59.34,44.41,none
01/25/26,R864327,Milk,Dairy,20,2.16,43.2,26.06,CASH
2026/01/25,R221728,Soda,Beverages,18,2.0,£36.00,26.43,Card
25/01/26,R602482,Bread,Bakery,13,9.07,117.91,74.8%,Card
-,R361982,Chips,Snacks,13,3.19,"41,47",31.91,Cash
NA,R599890,Chips,Snacks,10,6.65,66.5,46.71,Card
"Jan 25, 2026",R477403,Chips,Snacks,8,2.93,23.44,17.18,card
26 Jan 2026,R424932,Milk,Dairy,11,5.58,61.38,40.95,card
26/01/26,R466080,canned soup,Canned Goods,16,2.0,32.0%,16.43,CASH
2026-01-26,R548160,Frozen Pizza,Frozen,17,3.58,60.86,38.74,NULL
01/26/26,R649968,Soda,Beverages,4,8.67,34.68,22.78 EUR,CASH
26/01/2026,R848503,Frozen Pizza,Frozen,7,3.22,22.54,17.57,Cash
26.01.2026,R334201,Chips,Snacks,15,3.65,54.75,40.81,Card
26/01/26,R797620,Canned Soup,Canned Goods,9,5.23,47.07,"37,64",Mobile
01/26/26,R871809,Chips ,Snacks,13,3.76,48.88,35.10,Mobile
26.01.2026,R452332,Bread,Bakery,11,2.7%,30.14,15.66,nan
"Jan 26, 2026",R319891,  Canned Soup  ,Canned Goods,15,4.81,72.15,43.02,card
26/01/26,R158504,Frozen Pizza,Frozen,8,4.14,"33,12",25.69,Card
26.01.2026,R725925,Milk ,Dairy,10,4.13,41.30,31.02,CASH
2026-01-26,R919121,Chips,Snacks,7,2.2,15.40,10.94,Cash
26 Jan 2026,R769324,Chips ,Snacks,13,3.09,40.17,23.66,card
26/01/2026,R597913,CANNED SOUP,Canned Goods,16,1.34,21.4%,11.82,CASH
"Jan 26, 2026",R261234,Frozen Pizza,Frozen,13,9.31,121.03,73.8,CASH
01/26/26,R117830,soda,Beverages,2,9.02,18.04,14.04,Cash
2026/01/26,R475086,Frozen Pizza,Frozen,17,9.21 USD,€156.57,84.64,Card
01/26/26,R687775,Canned Soup ,Canned Goods,12,6.31,75.72,39.3,
2026-01-26,R706082,Soda,Beverages,12,5.39,NA,50.95,card
01/26/26,R902505,Bread,Bakery,10,3.27,32.70,25.0%,NONE
26.01.2026,R290506,FROZEN PIZZA,Frozen,2,6.81,13.62,8.13,Card
26 Jan 2026,R895659,Bread,Bakery,2,4.59,9.18,6.49,Mobile
01/26/2026,R326804,Canned Soup,Canned Goods,3,7.86,23.58,17.43,Cash
NULL,R824929,Frozen  Pizza,Frozen,4,3.43,13.72,£9.81,Card
01/26/26,R200540,Bread,Bakery,1,1.25,1.25,£0.70,
26 Jan 2026,R399763,Milk ,Dairy,11,3.07 EUR,33.77,18.52,card
26-01-2026,R349017,Canned Soup,Canned Goods,20,8.81,NULL,--,
26-01-2026,R550176,MILK,Dairy,16,9.54,152.64,117.99,Mobile
26/01/26,R263787,Soda,Beverages,11,8.3,91.3,63.96,Mobile
26 Jan 2026,R251569,Milk,Dairy,20,2.44,"48,80",27.1%,
2026/01/26,R268194,BREAD,Bakery,19,8.76,166.44,97.76,Cash
-,R263859,Soda,Beverages,12,4.49,53.88,37.86,CASH
"Jan 26, 2026",R633163,Canned Soup,Canned Goods,7,2.77,19.4%,15.25,Card
2026/01/26,R698089,Canned Soup,Canned Goods,12,8.09,97.08,"50,86",CASH
26/01/26,R965917,Canned Soup,Canned Goods,6,4.11 USD,€24.66,19.06,
26/01/26,R769017,Frozen Pizza,Frozen,15,3.57,53.55,"38,33",-
26.01.2026,R756304,Canned Soup,Canned Goods,5,6.98,34.9,18.91,Mobile
26/01/26,R127441,Frozen Pizza,Frozen,2,9.03,18.06,13.77,card
26-01-2026,R849887,Canned Soup,Canned Goods,9,9.55,85.95,"62,03",none
26-01-2026,R601697,SODA,Beverages,9,8.65,77.85,"56,03",nan
2026/01/26,R352465,Cereal,Breakfast,9,2.71,24.39,13.07,
27 Jan 2026,R404581,Bread,Bakery,6,2.47,14.82,9.03 EUR,card
27.01.2026,R649151,Canned Soup,Canned Goods,14,6.65,93.1,70.82,Card
27/01/2026,R966780,Soda ,Beverages,13,6.45,83.85,49.4,CASH
27-01-2026,R117066,Frozen Pizza,Frozen,2,4.95,9.9,7.02,CASH
2026/01/27,R924019,Chips,Snacks,10,1.51,15.1,8.75,Cash
27-01-2026,R462349,Soda,Beverages,17,5.62,95.54,63.52,Cash
2026/01/27,R228098,Soda,Beverages,13,1.19,₺15.47,9.36,card
2026/01/27,R110923,Chips,Snacks,6,8.79,"52,74",33.82,Mobile
2026-01-27,R672250,Frozen Pizza,Frozen,16,2.68,42.88,25.53,Card
2026/01/27,R902948,Soda,Beverages,11,8.32,91.52,66.29,Mobile
01/27/26,R740844,Cereal,Breakfast,8,4.67,"37,36",19.79,none
"Jan 27, 2026",R999280,Bread,Bakery,6,8.51,51.06,38.73,Card
-,R547084,Frozen Pizza,Frozen,3,4.02,12.06,8.17,NONE
01/27/2026,R692997,Milk,Dairy,16,3.19,51.04,39.86,Cash
2026-01-27,R617125,Milk,Dairy,15,2.34,35.10,20.4,card
2026-01-27,R689223,MILK,Dairy,9,9.65,86.85,"56,54",card
27/01/26,R538802,Cereal,Breakfast,14,£4.47,$62.58,46.85,Cash
"Jan 27, 2026",R510077,Chips,Snacks,4,"9,80",39.20,29.61,Mobile
NONE,R471427,Milk,Dairy,14,1.2%,"16,66",10.97,card
NONE,R552020,Bread,Bakery,2,"4,06",8.12,£6.30,n/a
01/27/26,R739652,Soda,Beverages,3,6.27,18.81,13.63,Mobile
27-01-2026,R240438,Chips,Snacks,13,1.83,23.79,12.73,CASH
2026-01-27,R392633,Bread,Bakery,15,4.98,74.7,49.98,Mobile
27/01/26,R359826,Soda,Beverages,7,7.64,53.48,28.43,CASH
27-01-2026,R909523,Chips,Snacks,2,9.16,18.32,14.36,card
,R317567,Bread,Bakery,11,3.23,N/A,₺24.81,
01/27/26,R125782,Bread,Bakery,1,2.04,2.04,1.17,Cash
2026-01-27,R394331,Soda,Beverages,16,7.34,117.44,77.56,CASH
"Jan 27, 2026",R238657,Canned Soup,Canned Goods,10,7.7,77.0,54.81,card
27/01/2026,R841647,Bread,Bakery,11,3.42,37.62,£26.13,
27.01.2026,R469389,  Soda  ,Beverages,13,5.87,76.31,56.66,
27-01-2026,R496091,Bread,Bakery,18,1.38,24.84 EUR,"14,16",Mobile
27-01-2026,R785689,Frozen Pizza,Frozen,2,6.58,13.16,9.92 TRY,Cash
27/01/2026,R432760,FROZEN PIZZA,Frozen,19,1.14 TRY,21.66,11.86,card
01/27/26,R567433,Bread,Bakery,14,5.43,76.02,54.78,-
2026-01-27,R758457,Milk,Dairy,10,2.16,21.6,13.19,Mobile
27/01/26,R225623,Frozen Pizza,Frozen,10,"6,63",66.30,33.5,
27-01-2026,R123235,Soda,Beverages,20,5.78,115.60,92.36,NULL
27-01-2026,R350345,Chips,Snacks,20,8.18,163.60,86.92,CASH
27.01.2026,R782208,Soda,Beverages,11,1.63,17.93,12.23,
2026-01-27,R564816,Frozen Pizza,Frozen,10,2.3,23.0,$13.92,Cash
27-01-2026,R511524,Chips,Snacks,15,8.8%,132.0%,79.23,Mobile
01/27/26,R431337,Milk,Dairy,7,9.98,69.86,36.4%,Mobile
27/01/26,R269830,Frozen Pizza,Frozen,3,6.77,20.31,13.25,CASH
,R164384,Frozen Pizza,Frozen,12,7.70,92.40,59.34 TRY,CASH
27/01/26,R361521,Canned Soup,Canned Goods,5,3.95,19.75,13.88,-
27/01/26,R778944,Canned Soup,Canned Goods,16,5.30 USD,€84.80,52.13,Cash
2026/01/27,R898640,Chips,Snacks,12,8.18,98.16,68.07,card
2026/01/27,R348368,Frozen Pizza,Frozen,9,1.12,10.08,7.4,CASH
01/27/26,R793704,Soda,Beverages,6,2.63,15.78,8.12,Mobile
27/01/26,R666413,Frozen Pizza,Frozen,1,1.61,1.61,1.08,CASH
NA,R749986,Frozen Pizza,Frozen,5,8.8,44.0%,28.86,Card
27/01/26,R650667,Chips,Snacks,8,5.94,47.52,28.19,CASH
01/27/2026,R422271,Frozen Pizza,Frozen,20,7.4,148.0,98.77,Mobile
01/27/2026,R168134,Chips,Snacks,4,2.0,8.0,5.07,N/A
27 Jan 2026,R545814,Milk,Dairy,13,9.39,122.07 USD,91.97,Mobile
27 Jan 2026,R280662,Cereal,Breakfast,4,4.82,19.28,11.44,card
"Jan 27, 2026",R207479,Bread,Bakery,17,2.25,38.25,22.71,card
2026-01-27,R127150,Chips,Snacks,3,6.74,20.22,13.26 TRY,Card
2026/01/27,R643051,Milk,Dairy,10,7.83,78.3,44.38,Cash
--,R595088,Cereal,Breakfast,6,9.54,57.24,38.19,--
2026-01-27,R996794,Frozen Pizza,Frozen,20,2.78,55.60,"42,32",Card
"Jan 27, 2026",R443414,Soda,Beverages,8,3.19,25.52,19.79,CASH
"Jan 27, 2026",R101953,Canned Soup,Canned Goods,3,3.63,10.89,7.37,Cash
"Jan 27, 2026",R746004,Canned Soup,Canned Goods,5,4.33,21.65,12.10,NULL
-,R303410,Frozen Pizza,Frozen,8,4.93,39.44,24.85,Cash
01/27/26,R246944,Cereal,Breakfast,14,8.73,122.22,89.03,CASH
01/27/2026,R162656,Bread,Bakery,20,8.47,"169,40",98.24,card
2026-01-27,R918943,Frozen Pizza,Frozen,7,€5.52,$38.64,20.88,Cash
27-01-2026,R139973,Cereal,Breakfast,12,6.6,79.2,61.94,card
27.01.2026,R321483,Cereal,Breakfast,1,1.06,1.06,0.84,Cash
01/27/26,R236370,Chips,Snacks,1,9.24,9.24,6.0%,Mobile
27 Jan 2026,R407014,Cereal,Breakfast,16,6.36,101.76,80.45,NA
27/01/26,R114252,Chips,Snacks,11,9.59,105.5%,NA,Cash
2026-01-27,R991554,Soda,Beverages,7,9.91,69.37,"43,35",Card
27.01.2026,R810052,Bread,Bakery,4,4.34,17.36,10.42,card
-,R389695,Canned Soup,Canned Goods,18,7.68,138.24,92.41,card
27.01.2026,R204587,Frozen  Pizza,Frozen,11,3.9,42.90,34.08,card
nan,R477771,  Canned Soup  ,Canned Goods,7,4.33,30.31,20.31,Mobile
01/27/2026,R442425,Cereal,Breakfast,11,"7,09",77.99,n/a,Mobile
01/28/2026,R154256,Canned Soup,Canned Goods,11,5.36,58.96,--,Card
2026-01-28,R857917,Canned Soup,Canned Goods,18,4.69,84.4%,58.48,N/A
28/01/26,R959571,Frozen Pizza,Frozen,4,9.32,37.28,18.80,Cash
01/28/2026,R433789,Frozen Pizza,Frozen,4,7.51,30.04,21.97,CASH
28/01/2026,R981167,MILK,Dairy,19,4.47,84.93,50.7,
2026-01-28,R728004,Frozen Pizza,Frozen,5,2.09,10.45 EUR,5.68,CASH
2026-01-28,R101935,SODA,Beverages,5,9.38,46.90,29.24,Cash
28/01/26,R862293,Frozen Pizza,Frozen,7,2.97,20.79 TRY,14.7%,Card
28-01-2026,R637330,Milk,Dairy,13,5.54,72.02,38.16,Mobile
28/01/2026,R557171,Cereal,Breakfast,19,8.01,152.19,76.72,Card
2026/01/28,R711327,chips,Snacks,5,3.98,19.9,12.61,Cash
2026/01/28,R275601,Frozen Pizza,Frozen,15,9.15,137.25,92.2%,CASH
01/28/2026,R747200,Soda,Beverages,8,6.64,"53,12",28.80 TRY,Mobile
28-01-2026,R211872,Milk,Dairy,13,3.83,49.79,26.48,n/a
28.01.2026,R973293,Cereal,Breakfast,13,2.23,28.99,N/A,Cash
"Jan 28, 2026",R597294,Bread,Bakery,10,3.24,32.4,22.4%,Mobile
2026/01/28,R522413,Milk,Dairy,14,1.48,20.72,12.26,card
28 Jan 2026,R630610,Chips,Snacks,10,1.7,17.00 TRY,9.58,Card
"Jan 28, 2026",R954127,Chips,Snacks,4,9.2%,36.8%,25.2,null
28/01/2026,R552335,Bread,Bakery,10,€2.28,"22,80",17.94,Cash
01/28/26,R446556,Frozen Pizza,Frozen,20,8.92,178.4,114.44,
01/28/2026,R521887,Cereal,Breakfast,4,2.06,8.24,5.34,
"Jan 28, 2026",R463222,Milk,Dairy,13,8.83,114.79,82.32,card
28/01/26,R731642,Canned Soup,Canned Goods,1,4.21 TRY,4.21,2.98,--
"Jan 28, 2026",R222397,  Soda  ,Beverages,10,9.43,94.3,59.64,-
01/28/2026,R585294,Bread,Bakery,14,1.61,22.54,12.41 EUR,Mobile
28-01-2026,R929570,Frozen Pizza,Frozen,8,6.78,54.24,37.54,NONE
28.01.2026,R761559,Frozen Pizza,Frozen,12,4.09,49.08,30.99,card
28/01/26,R474737,Soda,Beverages,7,1.24,8.68,4.39 USD,Mobile
28 Jan 2026,R422997,Frozen Pizza,Frozen,5,3.32,£16.60,10.13 EUR,Card
null,R494255,Cereal,Breakfast,9,$2.94,26.46,none,card
2026-01-28,R157614,Frozen Pizza,Frozen,2,9.59,19.18,14.63,card
28 Jan 2026,R758889,Milk,Dairy,4,7.61,30.44,NONE,card
nan,R278928,  Cereal  ,Breakfast,11,9.24,101.6%,66.67,
28 Jan 2026,R595742,Chips,Snacks,16,$4.64,74.24,37.88,CASH
2026-01-28,R400733,Milk,Dairy,19,4.67,88.73,53.34,Cash
"Jan 28, 2026",R407292,Cereal,Breakfast,2,9.39,18.78 EUR,11.97,Card
28/01/26,R160139,Chips,Snacks,2,1.74,3.48,2.55,
"Jan 28, 2026",R451719,cereal,Breakfast,7,1.3,9.1,5.51,Card
28/01/2026,R515253,Cereal,Breakfast,17,8.22,£139.74,86.54,Mobile
2026-01-28,R427019,Soda,Beverages,11,6.68 USD,73.48,39.60,
28.01.2026,R308046,Chips,Snacks,3,1.45,4.35,3.43,
01/28/2026,R889587,Cereal,Breakfast,2,2.5,5.0,"3,49",Card
28-01-2026,R284488,Frozen Pizza,Frozen,9,7.9%,71.46,56.79,CASH
01/28/2026,R899811,Frozen Pizza ,Frozen,13,5.37,69.81 TRY,₺36.40,card
01/28/2026,R267643,Canned Soup,Canned Goods,5,9.32,46.60 EUR,26.75,CASH
28/01/26,R310787,Cereal,Breakfast,12,8.57,NA,79.13,Mobile
"Jan 28, 2026",R717444,Cereal,Breakfast,7,₺5.25,36.75,20.78,
2026-01-28,R748850,Soda,Beverages,8,1.46,11.68,"6,01",CASH
01/28/2026,R818524,Milk,Dairy,8,5.07 EUR,40.56,21.34,
28/01/26,R324674,frozen pizza,Frozen,17,6.6,₺112.20,85.52,card
2026-01-28,R728934,Bread,Bakery,16,2.56,41.0%,31.74,
01/28/2026,R508638,Frozen Pizza,Frozen,2,3.36,₺6.72,4.62,CASH
28 Jan 2026,R748543,Cereal,Breakfast,5,$7.21,36.05,25.71,Cash
01/28/26,R921314,Milk,Dairy,6,6.10,36.60,28.27,null
28.01.2026,R602165,Bread,Bakery,8,2.8%,22.32,14.01,card
2026/01/28,R156852,Bread,Bakery,17,1.77,30.09,23.28,card
2026/01/28,R750171,Milk,Dairy,14,6.22,87.08,60.9,Mobile
01/28/26,R843692,Cereal,Breakfast,19,1.68,31.92,25.13,CASH
28 Jan 2026,R307127,Cereal,Breakfast,12,7.18,86.16,64.99,N/A
28/01/26,R197144,Chips,Snacks,9,7.37,66.33,38.61,NA
28-01-2026,R346572,Cereal,Breakfast,19,1.2%,23.75,£13.53,Cash
"Jan 28, 2026",R181630,Bread,Bakery,10,3.83,"38,30",27.61,Card
28/01/26,R274456,Frozen Pizza,Frozen,3,9.0%,27.12,16.66,Card
28.01.2026,R457555,Bread,Bakery,16,8.21,131.36,87.14,
28/01/2026,R547972,Frozen Pizza,Frozen,2,2.56,5.12 USD,3.35,Mobile
28-01-2026,R534397,Soda,Beverages,10,6.37,63.7,35.59,card
01/28/2026,R622354,Soda,Beverages,13,1.74,nan,11.99 TRY,card
28.01.2026,R997858,Chips,Snacks,1,4.76,4.76,3.46,n/a
01/28/26,R892631,Chips,Snacks,20,7.93,158.6,85.98,
29/01/2026,R737044,Chips,Snacks,15,5.97,89.55,68.56,Cash
29-01-2026,R667806,Frozen Pizza,Frozen,12,4.1,49.2,37.54,Cash
01/29/2026,R473066,Soda,Beverages,2,3.04,6.08,4.63 EUR,CASH
29-01-2026,R255785,Cereal,Breakfast,2,6.55,13.1,8.1%,Card
"Jan 29, 2026",R912878,Chips,Snacks,16,5.6%,89.76,68.95,Cash
29 Jan 2026,R305676,Milk,Dairy,17,4.26,72.42,56.4%,Card
2026/01/29,R304757,Milk,Dairy,17,5.48,93.16,48.73,
01/29/26,R701605,Soda,Beverages,2,4.82,9.64,6.46,NULL
01/29/26,R839050,FROZEN PIZZA,Frozen,5,"5,68",28.4,16.97,Cash
2026/01/29,R618650,Bread,Bakery,12,3.27,39.24,28.12,
"Jan 29, 2026",R551942,Soda,Beverages,1,9.54,9.54,5.83,Card
,R514429,Cereal,Breakfast,8,1.45,11.6,7.38,Mobile
29.01.2026,R224092,Soda,Beverages,4,6.59,26.36,15.42,CASH
NA,R821688,Bread,Bakery,16,1.45,23.2,12.66,Cash
29/01/26,R296911,Bread,Bakery,3,3.73,11.19,6.46,Card
29-01-2026,R914576,Bread,Bakery,9,6.52,58.68,45.45,Card
01/29/2026,R408898,Frozen Pizza,Frozen,18,5.9,106.2,62.9,NULL
29.01.2026,R224527,Bread,Bakery,14,8.15,114.1,70.93,Card
"Jan 29, 2026",R216424,Frozen Pizza,Frozen,16,7.65,122.40,84.16,
29/01/2026,R653736,Cereal,Breakfast,5,8.49,42.45,22.5,Card
2026-01-29,R907775,Chips,Snacks,17,2.02,34.34,"18,05",
"Jan 29, 2026",R827674,Cereal,Breakfast,12,5.05,60.6%,46.35,Card
2026/01/29,R753304,milk,Dairy,19,9.82,186.58,132.55,Cash
01/29/26,R770211,Bread,Bakery,20,1.4,28.0,19.40 USD,
01/29/2026,R825880,Cereal,Breakfast,3,₺1.22,3.66,2.8%,
2026/01/29,R811514,Chips,Snacks,13,5.69,74.0%,,Cash
2026-01-29,R297950,Cereal,Breakfast,10,5.96,59.6,35.34,n/a
2026-01-29,R318946,Milk,Dairy,4,7.50,30.0,19.07,Card
29/01/2026,R263327,Soda,Beverages,4,7.51,30.04,₺17.09,CASH
2026/01/29,R208501,Chips,Snacks,2,6.79,13.58,8.8,
01/29/26,R485379,Chips,Snacks,14,$8.52,₺119.28,81.93,
29-01-2026,R897970,Soda,Beverages,13,2.44,31.7%,21.38,card
29.01.2026,R621886,Cereal,Breakfast,7,7.8,54.6,39.76,
01/29/26,R533647,Canned Soup,Canned Goods,12,9.09,109.08,65.12,card
29.01.2026,R496261,Cereal,Breakfast,11,1.6,17.6,10.8%,none
01/29/2026,R629038,Chips,Snacks,20,4.21,84.2,nan,Card
29-01-2026,R688332,  Frozen Pizza  ,Frozen,10,$1.92,19.2,10.42,Card
"Jan 29, 2026",R376357,Cereal,Breakfast,10,3.39,33.9,25.29 EUR,N/A
29-01-2026,R447599,Chips,Snacks,3,3.84,11.52,"6,10",Mobile
01/29/26,R846908,Frozen Pizza,Frozen,10,6.13,61.3,42.19,NONE
29/01/2026,R228450,  Milk  ,Dairy,18,7.44,$133.92,93.17,card
29/01/2026,R748493,Chips,Snacks,8,2.89,23.12,nan,
none,R270823,  Frozen Pizza  ,Frozen,9,1.55,13.95 EUR,10.52,Cash
2026/01/29,R425931,Soda,Beverages,3,8.89,26.67,14.83,CASH
2026-01-29,R999274,Canned Soup,Canned Goods,2,6.16,12.32,7.85,card
2026/01/29,R716528,Bread,Bakery,14,6.28,87.92,46.93,-
29 Jan 2026,R690719,Canned Soup,Canned Goods,6,5.36,32.16,23.19,Cash
01/29/2026,R128442,Soda,Beverages,20,1.26,25.2,NULL,NONE
29 Jan 2026,R310174,Cereal,Breakfast,9,4.29,38.61,26.10 USD,
29/01/2026,R225814,Soda,Beverages,19,8.80 TRY,167.20,118.46,Cash
29/01/2026,R251573,Milk,Dairy,16,6.49,103.84,£79.25,Mobile
01/29/2026,R281064,Chips,Snacks,20,4.75,95.0,54.5,Card
29/01/26,R202858,Cereal,Breakfast,17,9.44,160.48,88.96,
nan,R295431,Soda,Beverages,19,4.18,79.42,42.36,
"Jan 29, 2026",R616103,Milk,Dairy,5,3.47,17.35,9.18,nan
29-01-2026,R357875,Milk,Dairy,9,1.31,11.79,9.39,Cash
2026/01/29,R401730,Canned Soup,Canned Goods,4,3.1%,12.36,8.04,
29 Jan 2026,R553726,Bread,Bakery,3,4.47,13.41,$8.52,--
01/29/26,R495288,Frozen Pizza,Frozen,11,7.01,$77.11,43.5%,Card
01/29/26,R391510,Frozen Pizza,Frozen,19,3.94,74.86,50.68,CASH
29 Jan 2026,R342150,Chips,Snacks,5,4.17,20.85,13.34,card
2026/01/30,R241170,Bread,Bakery,9,8.32,74.88,44.8%,Mobile
"Jan 30, 2026",R685215,Canned Soup,Canned Goods,17,5.81,98.8%,73.01,Card
"Jan 30, 2026",R607209,Bread,Bakery,8,9.45,75.6,40.02,
30/01/2026,R295074,Milk,Dairy,15,£7.64,€114.60,NULL,Mobile
2026-01-30,R997474,Milk,Dairy,6,3.07 EUR,18.42,13.99,Cash
2026-01-30,R656770,Milk,Dairy,8,6.36,50.88,39.55,Card
30/01/26,R648739,Canned Soup,Canned Goods,7,9.71,₺67.97,43.37,Cash
30/01/26,R225939,Canned Soup,Canned Goods,19,7.35,139.65,94.06,
"Jan 30, 2026",R846887,  Frozen Pizza  ,Frozen,18,3.12,56.16,30.4%,Card
2026-01-30,R125605,Chips,Snacks,5,6.63,33.15,19.26,none
2026-01-30,R609544,BREAD,Bakery,15,3.02,45.30,27.76 USD,NULL
30/01/26,R976667,Bread,Bakery,6,4.29,25.74,17.65,none
30/01/26,R320729,Milk ,Dairy,16,7.89,126.2%,100.86,CASH
30.01.2026,R121852,Canned Soup,Canned Goods,15,5.44,81.60,54.91,Cash
30 Jan 2026,R886852,Chips,Snacks,15,4.51,67.65,36.20 EUR,Card
30/01/26,R382573,Chips,Snacks,10,3.15,31.5,23.11,nan
01/30/2026,R446243,Soda,Beverages,17,1.67,28.39,17.50,NULL
,R502226,Bread,Bakery,5,6.36,"31,80",20.87,card
30-01-2026,R951176,  Frozen Pizza  ,Frozen,10,€6.01,60.1,46.87,CASH
30-01-2026,R562388,bread,Bakery,10,4.34,43.4,33.4%,Card
2026/01/30,R274195,Chips,Snacks,14,5.07 EUR,70.98,43.67,none
30 Jan 2026,R141944,Soda,Beverages,6,£7.23,43.38,26.38 TRY,Cash
01/30/26,R732272,Milk,Dairy,10,8.65,86.5,64.10,-
30-01-2026,R981452,Bread,Bakery,4,7.95,31.8,22.0,Mobile
30-01-2026,R547908,Canned Soup,Canned Goods,2,7.33,14.66,9.16,CASH
2026-01-30,R866737,Soda,Beverages,18,5.03,90.54,66.06,Card
30 Jan 2026,R941022,Soda,Beverages,7,4.46,31.22,17.18 TRY,
30/01/2026,R987216,Milk,Dairy,11,3.09,33.99,24.74,CASH
01/30/2026,R863559,Canned Soup,Canned Goods,8,7.11,56.88,₺43.05,Cash
2026-01-30,R690048,Cereal,Breakfast,12,8.82,105.84,73.26,Card
30.01.2026,R174429,Chips,Snacks,3,2.99,8.97,6.18,NA
"Jan 30, 2026",R129315,Milk,Dairy,14,5.44,"76,16",50.20,
01/30/26,R933255,bread,Bakery,17,3.38,57.46,43.1,Cash
01/30/26,R822510,Canned Soup,Canned Goods,6,5.41,32.46,20.26,CASH
30-01-2026,R950156,Bread,Bakery,17,2.94,49.98,30.54,
2026-01-30,R227815,Bread,Bakery,16,1.56,€24.96,12.63,Cash
"Jan 30, 2026",R557567,Cereal,Breakfast,3,7.85,23.55,18.09,Cash
01/30/2026,R718737,Chips,Snacks,3,1.36,4.08,€3.24,card
2026-01-30,R264677,Canned Soup,Canned Goods,13,2.09,27.17 USD,17.2%,card
"Jan 30, 2026",R462063,Frozen Pizza,Frozen,6,9.11,54.66,28.7%,Cash
2026/01/30,R401447,Soda,Beverages,1,9.85,9.85,"5,43",Cash
30/01/26,R535495,Chips,Snacks,4,8.59,$34.36,27.09,Card
2026-01-30,R831873,Cereal,Breakfast,15,"3,52",52.80 TRY,34.61,
2026-01-30,R369503,Chips,Snacks,14,4.52,63.28,₺40.17,
"Jan 30, 2026",R851793,Chips,Snacks,4,9.86,39.44,23.2%,card
30 Jan 2026,R546955,Milk,Dairy,15,2.0,"30,00",16.78 USD,null
2026-01-30,R298290,Soda,Beverages,18,6.68,120.24,64.74,CASH
30/01/26,R280565,Bread,Bakery,1,2.4,2.40,1.27,Card
01/30/26,R869947,Milk,Dairy,5,9.82,49.1,29.05,null
"Jan 30, 2026",R769861,Cereal,Breakfast,12,7.93,$95.16,66.73,Cash
30/01/26,R213199,Cereal,Breakfast,20,1.7,34.0,20.73,CASH
30-01-2026,R729294,Cereal,Breakfast,5,2.91,14.55,8.82 TRY,NA
NA,R683702,Frozen Pizza,Frozen,12,1.2,14.4,11.03,Cash
30 Jan 2026,R759039,Bread,Bakery,1,6.80 EUR,6.8,5.14,CASH
30-01-2026,R183006,Cereal,Breakfast,17,2.56,43.52,33.03,Cash
30.01.2026,R240538,Chips,Snacks,11,3.06,33.66,22.86,card
30 Jan 2026,R621375,Bread,Bakery,13,7.03,91.39,"67,65",n/a
"Jan 31, 2026",R452372,  Milk  ,Dairy,18,7.54,135.72,101.78,n/a
31.01.2026,R127661,Canned Soup,Canned Goods,16,8.21,131.36 TRY,72.06,CASH
2026-01-31,R856337,Soda,Beverages,5,2.10 EUR,10.50,5.28,Mobile
2026-01-31,R882296,Frozen Pizza,Frozen,20,5.92,118.40,72.85,Mobile
31/01/2026,R284246,Milk,Dairy,12,7.64,91.68,71.8%,Mobile
31-01-2026,R799437,Milk,Dairy,10,"4,26",42.6,30.49,CASH
31/01/26,R598699,Canned Soup,Canned Goods,7,4.7,32.9,25.25,Card
"Jan 31, 2026",R323267,Milk,Dairy,11,9.56,105.16,80.47,CASH
"Jan 31, 2026",R685477,Cereal,Breakfast,9,2.79,NA,18.42,card
01/31/2026,R868415,Frozen Pizza,Frozen,16,5.33 TRY,85.28 USD,45.27,
31/01/26,R433144,Cereal,Breakfast,13,5.66,73.58,49.27,Cash
2026/01/31,R875635,bread,Bakery,6,4.48,26.88,20.24,Card
"Jan 31, 2026",R182349,Cereal,Breakfast,6,2.3,13.8,9.63,NULL
31.01.2026,R226988,Soda,Beverages,17,3.60 TRY,"61,20",36.5%,Mobile
31-01-2026,R840074,Soda,Beverages,14,8.4,117.6,85.2,CASH
2026/01/31,R124356,Bread,Bakery,11,5.11,56.21,34.06,null
31 Jan 2026,R490544,Chips,Snacks,14,4.84,67.76,52.9%,card
31.01.2026,R304990,Cereal,Breakfast,7,2.22,15.54,11.33,Cash
n/a,R611987,Canned  Soup,Canned Goods,10,5.63,56.3,31.7,Card
01/31/26,R234821,milk,Dairy,17,8.99,₺152.83,82.0,
2026/01/31,R885802,Bread,Bakery,4,8.63,n/a,27.15,card
31/01/2026,R611173,Milk,Dairy,10,6.37,"63,70",33.5,CASH
01/31/2026,R921474,Milk,Dairy,3,2.86,8.58,"6,47",Mobile
01/31/26,R215041,Soda,Beverages,20,£3.22,64.4,41.7,Cash
2026/01/31,R124633,chips,Snacks,4,7.91,31.64,18.21,CASH
2026/01/31,R419361,Chips,Snacks,1,7.42,7.42,4.4,Mobile
31/01/26,R669692,Canned Soup,Canned Goods,5,2.03,10.15,7.66,CASH
31 Jan 2026,R438917,Chips,Snacks,9,8.39,"75,51","58,14",Cash
31-01-2026,R376427,Canned Soup,Canned Goods,19,9.28 USD,176.32 EUR,124.64,nan
2026-01-31,R347789,Bread,Bakery,1,4.82 EUR,4.82,3.53,card
01/31/26,R591908,Milk,Dairy,7,9.81,68.67,43.41,
31/01/2026,R609218,Frozen  Pizza,Frozen,4,5.68,22.72,"18,08",card
31/01/26,R622590,Milk,Dairy,2,2.9,5.8,4.06,CASH
"Jan 31, 2026",R189445,Frozen Pizza ,Frozen,20,5.2,104.0,69.13,card
01/31/2026,R938775,Canned Soup,Canned Goods,3,5.12,15.36,12.11,Mobile
31/01/26,R517028,Frozen Pizza,Frozen,19,8.23,156.37,82.71,null
2026-01-31,R432244,Cereal,Breakfast,14,5.88,82.32,57.47,Cash
"Jan 31, 2026",R558482,Soda,Beverages,4,1.87,7.48 EUR,"5,43",CASH
"Jan 31, 2026",R156347,Frozen Pizza,Frozen,19,4.76,90.44,63.92,null
2026/01/31,R523652,Soda,Beverages,7,5.69 EUR,39.83,24.98,CASH
01/31/26,R714512,Soda,Beverages,8,9.88,79.04,42.38,
null,R393252,Soda,Beverages,8,9.82,78.56,40.8%,
31.01.2026,R756699,Chips,Snacks,2,2.93,"5,86",4.19,Card
31.01.2026,R862919,Cereal,Breakfast,17,6.15,104.55,67.4,nan
2026-01-31,R867599,Canned Soup,Canned Goods,6,1.89,11.34,$8.44,--
2026/01/31,R196536,Frozen Pizza,Frozen,19,4.8,91.2,47.79,
"Jan 31, 2026",R584955,Chips,Snacks,6,5.33,31.98,18.64,card
2026-01-31,R798202,Bread,Bakery,6,1.59,9.54,6.46,Mobile
31.01.2026,R305472,Chips,Snacks,1,1.01,1.01,0.56,card
01/31/26,R191938,Milk,Dairy,20,5.91,118.2,76.86,NONE
31-01-2026,R856755,Cereal,Breakfast,18,4.73,85.14,59.06,Mobile
31.01.2026,R443596,Milk,Dairy,13,"5,98",77.74,60.59,
"Jan 31, 2026",R488646,Frozen Pizza,Frozen,13,8.98,116.74,65.88,Card
31/01/2026,R400385,Milk,Dairy,6,4.79,28.7%,17.01,Mobile
31/01/2026,R163818,milk,Dairy,14,4.8,67.2,36.53,
31-01-2026,R790002,Soda,Beverages,17,7.95,135.15,96.61 TRY,
31 Jan 2026,R647360,Cereal,Breakfast,8,7.8,"62,40",42.67,
01/31/2026,R361593,Canned Soup,Canned Goods,5,4.11,20.55,11.03,CASH
01/31/26,R523493,CHIPS,Snacks,20,8.5,170.00 USD,117.22,
31 Jan 2026,R294091,Milk,Dairy,10,2.59,25.9,20.01,card
31/01/2026,R658654,Bread,Bakery,15,4.64,69.6,44.34,Mobile
"Jan 31, 2026",R394261,Canned Soup,Canned Goods,2,4.23,8.46,5.69,CASH
31/01/26,R387041,Milk,Dairy,9,2.26,20.34,10.89,CASH
31-01-2026,R728535,Bread,Bakery,20,5.83,"116,60","72,60",CASH
2026/01/31,R650157,Chips,Snacks,5,8.27 USD,41.35,28.87,
31.01.2026,R776198,Cereal,Breakfast,1,1.24,1.24,0.85,null
01-02-2026,R976970,Frozen Pizza,Frozen,1,9.37,9.37,4.87,card
02/01/2026,R268509,Cereal,Breakfast,11,3.11,34.21,21.02,card
"Feb 01, 2026",R983290,Soda,Beverages,13,7.57,--,--,Mobile
01/02/26,R495668,Cereal,Breakfast,20,5.23,104.6,80.32,CASH
02/01/26,R817309,frozen pizza,Frozen,1,2.05,2.05,1.29,
01 Feb 2026,R455172,SODA,Beverages,17,8.96,152.32,91.99,CASH
01/02/2026,R568944,Milk,Dairy,4,3.73,14.92,11.81,
01 Feb 2026,R726772,Canned Soup,Canned Goods,7,2.88,20.16,10.39,CASH
"Feb 01, 2026",R967636,Bread,Bakery,1,8.56,8.56,₺6.39,Mobile
02/01/26,R345961,Frozen  Pizza,Frozen,13,6.20,80.6,54.84 TRY,card
01 Feb 2026,R155968,Milk,Dairy,18,3.58,64.4%,39.19,
02/01/26,R353558,Frozen Pizza,Frozen,18,4.18,75.24,60.17,CASH
"Feb 01, 2026",R138727,Cereal,Breakfast,14,4.18,₺58.52,34.66,card
01/02/2026,R478233,Chips,Snacks,5,3.0%,15.15,11.47,Mobile
02/01/26,R121831,Milk,Dairy,8,9.25,74.0%,38.17,Cash
02/01/26,R200893,Cereal,Breakfast,12,6.8,81.6,57.84,Mobile
01 Feb 2026,R947278,Soda,Beverages,16,3.4,54.4,"34,73",Mobile
02/01/2026,R184577,Canned Soup ,Canned Goods,4,1.24,4.96,3.16,Mobile
01-02-2026,R107797,Frozen Pizza,Frozen,19,1.44,27.36,17.27 USD,N/A
02/01/2026,R942134,Canned Soup,Canned Goods,8,1.88,15.04,8.71,
01/02/26,R703736,Soda,Beverages,13,9.68,125.84,97.17,Mobile
2026/02/01,R576112,Frozen Pizza,Frozen,7,5.9,41.3,24.71,
2026/02/01,R802237,Canned Soup,Canned Goods,2,9.65,19.3,12.28,n/a
-,R481096,Frozen Pizza,Frozen,4,9.6,38.4,22.32,Cash
02/01/26,R750871,Milk,Dairy,13,4.52,58.8%,38.83,card
01/02/26,R987378,Canned Soup,Canned Goods,20,1.41,€28.20,19.71,card
01/02/2026,R790236,Frozen Pizza,Frozen,4,5.74,€22.96,14.18,NONE
01.02.2026,R421616,Frozen Pizza,Frozen,7,1.7,11.90,9.44,CASH
02/01/2026,R463063,Cereal,Breakfast,19,8.10,153.9,97.52,
01.02.2026,R128951,Soda,Beverages,17,9.9%,"168,30",131.26,card
01-02-2026,R876758,Milk,Dairy,20,5.29,105.8,71.1%,card
01/02/26,R363299,Milk,Dairy,11,2.1%,23.32,£15.20,card
2026/02/01,R984105,Cereal,Breakfast,3,7.04,21.12,10.86,card
01 Feb 2026,R642855,Cereal,Breakfast,12,4.43,53.16,28.11,Card
01.02.2026,R461567,  Frozen Pizza  ,Frozen,20,1.8,36.0,20.89,Mobile
--,R283332,Soda,Beverages,4,3.52,14.08,10.66,
2026-02-01,R963167,Chips,Snacks,3,8.60,25.8,16.91,Card
NONE,R847851,Bread,Bakery,15,9.35,140.25,103.27,Mobile
02/01/2026,R947009,Frozen Pizza,Frozen,20,6.53,130.6,85.35,Card
2026/02/01,R713561,Milk,Dairy,6,2.86,17.16,11.13,card
02/02/26,R590983,Soda,Beverages,7,3.95,27.65,14.99,NONE
2026-02-02,R849747,  Cereal  ,Breakfast,10,8.59,85.9,45.44,Mobile
02-02-2026,R555301,Canned Soup,Canned Goods,15,"2,41",36.1%,20.84,
02/02/26,R790893,SODA,Beverages,2,9.76,19.5%,15.49,Card
02/02/26,R692688,canned soup,Canned Goods,9,2.83,25.47,19.24,CASH
02/02/26,R805893,Bread,Bakery,16,3.51,56.16,36.27,
02/02/2026,R357308,Frozen Pizza,Frozen,11,9.96,109.56 EUR,61.41,Cash
02.02.2026,R808729,Cereal,Breakfast,17,5.44,92.48,68.05,NULL
02.02.2026,R325580,Soda ,Beverages,15,3.60,54.0,35.2,CASH
2026-02-02,R924473,Milk,Dairy,11,7.2,79.20,61.74,card
2026-02-02,R672043,Canned Soup,Canned Goods,19,6.76,128.44,95.4,card
02/02/26,R636896,Bread,Bakery,7,8.37,58.59,32.1%,N/A
02-02-2026,R597869,Milk,Dairy,5,6.0,€30.00,₺23.20,CASH
02/02/26,R205296,Bread,Bakery,9,3.9,35.10 EUR,26.34,Cash
02/02/26,R839979,Chips,Snacks,18,3.7%,66.42,37.11,Card
02/02/2026,R760605,Cereal,Breakfast,11,5.0,"55,00",36.86,Mobile
"Feb 02, 2026",R829665,Milk,Dairy,7,3.97,27.79,16.26,Mobile
"Feb 02, 2026",R386127,Chips,Snacks,19,9.92,188.48,126.44,
02-02-2026,R575091,Milk,Dairy,8,£9.67,77.36,40.6%,
02.02.2026,R322854,Milk,Dairy,7,2.49,17.43,11.19,CASH
02 Feb 2026,R869717,Milk,Dairy,3,1.53,4.59,3.22,Card
02 Feb 2026,R143506,Cereal,Breakfast,10,7.74,77.40 EUR,40.52,card
02/02/2026,R297489,  Frozen Pizza  ,Frozen,18,9.91,178.38,130.04,Card
02/02/26,R855561,Soda,Beverages,11,$2.50,27.50,14.59,Mobile
02-02-2026,R807264,Cereal,Breakfast,20,6.26,125.2,74.51,Cash
"Feb 02, 2026",R242246,Frozen Pizza,Frozen,9,7.44,66.96,52.97,null
02.02.2026,R244946,Soda,Beverages,8,7.29,58.3%,N/A,CASH
2026-02-02,R696000,Milk,Dairy,19,7.29,138.51,103.43,
"Feb 02, 2026",R101678,  Canned Soup  ,Canned Goods,4,2.49,9.96,5.90,Cash
02-02-2026,R347185,Cereal,Breakfast,15,6.28,94.2,47.53,card
2026/02/02,R307945,Milk,Dairy,12,9.06,108.72,"62,16",
"Feb 02, 2026",R900581,Chips,Snacks,5,"1,32","6,60",3.53,NA
02.02.2026,R265552,Bread,Bakery,7,9.32,65.24,37.24,n/a
2026/02/02,R960839,Chips,Snacks,7,1.78,12.46,7.36,Cash
03/02/26,R891535,Milk,Dairy,13,4.89,63.57,33.46,CASH
2026/02/03,R559408,Milk,Dairy,5,8.93,44.65,₺31.53,
03/02/2026,R439177,Canned Soup,Canned Goods,8,9.99,79.92 USD,45.26,Card
2026-02-03,R808587,Milk,Dairy,10,3.35,NULL,21.38 TRY,Cash
03.02.2026,R312545,Chips,Snacks,20,6.66,133.2,$74.63,Mobile
03 Feb 2026,R843708,Chips ,Snacks,17,6.83,116.11,84.8,card
02/03/2026,R772117,Bread,Bakery,8,2.86,22.88,12.35,N/A
03/02/2026,R536006,Frozen Pizza,Frozen,16,2.09,33.44,22.4,CASH
03 Feb 2026,R175110,Cereal,Breakfast,7,5.90,₺41.30,27.88,card
03/02/26,R629196,Bread,Bakery,1,6.09,6.1%,3.74,
02/03/2026,R591522,Bread,Bakery,14,6.12,85.68,47.76 TRY,Cash
02/03/26,R756542,Cereal,Breakfast,5,9.14,45.7,34.82,Mobile
03/02/2026,R352806,Chips,Snacks,5,2.32,11.6%,"5,96",Cash
03/02/26,R848972,Canned Soup,Canned Goods,19,5.47 TRY,103.93,75.08 EUR,Card
03.02.2026,R307569,Milk,Dairy,19,7.93,150.67,111.94,card
"Feb 03, 2026",R248084,Milk ,Dairy,1,4.44,4.44,2.31,Cash
03/02/2026,R891462,Canned Soup,Canned Goods,17,1.71,29.07,"16,35",
03.02.2026,R350659,Frozen Pizza,Frozen,15,6.32,94.8%,54.49,Cash
03/02/2026,R806921,Milk,Dairy,15,1.87,28.05,21.1,N/A
2026/02/03,R606229,Milk,Dairy,14,8.28,115.9%,67.45,Card
03/02/26,R466920,Soda,Beverages,3,1.3%,4.02,2.58,NONE
03/02/2026,R963083,Milk,Dairy,11,5.44,59.84,31.24,CASH
03/02/2026,R677674,Canned Soup,Canned Goods,2,8.13,$16.26,8.62,Mobile
02/03/26,R115462,bread,Bakery,4,8.4%,33.76,17.4%,
02/03/2026,R585662,Bread,Bakery,18,2.02,36.36,19.71,card
03/02/26,R340698,Frozen Pizza,Frozen,18,6.0,108.0,82.21,Card
03/02/2026,R326042,Frozen Pizza,Frozen,15,7.72,115.80,69.99,
03 Feb 2026,R694632,Frozen Pizza,Frozen,10,8.55,85.5,47.18,none
02/03/26,R337060,Frozen Pizza,Frozen,19,3.67,69.73,51.53,
03/02/2026,R506584,Soda,Beverages,1,1.55,1.55,0.82 EUR,card
03/02/26,R210724,Chips,Snacks,18,7.6,$136.80,103.48,n/a
03-02-2026,R918437,Canned Soup,Canned Goods,13,6.4%,83.72,47.54,Card
02/03/2026,R303129,  Cereal  ,Breakfast,7,6.85,47.95,29.78,Cash
2026-02-03,R945871,Bread,Bakery,3,4.95 USD,14.85,10.5%,
2026/02/03,R514230,Chips,Snacks,2,₺8.01,16.02,12.5%,Cash
2026-02-03,R826230,Chips,Snacks,4,4.02,16.08,11.77,Cash
2026/02/03,R243914,Canned Soup,Canned Goods,19,2.73,51.87,31.65,CASH
03/02/26,R149461,Chips,Snacks,3,4.14,12.42,8.9%,
02/03/2026,R721456,Chips,Snacks,3,5.54,16.62,none,CASH
02/03/26,R114355,Frozen Pizza,Frozen,16,5.86,93.76,"52,98",NA
none,R144439,Bread,Bakery,8,5.41,43.28,32.2,nan
2026-02-04,R384409,Soda,Beverages,1,2.33,2.33,1.41,Mobile
04-02-2026,R498870,  Chips  ,Snacks,20,8.73,174.6,128.04,
04 Feb 2026,R850629,Chips,Snacks,3,4.72,14.16,7.9,CASH
04/02/2026,R804239,Canned Soup,Canned Goods,10,9.4,94.0,69.24,
2026-02-04,R437753,Bread,Bakery,5,3.32,16.6,12.45,CASH
04 Feb 2026,R563369,Soda,Beverages,10,8.58,85.8,56.65,Mobile
2026-02-04,R206149,Canned Soup,Canned Goods,12,"8,78",105.36,55.89,CASH
04 Feb 2026,R820715,Cereal,Breakfast,20,$8.34,166.8,122.92,CASH
none,R433978,Cereal,Breakfast,12,8.57,102.84,80.02,
2026/02/04,R410289,Soda,Beverages,13,6.9,89.7,52.47,
02/04/26,R740507,Chips,Snacks,18,4.77,85.86,55.48 TRY,Mobile
2026-02-04,R325848,Frozen Pizza,Frozen,17,8.61,146.37,109.36,Cash
2026-02-04,R125134,Soda,Beverages,13,7.56,98.28,--,Mobile
02/04/2026,R621009,Cereal,Breakfast,9,3.68,33.12,17.29,Mobile
04 Feb 2026,R836529,Milk,Dairy,6,1.2,€7.20,"3,85",Mobile
"Feb 04, 2026",R483423,Frozen Pizza,Frozen,15,2.66,39.90,27.99,card
04/02/26,R863533,Chips,Snacks,20,£9.32,186.4%,145.51,
02/04/26,R288204,Chips,Snacks,12,5.29,63.5%,43.81,CASH
04/02/26,R614362,Chips,Snacks,19,3.18,60.42,37.21,CASH
04.02.2026,R566559,Milk,Dairy,11,1.97,21.67,14.42,Mobile
04/02/26,R630072,Cereal,Breakfast,7,6.26 USD,43.82,30.57,
04 Feb 2026,R283965,Frozen Pizza,Frozen,13,4.94,$64.22,45.88,
04-02-2026,R846893,Chips,Snacks,7,3.36,23.52,14.63,CASH
04.02.2026,R557913,Frozen Pizza,Frozen,20,5.52,110.4,83.08,NONE
02/04/2026,R292913,Cereal,Breakfast,2,8.05,16.1%,8.55,CASH
04-02-2026,R432573,  Bread  ,Bakery,5,3.37,16.85,10.38,
04/02/26,R153996,Milk ,Dairy,5,"1,05",5.25 TRY,3.91,Mobile
02/04/2026,R340007,Canned Soup,Canned Goods,9,4.99,44.91,31.69,Card
2026/02/04,R716166,Bread,Bakery,7,2.15,15.05,10.52,
04-02-2026,R588887,BREAD,Bakery,17,3.44,58.48,39.77 EUR,Card
02/04/2026,R985594,Soda,Beverages,10,4.53,45.3,30.94,Cash
04/02/26,R817561,Chips,Snacks,11,5.52,60.72,40.05,Cash
02/04/2026,R888417,Milk,Dairy,2,6.21,"12,42",6.85,Card
04-02-2026,R612286,Bread ,Bakery,5,6.81,34.05,22.21,CASH
04-02-2026,R268573,Canned Soup,Canned Goods,15,5.48,NULL,₺50.27,
2026/02/04,R950396,Soda,Beverages,18,3.79,68.22,39.68,
02/04/26,R539946,Chips,Snacks,14,9.63,134.8%,86.87,none
02/04/2026,R822805,Milk,Dairy,9,2.85,25.65,19.8%,Card
02/04/26,R837634,Chips,Snacks,18,2.08,37.44,19.97,card
04/02/2026,R492024,Frozen Pizza,Frozen,6,8.57,51.42,30.34 EUR,Cash
04.02.2026,R548186,Frozen Pizza,Frozen,14,₺8.20,114.8,86.12,Card
02/04/2026,R828817,Soda,Beverages,17,2.9%,49.64,26.3,card
04/02/26,R982588,Soda,Beverages,2,8.55,₺17.10,11.07,--
2026/02/04,R706926,Chips,Snacks,8,4.91,39.28,24.52,Mobile
04/02/2026,R633489,Bread,Bakery,4,"6,07",24.28,€15.09,Cash
2026-02-04,R654840,Frozen Pizza,Frozen,2,9.64,19.28,€9.87,Mobile
2026/02/04,R692718,Bread,Bakery,10,4.82,48.2,25.12,CASH
05 Feb 2026,R916674,Cereal,Breakfast,4,9.14,36.56,20.38,CASH
2026-02-05,R824362,Milk,Dairy,4,4.82,19.28,11.02,Card
05 Feb 2026,R910810,Soda,Beverages,5,8.6,43.00,25.1%,card
"Feb 05, 2026",R375872,  Frozen Pizza  ,Frozen,9,4.71,£42.39,32.09,Card
05-02-2026,R334045,Soda,Beverages,16,7.58,121.28,€61.27,Mobile
"Feb 05, 2026",R665184,Cereal,Breakfast,6,6.78,40.68,22.06,card
05.02.2026,R623845,Cereal,Breakfast,14,1.71,23.94,16.99,Card
05-02-2026,R190382,Milk,Dairy,20,2.94,58.8,46.24,Mobile
05-02-2026,R871120,Frozen Pizza,Frozen,12,6.7,80.4,56.5%,Cash
05-02-2026,R631159,Milk,Dairy,7,5.42,37.94,nan,Mobile
"Feb 05, 2026",R361728,Frozen Pizza,Frozen,10,8.67,"86,70",57.63,card
null,R506918,Cereal,Breakfast,16,6.95,111.2,57.83 USD,Mobile
05 Feb 2026,R746172,Chips,Snacks,15,3.82,57.3,43.25,CASH
05-02-2026,R478583,Bread,Bakery,20,€9.73,194.6,119.73,
05 Feb 2026,R706984,Milk,Dairy,1,6.27,6.27,3.74,
02/05/2026,R130041,Chips,Snacks,4,6.9%,27.72,16.52,Mobile
05/02/26,R914845,Cereal,Breakfast,19,9.02,171.4%,115.17,Cash
02/05/26,R974293,Chips,Snacks,8,3.29,26.32,"15,45",Card
05-02-2026,R244373,Milk,Dairy,15,7.52,112.8,61.94,card
"Feb 05, 2026",R329403,Canned Soup,Canned Goods,3,9.45 EUR,28.35,14.93,Card
N/A,R338720,Chips,Snacks,10,3.87,38.70 TRY,,
05/02/26,R861855,Cereal,Breakfast,6,7.49,44.94,"26,19",Card
05.02.2026,R546985,Canned Soup,Canned Goods,5,5.19 TRY,25.95,16.81,Mobile
02/05/26,R209332,Bread,Bakery,12,9.13,109.56,75.66,Cash
02/05/26,R496990,Chips,Snacks,4,"6,43",25.72,₺18.24,
05 Feb 2026,R472336,Bread,Bakery,5,₺4.39,21.95,13.68,n/a
06/02/26,R116435,Cereal,Breakfast,10,9.34,93.40 EUR,67.25 EUR,nan
02/06/2026,R555085,Soda,Beverages,2,7.59,"15,18","9,46",Mobile
2026/02/06,R262959,Canned Soup,Canned Goods,13,8.34,108.42,68.81,Cash
2026-02-06,R272373,Milk,Dairy,5,1.6,8.0,4.52,
06/02/2026,R972976,Cereal,Breakfast,6,6.3,37.80 EUR,"28,16",
"Feb 06, 2026",R103200,Canned Soup,Canned Goods,1,4.76,4.76,2.65,CASH
2026-02-06,R746959,Soda,Beverages,18,7.7%,138.24 USD,89.36,CASH
06/02/2026,R847996,Chips,Snacks,5,6.68,33.4,24.51,Mobile
02/06/26,R700067,Cereal,Breakfast,4,4.35,17.4,13.15,none
06/02/26,R710923,Milk,Dairy,2,5.29,10.58,5.54,Card
2026/02/06,R414606,Bread,Bakery,11,1.31,14.41,11.18 TRY,-
2026/02/06,R787740,Cereal,Breakfast,6,9.63,57.78,43.79,Mobile
02/06/2026,R942537,Milk,Dairy,1,7.21,7.21,4.43,CASH
"Feb 06, 2026",R609025,Frozen Pizza,Frozen,1,1.58,1.58,1.06,card
2026/02/06,R125696,Bread,Bakery,7,3.38,23.66,14.02,nan
06 Feb 2026,R481671,FROZEN PIZZA,Frozen,9,2.77,24.93,15.09,Mobile
06/02/26,R378167,Milk,Dairy,15,1.77,26.55,13.55,none
02/06/2026,R790817,Frozen Pizza,Frozen,1,7.6,7.6,5.08,
02/06/26,R879367,  Cereal  ,Breakfast,13,2.14,27.82,18.77,Card
06/02/2026,R534568,Cereal,Breakfast,7,1.02,"7,14","3,63",Card
02/06/2026,R348664,Bread,Bakery,16,5.05,80.8,43.37,
06.02.2026,R471247,Frozen Pizza,Frozen,11,6.1%,"66,99",38.50,Mobile
06 Feb 2026,R677357,Frozen  Pizza,Frozen,1,7.94,7.94,5.68,card
n/a,R552298,Canned Soup,Canned Goods,18,2.56,46.08,30.45,card
06/02/26,R882361,soda,Beverages,15,€8.90,133.5,72.42,Mobile
"Feb 06, 2026",R396781,Soda,Beverages,4,3.64,14.56,11.64,Cash
06-02-2026,R762761,chips,Snacks,14,3.81,53.3%,31.04,Card
06.02.2026,R618101,  Cereal  ,Breakfast,9,7.0%,62.6%,45.5,card
NULL,R791408,Cereal,Breakfast,4,7.7,30.80,21.58,Card
06/02/26,R893163,Chips,Snacks,4,3.33,13.32,10.12,CASH
06/02/26,R995164,  Frozen Pizza  ,Frozen,8,1.05,8.4,6.09,Cash
06.02.2026,R614970,Canned Soup,Canned Goods,6,2.54,NA,7.78,Card
02/06/2026,R984934,Milk,Dairy,2,7.57,nan,9.80,card
02/06/2026,R414205,Chips,Snacks,19,9.78,185.82,124.72,Card
2026-02-06,R630842,Cereal,Breakfast,15,5.26,78.90,40.21,Card
06 Feb 2026,R147640,  Canned Soup  ,Canned Goods,19,4.3%,82.08,55.2%,nan
06/02/26,R855668,Canned Soup,Canned Goods,20,7.47,149.40,118.03 USD,Card
06-02-2026,R382143,Chips,Snacks,5,7.27,36.35,24.87,
02/06/26,R823396,Frozen Pizza,Frozen,5,9.87,49.35,38.46,Mobile
N/A,R729347,Soda,Beverages,20,9.31,186.2,126.33,Cash
2026/02/06,R889890,Frozen Pizza,Frozen,2,3.1%,6.18,3.44,Card
06-02-2026,R668297,Soda,Beverages,11,5.8,63.8,45.71,Mobile
06 Feb 2026,R441040,Chips,Snacks,4,1.58,6.32,3.7%,
,R833945,  Soda  ,Beverages,4,5.28,21.12,12.03,CASH
2026/02/06,R184192,Bread,Bakery,4,8.43,33.72,16.91,
06-02-2026,R520170,Canned Soup,Canned Goods,17,2.08,35.36,23.82,CASH
N/A,R135084,Cereal,Breakfast,2,9.03,none,13.9,
NULL,R841988,chips,Snacks,19,"3,93","74,67",51.07 TRY,CASH
2026-02-06,R943583,Bread,Bakery,11,6.08,66.88,44.97 USD,card
02/06/26,R297353,soda,Beverages,20,2.46,49.2,36.98,Mobile
06/02/26,R494152,Cereal,Breakfast,14,4.47 TRY,"62,58",₺44.75,Cash
02/06/2026,R442948,Frozen Pizza,Frozen,8,2.58,20.64,10.82 TRY,Card
n/a,R379013,Canned Soup,Canned Goods,18,2.03,36.54,25.36 EUR,
06 Feb 2026,R430895,Soda,Beverages,13,5.21,67.73,49.78,
06.02.2026,R701514,Milk,Dairy,11,3.31,36.41,27.76,
06 Feb 2026,R278218,Canned Soup,Canned Goods,1,9.73,9.73,5.06,CASH
06.02.2026,R775560,Soda,Beverages,5,8.45,42.25 TRY,26.46,CASH
2026-02-06,R934355,Bread,Bakery,8,1.93,15.44 USD,12.24,CASH
06 Feb 2026,R535292,Canned Soup ,Canned Goods,8,4.92,39.36,23.54,Card
06 Feb 2026,R203377,Canned  Soup,Canned Goods,8,4.22,33.76 TRY,26.03,Card
2026-02-06,R154035,Cereal ,Breakfast,9,9.44,84.96,€63.51,Mobile
06/02/2026,R456643,Frozen Pizza,Frozen,8,1.39,--,8.33,Card
02/06/26,R257989,FROZEN PIZZA,Frozen,17,2.98,50.66 EUR,38.25,Card
02/06/2026,R200737,Cereal,Breakfast,19,4.73,89.87,"54,74",Card
2026/02/06,R205308,  Canned Soup  ,Canned Goods,17,1.42,24.14,12.1%,Cash
"Feb 06, 2026",R558200,Canned Soup,Canned Goods,7,9.66,67.62,47.86,Mobile
06.02.2026,R228074,Canned Soup,Canned Goods,13,2.35 USD,30.55,17.12,Mobile
"Feb 06, 2026",R196008,Chips,Snacks,11,4.43,48.73,38.68,Card
02/06/2026,R168617,chips,Snacks,10,3.05,30.5,17.24,
06/02/2026,R863043,Milk,Dairy,20,2.46,"49,20",35.7,Cash
06 Feb 2026,R537884,Chips,Snacks,8,1.68,13.44,7.03,CASH
02/06/2026,R873661,Chips,Snacks,12,1.8,21.6,12.1,Card
06 Feb 2026,R429731,Milk,Dairy,11,8.1,89.1,49.4,CASH
06.02.2026,R575610,Canned Soup,Canned Goods,12,9.66,115.92,91.17,CASH
06.02.2026,R812011,Frozen Pizza,Frozen,3,9.54 TRY,28.62,17.8,Card
06.02.2026,R415845,Canned Soup,Canned Goods,10,3.51,35.1,25.9%,NA
06-02-2026,R927641,Bread,Bakery,9,2.59,23.31,16.06,card
02/07/26,R916084,MILK,Dairy,18,€2.17,39.06,24.25,Card
2026-02-07,R352913,Chips,Snacks,6,8.55,51.3,25.81,Mobile
02/07/26,R299547,Canned Soup,Canned Goods,7,3.3,23.10 EUR,15.43,N/A
2026/02/07,R456228,Milk,Dairy,17,9.41,NULL,107.07,
02/07/2026,R424808,Chips,Snacks,17,2.1%,35.19,18.59,Card
2026/02/07,R313492,Canned Soup,Canned Goods,4,9.63,38.52,22.78,
07/02/26,R778476,Bread,Bakery,10,3.34,33.40,24.21,Cash
2026-02-07,R693367,Soda,Beverages,18,1.9,34.2,17.91,
nan,R523475,Frozen Pizza,Frozen,6,2.36,14.16,7.25,card
2026/02/07,R824359,Milk,Dairy,18,2.43,43.74,24.03,card
02/07/2026,R454523,Canned Soup,Canned Goods,14,2.67,37.38,26.16,Card
nan,R190497,Frozen Pizza,Frozen,7,4.88,34.16,19.73,CASH
02/07/2026,R205722,Milk,Dairy,6,2.08,12.5%,NONE,CASH
02/07/2026,R687769,Frozen Pizza,Frozen,18,8.56,n/a,117.68,Cash
07/02/26,R115244,Cereal,Breakfast,19,6.19,117.61,92.71,card
07 Feb 2026,R208232,Frozen Pizza,Frozen,11,9.47,104.17,79.88,Mobile
2026/02/07,R155515,  Cereal  ,Breakfast,4,4.89,19.56,₺14.40,Cash
07/02/2026,R464980,Soda,Beverages,1,8.98 EUR,8.98,5.68,
07/02/2026,R372920,  Bread  ,Bakery,12,8.78,105.36,58.07,N/A
07-02-2026,R578259,Cereal,Breakfast,17,5.17,87.89,65.43,
02/07/26,R424918,Canned Soup,Canned Goods,2,6.66,13.32,8.25 EUR,Mobile
"Feb 07, 2026",R393522,Frozen Pizza,Frozen,20,1.90,£38.00,20.17,CASH
07/02/26,R486981,Frozen Pizza,Frozen,13,7.87 USD,102.31,"64,68",Cash
2026-02-07,R228512,Soda,Beverages,5,3.8,19.00 EUR,14.66,Card
07/02/2026,R877548,Bread ,Bakery,6,6.92,41.52,30.77,Cash
02/07/2026,R297990,Bread,Bakery,15,8.3%,124.65,79.8,NA
07/02/26,R775029,Bread,Bakery,6,7.65,,25.33,
07.02.2026,R517841,Chips,Snacks,9,7.59,68.3%,42.55,Cash
2026-02-07,R633487,Canned Soup,Canned Goods,5,9.30 USD,46.5,"23,27",Mobile
2026-02-07,R821634,Frozen Pizza,Frozen,8,"2,87",22.96,18.19,
07 Feb 2026,R825855,Canned Soup,Canned Goods,11,4.5,49.5,37.48,card
"Feb 07, 2026",R763728,Canned Soup,Canned Goods,9,6.56,59.04,34.76 TRY,Cash
nan,R767403,Chips,Snacks,1,8.53,8.53,5.37,Mobile
02/07/2026,R226818,  Canned Soup  ,Canned Goods,1,4.79,4.79,3.09,Card
02/07/2026,R336455,Bread,Bakery,13,6.61,85.93,48.24,Card
02/07/26,R384191,Milk,Dairy,9,1.64,14.76,10.79,none
07/02/2026,R147602,Frozen Pizza,Frozen,6,£9.92,59.52,32.69,
08.02.2026,R461485,Cereal,Breakfast,17,"4,60",78.2,42.54,nan
"Feb 08, 2026",R941104,Cereal,Breakfast,10,3.32,33.2,17.91,Mobile
08-02-2026,R921339,Soda,Beverages,6,9.18,55.08,"38,41",Mobile
"Feb 08, 2026",R897393,Cereal,Breakfast,9,8.62,--,"42,17",Mobile
02/08/26,R139084,  Canned Soup  ,Canned Goods,12,6.2%,74.76,47.29,
02/08/26,R276967,Frozen Pizza,Frozen,19,9.23,175.37,103.0,-
02/08/2026,R267663,Frozen Pizza,Frozen,17,2.08,35.36,25.56,NA
2026/02/08,R449116,Milk,Dairy,15,3.95 USD,59.25,31.68 TRY,Cash
08/02/26,R691034,Chips,Snacks,15,8.85,132.75,85.49,NA
08.02.2026,R887744,Cereal,Breakfast,16,9.54,152.64,108.42,Cash
2026/02/08,R928383,Milk,Dairy,8,"7,07",56.56,40.67,N/A
08/02/2026,R258343,Cereal,Breakfast,7,6.55,45.85,25.6%,card
08/02/26,R622861,Canned Soup,Canned Goods,12,8.16,97.92,49.81,Cash
08 Feb 2026,R320897,Canned Soup,Canned Goods,19,5.16,₺98.04,53.08,
08 Feb 2026,R706915,  Bread  ,Bakery,2,4.78,9.56,4.87,
02/08/26,R167379,cereal,Breakfast,9,5.91,53.19,34.25,CASH
2026/02/08,R627602,Bread,Bakery,2,1.95,N/A,2.26,
2026/02/08,R983522,Cereal,Breakfast,8,1.15,9.2,5.05,Card
"Feb 08, 2026",R893869,Chips,Snacks,5,3.17,15.85,12.04,Card
08.02.2026,R896450,Canned Soup,Canned Goods,15,2.19,32.85,20.77,Mobile
08 Feb 2026,R926944,CANNED SOUP,Canned Goods,13,8.13,105.69,60.21,card
2026-02-08,R124469,Canned Soup ,Canned Goods,3,7.87,23.61,15.21,Cash
08/02/26,R192753,Frozen Pizza,Frozen,16,5.86,₺93.76,74.24 TRY,Card
"Feb 08, 2026",R268090,Milk,Dairy,20,7.07,141.4,77.53,none
-,R685162,Chips,Snacks,20,8.53,170.6,100.15,CASH
08/02/26,R237271,Canned Soup,Canned Goods,19,7.71 EUR,146.49,78.77,card
02/09/2026,R525558,Canned Soup,Canned Goods,7,9.21,64.47,42.77,Card
09/02/26,R402129,Cereal,Breakfast,18,2.0%,₺36.00,22.69,CASH
02/09/2026,R148829,Chips,Snacks,6,8.18,49.08,27.24,Cash
2026-02-09,R302110,Bread,Bakery,18,2.41,43.38,31.61,card
09/02/2026,R847621,Chips,Snacks,6,6.37 EUR,38.22,22.17 EUR,
02/09/26,R885710,Chips,Snacks,16,6.07,97.12,73.56,Mobile
09.02.2026,R157154,Milk,Dairy,17,4.02,68.3%,52.76,NA
2026/02/09,R149612,BREAD,Bakery,2,8.52,17.04 TRY,10.38,card
2026/02/09,R755565,Soda,Beverages,20,3.24,€64.80,46.36,NA
02/09/26,R111466,Bread,Bakery,15,6.19,92.85,61.63,card
02/09/2026,R278077,Soda,Beverages,3,4.66 TRY,NA,9.27,card
2026/02/09,R120268,Frozen Pizza,Frozen,4,5.5%,22.00,12.81,
02/09/26,R345472,Soda,Beverages,17,€3.53,60.01,35.42,Mobile
n/a,R365484,Bread,Bakery,3,6.97,20.91,15.31,Mobile
09/02/2026,R134987,Bread,Bakery,16,1.05,16.8,13.17,card
02/09/26,R734816,Cereal,Breakfast,9,3.94,35.46,19.87,Cash
09/02/26,R765785,Soda,Beverages,17,8.33,141.61,79.07,card
"Feb 09, 2026",R771559,Soda,Beverages,3,1.94,5.82,3.87,NULL
2026/02/09,R678934,Canned Soup,Canned Goods,11,3.64,40.04,25.56,nan
09/02/2026,R861290,Frozen Pizza,Frozen,7,"3,81",26.67,19.67,Cash
09/02/26,R159598,Chips,Snacks,12,2.35,28.2,17.94,
2026-02-09,R519142,Milk,Dairy,15,"9,88",148.2%,100.24,Mobile
09.02.2026,R709688,Chips,Snacks,10,6.08,60.80 EUR,34.07,Card
09 Feb 2026,R437506,Milk,Dairy,12,8.66,103.92,67.9,
09/02/2026,R589154,Chips,Snacks,20,5.04,100.8,71.5,card
NA,R900228,Canned Soup,Canned Goods,17,8.42,143.14,105.76,CASH
02/09/26,R586536,Cereal,Breakfast,6,4.19,25.14,"18,29",card
"Feb 09, 2026",R891153,Frozen Pizza,Frozen,13,9.17,"119,21",73.05,Cash
09-02-2026,R333444,soda,Beverages,10,4.57,45.70,30.24,Cash
09 Feb 2026,R393807,Cereal,Breakfast,8,3.45,27.60 EUR,17.93,Cash
09/02/26,R512222,Frozen Pizza ,Frozen,14,"7,25",101.5,66.84,Mobile
09/02/2026,R789661,Canned Soup,Canned Goods,10,7.26,72.6,56.75,Cash
2026-02-09,R188062,Cereal,Breakfast,19,8.28,157.32,91.0%,CASH
09-02-2026,R628885,Chips,Snacks,12,3.44,41.28,29.69,Cash
2026-02-09,R400208,Chips,Snacks,1,6.68,6.68,3.49,N/A
09/02/26,R502409,Chips,Snacks,20,5.24,104.8,56.94,CASH
02/09/2026,R750173,Milk,Dairy,6,6.56,39.36,-,Card
09-02-2026,R688821,Cereal,Breakfast,14,7.79,109.06,81.86 USD,n/a
"Feb 09, 2026",R360739,Canned Soup,Canned Goods,11,1.74 EUR,19.14,14.60,card
2026-02-09,R546302,Soda,Beverages,11,2.92,32.12,17.58,null
2026/02/09,R916577,Milk,Dairy,10,5.77,57.7,"36,73",CASH
2026-02-09,R953616,Milk,Dairy,17,1.51,25.67,17.5%,card
02/09/26,R979551,Frozen Pizza,Frozen,1,3.49,3.5%,2.03,NULL
02/09/2026,R990790,Bread,Bakery,2,7.56,15.12,11.75,Card
2026-02-09,R190629,Chips,Snacks,17,4.17,70.89,42.58,card
09/02/26,R930502,milk,Dairy,12,2.17,26.04,€16.21,CASH
09/02/2026,R285406,Canned Soup,Canned Goods,18,5.05,90.9,64.24,card
09-02-2026,R866850,Soda,Beverages,19,3.21,60.99,37.51,Mobile
09 Feb 2026,R998041,Frozen Pizza,Frozen,10,9.22,92.2,73.3%,CASH
2026/02/09,R653147,Canned Soup,Canned Goods,19,9.89,187.91,113.42,--
09/02/2026,R851407,Soda,Beverages,10,6.74,67.4,NONE,CASH
09/02/26,R653392,Cereal,Breakfast,12,4.27,51.24,27.11,Cash
09/02/2026,R473422,Bread,Bakery,16,1.65,26.4,17.18,
09-02-2026,R449908,Milk,Dairy,9,2.68,24.12,14.88,Cash
02/09/2026,R798492,Cereal,Breakfast,13,8.89,115.57,85.08,
2026-02-09,R946107,Chips,Snacks,4,1.3%,5.16,3.84,Card
09/02/2026,R872941,Cereal,Breakfast,10,5.58,55.8,37.34,card
09-02-2026,R466804,soda,Beverages,13,2.89,37.57,27.95 USD,
09/02/2026,R347425,Soda,Beverages,10,4.25,42.5,NA,card
09-02-2026,R528906,Cereal,Breakfast,1,9.39 USD,9.39,5.48,Mobile
2026-02-09,R958208,Bread,Bakery,7,1.79,12.53,9.56,--
N/A,R680918,Cereal,Breakfast,18,8.65,155.70,€111.92,Mobile
02/09/26,R140096,Chips,Snacks,14,8.87,"124,18",66.8,Cash
"Feb 09, 2026",R207832,Chips,Snacks,10,6.77,67.7,35.18,CASH
"Feb 09, 2026",R231654,Canned Soup,Canned Goods,9,2.5,22.5,"14,25",Mobile
09-02-2026,R452999,CANNED SOUP,Canned Goods,14,5.68,79.52,62.81,NONE
"Feb 10, 2026",R820087,Chips,Snacks,9,6.86,"61,74",42.72,CASH
10/02/26,R601823,Frozen Pizza,Frozen,11,2.26,$24.86,€13.79,Card
10 Feb 2026,R693320,Canned Soup,Canned Goods,10,4.36,43.6,31.9%,Card
10-02-2026,R844216,Cereal,Breakfast,7,4.66,32.62,19.63,NONE
10/02/26,R778766,Soda,Beverages,10,8.21,₺82.10,58.9%,
10/02/26,R280601,Frozen Pizza,Frozen,13,1.98,25.74,20.21,Mobile
"Feb 10, 2026",R516013,Cereal,Breakfast,15,5.11,76.65,55.71,CASH
2026/02/10,R533302,  Milk  ,Dairy,14,5.34,74.76,51.75,
10.02.2026,R610592,Milk,Dairy,8,3.72,29.76,€20.24,
10.02.2026,R370785,Soda,Beverages,19,4.84,91.96,57.24,Mobile
"Feb 10, 2026",R323557,Chips,Snacks,19,£8.59,163.21,110.07,Mobile
"Feb 10, 2026",R649634,Frozen Pizza,Frozen,6,6.52,39.12,25.65,none
02/10/2026,R513023,Cereal,Breakfast,17,9.25,157.25,88.03,Mobile
02/10/26,R711388,Chips,Snacks,3,5.54,16.62,none,
"Feb 10, 2026",R425368,frozen pizza,Frozen,20,5.81,116.2,69.2,Card
10/02/2026,R683600,Bread,Bakery,6,8.51,"51,06",33.55,Mobile
02/10/26,R702848,Bread,Bakery,2,1.27,2.54,1.76,Mobile
02/10/2026,R873135,Frozen Pizza,Frozen,15,9.1%,-,84.74,CASH
10/02/26,R608801,Cereal,Breakfast,15,6.39,95.85,€75.89,CASH
"Feb 10, 2026",R144405,Canned Soup,Canned Goods,3,$5.84,17.52,12.96,Mobile
10/02/26,R393797,Milk,Dairy,15,2.29,"34,35",20.62 USD,Card
10/02/26,R760737,Soda,Beverages,10,5.53,55.3,43.64,
02/10/2026,R421820,Frozen Pizza,Frozen,2,2.1,4.2,3.12,
n/a,R821299,Cereal,Breakfast,11,8.19,90.09,61.62,Mobile
"Feb 10, 2026",R183423,Bread,Bakery,12,€7.49,89.88,68.64,Cash
10 Feb 2026,R432941,Canned Soup,Canned Goods,14,3.9,54.60,41.72,CASH
2026-02-10,R342124,Milk,Dairy,13,€7.74,100.62,56.64,none
2026/02/10,R909588,Frozen Pizza,Frozen,19,5.94,112.86 TRY,62.73,Card
02/10/26,R236090,Frozen Pizza,Frozen,19,8.31,157.89,null,Card
"Feb 10, 2026",R840192,Bread,Bakery,3,3.11,9.33,n/a,Cash
10 Feb 2026,R688215,Frozen Pizza,Frozen,3,9.33,€27.99,14.67,n/a
10-02-2026,R837134,Milk,Dairy,18,1.12,20.16,10.2,Mobile
10/02/2026,R776551,Soda,Beverages,2,3.55,7.10,4.98,
02/10/26,R320567,Frozen Pizza,Frozen,20,6.42,€128.40,89.68 TRY,Mobile
02/10/2026,R785664,Milk,Dairy,2,1.58,3.16,2.33,Card
10.02.2026,R362533,CEREAL,Breakfast,16,3.7,59.2,n/a,CASH
10/02/2026,R157972,Chips,Snacks,10,2.25,22.50 TRY,15.29 USD,Mobile
10/02/2026,R129515,Soda,Beverages,15,9.21,138.15,93.82,Card
10.02.2026,R395292,Cereal,Breakfast,5,9.85,49.2%,29.07,card
02/10/2026,R690357,Canned Soup,Canned Goods,15,8.14,122.1,78.19,Mobile
,R652712,Milk,Dairy,1,3.71,3.71,2.71,Cash
02/10/2026,R932701,Milk,Dairy,12,9.29,111.48,76.99,Cash
none,R774458,Canned Soup,Canned Goods,1,9.87,9.87,5.85,NONE
10/02/26,R669410,Frozen Pizza,Frozen,11,6.92,76.12,40.05,
02/10/2026,R816521,Soda,Beverages,5,4.48,22.4,12.28,
10.02.2026,R801740,Bread ,Bakery,7,5.32,"37,24",€23.94,card
N/A,R499024,CEREAL,Breakfast,12,5.26,63.12,32.57,-
10.02.2026,R858539,Soda,Beverages,9,£2.98,26.82,19.15,Mobile
11/02/26,R466803,Bread,Bakery,9,8.35,75.15,42.47,
11-02-2026,R564755,Bread,Bakery,14,2.13,29.82,16.27,nan
11/02/26,R457582,Milk,Dairy,7,1.6,11.2,8.34,CASH
02/11/2026,R571765,Bread,Bakery,6,9.02,54.12,27.22,Mobile
11/02/2026,R759999,Bread,Bakery,7,8.73,61.11,"48,07",Cash
11 Feb 2026,R761894,Frozen  Pizza,Frozen,9,1.37,12.33,7.84,N/A
11/02/2026,R485961,Bread,Bakery,18,7.53,135.54,97.56,card
02/11/2026,R792961,Frozen Pizza,Frozen,8,8.65,69.2,50.9%,card
11.02.2026,R113402,Frozen Pizza,Frozen,2,1.3,2.6%,"1,54",Card
2026-02-11,R841943,Canned Soup,Canned Goods,19,5.42,102.98,81.79,Cash
02/11/2026,R608474,Cereal,Breakfast,14,"3,80",£53.20,28.36,card
2026/02/11,R876788,Chips,Snacks,20,8.08,161.6,120.23,N/A
02/11/2026,R824183,Bread,Bakery,9,"8,32","74,88",56.93,
2026-02-11,R671435,Chips,Snacks,10,3.62,36.2,NA,Card
11.02.2026,R875405,Cereal,Breakfast,1,3.0%,3.00,1.58 TRY,Card
02/11/2026,R340330,Soda,Beverages,8,9.45,75.60,45.37,Cash
02/11/2026,R608091,Canned Soup,Canned Goods,18,6.0%,108.36 TRY,84.22,Card
02/11/26,R374292,Milk,Dairy,12,4.09 USD,49.08,€26.64,card
11-02-2026,R226549,Milk,Dairy,16,9.7,155.2%,£91.22,Card
02/11/2026,R596755,Canned Soup,Canned Goods,12,6.83,81.96,58.7,
11/02/2026,R857059,Frozen Pizza,Frozen,9,9.13,82.17,42.22,nan
11-02-2026,R595021,Cereal ,Breakfast,5,3.67,18.35,9.39,card
"Feb 11, 2026",R796415,  Cereal  ,Breakfast,11,3.9,42.9,31.17,CASH
11.02.2026,R211501,Bread,Bakery,15,9.24,"138,60",92.77,Mobile
11-02-2026,R535658,Canned Soup,Canned Goods,6,7.91,-,£30.11,card
11/02/26,R316136,Cereal,Breakfast,7,4.36,30.52,23.94,
11.02.2026,R816160,Soda,Beverages,6,7.94,47.64,36.47,card
11.02.2026,R918425,MILK,Dairy,13,4.54,59.02,33.54,
2026/02/11,R508485,Cereal,Breakfast,19,2.83,53.77,41.56 TRY,Mobile
02/11/2026,R529391,Frozen Pizza,Frozen,11,3.62,39.82,28.33,NA
2026/02/11,R718356,Bread,Bakery,3,2.88,8.64,$4.49,nan
"Feb 11, 2026",R727263,Bread,Bakery,10,3.39,33.90,21.82,
02/11/2026,R317888,Milk,Dairy,15,4.59,68.85,50.79,
11/02/26,R575876,Frozen Pizza,Frozen,18,6.24,112.32,58.73,Card
02/12/26,R584716,Bread,Bakery,13,2.28,29.64,20.53,CASH
12 Feb 2026,R913328,Soda,Beverages,14,5.71,79.94,59.29,Card
12 Feb 2026,R867934,Cereal,Breakfast,4,4.49,17.96,11.2,card
n/a,R389093,CHIPS,Snacks,14,"3,08",--,26.41,CASH
--,R606847,Canned Soup,Canned Goods,8,8.03,64.24 EUR,nan,
12/02/26,R771921,  Canned Soup  ,Canned Goods,17,7.54,128.18,84.74,Cash
2026/02/12,R688800,Bread,Bakery,5,2.54,12.7,10.02,card
12/02/26,R377942,  Chips  ,Snacks,6,"8,64",51.84,31.44,Card
12-02-2026,R978865,Frozen Pizza,Frozen,4,2.69,10.76,6.66,CASH
12 Feb 2026,R821260,Canned Soup,Canned Goods,9,9.56,86.04,60.5%,Card
"Feb 12, 2026",R343587,Milk,Dairy,19,9.55 USD,181.45,115.73,card
nan,R362108,Bread,Bakery,2,1.26,2.52,1.32,Card
12 Feb 2026,R294971,Chips,Snacks,10,7.96,"79,60",44.99,CASH
2026/02/12,R373661,Bread,Bakery,5,7.67,none,29.46,
12/02/26,R745849,Soda,Beverages,11,1.88,"20,68",NA,Card
12/02/26,R624710,Soda,Beverages,16,2.37,37.92,"29,98",Card
02/12/2026,R333864,Canned Soup,Canned Goods,19,6.6,125.4,79.73,Cash
12 Feb 2026,R844718,Chips,Snacks,3,1.54,4.62,2.73,Cash
2026/02/12,R179537,Canned Soup,Canned Goods,15,5.63 EUR,84.45,55.88,
,R365066,Canned Soup,Canned Goods,20,4.07,₺81.40,58.53 TRY,
2026-02-12,R962399,Soda,Beverages,7,2.48,17.36,13.41,CASH
12-02-2026,R412861,Milk,Dairy,7,8.33,58.31,"45,45",
12 Feb 2026,R173380,Bread,Bakery,3,9.09,27.27 EUR,17.22,CASH
NONE,R767579,Milk,Dairy,3,2.6,7.80 TRY,4.43 TRY,CASH
12/02/2026,R338212,Frozen Pizza,Frozen,2,1.35 USD,2.70,1.62,--
02/12/26,R238231,  Milk  ,Dairy,13,2.75,35.75,25.49,
2026-02-12,R620338,milk,Dairy,2,6.31 USD,12.62,6.9%,
12/02/26,R867046,Milk,Dairy,2,4.69,9.38,6.1%,Mobile
12 Feb 2026,R915972,Canned Soup,Canned Goods,13,5.49,71.37,51.12,
12/02/2026,R210529,Frozen Pizza ,Frozen,13,9.79,127.27,92.11,NONE
12.02.2026,R176189,Canned Soup ,Canned Goods,11,2.91,32.01,19.82,--
02/12/26,R519809,Milk,Dairy,20,2.33,46.6,"30,80",Card
2026-02-12,R505786,Cereal,Breakfast,12,3.61,43.32,26.3%,nan
12.02.2026,R985900,Soda,Beverages,8,6.22,49.76,33.07,n/a
2026-02-12,R296425,Milk,Dairy,13,6.22,80.86,63.0%,
12 Feb 2026,R936268,Cereal,Breakfast,16,5.18,82.88,NA,Card
12-02-2026,R250412,Chips,Snacks,2,4.11,8.22,5.5,
02/12/2026,R609840,Milk,Dairy,5,7.32,36.6,24.01,none
12/02/2026,R507762,Milk,Dairy,4,2.16,nan,6.5%,Mobile
12/02/2026,R839830,Bread,Bakery,1,5.45,5.45,NA,Mobile
12/02/26,R459065,Cereal,Breakfast,13,1.09,none,£7.89,Card
02/12/2026,R654583,Frozen Pizza,Frozen,7,9.1%,63.70,46.31,Card
02/12/2026,R136471,Canned Soup,Canned Goods,14,4.85,67.90,42.88,card
12/02/26,R592428,Canned Soup,Canned Goods,4,4.66,18.64,14.01,card
2026-02-12,R632852,Bread,Bakery,6,5.29,31.74,23.69,CASH
"Feb 12, 2026",R323312,Frozen Pizza,Frozen,6,3.14,18.84,13.79,Mobile
12 Feb 2026,R175412,Milk,Dairy,16,2.41,38.56,29.29,CASH
12 Feb 2026,R187520,Frozen Pizza,Frozen,20,6.8%,₺136.20,84.6%,Mobile
"Feb 12, 2026",R383285,Chips,Snacks,19,1.9%,35.15,20.49,Card
2026-02-12,R854096,BREAD,Bakery,10,7.59,75.90,₺39.28,card
12/02/26,R319960,Soda,Beverages,15,9.1%,136.5,104.83,Mobile
12/02/26,R427045,Chips,Snacks,13,4.42,57.46,41.17,CASH
12/02/2026,R267208,Bread,Bakery,6,8.62,51.72,36.21,Card
2026-02-12,R526826,Frozen Pizza,Frozen,19,6.51,123.69,92.99,Cash
12/02/26,R511835,Bread,Bakery,6,8.62,51.72,31.24,Card
2026/02/12,R172942,Soda,Beverages,17,1.65,28.05 USD,17.21,Mobile
02/12/26,R493559,Bread,Bakery,11,3.37,37.07,22.48,Cash
12 Feb 2026,R823047,BREAD,Bakery,5,6.97,34.85,19.44,
2026-02-12,R456035,Soda,Beverages,10,8.76,87.6,53.40,CASH
2026-02-12,R706772,Bread,Bakery,9,8.45,76.05,56.02,CASH
12 Feb 2026,R521922,Milk,Dairy,9,"2,90",26.1,18.1%,Cash
2026/02/12,R555607,Cereal,Breakfast,2,2.45,4.9,3.24,
12/02/2026,R431277,Canned Soup,Canned Goods,4,8.44,33.8%,21.76,-
02/12/2026,R551115,Milk,Dairy,8,9.54,76.32,"47,06",Cash
12/02/2026,R528930,Chips,Snacks,18,7.72,138.96,80.66,card
02/12/26,R499361,Canned Soup,Canned Goods,13,3.77,N/A,25.35,Card
12/02/2026,R963801,Cereal,Breakfast,10,7.74,77.40,49.64,card
12/02/26,R710300,Canned Soup,Canned Goods,14,6.62,92.7%,70.48,Mobile
13.02.2026,R492022,Canned Soup,Canned Goods,9,2.76,24.84,-,CASH
"Feb 13, 2026",R706197,Canned Soup,Canned Goods,12,9.99,119.88,94.01,Mobile
13/02/2026,R513444,Chips,Snacks,5,5.76,28.8,"17,37",Card
"Feb 13, 2026",R214680,Cereal,Breakfast,20,3.56,71.20 EUR,48.46,CASH
13-02-2026,R961668,Cereal,Breakfast,3,7.07,21.21,13.67 TRY,CASH
"Feb 13, 2026",R270455,Cereal,Breakfast,9,1.53,13.77,7.09,
13 Feb 2026,R709833,Chips,Snacks,17,7.27,€123.59,92.67 USD,Card
13.02.2026,R859549,Bread,Bakery,5,8.99,44.95,23.08,card
"Feb 13, 2026",R819149,Cereal,Breakfast,1,1.66,1.66,1.14,CASH
13/02/26,R939306,Bread,Bakery,14,6.76,£94.64,66.56,
13/02/2026,R411325,Milk,Dairy,5,2.36,11.8,6.35,Mobile
13/02/2026,R623840,Frozen Pizza ,Frozen,2,1.75,3.50,2.44,--
02/13/2026,R346637,Frozen Pizza,Frozen,14,4.76,66.64,53.2,card
2026/02/13,R672330,Frozen Pizza,Frozen,11,5.57,61.3%,48.65,card
NONE,R125683,Bread,Bakery,8,4.8,$38.40,23.9,NULL
13/02/26,R252516,Chips,Snacks,8,6.42,51.36,29.69,
2026/02/13,R494916,Chips,Snacks,10,1.14,11.4,8.23,Mobile
02/13/26,R606758,Chips,Snacks,3,"8,48","25,44",17.3,Mobile
2026-02-13,R828259,Bread,Bakery,2,7.88,n/a,8.52,Mobile
"Feb 13, 2026",R978313,Bread ,Bakery,4,6.58,26.32,19.83,card
13/02/26,R559813,Bread,Bakery,20,9.5%,189.6,95.36,Cash
13/02/2026,R809598,Soda,Beverages,14,5.42,₺75.88,42.17,CASH
13 Feb 2026,R553114,Cereal,Breakfast,19,9.91,£188.29,129.64,Cash
13-02-2026,R885066,Bread,Bakery,12,6.16,73.92,40.88,card
2026/02/13,R180815,Milk,Dairy,12,$8.23,98.76,59.38,card
13.02.2026,R262507,Bread,Bakery,17,6.75 USD,114.75 TRY,"76,39",--
02/13/26,R264764,Frozen Pizza,Frozen,12,5.18,62.16,£45.01,null
13/02/2026,R780973,Frozen Pizza,Frozen,9,7.38,66.42,48.07,Mobile
13/02/2026,R139697,Chips,Snacks,2,2.63,5.26 USD,3.31,Card
13/02/26,R946891,Chips,Snacks,6,1.88,"11,28",7.45,N/A
13/02/2026,R341551,Soda,Beverages,3,8.04,24.12,17.86,card
2026-02-13,R114731,Milk,Dairy,19,5.87,111.53 EUR,"71,55",Cash
02/13/26,R747742,Chips,Snacks,15,6.55,98.25,57.43,Card
13/02/2026,R933775,Milk,Dairy,17,3.9,66.30,39.28,Mobile
n/a,R735771,Soda ,Beverages,9,9.5%,85.59,60.03,Cash
02/13/26,R554404,Bread,Bakery,15,1.86,27.9,13.96,nan
13 Feb 2026,R662988,Cereal,Breakfast,13,7.3%,94.64,63.19 EUR,Cash
"Feb 13, 2026",R367858,Milk,Dairy,5,3.48,17.4,11.44,
02/13/26,R220454,Soda,Beverages,14,6.23,87.22,69.42,Cash
02/13/26,R114339,Bread,Bakery,16,1.42,22.72,€13.21,Cash
13.02.2026,R965096,Soda,Beverages,17,9.62,163.5%,124.3,Cash
2026/02/13,R218960,Milk,Dairy,19,1.22,23.2%,15.27,CASH
13 Feb 2026,R747109,Milk,Dairy,3,9.13,27.39,€21.36,CASH
13/02/26,R675424,Canned Soup,Canned Goods,7,6.91,48.37,31.39,--
02/13/2026,R646258,Milk,Dairy,15,8.61,129.15,93.14,NULL
13/02/26,R722895,Cereal,Breakfast,7,9.5,66.5,42.96,Cash
2026-02-13,R272409,Soda,Beverages,5,4.06,"20,30",11.13 USD,Mobile
02/13/26,R213280,Cereal,Breakfast,12,9.7,€116.40,80.1,n/a
2026-02-13,R410690,Milk,Dairy,14,7.09,99.26,78.69,
13 Feb 2026,R998917,Chips,Snacks,8,4.19,33.52,19.13,
13/02/26,R282790,Milk,Dairy,8,€4.80,38.4,28.71,Cash
02/13/26,R540036,Canned Soup,Canned Goods,3,3.23,9.69,7.21,CASH
13/02/26,R453108,Frozen Pizza,Frozen,11,4.39,48.29,27.67,card
2026-02-13,R143867,Milk,Dairy,9,£8.12,73.08,"44,99",Card
N/A,R231851,Soda,Beverages,15,1.89,28.35,19.85,nan
14/02/2026,R418090,Cereal,Breakfast,3,6.3%,19.02,9.58 TRY,Mobile
2026/02/14,R185012,Chips,Snacks,14,6.86,96.04,61.0,NULL
02/14/26,R101524,Soda,Beverages,8,8.74,€69.92,42.33,
14/02/26,R734847,Bread,Bakery,5,4.43,22.15,15.1%,Cash
"Feb 14, 2026",R478071,Soda,Beverages,14,1.07,14.98,8.61,NA
02/14/2026,R722409,Cereal,Breakfast,3,2.44,7.32,N/A,Cash
2026/02/14,R585725,Soda,Beverages,6,1.21,null,€3.95,Mobile
14-02-2026,R509148,Canned Soup,Canned Goods,16,2.9,46.4,24.74,card
2026/02/14,R439337,Canned Soup,Canned Goods,15,5.2,78.0,52.5%,CASH
14 Feb 2026,R866105,Canned Soup ,Canned Goods,19,4.07,77.33,45.97 USD,
14-02-2026,R919145,Soda,Beverages,4,9.36,37.44,22.07,card
14.02.2026,R464074,frozen pizza,Frozen,16,6.17,-,50.8,
14 Feb 2026,R675017,Frozen Pizza,Frozen,6,9.72,58.32 USD,39.71,
14.02.2026,R286028,Soda,Beverages,2,4.2,8.40,6.3%,Cash
2026-02-14,R758566,Canned Soup,Canned Goods,11,"1,19",13.09,$9.02,none
14 Feb 2026,R494215,Cereal,Breakfast,10,4.5,45.00,27.83,CASH
14/02/2026,R729715,Soda,Beverages,11,5.44,59.84,47.2%,null
14/02/26,R127362,Cereal,Breakfast,7,1.66,11.62,6.35,Mobile
14 Feb 2026,R504296,Chips,Snacks,16,8.04,128.64,85.89,Cash
15.02.2026,R735818,Frozen Pizza,Frozen,17,3.69,62.73,"35,13",Card
15.02.2026,R360192,Bread,Bakery,9,1.49,13.41,7.93,Mobile
2026-02-15,R136987,Cereal,Breakfast,7,8.7%,61.04,33.78,
2026/02/15,R481125,Cereal,Breakfast,8,1.32,10.56,5.31,
15 Feb 2026,R245280,Soda,Beverages,4,6.63,26.52,13.99,CASH
15 Feb 2026,R388918,Milk,Dairy,14,5.45,76.30,55.6,Mobile
15-02-2026,R194608,Milk,Dairy,11,6.91,76.01,48.87,Card
15.02.2026,R300793,Cereal,Breakfast,19,9.41,178.79,89.75,card
2026-02-15,R508018,Canned Soup,Canned Goods,18,6.47,116.46,$79.81,card
15/02/2026,R607578,Milk,Dairy,12,7.03,84.36,51.56,
15/02/2026,R312431,Milk,Dairy,16,3.28,52.48,40.41,NA
02/15/2026,R502479,Bread,Bakery,14,1.63,22.82,14.27,
02/15/26,R646706,Frozen Pizza,Frozen,17,7.19,--,65.8%,Card
15.02.2026,R966399,Milk,Dairy,17,2.45,41.6%,24.25,Card
02/15/2026,R854219,Milk ,Dairy,10,4.45,44.5,28.67,N/A
2026-02-15,R632903,Frozen Pizza,Frozen,17,1.84,31.28,23.93,
"Feb 15, 2026",R120207,Milk,Dairy,8,2.33,"18,64",€14.57,nan
"Feb 15, 2026",R297154,Chips,Snacks,13,5.91,76.83,40.78,card
"Feb 15, 2026",R896582,Soda,Beverages,3,3.5,10.5,8.2%,NONE
2026/02/15,R452072,Cereal,Breakfast,7,1.05 EUR,7.35,4.57,Cash
02/15/2026,R281981,Bread,Bakery,15,2.31,34.65,23.12,CASH
15.02.2026,R967236,Milk,Dairy,20,9.67,193.4,142.83,Cash
2026-02-15,R919142,Bread,Bakery,11,3.41,37.51,nan,CASH
15/02/2026,R210413,Chips,Snacks,20,4.58 TRY,91.6,48.74,Mobile
15/02/2026,R544183,Chips,Snacks,1,9.79,9.79,6.84 EUR,card
15-02-2026,R683712,Chips,Snacks,16,1.44,23.04,15.5,
2026-02-15,R518345,Cereal,Breakfast,12,2.31,27.72,18.1%,Mobile
15/02/26,R158320,Canned Soup,Canned Goods,18,4.06,73.08,38.86,card
NULL,R198418,Soda,Beverages,4,7.28,29.12,19.93,CASH
02/15/26,R958910,Milk,Dairy,10,9.68,96.8,68.33,Cash
"Feb 15, 2026",R947829,Bread,Bakery,2,1.96,3.92,2.60,Card
02/15/2026,R690613,Canned Soup,Canned Goods,7,1.4,9.8,6.48,Mobile
15-02-2026,R290054,Milk,Dairy,12,8.03,96.36,64.6,
2026-02-15,R352188,Milk,Dairy,15,8.22,123.30,91.14,
-,R687961,Frozen Pizza,Frozen,8,5.25,42.0,24.22,Card
02/15/26,R173724,Canned Soup,Canned Goods,9,5.65,50.85,38.47,NA
15-02-2026,R706388,Cereal,Breakfast,7,5.07,35.49,n/a,
15.02.2026,R397422,Cereal,Breakfast,16,1.02,16.32,10.91,Mobile
2026/02/15,R962934,Bread,Bakery,5,6.59,32.95,18.62,Cash
15/02/2026,R416426,Frozen Pizza,Frozen,9,2.32,20.88,10.59,Cash
02/15/26,R671068,Cereal,Breakfast,18,6.78,122.04,93.29,card
15/02/26,R263837,CHIPS,Snacks,17,4.32,73.44,48.93,Mobile
2026/02/15,R954541,Cereal,Breakfast,18,4.59,82.6%,65.96 USD,CASH
N/A,R264594,Canned Soup,Canned Goods,10,9.23,92.3,N/A,Mobile
15/02/2026,R494945,Soda,Beverages,4,8.51,-,18.09,card
2026/02/15,R883329,Chips,Snacks,6,7.58,45.48,24.87,Card
"Feb 15, 2026",R919290,Soda,Beverages,1,6.98,6.98,5.16,Card
"Feb 15, 2026",R176860,Frozen Pizza,Frozen,7,1.61,11.27,8.55,CASH
15-02-2026,R557973,Bread,Bakery,14,7.12,99.68,nan,n/a
15.02.2026,R613242,Cereal,Breakfast,10,"6,38",63.8,47.71,Mobile
15.02.2026,R222894,Soda,Beverages,19,2.2,41.80 USD,n/a,CASH
02/15/2026,R867665,Frozen Pizza,Frozen,9,8.08,72.72,55.92,Cash
16 Feb 2026,R516033,Milk,Dairy,8,4.18 EUR,33.44 TRY,26.24,Mobile
16.02.2026,R916583,Cereal,Breakfast,9,9.68,87.12,62.23,Cash
16-02-2026,R430708,Chips,Snacks,9,7.69,69.21,$38.75,CASH
16/02/2026,R663011,Bread,Bakery,2,4.01,8.02,5.2%,Cash
"Feb 16, 2026",R475310,  Chips  ,Snacks,14,4.2%,58.52,40.13,Cash
02/16/2026,R821867,Soda,Beverages,2,6.9%,13.84,10.90,CASH
2026/02/16,R698226,Frozen Pizza,Frozen,18,3.99,71.82,42.83,
"Feb 16, 2026",R904401,SODA,Beverages,3,6.47,19.41,12.26,
02/16/2026,R963206,Canned Soup,Canned Goods,2,7.04,"14,08",7.68,Cash
16/02/2026,R617601,Soda,Beverages,3,3.8,11.4,8.64,Card
16-02-2026,R192281,Bread,Bakery,6,2.1,12.6,"7,09",card
16 Feb 2026,R234361,Milk,Dairy,4,2.83,11.32,8.59,card
16.02.2026,R539448,Bread,Bakery,7,"9,30",65.1,48.28,Cash
16/02/26,R214318,Frozen Pizza,Frozen,5,1.08,5.4,3.86 EUR,Cash
2026-02-16,R570138,Cereal,Breakfast,7,4.33,30.31,17.07,Cash
2026/02/16,R904554,Chips,Snacks,12,5.82,"69,84",41.96,Cash
16 Feb 2026,R933668,Canned Soup,Canned Goods,1,9.3,9.3,4.66,Mobile
02/16/26,R581177,Chips,Snacks,13,4.98,64.74,34.27,Card
02/16/2026,R636599,Chips,Snacks,1,2.06,"2,06","1,08",Card
02/16/2026,R682235,Cereal,Breakfast,5,9.2,46.0,30.35,Cash
16.02.2026,R237039,Soda,Beverages,10,5.1%,51.40,39.8,NA
16-02-2026,R750312,SODA,Beverages,2,4.65,null,6.09,
16-02-2026,R796005,Canned  Soup,Canned Goods,10,5.23,52.3,37.11,Mobile
16 Feb 2026,R409161,Cereal,Breakfast,18,4.7,₺84.60,65.06,Card
16-02-2026,R518658,Soda,Beverages,17,8.5%,144.67,111.1,CASH
16-02-2026,R192304,Frozen Pizza,Frozen,15,5.24,78.60,52.94,
2026-02-16,R377487,Cereal,Breakfast,13,1.99,£25.87,17.97,Mobile
16.02.2026,R950182,Canned Soup,Canned Goods,3,9.79,29.37,$22.85,CASH
16/02/2026,R787773,Soda,Beverages,14,7.75,108.50,78.46 USD,Card
02/16/26,R792784,Soda,Beverages,1,4.39,$4.39,2.9%,Mobile
02/16/26,R798993,Canned Soup,Canned Goods,14,6.7%,93.94,66.76,
2026/02/16,R687520,Cereal,Breakfast,17,9.71,€165.07,120.94,NA
02/16/26,R521667,Soda,Beverages,10,2.22,22.20 USD,16.7,Mobile
16/02/2026,R737970,Milk,Dairy,12,7.09,85.08,60.07,Mobile
2026/02/16,R824277,Frozen Pizza,Frozen,12,9.7,116.4,70.6%,Card
2026-02-16,R233666,Cereal,Breakfast,16,3.43,54.88 EUR,36.62,card
16/02/26,R441591,  Canned Soup  ,Canned Goods,15,8.45,126.75,"89,26",
16/02/26,R280964,Canned Soup,Canned Goods,16,4.51,72.16,"38,75",NONE
16 Feb 2026,R380336,Chips,Snacks,1,8.56,8.56,5.24 EUR,
2026/02/16,R291241,Soda,Beverages,2,£8.22,16.44,11.63,NONE
16-02-2026,R723392,Soda,Beverages,1,8.12,8.12,6.37,Cash
02/16/26,R543152,Bread ,Bakery,3,7.92,23.76,"16,43",
16 Feb 2026,R155573,Chips,Snacks,3,9.14,27.42,20.78 USD,card
2026-02-16,R386698,Frozen Pizza,Frozen,2,7.4,N/A,8.69,Cash
17.02.2026,R182756,Canned Soup,Canned Goods,7,3.89,£27.23,14.4%,Cash
02/17/26,R529893,Canned Soup,Canned Goods,4,2.24,8.96,"6,45",Card
2026-02-17,R736600,Canned Soup,Canned Goods,11,4.67,51.37,36.72,nan
02/17/26,R367388,Bread,Bakery,20,4.37,87.4,"58,58",none
"Feb 17, 2026",R220081,Bread,Bakery,15,6.87,103.05,68.62,card
17/02/2026,R133109,Cereal,Breakfast,10,₺6.90,69.0,51.56,card
nan,R774661,Cereal,Breakfast,18,7.41,133.38,88.28,card
none,R479862,Frozen Pizza,Frozen,9,3.3,£29.70,22.49,Cash
2026-02-17,R991297,  Frozen Pizza  ,Frozen,5,4.62,23.1,17.8%,Card
17/02/26,R486619,Canned Soup,Canned Goods,18,7.74,139.32,96.94,Card
17 Feb 2026,R846046,Chips,Snacks,19,9.68,183.92,129.75,Card
"Feb 17, 2026",R791333,Canned Soup,Canned Goods,20,7.5,150.0,85.66,Mobile
17 Feb 2026,R991865,Canned Soup,Canned Goods,8,2.88,23.0%,18.01,card
2026-02-17,R560568,Milk,Dairy,19,5.12,97.28,66.82,Card
17 Feb 2026,R601755,Cereal,Breakfast,2,3.92,7.84,6.22 USD,card
--,R222446,Milk,Dairy,12,8.99 USD,107.88 USD,72.96,
"Feb 17, 2026",R339969,Bread,Bakery,13,8.67,112.71,81.38,nan
17 Feb 2026,R630776,Canned Soup,Canned Goods,19,8.82,167.58,116.66,Mobile
17.02.2026,R411785,Soda,Beverages,17,9.74,165.58,113.01,Card
17.02.2026,R125998,Canned Soup,Canned Goods,11,9.96,109.56,64.63,CASH
17-02-2026,R562036,Soda,Beverages,10,9.97,99.7,52.74,Cash
17/02/26,R904463,Soda,Beverages,15,3.39,50.85,27.33,nan
"Feb 17, 2026",R445511,Canned Soup,Canned Goods,1,7.77 USD,7.77,null,Card
17/02/26,R830249,Cereal,Breakfast,18,9.46,170.28,107.86,CASH
"Feb 17, 2026",R925982,Chips,Snacks,2,1.8,3.6%,2.15,CASH
17 Feb 2026,R629679,Milk,Dairy,4,2.29,9.16,4.76,Cash
17/02/2026,R835010,Frozen Pizza,Frozen,16,2.3%,36.16,18.37,Mobile
17 Feb 2026,R694656,chips,Snacks,7,3.28,22.96,17.55,CASH
17 Feb 2026,R196837,Milk,Dairy,20,8.77,175.40,100.31,CASH
02/17/2026,R701806,Bread,Bakery,14,9.72,136.08,105.25,
17-02-2026,R954062,Chips,Snacks,11,2.74,30.14,18.94,CASH
17.02.2026,R166454,Cereal,Breakfast,7,4.46,31.22,16.31,Mobile
17-02-2026,R781450,Frozen Pizza ,Frozen,6,1.6,9.6,"5,03",Mobile
2026-02-17,R676814,Canned Soup,Canned Goods,19,5.0,95.0,69.80 EUR,CASH
17/02/2026,R302716,Soda,Beverages,12,2.24,26.88,17.3,CASH
17.02.2026,R948549,  Bread  ,Bakery,19,5.61,106.6%,81.62,none
17-02-2026,R784116,Soda,Beverages,3,3.33,9.99,7.7%,Card
17 Feb 2026,R592173,Soda,Beverages,14,1.90,26.6,20.45,Mobile
02/17/26,R675955,Canned Soup,Canned Goods,2,5.6,"11,20",€8.09,
02/17/2026,R118748,Frozen Pizza,Frozen,2,5.57,"11,14",7.52,-
17/02/26,R542140,  Cereal  ,Breakfast,17,2.38,40.46,27.07,Card
2026-02-17,R287055,Milk,Dairy,12,5.55,66.60 EUR,44.51,
02/17/26,R294787,Chips,Snacks,9,3.46,31.14,24.24,
17/02/2026,R415803,Chips,Snacks,1,8.93,8.93,€6.01,
17/02/2026,R386422,CANNED SOUP,Canned Goods,19,5.95,113.05,85.35,Mobile
17 Feb 2026,R299291,Cereal,Breakfast,9,5.85,52.65,30.31,Mobile
17 Feb 2026,R491285,Soda,Beverages,15,1.52,22.80 EUR,15.98,CASH
2026-02-17,R284441,SODA,Beverages,19,1.53,29.07,20.58,Cash
2026/02/17,R124000,Cereal,Breakfast,11,9.05,99.55,77.1%,NA
17/02/2026,R659024,soda,Beverages,10,2.93,29.3,14.81,card
02/17/26,R790640,Soda,Beverages,15,"7,73",115.95,73.32,Cash
2026-02-17,R694153,Milk,Dairy,2,2.99,5.98,3.63 EUR,Card
"Feb 17, 2026",R833623,Chips,Snacks,2,3.88,"7,76",4.67,Mobile
2026/02/18,R259562,Chips,Snacks,8,₺1.87,14.96,11.88,Mobile
18.02.2026,R539142,Milk,Dairy,7,9.28,64.96,33.38,
18/02/26,R672229,  Soda  ,Beverages,10,2.21,22.10,16.02,Cash
18/02/2026,R912224,Chips,Snacks,15,7.51,112.65,59.98,NONE
"Feb 18, 2026",R869414,Canned Soup ,Canned Goods,9,5.73,51.57,37.23,card
"Feb 18, 2026",R724389,Frozen Pizza,Frozen,17,4.62,78.54,51.93 EUR,Card
02/18/2026,R971105,Bread,Bakery,20,5.86,"117,20",74.15,CASH
18/02/2026,R327094,Milk,Dairy,19,7.15,135.85,86.34,
18.02.2026,R139298,Milk,Dairy,5,3.19,15.95,₺10.67,Mobile
2026-02-18,R172433,Soda,Beverages,5,1.61,8.05,4.03,card
18 Feb 2026,R769279,Chips,Snacks,14,9.22,129.08,102.17,Mobile
"Feb 18, 2026",R790915,Cereal,Breakfast,16,6.23,99.68,67.7,Card
18/02/26,R879347,  Canned Soup  ,Canned Goods,17,9.89,168.13,131.81,Card
02/18/2026,R251568,Soda,Beverages,5,7.44,37.20,26.49,Mobile
18.02.2026,R289772,FROZEN PIZZA,Frozen,11,1.2,13.20,NONE,CASH
18/02/26,R163060,Canned Soup,Canned Goods,19,7.62 USD,144.78,82.14,Card
18/02/26,R820483,Milk,Dairy,15,8.79,£131.85,72.97,CASH
2026-02-18,R285930,Milk,Dairy,15,3.83,$57.45,44.9%,Cash
nan,R528856,Milk,Dairy,9,"5,46",49.14,-,CASH
18/02/26,R239866,Milk,Dairy,19,8.39,159.41,"106,50",Cash
02/18/26,R297548,Cereal,Breakfast,10,3.41,NONE,25.09,Cash
02/18/26,R490808,Bread,Bakery,13,3.47,45.11,€23.89,Mobile
2026/02/18,R137982,Milk,Dairy,8,£2.61,20.88,15.94,Card
2026-02-18,R444588,Frozen Pizza,Frozen,9,8.03,72.27,53.66,Card
2026/02/18,R981500,Canned  Soup,Canned Goods,10,10.0,100.0,73.71,nan
N/A,R723469,Canned Soup,Canned Goods,10,7.19,71.9,38.59,Card
2026-02-18,R416298,Frozen Pizza,Frozen,4,1.97,7.88,4.59,Mobile
"Feb 18, 2026",R299718,Cereal,Breakfast,18,5.7,102.6,$76.39,Mobile
"Feb 18, 2026",R748917,Soda,Beverages,5,6.83,34.15,$23.92,CASH
"Feb 18, 2026",R236944,Cereal,Breakfast,14,5.00,70.0,52.65,CASH
18/02/26,R634323,Milk,Dairy,8,6.84,54.72,30.07,
18.02.2026,R147291,Canned Soup,Canned Goods,14,8.45,118.3,79.53,
18/02/26,R374620,Milk,Dairy,13,7.75,100.75,63.3%,Card
2026/02/18,R795983,Canned Soup,Canned Goods,1,4.67,4.67,2.74,card
18/02/26,R412219,Soda,Beverages,20,7.98,159.6,112.22,CASH
02/18/2026,R145389,Bread,Bakery,20,6.73,134.6,84.16,
"Feb 18, 2026",R883170,Chips,Snacks,9,4.04,36.36,23.9%,Cash
02/18/2026,R891605,Milk,Dairy,20,7.93,158.60,124.17,Mobile
02/18/26,R408197,Canned Soup,Canned Goods,12,"3,52",42.24,25.75,NA
02/18/26,R965891,Milk,Dairy,6,8.56,51.36,29.33,Card
18/02/2026,R555364,  Frozen Pizza  ,Frozen,8,1.03,8.24,4.81,card
18/02/26,R719783,Cereal,Breakfast,6,5.56,33.4%,25.87,Cash
18 Feb 2026,R333399,Soda,Beverages,13,2.43,31.59,25.11,card
2026/02/18,R853118,Soda,Beverages,7,2.82,nan,13.31,NONE
"Feb 18, 2026",R579427,Soda,Beverages,3,3.38,10.14,€6.26,-
18 Feb 2026,R322955,Bread,Bakery,13,2.1,27.3,20.36,card
02/18/2026,R394335,Soda,Beverages,11,5.58,61.38,32.8,
02/18/26,R907392,Frozen Pizza,Frozen,14,9.36,131.04,74.4%,Card
2026-02-18,R485554,Chips,Snacks,10,1.62,"16,20",11.68,card
18.02.2026,R740644,Frozen Pizza,Frozen,11,1.33,14.63,8.76,Mobile
18 Feb 2026,R420737,Canned Soup,Canned Goods,2,6.65,n/a,8.22 EUR,NONE
18/02/2026,R751856,Cereal,Breakfast,1,2.83,2.83,1.73,Card
2026-02-18,R612314,Milk,Dairy,3,5.11,15.33,9.55,card
2026/02/18,R826541,Chips,Snacks,16,7.82,125.12,97.36,Mobile
18.02.2026,R723544,Chips,Snacks,4,€4.75,19.00,9.66,Card
18/02/2026,R689227,Chips,Snacks,14,3.44,48.16,34.45,Mobile
2026-02-18,R658675,Canned Soup,Canned Goods,1,5.42,5.42,NULL,Mobile
02/18/26,R190657,Bread ,Bakery,20,5.82,116.40,77.16,CASH
18.02.2026,R907187,Milk,Dairy,1,9.49,9.49,7.11,CASH
2026-02-18,R404868,Chips,Snacks,3,4.56,13.68,9.4%,card
18.02.2026,R920011,Cereal,Breakfast,1,5.63,5.63 EUR,4.37,
18.02.2026,R893079,Bread,Bakery,6,"3,70",22.2,15.03,Mobile
18/02/2026,R720179,Soda,Beverages,9,4.03,36.27,28.11,Mobile
18 Feb 2026,R339405,Soda,Beverages,5,4.56,22.8,16.64,Mobile
18-02-2026,R687078,Bread,Bakery,12,1.99,"23,88",15.64,Card
18.02.2026,R314176,Chips ,Snacks,18,6.66,119.88,74.13,
2026-02-18,R438370,Chips,Snacks,5,6.48,$32.40,"18,16",N/A
18.02.2026,R488022,Canned Soup,Canned Goods,5,₺8.38,41.9,23.71,Cash
02/18/26,R504366,  Cereal  ,Breakfast,11,8.93,98.23,55.99,
18 Feb 2026,R835069,Chips,Snacks,15,3.75,56.25,31.97,card
02/18/2026,R323401,CEREAL,Breakfast,12,8.91,106.92,nan,N/A
2026-02-18,R317326,Bread,Bakery,8,"9,01",72.08,46.79,Cash
18/02/2026,R759010,Soda,Beverages,5,1.39,null,3.78,CASH
18-02-2026,R941566,Canned Soup,Canned Goods,18,7.61,136.98,92.52,
n/a,R574981,Soda,Beverages,13,4.41,57.33,--,card
2026/02/18,R918687,Soda,Beverages,14,8.64,120.96,70.23,Cash
18.02.2026,R819364,Milk,Dairy,18,3.21,57.78,39.87,Cash
--,R485470,Cereal,Breakfast,19,6.84,129.96,75.27,
,R894071,Milk,Dairy,19,3.06,58.14,41.33,-
18.02.2026,R762617,Milk ,Dairy,16,1.36,21.76,14.24,Mobile
19.02.2026,R918617,Cereal,Breakfast,17,6.81,115.77,58.17 TRY,card
19/02/26,R106979,Chips,Snacks,18,1.56,28.08,€19.35,
19 Feb 2026,R168701,Soda,Beverages,11,6.15,67.65,35.79 EUR,Mobile
2026/02/19,R520645,Soda,Beverages,3,4.46,13.38,9.63,Mobile
19 Feb 2026,R453372,Milk,Dairy,14,9.14,127.96,96.4%,card
19 Feb 2026,R186022,Soda,Beverages,16,5.96,95.36,$59.67,CASH
19/02/26,R313327,Soda,Beverages,16,6.50,104.0,81.85,
2026/02/19,R720977,Chips,Snacks,14,9.48,132.72,97.8,card
19/02/2026,R207604,Milk,Dairy,7,3.03,21.21 TRY,14.47 USD,CASH
"Feb 19, 2026",R563007,Soda,Beverages,19,4.51,85.69,61.98,CASH
19/02/2026,R197963,Bread,Bakery,13,2.82,36.66,25.9,
19-02-2026,R449049,Canned Soup,Canned Goods,3,6.09,18.27,₺12.20,
NA,R898319,Frozen Pizza,Frozen,18,7.72,138.96,88.8%,null
19/02/2026,R427028,Soda,Beverages,20,2.61,52.2,33.86,card
02/19/2026,R514458,Frozen Pizza,Frozen,7,7.79,54.53,40.77,card
"Feb 19, 2026",R344984,Cereal,Breakfast,2,5.68,11.36,7.73,CASH
19/02/2026,R944800,Canned Soup ,Canned Goods,4,6.15,24.60,13.24,
02/19/2026,R258729,Soda,Beverages,5,7.07,35.35,23.09,Cash
19.02.2026,R484914,Milk,Dairy,9,3.61,32.49,20.74,card
"Feb 19, 2026",R914641,Frozen Pizza,Frozen,14,8.04,112.56,58.1,Mobile
19/02/2026,R983555,Milk,Dairy,17,8.92,151.6%,119.13,Cash
2026/02/19,R935520,Canned Soup,Canned Goods,12,8.68,104.16,73.85,
02/19/26,R481736,Bread,Bakery,12,5.95,71.4,"52,59",Mobile
19.02.2026,R146723,Soda,Beverages,13,9.88,128.44,98.04,N/A
19-02-2026,R717685,SODA,Beverages,14,5.64 USD,78.96,58.51,CASH
N/A,R252702,Cereal,Breakfast,15,6.7,100.5,55.48,card
2026-02-19,R198478,Bread,Bakery,12,8.95,107.4,82.82,Card
19/02/26,R214892,Milk,Dairy,10,2.27,22.7,12.04,card
19.02.2026,R568314,Milk,Dairy,4,6.29,25.16,17.8%,Card
"Feb 19, 2026",R255799,CANNED SOUP,Canned Goods,17,9.11,154.87,91.23,Card
2026/02/19,R434387,Canned Soup,Canned Goods,17,2.42,41.14,29.98,
2026-02-19,R935239,Soda,Beverages,1,8.17,8.2%,4.91,Cash
19-02-2026,R821907,Frozen Pizza,Frozen,10,6.25 USD,62.50,49.05,card
"Feb 20, 2026",R317724,Bread,Bakery,9,8.5,76.5,60.09,Card
20.02.2026,R780752,Cereal,Breakfast,19,8.87 TRY,168.53,94.43,CASH
2026-02-20,R240948,Milk,Dairy,14,6.38,89.32,69.43,NULL
"Feb 20, 2026",R382608,Bread,Bakery,17,9.3,-,95.87,Cash
20/02/2026,R672280,Chips,Snacks,16,6.01,96.16,NA,
02/20/26,R113382,Soda,Beverages,10,7.99,79.9,54.55,CASH
02/20/26,R203870,Bread,Bakery,8,9.41,75.28,47.12,Cash
02/20/26,R562858,Bread,Bakery,20,6.66,133.20,76.38,
20/02/26,R236739,Milk,Dairy,3,8.05,24.15,17.29,Mobile
20/02/26,R820682,Milk,Dairy,13,8.60 EUR,111.8,83.91,
2026/02/20,R827338,Chips,Snacks,12,5.41,64.92,34.33,Cash
NA,R314260,Cereal,Breakfast,16,8.46,135.36,84.2,NULL
20/02/2026,R858714,Milk,Dairy,1,4.67,4.67,2.9,
20/02/26,R157190,Milk,Dairy,17,7.31,124.27,88.16,null
02/20/2026,R461706,Soda,Beverages,4,6.65,26.6,14.59,Card
20/02/2026,R294130,Milk,Dairy,14,"3,11","43,54",27.2%,Mobile
20.02.2026,R755931,Milk ,Dairy,1,5.32,5.32,3.5,Card
2026-02-20,R136104,Cereal,Breakfast,14,4.15,58.1,31.27,Mobile
2026/02/20,R124379,Canned Soup,Canned Goods,3,1.6,4.8,3.3%,N/A
"Feb 20, 2026",R941047,  Soda  ,Beverages,4,2.49,9.96,₺5.46,
21/02/2026,R417709,Canned Soup,Canned Goods,16,"3,22",51.52,25.89,Cash
21/02/26,R857902,Frozen Pizza,Frozen,18,5.52,99.36,79.47,NULL
2026/02/21,R292098,Canned Soup,Canned Goods,3,8.35,25.05,16.04,
21 Feb 2026,R982070,Frozen Pizza,Frozen,7,9.47,66.3%,46.28,Card
21 Feb 2026,R238188,Bread,Bakery,12,5.8%,69.0,--,card
02/21/2026,R624926,  Chips  ,Snacks,3,1.53,4.59,3.41 USD,
n/a,R433046,Cereal,Breakfast,15,5.83,87.45,43.97,
02/21/26,R276311,Frozen Pizza,Frozen,15,3.95,59.25,30.71,CASH
21/02/2026,R434336,Milk,Dairy,14,7.94,111.16,"75,48",Mobile
21/02/2026,R948876,Milk,Dairy,19,7.67,145.73 EUR,110.07,NA
"Feb 21, 2026",R790422,Bread,Bakery,3,2.85,8.55,4.57,N/A
2026-02-21,R735547,Chips,Snacks,17,6.77,115.09,77.54,
02/21/2026,R954048,Cereal,Breakfast,14,9.5,,91.77,Cash
02/21/26,R128123,soda,Beverages,6,8.75,52.5,nan,CASH
2026-02-21,R695817,Cereal,Breakfast,4,4.69,18.76,13.2,card
21/02/2026,R360515,Soda,Beverages,8,8.29,£66.32,37.03,Cash
21/02/26,R639932,Cereal,Breakfast,10,7.38,73.8%,"55,47",Cash
21 Feb 2026,R818538,Canned Soup,Canned Goods,5,4.93,$24.65,13.4,Cash
21 Feb 2026,R990762,Soda,Beverages,16,3.82,61.12,39.04,Cash
2026/02/21,R213654,Milk,Dairy,14,4.08,57.12,42.07,Card
21 Feb 2026,R854130,Canned Soup,Canned Goods,3,8.26,"24,78",16.2,Mobile
"Feb 21, 2026",R181129,soda,Beverages,17,9.8,166.6,87.59,card
21/02/26,R306801,Soda,Beverages,2,9.03,"18,06",10.89,CASH
"Feb 22, 2026",R213515,Soda,Beverages,10,2.86,28.6,14.83,Cash
2026-02-22,R590407,Cereal,Breakfast,14,4.4,61.6,43.4,Card
02/22/2026,R239898,Milk,Dairy,18,7.61,136.98,₺84.63,
2026-02-22,R848304,Chips,Snacks,14,1.81,25.34,17.31,Cash
"Feb 22, 2026",R222619,Chips,Snacks,5,3.35,16.75,9.37,CASH
02/22/26,R187949,Chips,Snacks,17,3.34,56.78,35.6,Card
"Feb 22, 2026",R553600,Milk,Dairy,15,3.4,51.00,39.9,CASH
22/02/2026,R359579,Soda,Beverages,3,3.89,11.67,7.5,Mobile
N/A,R907521,Chips,Snacks,17,9.26,157.42,₺116.62,null
"Feb 22, 2026",R687762,Bread,Bakery,7,9.52,66.64,33.87,CASH
22/02/26,R365336,Chips,Snacks,16,3.51,56.16,36.3%,NA
22.02.2026,R384885,Chips,Snacks,13,1.38,17.94,9.34 USD,
22.02.2026,R592209,Frozen Pizza,Frozen,18,2.69 USD,48.42,29.71,CASH
02/22/26,R597013,Milk,Dairy,2,1.33,2.66,1.52,Card
2026/02/22,R626486,Chips,Snacks,16,9.71,155.36,86.91,
22.02.2026,R520847,Bread,Bakery,19,7.85,£149.15,108.47,
"Feb 22, 2026",R276227,frozen pizza,Frozen,1,4.8,4.8,-,card
02/22/2026,R960403,Bread,Bakery,18,2.15,38.70,23.9%,card
NONE,R351377,  Frozen Pizza  ,Frozen,1,1.65,"1,65",1.01,card
"Feb 22, 2026",R391476,Chips,Snacks,20,9.34,$186.80,130.49,Mobile
22 Feb 2026,R596912,Cereal,Breakfast,2,1.50,₺3.00,"1,95",nan
22-02-2026,R329940,Canned Soup,Canned Goods,9,€3.46,31.14,16.93,n/a
2026/02/22,R653302,Milk,Dairy,6,6.69,40.14,€20.60,card
02/22/2026,R403017,Frozen Pizza,Frozen,9,7.04,63.36,33.04,Mobile
02/22/26,R331078,Cereal,Breakfast,5,3.52,17.60,13.09 EUR,Card
02/22/26,R426821,Cereal,Breakfast,9,6.56,€59.04,30.16,CASH
22.02.2026,R658878,Frozen Pizza,Frozen,10,2.27,22.7,₺18.13,Card
22/02/2026,R212311,Chips,Snacks,12,4.35,52.2,36.9,
2026/02/22,R600890,Chips ,Snacks,11,2.94,32.34,17.58,NONE
2026/02/22,R453124,CHIPS,Snacks,3,"4,26",12.78,8.87,null
02/22/2026,R238724,Soda,Beverages,18,3.75,"67,50","49,16",Cash
22 Feb 2026,R541660,Milk,Dairy,18,9.99,179.82,135.76,Mobile
22 Feb 2026,R687946,Cereal,Breakfast,16,1.15,18.4,12.64,n/a
22/02/26,R299268,Canned Soup,Canned Goods,6,6.62,39.72,28.93,
22/02/2026,R984766,Cereal,Breakfast,19,3.2,₺60.80,47.43,Mobile
22/02/26,R495586,Cereal,Breakfast,1,"8,63",8.63,6.48,Cash
02/22/2026,R301196,Frozen Pizza,Frozen,4,9.83,39.32,23.66,-
,R967343,Cereal,Breakfast,12,9.34,--,null,card
22/02/26,R654660,Cereal,Breakfast,18,3.75,67.50,52.69,CASH
22/02/2026,R552314,Canned Soup,Canned Goods,8,1.91,15.28,8.38,Card
22/02/2026,R141120,bread,Bakery,20,9.16,183.2,99.75,Card
"Feb 22, 2026",R973959,Cereal,Breakfast,4,1.05,nan,2.62,
22-02-2026,R502292,Cereal,Breakfast,14,7.04,98.56,56.41,CASH
22-02-2026,R339270,Cereal,Breakfast,8,2.48,19.84,10.39,card
22.02.2026,R883298,Cereal,Breakfast,15,9.19,137.85,84.33,card
"Feb 22, 2026",R309820,Cereal,Breakfast,7,9.93,69.51,34.94,Card
22/02/26,R671719,MILK,Dairy,11,5.33,58.63,38.91,NULL
02/22/2026,R338754,Canned Soup,Canned Goods,11,8.41,"92,51",61.7%,none
2026/02/22,R891596,Cereal,Breakfast,5,2.3,11.50,6.79,card
02/22/26,R662599,Chips,Snacks,1,7.55,7.55,4.69,
22 Feb 2026,R797194,Canned Soup,Canned Goods,7,7.28,50.96,34.15,
"Feb 22, 2026",R940401,Canned Soup,Canned Goods,16,3.63,58.08,38.79,Cash
2026-02-22,R291870,Chips,Snacks,18,3.93,70.74,50.03,
22.02.2026,R409238,Milk,Dairy,16,8.58,137.28,87.38,card
2026-02-22,R401713,Frozen Pizza,Frozen,18,9.98,179.64 TRY,$92.02,Card
22-02-2026,R145798,Soda,Beverages,8,9.6%,76.72 TRY,45.57,card
22-02-2026,R289257,Bread,Bakery,5,7.49 EUR,,19.28,Cash
02/22/26,R660456,Canned Soup,Canned Goods,10,1.56,15.6%,10.47,card
22 Feb 2026,R438246,soda,Beverages,18,1.48,26.64,16.43,Cash
22/02/2026,R480969,  Bread  ,Bakery,5,9.96,49.8,29.67,Cash
2026/02/22,R755879,Chips,Snacks,15,9.48,142.2,103.1%,Mobile
22 Feb 2026,R262081,Milk,Dairy,7,5.63,39.4%,27.45,Card
23 Feb 2026,R975016,Bread,Bakery,5,6.74,33.7,17.24,Cash
02/23/26,R297303,Chips,Snacks,14,1.15,16.10,11.5%,
2026/02/23,R452661,Soda,Beverages,20,7.39,147.8,76.89 TRY,Mobile
-,R126251,Chips,Snacks,10,8.93,89.3,47.52,
23-02-2026,R360484,Milk,Dairy,9,1.12,10.08,6.99,Card
23.02.2026,R536009,Soda,Beverages,11,8.14,"89,54",49.41,card
"Feb 23, 2026",R785584,Cereal,Breakfast,11,8.88,97.68,--,CASH
23/02/26,R856875,CANNED SOUP,Canned Goods,1,4.81,4.81,3.4%,Card
2026-02-23,R291432,Soda,Beverages,18,6.26,112.68 USD,80.01,
23 Feb 2026,R794968,Frozen Pizza,Frozen,19,7.7,146.3,100.38,CASH
02/23/2026,R626281,Soda,Beverages,13,1.62,21.06,12.49,Cash
23/02/2026,R320683,Bread,Bakery,6,4.44,26.64,£14.19,
02/23/2026,R925715,Canned Soup,Canned Goods,3,6.46,19.38,14.92,Cash
23-02-2026,R509791,Cereal,Breakfast,5,$6.49,32.45,20.57,CASH
23/02/26,R267882,Frozen Pizza,Frozen,6,"4,38",26.28,19.88,card
23/02/2026,R480092,Milk,Dairy,4,9.62,38.48,"26,88",null
23/02/26,R794567,Soda,Beverages,16,8.36,133.76,90.24,Mobile
02/23/2026,R639350,Frozen Pizza,Frozen,8,1.7,13.6,"10,32",Card
"Feb 23, 2026",R406822,Cereal,Breakfast,3,9.36,28.08,21.06,Card
"Feb 23, 2026",R163788,Bread,Bakery,9,9.67 USD,87.03,57.29,
02/23/2026,R643747,  Chips  ,Snacks,20,7.71,£154.20,102.27,card
2026/02/23,R488402,Chips,Snacks,12,6.63,79.56 USD,55.08,Mobile
02/23/26,R447130,Bread,Bakery,2,8.18,16.36,10.32,Mobile
02/23/2026,R783682,Milk,Dairy,3,7.29,21.87,15.07,none
23/02/26,R755293,Canned Soup,Canned Goods,12,6.19,74.28,49.77,CASH
"Feb 23, 2026",R342131,Frozen Pizza,Frozen,4,4.67,18.7%,NA,Cash
none,R172551,Frozen Pizza,Frozen,14,4.61,64.54,39.2%,
02/23/2026,R935687,Canned Soup,Canned Goods,14,8.31,116.34 TRY,60.68,Card
2026-02-23,R131807,Soda,Beverages,19,8.19,155.61,79.13,Cash
23/02/2026,R100105,canned soup,Canned Goods,4,2.57,10.28,7.8,Card
02/23/26,R494908,Canned Soup,Canned Goods,1,5.09,5.09,3.87,card
--,R344397,Frozen Pizza,Frozen,10,3.9,39.00,23.31,Cash
23/02/26,R337342,Chips,Snacks,12,5.31,63.72,46.25,card
2026-02-23,R242524,Chips,Snacks,17,2.67,45.39,23.6%,Cash
02/23/2026,R491020,Cereal,Breakfast,14,9.59,134.26,91.7%,
2026/02/23,R678097,Canned Soup,Canned Goods,4,7.11,28.44,17.16,Mobile
02/23/2026,R387710,Cereal ,Breakfast,14,5.74,80.36,60.83,null
02/23/2026,R979115,Milk,Dairy,7,1.29,9.03,£5.93,Cash
23/02/26,R312466,  Milk  ,Dairy,19,3.69,70.11,41.55 EUR,Cash
23 Feb 2026,R705816,Soda,Beverages,4,2.01,8.04,5.44,
"Feb 23, 2026",R254035,Milk ,Dairy,10,7.49,74.9,51.91 EUR,Card
23.02.2026,R989348,Frozen Pizza,Frozen,16,8.59,137.44,75.96,card
2026/02/23,R402337,Milk,Dairy,18,5.5%,99.00 EUR,56.87,Cash
23 Feb 2026,R624366,MILK,Dairy,11,6.05,66.55,"42,65",card
23/02/2026,R638712,Frozen Pizza,Frozen,5,6.60,33.00,16.84 EUR,n/a
23/02/2026,R175845,Canned Soup,Canned Goods,20,5.35,107.0,78.58,card
,R939186,Milk,Dairy,16,3.89,62.24,31.38,Card
24/02/2026,R938493,Chips,Snacks,8,7.97,$63.76,47.94,
24 Feb 2026,R281580,Milk,Dairy,1,5.27,5.27,4.20 TRY,card
02/24/2026,R573994,Chips,Snacks,4,7.8%,31.28,16.24,Cash
24 Feb 2026,R597920,Milk,Dairy,3,8.3,-,13.37,Card
24/02/26,R465516,Soda,Beverages,19,6.59,125.21,83.42,Cash
24/02/26,R578393,Frozen Pizza,Frozen,4,2.15,8.60,none,
02/24/2026,R820791,Frozen Pizza,Frozen,12,5.74,68.88,52.18,n/a
24/02/2026,R184607,Canned Soup,Canned Goods,8,2.93 TRY,23.44,18.64,Card
24-02-2026,R736382,Milk,Dairy,13,1.6,20.8,10.44,Mobile
24 Feb 2026,R908806,Canned Soup,Canned Goods,7,9.79,68.53,43.06,Card
24 Feb 2026,R248684,Milk,Dairy,1,1.78,1.78,1.38,Cash
2026-02-24,R520308,Chips,Snacks,13,4.92,NONE,41.21,Card
2026-02-24,R179861,Cereal,Breakfast,2,7.52,15.04,"10,29",Cash
24-02-2026,R815313,Cereal,Breakfast,17,1.13,19.21,12.8,Card
24 Feb 2026,R821690,Chips,Snacks,6,₺9.82,58.92,₺37.85,CASH
24/02/2026,R145168,Chips,Snacks,11,6.36,69.96,55.64,card
24/02/26,R619497,Chips,Snacks,10,1.37,13.7,6.94,CASH
24 Feb 2026,R756497,Cereal,Breakfast,4,3.84,NONE,11.61,CASH
2026/02/24,R404971,Cereal,Breakfast,19,2.64,50.16,29.66,none
24 Feb 2026,R240946,Bread,Bakery,19,€9.99,189.81,135.5%,
24 Feb 2026,R478087,Cereal,Breakfast,9,9.1,81.90 TRY,58.86,
24 Feb 2026,R664449,Frozen Pizza,Frozen,18,4.44,79.92,47.12,Card
24/02/2026,R664985,Soda,Beverages,16,3.48,55.68,29.35,CASH
2026/02/24,R765181,Soda,Beverages,3,3.05,9.15,6.23,CASH
2026/02/24,R340298,Soda,Beverages,6,5.2,31.2,21.09,NONE
2026-02-24,R983534,Milk,Dairy,5,7.48,37.40,21.93,CASH
24/02/2026,R994664,Canned Soup,Canned Goods,1,7.37,7.37,NONE,Card
02/24/2026,R646773,Cereal,Breakfast,9,7.48,67.32,43.03,CASH
24 Feb 2026,R129023,Chips,Snacks,10,7.58,nan,49.43,Mobile
02/24/2026,R319038,bread,Bakery,17,9.63,163.71,122.68,Cash
02/24/2026,R998193,Canned Soup,Canned Goods,18,4.7%,83.7,47.6%,
n/a,R192358,Cereal,Breakfast,16,1.34,21.44,"11,09",Mobile
24 Feb 2026,R197580,Chips,Snacks,2,7.42,14.84,10.1%,card
02/24/26,R637480,Bread,Bakery,1,9.12,9.12,4.58,Cash
24-02-2026,R703157,Bread,Bakery,2,7.24,14.48,9.4,card
2026-02-24,R707707,Chips,Snacks,14,3.78,52.92,32.95,
2026/02/24,R868816,CANNED SOUP,Canned Goods,18,9.31,167.58,"85,25",-
24 Feb 2026,R680581,Bread,Bakery,12,"8,67",104.04,£52.81,Mobile
02/24/26,R743900,Cereal,Breakfast,15,7.59,113.85,71.44,card
"Feb 24, 2026",R946261,Chips,Snacks,6,2.58,15.48,11.32 USD,none
24.02.2026,R978250,Frozen Pizza,Frozen,2,1.48,2.96,2.06,Mobile
24-02-2026,R364012,Soda,Beverages,8,6.6%,53.04,₺31.04,Mobile
2026-02-24,R462034,Bread,Bakery,3,8.27,24.81,13.42,Card
2026-02-24,R709518,Cereal,Breakfast,13,6.13,₺79.69,48.68,
24.02.2026,R264369,Milk,Dairy,5,3.51,17.55 USD,12.85,Mobile
NA,R619349,BREAD,Bakery,11,2.19,24.09,17.58,card
24 Feb 2026,R303939,Cereal,Breakfast,20,6.58,131.6,80.17,
24.02.2026,R263186,Soda,Beverages,4,2.27,9.08,4.57 EUR,Cash
24/02/2026,R426795,Milk,Dairy,17,7.98,"135,66",70.59,Mobile
02/24/26,R292183,Soda,Beverages,2,3.20,6.4%,4.1%,card
24/02/2026,R894512,  Bread  ,Bakery,16,3.72 TRY,59.52,31.16,CASH
02/24/26,R336068,Frozen Pizza,Frozen,4,9.15,36.6,23.07,Mobile
2026-02-24,R165104,canned soup,Canned Goods,15,1.38,20.7%,13.27,--
2026/02/24,R135847,Frozen Pizza,Frozen,8,6.78,54.24,€42.98,CASH
24-02-2026,R863415,Milk,Dairy,17,6.2,105.4,59.3,Card
24 Feb 2026,R240882,Frozen Pizza,Frozen,10,7.98,79.8,43.67,CASH
2026-02-24,R330405,Soda,Beverages,11,3.06,33.66,26.42,
24/02/2026,R229681,Chips,Snacks,15,7.16,107.4,61.82,NA
"Feb 24, 2026",R539960,Cereal,Breakfast,3,3.01,9.03,4.66,Cash
2026-02-24,R157921,Cereal,Breakfast,19,"5,10",96.9,72.87,Mobile
24 Feb 2026,R528968,Soda,Beverages,20,5.92,118.4,82.68,Cash
02/24/26,R466473,Canned Soup,Canned Goods,3,"3,83",11.49,6.46,CASH
24-02-2026,R257574,Frozen Pizza,Frozen,10,4.88,none,29.67,CASH
24 Feb 2026,R538190,CANNED SOUP,Canned Goods,3,4.68 EUR,14.04,£9.80,
02/24/2026,R812277,Soda,Beverages,2,5.38,10.76,5.6%,Card
2026/02/24,R344167,Soda,Beverages,19,6.55,124.45,95.16,Card
24/02/26,R970660,Chips,Snacks,13,4.95,64.35,49.71,card
02/24/2026,R282826,  Chips  ,Snacks,4,7.38,29.52,19.85,CASH
24.02.2026,R176798,Soda,Beverages,20,7.66,153.2,119.58,Card
2026-02-24,R668059,Cereal,Breakfast,16,8.15,130.4,82.42,card
"Feb 24, 2026",R971812,Canned Soup,Canned Goods,17,9.23,156.91,113.68,n/a
2026-02-24,R128882,Cereal,Breakfast,12,9.65,115.8,86.2,Card
24/02/2026,R978947,Milk,Dairy,2,5.90 EUR,11.8,₺8.34,NULL
24-02-2026,R759761,Cereal,Breakfast,17,7.96,"135,32",93.21,card
2026-02-24,R821054,Soda,Beverages,17,7.16,121.72,80.25,card
24-02-2026,R188354,Frozen Pizza,Frozen,15,9.79,146.85,76.29,Cash
24 Feb 2026,R410888,Cereal,Breakfast,9,2.47,22.23,13.83,Mobile
02/25/2026,R330913,Bread,Bakery,15,5.94,89.10 TRY,64.8,
25-02-2026,R657722,Bread,Bakery,14,7.46,104.44,67.34,Card
25.02.2026,R224887,Frozen Pizza,Frozen,8,1.99 USD,15.92,10.34,Mobile
25/02/26,R305954,Soda,Beverages,3,2.76,$8.28,$5.35,nan
25.02.2026,R917190,Milk,Dairy,5,"4,74","23,70",17.52,Card
25/02/2026,R818027,Bread,Bakery,5,6.68,33.4,20.24,Card
2026-02-25,R278342,Bread,Bakery,7,1.46,10.22,7.3,Cash
25/02/26,R718012,Soda,Beverages,7,9.94,69.58,55.52 EUR,Cash
25.02.2026,R267899,Milk,Dairy,8,3.48,€27.84,17.04 TRY,Card
25.02.2026,R296353,Soda,Beverages,14,4.05,56.7,42.49,Mobile
NA,R367089,Chips,Snacks,4,2.1,8.4,4.86,Cash
25/02/26,R800957,Frozen Pizza,Frozen,5,8.08,40.40,23.27,
2026/02/25,R313590,Cereal,Breakfast,17,"8,40","142,80",105.84,
02/25/2026,R376922,Milk,Dairy,12,7.24,"86,88",45.17,NONE
25/02/2026,R208626,Canned Soup,Canned Goods,8,8.75,70.0,53.38,Cash
2026-02-25,R303168,Milk,Dairy,3,6.95,20.85,₺12.83,card
2026-02-25,R668145,Cereal,Breakfast,7,1.94,13.58,10.04,card
25/02/26,R765152,  Soda  ,Beverages,16,1.75,28.00,€17.72,card
25/02/2026,R944826,Canned Soup,Canned Goods,20,"4,78",₺95.60,₺64.62,Card
25.02.2026,R927479,Milk,Dairy,3,5.05,15.15,8.52,Mobile
2026-02-25,R299152,Soda,Beverages,6,4.07,24.42,19.16,--
2026-02-25,R924906,Canned Soup,Canned Goods,15,8.0,120.0%,90.2,Card
02/25/26,R596765,soda,Beverages,15,7.3,109.5,63.82,CASH
02/25/2026,R136477,Frozen Pizza,Frozen,10,9.31,93.10 USD,71.39,Mobile
26-02-2026,R982798,Bread,Bakery,11,7.25,79.75,49.8,Card
2026-02-26,R745540,Bread,Bakery,4,5.85,23.4,15.13,CASH
26.02.2026,R576314,Chips,Snacks,2,8.24,$16.48,9.2,Card
2026/02/26,R807017,Cereal,Breakfast,19,6.23,118.37,86.29,CASH
26-02-2026,R151000,Soda,Beverages,15,9.51,142.65,$111.23,Mobile
2026/02/26,R749292,Soda,Beverages,1,5.34,"5,34",3.82 USD,Mobile
26/02/2026,R822812,Milk,Dairy,10,2.51,--,16.76,Card
26.02.2026,R757927,Bread,Bakery,18,4.88,87.84,65.26,NONE
"Feb 26, 2026",R921110,Cereal ,Breakfast,16,"7,26",116.16,60.79,
02/26/2026,R298185,Canned Soup,Canned Goods,3,6.11,18.33,"13,63",Cash
26-02-2026,R354865,Soda,Beverages,9,1.23,11.07,6.74,Mobile
2026/02/26,R744922,Milk,Dairy,15,7.12,106.8,£68.99,
2026-02-26,R407996,Soda,Beverages,11,4.69,₺51.59,30.04,none
"Feb 26, 2026",R612333,Canned Soup,Canned Goods,2,9.72,19.44,£15.13,Card
02/26/26,R202857,Canned Soup,Canned Goods,8,5.59,44.72,34.83,CASH
26-02-2026,R542664,Canned Soup ,Canned Goods,19,5.21,98.99,,card
26/02/2026,R681837,Milk,Dairy,11,€4.31,47.41,"31,11",
26/02/26,R793129,Cereal,Breakfast,1,8.9%,8.93,4.5,card
26.02.2026,R621033,Soda,Beverages,7,7.53,52.71,35.31,Cash
2026/02/26,R174998,Canned Soup,Canned Goods,6,9.08,54.48,37.7,CASH
02/26/26,R722126,Canned Soup,Canned Goods,1,8.54,8.54 EUR,6.74,card
26 Feb 2026,R309279,Chips,Snacks,18,8.58,154.44,₺107.49,Mobile
26.02.2026,R775114,Canned Soup,Canned Goods,14,"2,00",28.00,22.40,
"Feb 26, 2026",R748323,Bread,Bakery,7,3.83,26.81,20.96,nan
02/26/26,R188403,Bread,Bakery,10,9.66,96.60 TRY,56.9,Card
02/26/2026,R152901,Chips,Snacks,10,4.91,n/a,$29.57,Mobile
2026-02-26,R178974,Cereal,Breakfast,1,6.78,6.78,3.71,
"Feb 26, 2026",R438734,  Chips  ,Snacks,5,3.66,18.3,9.26,Mobile
2026/02/26,R644875,Milk,Dairy,6,4.45,26.7,$15.73,
"Feb 26, 2026",R745962,  Soda  ,Beverages,16,2.03,32.48,NA,card
2026/02/26,R133953,Milk,Dairy,6,6.13,36.78,24.1%,CASH
26 Feb 2026,R687296,BREAD,Bakery,14,8.96,125.44,"93,02",Mobile
2026/02/26,R411212,Bread,Bakery,1,2.89,2.89,1.46 TRY,CASH
26/02/26,R238958,Soda,Beverages,2,6.03 USD,N/A,"8,04",
26-02-2026,R734354,Chips,Snacks,1,7.42,7.42 USD,€4.34,NULL
02/26/26,R473605,Chips,Snacks,14,8.65,"121,10",65.73,null
2026-02-26,R594351,Cereal,Breakfast,15,4.18,62.7,35.82,Card
2026-02-26,R789237,Soda,Beverages,9,3.24,29.16,€19.58,Mobile
26/02/2026,R131978,Frozen Pizza,Frozen,5,5.73,28.65,₺22.69,Cash
02/26/2026,R353993,Canned Soup,Canned Goods,10,1.98,19.8,10.04,card
26.02.2026,R838395,Milk,Dairy,16,5.23 TRY,83.68,65.04 USD,Cash
26/02/26,R209010,Chips,Snacks,20,1.81,€36.20,28.59,
26-02-2026,R329863,Soda,Beverages,11,3.96,43.56,23.49,Cash
26/02/2026,R802732,Cereal,Breakfast,6,6.05,36.30,21.27 TRY,Card
26-02-2026,R175574,Frozen Pizza,Frozen,14,6.9,96.6,65.16,Card
NULL,R682247,Bread,Bakery,2,9.2%,18.44,12.22,--
26-02-2026,R346111,Bread,Bakery,16,8.34,133.44,86.08,Card
26-02-2026,R228102,Milk,Dairy,13,2.32,30.16 EUR,15.3,-
26/02/26,R615898,Frozen Pizza,Frozen,12,8.2,98.40,72.05,Card
2026-02-26,R363345,Milk,Dairy,9,2.83,"25,47",₺14.97,CASH
02/26/2026,R678036,Cereal,Breakfast,12,9.97,NA,71.93,card
"Feb 26, 2026",R209611,Chips,Snacks,11,6.78,74.58,47.0,--
2026-02-26,R259052,Bread,Bakery,14,9.96,139.44,"83,26",CASH
"Feb 26, 2026",R975194,Chips,Snacks,12,9.91,118.92,79.92,Mobile
2026/02/26,R752340,Frozen Pizza,Frozen,6,3.09,18.54,13.20,
26/02/2026,R885760,Cereal,Breakfast,14,5.34,74.76,53.56,
26-02-2026,R524947,Frozen  Pizza,Frozen,4,1.78,7.12,4.97,Mobile
"Feb 26, 2026",R687621,Canned Soup,Canned Goods,1,7.95,7.95,"4,61",Card
02/26/26,R572628,Frozen Pizza,Frozen,6,7.08,42.48,26.15,Card
26.02.2026,R586752,Cereal,Breakfast,11,1.73,19.03,14.19 USD,Mobile
26/02/2026,R968433,Bread ,Bakery,11,4.08,44.88,32.33,Cash
26 Feb 2026,R403716,Milk,Dairy,3,2.51,7.53,3.81,
2026/02/26,R358497,Milk,Dairy,17,2.79,NULL,26.95,card
26-02-2026,R447151,chips,Snacks,9,1.71,15.39 EUR,--,Cash
26/02/26,R581887,Bread,Bakery,5,1.01,5.05,3.46,CASH
2026/02/26,R303332,Milk,Dairy,17,1.17,19.89,13.30,Card
26.02.2026,R189717,Frozen Pizza,Frozen,5,8.8%,43.9,27.86,NULL
26/02/2026,R908172,Chips,Snacks,5,8.82,44.10,26.18,Card
02/26/26,R463697,Canned Soup ,Canned Goods,11,5.33,58.63,41.7,Mobile
02/26/26,R503017,Canned Soup,Canned Goods,13,3.11,40.43,26.81,card
02/26/26,R790681,Chips,Snacks,7,5.19,36.33,24.67,CASH
26/02/26,R124965,chips,Snacks,12,2.29,27.48,21.47,none
2026/02/26,R706216,Bread,Bakery,3,5.55,16.65,12.32,CASH
26 Feb 2026,R966711,Soda,Beverages,16,₺7.95,127.2,83.57,
26/02/26,R842926,Frozen Pizza,Frozen,15,1.32,19.8,10.76 TRY,Cash
26-02-2026,R519197,Canned Soup,Canned Goods,11,9.2,101.2,71.94,card
27 Feb 2026,R353832,Soda,Beverages,2,1.74,3.48,$2.33,Card
2026-02-27,R735544,Chips,Snacks,10,7.02,70.2,48.29,Card
27 Feb 2026,R494735,Canned Soup,Canned Goods,13,₺3.20,41.6,24.43,
27-02-2026,R773680,Canned Soup,Canned Goods,1,8.82,8.82,5.60,Cash
27-02-2026,R717327,Frozen Pizza,Frozen,14,1.19,16.66,12.35,card
27/02/26,R814304,Canned Soup,Canned Goods,3,5.93 EUR,17.79,10.27,Card
2026-02-27,R707506,CANNED SOUP,Canned Goods,15,2.36,35.4,17.92,nan
27/02/26,R335354,Bread,Bakery,8,3.78,"30,24",18.67,
2026/02/27,R729928,Milk,Dairy,5,8.32,41.6,26.09,Mobile
27-02-2026,R397809,Bread,Bakery,8,8.86,70.88,49.8,Mobile
27-02-2026,R418522,Frozen Pizza,Frozen,2,4.43,8.86,6.55,card
02/27/26,R823165,Chips,Snacks,18,5.92,106.56,76.2,card
02/27/26,R629619,Bread ,Bakery,15,2.87,43.05,30.94,Cash
27/02/26,R124097,Cereal,Breakfast,7,7.49,52.43,35.28,CASH
27/02/2026,R109434,Milk,Dairy,12,8.31,99.72,$55.00,
NA,R942980,Soda,Beverages,14,9.45,132.3,103.13,CASH
2026/02/27,R976908,Frozen Pizza,Frozen,16,2.53,40.48,23.54,CASH
"Feb 27, 2026",R890780,Soda,Beverages,16,7.58 EUR,121.28,69.2%,Mobile
27/02/26,R636285,Soda,Beverages,3,6.17,18.51,NULL,Mobile
02/27/2026,R626540,Soda,Beverages,18,9.63,173.34,111.81 USD,Card
27/02/26,R754086,CANNED SOUP,Canned Goods,6,8.74,null,$27.75,NA
"Feb 27, 2026",R793206,Frozen Pizza,Frozen,14,6.17,86.38,57.37,Cash
27/02/26,R806063,Soda,Beverages,2,7.79,15.58,8.12,Mobile
27/02/26,R949343,Bread,Bakery,14,6.81,95.34,58.89,NULL
27/02/2026,R562516,Soda,Beverages,10,4.6,46.0,24.3%,Mobile
27/02/26,R888527,Soda,Beverages,20,9.53,190.60,132.10,Mobile
27 Feb 2026,R975684,Cereal,Breakfast,8,2.36,18.88,14.19,Cash
,R452863,Chips,Snacks,5,4.89,24.4%,15.65,CASH
27/02/2026,R215496,Frozen Pizza,Frozen,10,₺9.61,96.1,58.06,
02/27/26,R213817,Chips,Snacks,10,8.3,83.00,£56.37,Mobile
27.02.2026,R501853,Milk,Dairy,7,9.24,64.68,€39.16,Cash
27/02/26,R133588,Cereal,Breakfast,12,4.89,58.68,44.95,nan
27/02/2026,R327611,Soda,Beverages,16,6.96,111.36,70.46,card
2026/02/27,R799308,Cereal,Breakfast,1,4.9,4.9,3.36,Card
27-02-2026,R746974,Canned Soup,Canned Goods,19,6.26,118.94,87.0,card
02/27/26,R481502,Cereal,Breakfast,14,9.98,139.72,111.05 EUR,Mobile
02/27/2026,R498912,Canned Soup,Canned Goods,13,1.71,22.23,11.37,Cash
"Feb 27, 2026",R289336,Bread,Bakery,11,8.65,"95,15",54.63 EUR,Cash
02/27/26,R391446,Soda,Beverages,11,8.34,91.74,70.16,
27 Feb 2026,R983021,Milk,Dairy,6,5.02,30.12,23.6%,Cash
2026-02-27,R909037,Canned Soup,Canned Goods,16,9.66,₺154.56,114.5%,card
02/27/2026,R492007,Chips,Snacks,5,7.77,38.85,NA,-
27/02/26,R196117,Soda,Beverages,2,4.96,9.92,7.25,CASH
27.02.2026,R298518,Chips,Snacks,7,2.02,14.14,9.0,
2026-02-27,R968108,Frozen Pizza,Frozen,18,5.23,94.14,54.7,Mobile
27.02.2026,R137644,Canned Soup,Canned Goods,12,2.93,35.16,22.09,CASH
27/02/26,R225545,Frozen Pizza,Frozen,7,2.62,"18,34",12.67,
27/02/26,R342767,Bread,Bakery,7,2.83,19.81,13.28,card
27-02-2026,R823838,Canned Soup,Canned Goods,10,4.07,40.7,27.45,nan
27 Feb 2026,R358188,Cereal,Breakfast,4,6.51,26.04,19.34,Card
27-02-2026,R134788,Frozen Pizza,Frozen,6,9.15,54.9,30.17,card
27.02.2026,R543289,Soda,Beverages,6,6.21,37.26,24.28,Cash
27/02/2026,R869507,CHIPS,Snacks,8,2.27,18.16,9.18,NA
2026/02/27,R812234,  Canned Soup  ,Canned Goods,14,7.09,99.26,55.27,Card
27.02.2026,R741084,Soda,Beverages,17,$1.50,"25,50",14.1,card
27/02/2026,R536436,Canned Soup,Canned Goods,10,7.69,76.9,45.94,Card
27/02/26,R205116,Canned Soup,Canned Goods,10,8.66,86.60,54.17,card
27-02-2026,R857603,Soda,Beverages,1,8.47,8.47,5.56 USD,Card
27 Feb 2026,R567799,Frozen Pizza,Frozen,14,5.33,74.62,49.38 EUR,Mobile
27 Feb 2026,R124622,Soda,Beverages,1,9.46,9.46,5.01,Card
27 Feb 2026,R282591,bread,Bakery,5,3.46,17.3,13.50 EUR,
"Feb 27, 2026",R208262,cereal,Breakfast,15,2.12,31.8,16.47,Mobile
"Feb 27, 2026",R452418,Frozen Pizza,Frozen,11,6.79,--,41.54,Mobile
nan,R170370,Milk,Dairy,6,8.32,49.92,31.78,Card
28-02-2026,R432084,Frozen Pizza,Frozen,14,5.52,77.28,60.72,n/a
28-02-2026,R634075,Canned Soup,Canned Goods,14,4.27,59.78 TRY,32.8,Card
28/02/26,R229703,Cereal,Breakfast,16,1.52,24.32,18.37,-
02/28/2026,R736224,Chips,Snacks,2,"3,30",6.6,4.61,Cash
28 Feb 2026,R506141,Cereal,Breakfast,17,1.04,17.68,13.84,Card
02/28/26,R189987,Bread,Bakery,20,4.88,97.6,54.94,card
"Feb 28, 2026",R217282,Canned Soup,Canned Goods,8,6.55,52.4,"33,15",Cash
NULL,R570965,Bread,Bakery,18,7.09 USD,127.62,£83.57,card
28/02/26,R924489,Soda,Beverages,15,6.8,102.0,64.35,Card
02/28/26,R258161,Frozen Pizza,Frozen,17,9.24,157.08,101.57,nan
28/02/2026,R586320,  Chips  ,Snacks,15,4.2,63.0,37.45 USD,
28/02/2026,R548801,Chips,Snacks,4,4.75,19.0,9.80 EUR,Card
02/28/26,R976910,Soda,Beverages,11,3.16,34.76,24.70 USD,CASH
02/28/2026,R485002,Chips,Snacks,19,7.2,136.80,73.86,card
2026/02/28,R130536,Frozen Pizza,Frozen,20,4.43,88.6,55.21,CASH
02/28/2026,R770608,Soda,Beverages,12,5.97,71.64,53.05,nan
28-02-2026,R618041,Bread,Bakery,2,5.84,11.68,6.8,Mobile
nan,R896680,Cereal,Breakfast,8,4.8,38.40 TRY,27.29,Mobile
NULL,R446380,Bread,Bakery,14,3.97,55.58,34.8%,Cash
28/02/26,R707041,Bread,Bakery,16,9.15,146.4%,112.72,Mobile
28-02-2026,R282586,Frozen Pizza,Frozen,11,£9.37,103.07,69.76,CASH
28-02-2026,R241643,Bread,Bakery,6,7.09,42.5%,23.81,card
02/28/26,R763626,Chips,Snacks,19,1.13,21.47,12.38,nan
"Feb 28, 2026",R653291,Bread,Bakery,4,8.55,34.2,25.72,card
28/02/2026,R632093,Milk,Dairy,7,3.61,25.27,17.57,
2026/02/28,R202254,Frozen Pizza,Frozen,2,"2,79",5.58,,Cash
28-02-2026,R532542,Cereal,Breakfast,4,4.56,18.24,13.5,Mobile
"Feb 28, 2026",R241515,Milk,Dairy,12,8.99,₺107.88,61.74 USD,
28.02.2026,R111845,Chips,Snacks,1,2.17 EUR,null,1.48,Mobile
28/02/26,R791358,Cereal ,Breakfast,19,4.72,89.68,56.09,
28-02-2026,R902350,Chips,Snacks,3,$2.90,£8.70,6.67,N/A
2026-02-28,R278044,Frozen Pizza,Frozen,2,3.6,7.2,€5.59,card
28-02-2026,R652378,Soda,Beverages,5,1.45,null,5.45,nan
28-02-2026,R910061,Soda,Beverages,8,5.44,43.5%,24.97 EUR,card
02/28/2026,R108239,Soda,Beverages,5,5.12,25.6,14.68,
02/28/26,R485807,Chips,Snacks,12,7.98,95.76,"65,58",CASH
28/02/26,R900289,Cereal,Breakfast,7,7.49,52.43,33.48,Cash
28/02/2026,R485760,Canned Soup,Canned Goods,12,$4.70,56.4%,31.95,n/a
28/02/26,R674111,Cereal,Breakfast,13,$3.36,NA,33.87,Mobile
28 Feb 2026,R313948,Milk,Dairy,8,7.01,$56.08,34.14,Card
28-02-2026,R454429,Chips,Snacks,5,2.29,11.45,8.08,card
28.02.2026,R496229,CEREAL,Breakfast,3,9.78,29.34,15.83,
N/A,R816817,Soda,Beverages,8,4.61,36.88,23.08,CASH
2026/02/28,R805927,Milk,Dairy,17,5.10,86.70 USD,59.94,null
2026/02/28,R374879,Chips,Snacks,19,6.59,125.21,86.16,Mobile
02/28/26,R428061,Milk,Dairy,9,9.96,89.64,49.51,card
28/02/26,R516572,Frozen Pizza,Frozen,3,6.03,18.09,11.38,
28/02/26,R219284,Canned Soup,Canned Goods,16,8.41,134.56 USD,93.93,Mobile
28-02-2026,R272061,Chips,Snacks,1,9.35,9.35,5.23,-
28/02/26,R262150,Frozen Pizza,Frozen,17,1.99,"33,83",21.15,nan
02/28/2026,R393286,Frozen Pizza,Frozen,1,5.33,5.33,3.67,Cash
2026/02/28,R871671,Frozen Pizza,Frozen,4,7.53,30.12,17.23,NONE
2026/02/28,R172554,cereal,Breakfast,4,3.26,13.04,7.72,Card
02/28/2026,R642274,Frozen Pizza,Frozen,3,4.24,12.72,7.52,CASH
28 Feb 2026,R742992,Cereal ,Breakfast,5,4.98,24.9,15.58,CASH
28/02/2026,R808383,Frozen Pizza,Frozen,2,3.11 TRY,€6.22,4.73,null
2026-02-28,R264022,Bread,Bakery,12,2.46,29.52,17.54 USD,Mobile
28 Feb 2026,R828880,Bread,Bakery,19,3.44 USD,65.36,52.14,CASH
28 Feb 2026,R267786,Soda,Beverages,14,3.17,44.38,NONE,
28/02/2026,R954927,Milk,Dairy,13,9.95,129.35,$94.04,Cash
28/02/26,R927622,Frozen Pizza,Frozen,14,3.10,43.40,₺31.73,CASH
28 Feb 2026,R174429,Cereal,Breakfast,19,7.71,146.49 TRY,98.15,
28/02/2026,R405125,Soda,Beverages,1,2.45,2.45,1.57,card
28.02.2026,R378433,Chips,Snacks,19,7.67,145.73,89.99 EUR,CASH
28/02/26,R902975,Bread ,Bakery,8,€9.86,78.88,51.91,card
2026/02/28,R725145,Chips,Snacks,4,"5,46",21.84,14.97,Card
"Feb 28, 2026",R922674,Cereal,Breakfast,12,1.25,15.0,11.02,card
28/02/26,R980831,Cereal,Breakfast,8,6.01,$48.08,$35.58,
28/02/2026,R114654,Chips,Snacks,20,2.74,54.8,35.96,Mobile
"Feb 28, 2026",R242509,Bread,Bakery,8,9.06,€72.48,47.54,CASH
28 Feb 2026,R477433,Bread,Bakery,11,6.51,71.61,52.01,Cash
nan,R366517,Cereal,Breakfast,15,5.47,82.05,53.01,NULL
28 Feb 2026,R470968,Canned Soup,Canned Goods,7,6.43,45.01,24.27,
NULL,R649439,Canned  Soup,Canned Goods,19,7.85,149.15,118.16,CASH
28.02.2026,R820902,Soda,Beverages,2,"3,32",NONE,5.06,CASH
28 Feb 2026,R129560,  Frozen Pizza  ,Frozen,18,3.64,65.52,36.38,NULL
02/28/2026,R373716,Frozen Pizza,Frozen,7,2.68,18.76,11.40,Mobile
NA,R353536,Chips,Snacks,19,2.71,£51.49,36.36,Mobile
2026/02/28,R620417,Cereal,Breakfast,11,7.54,82.94,55.41,none
01/03/26,R268249,Milk,Dairy,10,₺6.84,68.40,40.66,NULL
2026/03/01,R989958,Chips,Snacks,5,5.85,29.25,19.47 USD,Card
01/03/26,R482143,Bread,Bakery,10,3.58,35.8,NONE,CASH
2026/03/01,R930917,Cereal,Breakfast,11,9.11,NONE,56.39,Mobile
"Mar 01, 2026",R269481,Canned Soup,Canned Goods,4,3.4%,13.56,9.5%,
2026-03-01,R200869,Chips,Snacks,2,3.23,6.46,4.59,Card
03/01/26,R993169,FROZEN PIZZA,Frozen,6,5.25,31.50,20.32,
01-03-2026,R214698,Canned Soup,Canned Goods,4,£5.88,23.52,13.77,CASH
01-03-2026,R310758,Bread,Bakery,6,2.41,14.46,10.74,
01-03-2026,R307606,Soda,Beverages,1,8.22,8.22 TRY,4.35,
01-03-2026,R281825,Canned Soup,Canned Goods,18,4.42,79.56,51.85,Cash
01/03/26,R846821,Milk,Dairy,1,8.11,8.11,5.01,card
2026/03/01,R740984,Soda,Beverages,1,8.62,8.62,5.1%,card
2026-03-01,R539827,Soda,Beverages,18,"6,80",none,62.57,Cash
2026/03/01,R721392,Frozen Pizza,Frozen,12,5.44,65.28 USD,40.09,Mobile
01.03.2026,R460536,  Milk  ,Dairy,5,9.24,46.2,24.29,CASH
"Mar 01, 2026",R767018,Chips,Snacks,3,2.94,8.82,4.45,
2026-03-01,R706169,Canned Soup,Canned Goods,8,9.44,75.52,53.94,Cash
03/01/2026,R152641,Cereal,Breakfast,5,£7.64,38.20,"24,77",NULL
"Mar 01, 2026",R434249,Cereal,Breakfast,18,2.67,48.06,26.08,CASH
2026/03/01,R169019,Cereal,Breakfast,8,$2.30,18.4,11.28,Mobile
2026/03/01,R476769,Canned Soup,Canned Goods,19,6.59,,93.44 EUR,card
2026-03-01,R363070,Chips,Snacks,9,2.38,21.42,16.19 EUR,Cash
01/03/26,R505905,Cereal,Breakfast,19,1.44,27.36,16.32,Mobile
03/01/26,R949087,Chips,Snacks,3,9.35,28.05,none,NA
01 Mar 2026,R304885,Bread,Bakery,18,1.4%,24.3,18.52,Card
2026/03/01,R931564,Cereal,Breakfast,6,6.63,39.8%,28.65,
01/03/26,R122071,Milk,Dairy,20,5.82,116.4,74.48,CASH
2026/03/01,R295692,Soda,Beverages,5,2.43,12.15,6.66,Cash
01.03.2026,R301541,Milk,Dairy,8,2.18,17.44,11.98,CASH
01-03-2026,R696837,Bread,Bakery,17,3.7%,63.41,39.90,Card
"Mar 01, 2026",R532577,Frozen Pizza,Frozen,2,9.17,18.34,11.13 USD,nan
01-03-2026,R649153,Milk,Dairy,17,8.63,"146,71",89.15,Cash
01-03-2026,R264221,Canned Soup ,Canned Goods,9,2.4%,21.78,12.27 EUR,card
01/03/26,R295999,Canned Soup,Canned Goods,3,7.32,21.96,14.59,
"Mar 01, 2026",R613028,Chips,Snacks,4,5.11,20.44,12.28,Card
01/03/26,R178304,Frozen Pizza,Frozen,10,9.94,99.40,57.40 EUR,Card
2026-03-01,R941240,Canned Soup,Canned Goods,4,5.55,£22.20,11.19,Card
01 Mar 2026,R363552,Frozen Pizza,Frozen,10,8.66,86.60,67.41,Mobile
01-03-2026,R571328,Cereal,Breakfast,7,1.6,₺11.20,6.20,card
"Mar 01, 2026",R854793,Bread,Bakery,20,4.14,82.8,43.13,null
01-03-2026,R279643,Chips,Snacks,4,4.16 TRY,16.64,€9.59,Card
2026/03/01,R423539,Soda,Beverages,16,1.24,19.84,11.65,CASH
2026/03/01,R241383,Chips,Snacks,5,6.75,33.75,21.33,card
01/03/26,R953001,Chips,Snacks,10,2.46,24.60,₺19.12,nan
01/03/2026,R206386,Cereal,Breakfast,20,2.34,46.8,33.25,Cash
"Mar 01, 2026",R863585,Soda,Beverages,1,3.61,3.61,2.77,CASH
01/03/2026,R154304,Chips,Snacks,8,6.09,48.72,31.42,
2026-03-01,R524797,Chips,Snacks,16,2.01,32.16,19.9,card
03/01/26,R882952,Soda,Beverages,18,9.82,176.76,131.84,Cash
01 Mar 2026,R542069,Chips,Snacks,10,8.67,86.7,49.13,Card
01/03/2026,R679647,Chips,Snacks,8,9.53 TRY,76.24,45.97,card
01 Mar 2026,R629386,Soda,Beverages,1,8.63,8.6%,5.33,CASH
2026/03/01,R242310,Frozen Pizza,Frozen,18,2.6%,£47.70,36.97,Cash
01/03/26,R589937,Cereal,Breakfast,7,4.55,31.85,$20.47,CASH
03/01/2026,R134688,Chips,Snacks,4,4.12,16.48,12.11,Mobile
2026-03-01,R276979,Bread,Bakery,20,8.1,162.0,102.13,none
01 Mar 2026,R165364,Milk,Dairy,8,6.71,53.68,32.62,Mobile
"Mar 01, 2026",R777439,Canned Soup,Canned Goods,3,4.5%,13.62,10.77,
2026/03/01,R600026,Cereal,Breakfast,4,8.69,£34.76,17.4%,Card
"Mar 01, 2026",R261600,Canned Soup,Canned Goods,12,2.73,none,24.48,Card
03/01/26,R668169,Canned Soup,Canned Goods,5,5.48,27.4,17.46,Cash
03/01/2026,R780166,Milk,Dairy,14,1.99,27.86,22.10,card
2026/03/01,R704549,Bread,Bakery,17,1.45,24.65,13.6%,Mobile
01 Mar 2026,R751852,Cereal,Breakfast,14,3.21,44.94 TRY,25.80 EUR,card
01 Mar 2026,R870283,Frozen Pizza,Frozen,11,9.43,103.73,80.12,
03/01/2026,R178262,Bread,Bakery,9,6.76,60.84,46.89,CASH
01/03/26,R789231,Cereal,Breakfast,19,2.5,47.5%,30.51,card
01/03/26,R467510,Frozen Pizza,Frozen,1,4.94 TRY,4.94,2.96,--
01/03/26,R163260,SODA,Beverages,9,8.53,76.8%,52.07,CASH
03/01/2026,R819788,Bread,Bakery,20,4.99,99.80,58.12,CASH
01-03-2026,R583680,Chips,Snacks,9,2.15,19.35,"10,93",nan
02-03-2026,R233742,Cereal,Breakfast,20,8.29,165.8,108.40,n/a
2026/03/02,R604274,Chips,Snacks,3,4.39,13.17,7.45,CASH
2026/03/02,R384947,Bread ,Bakery,12,8.05,96.6,53.5,Cash
2026-03-02,R520762,Chips,Snacks,1,6.49 TRY,6.49,4.42,CASH
02/03/2026,R112572,Chips,Snacks,6,"9,46",56.76 EUR,43.64,Mobile
02.03.2026,R319191,Bread,Bakery,5,2.47,12.35,6.19,CASH
2026/03/02,R654447,Milk,Dairy,9,6.71,60.39,39.05,Cash
NONE,R585325,  Cereal  ,Breakfast,8,4.77,38.16,19.66,Card
02/03/26,R168667,Soda,Beverages,7,2.68,€18.76,14.87,
"Mar 02, 2026",R421520,Cereal,Breakfast,11,$3.77,€41.47,32.82,CASH
03/02/26,R573725,Canned Soup,Canned Goods,16,9.73,155.68,84.03,Mobile
02-03-2026,R745775,Canned Soup,Canned Goods,15,8.80 TRY,132.0,87.47,card
2026/03/02,R271389,milk,Dairy,14,6.36,89.04,59.77,Card
02.03.2026,R702734,Canned Soup ,Canned Goods,4,2.07,8.28,"6,17",Card
02/03/2026,R106725,Soda,Beverages,5,7.7,38.5,26.26,CASH
2026-03-02,R390001,Bread,Bakery,3,4.71 TRY,14.13,10.62,Cash
2026-03-02,R172529,Canned Soup,Canned Goods,19,1.72,32.68,19.32,Cash
02-03-2026,R364973,Chips,Snacks,14,7.58,106.12,84.16 TRY,n/a
2026/03/02,R838309,Soda,Beverages,8,"8,50",68.0,46.26,null
03/02/26,R199132,Chips,Snacks,8,3.50,28.0,19.97,NA
02/03/26,R887407,Milk,Dairy,15,7.07,106.05,81.91 TRY,Card
"Mar 02, 2026",R542996,Bread,Bakery,6,6.98,41.88,25.4,Mobile
02 Mar 2026,R406902,Bread,Bakery,16,2.31,36.96,26.72,CASH
02/03/26,R334783,Soda,Beverages,19,2.77,52.63,£26.81,Card
2026-03-02,R510351,Milk,Dairy,13,3.45,"44,85",26.5%,none
02-03-2026,R928992,Cereal,Breakfast,10,3.8,38.00 USD,28.7,Card
02/03/26,R248483,Frozen Pizza,Frozen,5,9.21,46.0%,26.71,null
"Mar 02, 2026",R726190,Bread,Bakery,7,7.41,51.87,41.0,
02/03/26,R553466,Chips,Snacks,9,9.14,€82.26,56.17,
03/02/2026,R234808,Canned Soup,Canned Goods,15,9.64,144.6,97.49,NULL
2026-03-02,R137376,frozen pizza,Frozen,7,7.52,52.64,31.31 TRY,CASH
,R253807,Soda,Beverages,10,5.14,51.4%,26.68,n/a
03/02/2026,R491193,Cereal,Breakfast,8,2.51,20.08,15.92,NULL
03/02/26,R862811,Canned Soup,Canned Goods,4,€8.08,"32,32",₺23.14,CASH
2026-03-02,R854016,Canned Soup,Canned Goods,7,2.5,17.5,13.55,Mobile
02-03-2026,R793291,Frozen Pizza,Frozen,17,3.44,58.48,35.06,Mobile
02-03-2026,R966512,cereal,Breakfast,10,6.02 USD,60.2,38.77,Cash
02 Mar 2026,R973435,Bread,Bakery,7,9.78,68.46 EUR,43.2,NONE
02/03/2026,R482672,Cereal,Breakfast,12,9.78,117.36,71.84,Cash
2026/03/02,R332707,Cereal,Breakfast,8,5.6%,44.8,23.59,Card
03/02/26,R281894,Soda,Beverages,19,6.4%,nan,74.3,none
2026-03-02,R204568,Cereal,Breakfast,12,6.11,73.32,54.45,Cash
2026/03/02,R317855,Bread,Bakery,8,6.68,"53,44",26.8%,Mobile
03/02/26,R501343,Frozen Pizza,Frozen,11,4.59,50.49,37.22,Card
"Mar 02, 2026",R710667,Milk ,Dairy,8,9.21,73.68,50.9,card
2026/03/03,R702947,Bread,Bakery,12,9.57,114.84 USD,69.59,Card
03/03/26,R447614,Canned Soup,Canned Goods,12,7.58,"90,96",€47.20,Mobile
03/03/26,R710189,Soda,Beverages,6,7.45,44.7,31.50,Mobile
03/03/26,R747937,Cereal,Breakfast,6,3.41,20.46,14.58,card
03.03.2026,R929029,canned soup,Canned Goods,14,5.58,78.12,41.48,CASH
03/03/26,R168780,Canned Soup,Canned Goods,9,3.76,33.84,24.45,card
03/03/2026,R714600,Canned Soup,Canned Goods,6,"8,58",51.48,28.17,Cash
03/03/26,R611848,Bread,Bakery,14,4.2,58.8,30.25,card
03.03.2026,R617594,Chips,Snacks,16,8.59,137.44,$77.65,-
03.03.2026,R952065,  Chips  ,Snacks,7,4.27,29.89,€20.27,Card
2026/03/03,R751063,Chips,Snacks,1,6.82,6.82,4.74,-
03/03/26,R354777,Milk,Dairy,6,3.47,20.82,nan,CASH
03-03-2026,R320974,Bread,Bakery,14,2.26,31.64,18.12,Card
none,R323697,Chips,Snacks,1,8.75,8.75,5.91,n/a
2026-03-03,R743688,Canned Soup,Canned Goods,12,8.11,97.32,70.27,Card
"Mar 03, 2026",R581728,Canned Soup,Canned Goods,1,8.07 USD,8.1%,4.75,
03-03-2026,R277821,Milk,Dairy,12,6.36,76.32,54.05,Card
NONE,R378682,Frozen Pizza,Frozen,8,9.87,78.96,44.15,
03/03/26,R823173,Bread,Bakery,6,5.26,31.56,20.93,-
03-03-2026,R938019,Canned Soup,Canned Goods,20,2.54,50.8,36.81 USD,card
03.03.2026,R284460,Frozen Pizza,Frozen,16,1.11,17.76,12.60,Mobile
03/03/2026,R803908,Frozen Pizza,Frozen,18,€4.76,85.68,67.84,Cash
03/03/2026,R135990,Soda,Beverages,2,6.98,13.96,10.03,Mobile
03/03/2026,R404461,Chips,Snacks,8,9.18,73.44,44.57,CASH
2026-03-03,R123510,Canned Soup,Canned Goods,5,7.21,36.05,27.15 USD,Mobile
04-03-2026,R560877,Canned Soup,Canned Goods,10,7.07,70.7,44.61,NA
03/04/2026,R948046,Soda,Beverages,12,6.97,83.64,"52,93",Cash
"Mar 04, 2026",R456487,Soda,Beverages,6,2.22,13.32,9.08,Mobile
04/03/26,R699567,Milk,Dairy,15,6.7%,100.65,64.76,Cash
04-03-2026,R527805,Chips,Snacks,15,9.77,146.55,97.6%,Cash
2026/03/04,R488558,Chips,Snacks,6,6.82,40.92,27.13,card
04/03/2026,R239024,Milk,Dairy,16,3.84,61.44,33.01 TRY,n/a
03/04/26,R996447,Frozen Pizza,Frozen,6,6.0,36.00,25.64,CASH
04/03/2026,R823030,Canned Soup,Canned Goods,2,6.58,13.16 EUR,7.70,
nan,R980303,Soda,Beverages,4,"6,92",27.68,"17,43",Cash
04/03/2026,R477113,cereal,Breakfast,15,6.65,99.75,nan,Mobile
04/03/26,R157550,Cereal,Breakfast,5,7.66,38.3,30.51,Cash
04/03/2026,R963354,Chips,Snacks,12,₺7.94,₺95.28,60.62,nan
04/03/26,R250145,Frozen Pizza,Frozen,9,2.18,19.62,9.98,
04/03/2026,R510545,Milk,Dairy,14,4.13,57.8%,NONE,CASH
2026-03-04,R565793,Cereal ,Breakfast,3,6.42,19.26,13.76,
04/03/26,R828142,Bread,Bakery,7,5.53,38.71,"21,67",CASH
04-03-2026,R577759,Canned  Soup,Canned Goods,11,8.98,98.78,"72,23",card
03/04/2026,R477550,Milk,Dairy,4,7.36,29.44,₺18.94,Card
04 Mar 2026,R357262,Soda,Beverages,12,5.98,71.76,N/A,Cash
03/04/26,R138182,Canned Soup,Canned Goods,2,1.12,2.24,1.74,Cash
none,R429680,bread,Bakery,15,6.91,103.65,77.82,card
"Mar 04, 2026",R404624,canned soup,Canned Goods,17,7.64,129.88,90.86,
04-03-2026,R853454,Chips,Snacks,16,6.34,101.44,72.88,Card
04/03/2026,R166992,Bread,Bakery,19,2.97,56.43,41.34,Card
04-03-2026,R174195,Soda,Beverages,7,4.7,32.9,19.24,CASH
04 Mar 2026,R680041,Cereal,Breakfast,9,3.63,32.67,"19,35",card
2026/03/04,R522324,Bread,Bakery,4,8.73,34.92,22.41,Cash
04/03/2026,R300560,Cereal,Breakfast,3,3.69,11.07,5.65,CASH
04/03/26,R144538,Canned Soup,Canned Goods,8,7.39,59.12,45.37,Cash
03/04/2026,R223489,Canned Soup,Canned Goods,12,9.01,108.12,70.51,Card
04/03/26,R551352,chips,Snacks,14,9.97,139.58,111.61,CASH
"Mar 04, 2026",R660178,Chips,Snacks,3,7.49,22.47,12.04,Cash
04 Mar 2026,R929074,Bread,Bakery,4,7.28,29.12 EUR,22.03 USD,card
03/04/26,R340671,Milk,Dairy,5,6.97,34.85,"21,06",Mobile
03/04/2026,R662719,Canned Soup,Canned Goods,9,6.09,£54.81,28.41 USD,
03/04/2026,R534660,soda,Beverages,13,4.98,64.74,49.96,card
03/04/26,R298130,Bread,Bakery,20,"5,62",112.40,86.74,Mobile
04/03/26,R785421,Soda,Beverages,5,2.3,11.5,7.25 TRY,-
03/04/26,R616678,Milk,Dairy,15,6.46,"96,90",£77.06,nan
03/04/2026,R663965,Bread,Bakery,11,7.69,84.59,$62.93,Cash
2026/03/04,R785913,Cereal,Breakfast,6,6.29,37.74 USD,21.81,Card
2026-03-04,R446372,Soda,Beverages,7,2.27,"15,89",11.26,Mobile
04-03-2026,R521385,Bread,Bakery,18,6.25,112.5,79.63,card
04.03.2026,R803906,  Soda  ,Beverages,4,"7,64",30.6%,"15,68",CASH
04-03-2026,R950819,Soda,Beverages,14,1.86,"26,04",15.18,Mobile
04/03/2026,R669631,Bread,Bakery,13,2.7,35.1,₺17.92,NULL
nan,R422543,Chips,Snacks,19,5.2,€98.80,61.45,Mobile
03/05/26,R105926,Soda,Beverages,6,2.77,16.62,12.21,Card
03/05/2026,R187914,Cereal,Breakfast,4,7.78,31.12,22.1%,Card
05-03-2026,R458561,Soda,Beverages,3,1.9%,5.79,3.85,NA
05.03.2026,R616053,Bread,Bakery,9,8.8,n/a,40.18,card
05-03-2026,R696717,Chips,Snacks,9,6.4,57.60,41.36,card
05 Mar 2026,R356697,Bread,Bakery,15,4.56,N/A,40.13,CASH
2026/03/05,R506523,Soda,Beverages,10,1.99,19.9,15.76,Cash
n/a,R787564,Soda,Beverages,19,5.62,106.78,£82.73,CASH
2026-03-05,R456241,Bread,Bakery,4,2.14,8.56,5.47,
05-03-2026,R761561,Chips,Snacks,1,4.0,4.0,2.69,CASH
05/03/2026,R122549,Soda,Beverages,14,6.39,89.46,48.95 TRY,
05-03-2026,R167452,Canned Soup,Canned Goods,16,7.44,119.04,60.68,Mobile
"Mar 05, 2026",R407157,Canned Soup,Canned Goods,11,5.11,nan,€43.33,null
03/05/26,R155685,Chips,Snacks,2,2.62,5.24,3.8,Mobile
05.03.2026,R882617,Chips,Snacks,5,8.69,43.45,24.89,CASH
03/05/26,R730653,Canned Soup,Canned Goods,12,₺2.48,29.76,22.22,Card
03/05/26,R269664,Chips,Snacks,5,5.71,28.55 TRY,21.29,
03/05/26,R498868,Canned Soup,Canned Goods,17,4.6%,77.52,48.99,card
05-03-2026,R168342,Milk,Dairy,18,9.94,178.92,96.8%,
2026/03/05,R796932,Bread,Bakery,20,9.32,186.40,147.31,Mobile
05 Mar 2026,R754306,Chips,Snacks,12,3.37,40.44,22.75,
2026-03-05,R743097,Soda,Beverages,14,4.4,61.6,47.7,CASH
05/03/2026,R665745,Soda,Beverages,17,4.39 EUR,"74,63",58.74,Cash
05-03-2026,R980764,Frozen Pizza,Frozen,2,1.09,2.18,1.58,Card
05 Mar 2026,R734052,Chips,Snacks,3,3.9,11.7,7.35,Mobile
05/03/2026,R393224,  Milk  ,Dairy,18,7.39,133.02,69.36,Card
05 Mar 2026,R624088,milk,Dairy,13,6.68,86.84,54.66,card
2026-03-05,R822528,Chips,Snacks,10,9.1,91.0,45.5,Card
05.03.2026,R271163,Bread,Bakery,4,2.09,8.36,5.69,Cash
03/05/2026,R775545,Chips,Snacks,14,3.01,42.14,24.62,
2026/03/05,R695433,Canned Soup,Canned Goods,5,2.13,10.65,-,Mobile
05 Mar 2026,R544283,soda,Beverages,14,9.36,131.04,101.83 USD,CASH
03/05/26,R825959,Frozen Pizza,Frozen,11,7.54,82.94,54.27,Cash
2026/03/05,R444355,Frozen Pizza,Frozen,4,5.44,21.76,12.98,Mobile
05/03/2026,R767680,Bread,Bakery,10,4.02,40.2,25.59,
2026/03/05,R962516,Chips,Snacks,3,3.1%,9.18,-,Mobile
03/05/26,R715064,Milk,Dairy,12,7.24,86.9%,51.91,CASH
05/03/2026,R776049,Frozen Pizza,Frozen,9,9.64,86.76,43.47,
2026/03/05,R218974,Soda,Beverages,19,7.96,151.24,104.84,Card
05.03.2026,R720955,Canned Soup,Canned Goods,8,2.74,21.92,17.24,
05.03.2026,R131654,Soda,Beverages,9,6.34,57.1%,"39,60",Card
05/03/26,R257172,Chips,Snacks,2,7.97,15.94,12.65,Card
06.03.2026,R558143,Soda,Beverages,19,9.94,188.86,147.11,Mobile
06-03-2026,R785563,Milk,Dairy,19,8.48,161.12,91.15,Card
"Mar 06, 2026",R334268,Canned Soup,Canned Goods,11,7.74,85.14,55.41,card
06/03/2026,R948964,Chips,Snacks,18,5.73,103.14,62.9%,
03/06/26,R420732,Frozen Pizza,Frozen,2,₺1.22,2.44,1.37,Card
03/06/26,R629763,Canned Soup,Canned Goods,16,8.9,142.4,100.99,Cash
2026-03-06,R187538,Frozen Pizza,Frozen,12,6.81,81.72,58.83,null
06.03.2026,R918812,Bread,Bakery,7,€5.63,39.41,25.55,
06.03.2026,R327425,Chips,Snacks,19,€3.59,68.21,£39.07,Card
2026-03-06,R951794,Canned Soup,Canned Goods,12,4.46 TRY,53.52,30.15,Card
2026-03-06,R737633,Milk,Dairy,10,1.5,15.0,10.13,--
06/03/26,R782479,Chips,Snacks,19,2.55,48.45,34.36,Cash
06-03-2026,R715084,Milk,Dairy,17,5.06,"86,02",44.43,Card
"Mar 06, 2026",R952320,Frozen Pizza,Frozen,15,8.48,127.2,€74.29,Cash
03/06/26,R741475,CHIPS,Snacks,1,$9.51,9.51,7.4,Mobile
06/03/2026,R786599,MILK,Dairy,3,2.57,7.71,none,Card
06/03/2026,R696442,Soda,Beverages,15,3.44,51.6,33.74 EUR,CASH
03/06/26,R378179,Soda,Beverages,5,4.03,20.15,13.11,Cash
03/06/2026,R258008,Cereal,Breakfast,12,8.75,105.0,80.74,CASH
"Mar 06, 2026",R722927,Canned Soup,Canned Goods,1,6.89 TRY,6.89,4.9,Cash
2026-03-06,R817577,Cereal,Breakfast,18,5.05,90.9,67.82,-
06/03/26,R180351,Chips,Snacks,14,9.76,136.64,108.98,CASH
06/03/26,R272568,Cereal,Breakfast,19,8.45,160.55,97.34,
2026-03-06,R654415,Canned  Soup,Canned Goods,12,4.1,"49,20",34.48,Cash
06/03/2026,R127632,Chips,Snacks,5,8.64,43.2,30.62,Mobile
none,R614960,Canned Soup,Canned Goods,9,5.9,53.1,"31,98",CASH
"Mar 06, 2026",R795774,Canned Soup,Canned Goods,13,3.49,45.4%,26.28,Mobile
06/03/2026,R605279,Bread,Bakery,9,2.69,NA,18.80 EUR,Cash
06/03/2026,R946451,Frozen Pizza,Frozen,12,6.98,83.76,57.42,CASH
03/06/26,R893033,Milk,Dairy,11,6.07,66.77,37.31,Cash
2026-03-06,R277315,Chips,Snacks,5,"3,89",19.45,none,Cash
"Mar 06, 2026",R281496,Cereal,Breakfast,8,4.57,36.56,21.32,CASH
06/03/26,R503575,Cereal,Breakfast,12,3.79,45.48 EUR,25.42,Cash
03/06/26,R773444,canned soup,Canned Goods,7,4.03,28.21 TRY,21.82,card
03/06/2026,R612280,Soda,Beverages,12,1.15,"13,80",10.16,Cash
06 Mar 2026,R632245,Frozen Pizza,Frozen,11,5.55,61.05,₺32.41,Cash
"Mar 06, 2026",R518101,Milk,Dairy,20,7.25,,79.8,
03/06/2026,R987207,Soda,Beverages,1,5.57,"5,57",₺3.00,
06/03/2026,R603546,Bread,Bakery,5,£7.42,37.1,23.0,card
06 Mar 2026,R661734,Cereal ,Breakfast,13,3.04,39.52,25.03,Card
06-03-2026,R129549,Canned Soup,Canned Goods,17,6.9%,117.13,92.59,Cash
"Mar 06, 2026",R432725,Chips,Snacks,10,3.26,32.6,19.45,Mobile
06-03-2026,R952806,Canned Soup,Canned Goods,7,"9,24",null,45.6,CASH
06/03/2026,R167269,Milk,Dairy,1,5.81,5.81,3.27,card
2026/03/06,R601749,Canned Soup,Canned Goods,17,8.42,143.14,"74,09",Mobile
2026-03-06,R273636,Bread,Bakery,4,4.35,17.4,12.61,card
"Mar 06, 2026",R395468,CHIPS,Snacks,14,6.53,91.42 TRY,46.98,
2026-03-06,R983245,Canned Soup,Canned Goods,7,7.48,52.36 EUR,"40,70",
2026/03/07,R539588,Frozen Pizza,Frozen,8,1.2,9.6,£6.51,Mobile
03/07/2026,R152079,Bread,Bakery,16,7.11,113.76,80.17 USD,card
07 Mar 2026,R238954,Cereal,Breakfast,12,5.84,70.08,35.26,n/a
2026-03-07,R241680,Canned Soup,Canned Goods,14,5.3%,74.62,46.5%,Mobile
07-03-2026,R817386,Canned Soup,Canned Goods,2,1.63,3.26,2.02,Card
2026-03-07,R379211,Frozen Pizza,Frozen,14,3.54,49.56,34.02,Card
NONE,R827973,Cereal,Breakfast,2,7.33,₺14.66,11.0,Card
03/07/26,R755188,Chips,Snacks,20,6.99,139.8,111.7,null
03/07/2026,R356589,Canned Soup,Canned Goods,9,9.89,89.01,61.45,NA
"Mar 07, 2026",R660805,Bread,Bakery,14,2.06,28.84,16.35,Cash
2026/03/07,R500404,Frozen Pizza,Frozen,3,5.94,17.82,13.2,Cash
"Mar 07, 2026",R985113,Frozen Pizza,Frozen,6,3.38 TRY,20.28,16.05,Mobile
07/03/2026,R583404,Chips,Snacks,10,6.01,60.1,"37,60",Card
03/07/2026,R685027,Canned Soup,Canned Goods,1,8.95,8.95,5.85,
07 Mar 2026,R126052,Bread,Bakery,6,7.77,46.62,36.06,
03/07/2026,R538941,Canned Soup,Canned Goods,5,2.34,11.7,7.7,NA
2026-03-07,R142799,Milk,Dairy,19,2.76,52.44,"41,52",Cash
03/07/2026,R720659,Milk,Dairy,5,3.44,17.20,£11.09,Mobile
nan,R278162,Milk,Dairy,15,4.61,69.15,49.25,Card
2026-03-07,R178757,Cereal,Breakfast,14,7.5%,₺105.00,"83,90",Card
2026/03/07,R752988,Chips,Snacks,18,3.4,61.2,41.86,Cash
07.03.2026,R804065,Milk,Dairy,4,2.31,₺9.24,5.3%,CASH
nan,R904323,Soda,Beverages,9,2.06,18.54,13.94,Card
07.03.2026,R252663,Canned Soup,Canned Goods,3,6.38,19.14,12.22,CASH
"Mar 07, 2026",R835594,Bread,Bakery,12,2.5,30.0,21.14,Mobile
03/07/2026,R600463,Frozen Pizza,Frozen,20,₺4.04,€80.80,57.79,
2026-03-07,R156949,Cereal,Breakfast,1,8.6,8.6,5.56,n/a
2026/03/07,R220109,Milk,Dairy,19,€1.11,21.09,11.11,card
03/07/2026,R723498,Bread,Bakery,15,5.53,82.95,62.44,Mobile
2026-03-07,R477022,Frozen Pizza,Frozen,12,4.31,51.72,29.31,Card
07.03.2026,R985117,milk,Dairy,5,7.38,36.9%,20.96,card
07/03/2026,R141689,Chips,Snacks,13,1.52,19.76,N/A,Card
2026-03-07,R627972,Chips,Snacks,2,6.43,none,"9,24",Card
07.03.2026,R285483,Bread,Bakery,12,3.4,40.8%,22.54,N/A
03/07/26,R210828,Frozen Pizza,Frozen,17,2.01,NULL,17.94,Mobile
07 Mar 2026,R220687,Frozen Pizza,Frozen,11,8.42,92.62,50.46,Mobile
03/07/2026,R721564,Milk,Dairy,13,2.28,29.64,16.9,CASH
07 Mar 2026,R913436,Soda,Beverages,9,7.53,67.8%,$48.84,
"Mar 07, 2026",R730465,Cereal,Breakfast,5,4.86,24.3,18.26,Cash
07/03/26,R941161,Canned Soup,Canned Goods,17,6.07,103.19,"72,78",
07/03/26,R130765,Cereal,Breakfast,5,3.88,19.4,14.34,Mobile
07/03/26,R450196,Frozen Pizza,Frozen,4,8.06,32.24,"18,26",Cash
2026/03/07,R416253,  Soda  ,Beverages,3,₺5.05,15.15,8.64 TRY,card
"Mar 07, 2026",R412305,Frozen Pizza,Frozen,14,7.64,106.96,53.58,Cash
2026/03/07,R442294,Milk,Dairy,12,3.74,44.88,33.76,Cash
2026-03-07,R359845,Cereal,Breakfast,18,9.27,166.86,126.61 USD,card
2026-03-07,R555180,Bread,Bakery,7,7.78,54.46,28.67 USD,card
2026/03/07,R439956,Canned Soup,Canned Goods,16,6.57,105.12,70.14,card
07 Mar 2026,R368756,Frozen Pizza,Frozen,19,6.1%,116.09,61.79,Cash
07/03/26,R890320,milk,Dairy,3,4.43,13.29,7.53,null
07-03-2026,R822479,Bread,Bakery,20,4.41,88.2,58.25,CASH
08/03/2026,R623940,Chips,Snacks,18,3.3,$59.40,44.44,null
2026/03/08,R738014,Canned Soup,Canned Goods,10,2.14,21.4,NA,CASH
03/08/2026,R836925,Milk,Dairy,17,3.23,54.91,37.09 USD,CASH
03/08/26,R854603,Chips,Snacks,1,7.29,7.29,$4.34,Cash
08/03/26,R158096,Cereal,Breakfast,11,8.96,"98,56",49.33,
2026/03/08,R535350,Chips,Snacks,14,4.35,60.9,45.12,card
03/08/2026,R608836,Chips ,Snacks,13,8.97,€116.61,66.5,card
08/03/2026,R182972,bread,Bakery,12,1.73,20.76,15.49,Cash
08/03/2026,R979747,Milk,Dairy,11,9.28,102.08,€75.53,card
08.03.2026,R529753,Milk,Dairy,16,4.57,73.1%,51.22,Card
08 Mar 2026,R626752,MILK,Dairy,2,9.24,18.48,10.8,--
03/08/26,R153416,Chips,Snacks,17,5.51,93.67,66.81,CASH
03/08/2026,R687024,Chips,Snacks,6,6.46,38.8%,22.92,--
08.03.2026,R957543,Frozen Pizza,Frozen,7,2.97,20.79,14.54,-
"Mar 08, 2026",R923573,Chips,Snacks,9,£7.44,66.96,₺50.77,Cash
08 Mar 2026,R953022,Milk,Dairy,6,6.08,36.48,19.95 TRY,Cash
2026-03-08,R512219,Frozen Pizza,Frozen,19,7.26,"137,94",84.02,card
"Mar 08, 2026",R328008,Cereal,Breakfast,20,4.24,84.8,67.32,Card
2026/03/08,R703388,bread,Bakery,1,"8,02",8.02,4.03,Mobile
"Mar 08, 2026",R345674,Frozen Pizza,Frozen,13,6.57,85.41,64.87,
nan,R192424,Cereal,Breakfast,4,5.67,22.68,17.92,card
2026-03-08,R409105,Frozen Pizza,Frozen,16,3.82,61.12,37.27,Mobile
03/08/26,R997854,Chips,Snacks,19,1.48,"28,12",20.08,card
08.03.2026,R804447,Milk,Dairy,20,2.68,53.6,28.69,Cash
2026/03/08,R873451,Cereal,Breakfast,15,7.02,105.3,58.93,Card
08 Mar 2026,R884143,Soda,Beverages,2,6.69,13.38,$6.81,NULL
08/03/26,R968197,  Bread  ,Bakery,18,9.0,162.0,"123,84",Cash
08/03/2026,R977901,Chips,Snacks,18,"6,75",121.50,68.49,card
2026-03-08,R604638,Bread,Bakery,11,€6.98,N/A,40.81,Card
"Mar 08, 2026",R812373,Milk,Dairy,9,2.16,19.4%,10.01,
03/08/2026,R503735,Canned Soup,Canned Goods,20,6.72,134.4,79.05,NA
03/08/2026,R710918,Cereal,Breakfast,19,3.06,58.14,42.25,Cash
08 Mar 2026,R598662,Frozen Pizza,Frozen,16,1.2%,19.52,11.51,Mobile
08.03.2026,R891945,Milk,Dairy,14,7.54,105.6%,"77,06",CASH
08-03-2026,R968762,Cereal,Breakfast,7,6.63,46.41,26.24,
08/03/2026,R734011,Milk,Dairy,2,9.06,18.1%,10.47,Card
08/03/26,R109680,Frozen Pizza,Frozen,18,1.17,21.06,12.88,
2026/03/08,R290812,Cereal,Breakfast,15,9.36,₺140.40,102.82,card
2026-03-08,R382110,Canned Soup,Canned Goods,4,4.2,₺16.80,"12,71",--
03/08/26,R672202,Milk,Dairy,10,"4,19",41.90,30.68 TRY,card
03/08/26,R213561,Bread,Bakery,3,7.81,23.43,11.81,
2026-03-08,R819242,Milk,Dairy,17,2.0,"34,00",26.84,NONE
"Mar 08, 2026",R568494,Cereal,Breakfast,7,2.77,19.39,11.67 USD,card
"Mar 08, 2026",R810957,Canned Soup,Canned Goods,14,6.27 EUR,87.78,54.7,Mobile
03/08/2026,R687885,Milk,Dairy,16,6.4,102.4,74.38,Mobile
n/a,R428657,Bread,Bakery,10,"2,07","20,70",14.18,Cash
08/03/2026,R590863,Milk,Dairy,18,8.85,159.3,93.04,card
08/03/2026,R361551,CHIPS,Snacks,5,3.24,16.2,8.48,card
03/08/2026,R960478,Bread,Bakery,16,3.01,"48,16",36.19,Card
03/08/2026,R620354,soda,Beverages,15,8.16,122.4,77.97,card
03/08/2026,R793819,Canned Soup,Canned Goods,12,8.19,98.28,68.51,card
2026/03/09,R432956,Milk,Dairy,8,6.18,"49,44",30.8,Mobile
"Mar 09, 2026",R922639,  Milk  ,Dairy,11,9.88,108.68,71.1,CASH
09 Mar 2026,R750690,Canned Soup,Canned Goods,20,€5.94,118.80,60.94,Card
09/03/2026,R277049,Cereal,Breakfast,18,9.34,168.12,87.11,Cash
09.03.2026,R630944,Cereal,Breakfast,5,4.2,21.0,16.69,
09/03/26,R917554,Frozen Pizza,Frozen,8,€7.86,62.88,39.15,Mobile
09 Mar 2026,R937403,  Frozen Pizza  ,Frozen,9,2.63,23.67,17.7,Cash
09/03/2026,R837038,Canned Soup,Canned Goods,19,6.09,115.71,71.89,Mobile
2026/03/09,R576538,Canned Soup,Canned Goods,9,2.8,"25,20",12.7,CASH
2026/03/09,R254146,Cereal,Breakfast,9,7.33,66.0%,40.16,Cash
"Mar 09, 2026",R267336,Bread,Bakery,1,€5.68,5.68,3.94,card
null,R361762,Soda,Beverages,18,3.01,54.2%,31.55,Mobile
03/09/2026,R636855,Bread,Bakery,20,7.53,150.60,96.16,Cash
2026-03-09,R211064,Bread,Bakery,9,1.37,12.33,6.64,null
"Mar 09, 2026",R310653,Milk,Dairy,2,7.68,15.36,11.35,card
NONE,R539875,Soda,Beverages,17,2.12,36.04,21.86,card
09 Mar 2026,R564543,  Soda  ,Beverages,8,4.72,37.76,28.99,Mobile
09/03/26,R583488,frozen pizza,Frozen,2,9.56,19.12,10.76,Cash
09.03.2026,R140354,Bread,Bakery,10,3.49,34.9,21.93,Card
09/03/26,R164882,Soda,Beverages,9,7.64,68.76,47.09,Mobile
03/09/26,R786285,Soda,Beverages,4,4.88 EUR,19.52,10.37,Cash
03/09/26,R157696,Soda,Beverages,1,7.37,7.37,5.82,NA
2026-03-09,R823739,FROZEN PIZZA,Frozen,8,9.4%,75.12,57.37,N/A
09 Mar 2026,R222902,Bread,Bakery,15,1.21,18.1%,12.26,null
09 Mar 2026,R604366,Canned Soup,Canned Goods,4,8.46,33.84,22.44,card
"Mar 09, 2026",R660322,Milk,Dairy,11,7.36,80.96,55.59 USD,Mobile
2026/03/09,R489552,bread,Bakery,2,8.07,16.14,11.63,Cash
09 Mar 2026,R725125,Chips,Snacks,15,4.41,66.15,42.69,card
03/09/26,R926535,Bread,Bakery,12,2.87,34.44,17.43,NA
"Mar 09, 2026",R718902,Chips,Snacks,14,5.65 TRY,79.1,54.15,Cash
N/A,R205737,frozen pizza,Frozen,14,3.44,48.16,24.68,Cash
NA,R403728,Chips,Snacks,16,1.49,23.84 TRY,15.77,card
09-03-2026,R997179,  Milk  ,Dairy,1,2.07,€2.07,1.16,CASH
"Mar 09, 2026",R343448,Soda,Beverages,9,5.38,48.42,33.31,Mobile
03/09/2026,R385669,Bread,Bakery,11,6.91,76.01,44.56,CASH
09/03/26,R343274,Frozen  Pizza,Frozen,13,6.78 EUR,88.1%,65.7%,Cash
09/03/2026,R885542,canned soup,Canned Goods,16,6.73,107.68,66.93,
2026/03/09,R221867,Canned Soup ,Canned Goods,6,5.49,32.94,26.0%,Card
09/03/26,R674615,Frozen Pizza,Frozen,3,7.27,21.81,€17.33,card
09-03-2026,R940942,Soda,Beverages,20,9.33,$186.60,£114.94,Mobile
03/09/2026,R724161,Soda,Beverages,3,4.19,12.57,7.8,
09 Mar 2026,R210472,Frozen Pizza,Frozen,15,5.8,87.0,67.0%,Mobile
"Mar 09, 2026",R291304,Chips,Snacks,2,$1.25,2.5%,"1,31",Card
2026/03/09,R955648,Cereal,Breakfast,11,6.34,69.74,52.06,
10/03/2026,R471553,Soda,Beverages,8,1.33,10.64,7.36,Card
"Mar 10, 2026",R557422,Bread,Bakery,9,6.82,61.4%,31.11,card
10/03/2026,R250902,Chips,Snacks,4,9.58,38.32,23.12,CASH
03/10/26,R942717,Canned Soup,Canned Goods,20,2.37,47.40 TRY,26.13,CASH
2026-03-10,R135566,CEREAL,Breakfast,13,1.63,$21.19,₺12.86,card
10/03/2026,R196278,Canned Soup,Canned Goods,2,5.96,11.92,£8.75,Card
03/10/2026,R736640,  Canned Soup  ,Canned Goods,14,5.96,-,NONE,CASH
10 Mar 2026,R278498,  Canned Soup  ,Canned Goods,20,4.03,80.6,40.55,Mobile
03/10/26,R377720,milk,Dairy,6,3.96,23.76,€14.34,Card
10-03-2026,R801547,Soda,Beverages,9,£9.81,88.29,63.00 TRY,Card
10/03/26,R137839,Milk,Dairy,3,1.97,5.91,3.86,Mobile
10/03/2026,R963729,Milk,Dairy,17,9.24,157.08,114.64,Mobile
"Mar 10, 2026",R863572,Soda,Beverages,14,6.76,"94,64",74.79 USD,n/a
10/03/2026,R727403,Soda,Beverages,20,9.8,196.0,111.82,Card
2026/03/10,R787769,Frozen Pizza,Frozen,12,£5.60,67.2,51.22,CASH
03/10/2026,R968221,SODA,Beverages,5,4.38,"21,90",13.93,
10 Mar 2026,R952924,Bread,Bakery,6,7.05,,NONE,CASH
10.03.2026,R590380,Cereal,Breakfast,6,5.5,33.0,23.68,none
03/10/2026,R452820,Frozen Pizza,Frozen,1,"3,39",3.39,2.63,Mobile
10 Mar 2026,R911001,Canned Soup,Canned Goods,20,3.77,75.4,50.31,
10/03/2026,R629426,Frozen Pizza ,Frozen,19,3.25 USD,61.75,€32.85,card
10 Mar 2026,R831928,Soda,Beverages,9,8.52,76.68,58.5,Mobile
10.03.2026,R840945,Milk,Dairy,1,"5,45",5.5%,3.78,card
10-03-2026,R561346,Soda,Beverages,16,8.25,132.00,96.41,
10/03/2026,R876241,Soda,Beverages,16,8.90 EUR,142.4,null,Mobile
03/10/26,R223192,Soda,Beverages,18,6.4%,114.84,89.73,card
11/03/26,R251074,  Soda  ,Beverages,18,7.8,140.40,71.46,card
11/03/2026,R488617,Bread,Bakery,20,8.0,160.00 EUR,91.4,Card
2026-03-11,R199641,Soda,Beverages,13,2.67 USD,34.71,23.99,Cash
11.03.2026,R509446,Soda,Beverages,5,8.49,42.45,32.15,
03/11/26,R594416,Soda,Beverages,17,8.27,140.59,84.71,
03/11/2026,R708653,Milk,Dairy,20,9.85,197.0,146.78,card
2026-03-11,R433698,Frozen Pizza,Frozen,18,6.27,112.86,63.04,Card
11-03-2026,R847847,Milk,Dairy,13,"1,21",15.73,11.41,Mobile
2026-03-11,R389952,Chips,Snacks,18,9.51,171.18,122.68,Mobile
11/03/2026,R781324,Frozen Pizza,Frozen,1,4.34,4.34,3.11,Cash
03/11/2026,R428530,SODA,Beverages,3,2.3,6.9,4.2,Cash
11 Mar 2026,R225100,  Frozen Pizza  ,Frozen,1,2.12,2.12,1.45 USD,Cash
11.03.2026,R711516,Milk,Dairy,15,₺6.22,93.3,"71,52",Cash
03/11/26,R322274,Milk,Dairy,11,9.29,"102,19",52.29,Mobile
03/11/26,R763509,Soda,Beverages,16,4.46,71.36,53.56,Mobile
03/11/26,R561492,Frozen Pizza,Frozen,3,4.69,14.07,9.85,
"Mar 11, 2026",R921425,Frozen Pizza,Frozen,15,4.44,66.6%,47.2%,card
03/11/2026,R219826,Frozen Pizza,Frozen,17,7.83,133.1%,79.74,Cash
11.03.2026,R197948,Cereal,Breakfast,10,"5,21",52.1,36.31,Cash
03/11/2026,R503557,Cereal,Breakfast,6,3.25,--,10.66,Mobile
2026/03/11,R638476,Cereal,Breakfast,14,1.87,26.18 EUR,18.9%,Card
11/03/2026,R876032,Frozen Pizza,Frozen,4,9.37,₺37.48,19.0%,CASH
11/03/2026,R494862,Cereal,Breakfast,18,8.55,153.9,"77,47",card
11/03/2026,R120620,Cereal,Breakfast,1,2.49,2.49,1.31,Card
n/a,R385655,Frozen  Pizza,Frozen,5,4.16,20.8,10.48,Mobile
03/11/2026,R735319,Milk ,Dairy,20,1.82,36.40,22.28,Card
03/11/26,R816496,Bread,Bakery,15,4.1,"61,50",45.78,CASH
11 Mar 2026,R378837,CANNED SOUP,Canned Goods,2,9.54,19.08,12.71,Card
nan,R839560,Frozen Pizza,Frozen,7,5.06,35.42,23.81 EUR,card
03/11/2026,R203056,Chips,Snacks,19,7.8,148.2%,null,card
nan,R314475,FROZEN PIZZA,Frozen,15,7.0,105.0,70.22 TRY,Cash
11-03-2026,R716952,Milk,Dairy,12,8.83,105.96,"69,29",Card
11/03/2026,R136784,Bread,Bakery,5,1.64,€8.20,4.93,CASH
03/11/26,R217080,Bread,Bakery,18,7.56,136.08,81.72,Cash
2026-03-11,R690020,Canned Soup,Canned Goods,15,1.07,16.05,10.51,Cash
03/11/26,R361225,Milk,Dairy,8,₺5.44,null,29.12,Cash
11/03/26,R955845,cereal,Breakfast,10,8.13,81.3,€51.13,
"Mar 11, 2026",R320651,Cereal,Breakfast,13,1.02,13.26,8.59,Card
11.03.2026,R329876,Cereal,Breakfast,2,8.11,16.22,12.26,Cash
11.03.2026,R815437,Bread,Bakery,14,5.38,75.32,55.5%,NONE
11.03.2026,R292444,Frozen Pizza,Frozen,8,4.84,38.72,27.14,Card
11-03-2026,R961257,Bread,Bakery,9,8.03,72.27,43.38,CASH
11/03/2026,R965898,Canned Soup,Canned Goods,19,₺3.18,60.42,30.49,
2026/03/11,R319538,Cereal,Breakfast,1,"5,04",5.04,3.16,card
03/11/26,R231060,Bread,Bakery,11,8.01,88.11,45.55,card
03/11/2026,R922680,Milk,Dairy,9,$7.91,€71.19,41.5%,n/a
11/03/2026,R281685,Chips,Snacks,20,"7,22",144.40,92.73,card
03/11/2026,R742642,Soda,Beverages,3,9.05,27.1%,19.49,card
03/11/26,R997810,Frozen Pizza,Frozen,14,6.30,88.20,68.70 TRY,card
12-03-2026,R894652,Cereal,Breakfast,5,9.80,49.0,"31,83",Cash
03/12/2026,R581986,  Chips  ,Snacks,7,7.12,49.84,32.20,Cash
12.03.2026,R583690,Cereal,Breakfast,14,5.09,71.26,56.43,N/A
12/03/2026,R794634,Soda,Beverages,13,1.21,15.73,12.41,card
12-03-2026,R996792,Milk,Dairy,18,9.43,$169.74,96.63,Card
12/03/26,R765748,Milk,Dairy,5,2.07,10.35,7.97,Card
12-03-2026,R416918,Chips,Snacks,2,6.49,12.98,9.55,
"Mar 12, 2026",R177979,Milk,Dairy,17,1.39,23.63,18.07,Cash
"Mar 12, 2026",R955700,Soda,Beverages,17,"6,27",106.59,71.41,card
03/12/2026,R951603,Milk,Dairy,14,3.05,42.7,24.98,card
03/12/26,R327782,Soda,Beverages,16,8.92,142.72,83.71,
12/03/2026,R304966,Bread,Bakery,1,3.53,3.5%,2.20,null
"Mar 12, 2026",R874423,Bread,Bakery,11,2.45,26.95,16.67,Mobile
2026/03/12,R931518,Bread,Bakery,13,4.89,63.57,$36.15,
2026-03-12,R324505,Chips,Snacks,16,9.12,145.92 USD,"95,86",Card
"Mar 12, 2026",R464585,Cereal,Breakfast,19,2.98,56.62,36.88,-
03/12/2026,R204977,Milk,Dairy,13,3.39,44.07,27.82,Card
12.03.2026,R826538,Bread,Bakery,20,8.5%,170.2,130.04,Card
12/03/2026,R899361,frozen pizza,Frozen,11,8.34,"91,74",72.01,Mobile
12.03.2026,R571460,Bread,Bakery,1,1.71,1.71,1.14,CASH
12/03/26,R310042,Milk,Dairy,19,2.14,40.66,24.92,
"Mar 12, 2026",R147908,Frozen Pizza,Frozen,1,2.72,2.72,1.58,NONE
--,R350772,Bread,Bakery,10,6.09,60.9,₺45.01,-
12/03/26,R759436,Canned Soup,Canned Goods,17,4.24,72.08,54.11,card
"Mar 12, 2026",R949607,Cereal,Breakfast,10,1.44,14.4,9.45,Cash
2026/03/12,R773258,Canned Soup,Canned Goods,17,5.01,85.17,49.1,
12 Mar 2026,R452332,Canned Soup,Canned Goods,9,9.0,81.0,61.86,CASH
12 Mar 2026,R707542,Frozen Pizza,Frozen,1,€8.33,NA,5.39,card
12/03/2026,R686957,Milk,Dairy,6,9.37,56.2%,42.70 TRY,NONE
2026-03-12,R895932,chips,Snacks,9,6.43,57.87,£40.41,card
12.03.2026,R616973,Canned Soup,Canned Goods,10,8.49,84.9,57.4,-
12 Mar 2026,R725195,Bread,Bakery,11,3.79,41.69,"26,76",nan
12 Mar 2026,R691410,Frozen Pizza,Frozen,2,₺5.24,10.48,5.94,CASH
12 Mar 2026,R857767,SODA,Beverages,3,5.48,16.44,10.51,card
"Mar 12, 2026",R364972,Cereal,Breakfast,18,9.89,178.02,91.03,Mobile
03/12/2026,R880483,bread,Bakery,7,2.83,19.81 EUR,12.36,
03/12/2026,R208893,CANNED SOUP,Canned Goods,10,7.34,73.4,€45.34,Card
2026-03-12,R371333,Frozen Pizza,Frozen,3,5.99,17.97,"12,72",card
-,R990433,Cereal,Breakfast,13,8.1,$105.30,78.35,CASH
12/03/26,R771996,Canned Soup,Canned Goods,8,2.6,20.8,16.16,-
2026/03/12,R428908,MILK,Dairy,3,3.79,11.37,8.93,Mobile
"Mar 12, 2026",R156072,Cereal,Breakfast,3,5.82,£17.46,13.17,
12/03/26,R419515,Chips,Snacks,8,$1.20,€9.60,6.42,Card
none,R214615,Chips,Snacks,4,6.1,24.4,13.12,CASH
12/03/26,R853575,Chips,Snacks,16,3.03,48.48 USD,24.59,card
12-03-2026,R807167,  Soda  ,Beverages,12,5.27,63.24,45.29,Mobile
12 Mar 2026,R558831,Milk ,Dairy,20,6.44,"128,80",72.5,Cash
2026/03/12,R111204,Chips,Snacks,13,2.89,37.57,24.79 USD,Cash
"Mar 12, 2026",R125471,Chips,Snacks,7,2.15,15.05,9.4%,null
12.03.2026,R728055,Bread,Bakery,9,3.8%,34.2,23.91,nan
2026/03/12,R343956,Frozen Pizza,Frozen,2,6.62,13.24 EUR,7.37,Cash
12/03/26,R492915,Frozen Pizza,Frozen,5,9.07,45.35,32.12,
2026/03/12,R818381,Milk,Dairy,20,9.7,194.0,106.01,Mobile
12 Mar 2026,R230393,Bread,Bakery,18,9.55,171.90,€104.90,Card
12-03-2026,R253082,Bread,Bakery,2,9.75,19.5,11.91,NULL
2026-03-12,R336980,Chips,Snacks,6,5.6%,33.42,24.1%,Mobile
2026/03/12,R590146,Chips,Snacks,4,6.59,26.36,14.71,Mobile
03/12/2026,R183255,Chips,Snacks,15,9.68,145.2,98.5%,Card
12-03-2026,R315070,Canned Soup,Canned Goods,17,5.29,89.93,60.15,Card
12-03-2026,R252860,Chips,Snacks,4,2.92,11.68,9.25,Card
2026-03-12,R139375,  Bread  ,Bakery,3,5.89,17.67,13.72,
12/03/26,R729360,Bread,Bakery,5,7.14,35.70,26.68,
12-03-2026,R201041,Milk,Dairy,3,5.03,15.09,10.39,Card
12/03/26,R350455,Chips,Snacks,12,9.77,117.24,82.46,CASH
12 Mar 2026,R431314,Cereal,Breakfast,14,6.62,92.68,59.9%,CASH
13-03-2026,R207827,Cereal,Breakfast,12,£3.83,€45.96,23.05,card
13/03/2026,R473728,FROZEN PIZZA,Frozen,6,6.35,"38,10",29.5%,
03/13/2026,R741814,Cereal,Breakfast,12,8.14,--,69.45 USD,Cash
03/13/2026,R615905,Bread,Bakery,4,8.59,34.36,25.76 TRY,Mobile
13/03/26,R473393,Cereal,Breakfast,12,6.42,77.04,60.81,Card
13-03-2026,R317600,Milk,Dairy,9,7.85,70.65,42.06,card
13.03.2026,R647678,Frozen  Pizza,Frozen,19,5.86,111.34,£70.84,
2026/03/13,R539254,Canned Soup,Canned Goods,5,7.05,--,26.71,Cash
03/13/2026,R253232,Canned Soup,Canned Goods,4,5.71,22.84,11.7,
13.03.2026,R701941,Cereal,Breakfast,7,2.69,18.83,13.17,N/A
13/03/2026,R874074,Canned Soup,Canned Goods,18,1.47,26.46,17.71,card
2026/03/13,R485259,Milk,Dairy,18,2.46,44.28,25.74,
03/13/26,R876324,Cereal ,Breakfast,3,"3,18",9.54,4.86,Mobile
13 Mar 2026,R495093,Cereal,Breakfast,9,8.25,£74.25,54.7%,NONE
03/13/26,R105210,Chips,Snacks,7,8.33,58.31,37.20,CASH
n/a,R683503,Bread,Bakery,3,2.3,6.9,3.73,CASH
"Mar 13, 2026",R798415,Chips,Snacks,7,3.2,22.40,11.64,CASH
13 Mar 2026,R817069,Cereal,Breakfast,7,2.51,17.57,12.15,card
03/13/2026,R561045,Chips,Snacks,6,8.77,52.62,27.27,
13.03.2026,R369429,Frozen Pizza,Frozen,11,€1.48,16.28 USD,8.7,
03/13/2026,R398598,Milk,Dairy,20,7.1%,€142.60,110.1,Card
13/03/26,R112587,Frozen Pizza,Frozen,9,3.42 EUR,30.8%,17.77,CASH
13-03-2026,R306482,Frozen Pizza,Frozen,6,8.8,52.8,"38,53",
03/13/2026,R514942,Cereal,Breakfast,5,€9.01,45.05,27.25,N/A
2026-03-13,R422038,Soda ,Beverages,13,1.49,19.37,12.67,CASH
2026/03/13,R337419,Cereal,Breakfast,6,5.39,32.34,24.8,Mobile
03/13/2026,R787204,Milk,Dairy,3,4.13,12.39,8.89,CASH
13/03/2026,R579651,Bread,Bakery,7,"2,93",20.51,15.26,Card
03/13/2026,R209027,Bread,Bakery,17,1.89,32.13,19.15,CASH
13 Mar 2026,R153285,Canned Soup,Canned Goods,17,"7,51",127.67,75.80,-
13 Mar 2026,R623683,Milk,Dairy,11,"8,63",94.93,75.79,
03/13/2026,R481870,Chips,Snacks,3,1.67,5.01,"3,81",card
03/13/2026,R927348,Milk,Dairy,3,4.5%,13.41,8.2,Cash
"Mar 13, 2026",R724270,Bread,Bakery,1,3.12,3.12,2.45,Card
13.03.2026,R773118,Cereal,Breakfast,15,8.01,120.15,93.8%,card
03/13/2026,R298962,Canned Soup,Canned Goods,13,£5.69,73.97,48.99,n/a
13/03/26,R849449,Bread,Bakery,9,2.32,20.88,11.79,Mobile
13.03.2026,R259789,Bread,Bakery,4,8.75 TRY,35.00,20.00,Card
2026-03-13,R204923,Bread ,Bakery,17,2.56,43.52,34.27,Card
13.03.2026,R148961,Canned Soup,Canned Goods,5,₺9.06,"45,30",31.2%,null
13/03/26,R373963,Milk,Dairy,20,2.43,"48,60",25.35,Mobile
03/13/2026,R869928,Bread,Bakery,11,1.82,20.02,12.32,CASH
03/13/2026,R487744,Milk,Dairy,7,6.9%,48.16,27.04,null
2026-03-13,R324463,Chips,Snacks,11,1.14,12.54,8.43,card
13-03-2026,R306806,  Chips  ,Snacks,12,3.52,42.24,24.23 TRY,Card
NULL,R596840,Canned Soup,Canned Goods,20,9.64,192.8,99.57,Mobile
03/13/26,R975313,Cereal,Breakfast,12,1.23,"14,76",11.53,CASH
"Mar 13, 2026",R430891,Canned Soup,Canned Goods,6,5.36,32.16 TRY,21.94,CASH
13/03/26,R673116,Frozen Pizza,Frozen,15,8.27,124.05,79.71,Cash
"Mar 13, 2026",R743150,Chips,Snacks,3,1.6,4.8,2.97,Cash
13 Mar 2026,R257012,Chips,Snacks,13,8.71,113.23,77.54,
13.03.2026,R951112,Soda,Beverages,8,8.13,65.04,50.93,card
2026/03/13,R561622,soda,Beverages,12,8.69,104.28,79.1%,
13.03.2026,R330994,Frozen Pizza,Frozen,14,3.76,52.64,40.54,CASH
13 Mar 2026,R667205,Cereal,Breakfast,10,9.69,96.9,n/a,card
03/13/2026,R688337,Milk,Dairy,17,7.82,132.94,93.24,Mobile
13 Mar 2026,R922882,Soda,Beverages,18,1.27,22.86,16.62,card
2026-03-13,R759755,Cereal,Breakfast,16,8.33,"133,28",104.22,card
-,R242009,Milk,Dairy,8,7.22,57.76,43.96,CASH
03/13/26,R537481,Soda,Beverages,10,€1.00,10.0,£7.39,CASH
13 Mar 2026,R310274,Frozen Pizza,Frozen,1,3.87,--,2.56,Mobile
13/03/2026,R962961,Soda,Beverages,11,4.07,44.77,25.79,card
2026/03/13,R645569,Bread,Bakery,19,1.04 TRY,19.76,10.13,CASH
"Mar 13, 2026",R271695,Canned Soup,Canned Goods,17,2.17,36.89,22.57,Mobile
03/13/2026,R663983,Cereal,Breakfast,17,9.15,155.55,107.83,NULL
13-03-2026,R988386,Soda,Beverages,12,2.25,27.0,17.27,Card
2026/03/13,R239278,Chips,Snacks,18,2.34,42.12,30.94 USD,Card
13-03-2026,R230126,frozen pizza,Frozen,16,₺5.17,82.72,57.26,
13 Mar 2026,R536194,Frozen Pizza,Frozen,2,6.5,13.0,9.3,Mobile
13/03/2026,R746252,Canned Soup,Canned Goods,11,5.44,59.8%,"35,02",Card
n/a,R920946,Milk,Dairy,10,4.58,45.8,33.17,card
14.03.2026,R633460,Milk,Dairy,18,8.25,148.50 TRY,81.67,
14/03/2026,R715704,Cereal,Breakfast,11,1.79,19.69,10.15,NULL
-,R424773,Chips,Snacks,8,"1,34",10.7%,"7,35",CASH
2026/03/14,R729124,Milk,Dairy,10,7.34,73.4,55.68,Cash
03/14/2026,R670349,Canned Soup,Canned Goods,14,9.18,128.52,95.07,Mobile
03/14/26,R447066,Soda,Beverages,17,5.33,90.61,62.59,Card
14.03.2026,R589507,Bread,Bakery,4,9.58,38.32,22.33,card
2026-03-14,R871209,Cereal,Breakfast,4,6.16,24.64,12.84,null
"Mar 14, 2026",R110081,Frozen Pizza,Frozen,13,3.53,45.89,34.99,nan
03/14/2026,R205263,Canned Soup,Canned Goods,16,7.7,123.20,91.49,card
03/14/26,R938822,Frozen Pizza,Frozen,19,6.2,117.8,83.43,
2026-03-14,R710305,Soda,Beverages,15,2.15,32.25,$19.73,Mobile
14 Mar 2026,R939097,Chips,Snacks,2,1.94,3.88,2.29,Cash
2026-03-14,R272474,Milk,Dairy,10,₺8.38,83.8,46.99,Cash
03/14/26,R198938,Frozen Pizza ,Frozen,9,1.08,9.7%,6.87,CASH
03/14/2026,R983538,Chips,Snacks,5,8.15,40.75,32.58,
14 Mar 2026,R127419,Canned Soup,Canned Goods,7,7.11 USD,49.77,nan,Cash
14 Mar 2026,R630602,Bread ,Bakery,6,3.28,19.68,10.99,
14 Mar 2026,R237717,Milk,Dairy,9,£5.34,48.06,30.42,card
03/14/26,R733672,Soda,Beverages,11,1.28,14.08,9.08,Card
14.03.2026,R675122,Cereal,Breakfast,17,9.88,167.96,105.04,Card
03/14/26,R831072,Cereal,Breakfast,19,7.88,149.72,82.67,card
14 Mar 2026,R668296,Milk,Dairy,8,1.56,12.48,8.60,card
14 Mar 2026,R221613,Chips,Snacks,16,"1,94",31.04,21.14,Mobile
14-03-2026,R403802,Chips,Snacks,6,3.4,20.40,"10,23",card
NULL,R318892,Chips,Snacks,10,5.79,57.9,"44,70",Mobile
2026/03/14,R772927,Bread,Bakery,13,1.1,14.3,10.8%,Card
14/03/26,R758449,Cereal,Breakfast,6,4.64,27.8%,"16,98",
14.03.2026,R526517,Soda,Beverages,11,5.16,56.76,34.71,Card
2026-03-14,R539691,Bread,Bakery,16,1.69,27.04,15.0,CASH
2026/03/14,R207172,Bread,Bakery,14,7.07,98.98,₺75.57,-
14 Mar 2026,R785853,Bread,Bakery,5,7.54,37.70,₺28.45,Cash
03/14/26,R780287,Canned Soup,Canned Goods,5,2.37,11.85,6.74,
03/14/26,R753463,Cereal,Breakfast,3,9.04,27.12,19.08,Mobile
2026/03/14,R533455,Cereal,Breakfast,5,1.57,7.85,5.91 USD,Mobile
2026/03/14,R107864,Soda,Beverages,13,6.29,81.77,49.54,card
2026/03/14,R671366,Soda,Beverages,10,4.79,47.9,28.56,
14 Mar 2026,R119051,Frozen Pizza,Frozen,3,4.65,13.95,10.30,
03/14/2026,R372943,Soda,Beverages,15,2.98,44.7,31.38,Card
03/14/2026,R321060,Frozen Pizza,Frozen,19,7.65,145.35,108.67,n/a
"Mar 14, 2026",R780871,Bread,Bakery,16,3.48,55.68,44.08,Cash
14 Mar 2026,R565143,Frozen Pizza,Frozen,2,2.3%,4.64,3.22,CASH
2026-03-14,R177542,Cereal,Breakfast,10,6.45,64.50,37.08,card
2026-03-14,R520729,Canned Soup,Canned Goods,15,7.65,114.75,85.26,
,R791268,  Soda  ,Beverages,11,2.32,25.52,16.71,Card
14/03/26,R915922,Soda,Beverages,7,€4.38,30.66,22.9,Mobile
14/03/26,R622082,Soda,Beverages,4,3.8,15.2,9.28,Cash
2026/03/14,R341536,Cereal,Breakfast,16,5.78,92.48,59.78,Card
14/03/26,R692523,Soda,Beverages,14,2.41,33.74,"17,36",CASH
14/03/2026,R436345,Cereal,Breakfast,2,9.88,19.76,15.17,Mobile
14 Mar 2026,R499182,Frozen Pizza,Frozen,7,9.01,63.07,43.53,card
2026/03/14,R173795,Bread,Bakery,2,8.17 USD,16.34,11.85,null
14/03/2026,R226446,Soda,Beverages,11,6.05,66.55,42.64,Card
14.03.2026,R953311,Bread,Bakery,13,3.58,46.54,35.62,Mobile
"Mar 14, 2026",R186935,Frozen Pizza,Frozen,2,8.85,₺17.70,$9.05,Mobile
14/03/26,R207627,Canned Soup,Canned Goods,13,4.55,59.15,39.8,card
NONE,R201040,Canned Soup ,Canned Goods,19,8.19,155.61,109.19,Mobile
14/03/2026,R202370,Chips,Snacks,20,7.07,141.4,75.03,Cash
14-03-2026,R423458,Milk,Dairy,12,4.13,nan,27.30,
14/03/26,R123005,Frozen Pizza,Frozen,18,5.01,90.18,63.28,card
14/03/2026,R826401,Canned Soup,Canned Goods,10,5.19,51.9,27.91,CASH
"Mar 14, 2026",R690900,Canned Soup,Canned Goods,4,8.89,$35.56,22.86,CASH
14 Mar 2026,R659786,Canned Soup,Canned Goods,17,4.63,78.71,45.29,
03/14/2026,R722456,Soda,Beverages,3,$8.82,26.46 USD,15.01,Mobile
14-03-2026,R897484,  Bread  ,Bakery,11,7.25,79.75,56.1,
14.03.2026,R652986,Canned Soup,Canned Goods,3,7.73,23.19,15.92,card
14/03/26,R675347,Soda,Beverages,8,9.59,76.72,39.59,Card
"Mar 14, 2026",R231143,Milk,Dairy,20,6.64,132.8,89.98,null
14/03/26,R814733,Frozen Pizza,Frozen,7,4.91,"34,37",22.00,Mobile
03/14/26,R492328,Chips,Snacks,7,"2,83",19.81,11.94,CASH
14-03-2026,R406277,Soda,Beverages,7,1.4,9.8,7.09,Cash
03/14/2026,R298161,Cereal,Breakfast,16,8.36,"133,76",100.03,CASH
"Mar 14, 2026",R225241,Soda,Beverages,14,6.7,93.8,51.62,Cash
14 Mar 2026,R799455,Cereal,Breakfast,3,1.43,"4,29",2.43 TRY,CASH
14 Mar 2026,R541547,Chips,Snacks,6,6.89,41.34,24.44,Cash
14.03.2026,R835641,Milk,Dairy,7,"7,24",50.68,"33,43",none
14/03/26,R770515,MILK,Dairy,15,3.2,48.00,32.59 TRY,Mobile
2026/03/14,R254934,Soda,Beverages,12,6.4%,76.44,51.69,null
2026-03-14,R923562,Canned Soup,Canned Goods,17,5.63,95.71,66.45,
15-03-2026,R787065,Soda,Beverages,20,"8,71",174.2,£89.56,Cash
15-03-2026,R944722,Canned Soup,Canned Goods,20,3.1%,nan,49.92,
15.03.2026,R793000,  Canned Soup  ,Canned Goods,15,3.36,50.4,37.06,Card
2026-03-15,R240204,Cereal,Breakfast,3,1.15,NA,2.41,card
03/15/2026,R919187,Bread,Bakery,20,8.04,160.8,89.9%,Mobile
2026-03-15,R267171,Canned Soup,Canned Goods,3,£8.05,"24,15",14.50 TRY,Mobile
03/15/2026,R844823,Cereal,Breakfast,12,6.2,nan,57.66,Card
2026/03/15,R149208,Cereal,Breakfast,4,"6,80",27.2,14.05,
"Mar 15, 2026",R389446,Canned Soup,Canned Goods,17,8.91,151.47,78.19,Cash
15 Mar 2026,R616911,MILK,Dairy,20,9.34,186.8,117.2,CASH
"Mar 15, 2026",R524292,CEREAL,Breakfast,5,8.43,42.15,26.82,
15/03/2026,R220714,Canned Soup,Canned Goods,5,8.85,44.25,22.14,Card
15.03.2026,R895645,Milk,Dairy,15,9.5,142.50,"112,74",card
03/15/2026,R598633,Frozen Pizza,Frozen,5,"8,57",42.85,21.6%,Cash
15-03-2026,R279900,Milk,Dairy,9,6.7%,60.03,42.67,-
03/15/26,R783556,Canned  Soup,Canned Goods,9,5.33,47.97,"24,96",Cash
15/03/2026,R556802,Frozen Pizza,Frozen,4,7.25 TRY,29.00,20.54,nan
15/03/26,R752972,Soda,Beverages,8,9.96,$79.68,43.5,
03/15/2026,R649943,MILK,Dairy,5,5.68,28.4,NA,
2026/03/15,R598165,Bread,Bakery,16,"5,25",84.0,63.79,Mobile
NONE,R507725,Soda,Beverages,18,5.49,98.82,65.63,NONE
15.03.2026,R734972,Chips,Snacks,7,5.82,40.74,29.23,
15.03.2026,R523528,Soda,Beverages,14,7.0,€98.00,50.6%,Cash
15 Mar 2026,R808258,Canned Soup,Canned Goods,12,2.05,24.6,14.36,CASH
"Mar 15, 2026",R388817,Canned Soup,Canned Goods,2,9.96,19.92,11.06,card
15/03/2026,R981317,Canned Soup ,Canned Goods,20,4.22,84.40,62.06,
2026-03-15,R870654,Bread,Bakery,10,5.67 TRY,56.7,34.69,Cash
2026-03-15,R756712,Canned Soup,Canned Goods,18,2.6,46.8,30.0,n/a
2026-03-15,R881851,Frozen Pizza,Frozen,19,€9.69,184.11,96.66,
15/03/26,R179083,Soda,Beverages,12,8.69,104.28,57.2%,card
"Mar 15, 2026",R472842,Frozen Pizza,Frozen,20,4.44,88.8,NULL,none
15-03-2026,R283597,Soda,Beverages,10,3.95,39.5,20.4,NONE
"Mar 15, 2026",R115577,Chips,Snacks,19,1.88,35.72,25.27,Cash
03/15/2026,R381796,Canned Soup,Canned Goods,16,7.93,£126.88,82.46,card
2026/03/15,R197188,Milk,Dairy,20,3.30,66.00 USD,₺47.59,CASH
15-03-2026,R605440,Milk,Dairy,16,2.21,35.36,£20.69,card
2026/03/15,R631312,Frozen Pizza,Frozen,17,8.09,£137.53,90.52 USD,N/A
03/15/2026,R374859,Canned Soup,Canned Goods,9,6.3,56.7,39.86,Card
15-03-2026,R525930,Chips,Snacks,7,3.88,27.16,20.52,Card
03/15/26,R875975,Soda,Beverages,7,2.55,17.85,11.02,Card
15/03/2026,R715708,Canned Soup,Canned Goods,9,6.64,none,31.98,
15.03.2026,R749330,Chips,Snacks,10,6.55,65.5,44.58,card
03/15/2026,R728431,Canned Soup,Canned Goods,17,9.70,$164.90,102.04,Cash
none,R523184,Canned Soup,Canned Goods,5,2.2,11.0,7.77,CASH
15.03.2026,R457320,Frozen Pizza,Frozen,5,9.39,46.95,25.24,nan
03/15/26,R184662,  Cereal  ,Breakfast,14,1.72,24.08,14.26,card
none,R905744,Canned Soup,Canned Goods,20,7.2%,144.60 TRY,"115,38",Card
,R613388,Soda,Beverages,15,3.28,49.2,"28,66",
15 Mar 2026,R707693,Milk,Dairy,14,7.25,101.5,74.31,CASH
15/03/2026,R153752,Soda,Beverages,15,9.41,141.15,70.7,
15/03/26,R698006,Soda,Beverages,9,€6.89,62.01,37.92,
03/15/2026,R538252,Milk,Dairy,9,2.57,23.13,11.67,CASH
03/15/2026,R673275,  Soda  ,Beverages,19,6.29,119.51,78.17,CASH
15 Mar 2026,R361350,Canned Soup,Canned Goods,13,4.45,57.85 USD,44.46,Mobile
15-03-2026,R657508,Cereal ,Breakfast,18,"1,50",27.00 TRY,€20.34,card
2026/03/15,R938423,Bread,Bakery,3,7.43,22.29,"11,48",card
15/03/2026,R557249,BREAD,Bakery,18,9.38,168.84,120.17,Card
03/15/2026,R237728,Milk,Dairy,7,8.76,61.32,43.74,CASH
03/15/2026,R923980,Frozen Pizza,Frozen,19,5.96,113.24,nan,CASH
03/15/26,R947282,cereal,Breakfast,12,8.96,"107,52",80.27,--
15 Mar 2026,R781942,Bread,Bakery,6,7.01,42.06,26.54,CASH
"Mar 15, 2026",R782633,Chips,Snacks,11,3.55 USD,39.05,29.04,NULL
2026/03/15,R940282,Milk,Dairy,8,3.87,30.96,19.42,
15.03.2026,R142394,Soda,Beverages,11,2.4,$26.40,19.32,Mobile
null,R967259,Chips,Snacks,4,2.61,10.44,7.83,card
2026/03/15,R281348,Frozen Pizza,Frozen,18,2.25,40.5,30.3,CASH
15/03/2026,R184387,Frozen Pizza,Frozen,6,€5.40,32.4,21.0,NONE
15/03/26,R823476,Canned Soup,Canned Goods,17,4.39,74.63,null,--
15/03/2026,R467406,Soda,Beverages,6,3.81,22.86,15.11,Card
2026/03/15,R400775,Cereal,Breakfast,11,4.68,$51.48,41.01,Cash
"Mar 15, 2026",R854155,  Cereal  ,Breakfast,7,"8,69",60.83,€37.30,Mobile
"Mar 15, 2026",R374786,Canned Soup,Canned Goods,12,1.89,22.68,17.09,
NA,R218672,Canned Soup,Canned Goods,12,5.64,67.68 EUR,"39,17",
16-03-2026,R321253,Milk,Dairy,1,1.10 USD,1.1,0.83,card
2026/03/16,R163033,Bread,Bakery,14,4.46,62.44,33.6%,Card
03/16/2026,R604275,Chips,Snacks,3,3.86,11.58,8.39,CASH
16 Mar 2026,R482202,Frozen Pizza,Frozen,17,8.09,137.53 TRY,88.65,Mobile
2026/03/16,R864156,Milk,Dairy,18,9.78,176.04,132.64,Cash
2026-03-16,R933362,Bread,Bakery,11,8.9,97.9,55.35,Card
16-03-2026,R884899,Frozen Pizza,Frozen,5,9.62 USD,48.1,37.79,Card
2026/03/16,R963985,Soda,Beverages,8,8.96,71.68,€46.64,none
2026-03-16,R335396,Chips ,Snacks,12,4.74,56.88,"43,24",null
"Mar 16, 2026",R185030,Soda,Beverages,13,5.07,65.91,43.09,null
16-03-2026,R497390,Soda,Beverages,3,5.64,16.92 EUR,9.52,n/a
"Mar 16, 2026",R252483,Bread,Bakery,3,5.30,15.9,11.96,Card
"Mar 16, 2026",R354180,Cereal,Breakfast,13,1.54,20.02,13.95,Card
16.03.2026,R449011,Cereal,Breakfast,14,8.22,115.08,72.58,Cash
16/03/2026,R638149,Frozen Pizza,Frozen,17,€3.19,54.23 EUR,29.58,Cash
03/16/26,R558800,Milk,Dairy,4,6.67,26.68,16.14,CASH
03/16/2026,R915972,  Canned Soup  ,Canned Goods,12,8.52,102.24,70.55,CASH
16-03-2026,R289763,Frozen Pizza,Frozen,1,5.92,5.92,4.53,card
"Mar 16, 2026",R534679,Cereal,Breakfast,2,4.54,9.08,4.61,Card
none,R636836,Frozen Pizza ,Frozen,18,7.37,₺132.66,87.67,Mobile
"Mar 16, 2026",R333516,Cereal,Breakfast,10,5.9,59.0,33.6%,Mobile
2026-03-16,R666050,CHIPS,Snacks,5,"3,88",19.4,15.19,Mobile
03/16/26,R624016,Frozen Pizza,Frozen,10,2.45,24.5,14.77,card
03/16/2026,R140714,Soda,Beverages,17,6.45,109.65,57.82,Card
"Mar 16, 2026",R862320,Canned Soup,Canned Goods,6,9.62,57.72,41.2,card
16 Mar 2026,R250090,Chips,Snacks,3,5.69,17.07,9.01,Mobile
03/16/26,R315408,Soda,Beverages,19,1.84,34.96,20.96,card
2026-03-16,R479634,Bread,Bakery,3,7.87,23.61,17.84,
16/03/2026,R572035,Bread,Bakery,14,2.74,38.36,24.88,Cash
16-03-2026,R903931,Chips,Snacks,6,1.54,€9.24,5.4,Card
"Mar 16, 2026",R108266,Chips,Snacks,11,2.08,22.88,17.95,Mobile
16/03/2026,R855285,Soda,Beverages,17,3.95,67.15 TRY,40.57,
16.03.2026,R700858,Chips,Snacks,16,8.89,142.24,82.43,
16-03-2026,R897693,Canned Soup ,Canned Goods,15,7.7,115.5,60.97,-
16.03.2026,R794650,Bread,Bakery,4,7.86,31.44,23.72,
16 Mar 2026,R943806,Chips,Snacks,11,8.36,91.96 EUR,69.65,
16/03/2026,R515534,Cereal,Breakfast,2,4.95,9.90,nan,
16/03/26,R688891,Cereal,Breakfast,10,2.89,28.9,20.51,card
"Mar 16, 2026",R160731,MILK,Dairy,17,7.58,£128.86,90.79,Cash
03/16/2026,R793776,Canned Soup,Canned Goods,8,7.12,56.96,42.52,
2026/03/16,R300527,Milk,Dairy,1,6.05,£6.05,3.74,NA
03/16/2026,R369932,Chips,Snacks,1,4.0%,4.0,2.87,CASH
16-03-2026,R301832,canned soup,Canned Goods,3,2.34,7.02,4.26,CASH
16.03.2026,R106286,Cereal,Breakfast,12,8.12,$97.44,66.38,
16-03-2026,R666198,Soda,Beverages,4,4.38,17.52,12.03,
2026-03-16,R569440,Frozen Pizza,Frozen,14,3.92,54.88,33.60,Cash
16-03-2026,R506844,Milk,Dairy,10,2.97,29.7,18.43,Card
"Mar 16, 2026",R400556,Frozen Pizza,Frozen,13,"8,11",105.43,82.18,card
16-03-2026,R192522,Cereal,Breakfast,12,3.05,36.6,28.27,CASH
17/03/2026,R748013,Soda,Beverages,16,"7,07",113.12,69.48,CASH
2026-03-17,R552700,Bread,Bakery,2,"7,98",16.0%,8.69,
17.03.2026,R695322,Frozen Pizza,Frozen,5,8.5,42.5,29.79,card
17-03-2026,R631009,CANNED SOUP,Canned Goods,13,3.77,49.01,32.61,card
17.03.2026,R528350,Canned Soup,Canned Goods,9,4.38,39.42,31.43,Cash
2026-03-17,R220882,Bread,Bakery,6,4.30,25.8,18.02,Cash
"Mar 17, 2026",R838230,Bread,Bakery,6,9.42,56.52,36.47,-
17-03-2026,R882815,soda,Beverages,14,"8,85",123.9,87.6,NA
03/17/2026,R174420,Chips,Snacks,11,8.67,95.37,76.2,null
03/17/2026,R913963,Bread,Bakery,12,9.64,115.68,59.51,
2026-03-17,R215236,Milk,Dairy,18,8.79,158.22,99.94,card
03/17/26,R475351,Frozen Pizza ,Frozen,13,7.22,93.86,€62.24,Mobile
2026/03/17,R472255,Chips,Snacks,12,2.69,32.28,16.39,CASH
17 Mar 2026,R658951,Canned Soup,Canned Goods,5,8.94,44.70 TRY,33.77,Mobile
17 Mar 2026,R398397,Chips,Snacks,2,1.14,2.28,1.69,Cash
"Mar 17, 2026",R906009,Soda,Beverages,18,5.43,£97.74,57.98,
17.03.2026,R644060,Soda,Beverages,8,1.46,11.68,8.72,
2026-03-17,R459653,Chips ,Snacks,4,7.03,28.12 TRY,20.5,Card
"Mar 17, 2026",R814956,Soda,Beverages,19,1.78,33.82,19.44,card
2026/03/17,R365068,Cereal,Breakfast,5,9.46,47.3,37.31,nan
17.03.2026,R287996,Soda,Beverages,4,8.66,34.64,18.43,card
03/17/26,R619731,Cereal,Breakfast,13,3.23,"41,99",32.63 EUR,Mobile
03/17/2026,R262427,Chips,Snacks,19,6.26,118.94,68.15,Mobile
17 Mar 2026,R245203,Bread,Bakery,15,9.76,146.4,82.3,card
"Mar 17, 2026",R986913,Cereal,Breakfast,1,2.28,2.3%,1.76 TRY,--
17/03/26,R765393,Cereal,Breakfast,1,9.28,9.28,5.95,Cash
2026-03-17,R550262,Milk,Dairy,9,6.91,62.19,45.36,Card
03/17/2026,R917979,Canned Soup,Canned Goods,7,9.91,69.37,44.78,
17 Mar 2026,R959566,Milk,Dairy,2,5.81,11.62,6.93,CASH
17 Mar 2026,R364995,Chips,Snacks,1,£3.42,3.42,1.98,Cash
"Mar 17, 2026",R485074,Soda,Beverages,13,2.44,31.72,NULL,Card
03/17/26,R612549,Chips,Snacks,17,1.43,24.31,15.46,Mobile
2026/03/17,R384967,Soda,Beverages,5,6.2,31.0,24.74,Card
"Mar 17, 2026",R984492,Bread,Bakery,11,3.41,£37.51,26.16,n/a
17-03-2026,R743476,Chips,Snacks,20,5.37,NULL,82.97,CASH
17/03/2026,R524601,Soda,Beverages,5,3.91,19.55,10.13,card
"Mar 17, 2026",R308905,  Soda  ,Beverages,20,3.02,60.4,N/A,CASH
2026/03/17,R834612,Milk,Dairy,10,6.93,69.3,52.77,card
2026-03-17,R232242,SODA,Beverages,6,9.79,58.7%,44.68,Mobile
2026/03/17,R252493,Canned Soup,Canned Goods,14,5.88,82.32,61.03,Mobile
18.03.2026,R411886,Bread,Bakery,5,6.23,31.15,₺24.56,Cash
N/A,R113851,Frozen Pizza,Frozen,16,2.82,45.12,30.78,
18/03/2026,R428622,Soda,Beverages,2,4.51,9.02,5.10,N/A
03/18/2026,R957339,Soda,Beverages,7,9.02,63.14,41.41,CASH
03/18/2026,R556621,Milk,Dairy,14,2.15,30.10,16.0,Cash
18 Mar 2026,R314455,Frozen Pizza,Frozen,14,2.64,36.96,23.78,-
18 Mar 2026,R903818,Cereal,Breakfast,7,3.99,27.93,15.01,card
18.03.2026,R704153,Bread,Bakery,19,7.77,147.63,117.78,Mobile
18/03/2026,R106752,Bread,Bakery,15,9.99,149.85,88.28 USD,n/a
"Mar 18, 2026",R784560,FROZEN PIZZA,Frozen,11,6.61,72.71,54.61,Cash
18 Mar 2026,R124259,Bread,Bakery,20,5.15,103.0,79.53,Mobile
03/18/26,R325642,Milk,Dairy,17,9.1,154.7%,108.93,Cash
18-03-2026,R843798,Cereal,Breakfast,18,9.27,166.86,none,CASH
18/03/26,R902372,Milk,Dairy,2,9.5,€19.00,13.28,NA
18-03-2026,R610464,Canned Soup,Canned Goods,11,3.03,NONE,21.24,Mobile
2026/03/18,R467638,Soda,Beverages,20,9.54,190.8%,124.8%,
03/18/26,R867112,Canned Soup,Canned Goods,18,3.36,NA,40.77,
2026-03-18,R879274,Canned Soup,Canned Goods,7,3.97,27.79,14.27 TRY,
NULL,R202670,Frozen Pizza,Frozen,15,7.74,116.1,75.0%,Cash
03/18/2026,R734578,Canned Soup,Canned Goods,20,9.95,"199,00",158.94,Mobile
03/18/26,R898358,Milk,Dairy,20,2.37,47.4,"33,52",CASH
03/18/2026,R311929,Frozen Pizza,Frozen,9,1.96,17.64 USD,11.28,Card
"Mar 18, 2026",R376058,  Cereal  ,Breakfast,4,9.56 TRY,38.2%,23.11,none
18/03/2026,R214749,bread,Bakery,13,1.98,25.74,null,Card
2026/03/18,R607702,Bread,Bakery,17,9.89,168.13,122.88,Card
2026/03/18,R622873,Soda,Beverages,3,3.54,10.62,7.9,card
18/03/2026,R701898,Cereal,Breakfast,3,4.48,13.44,9.95,Card
18-03-2026,R179568,Soda,Beverages,15,8.9,133.50,81.52,card
2026-03-18,R563367,Cereal,Breakfast,7,€9.39,65.73,40.98,Mobile
nan,R965757,Bread,Bakery,9,4.97,44.73 EUR,28.62,CASH
18 Mar 2026,R379691,Frozen Pizza,Frozen,4,7.2%,"28,72",17.23,CASH
2026-03-18,R639309,Cereal,Breakfast,15,5.78,86.7,"66,03",Card
18.03.2026,R867488,Frozen Pizza,Frozen,16,9.03,144.48,96.22,
"Mar 18, 2026",R228990,Cereal,Breakfast,18,7.15,128.7,73.39,Cash
18.03.2026,R803315,Frozen Pizza,Frozen,16,3.04,48.64,€31.93,CASH
2026/03/18,R118945,Soda,Beverages,20,£7.00,140.00,89.41,Cash
2026/03/18,R913140,Bread,Bakery,13,3.43 TRY,44.59,28.72,Card
"Mar 18, 2026",R579986,Milk,Dairy,12,2.3,27.60 USD,17.61,Card
18/03/26,R918199,FROZEN PIZZA,Frozen,3,4.24,12.72,8.09,n/a
18/03/26,R647687,Bread,Bakery,20,8.9%,177.8,"115,86",
18/03/2026,R789976,Bread,Bakery,5,2.20,11.0,5.96,Cash
03/18/2026,R634629,Canned Soup,Canned Goods,9,4.04,36.36,21.58,Mobile
18-03-2026,R642350,Soda,Beverages,7,7.66,53.62,34.60 USD,Cash
18 Mar 2026,R489181,Bread,Bakery,14,4.85,67.9,37.1,Cash
2026/03/18,R539172,  Chips  ,Snacks,7,9.58,67.06,52.39,Cash
18-03-2026,R953339,Milk,Dairy,7,£3.01,21.07,14.07,card
2026/03/18,R822328,Cereal,Breakfast,18,5.98,107.64,72.93,
18-03-2026,R982408,Canned Soup,Canned Goods,18,9.1%,163.26,$91.92,Cash
18.03.2026,R995217,Bread,Bakery,12,1.64,19.68,11.74,NULL
18 Mar 2026,R535979,Chips,Snacks,12,1.51,18.12,13.73,Card
2026-03-18,R301457,Canned Soup,Canned Goods,13,4.52,58.76 USD,41.58,Card
"Mar 18, 2026",R752712,Frozen Pizza,Frozen,13,1.55,20.15,11.67,CASH
03/18/26,R794029,Milk,Dairy,14,2.2,30.8,19.55,
2026/03/18,R636441,Cereal,Breakfast,3,9.60 USD,28.80,22.16,CASH
"Mar 18, 2026",R566341,Canned Soup,Canned Goods,1,2.41,2.41 USD,1.87,Card
18.03.2026,R483316,Cereal,Breakfast,13,1.04,13.52 TRY,10.5,card
18 Mar 2026,R515418,Cereal,Breakfast,12,6.02,72.2%,36.23,card
18.03.2026,R463586,Bread,Bakery,11,8.85,97.35,76.08,--
18-03-2026,R805435,Chips,Snacks,9,9.36,84.24,66.81,
18 Mar 2026,R531542,Frozen Pizza,Frozen,19,3.68,€69.92,40.45,CASH
03/18/2026,R211547,Bread,Bakery,16,8.53,136.48,83.11,
18/03/2026,R397719,Chips,Snacks,13,3.36,43.68,24.39,Mobile
-,R554591,Milk,Dairy,4,8.62,34.48,20.64,Card
2026-03-19,R654888,Milk,Dairy,3,5.01,15.03,7.57,Card
03/19/26,R797637,Chips,Snacks,8,7.81,62.48,31.94,none
19 Mar 2026,R284047,CANNED SOUP,Canned Goods,16,4.15,66.4,48.42,
19 Mar 2026,R889117,Frozen Pizza,Frozen,15,5.63,84.45,62.25,Mobile
19/03/26,R820282,Frozen  Pizza,Frozen,12,5.01,60.12,41.92,CASH
19.03.2026,R521888,SODA,Beverages,17,5.31,90.27 USD,52.52,NULL
19/03/2026,R912272,Bread,Bakery,12,2.61,31.32,23.4,
2026-03-19,R175660,FROZEN PIZZA,Frozen,6,5.82,34.92,26.50 TRY,Cash
2026-03-19,R455072,Frozen Pizza,Frozen,9,3.44,30.96 TRY,21.22,Mobile
19.03.2026,R163891,Chips,Snacks,16,6.61,105.76,71.16,CASH
19/03/26,R413237,Frozen Pizza,Frozen,20,5.4,108.0,69.17,Card
19/03/2026,R715291,Canned Soup,Canned Goods,11,8.84,97.2%,49.17,Mobile
19 Mar 2026,R847463,Milk,Dairy,6,9.29,55.74,42.7%,card
2026-03-19,R304447,Milk,Dairy,15,8.74,131.1,83.37,
03/19/26,R426861,Chips,Snacks,5,8.83,€44.15,23.85,card
03/19/2026,R918714,Chips,Snacks,20,6.93,138.60 USD,79.27,Card
19/03/2026,R253669,Canned Soup,Canned Goods,2,"3,06",6.12,4.42,n/a
19/03/26,R393296,Canned Soup,Canned Goods,16,5.3%,85.6,55.57,CASH
2026/03/19,R360939,Bread,Bakery,10,9.05,90.5,51.9%,CASH
03/19/26,R414947,Milk,Dairy,4,6.86,"27,44",20.22,Card
"Mar 19, 2026",R996594,Canned Soup,Canned Goods,7,5.85,40.95,30.74,nan
19/03/26,R638734,CHIPS,Snacks,1,9.53,9.53,6.97,Mobile
2026/03/19,R521066,Chips,Snacks,6,9.57,57.42,30.52,NONE
"Mar 19, 2026",R906421,Cereal,Breakfast,5,6.01,30.05,23.31,
2026/03/19,R900901,  Soda  ,Beverages,5,2.43 TRY,12.15,8.05,card
03/19/2026,R213935,Canned Soup,Canned Goods,8,"6,32",50.56,29.99,Mobile
03/19/2026,R146867,soda,Beverages,4,1.98,7.92,5.09,null
nan,R611423,Soda,Beverages,10,2.16,21.6,14.24 EUR,CASH
2026/03/19,R256917,Canned Soup,Canned Goods,1,4.42,4.42,2.38 EUR,Mobile
03/19/26,R739423,Milk,Dairy,2,3.33,6.66,4.68,Cash
19.03.2026,R252233,Cereal,Breakfast,3,2.51,7.53,5.09,card
NULL,R989764,Soda,Beverages,4,8.92,€35.68,26.13,
03/19/2026,R883590,Canned Soup,Canned Goods,16,1.81,28.96,14.96,Cash
2026/03/19,R838114,Chips,Snacks,4,5.33,21.32,16.98 USD,Mobile
19/03/2026,R268721,Bread,Bakery,4,1.27,5.1%,3.25,card
19/03/26,R963217,Canned Soup,Canned Goods,20,6.99,139.8,87.21,Mobile
2026/03/19,R524088,Milk,Dairy,4,9.78,39.12,26.03,Cash
20/03/26,R477750,SODA,Beverages,11,4.03,44.33,29.05,CASH
20.03.2026,R465998,Chips,Snacks,20,5.36,107.20,58.77,Card
2026/03/20,R445593,Canned Soup,Canned Goods,19,9.0,171.00,93.48,
2026-03-20,R640384,  Cereal  ,Breakfast,14,1.05,14.7,9.57,
03/20/26,R548577,Soda,Beverages,19,4.33,82.27,60.67,
20/03/2026,R717113,Canned Soup,Canned Goods,17,5.4,91.8,49.06,Card
03/20/26,R779455,Frozen Pizza,Frozen,1,8.11,8.11,4.96,CASH
20/03/26,R718665,Milk,Dairy,6,4.32,25.92,15.6%,Cash
03/20/2026,R435242,Frozen Pizza,Frozen,2,3.31,6.62,4.75,Card
,R632845,Cereal,Breakfast,2,"7,44",14.88,7.52,card
03/20/2026,R827233,Milk,Dairy,7,5.82,40.74,24.88,Mobile
20 Mar 2026,R684998,Chips,Snacks,7,9.01,63.07,45.99,
03/20/26,R311314,Canned Soup,Canned Goods,10,1.56,15.6,9.75,Card
2026/03/20,R849239,Milk,Dairy,8,1.43,11.44,7.98,CASH
"Mar 20, 2026",R419929,Frozen Pizza,Frozen,4,6.11,24.44,14.73,Mobile
03/20/26,R286331,Bread,Bakery,10,3.91,39.1,20.8%,Card
20-03-2026,R439182,Cereal,Breakfast,4,3.21,£12.84,"9,80",Mobile
03/20/2026,R988736,Canned Soup,Canned Goods,9,2.11,18.99,12.02,
20 Mar 2026,R122222,Soda,Beverages,16,9.7,155.20,86.68,CASH
20.03.2026,R912896,Chips,Snacks,10,7.37,73.7,56.98,card
20/03/26,R169997,Milk,Dairy,4,4.29,17.16,11.5,CASH
-,R393305,Milk ,Dairy,7,7.9,55.3,33.92,Mobile
20/03/2026,R627946,Chips,Snacks,17,8.13,138.21 TRY,96.60,--
20-03-2026,R644306,Cereal,Breakfast,3,7.27,21.81,11.15,
2026-03-20,R774737,Canned Soup,Canned Goods,10,7.85,78.50,50.12,
2026-03-20,R268108,Milk,Dairy,6,3.87,23.22,15.06 EUR,Card
20.03.2026,R779480,Cereal,Breakfast,11,6.97,"76,67",52.42,Cash
20 Mar 2026,R617408,Cereal,Breakfast,17,5.35,90.95,60.17,card
20/03/26,R442117,Bread,Bakery,9,9.39,84.51,44.24,Mobile
20/03/2026,R739932,Frozen Pizza,Frozen,4,₺5.81,23.24,16.9%,
"Mar 20, 2026",R978032,Soda,Beverages,19,4.22,80.18,62.19,Cash
20/03/26,R435540,Cereal,Breakfast,14,€3.80,$53.20,37.6%,Mobile
"Mar 20, 2026",R956327,Chips,Snacks,4,2.27,9.08,5.46,none
"Mar 20, 2026",R614511,Soda,Beverages,1,6.47,6.47,3.8,card
20/03/2026,R795274,Soda,Beverages,20,9.44,188.8,145.75,CASH
20/03/26,R918387,Frozen Pizza,Frozen,16,7.96,127.36,65.07,Cash
21/03/26,R383706,Frozen Pizza,Frozen,2,₺2.03,4.06 EUR,"3,14",CASH
21/03/26,R893439,Soda,Beverages,18,₺5.68,102.24,64.99,card
03/21/2026,R967914,Milk,Dairy,11,1.26,13.86,9.47,Cash
21/03/26,R853557,Cereal,Breakfast,19,"6,29",,89.34,card
21-03-2026,R909193,Frozen Pizza,Frozen,19,7.19,136.61,108.7%,Cash
21/03/26,R934384,Frozen Pizza,Frozen,9,1.2%,11.07,8.24,card
21/03/26,R320745,Canned Soup,Canned Goods,16,1.62,25.92,13.53,
2026/03/21,R869684,Bread,Bakery,6,8.7%,52.02,32.95,Cash
03/21/2026,R878445,Milk,Dairy,20,4.51,90.20 USD,57.27,Mobile
21/03/2026,R314539,Bread,Bakery,12,1.36,16.32,11.7,Card
21-03-2026,R560477,Soda,Beverages,2,"1,97",3.9%,2.93,
2026-03-21,R223016,Milk,Dairy,8,3.2,25.6,15.65,card
21/03/26,R468103,Milk,Dairy,10,3.74,37.40,26.25 EUR,
21 Mar 2026,R177273,Soda,Beverages,5,9.33,46.6%,"30,08",Mobile
2026-03-21,R273378,Bread,Bakery,7,4.24,29.68,19.37,Mobile
03/21/26,R450905,Chips,Snacks,12,7.02,84.24,62.48,Cash
--,R617866,Soda,Beverages,6,5.87,35.22,27.42,Mobile
2026-03-21,R539403,Canned Soup,Canned Goods,2,"6,04","12,08",7.85,Cash
"Mar 21, 2026",R176494,Canned Soup,Canned Goods,13,9.18,€119.34,$63.40,Card
21-03-2026,R751992,Cereal,Breakfast,12,7.3%,"87,12",65.50,Cash
2026/03/21,R747077,Milk,Dairy,10,4.89,48.9,26.99,CASH
03/21/26,R814669,Soda,Beverages,16,3.15,"50,40",28.23,Cash
--,R457076,Cereal,Breakfast,14,1.17,16.38,8.86,Cash
none,R935333,Canned Soup,Canned Goods,20,5.82,116.4,72.64,
null,R848592,Milk,Dairy,17,9.28,"157,76",99.51,Card
2026-03-21,R570913,Milk,Dairy,15,$7.81,117.15,71.06,
21 Mar 2026,R788704,Cereal,Breakfast,16,3.55,56.8,€35.29,nan
21/03/2026,R429298,Canned Soup,Canned Goods,5,4.41,22.05,14.76,null
21 Mar 2026,R700084,Canned Soup,Canned Goods,18,3.33,59.94,34.83,card
2026-03-21,R677006,cereal,Breakfast,17,4.26,72.42,45.47,
21/03/26,R469816,Bread,Bakery,13,7.7,100.1%,51.82,Mobile
2026/03/21,R750927,Canned Soup,Canned Goods,11,9.58,105.4%,62.78,Cash
21-03-2026,R227629,Bread,Bakery,11,2.25,24.75,15.7,card
2026-03-21,R515552,Bread,Bakery,5,3.38,16.9,10.93,Mobile
21 Mar 2026,R360318,Bread,Bakery,11,5.07,55.77,30.22,Card
21/03/2026,R602110,Frozen Pizza,Frozen,14,6.41,£89.74,54.63,Cash
2026/03/21,R121634,Canned Soup,Canned Goods,5,7.06,35.3,27.59,CASH
21/03/26,R596908,Frozen Pizza,Frozen,3,2.57,7.71,4.89,nan
21/03/2026,R594075,Milk,Dairy,17,£8.89,151.13 EUR,76.77,
03/21/2026,R754189,Cereal,Breakfast,2,1.2,2.40 TRY,1.48,card
"Mar 21, 2026",R361280,Milk,Dairy,5,1.68,8.4,6.65,Card
03/21/26,R723103,Canned Soup,Canned Goods,8,9.0%,72.08,56.32,CASH
21/03/2026,R499003,Frozen Pizza,Frozen,19,5.3,100.7%,68.2,CASH
"Mar 21, 2026",R945437,Cereal,Breakfast,12,1.51,18.12,13.97,Mobile
03/21/2026,R528101,Chips,Snacks,5,$3.13,$15.65,8.69 USD,card
21.03.2026,R466218,Soda,Beverages,11,3.66,€40.26,22.82,n/a
21 Mar 2026,R348021,FROZEN PIZZA,Frozen,18,4.22,75.96,52.18,Cash
21/03/2026,R154715,Chips ,Snacks,15,1.16,$17.40,9.24,Card
21-03-2026,R325433,Canned Soup,Canned Goods,19,8.72,165.68,85.57,card
21-03-2026,R337384,Soda,Beverages,14,4.28,59.92,£33.47,card
21-03-2026,R660496,Soda,Beverages,16,7.57,121.12,₺95.34,Card
21/03/2026,R759517,Frozen Pizza,Frozen,13,6.46,"83,98",59.08,
21 Mar 2026,R688443,Soda,Beverages,10,4.58,€45.80,28.44,
21 Mar 2026,R885585,Bread,Bakery,3,1.42,4.26,2.34,Mobile
"Mar 21, 2026",R453532,Canned Soup,Canned Goods,15,7.97,119.55,69.93,Card
21/03/26,R727005,Bread,Bakery,11,4.32,47.52,36.50,card
21/03/2026,R249982,Soda,Beverages,10,3.80 USD,38.0,21.96,
21/03/26,R878389,Bread,Bakery,18,3.85,"69,30",52.64,CASH
,R138577,Frozen Pizza,Frozen,12,8.44,101.28,75.59,Cash
03/21/2026,R723203,Canned Soup,Canned Goods,4,1.23,4.92,3.78,Cash
21/03/26,R508496,Canned Soup,Canned Goods,10,€8.27,82.7,59.44,card
21.03.2026,R104830,Bread,Bakery,17,4.6,78.2%,44.44 USD,
21/03/26,R591853,Milk,Dairy,19,9.3,176.7,121.14,CASH
2026-03-21,R680939,Soda,Beverages,11,€7.05,"77,55",54.13,NULL
21/03/2026,R197423,bread,Bakery,6,7.15,42.9,33.13,Cash
03/21/26,R780385,Cereal,Breakfast,2,8.01,16.02,11.92,Mobile
21/03/26,R288498,Cereal,Breakfast,13,5.95,77.35,₺56.26,CASH
2026-03-21,R781330,canned soup,Canned Goods,14,6.48,90.72,59.2,card
21/03/26,R249270,Canned Soup,Canned Goods,4,9.38,37.52,26.89,card
03/21/2026,R393320,Frozen Pizza,Frozen,7,6.00,42.0%,28.13,Mobile
21.03.2026,R243271,Soda,Beverages,5,5.71,28.55,22.01,Card
"Mar 21, 2026",R681685,Cereal,Breakfast,19,1.1,20.9,11.41,
21.03.2026,R436380,Milk,Dairy,5,3.48,17.4,9.27,
03/21/2026,R910245,Milk,Dairy,1,3.94,3.94,2.5%,CASH
21.03.2026,R389306,Canned Soup,Canned Goods,16,4.76,76.16,60.47,N/A
2026/03/22,R592679,Milk,Dairy,15,1.1%,16.35,11.95,card
03/22/26,R152479,Canned Soup,Canned Goods,13,1.75,22.75,12.42,card
--,R163768,Bread,Bakery,3,8.88,€26.64,20.51,Card
03/22/26,R181592,Milk,Dairy,4,"7,07",28.28 TRY,€20.72,
2026/03/22,R639019,Cereal,Breakfast,16,1.33,21.28,14.14,Cash
2026-03-22,R487558,Soda,Beverages,10,1.57,"15,70",8.26,NULL
22 Mar 2026,R375820,Cereal,Breakfast,19,4.47,84.93,56.07,Cash
2026/03/22,R352003,Frozen Pizza,Frozen,5,€4.62,23.10,12.98,Cash
22/03/2026,R204236,Bread,Bakery,2,8.02,16.04 EUR,8.87,Mobile
2026-03-22,R426498,Frozen Pizza,Frozen,1,6.60,6.6,5.13,CASH
2026/03/22,R585705,Milk,Dairy,1,6.73,6.73,4.15,card
2026/03/22,R858953,Cereal,Breakfast,7,7.60,53.2,31.12,
2026/03/22,R571532,Canned Soup,Canned Goods,20,2.12,42.40,26.83,card
22.03.2026,R105425,Soda,Beverages,4,8.51,34.04,20.59,
22/03/2026,R641364,Canned Soup,Canned Goods,12,1.79,21.48,16.49,CASH
22/03/2026,R100849,Bread,Bakery,8,3.57,28.56,20.52,Card
22/03/26,R904704,Canned Soup,Canned Goods,18,5.63,101.34 TRY,69.47,Mobile
2026-03-22,R984939,Canned Soup,Canned Goods,14,£9.20,$128.80,71.06,CASH
2026/03/22,R530766,MILK,Dairy,3,8.6,25.8,19.48,--
2026/03/22,R599330,Canned Soup,Canned Goods,7,7.43,"52,01",29.75,card
03/22/26,R529627,Canned Soup,Canned Goods,16,8.03 EUR,128.48,83.24,Cash
null,R893603,Bread,Bakery,9,1.76,15.84,12.55,Cash
22/03/2026,R160454,Frozen  Pizza,Frozen,15,3.46,51.9,27.71,card
2026/03/22,R485271,Bread,Bakery,13,1.46,18.98,10.81,Card
2026-03-22,R227065,Canned Soup,Canned Goods,12,9.22,110.64,₺62.69,
"Mar 22, 2026",R224337,Cereal,Breakfast,2,8.33,16.66,11.77,n/a
22/03/26,R898891,Milk,Dairy,12,1.66,19.9%,£10.04,
22/03/2026,R756793,Canned Soup,Canned Goods,16,8.39 TRY,134.24,77.46,CASH
22-03-2026,R909865,Bread,Bakery,6,1.21,"7,26",4.20 EUR,CASH
22-03-2026,R745815,Frozen Pizza,Frozen,6,1.65,9.90 EUR,6.98,Card
22/03/2026,R357990,Cereal,Breakfast,15,7.61,114.15,86.61,Mobile
"Mar 22, 2026",R794202,Canned Soup,Canned Goods,14,5.32,74.48,40.06,Mobile
22-03-2026,R646021,SODA,Beverages,3,5.27,15.81,12.61,Card
03/22/2026,R707019,Bread,Bakery,2,2.18,4.36,2.81,Mobile
2026-03-22,R607772,Milk,Dairy,10,2.1%,21.4,12.12,card
2026-03-22,R897501,Cereal,Breakfast,17,7.72,131.24,83.18,CASH
2026/03/22,R852527,Milk,Dairy,14,1.07,14.98,8.12,
22-03-2026,R447977,Cereal,Breakfast,6,"5,70","34,20",17.81,Card
22/03/2026,R150000,Chips,Snacks,6,4.62,27.7%,20.70,card
2026-03-22,R614143,Milk,Dairy,5,6.61,$33.05,16.54,
22/03/26,R960431,Milk,Dairy,12,4.77,57.24,$41.26,
22.03.2026,R194538,Milk,Dairy,10,7.19,71.9,38.23,Card
22.03.2026,R272313,Soda,Beverages,6,5.14,30.8%,24.59,null
22/03/26,R805394,Cereal,Breakfast,9,7.25,65.25,₺41.33,CASH
"Mar 22, 2026",R237225,MILK,Dairy,17,2.1%,35.87,18.36,Card
2026/03/22,R738541,frozen pizza,Frozen,18,5.64,101.52,66.54,card
2026/03/22,R716638,Bread,Bakery,14,9.04,126.6%,87.0,card
22-03-2026,R681963,Milk,Dairy,18,3.3%,59.22,39.9,CASH
22 Mar 2026,R551844,Soda,Beverages,14,6.15,86.1,54.71,NA
2026-03-22,R385634,Bread,Bakery,7,1.9%,13.44,8.65,CASH
22 Mar 2026,R386851,Canned Soup,Canned Goods,16,1.52,24.32,18.68,card
03/22/2026,R664628,Frozen Pizza,Frozen,12,6.93,83.16,42.41,
2026-03-22,R905823,Frozen Pizza,Frozen,13,3.94,51.22,nan,CASH
03/22/2026,R344388,Milk,Dairy,10,7.39,73.9,55.85,CASH
03/22/26,R899699,Frozen Pizza,Frozen,10,7.85,78.50 TRY,53.37,card
03/22/26,R156030,Chips,Snacks,7,7.43,52.01 EUR,37.94,
22/03/26,R773890,Chips,Snacks,8,4.19,33.52,NA,NONE
NONE,R386477,Milk,Dairy,9,3.76,--,23.21,CASH
22/03/2026,R288663,Frozen Pizza,Frozen,5,3.83,19.15,14.46,Card
22/03/26,R984020,Chips,Snacks,9,1.06,9.54,6.37,Mobile
22/03/2026,R676491,Chips,Snacks,14,7.93 EUR,111.02,62.06 TRY,Card
22-03-2026,R781405,Bread,Bakery,15,5.12,76.80,58.14,card
2026-03-22,R261244,Cereal,Breakfast,16,3.62,57.92,32.18,Cash
n/a,R534475,  Cereal  ,Breakfast,5,6.79,33.95,19.19,NULL
22 Mar 2026,R997572,Canned Soup,Canned Goods,4,8.66,34.64,23.15,
03/22/2026,R995642,Canned Soup,Canned Goods,7,9.7,67.90,47.79,Mobile
03/23/26,R213809,  Bread  ,Bakery,14,3.02,42.28,31.91,CASH
23.03.2026,R905873,milk,Dairy,4,1.4%,5.56,4.34 USD,
2026/03/23,R801378,Milk,Dairy,17,7.33,124.61,80.87,NONE
23 Mar 2026,R259554,Canned Soup,Canned Goods,13,8.5,110.50,€64.05,Cash
03/23/2026,R927620,Canned Soup,Canned Goods,10,3.47,34.7,19.64,
"Mar 23, 2026",R317275,Milk,Dairy,8,"2,87",,15.74,card
23/03/2026,R588997,Frozen Pizza,Frozen,11,7.42,81.62,41.69,CASH
03/23/26,R973580,Milk,Dairy,8,9.02,72.16,57.59,
NA,R184133,Canned Soup,Canned Goods,17,2.70,45.9,29.97,card
23/03/26,R686757,bread,Bakery,12,7.07,84.84,46.35,CASH
23.03.2026,R408684,Milk,Dairy,7,£3.52,NONE,12.75,nan
03/23/2026,R202727,Frozen Pizza,Frozen,19,4.0,null,49.87,Card
23.03.2026,R238701,Chips,Snacks,7,3.41,23.87,12.05,Mobile
none,R772065,Frozen Pizza,Frozen,7,6.64,46.48,34.49,Card
23 Mar 2026,R372105,Bread,Bakery,20,9.65,193.0,135.4%,CASH
2026-03-23,R228518,Canned Soup,Canned Goods,2,5.48,10.96,$6.76,Card
23/03/26,R951107,Milk,Dairy,7,8.97,62.79 USD,35.72,
23 Mar 2026,R406137,Canned Soup,Canned Goods,16,3.77,60.32,35.02,NA
,R220726,Cereal,Breakfast,18,8.71,-,108.51,Mobile
23-03-2026,R170857,Soda,Beverages,19,1.71,32.49,18.68,N/A
23/03/2026,R971728,Chips,Snacks,14,1.79,25.06,16.00,Card
2026-03-23,R185414,Canned Soup,Canned Goods,10,7.75,77.5,59.33,CASH
03/23/26,R971846,Milk,Dairy,15,6.16,92.4,72.73,nan
23/03/2026,R431299,Canned Soup,Canned Goods,2,3.45,6.9,3.95 TRY,card
2026-03-23,R115947,Bread,Bakery,14,5.39,75.46,52.67,n/a
23/03/2026,R774087,Milk,Dairy,12,7.28,"87,36",69.48,Cash
23 Mar 2026,R637573,Frozen Pizza,Frozen,8,4.45,35.6,26.72,Mobile
23/03/26,R917356,Frozen Pizza,Frozen,12,5.04,60.48,44.64,NONE
"Mar 23, 2026",R710262,Milk,Dairy,7,9.66,67.62,46.51,CASH
23 Mar 2026,R665708,Milk,Dairy,20,5.64,112.8,77.28,Mobile
23.03.2026,R947549,Milk,Dairy,19,8.64,164.16,£116.94,Cash
2026-03-23,R891939,Chips,Snacks,2,5.26,10.52,"5,89",CASH
23/03/2026,R542479,Canned Soup,Canned Goods,17,6.66,"113,22",73.35,
23/03/26,R269042,Milk,Dairy,8,4.67,37.36,20.5%,CASH
NA,R764557,Frozen Pizza,Frozen,15,8.96,134.4,"74,11",Card
23/03/26,R483899,Canned Soup,Canned Goods,9,4.52,40.68,"26,90",Mobile
03/23/2026,R204058,Milk,Dairy,14,4.54,63.56,"49,37",card
2026-03-23,R427776,Soda,Beverages,14,9.58,134.12,,Mobile
2026-03-23,R470232,Milk,Dairy,14,6.89,96.46,57.68,Card
03/23/26,R723429,Soda,Beverages,14,8.79,123.06 USD,80.6,CASH
2026-03-23,R790970,Frozen Pizza,Frozen,20,9.14,182.8,102.95,Card
03/23/26,R970389,Chips,Snacks,14,6.7,93.80,50.95,CASH
23-03-2026,R364370,bread,Bakery,14,8.37,117.18,"82,68",CASH
23.03.2026,R934443,Chips,Snacks,6,4.17,25.02,19.16,Mobile
23.03.2026,R433936,Bread,Bakery,11,7.08,77.88,46.41,CASH
2026/03/23,R307474,Soda,Beverages,7,3.0,n/a,12.58 TRY,CASH
23/03/26,R708840,Chips,Snacks,5,7.67,38.35,$21.19,Cash
23/03/26,R588090,Frozen Pizza,Frozen,11,4.29,47.19,35.75,null
23/03/26,R768967,Canned Soup,Canned Goods,20,6.49,129.8,100.14,Cash
23.03.2026,R230834,Soda,Beverages,5,7.89,39.45,25.06,Mobile
23-03-2026,R444582,  Cereal  ,Breakfast,9,8.18,73.6%,50.37,Cash
23/03/26,R760503,Milk,Dairy,13,5.73,74.49,37.89,CASH
23.03.2026,R432643,Canned Soup,Canned Goods,6,8.91,53.46,37.26,
"Mar 23, 2026",R605222,Milk,Dairy,10,5.78,57.8,33.59,CASH
23/03/26,R544384,Soda,Beverages,2,2.28,4.56,"3,12",Card
23/03/2026,R356123,Soda,Beverages,6,1.91,11.46,7.65 USD,Cash
23-03-2026,R863549,Soda,Beverages,11,£8.21,90.31,59.27,
"Mar 23, 2026",R330123,Bread,Bakery,9,3.57,32.1%,€23.23,nan
23 Mar 2026,R305740,Chips ,Snacks,20,4.47 TRY,89.4,45.41,nan
23/03/2026,R350968,Frozen Pizza,Frozen,11,9.57,105.27,84.21,-
03/23/2026,R474763,Canned Soup,Canned Goods,18,4.24,76.32,€53.43,Card
23/03/2026,R679146,Chips,Snacks,2,4.65,9.3,7.1%,Cash
23.03.2026,R230840,Soda ,Beverages,10,5.8%,58.3,null,Card
2026-03-23,R551655,Milk,Dairy,15,8.1%,121.2,62.54,Mobile
24/03/26,R897443,SODA,Beverages,10,7.69,76.90,50.28 TRY,Cash
24.03.2026,R198625,Canned Soup,Canned Goods,4,3.62,14.48,£9.93,CASH
24.03.2026,R491531,Cereal,Breakfast,9,6.09,54.81,34.20 TRY,
03/24/26,R919709,Bread,Bakery,1,6.86,"6,86",5.22,
03/24/2026,R730281,Frozen  Pizza,Frozen,18,1.59,,16.93,Cash
24.03.2026,R636346,Frozen Pizza,Frozen,17,1.34,N/A,16.03,NA
03/24/26,R937590,Chips,Snacks,16,8.51,136.16,76.42,
2026/03/24,R981242,Soda,Beverages,14,5.95,83.3,n/a,CASH
2026-03-24,R894134,Chips,Snacks,5,2.76,13.80 TRY,"8,21",CASH
24.03.2026,R179255,Canned Soup ,Canned Goods,7,£9.24,64.68,$39.82,none
03/24/2026,R835057,Soda,Beverages,18,1.1%,19.26,14.57,card
24 Mar 2026,R275943,Canned Soup,Canned Goods,9,1.7,15.3,10.08,Card
"Mar 24, 2026",R566716,Milk,Dairy,14,4.18,58.52,44.36,Card
24.03.2026,R423041,Soda,Beverages,6,1.75,10.5,7.13,Mobile
03/24/2026,R932876,Soda,Beverages,2,7.28,14.56,9.4,Card
24/03/26,R400007,Canned Soup,Canned Goods,16,7.45,119.2,74.93,Card
24-03-2026,R125425,Bread,Bakery,7,5.77,null,23.99,NA
"Mar 24, 2026",R371122,Cereal,Breakfast,16,2.21,£35.36,27.77,Cash
03/24/2026,R259645,Bread,Bakery,2,4.80,9.60 EUR,NA,Card
"Mar 24, 2026",R703399,Cereal,Breakfast,6,6.86,41.16,"24,84",Mobile
NONE,R507576,Soda,Beverages,16,6.71,107.36,54.6,N/A
24 Mar 2026,R582232,Soda,Beverages,20,8.82,176.4,121.33,Cash
2026/03/24,R867052,Soda,Beverages,15,9.30,"139,50",89.31,Mobile
24.03.2026,R630227,  Chips  ,Snacks,8,2.39,19.12,13.5,Card
"Mar 24, 2026",R472209,Bread,Bakery,5,1.34,6.7%,4.15,Card
2026/03/24,R918370,Frozen Pizza,Frozen,5,9.42,47.1%,35.76,
24 Mar 2026,R628826,Bread,Bakery,1,£4.79,"4,79",2.91,Cash
--,R195132,Bread,Bakery,6,8.0%,47.7%,"25,52",Card
24 Mar 2026,R512543,Cereal,Breakfast,10,8.73,87.3,58.44,NULL
24/03/26,R164422,  Bread  ,Bakery,9,€4.05,36.45,27.73,Cash
2026-03-24,R717011,Cereal,Breakfast,20,3.36,67.2,48.69,
2026/03/24,R696082,Cereal,Breakfast,14,4.8,67.2,35.96,Mobile
03/24/26,R244995,Soda,Beverages,6,$9.37,56.22,36.92,Cash
03/24/26,R281560,Milk,Dairy,11,5.01,55.11,35.58,Cash
2026-03-24,R720654,Bread,Bakery,19,4.86,92.34,NULL,Cash
"Mar 24, 2026",R871427,Bread,Bakery,11,9.51,104.61,83.24,Card
24.03.2026,R295948,Milk,Dairy,8,1.74,13.92,10.09,Mobile
24.03.2026,R734701,Chips,Snacks,17,5.49,93.3%,67.0%,Card
--,R943369,Milk,Dairy,18,7.44,133.92,105.54,Card
n/a,R528204,Milk,Dairy,4,6.0%,24.1%,13.29,Cash
24/03/2026,R104495,Soda,Beverages,5,6.56,32.8,19.08,CASH
03/24/26,R515201,Frozen Pizza,Frozen,12,5.65,67.8,43.44,
"Mar 24, 2026",R764520,Canned Soup,Canned Goods,15,9.04,135.6,92.63,
03/24/2026,R138683,Chips,Snacks,15,9.61,144.15,106.17,CASH
nan,R128253,Soda,Beverages,19,2.12,40.28,30.4%,CASH
03/24/2026,R672452,Bread,Bakery,17,8.44,N/A,80.48,Card
03/24/2026,R347334,Milk,Dairy,18,6.7,120.6%,84.43,Cash
03/24/2026,R408922,Bread,Bakery,5,3.62 USD,₺18.10,12.65,CASH
03/24/26,R830098,Bread,Bakery,11,"8,75",96.25,68.9,
24-03-2026,R500072,Soda,Beverages,12,6.44,77.28,41.57,CASH
24/03/2026,R966650,Milk,Dairy,3,6.15,$18.45,nan,none
24.03.2026,R607722,Cereal,Breakfast,5,2.41,12.05,8.3,CASH
24/03/26,R530019,Milk,Dairy,14,9.72,136.08,103.22,Card
24.03.2026,R944379,Bread,Bakery,18,7.65,137.70,94.25,Cash
N/A,R731240,Milk ,Dairy,3,3.57,10.71,7.35,Cash
24/03/26,R678715,Soda,Beverages,10,1.49,14.9,11.43,none
24/03/26,R789044,Milk,Dairy,7,7.01,₺49.07,NULL,
2026/03/24,R498701,Milk,Dairy,14,1.78,24.92,19.83,CASH
24/03/26,R373014,Chips,Snacks,4,2.75,11.0,8.73,Card
2026/03/24,R107380,Soda,Beverages,18,6.79,122.22,72.73,
"Mar 24, 2026",R523990,Milk,Dairy,1,7.75,7.75,5.99,Mobile
24.03.2026,R426711,Soda,Beverages,13,3.04,39.52,29.05,
03/24/26,R425701,Frozen Pizza,Frozen,1,£7.25,7.25,4.42,Card
24-03-2026,R351190,Frozen Pizza,Frozen,7,6.18,43.26,£21.76,Card
"Mar 24, 2026",R153625,Cereal,Breakfast,3,6.85,20.55,11.56,card
2026/03/24,R418607,Cereal,Breakfast,20,6.55 TRY,€131.00,87.34,Mobile
24/03/2026,R473652,Frozen Pizza,Frozen,8,1.03,8.24,5.4,Card
2026/03/24,R733674,CHIPS,Snacks,6,4.88,29.28,21.67,card
03/24/26,R329163,Frozen Pizza,Frozen,15,6.1,£91.50,59.32,CASH
24/03/26,R486188,canned soup,Canned Goods,18,3.98,71.64 EUR,€43.36,Mobile
2026-03-24,R377600,FROZEN PIZZA,Frozen,4,6.29,25.16,15.09,Cash
25.03.2026,R398961,Soda,Beverages,17,1.9,$32.30,20.7%,NULL
25/03/26,R157124,Canned Soup,Canned Goods,4,3.57,14.28,8.91,Cash
2026-03-25,R303227,Soda,Beverages,14,4.16,58.24 USD,31.41,card
25-03-2026,R214737,Soda,Beverages,4,1.63,6.52,4.92,none
25 Mar 2026,R946048,Bread,Bakery,12,7.4%,89.16,62.65,CASH
2026/03/25,R746180,Chips,Snacks,19,4.74,90.06,60.18,card
"Mar 25, 2026",R677072,Canned Soup,Canned Goods,5,"3,25",16.25,11.29,Cash
25 Mar 2026,R331745,  Milk  ,Dairy,16,2.01,32.2%,16.35,Card
25/03/26,R792399,Chips,Snacks,20,€9.07,181.4,145.05,Mobile
25/03/2026,R389990,Canned Soup,Canned Goods,13,7.68,99.84,64.22,card
25/03/2026,R962494,Canned Soup,Canned Goods,6,3.33,19.98,13.2,CASH
2026/03/25,R824565,Frozen Pizza,Frozen,16,6.51,104.16,81.40,none
"Mar 25, 2026",R825701,CEREAL,Breakfast,11,1.64,nan,NULL,CASH
25-03-2026,R429872,  Frozen Pizza  ,Frozen,5,9.41,47.05,27.77,card
25 Mar 2026,R946671,Cereal,Breakfast,12,1.04,12.48,7.22,card
2026/03/25,R211566,Canned Soup,Canned Goods,14,1.57,21.98 EUR,null,none
25.03.2026,R520160,Cereal,Breakfast,14,5.3,74.20 EUR,37.22,Mobile
25/03/26,R993615,Cereal,Breakfast,7,9.32,65.24,$48.82,none
2026/03/25,R175810,Canned Soup ,Canned Goods,2,£4.67,9.34,5.6%,
25/03/26,R458069,Frozen Pizza,Frozen,19,3.73,70.87,38.62 EUR,card
25/03/2026,R345507,Soda,Beverages,1,8.95,"8,95",6.54,CASH
25.03.2026,R522243,SODA,Beverages,9,4.03,36.27,28.77,CASH
25.03.2026,R946377,frozen pizza,Frozen,11,4.12,45.32,26.96,NULL
25/03/26,R534681,Chips,Snacks,2,2.72,5.44,2.88,Mobile
25/03/26,R958589,Bread,Bakery,11,6.79,74.69 EUR,43.52,Mobile
25-03-2026,R144326,Bread,Bakery,9,1.52,13.68,9.27,CASH
03/25/2026,R327841,Frozen Pizza,Frozen,4,3.71,14.84,7.79,Mobile
2026-03-25,R367100,Chips,Snacks,13,1.75,22.75,11.89,CASH
25 Mar 2026,R467484,Canned Soup,Canned Goods,13,1.64,21.32 TRY,11.32,Cash
2026/03/25,R475506,Soda,Beverages,13,1.73,22.49,15.46,
25-03-2026,R397667,Cereal,Breakfast,17,8.76,148.92,79.89,Card
2026-03-25,R520495,Milk,Dairy,3,1.65,4.95,2.85,--
25.03.2026,R361950,Cereal,Breakfast,20,4.47,89.4,50.14,Cash
none,R912920,Chips,Snacks,2,7.67,,N/A,Card
25.03.2026,R903164,Milk ,Dairy,12,5.33,63.96,50.39,Cash
2026-03-25,R705573,Chips,Snacks,6,4.68 EUR,28.08,19.6%,
03/25/2026,R380154,Soda,Beverages,17,4.46,75.82,43.0%,card
"Mar 25, 2026",R537913,Bread,Bakery,8,8.68,69.44,53.02,card
nan,R482213,Frozen Pizza,Frozen,4,7.65,30.6,15.62,Mobile
25/03/2026,R135258,Chips,Snacks,13,5.13,66.69,52.92,CASH
25/03/2026,R377797,Milk,Dairy,17,4.59,78.03,44.9,Mobile
25 Mar 2026,R742543,Cereal,Breakfast,17,5.63,95.71,56.62,none
2026/03/26,R217140,Canned Soup,Canned Goods,4,4.13,"16,52",11.58,Mobile
"Mar 26, 2026",R516453,Milk,Dairy,8,9.39,"75,12",54.05,NA
26 Mar 2026,R797912,Milk,Dairy,14,5.53,77.42,44.46,Mobile
"Mar 26, 2026",R179293,Soda,Beverages,14,6.13,85.82,47.08,Card
"Mar 26, 2026",R774967,Canned  Soup,Canned Goods,8,3.25,26.0,17.7%,
2026-03-26,R765093,Frozen Pizza,Frozen,13,3.05,39.65,23.44,CASH
26 Mar 2026,R672588,Soda,Beverages,20,7.04,"140,80",97.7,Card
2026-03-26,R946991,Soda,Beverages,16,9.46,151.36,102.36,card
26-03-2026,R678610,Chips,Snacks,11,2.22,"24,42",16.25,Cash
"Mar 26, 2026",R588427,Canned Soup,Canned Goods,11,9.3,102.3,56.98,Mobile
26.03.2026,R517470,Milk,Dairy,10,4.21,"42,10",21.68,--
"Mar 26, 2026",R151223,Chips,Snacks,13,5.18,67.34,47.81,Cash
26-03-2026,R767203,Soda,Beverages,14,8.16,"114,24",64.26,Mobile
2026-03-26,R958735,Frozen Pizza,Frozen,2,1.99,3.98,2.68,
2026-03-26,R729895,Milk,Dairy,16,"1,17",18.72,13.67 EUR,
03/26/2026,R107141,Soda,Beverages,19,1.3,24.70,13.66,CASH
26/03/26,R934240,Chips,Snacks,20,1.94,38.8,29.82,Card
"Mar 26, 2026",R781804,Bread,Bakery,13,1.76,22.88,17.75,CASH
26.03.2026,R275331,Cereal,Breakfast,18,7.66,137.88,103.89,--
2026/03/26,R474419,Canned Soup,Canned Goods,2,"7,58",15.16,9.57,n/a
N/A,R543878,Frozen Pizza,Frozen,19,2.16,41.04,null,card
"Mar 26, 2026",R787009,Canned Soup,Canned Goods,15,8.88,"133,20",80.39,NONE
26/03/2026,R957320,Canned Soup,Canned Goods,18,€5.95,107.10,81.88,card
26 Mar 2026,R718496,Frozen Pizza,Frozen,19,7.56,143.64,113.52,CASH
03/26/26,R334535,Chips,Snacks,14,2.91,40.74,€23.98,
26-03-2026,R356055,CANNED SOUP,Canned Goods,16,1.33,21.28,16.65,Card
26-03-2026,R972026,Chips,Snacks,18,1.52,27.36 TRY,20.9,Card
2026/03/26,R146023,Milk,Dairy,13,3.92,50.96,28.87,n/a
26 Mar 2026,R772567,Chips,Snacks,17,4.71,--,"59,04",Mobile
"Mar 26, 2026",R384737,canned soup,Canned Goods,5,3.41,17.05,9.93,card
03/26/26,R825304,Milk,Dairy,17,8.42,143.14,75.31,Mobile
2026/03/26,R195241,Chips,Snacks,11,9.38,103.18,76.98,--
26 Mar 2026,R366103,Chips,Snacks,10,6.19,61.9,33.8%,Mobile
"Mar 26, 2026",R102488,Cereal,Breakfast,11,1.63,17.93,₺12.09,Cash
26/03/26,R351175,Cereal,Breakfast,4,7.74,30.96,22.69,Card
26.03.2026,R954767,Milk,Dairy,16,7.66,122.56,69.05,Cash
"Mar 26, 2026",R680366,Cereal,Breakfast,17,2.58,43.86,₺24.62,
2026/03/26,R938539,Milk,Dairy,9,5.58,50.22,26.17,Cash
26 Mar 2026,R999373,Frozen Pizza,Frozen,19,5.08 EUR,96.52,"49,80",
"Mar 26, 2026",R633982,Bread,Bakery,4,9.63,38.52,22.1%,none
26/03/26,R623747,Canned Soup,Canned Goods,3,4.79,14.37 EUR,11.04,Card
26.03.2026,R253392,Chips,Snacks,4,3.75,15.0,8.1%,
27/03/26,R301944,Bread,Bakery,6,3.41,20.5%,11.89,
27-03-2026,R672055,Milk,Dairy,19,2.66,50.54,29.88,card
"Mar 27, 2026",R370493,Milk,Dairy,17,5.78,98.26,62.31,Card
2026-03-27,R584958,Canned Soup,Canned Goods,11,8.95,98.45,50.02 TRY,Cash
2026-03-27,R358446,Canned Soup,Canned Goods,17,5.51,93.67,"61,57",Card
27.03.2026,R965373,Canned Soup,Canned Goods,9,4.49,₺40.41,29.55,Card
2026-03-27,R752238,  Cereal  ,Breakfast,1,4.91,"4,91",3.77,card
2026-03-27,R687690,Bread,Bakery,5,₺2.53,12.65,6.72,NULL
2026/03/27,R332561,Milk,Dairy,20,€6.77,135.4,95.86,card
27-03-2026,R744213,Milk ,Dairy,16,6.89,110.24 TRY,79.69,Mobile
27-03-2026,R681305,Cereal,Breakfast,11,9.03,99.33,53.77 TRY,
27.03.2026,R920740,Frozen Pizza,Frozen,2,7.94,15.88,12.19,NA
27/03/26,R880986,  Cereal  ,Breakfast,9,7.62,68.58,49.74,none
03/27/2026,R695301,Canned Soup,Canned Goods,1,2.4,2.4,1.23,card
27-03-2026,R700170,Canned Soup,Canned Goods,7,1.6%,11.13 TRY,5.78,card
27-03-2026,R268268,Canned Soup,Canned Goods,15,1.89,28.35,21.54,Card
27-03-2026,R527146,Soda,Beverages,10,1.34,₺13.40,9.99,CASH
27 Mar 2026,R336762,Soda,Beverages,4,8.04,32.16 TRY,23.19,Mobile
2026/03/27,R818967,Canned Soup,Canned Goods,10,4.99,49.9,26.61,
27/03/26,R699430,Bread,Bakery,9,5.37,48.33,$36.76,Cash
03/27/2026,R640776,Chips,Snacks,19,3.91,74.29,56.95,card
03/27/26,R272807,Chips,Snacks,7,7.04,49.28,"37,85",Card
03/27/26,R866430,Cereal,Breakfast,16,4.46,nan,48.7%,
27/03/2026,R936353,frozen pizza,Frozen,4,3.38,13.52,9.31,Cash
27.03.2026,R724861,chips,Snacks,10,3.65 EUR,36.5,22.69,CASH
27-03-2026,R332401,Frozen Pizza,Frozen,15,3.83,57.45,28.77,Cash
27/03/26,R412313,Canned Soup,Canned Goods,3,2.7,8.1,4.1%,Card
"Mar 27, 2026",R295516,Cereal,Breakfast,19,5.05,95.95,52.51,Card
27.03.2026,R558511,Chips,Snacks,2,7.94,15.88,10.77,CASH
03/27/26,R606787,Canned Soup,Canned Goods,10,7.44,74.4,37.54,card
27.03.2026,R409133,Milk,Dairy,20,"9,48",189.6,103.26,NONE
27/03/26,R528657,Milk,Dairy,10,₺1.10,"11,00",7.77,card
"Mar 27, 2026",R384214,Cereal,Breakfast,12,9.32,"111,84",80.41,NULL
27/03/26,R995713,Milk,Dairy,16,3.33,53.28,35.11,Card
2026-03-27,R679611,Milk,Dairy,14,2.6%,36.96,22.61,card
27-03-2026,R957489,CANNED SOUP,Canned Goods,17,3.12,53.04,33.34,card
27 Mar 2026,R494297,Soda,Beverages,6,4.79,28.74,17.1,Card
2026-03-27,R118772,Milk,Dairy,13,"9,19",119.47,65.77,Card
"Mar 27, 2026",R981257,Soda,Beverages,16,4.8%,76.48,47.41,
27 Mar 2026,R189567,Milk,Dairy,2,9.41,18.82,"12,63",CASH
27/03/26,R162272,Milk,Dairy,12,4.37,52.44,31.29,CASH
27/03/26,R546458,Milk,Dairy,4,8.02,32.08,16.22,Card
03/27/2026,R530818,Milk,Dairy,18,5.0,90.00,60.49,NA
27/03/26,R814729,Chips,Snacks,9,4.3,38.7,20.02,Cash
"Mar 27, 2026",R955428,Soda,Beverages,9,1.9%,17.3%,11.15,
27 Mar 2026,R729709,Milk,Dairy,13,2.27,29.51,19.37,Mobile
2026/03/27,R723282,Canned Soup,Canned Goods,10,3.21,32.1,19.83,CASH
2026-03-27,R783382,Soda,Beverages,20,4.48,89.6,56.93,Card
28.03.2026,R971592,Chips,Snacks,5,8.84,44.2,28.44,card
2026-03-28,R106672,Frozen Pizza,Frozen,3,"2,52",7.56,4.88,card
28/03/26,R671424,Milk,Dairy,6,4.93,29.58,15.18,Cash
03/28/2026,R797256,Milk,Dairy,2,4.5%,"8,90",6.75,Cash
03/28/26,R883419,Frozen Pizza,Frozen,18,4.89,"88,02",52.34,card
2026-03-28,R407031,Canned Soup,Canned Goods,4,9.91,39.64,30.63,nan
28.03.2026,R310545,Cereal,Breakfast,14,2.97,41.58,21.33,CASH
"Mar 28, 2026",R615918,Milk ,Dairy,1,5.18,-,"3,28",
03/28/2026,R688201,Canned Soup,Canned Goods,18,$3.51,"63,18",46.38,Card
28.03.2026,R289751,Frozen Pizza,Frozen,18,2.67,48.06,27.92,Card
"Mar 28, 2026",R326106,Frozen Pizza,Frozen,18,4.23,76.14,53.71,card
28/03/2026,R282781,Canned Soup,Canned Goods,18,3.31,59.58,30.34,Card
2026-03-28,R221303,Canned Soup,Canned Goods,12,4.36,52.32,28.85,CASH
"Mar 28, 2026",R671759,Bread,Bakery,8,7.69,61.52,49.12,Mobile
28-03-2026,R432177,Milk,Dairy,1,5.1,5.1%,2.65,CASH
"Mar 28, 2026",R566996,Frozen Pizza,Frozen,20,5.06,101.2,80.47,CASH
28 Mar 2026,R482517,Frozen Pizza,Frozen,11,5.88,64.68,46.05,card
28/03/2026,R641103,Canned Soup,Canned Goods,5,7.74,38.70,"26,70",CASH
2026/03/28,R766023,Soda,Beverages,7,7.73,54.11,34.72,Card
28/03/26,R628730,Cereal,Breakfast,11,6.84,75.2%,43.75,
28/03/2026,R717693,Canned Soup,Canned Goods,13,4.09,53.17,27.61,
NONE,R129890,Frozen Pizza,Frozen,8,6.67,53.36,nan,CASH
03/28/2026,R608017,Bread,Bakery,17,4.09,69.53,36.49,Cash
03/28/2026,R916651,Chips,Snacks,19,9.05,171.95,"129,55",card
03/28/2026,R209883,Chips,Snacks,15,6.44,$96.60,68.59,
28-03-2026,R754196,Canned Soup,Canned Goods,3,7.07,21.21,12.48,none
03/28/26,R247286,Milk,Dairy,6,3.22,19.32,--,null
28.03.2026,R282631,SODA,Beverages,15,7.96,119.40,78.55,card
03/28/2026,R551765,Soda,Beverages,9,₺7.63,68.67,"35,08",CASH
03/28/26,R508803,CEREAL,Breakfast,3,7.08,21.24,16.61,Mobile
28/03/26,R774937,Cereal,Breakfast,10,1.07,10.7,7.14,card
03/28/26,R560653,Frozen Pizza ,Frozen,9,1.46,13.14,8.5%,Cash
NONE,R993583,  Soda  ,Beverages,8,8.12,64.96 USD,47.08,CASH
28.03.2026,R931362,Chips,Snacks,13,1.71,22.23,"17,04",
28 Mar 2026,R405330,Bread,Bakery,17,3.88,"65,96",₺35.29,Card
03/28/2026,R915857,Canned Soup,Canned Goods,9,6.79,61.11,30.6%,NA
2026/03/28,R117956,Bread,Bakery,11,7.07 USD,77.77,NULL,
28-03-2026,R188829,Bread,Bakery,18,9.01,162.18,125.91,
NA,R684147,Soda,Beverages,11,1.13,12.43,£6.64,--
28 Mar 2026,R254303,Chips,Snacks,4,6.48,25.92,17.94,Mobile
"Mar 28, 2026",R262775,Frozen Pizza,Frozen,17,1.7,28.90,20.96,Cash
NONE,R815133,Soda,Beverages,20,4.3%,€87.00,"51,98",Mobile
03/28/26,R252386,Cereal,Breakfast,9,9.18,82.62,53.33,Mobile
28/03/2026,R273892,  Bread  ,Bakery,13,8.22,106.86,84.17,Cash
28 Mar 2026,R105232,Canned Soup,Canned Goods,8,8.39,67.1%,37.89,Cash
2026/03/28,R501573,Frozen  Pizza,Frozen,2,5.26,10.52,6.15,Mobile
N/A,R832941,Milk,Dairy,3,$2.71,8.13,4.89,card
03/28/2026,R485892,Milk ,Dairy,3,3.13,9.39,5.3%,Card
28-03-2026,R333874,Milk,Dairy,18,4.9,88.2,€64.15,Card
2026/03/28,R122491,Bread,Bakery,11,2.73,30.03,20.09,card
2026-03-28,R760538,Milk,Dairy,16,2.81,44.96,33.38,
03/28/26,R490429,Cereal,Breakfast,7,8.79,61.53,33.96,CASH
2026-03-28,R290135,Cereal,Breakfast,10,9.41,94.1,65.54,Cash
28-03-2026,R132941,Milk,Dairy,9,6.15,55.35,38.28,Card
28 Mar 2026,R966042,Bread,Bakery,6,9.52,57.12,41.11,Card
28/03/26,R292111,Bread,Bakery,5,2.27,11.35,£8.51,CASH
28.03.2026,R623712,Milk,Dairy,18,8.04,--,"79,52",--
03/28/2026,R645571,Soda,Beverages,13,3.68,47.84,26.08,Cash
28/03/2026,R242969,Soda,Beverages,20,6.66,133.20,82.33,card
2026-03-28,R615037,Frozen Pizza,Frozen,15,6.16,"92,40",68.44,Cash
2026/03/28,R432123,Bread,Bakery,19,9.57,181.83,119.55,CASH
28/03/2026,R471924,Cereal,Breakfast,16,8.4,134.40,85.06,card
28.03.2026,R686437,Milk,Dairy,19,9.4,178.6,98.9,Mobile
"Mar 28, 2026",R782695,Chips,Snacks,3,1.1,"3,30",2.12,Cash
2026-03-28,R168884,Canned Soup,Canned Goods,9,1.32,11.88,8.85,
28/03/26,R710205,Frozen Pizza,Frozen,18,2.93,52.74,"33,33",Cash
28/03/2026,R236604,BREAD,Bakery,2,4.01,8.02,4.17,Cash
28-03-2026,R178251,Milk,Dairy,16,1.72,27.52,15.63,Card
28/03/2026,R384166,Soda,Beverages,13,6.18,80.34,51.61,
28-03-2026,R420232,Chips,Snacks,15,7.62,114.3,81.7%,card
28.03.2026,R933980,Bread,Bakery,16,4.62,73.92 TRY,39.03,--
03/29/26,R186208,  Canned Soup  ,Canned Goods,16,2.96,47.36,31.58,
29/03/26,R947201,Milk,Dairy,7,7.37,51.59,33.55,Card
2026/03/29,R546685,Milk,Dairy,15,3.13,46.95 USD,25.27,none
29/03/26,R570390,Canned Soup,Canned Goods,1,5.33,₺5.33,3.6%,CASH
29-03-2026,R108141,Milk,Dairy,10,₺7.39,73.90,40.52,Mobile
29-03-2026,R556703,Bread,Bakery,1,6.75,6.75,5.29,CASH
03/29/2026,R408860,Bread,Bakery,8,7.80,$62.40,₺34.18,CASH
03/29/26,R202527,Milk,Dairy,2,₺1.02,NONE,$1.39,Cash
2026-03-29,R661698,Chips,Snacks,13,4.02,52.3%,35.46,Mobile
2026-03-29,R824063,Canned Soup,Canned Goods,5,2.38,11.90,6.79,card
2026-03-29,R495763,CHIPS,Snacks,7,3.52,24.64,15.77 EUR,CASH
29 Mar 2026,R573413,Bread,Bakery,17,8.03,136.51,109.04,card
2026/03/29,R803134,Canned Soup,Canned Goods,10,2.23,22.3,16.03,
29 Mar 2026,R620272,Bread,Bakery,10,7.63,76.3,55.12,NA
"Mar 29, 2026",R825904,Milk,Dairy,4,"4,81",19.24,12.69,Cash
29.03.2026,R470942,Milk,Dairy,8,6.23,49.84,38.6,Mobile
03/29/26,R643271,Bread,Bakery,4,4.21,16.84,11.09,nan
2026/03/29,R155739,Canned Soup,Canned Goods,17,8.68,147.56,77.08,Card
03/29/26,R592606,Canned Soup,Canned Goods,3,5.71,17.13,10.01,Mobile
29.03.2026,R128755,Cereal,Breakfast,8,£3.06,24.48,14.43,
29.03.2026,R299144,Milk,Dairy,19,3.36,€63.84,41.53,Card
"Mar 29, 2026",R689148,  Canned Soup  ,Canned Goods,13,8.63,112.19,60.64,Mobile
29 Mar 2026,R223078,Canned Soup,Canned Goods,13,8.51 USD,110.63,"74,46",Card
29/03/2026,R698410,Frozen Pizza,Frozen,11,4.76,52.36,27.2,card
29.03.2026,R848683,Soda,Beverages,8,3.37,27.0%,21.47,Mobile
29.03.2026,R364098,Canned Soup,Canned Goods,18,9.26,166.7%,93.9,Card
29.03.2026,R244613,Canned Soup,Canned Goods,11,6.95,76.45,59.22,Cash
N/A,R619613,Cereal,Breakfast,6,4.32,25.92,13.97,Card
"Mar 29, 2026",R554536,Bread,Bakery,4,4.83,19.32,13.65,Cash
03/29/2026,R510641,Frozen Pizza,Frozen,10,1.51,15.1,9.97,card
NONE,R759462,Canned Soup,Canned Goods,20,9.69,193.8,137.23,N/A
03/29/2026,R696461,Soda,Beverages,12,2.87,34.44,--,CASH
2026-03-29,R668130,bread,Bakery,8,8.47,67.76,none,Card
29.03.2026,R144717,Cereal,Breakfast,14,5.66,79.24,56.81 USD,CASH
NONE,R293998,Chips,Snacks,4,7.98,31.92,20.39,Card
N/A,R296258,Chips,Snacks,9,2.41,21.7%,15.08,CASH
29.03.2026,R311500,Canned Soup,Canned Goods,1,1.83,£1.83,1.05,--
29-03-2026,R330777,Bread,Bakery,13,6.09,€79.17,57.01,Cash
03/29/2026,R391491,  Bread  ,Bakery,15,₺6.54,€98.10,50.79,Mobile
2026/03/29,R631333,Bread,Bakery,17,1.8,30.60 TRY,22.35,CASH
"Mar 29, 2026",R516186,Frozen Pizza,Frozen,17,1.04,17.68,12.54,--
03/29/26,R340328,Bread,Bakery,10,1.28,12.80,8.18,card
2026/03/30,R229202,Frozen Pizza,Frozen,14,2.33 EUR,32.62,24.3,Card
30 Mar 2026,R375608,Soda,Beverages,19,5.68,null,58.22,
NULL,R766982,Bread,Bakery,13,5.37,69.81,46.44,card
30/03/26,R259123,Frozen Pizza,Frozen,18,9.06,163.08,119.51 USD,Card
30-03-2026,R380600,MILK,Dairy,7,3.58 TRY,€25.06,13.89,null
30 Mar 2026,R546031,chips,Snacks,9,9.5,85.5,€48.49,card
03/30/2026,R275876,Milk,Dairy,19,5.34,₺101.46,55.86,Cash
30/03/26,R409002,Soda,Beverages,17,5.58,"94,86","62,52",Card
03/30/26,R857908,Soda,Beverages,10,4.87,48.70,29.61,null
"Mar 30, 2026",R165123,SODA,Beverages,13,1.96,25.48,13.90,card
30/03/26,R123750,Cereal,Breakfast,14,3.11,43.54,26.31,card
03/30/2026,R166369,Soda,Beverages,8,4.19,33.52,₺25.37,card
"Mar 30, 2026",R979458,Canned Soup,Canned Goods,12,1.86,22.32,13.71,CASH
03/30/26,R883117,Canned Soup,Canned Goods,4,"8,81",35.24,22.62,Mobile
"Mar 30, 2026",R388785,Cereal,Breakfast,11,4.26 EUR,46.86,"26,57",card
none,R978542,Cereal,Breakfast,8,5.82,46.56,36.08 TRY,CASH
"Mar 30, 2026",R955765,Cereal,Breakfast,11,5.93,65.23,42.13,Cash
03/30/26,R154332,Canned Soup,Canned Goods,6,8.97,53.82,38.35,Cash
"Mar 30, 2026",R752884,Chips,Snacks,18,8.92,160.56,94.55,card
"Mar 30, 2026",R215508,Chips,Snacks,19,5.36,101.84,"55,52",Cash
"Mar 30, 2026",R589054,Milk,Dairy,15,1.3%,19.65,"11,22",Card
31 Mar 2026,R267669,Milk,Dairy,16,6.9%,110.4,75.44,CASH
-,R412853,Milk,Dairy,20,4.5,90.00,56.96,Mobile
31.03.2026,R503420,Cereal,Breakfast,16,2.89,46.24,25.09,Mobile
2026-03-31,R344956,Canned Soup,Canned Goods,10,3.31,33.10,17.06,Card
31/03/2026,R119069,Canned Soup,Canned Goods,9,9.96,89.64,68.58,
"Mar 31, 2026",R552757,Canned Soup,Canned Goods,13,8.36,"108,68",59.38,card
03/31/2026,R731886,Bread,Bakery,19,3.17,60.23,43.16,N/A
2026-03-31,R629673,Frozen Pizza,Frozen,19,7.82,148.58,97.44,Mobile
31/03/2026,R979706,Milk,Dairy,19,4.2,79.80,57.62 TRY,--
"Mar 31, 2026",R757961,Cereal,Breakfast,4,6.67,€26.68,18.35,
03/31/2026,R179184,Milk,Dairy,17,6.71,114.07,60.67,Cash
03/31/2026,R695523,Frozen Pizza,Frozen,14,8.05,112.7,₺88.96,
"Mar 31, 2026",R644102,  Cereal  ,Breakfast,9,3.04,27.36,15.01,Mobile
31/03/2026,R868549,Bread,Bakery,18,1.55,27.90,₺20.59,Cash
31 Mar 2026,R158693,Chips,Snacks,19,1.52,28.88,17.9%,card
NONE,R885616,Canned Soup,Canned Goods,6,4.7%,-,18.61,Card
31/03/2026,R339132,Chips,Snacks,12,3.89,46.68,32.53,
2026/03/31,R625094,Canned Soup,Canned Goods,1,1.07,1.07,0.6%,Mobile
2026-03-31,R825773,Chips,Snacks,13,4.56,59.28,45.44,card
31/03/2026,R827793,Soda,Beverages,4,1.09,4.4%,2.3,Card
2026-03-31,R602834,Bread,Bakery,10,5.52,55.20,39.8,CASH
31-03-2026,R270195,Chips,Snacks,3,7.86,23.58,15.38,Card
03/31/2026,R219144,Frozen Pizza,Frozen,4,9.14,36.56,21.05,Mobile
2026/03/31,R433097,Bread,Bakery,6,1.37,8.22,4.53,
03/31/2026,R929089,Cereal,Breakfast,16,7.71,123.36,71.3,Cash
2026-03-31,R879979,Milk,Dairy,4,7.71,30.84,24.24,card
2026/03/31,R311137,Frozen Pizza,Frozen,17,1.3,22.10,17.53,Mobile
31 Mar 2026,R905674,Cereal,Breakfast,2,6.6,13.2,10.32,
31 Mar 2026,R570438,Chips,Snacks,11,9.66,106.26,65.76,card
31/03/2026,R133011,Canned Soup,Canned Goods,15,3.82,57.3,30.80,Card
"Mar 31, 2026",R309200,Milk,Dairy,17,1.48,25.16,17.63,
"Mar 31, 2026",R723789,Bread,Bakery,4,2.66,10.64,7.75,Card
31/03/26,R651330,Soda,Beverages,7,7.26,50.82,37.1,card
"Mar 31, 2026",R152806,Bread,Bakery,18,2.02,36.36,"27,43",card
31 Mar 2026,R349342,Cereal,Breakfast,9,1.61,14.49,11.43,Mobile
31-03-2026,R199135,Bread,Bakery,20,7.78,"155,60",79.73,
31.03.2026,R143383,Bread,Bakery,8,6.81,54.48,34.87,CASH
03/31/2026,R112246,Canned Soup,Canned Goods,6,"6,92",41.52,32.37,Card
03/31/26,R580333,Bread,Bakery,6,1.67,10.02,7.99,Cash
31/03/26,R913225,Bread,Bakery,11,8.72,95.92,69.97,none
2026-03-31,R997127,Soda,Beverages,15,6.68,100.2%,56.4%,Cash
31.03.2026,R226041,Soda,Beverages,9,6.48,58.32,34.15,CASH
31/03/26,R725696,canned soup,Canned Goods,7,6.95,48.65,37.78 EUR,Cash
31/03/2026,R412573,Milk,Dairy,14,6.16 USD,86.24,66.2,Card
03/31/2026,R194252,  Cereal  ,Breakfast,17,6.25 EUR,106.25,59.03,Mobile
31/03/26,R609261,Milk,Dairy,9,2.45,22.05,15.63,CASH
31 Mar 2026,R626798,Soda,Beverages,19,6.66,126.54,87.84,Cash
"Apr 01, 2026",R663815,Cereal,Breakfast,16,3.79,60.64,41.55 EUR,card
-,R267330,Bread,Bakery,4,8.49,33.96,18.87,Cash
01.04.2026,R745094,Cereal,Breakfast,5,4.46,22.3,nan,Mobile
2026-04-01,R248092,FROZEN PIZZA,Frozen,18,8.16,146.88,116.8%,NA
04/01/26,R211463,Milk,Dairy,3,7.09,"21,27","12,57",Card
2026-04-01,R530968,Frozen Pizza,Frozen,16,3.90,62.4,49.8%,
01.04.2026,R119433,Cereal,Breakfast,8,2.92,23.4%,14.4,card
01/04/2026,R573283,Cereal,Breakfast,9,6.06,54.54,37.5,Mobile
01.04.2026,R790309,Soda,Beverages,4,6.05,24.2,18.02,Mobile
"Apr 01, 2026",R896256,Cereal,Breakfast,14,8.31,116.3%,62.28,Mobile
2026/04/01,R625945,Chips,Snacks,11,5.53,60.83,40.06,
04/01/26,R323985,Soda,Beverages,11,1.86,20.46,11.05,Cash
01 Apr 2026,R280955,Chips,Snacks,10,6.76,NULL,39.26,Mobile
01/04/2026,R307828,Frozen Pizza,Frozen,1,8.34,8.34,4.59,
"Apr 01, 2026",R263846,Chips,Snacks,17,5.84,99.28,66.26,card
01 Apr 2026,R104859,Frozen Pizza,Frozen,3,6.68,20.04,"14,76",CASH
"Apr 01, 2026",R961868,Frozen Pizza,Frozen,7,3.16,22.12,13.10,
04/01/26,R354910,Soda,Beverages,19,4.72,89.68,47.07,NONE
01/04/26,R415592,Bread,Bakery,2,6.43,12.86,6.75,card
01/04/26,R476013,Chips,Snacks,4,4.47,"17,88",10.04,Card
02/04/26,R806916,Chips ,Snacks,4,3.68,14.72,10.47,
2026-04-02,R545887,Cereal,Breakfast,4,3.80,15.2,7.89,Cash
2026/04/02,R835977,Chips,Snacks,3,9.28,27.8%,16.99,NONE
02 Apr 2026,R265814,Milk,Dairy,13,$6.75,"87,75",69.05,Mobile
"Apr 02, 2026",R582387,Bread,Bakery,17,2.42,41.14,29.18,nan
02-04-2026,R285911,Cereal,Breakfast,8,1.68,13.44,7.21,Cash
"Apr 02, 2026",R635237,Canned Soup,Canned Goods,5,"3,00",15.0,7.86,--
04/02/26,R633159,Frozen Pizza,Frozen,10,6.96,69.6,"39,96",Mobile
02.04.2026,R406480,Milk,Dairy,14,9.4%,132.16,100.08,Card
04/02/26,R526331,Bread,Bakery,18,9.42,169.6%,108.34,card
02/04/2026,R314629,Milk,Dairy,7,7.14,49.98,37.25,CASH
02.04.2026,R977511,Chips,Snacks,5,2.35,11.75,8.63,card
02-04-2026,R137892,Soda,Beverages,9,8.26,74.34,45.0,
02.04.2026,R426374,Cereal,Breakfast,18,6.92,124.56,87.39,Cash
"Apr 02, 2026",R161579,Frozen Pizza,Frozen,20,5.52,110.4,56.77,Card
2026/04/02,R761887,Canned Soup,Canned Goods,3,4.12,12.36,8.4,null
02/04/26,R755677,Chips,Snacks,9,1.77,-,9.68,card
02 Apr 2026,R370101,Frozen Pizza,Frozen,12,6.5,78.00,44.32,
04/02/26,R842428,Chips,Snacks,20,1.3%,25.2,13.66,
02-04-2026,R640747,  Canned Soup  ,Canned Goods,19,1.59,30.21,20.22,
2026-04-02,R410811,Chips,Snacks,17,4.1,69.7,49.14,Mobile
03-04-2026,R952853,Soda,Beverages,5,5.18,25.9%,15.92,CASH
04/03/26,R547934,BREAD,Bakery,18,2.02,36.36,21.02,Card
03.04.2026,R265475,Frozen Pizza,Frozen,19,4.78 EUR,90.82,£64.20,card
04/03/2026,R711412,chips,Snacks,5,₺3.41,17.05,10.97,n/a
2026-04-03,R861390,Cereal,Breakfast,9,3.7%,33.03,24.4%,Cash
2026/04/03,R908340,Soda,Beverages,13,8.45,109.85,77.93,CASH
"Apr 03, 2026",R419992,Chips,Snacks,16,6.72,107.52,81.52,CASH
03-04-2026,R167567,Chips,Snacks,9,8.02,72.18,45.5,CASH
03-04-2026,R304299,Canned Soup,Canned Goods,19,3.84,72.96 TRY,56.77,Card
03 Apr 2026,R399435,Bread,Bakery,17,1.1,18.7,₺10.37,nan
03.04.2026,R802783,Bread,Bakery,8,6.93,"55,44",30.29,Mobile
2026/04/03,R687212,Frozen Pizza,Frozen,7,2.18,15.26,8.43,Card
04/03/2026,R891401,milk,Dairy,18,3.5%,63.72,41.47,Card
"Apr 03, 2026",R665128,Milk,Dairy,13,3.76,48.88,28.49 USD,
--,R157726,Soda,Beverages,13,9.2%,£119.21,79.4,
2026/04/03,R585052,Canned Soup,Canned Goods,15,8.97,134.55,90.67,Cash
03 Apr 2026,R223788,Soda,Beverages,13,6.54,85.02,49.57,none
03/04/2026,R607246,Bread,Bakery,5,9.79,48.95,27.21,card
"Apr 03, 2026",R985766,Frozen Pizza,Frozen,20,8.76,175.2,99.94,Mobile
03/04/2026,R733047,Frozen Pizza,Frozen,8,6.44,51.52,30.30,CASH
03.04.2026,R489092,Soda,Beverages,1,4.6,4.60 USD,2.44,card
2026-04-03,R583772,Bread,Bakery,16,4.24,67.84,42.03,card
2026-04-03,R612957,Milk,Dairy,2,5.11,$10.22,6.20,NA
03-04-2026,R215740,Canned Soup,Canned Goods,11,1.89,20.79,16.32,CASH
03/04/2026,R282737,  Soda  ,Beverages,8,€7.91,"63,28",42.42 TRY,
03/04/2026,R750642,Frozen Pizza,Frozen,5,3.04,15.2,9.65,
03 Apr 2026,R714225,Soda,Beverages,2,5.31,10.62,5.4,Mobile
04/03/2026,R317090,Milk,Dairy,5,7.2,"36,00",27.34,Cash
2026/04/03,R821291,Bread,Bakery,4,1.43,5.72,3.21,CASH
04/03/26,R606456,Soda,Beverages,19,5.39,102.41,69.02,
04/03/26,R880111,SODA,Beverages,14,6.26,87.64,63.54,CASH
03/04/26,R850623,  Cereal  ,Breakfast,15,7.96,119.4,73.93,NULL
04/03/2026,R953319,canned soup,Canned Goods,1,5.03,5.03,€3.71,CASH
03 Apr 2026,R690251,Cereal,Breakfast,6,4.32,25.92,14.85,
04/03/26,R907440,Frozen Pizza,Frozen,1,8.97,8.97,--,Card
03 Apr 2026,R856954,Bread,Bakery,9,6.40,57.60,35.46,CASH
03.04.2026,R498480,Milk,Dairy,13,2.85,37.05,28.38,null
2026/04/03,R823775,Canned Soup,Canned Goods,7,5.38,37.66,21.58,Cash
04/03/26,R729864,Soda,Beverages,6,1.17,7.02,$3.76,CASH
2026/04/03,R450397,Frozen Pizza,Frozen,13,6.34,₺82.42,58.26,CASH
03/04/26,R754934,Soda,Beverages,9,8.54,NONE,nan,Cash
03 Apr 2026,R905431,Milk ,Dairy,17,4.02,"68,34",£38.54,card
"Apr 03, 2026",R744913,Bread,Bakery,15,6.58,98.7,69.39,Cash
03 Apr 2026,R825822,Chips,Snacks,3,9.91 TRY,29.73 USD,23.76,
03/04/26,R295928,Cereal,Breakfast,16,7.16,114.6%,"68,03",Mobile
03/04/26,R155204,Canned Soup,Canned Goods,18,2.11,38.0%,30.33,
2026-04-03,R986303,Frozen Pizza,Frozen,5,5.5,27.5,16.82,
03-04-2026,R859266,Bread,Bakery,19,8.04,152.76,"105,09",Card
03-04-2026,R585288,  Cereal  ,Breakfast,8,8.06,64.48,44.53,Mobile
04/03/2026,R603352,Canned Soup,Canned Goods,9,6.23,€56.07,41.08,Mobile
"Apr 03, 2026",R859392,Frozen Pizza,Frozen,20,8.31 TRY,166.2,85.67,card
2026-04-03,R240773,Chips,Snacks,4,2.57,€10.28,nan,NONE
03/04/2026,R518664,Cereal ,Breakfast,14,1.37,19.18,14.68,Card
03/04/2026,R479813,Soda,Beverages,19,1.35,25.65,18.92,
03.04.2026,R501793,Milk,Dairy,10,2.85,28.50,22.2%,Card
03.04.2026,R122413,Chips,Snacks,5,1.04,5.2,3.28,card
03-04-2026,R935355,Milk,Dairy,10,"8,53",85.3%,45.7%,none
03.04.2026,R792254,Frozen Pizza,Frozen,7,9.36,65.5%,46.95,card
-,R674048,soda,Beverages,3,5.05,15.15,9.57,card
03.04.2026,R920980,CHIPS,Snacks,9,2.79,25.11,16.94,card
03 Apr 2026,R992492,Bread,Bakery,11,"2,72",29.92 EUR,19.7,Cash
03-04-2026,R781723,Canned Soup,Canned Goods,12,1.7,20.4,15.36,nan
04/03/2026,R379212,Milk,Dairy,16,3.27,52.3%,37.36,Mobile
03 Apr 2026,R576547,Soda,Beverages,15,4.69,70.35,46.42,Card
04/03/2026,R112419,Canned Soup,Canned Goods,18,9.25,166.5,103.73,Cash
"Apr 03, 2026",R255519,Milk,Dairy,8,7.95,63.6,46.79,card
2026/04/03,R437933,Milk,Dairy,6,8.63,51.78,39.08,n/a
04/03/26,R777332,Chips,Snacks,10,8.83,88.3,55.87,null
2026-04-03,R647466,Frozen Pizza,Frozen,2,6.37,12.74,6.92,--
03-04-2026,R289200,Chips,Snacks,4,4.54,₺18.16,₺13.94,Card
04/03/26,R791971,Bread,Bakery,13,6.92,89.96,55.57,Card
2026-04-04,R946011,Chips,Snacks,11,5.62,61.82,35.15,N/A
04.04.2026,R173258,Chips,Snacks,12,4.53,54.36,41.4,CASH
none,R865936,Frozen Pizza,Frozen,19,2.04,38.76,27.77,CASH
2026/04/04,R637684,Bread,Bakery,18,2.02,36.36,"28,31",Cash
04 Apr 2026,R713433,Canned Soup,Canned Goods,19,2.63,49.97,38.26 TRY,Cash
04-04-2026,R721994,Chips,Snacks,5,6.38,"31,90",24.4,Card
2026/04/04,R238808,Milk,Dairy,19,2.12,40.28,30.62,
2026/04/04,R423208,Canned  Soup,Canned Goods,7,5.07,35.49,24.42,CASH
2026-04-04,R680941,Cereal,Breakfast,11,4.11,45.2%,30.73 EUR,
04/04/26,R206590,Bread,Bakery,12,5.61,"67,32",40.6%,Card
04/04/26,R709127,Canned Soup,Canned Goods,12,1.15,₺13.80,8.83,Cash
04/04/2026,R968522,Canned Soup ,Canned Goods,9,2.39,21.51,15.65,card
2026/04/04,R831506,Cereal,Breakfast,18,1.12,20.16,null,
2026/04/04,R520967,Frozen Pizza,Frozen,18,7.56,136.08,88.63,Card
04.04.2026,R875126,Canned Soup,Canned Goods,12,9.54,114.48,75.77,Mobile
04-04-2026,R426895,canned soup,Canned Goods,5,5.26,26.3,19.33,NULL
,R494069,Milk,Dairy,10,6.55,65.50 EUR,50.49,
04.04.2026,R439792,Bread,Bakery,7,2.33,16.31,9.06,Mobile
04/04/2026,R744033,Chips,Snacks,5,3.90,19.5%,14.62,Card
2026/04/04,R532698,Canned Soup,Canned Goods,10,7.07,70.7,35.92,Cash
--,R530087,Canned Soup,Canned Goods,17,3.84,65.28,35.63,n/a
04/04/26,R158162,FROZEN PIZZA,Frozen,16,"8,18",130.88,90.93,Card
"Apr 04, 2026",R997528,FROZEN PIZZA,Frozen,10,6.53,65.3,36.32,
04/04/2026,R237126,Frozen Pizza,Frozen,12,6.89,82.68,59.72,card
04-04-2026,R267466,Frozen Pizza,Frozen,17,8.29,140.93,75.09,Mobile
"Apr 04, 2026",R993003,Chips,Snacks,10,"3,65",36.5,21.92,card
2026-04-04,R546984,Chips,Snacks,14,2.06,28.84,16.47,
04/04/2026,R163021,Cereal,Breakfast,13,4.56,59.28,42.62,Cash
04/04/26,R556326,Cereal,Breakfast,15,1.98,29.7,21.66,NONE
04.04.2026,R818922,Soda,Beverages,18,6.89,124.02,78.71,
2026/04/04,R741275,Frozen Pizza,Frozen,14,7.78,108.92,70.3%,N/A
04/04/2026,R476508,Chips ,Snacks,4,8.55,34.2%,"23,83",Card
04-04-2026,R877239,Milk,Dairy,8,5.26,42.08,29.13,none
04/04/26,R152132,Chips,Snacks,1,1.07,1.07,0.60 TRY,null
04/04/26,R470287,Soda,Beverages,5,3.52,17.6,13.48,NA
04/04/26,R363579,Cereal,Breakfast,10,3.96,39.6,€23.93,Card
04 Apr 2026,R807930,Milk,Dairy,7,2.75,19.25,NULL,card
04-04-2026,R394476,BREAD,Bakery,10,5.18,$51.80,40.63,
04-04-2026,R889979,CEREAL,Breakfast,9,7.47,67.2%,40.8,Mobile
04.04.2026,R866746,Milk,Dairy,19,1.03,19.57,13.73,
04/04/26,R721948,Chips ,Snacks,6,2.6%,15.36,11.46,Mobile
04/04/26,R912208,  Cereal  ,Breakfast,6,"6,71",40.26,N/A,card
04 Apr 2026,R200792,Frozen Pizza,Frozen,8,7.39,59.12,46.6,
2026-04-04,R828668,Milk,Dairy,2,5.77,11.54,7.55,Mobile
04/04/2026,R458346,Canned Soup,Canned Goods,2,5.17,10.34,7.96,
04.04.2026,R215867,Canned Soup,Canned Goods,10,4.7,47.0,24.01,none
04 Apr 2026,R860167,Canned Soup,Canned Goods,19,6.45,122.55,66.62,NA
"Apr 04, 2026",R428268,Milk,Dairy,8,3.73,29.84,16.51,NULL
04/04/26,R845253,Soda,Beverages,8,2.2,17.60,12.77,card
04-04-2026,R117836,Soda,Beverages,2,6.67,13.34,7.47,Cash
04/04/26,R271063,Bread ,Bakery,3,$7.12,21.36,12.16,Cash
none,R768103,Cereal,Breakfast,14,4.73,66.22 EUR,52.84,n/a
04-04-2026,R414338,Frozen Pizza,Frozen,2,4.54,9.08,6.62,n/a
"Apr 04, 2026",R597568,Cereal,Breakfast,12,6.42,€77.04,49.69,Card
04/04/2026,R498046,Canned Soup,Canned Goods,2,5.12,-,6.94,Card
04/04/2026,R249551,Milk,Dairy,6,8.83,52.98,40.8%,--
04/04/26,R291588,Canned Soup ,Canned Goods,3,9.58,28.74,14.5%,--
"Apr 04, 2026",R303646,Cereal,Breakfast,19,1.74,33.06,18.48,CASH
2026-04-04,R875161,Chips,Snacks,6,2.84,₺17.04,10.50,NONE
04/04/2026,R904599,Frozen Pizza,Frozen,3,1.4,4.2,2.86 USD,
"Apr 04, 2026",R314744,  Frozen Pizza  ,Frozen,20,€2.61,52.2,41.61,Cash
"Apr 05, 2026",R514021,Bread,Bakery,16,3.91,"62,56",40.03,card
2026/04/05,R753760,Cereal,Breakfast,15,2.8,42.0,23.45 USD,
2026/04/05,R487333,Bread,Bakery,1,9.59,9.59,6.77,CASH
05/04/26,R754635,Soda,Beverages,3,7.73,23.19,13.25,
05.04.2026,R379358,Chips,Snacks,17,3.31,56.27,41.81,Mobile
2026-04-05,R707512,cereal,Breakfast,6,9.94,59.64,--,
05 Apr 2026,R377368,Cereal,Breakfast,7,8.27,57.89,31.43,
2026-04-05,R739903,Bread,Bakery,1,1.46,1.46,1.15,Card
"Apr 05, 2026",R529515,Soda,Beverages,15,9.42,141.3,99.67,CASH
2026-04-05,R273652,Cereal,Breakfast,7,6.4,44.8,24.07,Card
05-04-2026,R191971,Milk,Dairy,20,3.02,"60,40",42.57,card
04/05/26,R437437,Bread,Bakery,19,8.14,154.66,95.73,Cash
04/05/2026,R742395,canned soup,Canned Goods,7,8.31,58.17,43.41,
"Apr 05, 2026",R116135,Frozen Pizza,Frozen,18,2.61,"46,98",26.03,-
05/04/2026,R527734,Cereal,Breakfast,19,9.09,172.71,101.37,Card
"Apr 05, 2026",R173637,Milk,Dairy,20,7.07,141.4,80.94,card
2026/04/05,R938628,Frozen Pizza,Frozen,11,4.48,49.28,30.23,--
04/05/26,R962981,Bread,Bakery,5,€5.53,$27.65,14.9,
04/05/2026,R871394,Milk,Dairy,13,4.06,52.78,41.35,Mobile
05/04/2026,R452847,Canned Soup,Canned Goods,10,2.84,28.40,20.89,Mobile
04/05/2026,R408587,Soda,Beverages,8,4.07,32.56,24.27,n/a
,R779914,Chips,Snacks,16,4.20,67.2,52.74,Cash
04/05/2026,R898708,Milk,Dairy,5,8.04,40.2,21.18 USD,CASH
04/05/2026,R606229,Bread,Bakery,15,2.93,43.95,34.24,Cash
2026-04-05,R336360,milk,Dairy,4,2.09,8.4%,5.62,Card
"Apr 05, 2026",R101094,  Bread  ,Bakery,1,5.07,5.07,3.58,CASH
05/04/26,R252203,Cereal,Breakfast,10,3.92,39.2,24.93,Cash
05/04/2026,R300567,Canned Soup,Canned Goods,12,2.48,29.76,"18,90",Card
05 Apr 2026,R396586,Chips,Snacks,9,8.28,74.52,38.0%,
05/04/2026,R783586,Milk,Dairy,6,8.3,49.8,25.95,Cash
2026-04-05,R263078,Soda,Beverages,18,₺6.75,121.50,£62.45,Card
05 Apr 2026,R442749,Canned Soup,Canned Goods,17,9.32,n/a,111.57,--
05-04-2026,R635894,Canned Soup,Canned Goods,13,5.99,77.87,54.92,CASH
2026-04-05,R744361,Soda,Beverages,1,4.67,4.67,3.13,card
"Apr 05, 2026",R770969,Soda,Beverages,11,2.42,26.62,20.97,Card
2026/04/05,R647360,Bread,Bakery,16,8.06,128.96,89.55,CASH
04/05/26,R798963,Canned Soup,Canned Goods,10,6.44,64.4%,33.64,Cash
05/04/2026,R531954,Frozen Pizza ,Frozen,6,4.57,27.42,19.0%,NONE
05/04/2026,R146860,Canned Soup,Canned Goods,11,8.97,98.67,"50,17",Card
"Apr 05, 2026",R180177,Canned Soup,Canned Goods,8,"4,28",34.24,21.37,Card
04/05/26,R838892,Cereal,Breakfast,16,5.14,$82.24,41.83,CASH
05 Apr 2026,R885229,Milk,Dairy,1,"7,25",7.25,5.48,
05-04-2026,R666117,Bread,Bakery,13,6.36,82.68,57.67,NONE
05.04.2026,R717238,Milk,Dairy,15,2.98,44.7,22.7,Mobile
NA,R952083,Frozen Pizza,Frozen,14,2.94,41.16,nan,
05-04-2026,R659009,Frozen Pizza,Frozen,6,9.99,59.94,43.33,
05.04.2026,R766960,  Soda  ,Beverages,8,4.91,39.28,30.19,Card
2026-04-05,R210865,Frozen Pizza ,Frozen,2,8.14,16.28,12.18,Mobile
05.04.2026,R511491,Cereal,Breakfast,6,5.2%,31.02,20.11,Cash
04/05/2026,R475511,Soda ,Beverages,16,6.46,103.36,81.88,card
05/04/26,R820551,Cereal,Breakfast,17,3.52,59.84,35.72,Card
04/06/26,R733570,Cereal,Breakfast,4,3.43,13.72,6.87,Cash
2026-04-06,R229647,  Soda  ,Beverages,8,8.68,₺69.44,48.4%,card
06 Apr 2026,R233656,Milk,Dairy,3,5.86,17.58,€13.59,Mobile
06/04/26,R886709,Frozen Pizza,Frozen,5,6.27,31.35,21.10,CASH
04/06/26,R718881,Chips,Snacks,2,7.36,14.72,7.65,Cash
06 Apr 2026,R718242,Cereal,Breakfast,16,4.64,74.24 EUR,50.7,Cash
06-04-2026,R427084,Bread,Bakery,7,5.95 USD,41.65,26.35,Mobile
06-04-2026,R567080,  Frozen Pizza  ,Frozen,2,€3.52,7.04,5.04,Mobile
NA,R962849,Canned Soup,Canned Goods,4,6.02,$24.08,14.88,CASH
06.04.2026,R517058,Bread ,Bakery,14,₺9.21,128.94,101.85,CASH
06/04/2026,R240947,Chips,Snacks,3,3.29,9.87,7.87,card
04/06/2026,R812686,Soda,Beverages,14,6.12,85.68,66.97,card
06 Apr 2026,R934525,chips,Snacks,2,9.11,n/a,10.36,
04/06/2026,R713633,Chips,Snacks,10,3.61,36.10,26.07,-
"Apr 06, 2026",R676449,Frozen Pizza,Frozen,6,1.13 USD,6.78,3.49,
06.04.2026,R106594,Canned Soup,Canned Goods,8,£3.03,24.24,15.7%,CASH
06-04-2026,R945607,Canned Soup,Canned Goods,14,8.41,117.74,70.5,Cash
06/04/2026,R806876,Chips,Snacks,19,5.66,107.54,56.64,
2026-04-06,R795459,CHIPS,Snacks,11,9.45,103.95,53.73,
04/06/26,R322498,Canned Soup,Canned Goods,9,2.83,25.47,17.27,
06-04-2026,R321213,Chips,Snacks,16,4.17,66.72,40.44,null
06 Apr 2026,R410973,Canned Soup,Canned Goods,16,7.75,124.0,"98,47",NA
04/06/26,R255362,Chips,Snacks,8,2.12,"16,96",8.81,Mobile
04/06/26,R170142,Bread,Bakery,5,$9.33,46.65,27.1,Cash
NULL,R825979,Milk,Dairy,12,9.72,116.64,60.9,Mobile
2026-04-07,R898282,Bread,Bakery,17,4.22,71.74,40.0,CASH
2026-04-07,R410186,Cereal,Breakfast,10,3.1,31.00,19.55,
07/04/2026,R136947,Soda,Beverages,4,2.24 TRY,8.96,5.52,card
07-04-2026,R412384,Milk,Dairy,12,8.0,96.00 TRY,56.01,Mobile
2026-04-07,R142542,Bread,Bakery,12,5.38,64.56,43.77,card
"Apr 07, 2026",R949291,Canned Soup,Canned Goods,12,1.69,20.28,13.65,card
07.04.2026,R628105,Canned Soup,Canned Goods,7,3.31,23.17,12.4%,Card
07/04/26,R922062,Chips ,Snacks,14,9.21,128.94,90.03,Mobile
04/07/2026,R926276,Bread,Bakery,19,4.97,94.43,54.28,
07 Apr 2026,R657263,Cereal,Breakfast,1,2.89,NA,€1.61,card
"Apr 07, 2026",R334841,Bread,Bakery,1,$6.04,6.04,3.86,NA
07.04.2026,R340007,Milk,Dairy,8,₺6.88,55.0%,41.13,N/A
04/07/26,R593427,Bread,Bakery,19,6.37,121.03,86.66 TRY,Cash
04/07/2026,R208575,Bread,Bakery,14,3.5%,49.7,33.95,card
2026-04-07,R958136,Frozen Pizza,Frozen,6,6.31,37.86,23.06,card
2026-04-07,R216867,Canned Soup,Canned Goods,11,9.54,104.94,72.42,CASH
07 Apr 2026,R268207,Cereal,Breakfast,18,9.54,171.72,121.72,Cash
2026/04/07,R717811,Canned Soup,Canned Goods,15,2.71,40.65,$31.38,card
"Apr 07, 2026",R128937,Frozen Pizza,Frozen,4,2.20,8.8%,5.47,NA
07-04-2026,R490352,Cereal,Breakfast,5,7.68,38.40,29.91,
04/07/26,R650674,Milk,Dairy,14,7.64,106.96,56.22,
04/07/26,R276007,Bread,Bakery,19,3.78,71.82,48.82,Cash
"Apr 07, 2026",R147995,Chips,Snacks,15,2.52,37.8,23.34,Cash
2026-04-07,R936837,Bread,Bakery,19,"3,54",67.26,52.2%,CASH
07.04.2026,R592502,Soda,Beverages,11,1.11,12.21,£6.97,Cash
07/04/26,R204053,Cereal,Breakfast,18,8.34,150.12,114.00,Cash
"Apr 07, 2026",R901306,Cereal,Breakfast,12,6.65,79.80,45.11,
07 Apr 2026,R920248,Soda,Beverages,15,4.8%,$72.75,53.28,
07 Apr 2026,R589388,Chips,Snacks,4,6.34,25.36,15.13 USD,Card
07-04-2026,R951074,Chips,Snacks,19,"1,41",26.79,18.79,Mobile
--,R412719,Frozen Pizza,Frozen,14,6.69,93.66,58.33,Card
07/04/26,R103099,Canned Soup,Canned Goods,11,2.63,28.93,16.69,Cash
2026/04/07,R141217,bread,Bakery,15,2.95,44.25,"27,35",CASH
07-04-2026,R617230,Canned Soup,Canned Goods,6,9.75,58.5,42.47,Mobile
04/07/26,R911112,Frozen Pizza,Frozen,12,€5.07,60.84,30.66,Cash
NONE,R444286,milk,Dairy,19,7.66,145.54,104.06,Cash
04/07/2026,R209582,Chips,Snacks,20,1.82,36.4,22.98,Cash
07 Apr 2026,R234501,Canned Soup,Canned Goods,6,5.78,34.68,--,N/A
NULL,R967006,Milk,Dairy,18,3.48,62.64,null,
N/A,R373647,Cereal,Breakfast,13,7.48,97.24 USD,58.9%,
04/07/2026,R393888,Milk,Dairy,3,9.92,29.76,21.93,
2026-04-07,R224416,Cereal,Breakfast,17,4.53,77.01,52.37,Cash
04/07/2026,R622179,Cereal,Breakfast,8,3.8%,30.48,19.54,Card
"Apr 07, 2026",R115013,Chips,Snacks,3,5.06,15.18,10.59,Card
07-04-2026,R473610,Bread,Bakery,6,8.89,53.34,42.18,
07 Apr 2026,R862636,Milk,Dairy,12,£4.71,56.52,€32.38,card
2026/04/07,R788204,Milk,Dairy,14,4.16,58.24,41.7,CASH
07.04.2026,R121301,Canned Soup,Canned Goods,20,4.85,97.0,"70,01",Card
2026/04/07,R771709,Canned Soup,Canned Goods,7,8.17,57.19,34.3,
2026/04/07,R948519,Soda,Beverages,19,2.46,"46,74",null,n/a
2026-04-07,R843562,Canned Soup,Canned Goods,16,2.81,44.96,34.55,
07/04/26,R725027,Soda,Beverages,12,6.55,$78.60,52.46,CASH
07/04/2026,R477401,Milk,Dairy,5,5.91,29.55,21.17,Mobile
2026/04/07,R557214,Bread,Bakery,12,8.78,"105,36",60.76,NULL
07 Apr 2026,R947735,Soda ,Beverages,15,8.0%,119.55,65.05,CASH
07/04/26,R874200,Soda,Beverages,13,6.93,90.1%,58.81,CASH
2026/04/07,R687544,Milk,Dairy,9,1.72,15.48,10.52,Cash
07/04/26,R933087,soda,Beverages,18,6.33,113.94,74.4%,card
07/04/2026,R144407,Chips,Snacks,9,8.54,76.86,51.89,CASH
2026-04-07,R818698,Soda,Beverages,8,8.27,66.16,37.46,n/a
07 Apr 2026,R815017,Cereal,Breakfast,19,1.66,31.54,23.33,card
07-04-2026,R284369,Milk,Dairy,6,"4,16",24.96,15.45,CASH
04/07/26,R268557,Canned Soup,Canned Goods,16,8.45,135.2,€80.76,CASH
07 Apr 2026,R485410,Chips,Snacks,3,2.7,8.1,4.54,NONE
none,R248225,Bread,Bakery,10,6.42,64.2,46.51 TRY,Mobile
07-04-2026,R544488,canned soup,Canned Goods,15,7.08,106.2,57.39,
04/07/2026,R613965,Chips,Snacks,10,5.27,52.7,27.0,Cash
07/04/26,R840138,Chips ,Snacks,4,2.83,11.32,"7,04",card
-,R563191,Milk,Dairy,17,3.4%,57.6%,44.67,NULL
07/04/2026,R875142,Milk,Dairy,18,3.65,65.7,34.37,-
2026/04/07,R705606,  Cereal  ,Breakfast,4,8.62,34.48,23.12,Card
07.04.2026,R504413,Milk,Dairy,17,2.06,35.02,"18,99",Mobile
2026-04-07,R442576,  Frozen Pizza  ,Frozen,1,8.59,8.59,5.72,Cash
07-04-2026,R890053,Milk ,Dairy,4,2.54,"10,16",6.91,
2026-04-07,R860159,chips,Snacks,17,4.94,83.98,55.75,NULL
07 Apr 2026,R538604,milk,Dairy,6,£3.11,18.66,12.53,card
07/04/2026,R613565,Frozen Pizza,Frozen,2,7.73,15.46,10.04,Cash
NA,R607181,Milk,Dairy,12,7.23,86.76,NULL,CASH
"Apr 07, 2026",R272846,Bread,Bakery,14,2.67,null,21.37,none
2026-04-08,R756578,Canned Soup,Canned Goods,18,4.79 USD,86.22 USD,45.11,Card
08/04/26,R570829,Canned Soup,Canned Goods,17,8.31,141.27,102.39,Mobile
08-04-2026,R203114,Bread,Bakery,20,2.03,40.6,28.01,Mobile
2026-04-08,R610826,Canned Soup,Canned Goods,18,6.63,119.34,62.32 EUR,Mobile
08 Apr 2026,R303475,Bread,Bakery,3,8.92,26.76 TRY,18.46,Card
08-04-2026,R388146,Frozen Pizza,Frozen,20,"5,89",117.8,85.04,CASH
08/04/26,R239253,Bread,Bakery,15,"5,53",82.95,49.58,Cash
08 Apr 2026,R139399,Milk,Dairy,2,2.7,5.4,3.67,Cash
2026/04/08,R538848,Milk,Dairy,19,5.06,96.14,64.75,N/A
08.04.2026,R229421,Cereal,Breakfast,11,2.79,30.69,16.27,
2026-04-08,R702052,Canned Soup,Canned Goods,19,2.99,56.81,42.63,Card
2026-04-08,R772707,Cereal ,Breakfast,5,9.0,45.00 TRY,26.18,card
"Apr 08, 2026",R613017,Cereal,Breakfast,11,4.27 EUR,47.0%,23.99,Cash
04/08/26,R225834,Cereal,Breakfast,5,9.73,48.65,₺34.53,Mobile
08 Apr 2026,R604951,Chips,Snacks,2,€6.07,12.14,8.37,Card
08 Apr 2026,R256713,Frozen Pizza,Frozen,19,9.68,183.92,121.65,Mobile
2026/04/08,R800445,Bread,Bakery,17,2.77,47.09,30.29,Mobile
04/08/26,R476485,Frozen Pizza,Frozen,6,7.32,43.92,23.71,Card
08/04/2026,R541129,Chips,Snacks,9,3.87,34.83,₺18.13,CASH
08-04-2026,R281798,CHIPS,Snacks,18,8.54,153.72,106.4%,card
09-04-2026,R224026,Milk,Dairy,8,2.01,16.08,9.22,NULL
"Apr 09, 2026",R508649,Canned Soup,Canned Goods,4,7.5%,"29,88",22.11,Card
09 Apr 2026,R859988,Canned Soup,Canned Goods,5,3.97,19.85,14.78,Card
09-04-2026,R282829,Milk,Dairy,4,1.71,6.84,4.7,--
09-04-2026,R373739,Milk,Dairy,14,5.25,73.50,44.92,CASH
09-04-2026,R302650,Bread,Bakery,15,7.46,111.9%,73.75,Mobile
04/09/2026,R936330,Cereal,Breakfast,20,4.54,90.80 USD,48.49 TRY,Card
04/09/26,R763634,Milk,Dairy,7,8.70,,"35,53",
04/09/26,R380680,Canned Soup,Canned Goods,6,5.48,32.88,17.86,N/A
"Apr 09, 2026",R285238,Bread,Bakery,13,6.12,-,55.0,Cash
04/09/26,R835717,Frozen Pizza,Frozen,16,5.92,€94.72,63.53,
2026/04/09,R368769,Milk,Dairy,7,1.59,11.13,7.9%,card
2026/04/09,R788144,Soda,Beverages,8,3.03,24.24,17.01 TRY,Cash
09/04/26,R441825,Chips,Snacks,7,9.03,63.21,35.33,NA
09/04/26,R788189,Soda,Beverages,10,4.17 EUR,41.70,"25,37",
09-04-2026,R905471,Canned Soup,Canned Goods,7,"2,40",16.8,11.31,nan
2026-04-09,R411603,Milk,Dairy,16,"2,12",33.92,18.99,Mobile
09 Apr 2026,R974508,Bread,Bakery,2,1.2%,2.4,1.85,Mobile
2026-04-09,R275844,Cereal,Breakfast,1,4.47 USD,4.47,3.45,Card
2026-04-09,R278463,Frozen Pizza,Frozen,5,6.09,30.45,18.37,CASH
04/09/2026,R634874,Frozen Pizza,Frozen,13,8.21,106.73,80.37,
09/04/2026,R757105,Soda,Beverages,12,"4,12",49.44,32.26,Card
"Apr 09, 2026",R206013,Bread,Bakery,15,2.74,41.1,29.88,
"Apr 09, 2026",R880552,Chips,Snacks,9,2.51,22.59,16.16,
"Apr 10, 2026",R269121,Frozen Pizza,Frozen,16,€2.98,47.68,"26,67",card
"Apr 10, 2026",R988593,Soda,Beverages,10,6.27,62.7,46.87,card
10/04/26,R234040,Chips,Snacks,9,1.23,11.07,8.29 TRY,Card
04/10/26,R691506,Milk,Dairy,12,1.79,nan,12.45,Card
10-04-2026,R278970,Bread,Bakery,8,6.74,53.92,39.1%,Card
10 Apr 2026,R776872,Frozen Pizza,Frozen,10,7.41,"74,10",58.52,Mobile
10.04.2026,R225000,Chips,Snacks,14,2.61,36.54 TRY,23.77,Mobile
10.04.2026,R407370,Milk,Dairy,16,2.09,33.44,"24,42",nan
10/04/26,R905277,Milk ,Dairy,15,5.87,88.05,61.75,Card
10/04/2026,R932898,Bread,Bakery,3,3.66,10.98,£7.28,CASH
10/04/2026,R611822,Cereal,Breakfast,12,1.7,20.4,12.52,Mobile
10-04-2026,R795119,Cereal,Breakfast,11,2.62,28.82,18.98,Mobile
10/04/26,R518400,Bread,Bakery,19,9.47,179.93,93.63,Card
10/04/2026,R418966,Milk,Dairy,20,2.44,null,34.17,CASH
10.04.2026,R158554,  Cereal  ,Breakfast,14,1.93,£27.02,21.57,Card
10/04/26,R801881,Cereal ,Breakfast,16,7.16,114.56,78.26,card
04/10/26,R104791,Milk,Dairy,3,1.17,3.51,1.95,card
04/10/2026,R937613,Frozen Pizza,Frozen,10,7.86,"78,60",55.82,--
10 Apr 2026,R975273,cereal,Breakfast,20,"9,95",199.0,133.52 EUR,CASH
10/04/26,R467181,Cereal,Breakfast,1,5.82,5.82,3.4%,
2026-04-10,R727153,Soda,Beverages,4,2.42,9.7%,6.6%,
10.04.2026,R342818,Chips,Snacks,6,4.17,25.02,19.51,Card
10-04-2026,R366316,Bread,Bakery,11,6.92,"76,12",--,Card
2026/04/10,R981605,Canned Soup,Canned Goods,7,9.97,69.79,40.77 USD,n/a
10/04/26,R239250,Soda,Beverages,8,9.86,78.88,57.78,Mobile
10-04-2026,R247756,CEREAL,Breakfast,2,5.62,11.24,"7,48",N/A
10 Apr 2026,R254905,Frozen Pizza,Frozen,3,6.18,18.54,14.43,
10/04/2026,R608152,Soda,Beverages,16,5.55,88.8,47.66,CASH
10/04/2026,R990070,Frozen Pizza ,Frozen,6,4.8%,28.74,19.77,Mobile
10/04/26,R684834,Canned Soup,Canned Goods,10,4.67,46.7,33.17 TRY,Card
10/04/2026,R760726,Frozen Pizza,Frozen,16,9.87,157.92,112.43,card
04/10/2026,R219060,  Chips  ,Snacks,16,1.07,17.12,10.85,CASH
10/04/2026,R723106,  Cereal  ,Breakfast,10,3.49,34.9,27.54,none
2026/04/10,R871421,Chips,Snacks,1,5.41,5.41,3.35,card
04/10/2026,R798841,Bread,Bakery,20,6.65,133.0,96.87,Cash
2026/04/10,R669005,Chips,Snacks,18,9.86,177.48,"115,55",CASH
10 Apr 2026,R669216,Canned Soup,Canned Goods,19,2.92,"55,48",40.67,Card
2026/04/10,R190720,Bread,Bakery,2,7.12,14.24,₺8.89,Mobile
10-04-2026,R633005,Bread,Bakery,19,3.19,"60,61",31.93,Cash
2026/04/10,R976371,Milk,Dairy,18,6.95,125.1,82.88,
04/10/2026,R474058,Soda,Beverages,16,8.19,131.04,95.74,Cash
"Apr 10, 2026",R896366,Soda,Beverages,1,5.87,5.87 EUR,4.03,CASH
2026-04-10,R477151,Soda,Beverages,5,1.28,6.4,3.71,CASH
2026-04-10,R615818,Soda,Beverages,12,7.90 USD,94.8,64.91,Card
10/04/26,R783072,Bread,Bakery,12,7.3,87.6,56.61,Mobile
10/04/2026,R729737,Bread,Bakery,5,5.36,26.80,20.79,Card
10 Apr 2026,R423867,Canned Soup,Canned Goods,6,9.58,57.48 EUR,33.91,Mobile
10 Apr 2026,R934986,Frozen Pizza,Frozen,20,3.83,76.6,57.88,
04/10/26,R149714,Cereal ,Breakfast,5,8.63,43.15,30.12,Cash
10.04.2026,R100710,Bread,Bakery,15,9.46,141.9,102.48,Card
04/10/26,R153597,Canned Soup,Canned Goods,20,9.45,"189,00",142.81,null
10-04-2026,R657557,Chips ,Snacks,19,2.89,54.91,31.07,Mobile
04/10/26,R939173,Chips,Snacks,14,7.95,£111.30,64.92,CASH
10/04/26,R871984,Milk,Dairy,20,4.65,93.0,63.43,Cash
10/04/26,R424135,Frozen Pizza,Frozen,2,4.46,8.92,5.49,card
"Apr 10, 2026",R719501,frozen pizza,Frozen,17,5.7,96.90,77.03,
10/04/26,R487401,Soda,Beverages,10,4.84,48.4,36.04,Card
10/04/2026,R298793,Bread,Bakery,10,8.12,81.20,-,Card
2026-04-10,R663879,Soda,Beverages,6,8.16,49.0%,30.14,none
04/10/2026,R696734,Frozen Pizza,Frozen,16,4.96,79.36,"39,83",card
10 Apr 2026,R497720,Chips,Snacks,15,7.47,112.05,75.04,NULL
10 Apr 2026,R949122,Chips,Snacks,15,2.31,34.65,22.61,
10/04/26,R683452,Bread,Bakery,7,2.3%,"16,10",9.29,
04/10/26,R649420,Frozen Pizza,Frozen,10,5.39,53.9,36.75,card
04/10/26,R825303,Cereal,Breakfast,11,6.04,66.44,44.39,
N/A,R513120,Milk,Dairy,8,4.86,38.88,30.08,Card
10-04-2026,R984552,Soda,Beverages,2,"9,23","18,46",14.61,Mobile
2026-04-11,R218539,Bread,Bakery,16,7.01,€112.16,56.30,card
NULL,R576285,Canned Soup,Canned Goods,11,1.38,15.2%,"9,27",
11.04.2026,R349499,Bread,Bakery,9,1.87,16.83,8.47,Cash
11/04/2026,R446754,Frozen Pizza,Frozen,17,7.58,128.86,"95,34",Card
11/04/2026,R424040,Bread,Bakery,9,1.74,15.66,11.06,Mobile
11 Apr 2026,R369419,Soda,Beverages,4,8.42,€33.68,22.83,card
11/04/26,R251525,Frozen Pizza,Frozen,20,2.23,44.6,24.56,NULL
2026-04-11,R516788,Bread,Bakery,17,₺3.81,64.77 TRY,44.60,Cash
04/11/2026,R177902,Soda,Beverages,11,5.82,64.02,45.08,nan
11.04.2026,R478263,Bread,Bakery,8,3.29,26.32 USD,"20,80",Card
11-04-2026,R719506,Cereal,Breakfast,14,1.61,22.54,13.94,
11-04-2026,R914316,Canned Soup,Canned Goods,7,9.23 TRY,64.61,46.01,
11-04-2026,R602734,Chips,Snacks,9,3.12,28.08,£21.13,card
2026/04/11,R614666,Frozen Pizza,Frozen,14,3.6,50.40,31.1%,--
11-04-2026,R728272,CEREAL,Breakfast,12,€2.00,NULL,15.13,Card
11/04/2026,R581416,Frozen Pizza,Frozen,6,3.72,nan,16.28,Mobile
"Apr 11, 2026",R733547,Canned Soup,Canned Goods,12,7.75,93.0,n/a,
"Apr 11, 2026",R403375,Frozen Pizza,Frozen,13,5.23,67.99,49.77,CASH
2026-04-11,R779361,Milk,Dairy,13,2.92,37.96,22.87,card
11/04/26,R268798,MILK,Dairy,19,£9.69,184.11,105.92,
2026-04-11,R513422,Chips,Snacks,5,6.33,31.65,21.25,Mobile
11/04/2026,R626201,Cereal,Breakfast,8,5.58,44.64,23.2,CASH
04/11/2026,R827162,Bread,Bakery,14,5.87,82.18,"52,93",Card
04/11/26,R228154,Cereal,Breakfast,5,3.16,15.8,10.20,
11 Apr 2026,R543362,Chips,Snacks,8,8.94,71.52,36.77 USD,Mobile
2026/04/11,R369871,Cereal,Breakfast,6,3.44,20.64,10.51,Cash
"Apr 11, 2026",R632781,Frozen Pizza,Frozen,14,2.97,41.58 TRY,30.12,CASH
2026-04-11,R455768,Soda,Beverages,4,9.45 USD,37.80 USD,22.47,Card
11/04/2026,R568959,Frozen Pizza,Frozen,5,3.72,18.60,12.14,Mobile
2026/04/11,R631918,Chips ,Snacks,15,"1,32",19.8,15.72,card
11/04/2026,R425733,Chips ,Snacks,19,6.14,116.66,75.86,Mobile
11/04/26,R173814,Bread,Bakery,5,8.13,40.65,25.79,Mobile
11/04/26,R854765,Frozen Pizza,Frozen,4,"1,82",7.28,3.9,Mobile
11 Apr 2026,R125637,Canned Soup,Canned Goods,20,4.14,82.80 USD,"57,02",Card
11-04-2026,R413836,Cereal,Breakfast,8,"4,90",39.20,26.06,Mobile
"Apr 11, 2026",R167006,Cereal,Breakfast,20,1.92,38.4,20.8,card
11/04/26,R836926,Soda,Beverages,5,4.99,24.95,14.18,card
2026/04/11,R347570,Soda,Beverages,11,8.08,88.88,57.35,Card
11-04-2026,R505345,Milk,Dairy,20,1.13,22.6,16.27,Cash
11/04/26,R261293,Bread,Bakery,14,7.85,109.9,73.66,Card
"Apr 11, 2026",R752787,Soda,Beverages,6,3.47,20.82 USD,10.51,Card
11/04/26,R381477,Soda,Beverages,6,7.18,43.08,22.15,card
"Apr 11, 2026",R683008,Frozen  Pizza,Frozen,16,5.31,84.96,60.13,card
11-04-2026,R744165,Cereal,Breakfast,14,3.99,55.86,34.18,NA
04/11/2026,R617918,Cereal,Breakfast,4,1.96,7.84,5.77,NONE
11 Apr 2026,R987236,Milk,Dairy,6,1.74,10.44,6.06,Mobile
11.04.2026,R716031,Soda,Beverages,10,5.16,51.6,27.4,
"Apr 11, 2026",R142848,Milk,Dairy,20,2.27,45.4,29.25,Cash
11 Apr 2026,R618678,BREAD,Bakery,14,6.55,91.7%,56.55,Cash
2026/04/11,R744924,Cereal,Breakfast,5,1.83,9.15 TRY,5.75,Mobile
11/04/26,R345175,Chips,Snacks,18,3.57,64.3%,35.16,CASH
12-04-2026,R145416,Cereal,Breakfast,11,5.19,57.09,38.6%,N/A
04/12/26,R679240,Chips,Snacks,13,6.1,79.3,46.89,CASH
"Apr 12, 2026",R417459,Cereal,Breakfast,14,7.35,102.9,80.46,n/a
2026-04-12,R115142,Chips,Snacks,8,5.35,42.8,25.05,
12-04-2026,R335886,Bread,Bakery,14,2.97,"41,58",32.86,Cash
2026/04/12,R251666,Milk,Dairy,2,3.33,6.66,4.45,card
12/04/2026,R469223,Milk,Dairy,5,9.51,47.55,"32,02",
12/04/26,R737710,Cereal,Breakfast,4,4.46,£17.84,11.18,Cash
12 Apr 2026,R317957,Cereal,Breakfast,17,2.26,38.42,22.3%,
n/a,R408265,Canned Soup,Canned Goods,15,3.82,57.3,£34.29,card
12/04/2026,R486009,  Frozen Pizza  ,Frozen,1,5.38,5.38,2.83,
NA,R677142,Soda,Beverages,16,2.3,36.8%,21.33,Cash
N/A,R186275,Milk,Dairy,15,9.08,136.2,101.45,card
"Apr 12, 2026",R151318,Frozen Pizza ,Frozen,20,7.86 USD,€157.20,107.4%,CASH
"Apr 12, 2026",R668450,Chips,Snacks,17,8.24,140.08,74.43,Cash
12/04/2026,R811620,Canned Soup,Canned Goods,6,6.8,40.8,25.99,--
12/04/26,R581714,Frozen Pizza ,Frozen,14,2.04,28.56,20.33,Cash
12/04/2026,R808870,Milk,Dairy,2,2.09,4.18,2.76,
12/04/2026,R296696,Milk,Dairy,6,5.45,32.70,22.22,
2026/04/12,R463603,Milk,Dairy,14,9.01,126.14,69.18,NULL
"Apr 12, 2026",R142284,Milk,Dairy,13,6.13,79.69,63.67,Card
,R361539,Frozen Pizza,Frozen,7,9.45,"66,15",null,card
2026-04-12,R804991,Milk,Dairy,17,6.11,"103,87",69.01,Card
12 Apr 2026,R523467,Canned Soup,Canned Goods,3,7.32,21.96,13.21,-
"Apr 12, 2026",R567087,Soda,Beverages,19,6.72,127.7%,68.08,Card
12/04/2026,R121804,Frozen Pizza,Frozen,18,8.35,150.3,114.88,card
2026/04/12,R806471,Cereal,Breakfast,11,1.09 USD,11.99,9.06,CASH
12-04-2026,R302255,Cereal,Breakfast,19,6.08,"115,52",83.79,Mobile
"Apr 13, 2026",R255074,Canned Soup,Canned Goods,15,9.37,140.55,74.21,Mobile
2026-04-13,R772580,Chips,Snacks,20,1.87,37.4,28.39,
-,R947140,Chips,Snacks,12,"7,98",95.76,74.45,Cash
04/13/26,R170079,Milk,Dairy,4,5.35,21.4,14.9%,Card
13-04-2026,R881242,Cereal,Breakfast,4,9.71,38.84,27.2,Cash
13-04-2026,R664975,Soda,Beverages,18,6.84,123.12,80.2%,
04/13/26,R120192,Cereal,Breakfast,12,2.51,30.12,24.09,CASH
04/13/26,R640986,  Cereal  ,Breakfast,10,4.97,€49.70,27.37,Card
13 Apr 2026,R404916,Milk,Dairy,3,2.93 USD,8.79,7.0,Card
"Apr 13, 2026",R293052,Milk,Dairy,15,5.86,87.9,57.95,Mobile
2026/04/13,R643353,Bread,Bakery,20,4.79,95.8,65.58,CASH
"Apr 13, 2026",R771201,Milk,Dairy,16,6.42,102.72,68.38,Card
04/13/26,R332775,Canned Soup,Canned Goods,5,9.14,45.7,34.53,Cash
2026-04-13,R849290,Milk,Dairy,9,1.44,"12,96",9.04,-
2026/04/13,R712446,Frozen Pizza,Frozen,8,6.13,49.0%,30.01,
13.04.2026,R269610,CHIPS,Snacks,12,₺3.84,46.08,27.97,
13/04/26,R388353,Bread,Bakery,11,1.2,13.2%,8.59,Card
13.04.2026,R796838,Bread,Bakery,7,₺2.17,15.19,8.27,card
2026/04/13,R363481,Chips,Snacks,18,2.93,52.74,38.07,CASH
13/04/2026,R674824,Cereal,Breakfast,9,1.8%,16.02,11.89,card
"Apr 13, 2026",R169323,Milk,Dairy,17,3.8%,64.09,42.65,
04/13/26,R477722,Chips,Snacks,5,8.73,43.65,$34.24,Mobile
13 Apr 2026,R544286,CANNED SOUP,Canned Goods,9,7.37,66.33,47.01,Cash
13/04/26,R677242,Soda,Beverages,14,2.14,29.96,N/A,Mobile
none,R722065,Frozen Pizza,Frozen,14,9.04,126.56,63.43,Cash
13/04/26,R121896,soda,Beverages,3,4.85,14.55,$8.09,Mobile
2026-04-13,R397219,Canned Soup,Canned Goods,7,5.73,40.11,29.84 TRY,card
NONE,R358287,Frozen Pizza,Frozen,8,"9,58",none,49.34,CASH
04/13/26,R436707,Canned Soup,Canned Goods,9,8.72,78.48,56.81,N/A
04/13/26,R667077,Milk,Dairy,16,9.34,149.4%,77.28,card
04/13/26,R831146,Soda,Beverages,4,3.66,₺14.64,9.18,card
13/04/26,R701875,Chips,Snacks,8,4.52,$36.16,20.14,
2026/04/13,R703870,Cereal,Breakfast,16,"4,18",NA,42.22,NONE
04/13/2026,R288574,Chips,Snacks,9,4.42,39.78,20.3%,Mobile
2026-04-13,R631170,Soda,Beverages,9,7.39,66.51,49.03,card
2026-04-13,R671355,Canned Soup,Canned Goods,10,6.82,68.2,38.7,CASH
13 Apr 2026,R240666,Bread,Bakery,1,8.85,"8,85",5.03,Mobile
13/04/26,R186153,Canned Soup,Canned Goods,20,8.94,178.8%,103.63,Mobile
04/13/26,R467507,Canned Soup,Canned Goods,12,3.22,38.64,27.62,Mobile
2026/04/13,R281783,Bread,Bakery,14,6.21,86.94,43.74,card
04/13/26,R731148,Soda,Beverages,15,8.86,NULL,80.73,CASH
04/13/26,R752072,Soda,Beverages,11,5.72,62.92,39.96 TRY,Cash
2026-04-13,R738820,Milk,Dairy,14,6.51,91.14,59.38,Cash
"Apr 13, 2026",R801428,Milk,Dairy,5,7.94,39.7,22.92,none
2026-04-13,R643019,Chips,Snacks,18,8.24,148.32,75.57,CASH
13-04-2026,R419545,Frozen Pizza,Frozen,18,2.65,47.7,26.9,card
"Apr 13, 2026",R534421,Canned Soup,Canned Goods,20,9.40 USD,188.00 USD,99.07,Cash
13/04/2026,R261415,Cereal,Breakfast,4,4.95,19.8,13.5%,
13/04/2026,R230571,Frozen Pizza,Frozen,6,2.33,13.98,7.03,CASH
N/A,R555814,Canned Soup,Canned Goods,9,9.48,85.32,59.71,none
N/A,R920234,Canned  Soup,Canned Goods,4,8.2,32.8,22.61,CASH
13/04/2026,R269454,Milk,Dairy,3,3.44,10.32,5.63,card
"Apr 13, 2026",R279066,Bread,Bakery,2,5.07,10.14,£7.18,Cash
"Apr 13, 2026",R320104,Bread,Bakery,15,7.0%,105.15,74.52,NA
13-04-2026,R216865,Milk,Dairy,14,2.29,32.06,16.54,Card
13-04-2026,R915196,Chips,Snacks,2,8.68,"17,36",10.17,none
13/04/2026,R556196,Chips,Snacks,8,2.75,22.0,12.99,Card
13 Apr 2026,R829775,Soda,Beverages,1,8.02,8.02,nan,
04/13/26,R212036,Chips,Snacks,20,9.8,196.0,140.77,CASH
2026-04-13,R213837,Bread,Bakery,13,5.8%,75.79,52.81,
13.04.2026,R793012,Canned Soup,Canned Goods,17,5.67,--,69.68,
"Apr 13, 2026",R646204,Soda,Beverages,19,£9.69,184.11 USD,132.31,Cash
04/13/26,R244421,Frozen Pizza,Frozen,5,9.86,49.3,29.47,Cash
2026-04-13,R381229,Soda,Beverages,12,2.95,35.4,18.68,
2026-04-13,R997472,Soda,Beverages,11,4.89,53.79,39.46,Card
14/04/26,R705597,Cereal,Breakfast,6,4.94,29.64 EUR,23.05,Cash
04/14/26,R221450,Canned  Soup,Canned Goods,2,5.77,11.5%,6.78,Mobile
"Apr 14, 2026",R376694,Cereal,Breakfast,5,1.8,9.00,6.07,CASH
"Apr 14, 2026",R372937,Canned Soup,Canned Goods,6,2.34,14.04,7.20,CASH
14 Apr 2026,R606066,Chips,Snacks,14,5.26,73.6%,55.31,null
14.04.2026,R496096,Chips,Snacks,12,7.74,92.88,57.79,
14/04/2026,R337191,Bread,Bakery,14,"4,01","56,14",€36.01,CASH
"Apr 14, 2026",R108431,Milk,Dairy,16,4.61,73.76,53.93,Cash
2026-04-14,R752245,Bread,Bakery,20,4.85,97.0,€54.78,Card
14/04/2026,R461767,Bread,Bakery,5,4.74,23.70 USD,18.55,Mobile
14 Apr 2026,R545077,Cereal,Breakfast,6,9.69,58.14,$29.57,Mobile
04/14/26,R917636,Bread,Bakery,20,4.9,98.0,"73,06",Card
2026-04-14,R291290,MILK,Dairy,15,8.92,133.8,none,
04/14/2026,R316254,Cereal ,Breakfast,9,7.80,"70,20",40.36,Cash
14 Apr 2026,R993480,Milk,Dairy,18,9.1,163.8,"106,51",NULL
2026/04/14,R769875,Frozen Pizza,Frozen,5,₺2.46,12.30,"8,02",card
2026-04-14,R557099,Chips,Snacks,5,3.8%,18.85,₺13.30,card
14-04-2026,R408768,Soda,Beverages,12,$3.33,39.96 TRY,20.28,Card
14/04/2026,R947837,Cereal,Breakfast,8,2.06,16.48,9.29,Card
14.04.2026,R117528,frozen pizza,Frozen,6,1.46,8.76,5.17,card
14-04-2026,R145123,Bread,Bakery,16,£6.71,107.36,63.22,Card
04/14/26,R747049,Soda ,Beverages,12,1.92,23.04,13.34,CASH
14/04/26,R640403,CEREAL,Breakfast,5,4.36,"21,80",16.0,none
2026/04/14,R762420,Bread,Bakery,3,7.65,"22,95",14.87,Mobile
04/14/2026,R492332,cereal,Breakfast,11,9.10,"100,10",73.95,Cash
14/04/2026,R712756,Bread,Bakery,6,2.33,13.98,€11.16,
14/04/26,R308592,Soda,Beverages,5,1.29,6.45,3.25,CASH
14 Apr 2026,R571550,Cereal,Breakfast,16,5.62,89.92,71.24 EUR,Cash
14 Apr 2026,R718621,Canned Soup,Canned Goods,11,2.78,30.58,19.09,Cash
2026/04/14,R625899,Chips,Snacks,15,3.34,50.1,39.96,Card
14 Apr 2026,R856059,Canned Soup,Canned Goods,9,4.60,41.4,,Cash
nan,R414292,Frozen Pizza,Frozen,2,1.52,3.04,2.2%,nan
14 Apr 2026,R525826,  Milk  ,Dairy,2,3.78,7.6%,5.48,Card
14/04/2026,R952698,Chips,Snacks,10,9.87,98.7,74.46,CASH
2026/04/14,R773774,Cereal,Breakfast,9,8.42,75.78,46.18,CASH
14.04.2026,R918684,Canned Soup,Canned Goods,4,2.58,10.32,6.43,null
14.04.2026,R322874,Cereal,Breakfast,9,₺5.41,48.69,28.78,Cash
04/14/26,R624013,Soda,Beverages,6,3.3,₺19.80,14.62,
"Apr 14, 2026",R176394,  Milk  ,Dairy,4,1.57,6.28,4.28,card
04/14/26,R173002,Soda,Beverages,11,4.23,46.53,26.88,
"Apr 14, 2026",R984704,Canned Soup,Canned Goods,13,3.24,42.12,29.3,Card
14/04/2026,R196524,Canned Soup,Canned Goods,20,1.63,32.6,24.8,
"Apr 14, 2026",R108501,Soda,Beverages,4,₺1.22,"4,88",3.78,
14-04-2026,R683230,Bread,Bakery,2,5.97,"11,94",null,Mobile
14-04-2026,R275917,Canned  Soup,Canned Goods,1,2.87,2.87,1.58,
2026/04/14,R861353,Frozen Pizza,Frozen,12,3.91 TRY,46.92,34.8,Cash
14/04/2026,R965997,Canned Soup,Canned Goods,5,2.6,13.0,7.33,N/A
14.04.2026,R108449,Canned Soup,Canned Goods,11,3.88,42.68,22.61,Card
"Apr 14, 2026",R882184,Milk,Dairy,20,4.22,84.40,57.43,Card
04/15/26,R966188,Bread,Bakery,12,4.35,52.2,38.8,Mobile
04/15/26,R305877,Soda,Beverages,20,3.87,77.40,43.61,Card
"Apr 15, 2026",R623525,frozen pizza,Frozen,13,6.99,90.87,66.3%,Mobile
2026/04/15,R128879,Milk,Dairy,17,9.26,157.42 EUR,119.43,card
15/04/2026,R935944,Milk,Dairy,14,9.5,133.0,"98,21",card
15-04-2026,R696078,bread,Bakery,15,₺7.16,107.40,68.42,Card
15 Apr 2026,R115838,Cereal,Breakfast,4,2.94,11.76,8.16,card
04/15/2026,R583688,Soda,Beverages,14,6.27,87.78,£54.56,Card
2026-04-15,R520034,Soda,Beverages,13,4.34,56.4%,29.91,Card
"Apr 15, 2026",R174957,Frozen Pizza,Frozen,13,3.5%,45.24,31.64,
15-04-2026,R505839,Soda,Beverages,5,5.19,25.95 USD,19.61,CASH
2026/04/15,R460683,Cereal,Breakfast,1,3.83,3.83,2.14,CASH
"Apr 15, 2026",R959120,Milk,Dairy,7,$7.95,55.65,30.59,
nan,R948463,Frozen Pizza,Frozen,12,1.04,12.5%,9.76 EUR,Mobile
04/15/26,R134056,Soda,Beverages,5,7.89,39.45,20.11,card
2026/04/15,R428113,Bread,Bakery,11,"9,78",107.58,64.41,Cash
15 Apr 2026,R391600,Frozen Pizza,Frozen,20,7.64,152.80,87.58,Cash
2026/04/15,R114362,Milk,Dairy,9,7.67,69.03,37.32,Mobile
"Apr 15, 2026",R602208,Frozen Pizza,Frozen,1,8.79,8.79 USD,5.19 TRY,null
15/04/2026,R806633,Soda,Beverages,3,4.76,14.28,7.7%,
15/04/26,R466362,Bread,Bakery,2,5.22,10.44,7.19,Card
2026-04-15,R252758,Chips,Snacks,8,5.03,40.24,31.88,Cash
04/15/26,R125458,Soda,Beverages,3,4.8,"14,40",7.89,Card
15/04/2026,R837747,Cereal,Breakfast,9,4.52 TRY,40.68,28.8,
04/15/2026,R989306,Soda,Beverages,13,9.28,120.64,"77,45",Card
2026-04-15,R631901,Cereal,Breakfast,18,7.14,128.52,78.03 TRY,--
15/04/2026,R337816,Frozen Pizza,Frozen,20,5.36,£107.20,79.81,Mobile
2026/04/15,R435393,Canned Soup,Canned Goods,9,1.35 EUR,12.15 USD,7.29,n/a
2026-04-15,R216069,Bread,Bakery,9,7.64,68.76,50.79,card
15/04/2026,R389198,Canned Soup,Canned Goods,12,2.35,28.2,null,N/A
"Apr 16, 2026",R532500,Frozen Pizza,Frozen,16,8.25,132.0,103.2%,Card
16 Apr 2026,R161934,Chips,Snacks,10,9.2%,92.3,66.91,Mobile
16/04/2026,R419392,Soda,Beverages,9,6.48,58.32,29.98,Mobile
2026/04/16,R275195,  Frozen Pizza  ,Frozen,15,5.86,87.9,NULL,Cash
04/16/2026,R492647,Cereal,Breakfast,12,6.71 TRY,80.52,45.27,Mobile
16-04-2026,R730645,Bread,Bakery,6,4.48,26.88,16.3,
16.04.2026,R851896,FROZEN PIZZA,Frozen,2,4.56,9.12,7.2,card
04/16/26,R131910,Milk,Dairy,19,7.9,150.1%,111.96,
16-04-2026,R285783,Milk,Dairy,17,7.7,130.9,94.12,Mobile
16-04-2026,R993829,Frozen Pizza,Frozen,17,€7.42,none,87.63,
16.04.2026,R630928,Chips,Snacks,10,3.31,33.1,€20.88,Mobile
"Apr 16, 2026",R164402,Cereal,Breakfast,10,"8,02",80.2,€52.65,
"Apr 16, 2026",R789878,Milk,Dairy,14,6.14,85.96,49.5%,
--,R407520,Soda,Beverages,14,8.8,123.2%,82.2,Cash
04/16/26,R909227,Soda,Beverages,5,8.03,40.15,28.35,
04/16/26,R277862,Canned Soup,Canned Goods,5,£7.12,₺35.60,€28.29,NONE
2026/04/16,R791565,  Bread  ,Bakery,13,1.32,17.16,10.36,
16 Apr 2026,R251094,Milk,Dairy,19,8.61,163.59,85.28,
2026/04/16,R193108,Cereal,Breakfast,6,€6.12,36.72,23.95,Card
16/04/2026,R481159,Bread,Bakery,16,7.0,112.0,n/a,Card
"Apr 16, 2026",R276245,Milk,Dairy,5,9.15,45.75,26.30,nan
16.04.2026,R795597,Milk,Dairy,4,9.72,38.88,26.89,Mobile
16/04/2026,R511760,Milk,Dairy,7,4.97,34.79,"23,94",Card
"Apr 16, 2026",R113388,Soda,Beverages,14,4.13,57.82,N/A,Card
16/04/2026,R580208,Canned Soup,Canned Goods,7,1.33,9.31,7.43,card
16-04-2026,R107893,Bread,Bakery,9,3.88,£34.92,27.3,NA
16/04/26,R681677,Milk,Dairy,3,9.33,27.99,15.61,CASH
16/04/26,R861367,Frozen Pizza,Frozen,15,3.48 USD,52.2,33.36,
04/16/2026,R634472,Cereal,Breakfast,12,£5.29,63.48,45.57,
16.04.2026,R816934,CEREAL,Breakfast,16,2.27,36.32,24.29,--
16-04-2026,R269819,Canned Soup,Canned Goods,1,1.66,1.66,1.19,Cash
04/16/2026,R782869,Bread,Bakery,10,4.28,42.8,,CASH
16.04.2026,R355634,Bread,Bakery,19,8.63,null,89.92,card
--,R235605,Milk,Dairy,19,6.26,118.94,94.43,CASH
16 Apr 2026,R675533,Frozen Pizza,Frozen,11,1.98,"21,78",13.06,CASH
"Apr 16, 2026",R129199,Canned Soup,Canned Goods,3,2.77,"8,31",4.24,card
04/16/26,R804371,Cereal,Breakfast,14,8.04,"112,56",59.32,
16 Apr 2026,R978225,Chips,Snacks,9,8.88,79.92,55.22,CASH
"Apr 16, 2026",R485719,Chips,Snacks,20,9.88,197.6,150.43 USD,n/a
16/04/2026,R794940,Cereal,Breakfast,5,$9.14,45.7,27.50,Mobile
16/04/26,R184735,Chips,Snacks,8,1.17,9.36,7.33,Cash
04/16/2026,R237072,Milk,Dairy,17,2.17,36.9%,21.56,Card
04/16/2026,R754731,Canned Soup,Canned Goods,10,2.39,23.90,16.21 TRY,Card
16/04/2026,R632414,Soda,Beverages,7,8.01,56.07,39.74,Card
16/04/2026,R835211,Canned Soup,Canned Goods,13,5.45,70.85,39.05,card
16/04/2026,R786957,Soda,Beverages,14,5.47,76.58,"53,26",CASH
2026-04-16,R581087,Canned Soup,Canned Goods,10,9.06,90.6,47.97,card
16/04/26,R925291,Frozen Pizza,Frozen,19,6.5,123.5,86.43,Cash
"Apr 16, 2026",R919496,Canned Soup,Canned Goods,3,5.9%,17.61,12.3%,card
16.04.2026,R905975,Frozen Pizza,Frozen,20,1.22,24.4,17.35,Cash
16-04-2026,R624668,Frozen Pizza,Frozen,9,6.03,54.3%,39.96 TRY,NA
16.04.2026,R518116,Cereal ,Breakfast,14,7.82,109.48,60.46,Card
04/16/26,R667983,Frozen Pizza,Frozen,5,8.33,41.65,32.36,CASH
16 Apr 2026,R766838,Frozen Pizza,Frozen,19,1.93,36.67,"22,17",
16/04/26,R525229,Cereal,Breakfast,4,1.49,5.96,$4.68,Cash
04/16/2026,R492061,Canned Soup,Canned Goods,6,6.58,39.48,N/A,Cash
2026-04-16,R606907,Frozen Pizza,Frozen,2,5.88 USD,"11,76",8.55,card
16 Apr 2026,R131567,Canned Soup,Canned Goods,3,7.41,22.23,13.89,none
04/16/26,R143108,Cereal,Breakfast,12,4.56,54.72,33.35,NA
NULL,R405905,Soda,Beverages,10,"9,87",null,78.36,CASH
16/04/2026,R298075,Canned Soup,Canned Goods,20,1.47,29.4,16.91,none
16/04/26,R931761,Frozen Pizza,Frozen,3,4.79,14.37,7.78,
16/04/2026,R692016,Milk ,Dairy,10,9.21,92.1,52.07,Mobile
2026-04-16,R872597,Milk,Dairy,17,9.86,167.62,111.5,Card
2026/04/16,R288839,Bread,Bakery,16,9.11,145.76,78.68,Card
"Apr 16, 2026",R162255,Frozen Pizza,Frozen,17,2.39,40.63 EUR,n/a,
2026/04/16,R390486,Cereal,Breakfast,20,9.3%,185.4,141.71,CASH
,R657499,Frozen Pizza,Frozen,16,4.02,$64.32,35.05,Mobile
2026/04/16,R352396,Chips,Snacks,16,8.13,130.08,97.0,
16-04-2026,R533931,Cereal,Breakfast,11,2.96,32.56,24.57,Cash
16/04/2026,R918329,Cereal,Breakfast,19,4.28,81.32,43.71,
"Apr 16, 2026",R838498,Frozen Pizza,Frozen,11,6.42,70.62,45.74 USD,Cash
04/17/26,R359333,Bread ,Bakery,19,7.55,143.45,86.04,
17/04/2026,R802508,Soda,Beverages,18,5.02,90.36,66.9,
17 Apr 2026,R648826,Chips,Snacks,20,8.76,175.2,₺114.21,
2026-04-17,R180354,Canned Soup,Canned Goods,4,2.13,8.52,6.17,CASH
17/04/2026,R179413,soda,Beverages,4,₺9.98,"39,92",30.22,Card
none,R159596,Bread,Bakery,11,₺2.52,27.72,21.01,Card
"Apr 17, 2026",R242256,Canned Soup,Canned Goods,15,9.39,140.85,86.99,card
17.04.2026,R519551,Bread,Bakery,11,5.08,55.88,36.64,Card
17-04-2026,R297666,Frozen Pizza,Frozen,2,4.8%,9.66,5.7,Cash
04/17/2026,R111504,Chips,Snacks,19,9.46,179.74,93.89,Cash
2026-04-17,R375380,Canned Soup,Canned Goods,10,3.07,30.7,23.23,Mobile
"Apr 17, 2026",R147358,Soda,Beverages,15,8.61,129.15,99.04,nan
2026-04-17,R819055,Milk,Dairy,16,2.19,35.04,17.59,Mobile
17.04.2026,R769999,Milk,Dairy,19,1.5,28.5,21.38,Card
17/04/26,R447968,Soda,Beverages,9,8.75 EUR,78.75,53.77,CASH
17/04/2026,R986536,Milk,Dairy,10,5.14 TRY,£51.40,34.59,Card
04/17/26,R679387,Milk,Dairy,5,5.86,£29.30,17.65 EUR,n/a
17-04-2026,R945355,Soda,Beverages,12,1.38,16.56,9.25,
-,R589042,Canned Soup,Canned Goods,20,2.36,47.2,25.95,card
2026-04-17,R159491,Canned Soup,Canned Goods,17,1.58,26.9%,21.1,CASH
04/17/26,R927509,Milk,Dairy,19,7.37,140.03,82.36 USD,CASH
04/17/2026,R774282,Canned Soup,Canned Goods,4,8.26,33.04,26.05,
17-04-2026,R840405,Bread,Bakery,14,8.04,112.56,75.26,Mobile
2026/04/17,R797812,  Milk  ,Dairy,2,5.1%,10.22,7.4,
17.04.2026,R953155,Bread,Bakery,19,8.87,168.53,87.78,Cash
"Apr 17, 2026",R209798,SODA,Beverages,14,"9,12",127.68 TRY,91.0%,Mobile
17 Apr 2026,R246498,Frozen Pizza,Frozen,14,3.27,$45.78,28.08,card
17 Apr 2026,R300329,Soda,Beverages,14,3.43 USD,48.02,31.50,Card
2026/04/17,R506450,Bread,Bakery,14,2.18,30.52,19.43,Card
17/04/2026,R571670,Frozen Pizza,Frozen,3,4.38,13.14,10.03,Mobile
17-04-2026,R778125,Cereal,Breakfast,13,7.6,98.8,57.18,card
17/04/26,R337258,Milk,Dairy,15,5.36,80.4,44.77,Card
17-04-2026,R739312,cereal,Breakfast,5,7.66,38.30,25.8,Cash
2026/04/17,R887390,Soda,Beverages,15,4.66,€69.90,51.17,CASH
-,R200320,CEREAL,Breakfast,10,1.31,13.1,7.42,N/A
17 Apr 2026,R202632,  Canned Soup  ,Canned Goods,19,9.94,188.86,141.07,card
"Apr 17, 2026",R517128,Frozen Pizza,Frozen,17,2.25,₺38.25,24.67,card
17-04-2026,R253761,CHIPS,Snacks,15,2.20,none,"22,76",Mobile
17-04-2026,R340848,Frozen  Pizza,Frozen,7,3.13 EUR,21.91,null,CASH
17/04/26,R467121,Milk,Dairy,9,7.78 TRY,70.02 TRY,51.84,
2026/04/17,R120549,Soda,Beverages,19,8.98,170.62,$127.92,Card
17/04/26,R889029,Cereal,Breakfast,20,7.21,144.2,94.33,card
04/17/2026,R512680,Milk,Dairy,15,6.89,103.35,59.51,CASH
17 Apr 2026,R347413,Cereal,Breakfast,2,8.92,17.84,"12,19",
17.04.2026,R399631,Milk,Dairy,6,5.44 EUR,"32,64",21.46,n/a
17-04-2026,R200196,Canned Soup,Canned Goods,15,4.62,69.30,54.71,CASH
2026-04-17,R742898,Soda,Beverages,20,9.05,181.00,100.86,card
17-04-2026,R229726,Soda,Beverages,2,9.32,18.64,13.79,Mobile
04/17/2026,R969284,Chips,Snacks,19,1.61,30.6%,17.41,
17 Apr 2026,R489302,Cereal,Breakfast,10,3.6%,35.8,28.18,nan
04/17/2026,R215269,Cereal,Breakfast,16,3.85,61.6,"31,01",CASH
17-04-2026,R259803,BREAD,Bakery,14,5.23,"73,22",,Mobile
17-04-2026,R352542,Milk,Dairy,8,9.99,79.92,46.78,card
2026-04-18,R930894,milk,Dairy,20,6.27,125.4%,89.79,NA
04/18/2026,R523523,Canned Soup,Canned Goods,9,2.03,18.27,14.51,Mobile
04/18/2026,R587624,chips,Snacks,3,7.05,"21,15",11.46,Cash
18.04.2026,R556491,Frozen Pizza,Frozen,20,2.22,44.4,28.56,
18.04.2026,R193390,Soda,Beverages,7,2.2,15.4,7.8%,none
"Apr 18, 2026",R207299,Cereal,Breakfast,18,5.56,100.08 USD,75.74,Cash
18/04/2026,R855496,Canned Soup,Canned Goods,3,7.87,23.61,17.1,Card
18.04.2026,R647106,Bread,Bakery,14,9.69,135.66,99.19,card
18/04/2026,R308150,Cereal,Breakfast,17,5.6%,95.03,61.81,CASH
"Apr 18, 2026",R299768,  Bread  ,Bakery,13,9.33,121.29 EUR,83.0,Mobile
04/18/2026,R529051,Chips,Snacks,5,9.20,46.0,36.48,nan
18 Apr 2026,R841758,milk,Dairy,5,7.97,39.85,29.9%,Cash
04/18/26,R300984,Soda,Beverages,12,9.19,110.28,58.08,Card
2026/04/18,R906690,Chips,Snacks,10,9.38,93.80,60.75,Cash
04/18/26,R582342,Frozen Pizza,Frozen,20,2.63,52.6,41.35,Mobile
04/18/2026,R293834,Milk,Dairy,14,$6.91,96.74,75.60 USD,N/A
04/18/26,R888272,Canned Soup,Canned Goods,11,6.27,68.97,36.02,Mobile
18/04/2026,R893299,Bread,Bakery,18,4.01,72.18,50.83,
18/04/2026,R447960,Bread,Bakery,10,1.35,13.50,6.95 TRY,card
18/04/2026,R601941,Milk,Dairy,5,4.83,24.15,17.27,CASH
2026/04/18,R711449,Soda ,Beverages,14,7.4,103.6,57.8,card
18.04.2026,R228626,chips,Snacks,13,5.47,71.11,41.32 EUR,CASH
18-04-2026,R112075,Bread,Bakery,15,2.98,44.7,34.13,card
18/04/26,R811526,Frozen Pizza,Frozen,2,1.13,2.3%,1.65,CASH
2026-04-18,R132150,Cereal,Breakfast,11,6.61,72.7%,45.46,CASH
18 Apr 2026,R632839,CEREAL,Breakfast,17,2.21,37.57,"28,31",CASH
04/18/26,R899848,Milk,Dairy,16,8.52,136.32,92.26,Cash
nan,R464674,Soda,Beverages,12,7.52,90.24,52.56,n/a
2026/04/18,R787927,MILK,Dairy,8,2.78,22.24 EUR,16.1,card
2026-04-18,R429999,Canned Soup,Canned Goods,5,2.78,13.9,7.28,CASH
04/18/2026,R762139,Frozen Pizza,Frozen,10,1.57,15.7%,11.47,n/a
18/04/2026,R892602,Soda,Beverages,11,3.04,33.44,23.22,NONE
04/18/2026,R300707,Chips,Snacks,13,5.66,73.58,57.2%,Card
18.04.2026,R303167,Bread,Bakery,19,1.9,36.1,19.95,Card
04/18/2026,R257336,Cereal,Breakfast,2,6.75 TRY,13.5,10.32,card
04/18/26,R436876,Milk,Dairy,8,7.73,61.84,42.12,
18-04-2026,R876938,Canned Soup,Canned Goods,16,4.64,74.24,38.37,Card
18-04-2026,R339164,Soda,Beverages,6,5.51,33.06,20.3%,Card
18/04/2026,R890688,Chips,Snacks,11,"5,43",59.73,"36,99",Mobile
18-04-2026,R642531,Canned Soup,Canned Goods,6,4.56,27.36,16.13,Cash
04/18/2026,R942062,Cereal ,Breakfast,20,6.4,128.0,76.67,Cash
18/04/26,R570121,Chips,Snacks,10,4.6,46.00 EUR,36.2%,
18.04.2026,R523973,Canned Soup,Canned Goods,20,6.22,124.4,76.02 TRY,Mobile
2026-04-18,R851341,Bread,Bakery,19,4.89 EUR,92.91,53.55,Mobile
2026-04-18,R831542,Canned Soup,Canned Goods,16,9.78,156.48,116.63,Card
04/18/26,R171899,soda,Beverages,15,"5,97",89.55,62.46,Mobile
18 Apr 2026,R544944,Cereal,Breakfast,15,6.46,96.9,76.22,Card
18/04/2026,R780500,Frozen Pizza,Frozen,19,1.78,33.82,26.94 EUR,card
18/04/2026,R997037,Soda,Beverages,1,2.20,2.20,1.44,CASH
18/04/26,R817969,Canned Soup,Canned Goods,11,1.41,nan,11.30 EUR,
18-04-2026,R850282,Bread,Bakery,16,5.83,93.28,62.18,Cash
18.04.2026,R378470,Soda,Beverages,2,6.29,12.58,7.5%,Mobile
18/04/26,R859444,Milk,Dairy,20,2.18,43.6,34.49,-
04/18/26,R465786,Chips,Snacks,11,8.29,£91.19,66.28,
2026/04/18,R904846,Soda,Beverages,20,4.52,$90.40,54.62,CASH
2026/04/18,R741527,Milk,Dairy,18,3.66,65.88,48.6,CASH
18/04/2026,R733585,Soda,Beverages,3,9.92,€29.76,15.6%,card
04/18/2026,R906201,Cereal,Breakfast,11,8.03 USD,"88,33",61.23,Mobile
04/18/2026,R595015,Frozen Pizza,Frozen,15,7.8%,116.7,€90.45,
18/04/26,R781496,Chips,Snacks,9,6.22,55.98,31.83,CASH
04/18/2026,R582075,Chips,Snacks,4,3.88,15.52,10.1,card
04/18/2026,R467763,bread,Bakery,17,4.81 USD,81.8%,62.72,Cash
18/04/2026,R132614,Soda,Beverages,15,7.26,108.9,80.88,NA
04/18/26,R540263,Bread,Bakery,9,3.87,34.83,21.94,Mobile
NA,R351878,Bread,Bakery,9,9.39,84.51,57.64 EUR,N/A
19/04/26,R170912,Canned Soup,Canned Goods,12,2.39,28.68,18.22 USD,Card
04/19/26,R611915,canned soup,Canned Goods,11,5.5,"60,50",45.04,Card
"Apr 19, 2026",R746658,Cereal,Breakfast,4,9.82,39.28,24.04,Mobile
19.04.2026,R135234,Cereal,Breakfast,11,4.5,49.5,38.95,
19-04-2026,R539310,Chips,Snacks,20,5.20,104.00 TRY,74.28,nan
04/19/2026,R571538,Chips,Snacks,5,2.72,13.6,NONE,Mobile
04/19/26,R156189,Milk,Dairy,6,1.09,6.54,4.11,
04/19/26,R906953,Frozen Pizza,Frozen,18,8.83,158.94 EUR,98.61,Mobile
19/04/2026,R331384,Canned Soup,Canned Goods,17,5.9,100.3,64.04,Cash
19/04/26,R122384,Bread,Bakery,10,1.24,12.40,9.9%,N/A
"Apr 19, 2026",R927963,Milk,Dairy,17,7.1,120.7,78.61,card
04/19/26,R688625,Soda,Beverages,4,2.42,9.68,6.77,Card
19/04/26,R574861,Cereal,Breakfast,2,3.7%,€7.42,5.57,CASH
04/19/26,R286256,Milk,Dairy,17,1.9,32.3,19.95,Cash
19-04-2026,R315252,CHIPS,Snacks,2,₺5.16,10.32,£6.45,Card
"Apr 19, 2026",R493473,Milk,Dairy,2,1.36,2.72,1.47,Mobile
19/04/2026,R653593,Canned Soup,Canned Goods,3,7.13,21.39,13.14,card
2026/04/19,R913107,Chips,Snacks,5,3.73,18.65,13.78,
"Apr 19, 2026",R443873,Soda,Beverages,2,6.81,13.62,6.94,Cash
19.04.2026,R769028,Chips,Snacks,7,3.67,25.69,13.01,Mobile
"Apr 19, 2026",R490964,Bread,Bakery,19,5.23,99.37,64.9%,card
19/04/26,R705166,Frozen Pizza,Frozen,16,4.53,$72.48,₺50.32,CASH
04/19/26,R864534,Frozen Pizza,Frozen,11,₺4.77,52.47,34.31,Cash
04/19/26,R839852,Soda,Beverages,16,2.22,"35,52",24.29,Card
19/04/26,R959247,Soda,Beverages,16,€8.36,133.76,106.22,CASH
2026-04-19,R158711,Soda,Beverages,15,9.21,nan,92.64,Cash
19/04/26,R320641,Milk,Dairy,15,5.48,82.2,58.51,NULL
19.04.2026,R350605,Chips,Snacks,9,4.84 EUR,43.56,29.33,Cash
04/19/26,R938647,  Canned Soup  ,Canned Goods,8,1.16,9.28,5.1%,Card
"Apr 19, 2026",R390757,Bread,Bakery,6,2.16,12.96,9.31,--
"Apr 19, 2026",R970360,Frozen Pizza ,Frozen,1,5.91,"5,91","3,43",CASH
19 Apr 2026,R535130,Milk,Dairy,18,2.38,42.8%,27.48,n/a
19-04-2026,R530146,Soda,Beverages,15,6.57,98.55,54.39,Cash
"Apr 19, 2026",R911047,Frozen Pizza,Frozen,6,3.07,18.42,10.71 EUR,Mobile
04/19/2026,R952780,Cereal,Breakfast,2,8.47,16.94,13.49,Cash
2026/04/19,R175651,Canned Soup,Canned Goods,19,4.06,77.14,56.89,CASH
19-04-2026,R919125,Cereal,Breakfast,11,3.62,39.82,22.36,card
19.04.2026,R991153,Cereal,Breakfast,3,6.85,20.55,$12.41,Mobile
04/19/2026,R303534,Soda,Beverages,3,6.82,20.46,13.00 USD,Card
04/19/26,R741700,Bread,Bakery,6,6.37,38.22,22.05,Card
19-04-2026,R979744,Chips,Snacks,1,1.95,"1,95",1.42 EUR,Mobile
20/04/26,R272652,Frozen Pizza,Frozen,1,6.45,6.45,4.08,Card
nan,R793064,Canned Soup,Canned Goods,16,6.82,109.1%,68.87,Card
04/20/26,R536909,Frozen Pizza,Frozen,4,6.96,27.84,₺16.57,card
--,R915922,Cereal,Breakfast,11,3.56,39.16,30.11,Card
"Apr 20, 2026",R845981,Frozen Pizza,Frozen,9,9.82,€88.38,47.0%,Card
04/20/26,R795314,Canned Soup,Canned Goods,9,3.64,32.76,17.16,Cash
20/04/2026,R895992,Bread,Bakery,6,₺3.77,£22.62,13.25,
none,R492271,canned soup,Canned Goods,12,"1,22",14.64,7.81,CASH
20-04-2026,R897652,Canned Soup,Canned Goods,4,6.64,$26.56,15.53,Cash
2026-04-20,R434440,Canned Soup,Canned Goods,20,5.39,107.8%,59.01 TRY,Mobile
20-04-2026,R650790,Bread,Bakery,10,4.95,49.5,33.38,CASH
20/04/26,R792712,  Cereal  ,Breakfast,1,2.96,2.96,1.76,Cash
nan,R115452,Bread,Bakery,4,8.22,32.88,24.83,Cash
20.04.2026,R722988,  Bread  ,Bakery,19,3.78,71.82,48.42,Card
"Apr 20, 2026",R650677,frozen pizza,Frozen,10,3.35,33.5,20.92,Mobile
20 Apr 2026,R767235,Canned Soup,Canned Goods,3,8.65,25.9%,17.66,
"Apr 20, 2026",R161889,Soda,Beverages,12,6.78,81.36,58.23,Cash
04/20/26,R576537,Frozen Pizza,Frozen,6,3.03,18.18,12.83,card
04/20/26,R821518,Cereal,Breakfast,20,5.18,103.6,66.47,card
2026-04-20,R654605,Soda,Beverages,18,3.76,67.68,38.34,N/A
04/20/26,R826697,Soda,Beverages,13,8.73,113.49,64.8,Cash
04/20/26,R143376,Chips,Snacks,9,4.39,39.51,28.22,Cash
2026/04/20,R727719,Frozen Pizza,Frozen,10,7.61,76.10 EUR,39.39,card
20 Apr 2026,R857676,Chips,Snacks,13,6.58,85.54,65.60,card
04/20/26,R371191,Cereal,Breakfast,2,3.05,6.1%,3.32,Mobile
20 Apr 2026,R197757,CEREAL,Breakfast,10,5.57,£55.70,28.34,card
20/04/2026,R874002,Canned Soup,Canned Goods,17,5.97,101.49,--,Mobile
20/04/26,R112341,Chips,Snacks,11,8.44,92.84,47.16,Cash
2026-04-20,R337542,Cereal,Breakfast,12,8.16,97.92,54.87,Cash
20 Apr 2026,R175632,Bread,Bakery,1,2.52 USD,2.52,1.56 EUR,
20.04.2026,R438189,cereal,Breakfast,19,8.88 EUR,168.72,133.84,
2026-04-20,R209971,Canned Soup,Canned Goods,13,8.22,106.86,64.53 TRY,CASH
2026/04/20,R799007,Canned Soup,Canned Goods,1,6.32 EUR,6.3%,4.62,Cash
04/20/2026,R243027,Frozen Pizza,Frozen,3,3.26,9.78 TRY,5.03 EUR,card
20/04/2026,R365950,Soda,Beverages,11,7.96,87.56,64.52,CASH
2026/04/20,R923223,MILK,Dairy,8,1.99,15.92,11.22,n/a
04/20/2026,R661347,Frozen  Pizza,Frozen,2,7.8,15.6,8.70,Card
20/04/2026,R570784,Milk,Dairy,17,7.14,121.38,90.73,CASH
"Apr 20, 2026",R769459,Canned Soup,Canned Goods,1,9.35,9.35,6.75,--
2026-04-20,R702136,Soda,Beverages,13,2.53,32.89,16.51,
2026-04-20,R374671,Soda,Beverages,7,2.36,16.52,8.96,Cash
NA,R156324,frozen pizza,Frozen,9,9.32,83.88,51.24,Cash
20 Apr 2026,R192091,Chips ,Snacks,13,7.4,96.2,64.0,Card
20/04/2026,R725790,Canned Soup,Canned Goods,10,8.57,85.7,£54.18,
21/04/26,R929012,Soda,Beverages,7,5.24,36.68,23.71,
04/21/26,R872162,Milk,Dairy,1,4.3,4.3,2.46,CASH
21 Apr 2026,R874004,Cereal,Breakfast,16,9.28,148.48,106.63,Mobile
04/21/26,R387686,Soda,Beverages,19,3.80 TRY,72.20,40.89,Cash
21 Apr 2026,R449264,Cereal,Breakfast,14,3.6,50.40 USD,$30.22,NULL
21/04/26,R714602,Bread,Bakery,6,5.47,32.82,24.34,NA
-,R274979,Canned Soup,Canned Goods,17,3.18,54.06,37.34,card
21/04/2026,R890318,Canned Soup,Canned Goods,18,5.01,90.18,62.8%,Cash
21/04/2026,R923883,Cereal,Breakfast,20,6.44,128.8,71.01,
2026/04/21,R124554,Bread,Bakery,15,3.46,51.9%,NONE,CASH
2026-04-21,R937643,Chips,Snacks,12,8.77,105.24,$61.26,
21/04/26,R464240,Soda,Beverages,14,$1.90,26.60 EUR,14.67,Cash
04/21/2026,R836789,Frozen Pizza,Frozen,17,2.2,37.4%,21.49,Card
04/21/26,R571542,Frozen Pizza,Frozen,15,9.52,142.8,87.9,null
04/21/2026,R857396,Bread,Bakery,19,7.69,146.11,109.08 USD,card
04/21/2026,R557736,Milk,Dairy,19,5.76,"109,44",61.2,
04/21/2026,R693976,Soda,Beverages,14,1.62,22.68,12.14,card
21/04/2026,R742517,Canned Soup,Canned Goods,6,5.77,34.62,27.67,--
21/04/2026,R124844,Cereal,Breakfast,4,1.29,5.16,3.84,
"Apr 21, 2026",R834792,Milk,Dairy,10,8.73,87.30,69.62,Cash
21/04/2026,R839442,Frozen Pizza,Frozen,14,8.62,120.68,66.52,
04/21/26,R547769,Milk,Dairy,10,9.9,99.00 EUR,66.66,Cash
21 Apr 2026,R170540,Milk,Dairy,10,8.69,86.9,54.39,card
04/21/2026,R240705,Soda ,Beverages,17,2.0%,34.34,18.56,
21/04/26,R140329,Bread,Bakery,11,9.0%,98.78,64.12,Cash
2026/04/21,R439515,Milk,Dairy,11,7.96,87.56,68.34,nan
21/04/26,R683744,Chips,Snacks,2,8.29,16.58,9.87,CASH
2026/04/21,R447883,Soda,Beverages,8,3.06,24.48,13.66,
04/21/2026,R750191,Cereal,Breakfast,9,1.87,16.83,12.05,NULL
2026-04-21,R251805,Frozen Pizza,Frozen,11,4.65,51.15,36.24,Card
21/04/26,R444901,Chips,Snacks,9,1.24,11.16,8.71,Card
2026/04/21,R469781,Frozen Pizza,Frozen,15,2.5,37.5,18.85,CASH
2026-04-21,R713732,Soda,Beverages,12,1.97,23.64,"13,88",n/a
"Apr 21, 2026",R974195,Cereal,Breakfast,8,7.55,60.4,43.75,NONE
21/04/2026,R213427,Canned Soup,Canned Goods,10,1.73,17.3,12.88,Cash
04/21/2026,R830064,Bread,Bakery,6,7.98,47.88,31.2%,Cash
2026/04/21,R405679,Milk,Dairy,5,2.46,12.3,9.36,card
22/04/2026,R150077,Milk,Dairy,19,4.38,83.22,61.7%,Cash
2026-04-22,R963700,Canned Soup,Canned Goods,16,"7,53",120.48,67.75,card
2026-04-22,R939164,Chips,Snacks,19,7.78,147.82,77.62,CASH
22 Apr 2026,R652813,Frozen Pizza,Frozen,14,1.88,26.32,16.8%,CASH
"Apr 22, 2026",R838525,Milk,Dairy,8,5.47,43.76 TRY,€34.64,--
22 Apr 2026,R124033,Milk,Dairy,8,3.78,30.24,₺21.81,Card
22 Apr 2026,R957271,Cereal,Breakfast,4,6.92,none,18.75 TRY,null
22.04.2026,R586242,FROZEN PIZZA,Frozen,9,5.46,"49,14",36.74,CASH
22-04-2026,R775398,Soda,Beverages,8,3.27,₺26.16,20.27,CASH
22/04/26,R327032,Canned Soup,Canned Goods,7,6.12 TRY,42.84,23.89,Card
04/22/2026,R208055,Cereal,Breakfast,10,5.55,n/a,32.57,Cash
22 Apr 2026,R667260,Canned Soup,Canned Goods,17,6.46,109.82,81.24,CASH
22 Apr 2026,R775797,Milk,Dairy,9,3.66,32.94,25.95,NONE
22-04-2026,R700166,Bread,Bakery,10,5.24,52.4,₺38.11,CASH
22.04.2026,R806492,Bread,Bakery,7,8.29,58.03,34.32,none
"Apr 22, 2026",R758486,  Chips  ,Snacks,9,1.34,12.06,8.61,Cash
2026-04-22,R374203,Canned Soup,Canned Goods,19,4.67,€88.73,45.53,Mobile
04/22/26,R303845,Milk,Dairy,18,9.05,162.9%,99.38,CASH
22.04.2026,R623832,Chips,Snacks,6,3.15,18.9,11.20,Cash
22 Apr 2026,R228033,Canned Soup,Canned Goods,19,2.02,NULL,21.71,Cash
22.04.2026,R698431,Milk,Dairy,7,5.37,37.59,24.52,null
22.04.2026,R346566,Canned Soup,Canned Goods,11,9.55,"105,05",80.59,Mobile
2026/04/22,R982523,Soda,Beverages,7,4.44,31.08,18.88 EUR,Card
22 Apr 2026,R589141,Soda,Beverages,12,2.92,"35,04",20.47,Cash
22/04/26,R228297,Soda,Beverages,17,4.50,76.5,46.16,
"Apr 22, 2026",R288216,Canned Soup,Canned Goods,8,3.05,24.4,15.05,Cash
04/22/26,R448232,Chips,Snacks,1,7.26,7.26,5.44,Card
22 Apr 2026,R216721,Chips,Snacks,5,8.05,40.25,22.9%,card
2026/04/22,R505349,Cereal,Breakfast,14,8.46,"118,44",62.5%,card
22/04/2026,R502690,Bread,Bakery,1,$4.41,4.41,,nan
04/22/2026,R789976,Frozen Pizza,Frozen,9,9.1,81.90,$48.62,Card
22.04.2026,R349187,Chips,Snacks,20,6.08,"121,60",82.75,Card
22 Apr 2026,R921281,Milk,Dairy,5,£1.38,6.9,5.29,card
22/04/2026,R580619,Milk,Dairy,15,1.18,17.70,12.84,CASH
04/22/26,R954490,Canned Soup,Canned Goods,15,8.26,123.90,63.0,Mobile
22/04/26,R941405,Cereal,Breakfast,18,2.14 TRY,38.52,"26,87",Card
22/04/26,R926289,Cereal,Breakfast,1,3.49,3.49,2.39,CASH
22/04/2026,R697436,Soda,Beverages,4,1.54,6.16,4.23,Cash
N/A,R177615,Bread,Bakery,18,4.99,89.82,48.02,Mobile
22.04.2026,R954555,Chips,Snacks,1,8.7%,8.65,5.65,n/a
22.04.2026,R462116,Soda,Beverages,20,"2,36",47.2,33.62,
22-04-2026,R172085,FROZEN PIZZA,Frozen,14,4.61,64.54,50.29,card
2026-04-22,R193064,Chips,Snacks,3,1.46,4.38,2.74 TRY,CASH
04/22/26,R471806,Canned Soup,Canned Goods,4,8.77,35.08 EUR,27.47,Cash
22/04/2026,R951660,Cereal ,Breakfast,14,9.59,134.26,85.14,
22.04.2026,R842317,Canned Soup,Canned Goods,17,7.47,126.99,73.5%,CASH
2026-04-22,R173437,Bread,Bakery,16,5.44,87.04,46.45 EUR,Card
22.04.2026,R976614,Frozen Pizza,Frozen,9,4.17,37.53,21.09,CASH
22 Apr 2026,R109906,Soda,Beverages,18,7.13,128.34 TRY,$102.34,CASH
04/22/26,R204604,Soda,Beverages,14,7.87,,82.52,Mobile
2026-04-22,R871048,Canned Soup,Canned Goods,17,5.11,86.87,48.05,CASH
"Apr 22, 2026",R153261,Soda,Beverages,20,9.22,184.4,null,CASH
04/22/2026,R321744,Canned Soup,Canned Goods,1,4.51,$4.51,2.64,card
22 Apr 2026,R980191,Frozen Pizza,Frozen,12,4.28,51.36,28.07,CASH
NULL,R494939,Frozen Pizza,Frozen,6,5.67,"34,02",22.95,Cash
2026-04-22,R532434,  Frozen Pizza  ,Frozen,13,8.22,106.86,57.55,-
"Apr 22, 2026",R377773,Canned Soup,Canned Goods,11,6.88,null,51.03,Cash
22/04/2026,R302684,Soda,Beverages,19,4.50,85.5,55.37,Card
2026-04-22,R999838,Soda,Beverages,4,7.93,31.72,21.28,Cash
22-04-2026,R817980,Canned Soup,Canned Goods,8,9.34,74.72,53.72 EUR,Card
22/04/2026,R316609,Soda,Beverages,20,"3,47","69,40",50.08,card
2026/04/22,R865973,Soda,Beverages,7,5.26,36.82,20.78,Mobile
2026-04-22,R117274,Milk,Dairy,13,4.85,63.05,--,card
04/22/2026,R606918,Milk,Dairy,5,5.49,27.45,15.7%,--
n/a,R969209,Milk,Dairy,13,4.37,56.81,33.11,CASH
,R158349,Milk,Dairy,15,4.82,null,48.13,none
23 Apr 2026,R476527,Milk,Dairy,1,2.28,"2,28",1.37,Card
23/04/2026,R209930,Chips,Snacks,14,9.66,135.24,73.35 EUR,Cash
23/04/26,R325819,Frozen Pizza,Frozen,10,2.79,27.90,19.88,
nan,R690375,Canned Soup,Canned Goods,11,2.8%,30.47,17.94,Mobile
04/23/2026,R825954,Cereal,Breakfast,14,6.37,89.18,50.49,
NONE,R918053,Frozen Pizza,Frozen,3,2.03,6.09,3.43,NA
04/23/2026,R955166,Milk,Dairy,11,4.76,52.36,35.6,CASH
23-04-2026,R161269,Chips,Snacks,2,4.29,8.58,6.04,card
23-04-2026,R814976,Bread,Bakery,7,1.53,10.71,£7.97,Card
04/23/26,R108332,chips,Snacks,16,7.77,124.32 TRY,70.39,Mobile
2026-04-23,R553915,Soda,Beverages,10,8.61,86.10,61.8,Mobile
23/04/26,R542386,Bread,Bakery,16,8.32,133.12,89.08,n/a
23/04/2026,R697860,Bread,Bakery,16,3.32,53.12,39.1%,Mobile
"Apr 23, 2026",R216970,Cereal,Breakfast,9,7.4,66.60,49.56,card
04/23/26,R638342,Chips,Snacks,20,8.1%,161.4,114.38,CASH
04/23/2026,R151279,Milk,Dairy,12,6.85 EUR,€82.20,"63,17",Card
2026-04-23,R210685,Bread,Bakery,13,5.75,74.75,55.45,Cash
04/23/26,R276855,Chips,Snacks,5,1.1,5.5%,3.87,card
23.04.2026,R415120,Frozen  Pizza,Frozen,15,"2,41",36.15,21.01,Mobile
04/23/26,R800510,Canned Soup,Canned Goods,19,9.15,173.85,"108,98",Card
"Apr 23, 2026",R659239,Frozen Pizza,Frozen,7,3.25,22.75,17.28,Cash
23.04.2026,R371578,Bread,Bakery,20,5.10,102.0,64.5,card
23 Apr 2026,R943233,Bread,Bakery,3,6.57,"19,71",10.79,NONE
2026-04-23,R908790,Frozen Pizza,Frozen,11,5.34,58.74,40.08,card
2026-04-23,R508323,Bread,Bakery,9,8.42,75.78,54.28,
23-04-2026,R211071,Chips,Snacks,2,6.67,13.34,7.18,Cash
23.04.2026,R555888,Canned Soup,Canned Goods,13,"8,53",110.89,72.96,CASH
2026/04/23,R353406,Cereal,Breakfast,16,4.54,72.64,47.53,Cash
04/23/26,R708089,Canned Soup,Canned Goods,1,2.79,2.79,2.05,card
23/04/26,R858044,Chips,Snacks,17,5.96,101.32,54.02,CASH
23.04.2026,R342954,Cereal,Breakfast,1,3.43,3.43,2.25,Mobile
04/23/26,R960811,Bread ,Bakery,3,8.3%,24.96,16.98,-
2026-04-23,R598939,Chips,Snacks,2,6.27,12.54,6.34,Mobile
04/23/2026,R712887,chips,Snacks,14,7.63,106.82,68.84,Cash
24.04.2026,R143440,Chips,Snacks,18,6.23,112.14,62.19,card
24.04.2026,R428039,Canned Soup,Canned Goods,3,5.5%,16.35,8.32,Card
24-04-2026,R954308,Soda,Beverages,4,9.62,38.48,20.39,
24 Apr 2026,R828964,bread,Bakery,18,3.92,70.56,50.13,-
24.04.2026,R744670,Canned Soup,Canned Goods,13,2.00,"26,00",€14.58,Mobile
24-04-2026,R338162,  Canned Soup  ,Canned Goods,4,7.18,28.72,16.54,Cash
2026-04-24,R227516,Milk,Dairy,9,5.99,53.91,28.73,
24-04-2026,R876834,Canned Soup,Canned Goods,12,4.77,"57,24",£41.94,Mobile
24/04/2026,R795660,Chips,Snacks,5,9.01,45.05,29.91,Mobile
24-04-2026,R418880,CHIPS,Snacks,19,7.64 EUR,145.16,77.86,Cash
2026/04/24,R739955,Milk,Dairy,19,9.55,181.45,143.01,
24-04-2026,R640674,Bread,Bakery,1,2.38,2.38,1.63,
24/04/26,R372414,Frozen Pizza,Frozen,6,6.64,39.84,23.20,
"Apr 24, 2026",R666042,Milk,Dairy,14,9.17,₺128.38,"82,53",Cash
04/24/2026,R841245,Chips,Snacks,10,8.66,86.60 USD,48.95,Mobile
2026/04/24,R683627,Milk,Dairy,13,"2,77",36.01,25.68,card
04/24/2026,R360711,Milk,Dairy,6,4.21,25.26,nan,Cash
24-04-2026,R794801,Cereal,Breakfast,1,9.8%,9.85,7.78,Card
24/04/26,R247739,Chips,Snacks,16,8.24,131.84,100.96,Mobile
24 Apr 2026,R819482,Bread,Bakery,1,4.0%,3.95,1.98,N/A
"Apr 24, 2026",R105044,Milk,Dairy,17,8.56,$145.52,101.62,card
24.04.2026,R180823,Bread,Bakery,1,"4,45",4.45,3.3,Cash
04/24/26,R498990,Chips,Snacks,16,9.74,155.84,104.35,
24-04-2026,R208423,Soda,Beverages,20,8.24,164.8,125.84,Card
"Apr 24, 2026",R804102,Milk,Dairy,3,£7.37,22.11,16.41,Mobile
04/24/26,R221138,  Soda  ,Beverages,9,3.16,28.44,"19,97",
24-04-2026,R330531,Canned Soup,Canned Goods,19,9.13 TRY,"173,47",91.25,card
24/04/2026,R228745,Frozen Pizza,Frozen,16,2.32,37.12,21.8,Cash
2026/04/24,R767401,Bread,Bakery,20,1.98,39.6,"23,30",Mobile
none,R155478,Chips,Snacks,20,5.96,119.2,"93,12",Cash
-,R354660,Frozen Pizza,Frozen,6,3.05,18.30,11.26,Card
"Apr 24, 2026",R682963,Bread,Bakery,16,1.7%,27.04,17.15,card
2026-04-24,R576910,Bread,Bakery,13,1.75,22.75,17.13,card
2026/04/24,R780179,Milk,Dairy,7,3.71 EUR,25.97 EUR,14.99,Card
24-04-2026,R272772,Chips ,Snacks,20,5.0,100.0,72.71,Cash
04/24/2026,R757320,Frozen Pizza,Frozen,5,7.54,37.7,24.38 EUR,Cash
"Apr 24, 2026",R997950,Bread,Bakery,20,5.89,117.8,61.42,CASH
24/04/26,R280459,Frozen Pizza,Frozen,17,6.59,112.03,"73,16",Mobile
2026/04/24,R335686,Frozen Pizza,Frozen,1,7.0,7.0,"4,79",CASH
2026/04/24,R584289,Cereal,Breakfast,14,8.05,112.7,NONE,Cash
24/04/26,R370058,Chips,Snacks,10,6.69,66.9,49.73 USD,Cash
24.04.2026,R381128,Frozen Pizza,Frozen,9,6.42,57.78,39.61 EUR,CASH
24/04/26,R260383,Milk,Dairy,19,1.23,23.37,16.51,card
04/24/26,R972384,Milk,Dairy,19,5.6,106.4,"78,78",
24/04/26,R353495,Soda,Beverages,6,5.34,32.04,$19.59,Card
04/24/2026,R582962,Cereal,Breakfast,19,8.48,161.12,"94,75",nan
24/04/2026,R719069,Canned Soup,Canned Goods,13,1.1%,14.17,"9,05",NA
24.04.2026,R334028,Cereal,Breakfast,2,4.21,"8,42",4.52,Cash
-,R308892,Cereal,Breakfast,20,7.71,154.2,"83,75",card
24.04.2026,R672910,Milk,Dairy,16,7.8,124.80,79.63,Card
2026-04-24,R758477,Soda,Beverages,2,7.03,14.06,7.96 USD,none
25/04/26,R761068,Soda,Beverages,3,"4,71",14.1%,9.61,Cash
25-04-2026,R667214,  Bread  ,Bakery,16,6.85,109.60,85.72,--
25/04/26,R755804,Chips,Snacks,15,8.71,130.65,73.36,card
nan,R365004,Bread,Bakery,16,4.99,79.8%,"47,30",CASH
"Apr 25, 2026",R885287,Frozen Pizza,Frozen,9,€4.21,"37,89",21.27,Card
"Apr 25, 2026",R596127,Soda,Beverages,8,3.97,31.76,20.64,Card
25/04/2026,R125092,Frozen Pizza,Frozen,6,9.97,59.82,38.59,null
25 Apr 2026,R853324,Canned  Soup,Canned Goods,12,5.09,$61.08,48.06,NA
2026/04/25,R916723,Milk ,Dairy,1,5.82,5.82,4.1,card
"Apr 25, 2026",R148487,Canned Soup,Canned Goods,16,7.75,124.0,78.93,
2026/04/25,R374061,Chips,Snacks,11,9.13,100.43,56.52,card
04/25/26,R370373,Frozen Pizza,Frozen,4,7.88,31.52,17.8%,Mobile
25.04.2026,R325621,SODA,Beverages,10,3.62,36.2%,28.57,CASH
04/25/26,R198261,Cereal,Breakfast,1,9.05 USD,9.05,6.47,CASH
04/25/2026,R438679,milk,Dairy,10,3.35,33.5,"24,50",CASH
04/25/2026,R678527,Canned Soup,Canned Goods,3,3.14,9.42,4.78,Mobile
25.04.2026,R681918,Chips,Snacks,1,4.56,4.56,3.55,Cash
2026/04/25,R655210,Bread,Bakery,5,9.51,47.55,37.51,card
2026/04/25,R883167,milk,Dairy,20,€6.36,127.20,99.27,NA
25 Apr 2026,R716933,Milk,Dairy,3,4.49,13.47,7.80,Cash
25/04/26,R617138,CHIPS,Snacks,14,5.49,$76.86,44.18,CASH
04/25/2026,R243313,Canned Soup,Canned Goods,4,4.33,17.32,£8.83,card
25/04/2026,R186909,Chips,Snacks,9,6.5%,"58,86",38.65,Cash
2026-04-25,R397920,Bread,Bakery,7,7.39,nan,32.97,card
04/25/26,R303999,Canned Soup ,Canned Goods,12,8.96,107.52,"73,69",NA
25/04/2026,R429976,Milk,Dairy,3,4.32,12.96,7.68,Card
25.04.2026,R898199,Frozen Pizza,Frozen,6,3.51,21.06,10.76,Card
25 Apr 2026,R587967,Canned Soup,Canned Goods,20,3.8,76.0,38.57 USD,Mobile
04/25/26,R595064,Cereal,Breakfast,18,9.91,178.38,142.43,Mobile
25/04/26,R517053,Bread,Bakery,14,9.34,130.76,94.41,Mobile
2026-04-26,R719481,Canned Soup,Canned Goods,17,9.17,₺155.89,"81,05",
26 Apr 2026,R632835,Bread,Bakery,17,2.86,48.62,33.48,Mobile
"Apr 26, 2026",R780154,Milk,Dairy,1,9.15,9.2%,6.55,Mobile
"Apr 26, 2026",R538642,Frozen Pizza,Frozen,7,2.87,20.09,12.99,Mobile
26/04/26,R449270,Cereal,Breakfast,3,8.79,26.37,14.7%,Card
26/04/26,R728147,Bread,Bakery,6,5.4%,32.64,"16,40",
2026/04/26,R898303,Chips,Snacks,18,5.15,92.7,49.23,Mobile
04/26/26,R708231,Frozen Pizza,Frozen,9,4.25,38.2%,19.55 EUR,Mobile
26-04-2026,R797090,Frozen Pizza,Frozen,8,9.86,78.88,48.53,CASH
04/26/26,R533931,Cereal,Breakfast,16,1.71,27.4%,18.12,card
2026/04/26,R251021,Soda,Beverages,3,3.07,9.21,7.09,Mobile
26 Apr 2026,R375970,Canned Soup,Canned Goods,16,8.52,136.32,75.81,Card
26.04.2026,R521264,Milk,Dairy,10,8.41,84.1,44.19,Mobile
26/04/26,R164723,FROZEN PIZZA,Frozen,8,1.86,14.88,10.61,Cash
04/26/26,R166026,Milk,Dairy,17,1.75,29.75,20.29,Cash
2026/04/26,R159970,Cereal,Breakfast,5,1.31,6.55,4.43,Card
26/04/2026,R436744,Canned Soup,Canned Goods,20,7.63,152.60,"92,58",Cash
2026-04-26,R792792,Cereal,Breakfast,19,2.51 TRY,47.69,35.85,NONE
"Apr 26, 2026",R654224,Soda,Beverages,3,"7,58",22.74,17.36,Cash
04/26/26,R447072,Milk,Dairy,1,2.01,2.01,1.11,
2026/04/26,R111202,Canned Soup,Canned Goods,17,1.1%,17.85,9.48 TRY,Cash
2026-04-26,R160808,Cereal,Breakfast,5,1.13,5.65,4.2%,Mobile
"Apr 26, 2026",R545167,cereal,Breakfast,2,3.20 EUR,6.4,4.01,N/A
26 Apr 2026,R498454,Cereal,Breakfast,14,1.86,26.04,20.28,Card
26.04.2026,R863702,Cereal,Breakfast,13,9.15,118.95,81.73,card
26 Apr 2026,R392284,Bread,Bakery,8,2.66,21.28,11.45,
2026/04/26,R361047,Cereal,Breakfast,18,2.92,52.56,28.42,card
26.04.2026,R293645,Canned Soup,Canned Goods,7,5.72,£40.04,31.84,
26/04/2026,R629219,bread,Bakery,9,6.58,₺59.22,38.87,Card
04/26/26,R592775,Milk ,Dairy,12,7.83,93.96,68.14,Mobile
04/26/2026,R985631,Soda,Beverages,12,2.5,30.0,20.49,CASH
2026-04-26,R649354,MILK,Dairy,9,8.53,76.77,39.5%,N/A
04/26/26,R507963,Canned Soup,Canned Goods,1,₺3.97,3.97,2.32,card
"Apr 26, 2026",R313250,Soda,Beverages,2,1.67 USD,3.34,2.21,CASH
"Apr 26, 2026",R485699,Milk,Dairy,15,6.43,,49.92,Card
"Apr 26, 2026",R276341,Cereal,Breakfast,10,8.16 TRY,81.6,46.89,Card
"Apr 26, 2026",R144059,Cereal,Breakfast,19,3.43,65.17,40.33,card
04/26/2026,R364248,Frozen Pizza,Frozen,8,8.62,68.96,42.12,Cash
26-04-2026,R706516,  Chips  ,Snacks,16,5.17,82.72 USD,54.97,Card
"Apr 26, 2026",R850622,Bread,Bakery,17,1.53,26.01,16.12,card
2026-04-26,R276447,  Cereal  ,Breakfast,6,1.67,10.02,7.51,Cash
04/26/26,R520118,Frozen Pizza,Frozen,4,"2,98",11.92,6.99,Mobile
26 Apr 2026,R646595,Cereal,Breakfast,12,6.52,78.24,44.27,CASH
26/04/2026,R290375,Milk,Dairy,9,₺4.35,39.15,23.2%,CASH
2026/04/26,R697671,Chips,Snacks,20,2.07,41.4,27.71,Card
26.04.2026,R194446,Chips,Snacks,2,9.83,19.7%,11.81,Mobile
26.04.2026,R535457,Soda,Beverages,11,"2,15",£23.65,13.45,Cash
26/04/2026,R264371,Cereal,Breakfast,14,8.49,118.86,65.67,CASH
26/04/26,R729985,Bread,Bakery,4,1.82,7.28,3.9,Mobile
26 Apr 2026,R567646,Cereal,Breakfast,16,3.86,61.76,42.40,
26/04/2026,R139231,Frozen Pizza,Frozen,20,7.34,"146,80",93.0,
04/26/2026,R343743,Chips,Snacks,15,6.87,103.05,70.59,
"Apr 26, 2026",R523928,Soda,Beverages,6,8.04,48.24,36.0,
26/04/2026,R724609,Soda,Beverages,16,5.3,84.8,58.6,
26/04/26,R780417,Canned Soup,Canned Goods,20,5.04,100.8,63.41,Card
26-04-2026,R790073,Milk,Dairy,4,8.05,32.2,20.67,Cash
2026-04-26,R782760,Canned Soup,Canned Goods,9,6.83,61.47,34.18,CASH
04/26/26,R744089,Chips,Snacks,15,4.46,66.9,50.93,card
04/27/2026,R660237,Cereal,Breakfast,3,2.41,7.23,4.33,null
27/04/2026,R406356,Canned Soup,Canned Goods,12,4.57,NA,31.28,Card
27/04/26,R876742,Milk,Dairy,6,3.49,20.94,14.35,Mobile
27/04/26,R771668,Milk,Dairy,1,4.81,4.81,2.43 EUR,-
04/27/2026,R270596,Milk,Dairy,9,7.65,68.85,41.22,Card
"Apr 27, 2026",R729017,Milk,Dairy,2,£8.80,17.60,13.36,
04/27/26,R866735,Canned Soup,Canned Goods,6,9.46,56.76,37.89,--
27-04-2026,R559831,Bread,Bakery,9,8.77,78.93 USD,52.44,card
27/04/2026,R683704,Cereal,Breakfast,16,1.28,20.48,15.35,Mobile
2026/04/27,R678472,Frozen Pizza,Frozen,10,7.9,79.0,56.16,
27 Apr 2026,R124136,Frozen Pizza,Frozen,20,8.73,174.6,94.16,
2026/04/27,R643851,Chips,Snacks,9,7.97,71.73,40.87,NULL
"Apr 27, 2026",R493947,Chips,Snacks,13,6.96,90.48,53.01,
27.04.2026,R141806,Chips,Snacks,9,€2.03,18.27,11.38,null
04/27/2026,R719754,Cereal,Breakfast,13,3.95,51.35,36.29,Cash
2026/04/27,R121039,Soda,Beverages,6,6.01,36.06,18.37,CASH
04/27/2026,R921020,Milk,Dairy,7,1.3,9.1,6.29,
27/04/26,R666089,Bread,Bakery,10,3.06,£30.60,18.55,
27.04.2026,R498459,Soda,Beverages,8,3.39,27.12,"19,29",CASH
27.04.2026,R786668,Bread,Bakery,4,5.89,23.56,17.2,CASH
"Apr 27, 2026",R184735,Frozen Pizza,Frozen,10,"3,17",31.7,21.69,Cash
none,R161772,Frozen Pizza,Frozen,16,6.09,97.44,"49,33",--
27.04.2026,R868600,Bread,Bakery,6,8.77,52.62,37.69,CASH
2026-04-27,R374300,frozen pizza,Frozen,16,6.98,111.68,62.17,Mobile
27/04/2026,R936913,Milk,Dairy,14,4.17,58.38,40.33,CASH
27/04/2026,R350441,Canned Soup,Canned Goods,15,2.02,30.3,17.8,Cash
04/27/26,R929180,Bread,Bakery,19,8.35,158.65,123.78,Cash
04/27/2026,R286288,bread,Bakery,5,1.03,5.15,"3,06",card
27-04-2026,R342603,Milk,Dairy,8,4.70,37.6%,19.35 USD,Card
04/27/26,R807486,frozen pizza,Frozen,19,2.12,null,21.65,
27.04.2026,R129399,Chips,Snacks,6,6.99,41.94,30.34,N/A
27/04/2026,R830043,Chips,Snacks,11,4.99,54.89,33.08,--
"Apr 27, 2026",R685023,Cereal,Breakfast,10,5.52,"55,20","29,50",Mobile
2026/04/27,R739231,FROZEN PIZZA,Frozen,4,6.59,£26.36,14.16,Cash
null,R626020,  Soda  ,Beverages,16,7.25,116.0,65.59,
27/04/2026,R543413,Soda,Beverages,14,4.97,69.58,54.90,NONE
27.04.2026,R325707,Soda,Beverages,1,4.50,4.5,2.37,Mobile
"Apr 27, 2026",R775874,Bread,Bakery,3,3.10,none,6.48,Card
2026-04-27,R682488,Chips,Snacks,6,9.32,N/A,38.55,Card
27/04/2026,R827100,Cereal ,Breakfast,1,7.36,7.36,5.72,
2026/04/27,R639906,Chips,Snacks,4,1.47,5.88,4.04,
"Apr 27, 2026",R506343,Canned Soup,Canned Goods,9,"9,49",85.4%,54.75,CASH
27/04/2026,R162096,Chips,Snacks,6,8.24,49.4%,36.59,Cash
27-04-2026,R797472,Canned Soup,Canned Goods,7,3.38,23.66,12.8%,card
2026-04-27,R394908,Frozen Pizza,Frozen,2,3.13,6.26,4.6%,card
04/27/26,R821505,Cereal,Breakfast,15,6.12,91.8,68.8%,Cash
27 Apr 2026,R435800,Frozen Pizza,Frozen,13,4.46,NONE,41.3,CASH
04/27/2026,R146935,Cereal,Breakfast,18,5.84,105.12,64.68,CASH
27/04/2026,R652876,Cereal,Breakfast,17,"2,28","38,76",26.63,
2026-04-27,R965883,Milk,Dairy,13,5.05,65.65,36.83,Cash
04/27/2026,R276862,Cereal,Breakfast,10,6.4%,63.7,35.15,
27 Apr 2026,R257828,cereal,Breakfast,16,4.04,€64.64,47.75,none
04/27/2026,R997934,Canned Soup,Canned Goods,10,1.34,--,$9.08,
27 Apr 2026,R624058,Milk,Dairy,6,9.42,56.52,29.88,Card
27/04/26,R368603,Chips,Snacks,7,9.54,"66,78",36.41,Cash
"Apr 27, 2026",R516235,Chips,Snacks,20,9.04,180.8,$127.55,Card
27 Apr 2026,R358564,Canned Soup,Canned Goods,13,8.5,110.5,£82.07,CASH
28 Apr 2026,R332889,Frozen Pizza,Frozen,16,7.65,122.4,70.30,
28-04-2026,R556792,Chips,Snacks,10,5.13,51.3,30.39,Card
28/04/26,R739829,Frozen Pizza,Frozen,3,6.3%,18.96,12.93,Cash
04/28/2026,R242341,Bread,Bakery,13,6.14,79.82,50.9,Cash
28.04.2026,R430294,Milk,Dairy,3,4.3,12.9,$7.91,N/A
28/04/2026,R996874,Cereal,Breakfast,19,9.87,187.5%,147.8,card
28/04/26,R171551,Frozen Pizza,Frozen,15,1.74,26.1,14.44,CASH
28/04/26,R658443,Chips,Snacks,18,"4,83",86.94,£46.28,card
28-04-2026,R858815,Frozen Pizza,Frozen,13,6.94,90.22,70.45,
28/04/26,R456333,Frozen Pizza,Frozen,1,6.92,6.92,3.83,
28/04/2026,R776070,soda,Beverages,9,2.86,25.74,15.07,Cash
28.04.2026,R968336,Cereal,Breakfast,11,2.57,28.27,22.44,Mobile
NONE,R902989,Frozen Pizza,Frozen,9,₺8.95,80.55,56.97,Card
04/28/26,R407918,Canned Soup,Canned Goods,12,4.21,50.5%,36.70 EUR,CASH
28/04/2026,R869416,Milk,Dairy,1,6.73,6.73 EUR,4.84,none
04/28/2026,R635841,Canned Soup,Canned Goods,18,8.25,148.5,91.01,--
"Apr 28, 2026",R231322,Frozen Pizza,Frozen,13,2.39,31.07,£20.20,NA
NONE,R723100,Soda,Beverages,1,€1.61,1.61,0.93,Mobile
28/04/2026,R670265,Cereal,Breakfast,4,5.82,23.28,12.3,card
28/04/2026,R477216,Milk,Dairy,10,5.7,57.0%,35.98,Cash
28/04/26,R748144,Cereal,Breakfast,4,7.37,29.5%,15.1%,card
28.04.2026,R232489,Soda,Beverages,4,1.14,4.56,2.91,CASH
2026/04/28,R999341,Chips,Snacks,19,8.75,166.25,117.01,card
"Apr 28, 2026",R109628,Frozen Pizza,Frozen,9,6.28,56.52,"37,48",CASH
04/28/26,R458971,Chips,Snacks,17,8.98 USD,152.66,84.77,Cash
28 Apr 2026,R566092,Chips,Snacks,18,8.22,147.96 TRY,92.59,null
04/28/2026,R733407,canned soup,Canned Goods,18,4.34,78.12,56.78,CASH
04/28/2026,R854313,BREAD,Bakery,13,1.98,25.74,19.69,n/a
04/28/2026,R460323,Cereal,Breakfast,6,4.82,28.92,17.54,Mobile
28-04-2026,R175151,Chips,Snacks,1,9.59,9.59,7.04,CASH
"Apr 28, 2026",R224010,Milk,Dairy,4,6.58,26.32,18.44,CASH
28 Apr 2026,R736527,Canned Soup,Canned Goods,16,"5,07","81,12",53.72,
28/04/2026,R856731,Canned Soup,Canned Goods,1,4.59,4.59,2.5,nan
28/04/2026,R142474,Chips,Snacks,15,2.17,32.55,16.61,Card
28.04.2026,R181089,Cereal,Breakfast,17,4.11,69.87,39.25,Mobile
"Apr 28, 2026",R505252,Frozen Pizza,Frozen,13,5.07,65.91,50.2%,Cash
28.04.2026,R622006,Bread,Bakery,3,8.82,26.46,17.01,Card
2026/04/29,R570207,Bread,Bakery,4,7.18,28.72,21.6,Cash
2026/04/29,R280156,Bread ,Bakery,7,2.75,19.25,10.49,
29.04.2026,R893404,Cereal,Breakfast,5,3.63,18.15,12.91,Card
2026-04-29,R195678,Canned Soup,Canned Goods,2,8.49,16.98,"12,15",null
29-04-2026,R508554,Canned Soup,Canned Goods,20,6.22,124.4,93.36,Cash
"Apr 29, 2026",R324415,Soda,Beverages,11,1.09,11.99,8.55,CASH
04/29/26,R601978,Soda,Beverages,8,6.16,49.28,36.56,Cash
2026/04/29,R879598,Bread,Bakery,3,8.15,24.45,14.19,Card
29.04.2026,R268633,Soda,Beverages,3,2.55,7.65,6.10,Card
"Apr 29, 2026",R437067,Canned Soup,Canned Goods,14,3.26,45.6%,23.56,NA
"Apr 29, 2026",R172183,Canned Soup,Canned Goods,4,2.88,11.5%,6.8%,Card
29/04/2026,R400239,Chips,Snacks,1,1.85,1.85,1.46,Mobile
29.04.2026,R460450,SODA,Beverages,19,8.28,157.32,87.43,card
29 Apr 2026,R715311,Bread,Bakery,6,₺1.59,9.54,5.43,Card
29/04/26,R936045,Cereal,Breakfast,2,3.76,$7.52,4.43,CASH
29 Apr 2026,R799913,Canned Soup,Canned Goods,18,3.29,59.22,29.7,
2026/04/29,R335816,Frozen Pizza,Frozen,8,8.97,71.8%,NONE,Card
04/29/26,R309920,Chips,Snacks,8,3.84,30.72,20.67,NA
"Apr 29, 2026",R468564,Bread,Bakery,1,1.22,null,0.64,CASH
29/04/2026,R881750,Frozen Pizza,Frozen,18,2.99,53.82,37.16,Mobile
29.04.2026,R806079,Milk,Dairy,11,8.79,96.69,76.33,Cash
2026-04-30,R661547,Soda,Beverages,5,6.04,30.2,16.67,Cash
2026/04/30,R454282,Bread,Bakery,1,6.69,6.69,3.41,Card
"Apr 30, 2026",R733730,Frozen  Pizza,Frozen,13,8.54,111.02,82.96,
30.04.2026,R810130,Chips,Snacks,10,"3,56","35,60",£23.32,CASH
30/04/26,R334243,Frozen Pizza,Frozen,4,7.88,€31.52,16.99,
04/30/2026,R951596,Cereal,Breakfast,8,6.52,52.16,30.52,CASH
2026-04-30,R707386,Frozen Pizza,Frozen,18,5.56,100.08,71.28 USD,Mobile
2026-04-30,R123596,Cereal,Breakfast,15,8.06,120.9,69.18,
30.04.2026,R709286,Canned Soup ,Canned Goods,10,4.72,47.20,29.9,card
2026-04-30,R987369,Frozen Pizza,Frozen,6,4.44,"26,64",13.73,CASH
04/30/2026,R359365,Canned Soup,Canned Goods,18,5.16,92.88,56.33,card
04/30/26,R133152,Canned Soup,Canned Goods,8,5.2,41.60,25.60,CASH
"Apr 30, 2026",R313184,Milk,Dairy,12,6.26,75.12,40.9,Card
30-04-2026,R913799,Cereal,Breakfast,11,9.76,107.36,59.69,-
04/30/2026,R817416,Canned Soup,Canned Goods,1,4.13,4.13,2.72 USD,
30 Apr 2026,R229538,Soda,Beverages,2,3.57,7.14,3.67,Mobile
30/04/2026,R948281,Milk,Dairy,9,3.29,29.61,"21,45",Mobile
04/30/2026,R460103,Frozen Pizza,Frozen,3,5.3%,--,8.67,Mobile
30/04/2026,R513715,Cereal,Breakfast,13,9.12,118.56,--,
30 Apr 2026,R905661,Canned Soup,Canned Goods,13,8.36,108.68,85.41,
30/04/2026,R666496,Chips,Snacks,20,5.26,105.20,77.47 USD,Card
--,R969821,Bread,Bakery,20,1.66,33.2,23.85 USD,Cash
2026/04/30,R276094,Bread,Bakery,18,9.92,178.56,100.93,card
2026-04-30,R184239,Soda,Beverages,4,3.96,15.8%,9.28,card
04/30/2026,R121166,Soda ,Beverages,8,1.43,11.44,5.93,Mobile
30-04-2026,R986679,Milk,Dairy,1,2.22,2.22,1.65,
30 Apr 2026,R787296,Soda ,Beverages,5,1.04,5.2,3.31 EUR,Card
30-04-2026,R491263,Soda,Beverages,2,4.2,₺8.40,5.23,CASH
30/04/2026,R637311,Canned Soup,Canned Goods,13,8.28,107.64,72.92,Cash
04/30/26,R933780,Cereal,Breakfast,9,8.55,76.95,48.6%,card
"Apr 30, 2026",R277674,CANNED SOUP,Canned Goods,14,8.65,121.1,62.33,
2026/04/30,R888594,CANNED SOUP,Canned Goods,17,9.19,156.23 USD,107.96,Mobile
"Apr 30, 2026",R158362,Soda,Beverages,17,8.76,148.92,"116,67",CASH
30-04-2026,R106549,Bread,Bakery,17,1.91,32.47,25.68,CASH
30.04.2026,R485436,Canned Soup,Canned Goods,3,2.49,7.47,5.61,nan
30/04/26,R816369,Canned Soup,Canned Goods,2,9.51,19.02,14.41,Cash
30/04/26,R388097,Chips,Snacks,20,4.64,92.8,51.27,card
N/A,R305098,Milk,Dairy,5,5.24,26.20,16.22,Card
2026/04/30,R558772,Cereal,Breakfast,11,3.67,40.4%,26.73,Cash
2026/04/30,R393315,Chips,Snacks,3,8.98,,19.99,Cash
30.04.2026,R349918,Cereal,Breakfast,7,7.3%,51.03,"36,56",CASH
30.04.2026,R346985,Chips,Snacks,4,1.55,6.2,3.29,Cash
"Apr 30, 2026",R971122,Bread,Bakery,5,5.06,25.3,18.14,NULL
30/04/26,R478396,Frozen Pizza,Frozen,13,4.87,63.31,34.94,CASH
30 Apr 2026,R896080,Soda,Beverages,19,7.24,137.56,103.22 TRY,CASH
30-04-2026,R168063,Cereal,Breakfast,3,1.1,3.3,2.08,Card
30/04/26,R437115,Milk,Dairy,10,8.47,84.7,55.86,CASH
"Apr 30, 2026",R377640,Cereal,Breakfast,17,9.2%,"156,06",90.51,none
30.04.2026,R249697,CHIPS,Snacks,13,7.21,93.73,NONE,
2026/04/30,R232568,soda,Beverages,6,4.20 EUR,25.2,13.2,
NONE,R781143,Bread,Bakery,8,8.78,70.24,51.5,Mobile
04/30/2026,R747010,Bread,Bakery,11,1.34,14.74,8.7%,
04/30/26,R606202,Frozen Pizza,Frozen,6,8.25,49.50,--,
30/04/26,R992383,Cereal,Breakfast,10,9.08,90.80,56.83,card
04/30/2026,R942347,Milk,Dairy,1,6.94,6.94,4.67,Card
2026/04/30,R992201,Bread,Bakery,16,2.60,41.60,26.69,Card
30.04.2026,R397436,Milk,Dairy,17,7.76 USD,131.92,70.09,Mobile
30-04-2026,R929148,Canned Soup,Canned Goods,4,3.39,13.56,7.54,CASH
30/04/2026,R639708,Bread,Bakery,7,2.94,20.58,14.06 EUR,CASH
30/04/26,R314889,Soda,Beverages,18,8.2%,147.06,110.73,
2026/04/30,R276359,Cereal,Breakfast,1,2.54,2.54,1.77,Mobile
"Apr 30, 2026",R994646,Milk,Dairy,6,4.38,26.28,N/A,CASH
2026-04-30,R183343,Milk,Dairy,4,2.67,€10.68,5.89,
"Apr 30, 2026",R610812,Chips,Snacks,9,"5,05",45.5%,26.09,Mobile
04/30/2026,R962037,Frozen Pizza ,Frozen,9,5.04,45.36,-,n/a
04/30/26,R857455,Milk,Dairy,6,2.33,13.98,8.49,card
04/30/26,R707992,Soda,Beverages,18,9.69,"174,42",139.22,NA
30.04.2026,R835693,  Canned Soup  ,Canned Goods,17,5.46,92.82,50.79,NA
04/30/2026,R829285,Chips,Snacks,3,3.61,10.83,5.59,
30.04.2026,R545449,Cereal,Breakfast,5,8.44,42.20,25.80,CASH
"Apr 30, 2026",R103756,Chips,Snacks,3,7.54,22.62,12.31,--
30.04.2026,R929717,Frozen Pizza,Frozen,20,3.09,61.8,38.85,CASH
04/30/26,R440221,Frozen Pizza,Frozen,4,8.85,35.4,17.95,Card
05/01/2026,R510236,Cereal,Breakfast,6,4.36,"26,16",14.7%,Cash
2026-05-01,R891163,Canned Soup,Canned Goods,1,1.06,1.06 USD,0.74,Cash
01.05.2026,R439568,Bread,Bakery,4,3.65,14.6,8.5,
01-05-2026,R639271,FROZEN PIZZA,Frozen,4,5.55,22.20,14.22,CASH
01-05-2026,R545908,Frozen Pizza,Frozen,15,2.51,37.65,29.34,Cash
01/05/26,R774845,milk,Dairy,11,2.03,22.33,12.81,null
05/01/2026,R447372,Cereal,Breakfast,17,1.74,29.58,15.33,
05/01/26,R338114,Soda,Beverages,5,8.73,43.65,27.96,CASH
2026/05/01,R346077,Canned Soup,Canned Goods,13,3.46,44.98,33.84,null
"May 01, 2026",R921770,Soda,Beverages,2,9.68,19.36,10.14,Card
01/05/26,R195405,Cereal,Breakfast,18,2.48,"44,64","28,28",CASH
2026-05-01,R198193,Cereal,Breakfast,7,2.57,17.99,9.79,Cash
05/01/26,R350967,Milk,Dairy,7,7.22,50.54,30.7,Card
"May 01, 2026",R986665,Frozen Pizza,Frozen,6,8.1,48.6,30.07,Cash
null,R751958,Bread,Bakery,5,5.57,27.85,17.84,CASH
01 May 2026,R227123,Chips,Snacks,3,4.86,14.58,7.67,Cash
01 May 2026,R579841,Bread ,Bakery,12,7.14,85.68,64.23,Mobile
01/05/26,R596849,Chips,Snacks,5,4.78,-,"16,92",card
01/05/2026,R681793,Milk,Dairy,10,2.52,"25,20",18.6,Cash
2026/05/01,R322860,Bread,Bakery,18,2.04,36.72,22.76,Card
01-05-2026,R666930,Frozen Pizza,Frozen,11,2.81,30.91,17.46,Mobile
05/01/2026,R358185,Soda,Beverages,12,1.64,19.68,10.24,card
05/01/2026,R166771,canned soup,Canned Goods,12,2.0,,14.4,nan
01.05.2026,R240267,Chips,Snacks,13,7.2,93.6,72.3%,Card
01.05.2026,R267957,Bread,Bakery,12,1.43,17.16,8.8,Card
"May 01, 2026",R138968,Milk,Dairy,3,8.95,26.9%,19.63,Card
01-05-2026,R669587,Bread,Bakery,6,3.28,19.68 EUR,11.59,n/a
01-05-2026,R544005,Bread,Bakery,3,9.73,29.19,17.67,card
01-05-2026,R901659,Chips,Snacks,8,1.15,"9,20",NONE,-
"May 01, 2026",R469697,  Cereal  ,Breakfast,7,"5,25",36.75,€27.79,Card
"May 01, 2026",R113935,CANNED SOUP,Canned Goods,14,6.29,88.06,46.22,
01/05/2026,R945730,Cereal,Breakfast,16,2.96,47.4%,26.56,Cash
"May 01, 2026",R446328,Canned Soup,Canned Goods,9,€6.69,60.21,30.8%,
2026/05/01,R316690,Milk,Dairy,11,1.07,11.77,NULL,card
01.05.2026,R227378,Soda,Beverages,9,2.68,24.12,18.47,CASH
01-05-2026,R594147,Canned Soup,Canned Goods,16,"1,69",27.04,19.65,Cash
2026-05-01,R621099,Bread,Bakery,8,1.07,€8.56,5.05,
"May 01, 2026",R500126,CANNED SOUP,Canned Goods,7,5.7%,"39,76","22,67",Mobile
"May 01, 2026",R941409,Cereal,Breakfast,20,5.5%,110.2,83.13,CASH
01/05/26,R472006,Milk,Dairy,15,2.99,n/a,33.54,NONE
05/01/26,R706589,Cereal,Breakfast,11,3.11,34.21,22.9,
01-05-2026,R714002,Frozen Pizza,Frozen,13,6.03,78.39 EUR,59.21,card
2026/05/01,R973366,Cereal,Breakfast,5,7.88,39.4,22.28 USD,
2026/05/01,R895106,Frozen Pizza,Frozen,12,7.57 EUR,90.84,69.05,CASH
"May 01, 2026",R672941,Cereal,Breakfast,18,2.83,50.94,27.26,
2026-05-01,R117397,Canned Soup,Canned Goods,8,1.37,$10.96,"8,72",
05/01/2026,R957981,Frozen Pizza,Frozen,18,9.05,162.90 EUR,85.54 USD,card
01/05/26,R948009,Soda,Beverages,5,8.03,40.15,21.63,Cash
01-05-2026,R387946,Soda,Beverages,3,2.33,7.0%,4.97 USD,--
2026/05/01,R395960,Cereal,Breakfast,7,9.03,63.21,37.14,Mobile
01.05.2026,R754583,Chips,Snacks,1,4.57,4.57,3.32,Cash
05/01/2026,R676044,Frozen Pizza,Frozen,20,4.27,85.4,42.8%,Cash
01/05/26,R381699,Bread,Bakery,11,7.19,79.1%,54.68,CASH
NONE,R527452,Canned Soup ,Canned Goods,18,1.77,31.86,19.72,Card
05/02/26,R458229,Bread,Bakery,17,3.09,52.53,31.85 USD,Mobile
"May 02, 2026",R581043,Milk,Dairy,2,9.21,₺18.42,9.5%,card
2026/05/02,R589274,Chips,Snacks,8,4.48,35.84,17.99,Cash
02/05/26,R705341,Canned Soup,Canned Goods,20,"4,47",89.4,44.93,Cash
2026/05/02,R257802,Frozen Pizza,Frozen,19,7.31,138.89,110.2%,CASH
02/05/2026,R943622,Chips,Snacks,3,5.81,17.43,12.96,Mobile
02/05/2026,R579259,Bread,Bakery,10,5.19,51.90,38.29,Card
05/02/2026,R124965,Bread,Bakery,8,4.33,34.64,18.73,
02.05.2026,R615669,FROZEN PIZZA,Frozen,3,6.77,20.31,12.89,CASH
NONE,R938993,Chips,Snacks,4,3.0,12.0,9.4%,Card
02-05-2026,R288706,Milk,Dairy,6,6.93,41.58,26.15 USD,card
02.05.2026,R416689,CANNED SOUP,Canned Goods,5,7.76,38.8,19.74,
02-05-2026,R686562,Soda,Beverages,8,7.09,56.72,29.23,Card
2026/05/02,R486737,Cereal,Breakfast,13,"3,27",42.51,33.91,Cash
02-05-2026,R146445,Frozen Pizza,Frozen,9,2.15,19.35,10.07,card
2026/05/02,R298049,Chips,Snacks,7,8.33,58.31,31.77,Mobile
02/05/2026,R126078,Cereal,Breakfast,14,9.08,127.12,98.04,NA
05/02/2026,R437093,Canned Soup,Canned Goods,19,5.15,97.85,72.19 EUR,Mobile
02/05/2026,R909759,Milk,Dairy,13,9.28,120.64,£67.69,Card
05/02/2026,R787571,Cereal,Breakfast,5,5.84,"29,20",19.93,card
"May 02, 2026",R522295,Frozen Pizza,Frozen,16,"7,99","127,84",90.24,--
02/05/2026,R829892,Frozen Pizza,Frozen,2,2.5,5.00,2.60,NONE
2026/05/02,R628704,Soda,Beverages,14,2.93,41.02,26.42,Mobile
"May 02, 2026",R881423,Milk,Dairy,13,1.69,21.97,NULL,
02/05/2026,R444042,  Soda  ,Beverages,2,4.78,€9.56,7.2%,Card
02/05/2026,R383511,Cereal,Breakfast,7,9.3,65.10,34.56,
02/05/2026,R801007,bread,Bakery,16,4.0,64.0,47.37,card
02/05/26,R419994,Canned Soup,Canned Goods,19,"5,76",109.44,73.49,Mobile
2026/05/02,R243830,Soda,Beverages,18,9.38,"168,84",91.61,
05/02/26,R952110,Frozen Pizza,Frozen,15,6.88,103.2,82.31,Mobile
2026/05/02,R246515,Milk,Dairy,16,2.65,42.4,31.81,NA
"May 02, 2026",R313461,CEREAL,Breakfast,14,4.25 TRY,59.5,"32,80",card
2026/05/02,R706249,Bread,Bakery,6,9.7%,58.38,45.19,Card
02-05-2026,R725548,Cereal,Breakfast,8,6.01,48.08,28.59,Cash
2026-05-02,R118488,Cereal,Breakfast,19,9.99,189.81,$124.29,NA
02/05/26,R317186,Frozen Pizza,Frozen,11,1.77,$19.47,$13.24,card
02/05/26,R113176,Chips,Snacks,8,4.7,37.6,28.27,Card
"May 03, 2026",R826540,Cereal,Breakfast,6,6.86,41.16,24.01,CASH
05/03/2026,R552633,Chips,Snacks,17,"8,23",139.91,99.25,Card
03-05-2026,R542119,Frozen Pizza,Frozen,15,3.13,46.95,26.22,Card
03-05-2026,R465635,Canned Soup,Canned Goods,7,4.73,33.1%,24.97,Card
03.05.2026,R627953,Cereal ,Breakfast,19,4.59,87.21 TRY,60.07,none
2026/05/03,R600231,Chips,Snacks,3,7.26,21.78 EUR,£13.25,Card
03-05-2026,R210153,Chips,Snacks,5,2.12,10.6,7.1,Mobile
"May 03, 2026",R205273,Bread,Bakery,8,3.76,30.08,18.45,Mobile
03/05/26,R427878,Milk,Dairy,8,"9,06",72.48,55.29,nan
03/05/2026,R510357,Frozen Pizza,Frozen,18,9.34,168.12,"106,30",Card
03/05/2026,R763229,Bread,Bakery,16,7.42,118.72,69.34,
03 May 2026,R884949,Frozen Pizza,Frozen,18,6.65,119.70,74.17,CASH
05/03/26,R183044,Bread,Bakery,10,9.67 USD,€96.70,59.54,
05/03/2026,R228292,MILK,Dairy,19,8.31,157.89,123.02,
05/03/26,R390523,Bread,Bakery,9,3.74,₺33.66,$22.14,
05/03/26,R941425,Bread,Bakery,20,9.65,193.0,145.23,Cash
2026/05/03,R961170,SODA,Beverages,17,"1,68","28,56",14.3,n/a
03/05/26,R190780,Bread,Bakery,10,1.39,13.9,7.51,Mobile
03 May 2026,R219402,Chips,Snacks,12,6.19,74.28,50.78,
03-05-2026,R334830,Cereal,Breakfast,4,1.81,7.24,3.9%,
05/03/26,R593874,Cereal,Breakfast,6,5.73,34.38,17.26,Mobile
03/05/2026,R994660,Canned Soup,Canned Goods,9,2.1,18.9,10.14,Cash
03 May 2026,R316477,Cereal,Breakfast,16,7.8,124.8,82.53,Mobile
04-05-2026,R687078,Canned Soup,Canned Goods,20,4.35,87.00,"62,73",CASH
2026/05/04,R537999,soda,Beverages,7,6.05,42.35,24.32,CASH
05/04/2026,R459220,Cereal,Breakfast,7,3.47,24.29,12.38,CASH
04.05.2026,R871171,Frozen Pizza,Frozen,17,9.8,166.6,85.76,CASH
04/05/2026,R448979,  Bread  ,Bakery,1,5.38,5.38,3.61,Card
04.05.2026,R358169,Cereal,Breakfast,14,2.66,37.24,21.78,Mobile
04 May 2026,R580781,Bread,Bakery,20,2.05,41.0,-,Cash
04 May 2026,R834465,Cereal,Breakfast,6,5.75,"34,50",-,
05/04/26,R807384,Soda,Beverages,13,2.38,30.94,21.7%,none
2026-05-04,R228354,Chips,Snacks,1,3.29,€3.29,2.06 TRY,CASH
--,R523427,Cereal,Breakfast,11,2.11,23.21,"17,13",CASH
2026/05/04,R664584,  Cereal  ,Breakfast,2,1.93,3.86,2.16,
2026/05/04,R418340,Chips,Snacks,14,1.1%,15.40,12.1,null
04-05-2026,R809482,Frozen Pizza,Frozen,20,4.44,88.8,54.35,Card
05/04/26,R223714,Soda,Beverages,20,5.66,113.2%,63.01,N/A
2026/05/04,R826977,Soda,Beverages,3,1.1,3.3,1.93,n/a
2026-05-04,R165310,Soda,Beverages,9,2.48,22.32,14.22,NONE
04/05/2026,R851295,Milk,Dairy,2,1.91,3.82,2.63,nan
"May 04, 2026",R507731,Soda,Beverages,12,9.35,112.2,68.19,-
04.05.2026,R506760,Chips,Snacks,14,1.2%,17.08,13.54,Card
05/04/2026,R999749,Soda,Beverages,14,3.52,49.28,35.59 USD,none
2026-05-04,R612750,Bread,Bakery,10,9.49,94.90 TRY,71.49,Mobile
04/05/2026,R570888,Milk,Dairy,3,1.05,3.15,2.51,
2026/05/04,R889184,Frozen Pizza,Frozen,8,5.31,null,27.5,Card
04-05-2026,R806155,Canned Soup,Canned Goods,4,1.97 USD,7.88,4.83,card
04.05.2026,R807507,Soda,Beverages,5,6.8,34.0,18.13,
04-05-2026,R852100,Bread,Bakery,18,3.82,₺68.76,39.57,Cash
05/04/26,R109464,Soda,Beverages,12,4.11,49.32,34.79,Card
04.05.2026,R856535,Frozen Pizza,Frozen,15,8.03,120.45,95.65,card
05/04/2026,R517311,Chips,Snacks,20,3.85,n/a,$49.26,Cash
"May 04, 2026",R960096,Canned Soup,Canned Goods,6,4.26,25.56,16.48,card
05/04/2026,R912923,Bread,Bakery,15,5.15,77.25,38.63,
04-05-2026,R317787,Cereal,Breakfast,2,1.56,3.12,2.35,CASH
"May 04, 2026",R297436,Bread,Bakery,6,9.96,59.76,41.05,CASH
04 May 2026,R736710,Milk,Dairy,17,2.02,34.34,"19,16",Cash
05/04/2026,R910760,Chips,Snacks,13,4.25,55.25,30.22,null
04.05.2026,R407594,Cereal,Breakfast,6,9.22,55.32,43.27,Mobile
05/04/26,R264691,Canned Soup,Canned Goods,14,8.33,116.62,63.91 EUR,CASH
05/04/26,R463060,Chips,Snacks,14,5.6%,78.96,42.98,Card
04-05-2026,R566498,soda,Beverages,3,3.72 EUR,11.16,6.97,NULL
2026-05-04,R677951,Bread,Bakery,7,8.48,"59,36",30.31,
05 May 2026,R526182,Bread,Bakery,20,4.90,98.0,69.49,Cash
2026-05-05,R809660,Bread,Bakery,14,3.28,45.92,32.26,Mobile
"May 05, 2026",R494482,Canned Soup,Canned Goods,12,8.34,100.08,78.58,Mobile
05-05-2026,R548618,Frozen Pizza,Frozen,17,5.21,88.57,61.61,
05/05/2026,R270200,Cereal,Breakfast,5,9.70,48.50,32.07,Mobile
05-05-2026,R248822,Canned Soup,Canned Goods,8,1.05,8.4,6.46,Card
2026/05/05,R538080,Frozen Pizza,Frozen,5,8.61,null,29.91,Mobile
05 May 2026,R277043,Frozen Pizza,Frozen,2,5.83,11.66,$7.47,
05/05/26,R275748,Cereal,Breakfast,15,2.89,43.35,24.17,
"May 05, 2026",R247815,Frozen Pizza,Frozen,18,1.06,19.08,12.17,CASH
05/05/26,R770920,  Milk  ,Dairy,10,5.33,53.30 EUR,26.98,Cash
05/05/2026,R407783,Bread,Bakery,16,4.91,78.56,56.7,card
05/05/26,R859266,chips,Snacks,4,1.65,6.6,3.59,Card
05/05/26,R157393,Bread,Bakery,8,2.85,22.8,13.13,Cash
05/05/2026,R208041,Milk,Dairy,3,7.01,21.03,14.06,none
05/05/2026,R132639,Cereal,Breakfast,10,2.4,24.0,13.94,card
05.05.2026,R941083,Canned Soup,Canned Goods,12,1.82,21.84,12.39,Cash
"May 05, 2026",R962866,Cereal,Breakfast,9,7.49,67.41,39.2,Card
05.05.2026,R821895,Milk,Dairy,12,3.06,£36.72,19.91,
05.05.2026,R302724,Cereal,Breakfast,5,8.48,42.4,$28.22,Mobile
05 May 2026,R111808,Soda,Beverages,17,1.88,31.96,€19.11,CASH
05.05.2026,R744113,Soda,Beverages,12,9.18,110.16,75.64,Cash
05/05/2026,R924981,Soda,Beverages,2,8.08,16.16,12.36,Cash
05 May 2026,R979113,Milk,Dairy,8,7.98,€63.84,41.04,
05/05/26,R818740,  Soda  ,Beverages,14,4.79,,NA,N/A
05.05.2026,R344878,Frozen Pizza,Frozen,14,9.96,139.44,86.09 USD,CASH
05-05-2026,R366997,Soda,Beverages,15,4.54,68.1,48.96,Card
05/05/2026,R155302,Bread,Bakery,8,8.83,70.6%,nan,nan
05/05/2026,R545730,Chips ,Snacks,1,2.39,2.39,1.82,Mobile
05/05/2026,R833662,Cereal,Breakfast,19,$8.33,158.27,111.33,
05-05-2026,R733369,Frozen Pizza,Frozen,2,3.25,£6.50,3.33,card
"May 05, 2026",R659183,Cereal,Breakfast,1,9.77,9.77,6.98,Card
"May 05, 2026",R959704,Bread,Bakery,12,1.42,nan,9.13,card
05/05/2026,R387771,Soda,Beverages,8,7.25,58.0,33.6%,Card
n/a,R175461,Frozen Pizza,Frozen,8,5.78,"46,24","25,09",CASH
05.05.2026,R683170,Cereal,Breakfast,7,9.4%,65.73,42.97,card
05/05/2026,R798044,Frozen Pizza,Frozen,18,7.85,141.30,80.16,card
--,R408156,Milk,Dairy,1,2.83,2.8%,1.83,NA
05 May 2026,R105476,BREAD,Bakery,14,1.64,23.0%,17.25,N/A
05.05.2026,R719035,Bread,Bakery,6,8.94,53.64,38.15,Mobile
05 May 2026,R479598,Frozen Pizza,Frozen,11,$2.82,31.02,23.11,Cash
05/05/2026,R100959,Cereal,Breakfast,7,7.89,55.23,39.42,CASH
05/05/26,R417830,Soda,Beverages,10,5.56,55.60 TRY,"31,15",Mobile
05/05/2026,R765965,Frozen Pizza,Frozen,20,4.22,--,59.38,Cash
05.05.2026,R134067,Cereal,Breakfast,18,"8,71",156.78,88.77 EUR,null
2026-05-05,R293973,Soda ,Beverages,14,"2,96",41.44,21.58,card
05/05/26,R414410,  Cereal  ,Breakfast,15,10.0,150.0,93.03,Card
2026/05/05,R294400,Cereal,Breakfast,12,3.39,40.68,32.24,card
05.05.2026,R943901,Bread,Bakery,15,6.0,90.00,$53.44,Card
05 May 2026,R578990,  Milk  ,Dairy,17,7.67,130.39,99.35,Cash
05.05.2026,R556568,Soda,Beverages,9,₺7.26,65.34,40.44,Cash
05 May 2026,R809103,  Chips  ,Snacks,7,7.92,55.44,41.42,Card
05 May 2026,R307698,Milk,Dairy,4,9.24,36.96,19.73,card
"May 05, 2026",R751956,Canned Soup,Canned Goods,4,2.59,10.36,7.07,Mobile
2026-05-05,R470468,Cereal,Breakfast,8,4.02,32.16,23.92,nan
"May 05, 2026",R396035,Canned Soup,Canned Goods,15,8.13,121.95 TRY,88.51,Cash
"May 05, 2026",R735330,Chips,Snacks,8,7.43,59.44,"39,08",Mobile
2026-05-05,R759395,Bread,Bakery,20,2.99,59.8,"40,74",CASH
05/05/2026,R988597,Chips,Snacks,15,9.2,138.0,71.83,
05/05/26,R944164,Chips,Snacks,7,3.09,21.63,11.25,Mobile
"May 05, 2026",R294585,  Chips  ,Snacks,13,2.65,$34.45,24.2,--
06 May 2026,R899296,Soda,Beverages,15,8.77,131.55,NULL,Card
06.05.2026,R646072,Milk,Dairy,17,7.18,£122.06,84.23,null
2026-05-06,R143957,Bread,Bakery,20,"1,98",39.6,30.24,Card
06.05.2026,R464793,Bread,Bakery,12,3.31,39.72,28.6,none
05/06/2026,R621324,Cereal,Breakfast,20,9.09,181.8%,120.35,card
06 May 2026,R517877,Milk,Dairy,1,5.91,5.91 EUR,3.5%,Mobile
06 May 2026,R432472,Frozen Pizza,Frozen,7,"9,72",68.04,50.83,Card
05/06/2026,R811428,Soda,Beverages,19,7.48,142.12,101.30,Card
none,R518572,Canned Soup,Canned Goods,16,£5.32,85.12,56.31,Cash
06/05/2026,R594261,Milk,Dairy,10,5.05,50.50 EUR,34.75,card
2026-05-06,R418640,milk,Dairy,19,8.16,155.04,109.03,Mobile
05/06/26,R817778,Frozen Pizza,Frozen,3,1.19,3.57,2.46,Card
"May 06, 2026",R222809,Canned Soup,Canned Goods,8,1.53,12.24,6.66,Mobile
2026/05/06,R457952,Canned Soup,Canned Goods,13,7.92,102.96,£65.64,
06.05.2026,R276960,Chips,Snacks,16,9.46,151.36,77.32,Mobile
06.05.2026,R520078,Soda,Beverages,4,8.52,34.08,19.02,nan
05/06/2026,R792344,Frozen Pizza,Frozen,4,6.0%,23.88,17.16 EUR,Card
2026/05/06,R369230,Canned Soup,Canned Goods,4,5.82,"23,28",17.72,Cash
"May 06, 2026",R472528,Soda,Beverages,6,5.38,32.28,25.15,CASH
05/06/2026,R300025,Frozen Pizza,Frozen,4,4.89,19.56,14.79,CASH
06 May 2026,R258653,Soda,Beverages,5,€2.32,11.6,5.83,Cash
06/05/26,R576146,Milk,Dairy,1,8.54,8.54,5.25,Card
06-05-2026,R741599,Cereal,Breakfast,2,9.59,19.18,14.4,
06/05/2026,R932170,Chips,Snacks,20,9.7,194.0,97.5,Mobile
06/05/2026,R308280,Cereal,Breakfast,14,2.02,28.28,22.54,Cash
2026-05-06,R301264,Soda,Beverages,13,1.40,18.2,9.67,Cash
05/06/26,R510250,Canned Soup,Canned Goods,17,8.35,141.95,--,
05/06/2026,R344790,Bread,Bakery,8,9.24,73.92,40.5,
05/06/2026,R582919,Milk,Dairy,6,8.68,52.08,32.9%,Mobile
2026/05/06,R510397,Soda,Beverages,18,5.95,107.1,66.78,Card
05/06/26,R414538,Canned Soup,Canned Goods,3,"6,48",19.44,11.24,Cash
06/05/2026,R165665,Canned Soup,Canned Goods,9,₺1.04,9.36,6.48,N/A
nan,R696899,CHIPS,Snacks,20,7.54,150.8,86.6,Cash
"May 06, 2026",R965528,Milk,Dairy,13,3.13,40.7%,21.99,card
06 May 2026,R712177,Frozen Pizza,Frozen,7,6.38,44.66,35.33,Mobile
2026/05/06,R391471,Frozen Pizza,Frozen,7,2.36,16.52 USD,9.75,Cash
2026-05-06,R942478,Canned Soup,Canned Goods,13,"8,79",114.27,78.32,CASH
06/05/26,R842362,Milk,Dairy,10,1.51,15.1,11.11,NULL
05/06/2026,R917377,Soda,Beverages,1,7.05,7.05,4.94,Cash
2026-05-06,R947082,Milk,Dairy,20,9.52,190.4,110.22,Mobile
2026/05/06,R736487,Bread,Bakery,12,"1,24",14.88,"10,30",card
2026/05/06,R414746,Canned Soup,Canned Goods,16,2.82,45.12,"26,07",Mobile
06.05.2026,R564379,Chips,Snacks,14,8.84,123.76,76.63,Mobile
"May 06, 2026",R963317,Chips,Snacks,16,2.25,36.0,22.42,NULL
"May 06, 2026",R582509,Canned Soup,Canned Goods,15,2.83,"42,45",28.28,Cash
06 May 2026,R419273,Soda,Beverages,10,4.85,48.5,35.59,CASH
06/05/26,R223715,Chips,Snacks,4,9.62,38.48,none,CASH
05/06/26,R859415,Soda,Beverages,20,8.97,179.40,113.1,card
06-05-2026,R915530,Frozen Pizza,Frozen,12,9.05,108.6,59.91,Card
--,R885955,Cereal,Breakfast,17,4.11,"69,87",51.99,card
NA,R696468,Canned Soup,Canned Goods,11,8.54,93.94,73.44,CASH
2026/05/06,R559531,Cereal,Breakfast,3,7.98,null,15.5%,
06.05.2026,R594894,Soda,Beverages,8,1.63,13.04,"7,31",
2026-05-06,R744028,Soda,Beverages,5,8.05,40.25,25.49,card
2026-05-06,R786114,Canned Soup,Canned Goods,20,4.25,85.0,58.57,CASH
06/05/2026,R887858,Soda,Beverages,12,5.84,70.08,52.81,card
06 May 2026,R238502,Soda,Beverages,20,9.17,183.4,133.01,card
05/06/2026,R952103,Milk,Dairy,6,4.58,€27.48,19.49,Card
2026-05-06,R828309,Bread,Bakery,2,6.01,12.0%,--,Cash
05/06/26,R240840,Frozen Pizza,Frozen,3,9.08,27.24,20.41,n/a
2026-05-06,R279334,Chips,Snacks,14,9.37,131.18,"101,31",card
07/05/26,R439422,Bread,Bakery,3,2.61,7.83,5.88,n/a
07/05/2026,R195673,Frozen  Pizza,Frozen,7,4.94,34.58 TRY,22.71,Card
07-05-2026,R520813,Chips,Snacks,16,7.78,124.5%,90.22,N/A
05/07/2026,R396917,Cereal,Breakfast,3,9.04,27.12 USD,14.11,
07 May 2026,R648477,Bread,Bakery,6,4.62,N/A,20.03,
07.05.2026,R313074,Chips,Snacks,15,7.89,€118.35,61.34,NULL
07 May 2026,R310477,Bread,Bakery,16,7.41,118.6%,66.34,
05/07/26,R504952,soda,Beverages,16,2.95,47.20,25.74,card
07/05/2026,R913740,Bread,Bakery,5,7.32,€36.60,24.20,CASH
2026-05-07,R372551,Canned Soup,Canned Goods,11,4.98,54.78,34.34 USD,
2026/05/07,R606956,Chips,Snacks,4,8.11,32.44,17.49,
07-05-2026,R793417,Bread,Bakery,8,1.69 EUR,13.52,6.93,Card
07 May 2026,R282429,Soda,Beverages,8,3.3%,26.40,21.00,card
05/07/2026,R632851,Frozen Pizza,Frozen,10,4.72,47.2,36.93,CASH
2026-05-07,R509304,Milk,Dairy,17,€1.03,17.51,13.9,
NA,R128847,Soda,Beverages,13,9.72,126.36,91.53,
07.05.2026,R832652,Milk,Dairy,19,1.82,34.58,22.26,Card
2026-05-07,R812130,Cereal,Breakfast,13,6.84,88.92,49.18,CASH
07/05/26,R489060,Milk,Dairy,1,3.32,3.32,"2,05",Card
05/07/26,R103795,Frozen Pizza,Frozen,5,1.38,6.90,3.66,
2026-05-07,R911038,Soda,Beverages,3,2.23 TRY,6.69,5.1%,card
07 May 2026,R767886,Chips,Snacks,7,7.24,"50,68",34.84,nan
07-05-2026,R882500,Bread,Bakery,9,8.30,74.7,42.43,Card
05/07/26,R244006,Milk,Dairy,8,7.9,63.2,46.51,Cash
07-05-2026,R222029,Cereal,Breakfast,16,4.51,72.2%,40.48,Mobile
07-05-2026,R449879,Cereal,Breakfast,15,"9,52",142.8,84.88,Cash
07-05-2026,R446163,Frozen Pizza,Frozen,16,7.56,120.96 USD,62.46,CASH
"May 07, 2026",R861000,Cereal,Breakfast,18,2.23,40.14,30.45,Card
--,R922061,Soda,Beverages,15,8.5%,128.0%,97.21 EUR,card
"May 07, 2026",R867007,Bread,Bakery,13,9.53,123.89,97.93,Mobile
2026/05/07,R201292,SODA,Beverages,20,7.86,157.2,108.83,Mobile
05/07/26,R630008,Bread,Bakery,8,3.20,25.6,18.45,Cash
07/05/2026,R428588,Canned Soup,Canned Goods,6,3.70,22.2,14.58,Mobile
05/07/2026,R252392,Frozen Pizza,Frozen,19,8.54,162.26,124.94,card
07 May 2026,R973802,Frozen Pizza,Frozen,8,7.3%,58.16,45.72,card
"May 07, 2026",R164629,  Chips  ,Snacks,12,7.66,91.92,51.73,card
05/07/26,R219573,Bread,Bakery,4,4.39,17.56,9.0%,Cash
2026/05/07,R305837,Canned Soup,Canned Goods,9,4.85,43.65,33.41,
"May 07, 2026",R570162,Canned Soup,Canned Goods,15,2.57,38.55,20.78,card
07.05.2026,R324500,Soda,Beverages,13,4.91,63.83,50.84,
05/07/2026,R778746,CEREAL,Breakfast,12,8.49,101.88,53.87,Card
07 May 2026,R187426,Frozen Pizza,Frozen,12,5.9,70.80,54.03,Card
07/05/2026,R209731,Chips,Snacks,1,1.78,1.78,1.39,card
2026/05/07,R805925,Canned Soup,Canned Goods,18,1.2%,21.78,12.36,CASH
07/05/2026,R141364,Cereal,Breakfast,15,7.24,108.6,71.94,Mobile
07/05/2026,R249611,Chips,Snacks,20,5.7%,113.0,89.58,Cash
2026-05-07,R356330,Cereal,Breakfast,20,3.25,65.0,$47.96,card
-,R525125,Canned Soup,Canned Goods,14,2.87,-,25.4%,Mobile
"May 07, 2026",R517668,Canned Soup,Canned Goods,18,1.96,35.28,"23,81",Cash
n/a,R595586,Soda,Beverages,18,8.6,154.80,90.64,Card
07.05.2026,R290290,Frozen Pizza,Frozen,9,8.50,76.5,50.18,
2026-05-07,R337113,Milk,Dairy,18,7.99,143.82,107.7,card
"May 07, 2026",R917827,Milk,Dairy,6,1.67,€10.02,5.39,Card
2026/05/07,R382030,Soda,Beverages,17,8.52,"144,84",115.44 TRY,CASH
07.05.2026,R753385,Milk,Dairy,3,1.42,4.26 TRY,2.68,
05/07/26,R967944,Soda,Beverages,14,6.04,84.56,64.1,card
07 May 2026,R629525,Soda,Beverages,8,6.39,51.12,"27,45",
"May 07, 2026",R762876,Canned Soup,Canned Goods,1,3.94,3.94,2.75,Card
07.05.2026,R660229,Canned Soup,Canned Goods,6,4.22,€25.32,14.0,Card
2026-05-07,R428216,  Bread  ,Bakery,12,8.23,98.76,52.32,Card
07/05/2026,R353390,Cereal,Breakfast,1,3.87,3.87,2.17,
"May 07, 2026",R710559,Canned Soup,Canned Goods,2,3.62,7.24 TRY,€4.76,Cash
05/07/2026,R771321,Soda,Beverages,14,7.03,98.42,65.94,
05/07/2026,R547783,Bread,Bakery,4,2.7,10.8,5.59,Cash
"May 07, 2026",R583568,Milk,Dairy,2,3.57,7.14,3.92,Mobile
07/05/26,R851363,Bread,Bakery,19,8.92,169.5%,99.57,Card
07 May 2026,R951708,  Bread  ,Bakery,12,9.97,119.64,74.7,Mobile
07/05/26,R424870,Frozen Pizza,Frozen,11,7.2,"79,20",55.21,Mobile
07 May 2026,R263810,Milk,Dairy,10,7.09,70.9,46.01,CASH
2026-05-07,R981985,Frozen Pizza,Frozen,14,7.11,99.54,61.15,NULL
--,R576891,Cereal,Breakfast,5,3.02 USD,15.10 EUR,"11,90",
05/07/26,R931864,Cereal,Breakfast,12,2.66,31.92,16.66,null
2026/05/07,R576746,Milk,Dairy,11,3.47,38.17,"23,91",CASH
05/07/26,R888118,Soda,Beverages,19,2.2,41.8,22.59,Cash
07 May 2026,R791696,milk,Dairy,14,9.71,135.94,82.39,CASH
"May 07, 2026",R240280,Frozen Pizza,Frozen,8,6.51,52.08,36.73,
08 May 2026,R206913,Canned Soup,Canned Goods,8,9.24,73.9%,41.95,card
05/08/26,R716893,Cereal,Breakfast,2,8.95,£17.90,£13.14,Mobile
05/08/26,R352307,Frozen Pizza,Frozen,14,5.17,72.38,46.0%,Mobile
05/08/26,R941633,Milk,Dairy,2,7.48,14.96,7.68,CASH
-,R804701,Frozen Pizza,Frozen,16,7.03,112.48,86.36,Cash
2026/05/08,R115443,Bread,Bakery,3,1.3,"3,90",2.97,-
08 May 2026,R792104,Cereal,Breakfast,10,"1,90",19.00,14.79,CASH
2026/05/08,R626796,Canned Soup,Canned Goods,6,2.51,"15,06",8.26,
08/05/26,R140747,Chips,Snacks,5,1.68,8.4,4.27,
05/08/26,R182565,Cereal,Breakfast,19,2.99,56.8%,28.62,CASH
2026/05/08,R805595,Bread,Bakery,14,5.4,"75,60",45.17,Cash
08/05/2026,R862353,Soda,Beverages,1,1.52,1.52,1.13,NA
2026/05/08,R590234,Canned Soup,Canned Goods,15,7.85,117.75,62.03,CASH
"May 08, 2026",R841384,Canned Soup,Canned Goods,14,4.22,59.08,42.58,
08 May 2026,R543334,Chips,Snacks,20,2.67,53.40,28.4%,Mobile
08/05/2026,R322479,Frozen Pizza,Frozen,14,7.4,103.60,67.95,Card
05/08/2026,R275743,Bread,Bakery,8,5.39 EUR,43.12,32.0,card
08/05/2026,R304130,Soda,Beverages,1,7.12,7.12,5.53,Mobile
08/05/26,R396081,Bread,Bakery,9,4.2,37.80 USD,22.27,Card
08/05/2026,R370468,Cereal,Breakfast,15,2.13,31.95,21.3,Card
08.05.2026,R930019,Milk,Dairy,10,$1.72,17.2,$8.81,
05/08/26,R448620,Frozen Pizza,Frozen,4,"9,53",38.12,30.39 EUR,NA
08.05.2026,R259171,Chips,Snacks,3,"6,76",20.28,$12.29,Mobile
05/08/2026,R544165,Soda,Beverages,7,9.22,64.54,35.26,card
2026-05-08,R397099,Cereal,Breakfast,18,$5.43,97.74,51.49,NULL
08-05-2026,R746734,Soda,Beverages,5,7.3,36.5,20.41,null
05/08/26,R813252,Cereal,Breakfast,17,9.20,156.40,89.85,Card
08/05/2026,R189301,Frozen Pizza,Frozen,3,3.10 TRY,9.3,6.61,Cash
"May 08, 2026",R913735,Milk,Dairy,6,8.88,53.28,31.24,Card
2026-05-08,R551506,Canned Soup,Canned Goods,10,2.19,21.9,15.19,Cash
08.05.2026,R261231,Frozen Pizza,Frozen,12,4.39,52.68,40.51,Cash
05/08/26,R947799,Bread,Bakery,19,8.4,159.6,84.95,Cash
08.05.2026,R849012,Chips,Snacks,13,6.61,85.9%,53.09,card
2026-05-08,R601248,Frozen Pizza,Frozen,6,9.3,55.8,31.03,CASH
2026-05-08,R333421,Soda ,Beverages,5,8.91,44.55,25.99 TRY,Mobile
08 May 2026,R555508,soda,Beverages,16,"6,33",101.28,79.15,none
08/05/2026,R386769,Frozen Pizza,Frozen,4,8.53,34.12,17.29,null
08 May 2026,R704331,Canned Soup ,Canned Goods,2,8.41,16.82,12.74,Cash
08-05-2026,R240403,Bread,Bakery,14,4.29,60.06,35.11,Card
2026-05-08,R913909,Cereal,Breakfast,3,4.95,14.85,10.82,Card
nan,R421076,Frozen Pizza,Frozen,12,7.84,94.1%,63.86,CASH
05/08/2026,R537661,Cereal,Breakfast,9,9.15,₺82.35,41.75,card
05/08/26,R152359,Cereal ,Breakfast,16,2.17,34.72,25.77,
2026-05-08,R889098,Canned Soup,Canned Goods,15,7.17 TRY,"107,55",64.76,Card
05/08/26,R941253,Bread,Bakery,18,7.40 TRY,133.2,67.85,card
2026-05-08,R338227,Cereal,Breakfast,7,5.83,40.81,20.63,Card
08 May 2026,R235182,Milk,Dairy,16,9.27,148.32,104.52,card
08-05-2026,R922613,Soda,Beverages,9,6.36,57.24,39.13,CASH
08-05-2026,R142243,Cereal,Breakfast,10,5.35,53.5,42.44,Card
08 May 2026,R831462,Chips,Snacks,12,2.97,35.64,NULL,
08-05-2026,R628420,Soda,Beverages,1,5.93,5.93,4.3%,none
"May 08, 2026",R500200,Bread,Bakery,3,1.39,4.17,"2,23",Cash
2026/05/08,R125314,Milk,Dairy,11,1.33,14.63,9.64,Cash
08 May 2026,R934583,Soda,Beverages,12,6.94,83.28,54.31,Mobile
2026/05/08,R317914,Chips,Snacks,17,5.19,NONE,52.1,card
05/08/26,R915417,Cereal,Breakfast,3,"9,88",29.64,"14,95",
08-05-2026,R629994,Cereal,Breakfast,16,6.99,111.84,58.32,Card
05/09/26,R219303,Chips,Snacks,1,6.05,6.05,n/a,CASH
null,R715260,Chips,Snacks,1,4.6,4.6%,3.42,Cash
09/05/26,R867066,Canned  Soup,Canned Goods,4,4.23,16.92,11.66,nan
09 May 2026,R854018,Milk ,Dairy,15,4.5,67.5,52.35,CASH
09/05/2026,R233161,Milk,Dairy,16,9.17,146.7%,98.43,Cash
2026-05-09,R360562,Canned Soup,Canned Goods,4,9.88,39.52,24.89,Mobile
05/09/26,R131486,SODA,Beverages,19,4.96,94.24,$71.59,card
2026/05/09,R528430,Bread,Bakery,5,₺3.28,16.4,9.26 TRY,CASH
09/05/2026,R987712,Bread,Bakery,13,8.89,115.57,88.19,
09 May 2026,R438855,Milk,Dairy,5,£1.06,5.3%,3.07,n/a
09 May 2026,R199803,Chips,Snacks,9,3.2,28.8,15.47,Cash
09-05-2026,R939472,Canned Soup,Canned Goods,9,5.0,45.0,€24.12,Mobile
2026-05-09,R768878,Soda,Beverages,8,8.84,70.72,53.12,CASH
09-05-2026,R855750,Soda,Beverages,4,7.62,30.5%,"21,38",card
05/09/2026,R319746,Chips,Snacks,13,1.61,20.93,14.65,Cash
09-05-2026,R451148,Chips,Snacks,14,2.59,36.26,28.26,Mobile
09/05/2026,R588569,Chips,Snacks,17,$6.31,107.27,66.94,Card
"May 09, 2026",R347412,Milk,Dairy,1,4.83,4.83,2.96,card
09.05.2026,R572735,Frozen Pizza,Frozen,19,2.75,52.25,29.21,card
09 May 2026,R664839,Soda,Beverages,19,1.15,21.85,12.77,Card
09 May 2026,R983652,Chips,Snacks,18,8.68,156.24,"97,08",Card
09-05-2026,R316887,Chips,Snacks,4,2.04,8.16,5.14,
2026-05-09,R385868,Frozen Pizza,Frozen,18,8.30 USD,149.4,91.32,
09/05/2026,R282459,bread,Bakery,10,4.92,49.2,-,card
2026/05/09,R439614,Frozen Pizza,Frozen,18,4.92,88.56,44.96,card
09 May 2026,R770353,Canned Soup,Canned Goods,15,9.98,149.7,80.69,
09/05/2026,R945035,MILK,Dairy,10,6.38,"63,80",50.08,card
09/05/2026,R905509,Milk,Dairy,17,6.31,107.27 USD,81.90,Cash
09.05.2026,R596262,Chips,Snacks,20,3.98,₺79.60,"46,69",Mobile
2026-05-09,R214326,CANNED SOUP,Canned Goods,10,9.41,94.10,56.56,Cash
2026/05/09,R734040,Chips ,Snacks,2,$5.29,"10,58",8.30,
05/09/2026,R211904,Bread,Bakery,12,6.06,"72,72",38.24,CASH
05/09/2026,R884786,Chips,Snacks,16,1.24,19.84,11.99,Mobile
09/05/26,R637309,Soda,Beverages,8,1.81 USD,14.48,8.91,
05/09/2026,R168147,CEREAL,Breakfast,11,8.45,92.95,59.2,
2026/05/09,R319870,chips,Snacks,15,1.22,18.3,10.37,Mobile
"May 09, 2026",R904524,SODA,Beverages,12,6.72,80.64,54.25,CASH
09/05/26,R118315,Chips,Snacks,11,3.35,36.85,28.55,
2026/05/09,R843856,Cereal,Breakfast,5,2.71,13.55,"8,98",
null,R800984,Cereal,Breakfast,18,1.74,31.32,17.62 EUR,card
2026-05-09,R196508,Canned Soup,Canned Goods,17,$1.60,27.2,21.43,--
"May 09, 2026",R295125,Frozen Pizza,Frozen,2,8.19 USD,16.38,9.07,Card
"May 09, 2026",R698991,  Canned Soup  ,Canned Goods,18,7.4%,133.92,85.83,CASH
2026-05-09,R936805,Milk,Dairy,1,7.08,7.08,€3.89,Mobile
"May 09, 2026",R639078,Milk,Dairy,17,6.84,116.28,60.65,Mobile
2026/05/09,R477865,Bread,Bakery,9,"4,24",38.16,£21.56,card
09.05.2026,R225614,Cereal ,Breakfast,8,8.66,69.28,47.07,nan
2026/05/09,R731171,Soda,Beverages,20,1.47,29.40 EUR,22.78,Cash
2026/05/09,R236471,SODA,Beverages,8,9.62,76.96,43.52,Cash
2026-05-09,R264497,Soda,Beverages,19,9.79,186.01,93.71,CASH
05/09/26,R418628,Canned Soup,Canned Goods,2,6.17,€12.34,"8,27",Mobile
09-05-2026,R617641,Chips,Snacks,7,8.59,60.13,44.86,NA
09 May 2026,R640553,Cereal,Breakfast,6,5.34,32.04,25.29,Card
10.05.2026,R135132,Chips,Snacks,4,3.3,13.20,8.79,CASH
10-05-2026,R787369,Frozen Pizza,Frozen,3,3.06,9.18,nan,--
"May 10, 2026",R959910,Chips,Snacks,14,9.03,126.42,73.29,Cash
10.05.2026,R391615,Frozen Pizza,Frozen,18,8.34,150.1%,114.88,null
10 May 2026,R661784,Frozen Pizza,Frozen,3,8.96,26.88,15.93,Cash
2026/05/10,R491571,Chips,Snacks,7,2.32,16.24,11.66,Card
05/10/26,R350592,Milk,Dairy,13,8.56,111.28 EUR,"82,68",card
10/05/2026,R460113,Canned Soup,Canned Goods,16,9.1,145.6,88.95,Cash
10/05/26,R548337,Chips,Snacks,9,€9.19,82.7%,49.8%,CASH
10-05-2026,R203968,Milk,Dairy,1,5.46,5.46,"4,07",CASH
10 May 2026,R679669,Chips,Snacks,10,1.02,10.2%,5.19,card
10/05/2026,R939693,CEREAL,Breakfast,10,9.54,95.4,47.87,Cash
05/10/26,R225743,Canned Soup,Canned Goods,18,5.05,€90.90,51.99,n/a
10/05/2026,R653516,milk,Dairy,14,7.79 USD,109.06,60.39,Card
10.05.2026,R757240,Soda,Beverages,16,3.16,"50,56",37.4,Cash
"May 10, 2026",R780653,Chips,Snacks,10,6.14,61.4,NONE,nan
10 May 2026,R546530,Chips,Snacks,17,2.59,₺44.03,23.9,card
05/10/2026,R474831,Chips,Snacks,9,8.35,75.15,56.2,Mobile
2026/05/10,R852173,Soda,Beverages,4,6.12,24.48,17.02,-
nan,R904588,Milk,Dairy,13,9.26,120.38,70.61,card
05/10/26,R128675,Chips,Snacks,10,8.77,87.7,₺53.75,card
2026-05-10,R886082,Cereal,Breakfast,3,1.46,4.38,3.27,CASH
05/10/26,R228858,Frozen Pizza,Frozen,12,7.71,92.52,60.81,
10/05/26,R295271,Canned Soup,Canned Goods,8,7.51,60.08,34.0,card
2026-05-10,R249478,Frozen Pizza,Frozen,16,4.43,70.88,42.64,
2026-05-10,R732957,Milk,Dairy,5,3.99,19.95,10.71 USD,Cash
10/05/2026,R273101,Bread,Bakery,17,7.89,134.13,85.66 TRY,null
10.05.2026,R585069,Milk,Dairy,8,2.87,22.96 EUR,16.54,Card
10.05.2026,R140687,Frozen Pizza,Frozen,15,9.31,139.65,85.76,NA
10/05/26,R130769,Canned Soup,Canned Goods,5,8.91,44.55,29.12,CASH
2026/05/10,R467158,Canned Soup,Canned Goods,9,6.20,"55,80",29.37,Card
10.05.2026,R186195,Cereal,Breakfast,5,6.11,30.55,23.47,Cash
10-05-2026,R655186,Frozen Pizza,Frozen,17,6.46,109.82,83.71,Card
10 May 2026,R580320,Bread,Bakery,14,7.52,105.28,70.94,none
10/05/2026,R142531,Chips,Snacks,16,6.08,"97,28",63.19,card
10/05/2026,R496342,Frozen Pizza,Frozen,17,3.22,54.74,33.35,card
10/05/26,R291263,  Canned Soup  ,Canned Goods,2,2.97,NONE,3.64,card
2026-05-10,R893278,Canned  Soup,Canned Goods,10,2.88,28.80,17.9,CASH
2026/05/10,R583002,MILK,Dairy,15,"6,24",93.6%,47.23,Card
nan,R428831,Canned Soup,Canned Goods,19,3.99,75.81,45.07,
-,R489314,Canned Soup,Canned Goods,5,2.5,12.5,9.32,Mobile
"May 10, 2026",R441740,Canned Soup,Canned Goods,3,1.76,5.28,2.96,Card
2026-05-10,R245530,Milk,Dairy,7,€3.67,25.69,£13.52,Mobile
10/05/26,R999937,Bread,Bakery,9,7.04,63.36,39.83,Card
10-05-2026,R832139,Chips,Snacks,7,2.13,14.91,8.82,Mobile
-,R113030,Milk,Dairy,1,3.9,none,2.69,Mobile
05/10/2026,R458786,Bread,Bakery,18,6.18,"111,24",57.85,none
05/10/2026,R204119,Milk,Dairy,5,3.96,£19.80,13.92,CASH
2026-05-10,R419821,Chips,Snacks,2,3.06,6.12,3.32,Mobile
none,R509472,Bread,Bakery,9,6.09,54.81,33.68,CASH
10-05-2026,R944450,Frozen Pizza,Frozen,18,2.96,53.28,"39,17",NULL
10/05/2026,R525498,Cereal,Breakfast,3,5.55,16.65,8.58,
10-05-2026,R766086,Frozen Pizza,Frozen,5,4.96,24.80,14.11,Mobile
05/11/2026,R461737,Cereal,Breakfast,13,1.87 TRY,24.31,13.26,n/a
11 May 2026,R519436,Cereal ,Breakfast,7,1.3,9.1,6.15,NULL
11-05-2026,R372333,Milk,Dairy,13,4.35,56.55,34.7,
05/11/2026,R272396,Chips,Snacks,9,5.65,50.85,32.67,CASH
11/05/26,R517725,Canned  Soup,Canned Goods,16,1.4,22.4,16.61,
2026-05-11,R191372,Canned Soup,Canned Goods,5,7.22,36.10 TRY,€22.33,Cash
11-05-2026,R404078,Milk,Dairy,17,5.18,88.06,68.77,
11-05-2026,R618651,Milk,Dairy,8,2.87 USD,22.96,16.91 USD,Card
11.05.2026,R167549,  Cereal  ,Breakfast,11,8.65,95.15,61.6%,Cash
"May 11, 2026",R990718,Canned Soup,Canned Goods,9,7.92,NULL,43.59,CASH
2026/05/11,R249045,Frozen Pizza,Frozen,11,9.82,€108.02,58.82,
05/11/2026,R514913,Cereal,Breakfast,6,7.03,none,,
11-05-2026,R762592,Cereal,Breakfast,3,5.39,16.17,12.26,Card
11/05/26,R129857,Canned Soup,Canned Goods,7,9.83,68.81,51.92,
11/05/26,R748827,Milk,Dairy,20,3.47,69.4%,£43.50,card
none,R112050,Chips,Snacks,5,"5,45",27.25,17.12,Mobile
2026-05-11,R487401,Canned Soup,Canned Goods,10,5.59,55.90 USD,42.04,n/a
2026/05/11,R821238,Cereal,Breakfast,13,9.61,₺124.93,64.92,card
11-05-2026,R794399,Frozen Pizza,Frozen,13,4.64,60.32,32.83,CASH
11 May 2026,R319408,  Cereal  ,Breakfast,19,5.5,104.5,54.85,Card
11/05/2026,R496105,Cereal,Breakfast,12,9.88,118.56,60.48,NONE
11/05/26,R613875,Soda ,Beverages,20,1.71,34.2,27.06,Mobile
"May 11, 2026",R728344,Chips,Snacks,1,3.66,3.66,1.84,Cash
05/11/26,R724978,Chips,Snacks,13,6.76,87.88,56.39,card
11-05-2026,R543709,Canned Soup,Canned Goods,16,1.56,24.96,13.68,none
11-05-2026,R593051,Bread,Bakery,9,5.27,47.43,28.99,Card
11.05.2026,R854553,Frozen Pizza,Frozen,8,3.01 USD,24.08,₺16.65,-
"May 11, 2026",R877235,Soda,Beverages,5,7.97,39.85,€20.84,none
2026/05/11,R609451,Cereal,Breakfast,1,6.63,6.63,5.11 TRY,card
n/a,R379344,Cereal,Breakfast,3,3.85,11.55,NULL,Mobile
11 May 2026,R172078,Soda,Beverages,9,4.07,36.63,26.24,Cash
11/05/26,R421322,Cereal,Breakfast,17,€5.71,97.07,71.21,Cash
05/11/2026,R983277,Milk,Dairy,4,1.65,6.6,NA,CASH
2026-05-11,R533399,Soda,Beverages,7,2.2,15.4,8.58,CASH
05/11/2026,R635177,Frozen Pizza,Frozen,4,5.26,21.04,"12,19",
11/05/26,R359522,Bread,Bakery,8,4.69,37.52,23.37,
05/11/2026,R274883,Cereal,Breakfast,19,4.31,81.89,56.78,Mobile
2026-05-11,R132654,SODA,Beverages,1,6.26 EUR,6.26,4.81 EUR,Card
"May 11, 2026",R577488,Milk,Dairy,5,8.26,41.3%,24.49,--
11 May 2026,R936959,Soda ,Beverages,16,1.86,29.76,18.44,Cash
"May 11, 2026",R370927,Frozen Pizza,Frozen,7,4.29,30.03,17.3%,
2026-05-11,R646683,Milk,Dairy,4,8.01,32.04,nan,Cash
"May 11, 2026",R915086,Bread,Bakery,12,5.45,NULL,45.12,card
12 May 2026,R277440,Chips,Snacks,12,1.57,18.84,12.4,Cash
12 May 2026,R102236,Frozen Pizza,Frozen,20,3.4,68.00,53.06,card
12 May 2026,R170373,MILK,Dairy,14,3.74,52.36,39.1,
nan,R626132,Bread,Bakery,2,9.8,19.6,12.52,CASH
12/05/2026,R159948,Canned Soup,Canned Goods,10,4.47,44.7,29.29,NONE
2026/05/12,R352675,Soda,Beverages,13,7.44,96.72,60.78,CASH
12 May 2026,R102273,Canned Soup,Canned Goods,14,9.65,135.1,₺97.83,CASH
12/05/2026,R250739,Canned Soup,Canned Goods,7,5.70,39.9,25.1,-
"May 12, 2026",R273557,Canned Soup,Canned Goods,18,4.57,82.26,46.55,
05/12/26,R288154,Frozen Pizza ,Frozen,12,6.12,₺73.44,42.55,nan
05/12/26,R356685,  Chips  ,Snacks,7,8.18,57.26,43.57,Card
12/05/2026,R768711,Bread,Bakery,14,1.81,25.34,14.22,Card
05/12/26,R788308,Milk,Dairy,5,9.4%,47.15 TRY,36.81 EUR,
12/05/2026,R169780,Frozen Pizza,Frozen,16,6.58,105.28,80.82 USD,card
12 May 2026,R616714,MILK,Dairy,18,"5,31",95.58,75.28,Card
12/05/2026,R655182,Frozen Pizza,Frozen,6,4.67,28.02,₺16.77,
12-05-2026,R571573,Frozen Pizza,Frozen,15,7.24,108.60,69.64,Cash
12 May 2026,R755010,Canned Soup,Canned Goods,3,4.36,13.08,7.32,
NONE,R278160,Soda ,Beverages,19,8.93,null,114.69,CASH
12/05/26,R877541,Milk,Dairy,5,9.59 EUR,47.95,28.01 USD,Mobile
12.05.2026,R194406,Canned Soup,Canned Goods,10,5.65,56.5,32.15,
"May 12, 2026",R142475,Chips,Snacks,7,7.25,50.75,30.26,card
12/05/2026,R294685,Milk,Dairy,10,1.04,10.4%,5.97,CASH
05/12/2026,R420456,Milk,Dairy,12,9.39,112.68,86.76,CASH
12.05.2026,R761114,Milk,Dairy,2,6.59,13.18,7.5,null
2026-05-12,R492739,Cereal,Breakfast,4,8.99,35.96,"20,17",NONE
12/05/26,R418755,Milk,Dairy,11,5.11,56.21,39.89,CASH
05/12/2026,R517166,Chips,Snacks,14,8.44,118.16 TRY,62.2%,Cash
2026/05/12,R209553,Cereal,Breakfast,7,3.63,--,16.64 EUR,Mobile
12-05-2026,R264486,Bread,Bakery,7,1.83,12.81,9.6%,CASH
2026/05/12,R735664,Soda,Beverages,13,2.9%,"38,09",23.67,Card
12 May 2026,R140913,Canned Soup,Canned Goods,14,1.79,25.1%,19.25 EUR,Card
2026/05/12,R294322,Chips,Snacks,11,8.13,89.4%,52.11,NA
12.05.2026,R834314,Soda,Beverages,7,8.19,57.33,41.11,CASH
12/05/26,R195870,Canned Soup,Canned Goods,18,9.67,174.06,132.58,
2026/05/12,R861854,Milk,Dairy,8,7.42,"59,36",42.46,card
05/12/26,R701587,Frozen Pizza,Frozen,8,8.06,"64,48",35.55,N/A
12/05/2026,R353769,Bread,Bakery,16,"8,09",129.44,83.21,card
05/12/26,R852825,Canned Soup,Canned Goods,4,3.95,15.8,"10,36",CASH
05/12/2026,R324510,Frozen Pizza,Frozen,15,3.47,52.05,40.0%,NA
12 May 2026,R909512,Chips,Snacks,5,1.92,"9,60",6.44,Cash
12.05.2026,R257291,Cereal,Breakfast,12,1.6,19.2,12.02,card
05/12/2026,R229555,Soda,Beverages,7,1.88,13.16,10.22,Mobile
"May 12, 2026",R630310,Bread,Bakery,17,2.44 TRY,41.48,$26.87,Cash
12/05/26,R714898,soda,Beverages,16,9.85,157.6,83.12,CASH
12-05-2026,R391567,Bread,Bakery,7,2.9,20.3%,10.53,card
--,R878921,Canned Soup,Canned Goods,1,9.0,€9.00,5.1%,Cash
12/05/26,R765040,Cereal,Breakfast,20,8.36,"167,20",87.36,Mobile
2026/05/12,R175966,Frozen Pizza,Frozen,11,2.45,26.9%,£16.98,Cash
12.05.2026,R804352,Milk,Dairy,11,7.12,78.32,42.49 TRY,NONE
05/12/2026,R482420,  Bread  ,Bakery,8,3.47,27.8%,19.54,Cash
12.05.2026,R536323,Milk,Dairy,17,7.15 USD,121.55,88.87,card
2026-05-13,R140773,Frozen Pizza,Frozen,4,"2,03",8.12,"5,23",Cash
2026-05-13,R356835,Canned Soup,Canned Goods,6,2.42,14.52,7.36,-
"May 13, 2026",R701196,Milk,Dairy,12,3.7%,44.76 TRY,28.99,--
2026/05/13,R334614,Milk,Dairy,20,3.53,NONE,37.78 EUR,Card
13/05/2026,R373820,Canned Soup,Canned Goods,6,"6,39","38,34",30.45,Mobile
13-05-2026,R136088,Bread,Bakery,13,"8,80",114.4,90.3%,Cash
2026/05/13,R241627,Soda,Beverages,17,5.02,85.34,"63,59",Mobile
none,R360965,Bread,Bakery,3,5.58,16.74,8.77,Cash
05/13/26,R614591,Cereal,Breakfast,7,9.97,69.79,52.70,n/a
2026/05/13,R127536,Soda,Beverages,17,8.69,147.73,99.15 USD,
13/05/2026,R512905,Canned Soup,Canned Goods,2,2.03,"4,06",3.01,
13/05/26,R331092,Frozen Pizza,Frozen,17,7.55,none,91.47,CASH
13.05.2026,R239297,Chips,Snacks,11,8.99,-,49.8%,
13-05-2026,R535229,CHIPS,Snacks,15,7.65,114.75,-,Mobile
13 May 2026,R235494,Chips,Snacks,7,4.26,29.82,15.51,Mobile
13 May 2026,R259606,Cereal,Breakfast,9,6.83,61.47,38.37,card
05/13/26,R580489,Milk,Dairy,13,2.53,32.89,21.27,card
"May 13, 2026",R433652,Bread,Bakery,8,8.15,65.2,38.53,Cash
13-05-2026,R338786,Chips,Snacks,1,2.54,2.54,1.54,Card
2026/05/13,R518760,Frozen Pizza,Frozen,11,1.18,12.98,7.76,card
05/13/2026,R543075,Canned Soup,Canned Goods,6,5.53,33.2%,25.04,Cash
13-05-2026,R575620,Bread,Bakery,20,6.82,£136.40,87.59,card
"May 13, 2026",R478352,Soda ,Beverages,4,1.54,NA,3.40,card
05/13/2026,R106538,Cereal,Breakfast,19,6.6%,125.4,66.97,card
"May 13, 2026",R144537,Bread,Bakery,16,"5,68",90.88,70.60,Cash
05/13/26,R435423,Milk,Dairy,1,4.76,4.76,2.97 EUR,Cash
2026-05-13,R933913,Frozen Pizza,Frozen,19,8.52,161.88,126.72,card
13 May 2026,R604164,  Soda  ,Beverages,12,3.91,46.92,$33.77,none
13.05.2026,R125382,Chips,Snacks,1,9.24,9.24,7.3%,-
13.05.2026,R272959,Soda,Beverages,14,2.87,40.18,"29,59",--
"May 13, 2026",R191791,Cereal,Breakfast,15,7.91,118.65,62.69,Card
2026-05-13,R716108,Soda,Beverages,19,8.52,161.88,118.31,
"May 13, 2026",R817633,Bread,Bakery,2,5.27,10.54,7.53,Card
2026/05/13,R908735,Bread,Bakery,18,5.25,94.50,49.03,Mobile
2026-05-13,R763187,Canned Soup,Canned Goods,9,3.88,34.92 EUR,27.33,Mobile
13/05/26,R393251,Soda,Beverages,17,6.1,103.7,81.21 USD,Card
13/05/26,R773951,Soda,Beverages,3,8.32,24.96,15.63,NA
2026/05/13,R805180,chips,Snacks,1,2.2,2.2,1.74,CASH
13 May 2026,R128777,Canned Soup,Canned Goods,16,3.91,62.56,₺35.40,Cash
13/05/2026,R123757,Soda,Beverages,20,5.34,106.8,65.65,Card
13/05/26,R628546,Soda ,Beverages,6,3.73,22.4%,12.79,CASH
13/05/2026,R131398,Frozen Pizza,Frozen,3,1.47,"4,41",3.44,N/A
13/05/2026,R450746,Canned Soup,Canned Goods,5,2.63,13.15,9.31,N/A
05/13/26,R576728,frozen pizza,Frozen,4,1.57,6.28,3.24,Card
2026/05/13,R366335,Soda,Beverages,18,5.02,90.36,59.85,card
13/05/2026,R867356,Bread,Bakery,4,6.1,24.40,15.57,Cash
05/13/2026,R731901,Chips ,Snacks,7,6.0,42.00,23.26,
05/13/26,R960274,Milk ,Dairy,8,4.82,38.56,28.00,-
"May 13, 2026",R580671,Frozen Pizza,Frozen,2,1.15,2.3,1.26,
05/13/2026,R697577,CEREAL,Breakfast,19,3.78,"71,82",52.01,Card
13/05/26,R465960,Bread,Bakery,7,7.85,54.95,32.78,Card
NULL,R233602,Bread,Bakery,4,6.31,25.24,"14,69",Card
2026-05-13,R250720,soda,Beverages,5,1.63,8.15,5.8%,Mobile
13/05/2026,R137182,Milk,Dairy,19,3.32,63.08,33.2%,nan
"May 13, 2026",R734155,Cereal,Breakfast,8,4.72,37.76,24.89,Mobile
13/05/2026,R985300,CEREAL,Breakfast,10,1.65,16.5,,CASH
2026-05-13,R679639,Cereal,Breakfast,11,4.22,46.42,24.38,Cash
13/05/2026,R336587,Soda,Beverages,8,3.32,26.56 EUR,17.32,
13.05.2026,R365951,Frozen Pizza,Frozen,11,6.47,71.17,38.71,CASH
13.05.2026,R283750,Milk,Dairy,4,5.28,21.12,10.81,
13/05/2026,R435839,Cereal,Breakfast,19,1.63,30.97,16.7%,Card
"May 13, 2026",R814611,chips,Snacks,5,1.05,5.25,3.23,CASH
"May 13, 2026",R182351,Bread,Bakery,5,6.17,30.85,21.57,Mobile
05/13/26,R987617,Cereal,Breakfast,10,7.2%,71.80,41.65,card
14/05/26,R373643,Cereal,Breakfast,8,2.61,n/a,15.28,none
nan,R243703,Canned Soup,Canned Goods,7,7.95,55.65,41.14,Card
"May 14, 2026",R473010,SODA,Beverages,19,7.7%,146.87,92.22,card
2026-05-14,R750248,  Canned Soup  ,Canned Goods,5,8.63,43.15,33.87,CASH
05/14/26,R512376,Soda,Beverages,15,4.82,72.3%,41.48,n/a
14/05/26,R297664,Canned Soup,Canned Goods,6,4.08,24.48,13.78,none
"May 14, 2026",R506366,Milk,Dairy,10,7.72,77.2,46.39,CASH
05/14/26,R962865,Milk,Dairy,6,1.54,9.24,6.8%,card
14.05.2026,R938451,canned soup,Canned Goods,16,4.92,78.72,61.63,
"May 14, 2026",R117685,Soda,Beverages,3,5.82,17.46,9.73,NULL
"May 14, 2026",R113714,Chips,Snacks,14,7.59,106.26,84.99,CASH
"May 14, 2026",R426414,Bread,Bakery,6,5.87,35.22,20.26,Cash
05/14/2026,R727801,Cereal,Breakfast,15,9.59,143.85,75.95,Mobile
14.05.2026,R972548,Bread,Bakery,6,4.8,28.8,16.26,card
"May 14, 2026",R441259,Milk,Dairy,7,₺9.53,66.71,47.49,Card
2026/05/14,R611886,Frozen Pizza,Frozen,9,4.64,41.76,26.96,Cash
14.05.2026,R202360,Soda,Beverages,15,6.0%,89.85,£71.57,CASH
2026/05/14,R316084,bread,Bakery,15,9.95,149.25,84.22,CASH
2026-05-14,R952583,Milk,Dairy,18,9.87,177.66,€92.77,Mobile
2026-05-14,R834142,Cereal,Breakfast,3,7.54,22.62,15.94,NULL
05/14/2026,R635265,Soda,Beverages,5,€1.62,NULL,€5.53,Mobile
14 May 2026,R635317,Cereal,Breakfast,20,4.16,83.2,59.17,card
05/14/2026,R810532,Chips,Snacks,6,2.8%,16.5,10.02,Cash
2026-05-14,R588333,Bread ,Bakery,17,6.51,110.67,₺76.28,Mobile
14/05/26,R510215,Soda,Beverages,6,8.33,49.98,n/a,card
14-05-2026,R213985,Cereal,Breakfast,10,3.04,30.4,"24,02",
05/14/2026,R865708,Frozen Pizza,Frozen,18,₺5.53,99.54,76.98,card
2026-05-14,R497254,Cereal,Breakfast,16,5.9,94.4,"69,83",Mobile
14/05/2026,R740867,Frozen Pizza,Frozen,14,6.66,93.24,71.89,Card
14/05/26,R533945,Frozen Pizza,Frozen,2,5.50,11.0,8.26,
"May 14, 2026",R589374,Chips,Snacks,9,3.69,33.21,24.17,CASH
05/14/2026,R954125,Bread,Bakery,5,9.38,46.9,24.31,null
"May 14, 2026",R393961,Canned Soup,Canned Goods,11,8.72,95.92,60.68,none
"May 14, 2026",R737038,Milk,Dairy,17,8.89,151.13,£95.16,
05/14/2026,R609357,milk,Dairy,1,5.44,5.44,3.38,
2026/05/15,R929177,Chips,Snacks,13,4.87,63.31,43.95,CASH
15/05/2026,R417146,bread,Bakery,20,9.86,197.2,140.64,
05/15/2026,R370396,Chips,Snacks,6,6.8,40.8,29.02 TRY,Mobile
2026-05-15,R507573,Canned Soup,Canned Goods,15,6.28 EUR,94.2,61.71,CASH
15-05-2026,R327264,Chips,Snacks,2,6.48,12.96,10.34,
15 May 2026,R147915,Frozen Pizza,Frozen,16,4.76,76.16,55.92,card
05/15/26,R131168,Canned Soup,Canned Goods,7,"7,70",£53.90,"32,97",none
05/15/2026,R205606,Bread,Bakery,14,5.62,78.68,59.96,CASH
15-05-2026,R331820,Frozen Pizza,Frozen,1,5.63,5.63,4.23,
15/05/26,R733829,Chips,Snacks,20,6.19,123.8,98.7,CASH
15-05-2026,R983636,Canned Soup,Canned Goods,8,"7,58",60.64,36.7%,Card
05/15/2026,R191174,Chips,Snacks,11,6.93,76.23,43.59,none
2026/05/15,R655191,Frozen Pizza,Frozen,8,2.72,21.76 TRY,12.96,
2026/05/15,R390177,Chips,Snacks,9,3.0%,26.82,16.70 TRY,Card
15-05-2026,R751868,Frozen Pizza,Frozen,14,3.43,48.02,30.96,Mobile
15/05/2026,R909814,Frozen Pizza,Frozen,14,5.41,75.74,"60,25",Mobile
15/05/2026,R567681,  Frozen Pizza  ,Frozen,11,4.94,54.34,29.79,Cash
"May 15, 2026",R948289,Cereal,Breakfast,10,8.63,"86,30",59.12,null
05/15/2026,R847693,Soda,Beverages,17,9.12,155.04,84.71,
15.05.2026,R540591,Soda,Beverages,5,7.3,36.5,18.9,Card
15/05/2026,R171610,Frozen Pizza,Frozen,18,3.23,58.1%,39.76,Cash
05/15/26,R952768,Cereal,Breakfast,19,9.1,172.9,113.09,Cash
15 May 2026,R146110,Frozen Pizza ,Frozen,16,1.92,30.72,$20.44,CASH
2026/05/15,R422685,Chips,Snacks,11,4.78,52.58,27.32,Mobile
15-05-2026,R431883,Canned Soup,Canned Goods,17,6.2%,,76.87,CASH
05/15/2026,R323967,chips,Snacks,7,7.05,49.35,29.4%,Card
"May 15, 2026",R500475,Bread,Bakery,10,4.9%,49.3,30.47,-
05/15/26,R561944,Cereal,Breakfast,1,5.54,5.54,3.31,CASH
15/05/26,R804896,Soda,Beverages,11,1.49,16.39,NULL,Card
05/15/26,R840444,Chips,Snacks,12,6.03,72.36,"49,70",
05/15/26,R752291,Chips,Snacks,9,9.53,85.8%,£51.51,
15 May 2026,R749313,CANNED SOUP,Canned Goods,9,9.71,"87,39",64.98,n/a
15-05-2026,R861191,Chips,Snacks,9,3.74,33.66,"24,93",CASH
15.05.2026,R691087,Bread ,Bakery,8,5.31,₺42.48,22.26 TRY,-
15-05-2026,R323416,Chips,Snacks,14,1.15,16.1,12.62,card
05/15/26,R968181,Milk,Dairy,5,3.23,£16.15,8.7%,Card
2026-05-15,R736921,Cereal,Breakfast,15,2.6%,39.0,26.99,NA
2026-05-15,R618173,Bread,Bakery,1,6.94,6.94,3.84 TRY,Cash
15/05/26,R192842,Milk,Dairy,1,6.12,"6,12",3.50,Cash
15/05/26,R484394,Cereal ,Breakfast,5,5.66,28.3,17.00,Mobile
15 May 2026,R829097,Chips,Snacks,3,2.69,8.07,6.29,card
15/05/2026,R620903,Milk,Dairy,15,8.65,129.75,78.14,Mobile
15/05/2026,R152119,Soda,Beverages,18,3.86,69.48,50.71,Mobile
"May 15, 2026",R269301,Frozen Pizza,Frozen,20,9.9,198.0,107.07,Mobile
"May 15, 2026",R463291,Canned Soup,Canned Goods,3,9.06,27.18,18.33,
15.05.2026,R661498,Chips,Snacks,5,"1,98",9.9,6.14,Mobile
"May 15, 2026",R632605,Milk,Dairy,7,8.65,60.55,47.18,CASH
15/05/2026,R825798,Chips,Snacks,15,9.35,140.25,73.54,Cash
2026-05-15,R401719,Frozen Pizza,Frozen,3,3.81,11.43,8.98,-
2026-05-15,R313993,Soda,Beverages,5,3.28,16.4,11.63,card
"May 15, 2026",R569204,Soda,Beverages,11,2.76,30.36,23.07,CASH
2026-05-15,R408725,Milk,Dairy,13,8.72,113.36,74.02,Cash
15.05.2026,R457700,Frozen Pizza,Frozen,11,2.12 EUR,23.32,17.16,nan
2026-05-15,R645715,Cereal,Breakfast,18,5.33,,74.66,card
2026-05-15,R738971,Milk,Dairy,16,3.50,56.00,40.24,card
15/05/26,R970068,SODA,Beverages,13,1.1,14.3,11.32,Card
15.05.2026,R217308,Frozen Pizza,Frozen,11,4.97,54.67,31.53,Card
2026/05/15,R620353,Frozen Pizza,Frozen,6,5.01 TRY,30.06,19.77,
"May 15, 2026",R334556,Cereal,Breakfast,15,3.32,49.8,35.02,card
"May 15, 2026",R547033,Cereal,Breakfast,7,2.22,15.54 EUR,11.3%,card
16 May 2026,R674035,Bread,Bakery,13,3.88,50.44,30.95,Card
05/16/2026,R732676,Cereal,Breakfast,15,3.31,49.65,n/a,
NONE,R273622,Cereal,Breakfast,13,1.81,"23,53",14.11,Cash
05/16/26,R290950,Bread,Bakery,10,8.23,82.30 TRY,₺49.60,card
05/16/2026,R410796,Cereal,Breakfast,17,7.71,131.07,72.08,NONE
16/05/2026,R621169,Milk,Dairy,16,8.15,130.4%,95.96,CASH
2026/05/16,R846954,chips,Snacks,20,3.71,74.20,47.5%,CASH
16.05.2026,R598291,Frozen Pizza,Frozen,7,8.35,58.45,33.04,Mobile
"May 16, 2026",R829618,Chips,Snacks,14,2.84,39.8%,26.81,nan
05/16/2026,R729765,Cereal,Breakfast,19,3.17,60.23,40.38,Mobile
16 May 2026,R804923,Milk,Dairy,13,2.5,32.5,24.07,NULL
,R552887,  Soda  ,Beverages,17,2.06,35.02,19.68,Mobile
2026-05-16,R684633,Bread,Bakery,3,3.91,--,8.21,CASH
16-05-2026,R851696,Bread,Bakery,12,9.02,108.24,59.61,Mobile
2026/05/16,R716031,CEREAL,Breakfast,10,€8.85,88.5,52.80 EUR,none
16/05/2026,R585497,Soda,Beverages,18,5.60,100.80,57.92,Mobile
2026-05-16,R168723,Frozen Pizza,Frozen,5,7.47,37.35 TRY,26.92,Cash
2026/05/16,R536059,Milk,Dairy,14,1.45 TRY,20.30,11.26,card
16/05/2026,R247065,frozen pizza,Frozen,16,4.2,--,51.83,Cash
16/05/26,R868757,Canned Soup,Canned Goods,6,4.76,"28,56",16.98 EUR,--
05/16/26,R439514,Milk,Dairy,16,2.34,37.44,18.91,card
16/05/2026,R967127,Bread,Bakery,15,1.69,25.35,16.4,
NONE,R708503,  Chips  ,Snacks,11,6.71 EUR,73.81,57.15,Card
05/16/2026,R318851,Cereal,Breakfast,7,7.35,51.45,35.48,Cash
"May 16, 2026",R435564,Milk,Dairy,15,1.97,29.55,16.30 EUR,Cash
"May 17, 2026",R676260,Frozen Pizza,Frozen,14,7.78,108.92,74.82,
17/05/26,R821835,Soda,Beverages,20,4.79,95.8,50.73,Mobile
05/17/2026,R773875,Bread,Bakery,20,9.36,187.20,146.14,Card
05/17/2026,R370235,Frozen Pizza,Frozen,6,8.66,51.96,NONE,card
"May 17, 2026",R605499,  Soda  ,Beverages,15,8.35,125.25,79.03,CASH
17/05/2026,R641752,Chips,Snacks,8,8.45,67.6,33.94,card
05/17/2026,R779423,Frozen Pizza,Frozen,2,7.2,14.4,10.99,
"May 17, 2026",R231591,Chips,Snacks,11,3.29,36.2%,21.3%,Card
2026/05/17,R697238,Chips,Snacks,19,4.2%,80.56,₺60.77,CASH
17.05.2026,R476822,Soda,Beverages,10,2.45,24.5,17.16,Card
2026/05/17,R797730,Soda,Beverages,3,2.89,8.67,£5.82,Card
2026/05/17,R789522,Milk,Dairy,18,4.51,₺81.18,53.76,
17 May 2026,R653163,Chips,Snacks,8,2.0,16.00,11.96,CASH
2026/05/17,R340552,Canned Soup,Canned Goods,6,7.83,47.0%,24.4,null
"May 17, 2026",R521201,Chips,Snacks,18,5.67,102.06 TRY,61.0,Cash
2026-05-17,R970413,Bread,Bakery,5,6.08,30.4,$18.14,-
17 May 2026,R619605,Cereal,Breakfast,2,7.08,14.16,7.44,card
17 May 2026,R144668,Frozen Pizza,Frozen,2,9.52,19.04,10.57,Card
17.05.2026,R351385,Cereal,Breakfast,11,1.35,"14,85",10.46,Mobile
17 May 2026,R195280,Soda,Beverages,2,4.82,9.64,7.01,Mobile
17.05.2026,R988782,Canned Soup,Canned Goods,6,€4.49,26.94,15.4,Card
17/05/2026,R226959,Cereal,Breakfast,10,6.0,60.00 TRY,n/a,CASH
17.05.2026,R249216,Chips,Snacks,13,6.49,84.37,47.82,CASH
17/05/2026,R851768,Canned Soup,Canned Goods,20,4.49,89.8,61.00,Mobile
17/05/26,R760975,Canned Soup,Canned Goods,16,3.65,58.40 TRY,41.76 USD,Cash
2026-05-17,R703173,Cereal,Breakfast,16,4.43,70.88,47.44,CASH
05/17/26,R596398,Canned Soup,Canned Goods,9,5.26,47.34,33.21,null
05/17/26,R330380,Cereal,Breakfast,6,5.49,32.94,23.49,card
2026/05/17,R868451,Soda,Beverages,19,4.25,80.75,56.7%,Card
17/05/2026,R269039,Cereal,Breakfast,7,6.06,42.42,32.82,Card
none,R414899,Cereal,Breakfast,2,3.82 TRY,7.64,"4,47",
17.05.2026,R291316,Soda,Beverages,13,6.41,83.33,£43.47,card
17.05.2026,R935300,Frozen Pizza,Frozen,4,3.25,13.0,9.57,CASH
17 May 2026,R787600,Chips,Snacks,7,9.8,68.6%,49.86,none
17 May 2026,R212319,Chips,Snacks,3,6.29,18.87,11.44,
"May 17, 2026",R790715,Frozen Pizza,Frozen,13,6.36,82.68,65.16,Card
2026-05-17,R799853,Soda,Beverages,9,1.53,13.77,10.7%,Card
17/05/2026,R859370,Bread,Bakery,18,3.42,61.56,38.03,card
"May 17, 2026",R517549,Canned Soup,Canned Goods,2,5.55,"11,10",5.57,nan
17/05/2026,R591331,Bread,Bakery,6,3.69,22.14,13.02,card
17 May 2026,R942083,Soda,Beverages,18,2.0%,35.46,22.54,NONE
05/17/26,R149811,Bread,Bakery,4,8.4,33.6,"20,28",
17/05/2026,R389945,  Chips  ,Snacks,17,4.69,£79.73,47.22,nan
17/05/2026,R785398,Cereal,Breakfast,14,5.3,74.2,53.68 EUR,Cash
2026-05-17,R103935,Frozen Pizza ,Frozen,1,3.60,3.6,2.41,
17 May 2026,R401998,Soda,Beverages,9,8.74,78.66,51.22,Card
05/17/2026,R823589,Canned Soup,Canned Goods,20,3.42,68.4,NONE,-
2026/05/17,R588157,Chips,Snacks,5,3.65,18.25,9.64,Card
05/17/2026,R703617,Soda,Beverages,7,7.96,55.72,29.59,Cash
none,R999226,Milk,Dairy,15,6.84,102.6,53.89 EUR,Cash
2026/05/17,R115366,Bread,Bakery,16,4.99,79.84,49.96,card
2026/05/17,R646043,Chips,Snacks,6,2.27,13.62 EUR,9.66,card
17/05/2026,R129661,Canned Soup,Canned Goods,12,3.25,39.00,19.9%,Mobile
17.05.2026,R735307,Bread,Bakery,15,3.33,49.95,28.3,
05/17/2026,R431164,Bread,Bakery,18,1.76,31.68,16.49,CASH
"May 17, 2026",R934270,Canned Soup,Canned Goods,1,"4,90",4.9,3.36,NA
"May 17, 2026",R696835,Milk,Dairy,20,4.27,85.4,44.56,
2026/05/17,R647447,Milk,Dairy,12,9.49,113.88,76.01,CASH
2026/05/17,R350528,Canned Soup,Canned Goods,5,6.46,32.3,nan,NULL
05/17/26,R449357,Bread,Bakery,16,2.76,44.16,34.82,Mobile
2026-05-17,R859863,Milk,Dairy,6,1.87,11.22,7.79,
17 May 2026,R119998,Frozen Pizza,Frozen,4,4.09,16.36 EUR,12.28,nan
05/17/26,R825638,Soda,Beverages,6,4.93 USD,29.58,21.88,Cash
17/05/2026,R537180,Milk,Dairy,10,£9.20,92.0,54.66,card
05/17/26,R327784,Frozen  Pizza,Frozen,10,4.27,42.7,21.7,null
"May 17, 2026",R581474,Frozen Pizza,Frozen,16,2.14 EUR,€34.24,20.28,Cash
05/17/26,R398974,Bread,Bakery,15,9.23,€138.45,82.26,Card
2026-05-17,R492476,Soda,Beverages,11,8.47,93.17,60.4,card
2026/05/17,R787815,Milk,Dairy,11,5.38,59.18,45.19,NA
17/05/26,R345125,Bread,Bakery,9,9.58,86.22,47.92,
05/17/26,R131451,Chips,Snacks,16,5.82,93.12,49.87,Cash
17-05-2026,R627333,Frozen Pizza,Frozen,13,4.8%,62.53,37.75,Card
2026-05-17,R486192,Bread,Bakery,15,6.97,104.55,77.96,NONE
17/05/26,R284121,BREAD,Bakery,15,3.48,52.2,35.67,CASH
2026/05/17,R508479,Soda,Beverages,19,8.64,164.16,96.74,
17/05/26,R616530,Cereal,Breakfast,18,7.66 EUR,137.88,$89.39,CASH
05/18/26,R731677,Soda,Beverages,18,4.89,88.02,NULL,
none,R421333,Chips,Snacks,18,8.91,160.38,98.87,Cash
"May 18, 2026",R455777,Cereal,Breakfast,9,"2,00",18.0,11.18,Cash
18 May 2026,R285656,Canned Soup,Canned Goods,5,1.6,8.00,6.2,card
2026/05/18,R325449,Frozen Pizza,Frozen,5,8.77,₺43.85,25.41,Cash
--,R359022,bread,Bakery,15,6.23,93.5%,68.51,
18 May 2026,R472792,Canned Soup,Canned Goods,1,1.32,1.32 EUR,0.96,NA
05/18/26,R535309,Milk,Dairy,4,"5,80",23.2,14.38,CASH
05/18/2026,R739577,Frozen Pizza,Frozen,15,2.62,39.3,25.32,card
2026/05/18,R121679,Frozen Pizza,Frozen,7,6.68,46.76,28.89,CASH
18-05-2026,R311197,Soda,Beverages,8,9.67,77.36,48.04,Card
2026/05/18,R985015,Bread,Bakery,12,2.94,35.28,23.96,CASH
2026/05/18,R144346,Frozen Pizza,Frozen,10,8.6,86.0,$47.14,card
18/05/26,R590253,Frozen Pizza,Frozen,15,"8,41",126.15,93.4,null
"May 18, 2026",R375409,Frozen Pizza,Frozen,5,2.53,12.65,9.08 EUR,
05/18/26,R971837,  Milk  ,Dairy,18,7.17,129.1%,"65,25",null
05/18/2026,R138069,Soda,Beverages,10,8.3,83.00 EUR,48.1,Cash
2026-05-18,R373683,Chips,Snacks,7,3.78,26.46,£17.99,N/A
2026-05-18,R277652,frozen pizza,Frozen,20,9.3%,186.6,117.16,Card
05/18/26,R172649,  Milk  ,Dairy,10,£2.91,29.10 USD,23.01,Card
18/05/2026,R947658,Cereal,Breakfast,20,3.47,69.4,47.07,-
"May 18, 2026",R298255,Canned Soup,Canned Goods,8,3.97,31.8%,19.48,Mobile
19 May 2026,R886400,Bread,Bakery,15,7.64 EUR,114.6,€91.07,
19.05.2026,R400558,Milk,Dairy,9,9.83,N/A,60.91 USD,CASH
19.05.2026,R522017,Chips,Snacks,10,4.88,48.8,32.78,CASH
05/19/26,R760306,Chips,Snacks,11,3.84,42.24,31.67,
19 May 2026,R810465,CANNED SOUP,Canned Goods,13,"3,61",46.93,31.07 USD,card
19-05-2026,R902796,Milk,Dairy,14,4.67,65.38,37.68,Mobile
19-05-2026,R863298,Milk,Dairy,8,7.05,56.40 EUR,£40.80,nan
"May 19, 2026",R747446,Soda,Beverages,4,5.5%,22.0%,11.05,card
05/19/26,R134563,Bread,Bakery,4,2.37 USD,9.48,5.03,Cash
19 May 2026,R647360,Milk,Dairy,12,4.36,52.32,₺39.59,card
2026/05/19,R463529,Soda ,Beverages,3,1.19,3.6%,2.70,Cash
2026-05-19,R533831,Bread,Bakery,1,8.27,€8.27,6.33,Mobile
05/19/26,R865682,Chips,Snacks,5,8.45,42.25,25.78 USD,null
05/19/2026,R787601,Frozen Pizza,Frozen,19,5.2%,98.04,76.36,CASH
05/19/2026,R806078,Canned Soup,Canned Goods,19,2.14,40.66,31.12,
19 May 2026,R583394,Cereal,Breakfast,6,4.67,"28,02",17.43,Cash
19-05-2026,R300208,Frozen Pizza,Frozen,20,6.92,138.4,107.9,CASH
05/19/2026,R917588,Milk,Dairy,13,2.09,27.17,NULL,CASH
19.05.2026,R939810,Cereal,Breakfast,8,5.94,47.52,26.90,Cash
19-05-2026,R697317,  Frozen Pizza  ,Frozen,8,8.01,64.08,35.51,CASH
19-05-2026,R195598,Cereal,Breakfast,5,"6,84",34.2,"19,79",Mobile
19-05-2026,R903685,Soda,Beverages,19,4.56,86.64 USD,63.81,card
2026/05/19,R704591,Soda,Beverages,16,3.7%,58.56,45.31,Card
19/05/26,R728884,Cereal,Breakfast,8,1.93,15.44,11.65,
2026-05-19,R226370,Milk,Dairy,4,6.07,24.28,17.41,Mobile
NULL,R266014,Soda,Beverages,1,6.6,6.6,3.7,Mobile
"May 19, 2026",R749252,Chips,Snacks,20,1.11,22.2,"14,72",card
"May 19, 2026",R134835,Bread,Bakery,4,"4,97",19.9%,9.97,card
05/19/2026,R494732,Canned Soup,Canned Goods,9,3.85,34.65,"26,82",CASH
19-05-2026,R166273,Soda,Beverages,18,7.72,138.96,72.31,
"May 19, 2026",R784312,Soda,Beverages,12,8.87,106.44,78.08,CASH
2026-05-19,R861887,Cereal,Breakfast,9,6.73,60.57,35.98 EUR,CASH
19/05/26,R735371,Canned Soup,Canned Goods,3,1.67,5.01,3.41,card
19/05/2026,R275785,Frozen Pizza,Frozen,1,"7,55",7.55,4.19,Cash
"May 19, 2026",R784536,Milk,Dairy,13,6.7%,87.10 TRY,53.01,card
20/05/26,R768167,Canned Soup,Canned Goods,6,2.6,--,11.96,Card
2026/05/20,R658618,Cereal,Breakfast,5,"9,29","46,45",26.0%,
20 May 2026,R460009,Frozen Pizza,Frozen,4,₺4.23,16.92,10.0%,Mobile
20 May 2026,R260282,  Canned Soup  ,Canned Goods,4,4.5,18.0,13.76,NONE
NONE,R961308,Canned Soup,Canned Goods,2,1.94,3.88,2.99,Cash
2026/05/20,R166982,Frozen Pizza,Frozen,6,3.59,21.54,13.95,
20/05/2026,R567752,Frozen Pizza,Frozen,3,1.29,"3,87",2.6,card
2026/05/20,R390262,Bread,Bakery,18,2.56,46.08,24.64,Card
20 May 2026,R991376,Bread,Bakery,13,8.43,£109.59,81.87,Mobile
20/05/2026,R944071,Canned Soup ,Canned Goods,16,4.48,71.68,39.05,CASH
05/20/26,R399690,Soda,Beverages,15,8.47,127.05,68.4%,
20.05.2026,R390398,Canned Soup,Canned Goods,15,7.15,107.25 EUR,70.5,CASH
20/05/2026,R503257,Cereal,Breakfast,7,8.39,$58.73,₺30.06,Card
,R114542,Canned Soup,Canned Goods,19,5.47,103.93,53.1%,Mobile
20/05/2026,R445937,Bread,Bakery,10,4.59,45.9,36.5%,Cash
05/20/26,R266628,Cereal,Breakfast,10,7.67,76.7,53.68,
05/20/2026,R340824,CHIPS,Snacks,19,7.94,null,104.92 EUR,
20-05-2026,R327037,Soda,Beverages,16,4.49,71.84,"52,47",
2026-05-20,R431556,chips,Snacks,18,1.5,27.0,16.09,-
"May 20, 2026",R138317,Chips,Snacks,13,6.85,"89,05",63.13,Card
20 May 2026,R974938,Milk,Dairy,12,2.92,35.04,22.78,NA
20-05-2026,R206073,Cereal,Breakfast,18,7.54,135.72,"80,34",card
05/20/2026,R344972,Cereal ,Breakfast,15,4.21,63.15,47.34,CASH
20/05/26,R808249,Cereal,Breakfast,18,₺1.71,30.78,19.50,card
05/20/2026,R915798,Frozen Pizza,Frozen,2,6.62,13.24 EUR,7.9,CASH
20/05/2026,R371258,Chips,Snacks,11,6.0,66.00,$33.17,CASH
20/05/26,R388288,Frozen Pizza,Frozen,10,5.65,56.5,43.93,Cash
2026/05/20,R483085,Frozen Pizza,Frozen,18,6.36,114.48,68.96,Cash
20/05/26,R815514,Chips,Snacks,2,1.93,3.86,2.88,CASH
2026/05/20,R550495,Canned Soup,Canned Goods,11,6.43,70.73,40.13,Mobile
2026-05-20,R896226,Chips,Snacks,1,€4.83,4.83,€2.79,card
20-05-2026,R356503,Canned  Soup,Canned Goods,9,7.62,68.58,35.28,Cash
20/05/26,R236716,Frozen Pizza,Frozen,2,1.67,"3,34",2.36,NONE
05/20/26,R531516,Frozen Pizza,Frozen,18,1.83,"32,94",17.66,
"May 20, 2026",R342762,Milk,Dairy,10,1.5,15.0,"7,86",card
2026/05/20,R785963,Soda,Beverages,9,5.87,52.83,27.15,null
20/05/26,R152468,Soda,Beverages,10,5.97,59.70,38.05,Cash
"May 20, 2026",R505731,Cereal ,Breakfast,20,"3,78",75.6,58.29,n/a
"May 21, 2026",R351328,canned soup,Canned Goods,13,9.5,123.50 USD,80.47,Mobile
05/21/26,R246328,Canned Soup,Canned Goods,4,3.85,15.4,12.15,Card
21/05/26,R740680,Soda,Beverages,10,7.31,"73,10",48.42,Card
2026-05-21,R943107,Frozen Pizza,Frozen,7,"9,09",₺63.63,38.28,
2026-05-21,R744163,Bread,Bakery,20,2.34 TRY,46.8,35.60,CASH
05/21/2026,R204550,Canned Soup,Canned Goods,14,4.54,$63.56,43.37,
21.05.2026,R368603,Soda,Beverages,18,9.0%,161.28,NONE,N/A
,R766642,Frozen Pizza,Frozen,4,4.55,18.20,€14.15,Cash
21/05/26,R865702,Cereal,Breakfast,13,4.57,59.41,41.57 USD,none
21 May 2026,R899929,Canned Soup,Canned Goods,6,7.64,£45.84,23.78 USD,
21.05.2026,R133426,Milk,Dairy,8,2.16,17.28,12.99 EUR,
"May 21, 2026",R378389,Canned Soup,Canned Goods,3,3.37,10.11,7.95,n/a
"May 21, 2026",R911576,Frozen Pizza,Frozen,4,8.75,35.0,21.3,NA
21/05/26,R454074,Canned Soup,Canned Goods,16,8.73,139.68,91.71,Cash
2026/05/21,R837170,Cereal,Breakfast,5,₺1.15,5.75,3.65 TRY,CASH
21.05.2026,R962216,Milk,Dairy,20,8.99,179.8,₺119.34,card
21/05/2026,R444852,Canned Soup,Canned Goods,17,7.12,121.04,93.09,CASH
"May 21, 2026",R390588,Frozen Pizza,Frozen,17,9.94,168.98,95.97,Mobile
21 May 2026,R862271,Soda,Beverages,19,£6.54,124.26,63.15,
"May 21, 2026",R615655,Cereal,Breakfast,8,9.34,74.7%,51.3%,card
21 May 2026,R973683,Canned Soup,Canned Goods,2,1.54,3.08,1.67,card
21 May 2026,R942923,Canned Soup,Canned Goods,5,3.73,NONE,11.12,Cash
05/21/26,R476337,CANNED SOUP,Canned Goods,1,4.93,4.93,3.39,
2026/05/21,R664062,Soda,Beverages,19,9.26,175.94,$92.46,card
21-05-2026,R176467,Milk,Dairy,15,"4,92",73.8,53.52,Mobile
21 May 2026,R901473,Chips,Snacks,2,1.72,3.44,1.97,
2026/05/21,R851154,Frozen Pizza,Frozen,7,5.53,€38.71,21.14,Mobile
21 May 2026,R654973,Soda,Beverages,7,6.71,46.97,32.38,Cash
"May 21, 2026",R673764,CEREAL,Breakfast,3,4.91,14.73,9.65,Cash
05/21/2026,R487976,Milk,Dairy,19,5.29,100.51,"64,35",Cash
"May 21, 2026",R127309,Canned  Soup,Canned Goods,10,3.31,33.1,21.05,card
21.05.2026,R795192,Milk,Dairy,13,4.58,59.54,36.54,Cash
21-05-2026,R752443,Cereal,Breakfast,1,4.71,4.71,3.11,Card
05/21/2026,R478281,Milk,Dairy,9,4.59,41.31,₺30.60,Card
21/05/2026,R232291,Soda,Beverages,7,9.91,69.37 USD,47.28,Card
2026/05/21,R928815,Cereal,Breakfast,1,6.54,6.54 USD,3.82 TRY,CASH
21/05/26,R819658,Milk,Dairy,17,9.51,161.67,113.9,Mobile
"May 21, 2026",R737675,Soda,Beverages,16,3.48,55.68,43.6%,
2026/05/21,R849895,Canned Soup,Canned Goods,18,8.3%,149.22,106.86 USD,card
21/05/26,R368831,Canned Soup,Canned Goods,11,6.07,66.77,53.32,CASH
21.05.2026,R840833,Milk,Dairy,18,4.72,84.96,48.29,NA
"May 21, 2026",R526645,Chips,Snacks,14,7.52,105.28,67.94,Card
21-05-2026,R318688,Frozen Pizza,Frozen,10,2.17,21.7,15.10,n/a
21.05.2026,R371123,Bread,Bakery,9,9.85,88.65,"51,70",CASH
21/05/2026,R312382,Soda,Beverages,6,6.42,38.52,21.93,Cash
2026-05-21,R552220,Bread ,Bakery,14,2.02,28.28,21.35,CASH
21-05-2026,R888860,soda,Beverages,15,9.44,141.6%,"105,76",card
21-05-2026,R996268,Milk,Dairy,8,8.59,68.72,"37,88",card
05/21/26,R193175,Frozen Pizza,Frozen,19,9.16,174.04,127.39,CASH
2026/05/21,R712215,Cereal,Breakfast,5,4.2%,20.85,14.57,
21/05/26,R768932,Cereal,Breakfast,12,1.69,20.28,11.32,Cash
05/21/26,R698766,Chips,Snacks,13,8.01,$104.13,77.59,Mobile
21-05-2026,R881034,  Frozen Pizza  ,Frozen,18,6.1,109.8,75.25,
05/21/26,R569203,CEREAL,Breakfast,3,5.93,17.79,10.21,Mobile
21.05.2026,R997637,Frozen Pizza,Frozen,18,8.46,152.28 USD,95.83,card
2026/05/21,R481615,Milk,Dairy,19,5.74,109.06,66.82,
21-05-2026,R967598,Chips,Snacks,12,3.99,47.88,33.89,Mobile
21 May 2026,R146997,Canned Soup,Canned Goods,12,3.19,38.3%,30.13,Cash
21/05/2026,R413957,Chips,Snacks,13,7.34,95.42,74.64,Cash
21.05.2026,R308316,Canned Soup,Canned Goods,7,2.35,16.45,9.1,card
21/05/2026,R642481,Milk,Dairy,20,3.18,63.6,39.68,card
"May 21, 2026",R932571,Frozen Pizza,Frozen,4,8.86,35.4%,18.09,CASH
21/05/26,R807369,Chips,Snacks,6,8.76,52.56,35.75,-
21 May 2026,R133978,Bread,Bakery,11,7.8%,€86.35,67.31,CASH
21/05/26,R354646,Frozen Pizza,Frozen,20,5.84,116.8,83.50,Mobile
21.05.2026,R218266,Milk,Dairy,13,8.87,115.3%,84.52,card
2026/05/21,R701197,Bread,Bakery,3,5.27,15.81,11.13,NULL
21/05/2026,R109024,Chips,Snacks,3,9.98,29.94,16.68,CASH
null,R788224,Frozen Pizza,Frozen,1,5.07,5.07,3.49,Cash
"May 21, 2026",R804617,Chips,Snacks,2,6.88,13.76,8.7,Mobile
nan,R732610,Bread,Bakery,10,"7,50",75.0,50.19,Card
21-05-2026,R578802,Chips,Snacks,8,1.17,9.36 EUR,7.4,CASH
2026-05-21,R149918,  Chips  ,Snacks,9,9.43,84.87,49.41,
21 May 2026,R106489,bread,Bakery,7,2.74,19.18,11.06,card
2026-05-21,R253194,Cereal,Breakfast,17,8.44,"143,48",81.79,Cash
"May 21, 2026",R331978,Bread,Bakery,8,4.33,34.64,17.64,Card
21/05/26,R416791,Bread ,Bakery,3,€4.60,13.8,9.66,CASH
21/05/2026,R226533,Soda,Beverages,18,3.56,"64,08",nan,CASH
21/05/2026,R846165,Bread,Bakery,8,1.35,€10.80,"7,08",CASH
"May 21, 2026",R447577,Canned Soup,Canned Goods,11,3.0,33.0,22.67 EUR,CASH
2026-05-22,R278059,Cereal,Breakfast,15,2.1%,31.95,16.73,CASH
22/05/26,R362251,Bread,Bakery,18,3.36,,£41.26,NONE
null,R888645,Cereal,Breakfast,13,1.2,"15,60",11.53,Cash
22 May 2026,R300589,Cereal,Breakfast,16,7.64,122.24,93.52,Card
22 May 2026,R714423,Canned Soup,Canned Goods,11,2.25,24.75,13.89 TRY,Mobile
05/22/2026,R229041,Frozen  Pizza,Frozen,12,5.22,62.64,48.95,Cash
22 May 2026,R355704,cereal,Breakfast,7,1.92,13.44 USD,9.81,Cash
2026-05-22,R829376,Canned Soup,Canned Goods,1,8.35,8.35,6.37,card
22/05/2026,R305956,  Frozen Pizza  ,Frozen,15,$5.77,$86.55,47.82 USD,Card
22 May 2026,R716167,Canned Soup,Canned Goods,1,7.41,7.41,4.11,card
22.05.2026,R723872,Cereal,Breakfast,15,6.92,103.8,64.46 EUR,CASH
"May 22, 2026",R685819,Canned Soup,Canned Goods,8,7.54,60.32,46.68 TRY,Card
22 May 2026,R103702,Cereal,Breakfast,10,5.06,50.6,26.02,Cash
05/22/2026,R442063,Frozen Pizza,Frozen,19,7.09,134.71,104.42,Cash
22/05/26,R418303,Bread,Bakery,8,3.44,27.52,15.73,Cash
22.05.2026,R911568,Frozen Pizza,Frozen,18,₺1.39,25.02,"17,56",Card
2026-05-22,R619725,Chips,Snacks,7,4.86,₺34.02,23.01,Cash
22/05/26,R458475,Frozen Pizza,Frozen,12,3.11,37.32,23.13,Cash
22.05.2026,R250890,Milk,Dairy,3,7.72,23.16,13.54,CASH
22/05/26,R299571,Canned Soup,Canned Goods,3,4.12,12.36,8.07,NULL
2026-05-22,R332204,Milk,Dairy,11,6.17,67.87,45.67,card
2026-05-22,R799667,  Canned Soup  ,Canned Goods,14,4.41,61.74,₺31.59,Cash
22 May 2026,R848030,Milk,Dairy,18,3.47,62.46,47.98,
22/05/26,R869792,Chips,Snacks,6,7.27,43.6%,33.91,Cash
22/05/2026,R923389,Cereal,Breakfast,13,3.47 TRY,45.11,30.89,Cash
05/22/26,R371199,Soda,Beverages,19,2.89,54.91,43.0%,Card
22 May 2026,R483826,Milk,Dairy,7,2.56,17.92,"9,26",card
,R536111,Canned  Soup,Canned Goods,15,8.42,126.3,70.41,Card
22/05/2026,R651274,chips,Snacks,1,2.63,2.63,1.48,Mobile
2026/05/22,R311613,Soda,Beverages,8,6.42,51.36,32.69,Card
22/05/26,R952768,Bread,Bakery,4,4.93,19.7%,15.53,Cash
2026/05/22,R675374,Canned Soup,Canned Goods,13,7.19,93.47,"72,41",N/A
2026/05/22,R737177,Bread,Bakery,5,3.31,16.55,9.44,
"May 22, 2026",R633214,Frozen Pizza,Frozen,12,1.0%,12.36,8.19,Mobile
2026-05-23,R799640,Chips,Snacks,9,5.32,47.88,29.73,Mobile
2026/05/23,R560525,Canned Soup,Canned Goods,7,6.03,42.21,23.18,
23-05-2026,R777963,FROZEN PIZZA,Frozen,4,3.56,14.2%,11.08,null
23.05.2026,R368786,Soda,Beverages,12,4.05,48.6,29.68,
2026/05/23,R409804,Bread,Bakery,16,6.49,103.84,69.52,Card
2026-05-23,R759790,Soda,Beverages,15,8.1,121.5,79.0,CASH
23/05/26,R261190,Bread,Bakery,3,8.24,24.72,16.29,
23/05/26,R177307,Cereal ,Breakfast,4,5.26,21.04,14.85,Cash
23 May 2026,R169141,Frozen Pizza,Frozen,16,5.08,81.28,51.86,card
23 May 2026,R553038,Canned  Soup,Canned Goods,8,7.61,60.88,35.0,CASH
23 May 2026,R865545,Chips,Snacks,5,9.75,48.75,34.45,none
23 May 2026,R481156,Frozen Pizza,Frozen,7,2.78,19.46,12.94,nan
23 May 2026,R236689,Chips,Snacks,15,5.25,78.75,"55,29",CASH
"May 23, 2026",R246932,Soda,Beverages,19,6.99,"132,81",75.62 USD,Mobile
null,R447725,Frozen Pizza,Frozen,20,7.45,149.0,100.53 EUR,Cash
05/23/26,R166421,Bread,Bakery,15,$6.40,96.00 EUR,58.84,CASH
23-05-2026,R681821,Frozen Pizza,Frozen,1,6.66,6.66,4.85,Card
23/05/26,R165887,Chips,Snacks,2,9.49,18.98,12.03,CASH
23.05.2026,R118898,CHIPS,Snacks,3,2.19,-,4.44,
23/05/2026,R260839,Frozen Pizza,Frozen,7,3.82,NA,15.15,NA
24 May 2026,R630320,Chips,Snacks,11,5.63,61.93,48.4,CASH
"May 24, 2026",R601719,Chips,Snacks,11,7.21,79.31,50.41,Cash
24 May 2026,R364946,bread,Bakery,4,7.58,30.32,16.85,Mobile
24 May 2026,R747315,Bread,Bakery,14,9.32,130.48,98.77,nan
24/05/26,R226354,Milk,Dairy,2,€2.71,"5,42",2.88,--
24/05/26,R342107,Canned Soup,Canned Goods,3,9.64,28.92,18.32,Mobile
24/05/26,R783531,Chips,Snacks,4,8.11,32.44,22.63,Mobile
24/05/26,R280978,Frozen Pizza,Frozen,19,7.48,£142.12,94.60,Cash
24-05-2026,R731830,Cereal,Breakfast,6,4.82,28.92,18.99,card
24/05/26,R156025,canned soup,Canned Goods,12,7.35,88.20 TRY,48.21,
24-05-2026,R150926,Canned Soup,Canned Goods,17,3.32,56.44,€36.29,Card
2026/05/24,R707388,Bread,Bakery,3,1.65,4.95 USD,3.71,CASH
24.05.2026,R257838,CEREAL,Breakfast,1,1.47,1.47,1.16,-
24/05/26,R864926,Bread,Bakery,3,9.18,27.54,18.35 EUR,Mobile
24/05/26,R176658,Canned Soup ,Canned Goods,3,9.83,29.49,23.44,Cash
24/05/26,R613088,Canned Soup,Canned Goods,6,6.76 USD,40.56,23.68 EUR,Card
"May 24, 2026",R846285,Bread,Bakery,12,$5.83,69.96 TRY,37.88,card
05/24/26,R925184,Frozen Pizza,Frozen,7,7.97,55.79,29.36,
05/24/2026,R289719,Cereal,Breakfast,15,7.41,111.15 EUR,87.24 EUR,Cash
2026/05/24,R493156,Frozen Pizza,Frozen,5,2.04,10.2,null,none
24.05.2026,R969504,  Soda  ,Beverages,3,4.43,13.29,8.61,card
24/05/26,R440996,Bread,Bakery,10,7.14,71.4,38.11,Card
24/05/26,R590383,Frozen Pizza,Frozen,12,4.04,48.48,30.3%,card
05/24/2026,R496111,Cereal,Breakfast,4,8.0,32.0,17.94,-
24.05.2026,R366464,Soda,Beverages,4,9.64,38.56,28.82,Mobile
"May 24, 2026",R220158,Chips,Snacks,7,5.96,41.72,32.7,Card
24/05/26,R735638,Soda,Beverages,18,8.23,148.14,"84,86",
05/24/2026,R204262,Cereal,Breakfast,11,9.29,102.19,80.46,Cash
24-05-2026,R174709,Soda,Beverages,1,7.77,7.77,3.98,Mobile
24-05-2026,R830848,Frozen Pizza,Frozen,9,2.25,20.2%,14.37,
05/24/2026,R421813,Canned Soup,Canned Goods,15,2.01,30.15,24.09,card
24/05/2026,R630690,Soda,Beverages,17,9.44,160.48,112.91,Card
24-05-2026,R895738,Soda,Beverages,6,7.1,42.6,24.29,Mobile
05/24/26,R946747,Chips,Snacks,5,1.3,6.5,3.44,CASH
24/05/2026,R928791,Milk,Dairy,3,$7.83,23.49,17.16,--
24 May 2026,R790521,Milk,Dairy,15,3.21,48.15,31.79,-
24-05-2026,R483214,Canned Soup,Canned Goods,17,€1.17,19.89,14.01,card
null,R793280,MILK,Dairy,13,9.09,118.17,69.31,CASH
24.05.2026,R956764,Canned Soup,Canned Goods,12,2.46,"29,52",18.0,NA
24-05-2026,R796235,Milk,Dairy,19,$2.14,40.66,₺26.20,CASH
24.05.2026,R402115,Cereal,Breakfast,4,4.79,"19,16",11.75,Mobile
24/05/26,R889207,Frozen Pizza,Frozen,19,7.75,147.25,111.37,
05/24/26,R999679,Cereal,Breakfast,8,2.1,16.8,8.54,
05/25/26,R459409,Chips,Snacks,16,6.88,110.08,82.05,
25-05-2026,R650667,Bread,Bakery,3,9.29,$27.87,14.07,Card
2026-05-25,R909998,Bread,Bakery,15,€9.43,£141.45,104.3,Cash
2026/05/25,R411423,Bread,Bakery,18,8.2,147.6,94.75,Mobile
05/25/2026,R140715,Cereal,Breakfast,9,6.99,nan,37.17,NONE
05/25/26,R831125,Chips,Snacks,16,2.46,39.36,23.23,
2026/05/25,R114832,  Chips  ,Snacks,1,3.8%,3.76,2.02,Cash
25/05/2026,R386767,Canned Soup,Canned Goods,12,2.25,27.0,15.95,Cash
,R329562,Bread,Bakery,17,3.89,66.1%,44.34,Cash
05/25/26,R454821,Frozen Pizza,Frozen,17,6.81 EUR,115.8%,64.02,
05/25/26,R773072,Milk,Dairy,19,£8.20,155.8,89.56,Card
25/05/26,R450940,Bread,Bakery,12,5.28,63.36,41.23,Card
05/25/2026,R452918,Cereal,Breakfast,7,9.26,64.82,nan,Card
25/05/2026,R660634,Bread,Bakery,20,1.96,39.2,30.0%,card
05/25/2026,R653352,Soda,Beverages,4,5.64,22.56,14.89,Mobile
05/25/2026,R215083,Cereal,Breakfast,4,7.83,31.32,18.19,null
25/05/26,R547220,Chips,Snacks,7,5.43,38.01,20.18,Card
2026-05-25,R584026,Canned Soup,Canned Goods,20,1.72,34.4,24.36,card
05/25/26,R245735,Bread,Bakery,3,£2.11,"6,33",4.05,Card
25-05-2026,R139673,Soda,Beverages,17,5.48 TRY,93.16,55.98,
25.05.2026,R431055,Frozen Pizza,Frozen,12,5.2,"62,40",47.44 TRY,Card
"May 25, 2026",R473443,Chips,Snacks,20,2.88,57.6,45.63,
05/25/26,R330619,Cereal,Breakfast,9,9.49,85.41,53.74,CASH
25 May 2026,R429884,Soda,Beverages,13,1.5,19.50 USD,"9,89",Mobile
05/25/26,R298486,Bread,Bakery,8,8.8%,70.56,€51.10,Mobile
N/A,R244567,Soda,Beverages,5,3.94,"19,70",9.97,N/A
2026-05-25,R851573,Bread ,Bakery,12,3.69,44.28 TRY,31.1%,Card
2026-05-25,R510696,Frozen Pizza,Frozen,4,8.96,35.84,21.04,Cash
25 May 2026,R563881,Frozen Pizza ,Frozen,13,5.4,70.20,36.49,
2026-05-25,R911141,  Bread  ,Bakery,15,4.79,71.85,45.9,CASH
25-05-2026,R980190,Bread,Bakery,1,8.41,8.41,6.69,Card
25 May 2026,R650744,Milk,Dairy,20,7.96,159.2,109.51,Card
2026/05/25,R372044,Bread,Bakery,1,3.85,3.85,2.81,Card
25/05/2026,R618071,Canned Soup,Canned Goods,16,9.32,149.12,77.12,Cash
25.05.2026,R309411,Bread,Bakery,17,2.74,46.58,"25,35",Card
NULL,R151517,  Soda  ,Beverages,5,1.79,8.95,₺5.10,Mobile
05/25/2026,R445322,Bread,Bakery,16,9.36,149.76 USD,£99.41,Cash
"May 25, 2026",R960969,Canned Soup,Canned Goods,8,"6,19",49.5%,30.28,Mobile
2026/05/25,R847154,Chips ,Snacks,2,5.47,10.94,8.66,Cash
05/25/2026,R679224,Cereal,Breakfast,17,3.89,66.13,51.65,Mobile
05/25/26,R289571,Milk,Dairy,13,8.9,€115.70,N/A,-
25-05-2026,R634254,Canned Soup,Canned Goods,20,4.22,$84.40,56.26,CASH
25/05/26,R499928,Canned Soup,Canned Goods,3,1.58 TRY,4.7%,2.95,Card
"May 25, 2026",R176131,Chips,Snacks,16,₺4.26,68.16,51.93,card
"May 25, 2026",R749747,Milk,Dairy,3,9.68,29.04,₺22.39,
25 May 2026,R401826,Chips,Snacks,2,5.52,11.04,₺7.11,
05/25/2026,R925782,Soda,Beverages,7,8.11,56.77,€42.55,Mobile
25.05.2026,R842886,Chips,Snacks,4,4.37,"17,48",13.11,CASH
25-05-2026,R394370,Chips,Snacks,14,1.76,24.64,18.87,
25.05.2026,R240510,CANNED SOUP,Canned Goods,15,4.45,66.75,45.57,CASH
05/25/2026,R272588,Chips,Snacks,1,7.83,7.83,5.52,CASH
2026/05/25,R986875,Canned Soup,Canned Goods,20,6.54,130.8,85.19,
"May 25, 2026",R765890,Canned Soup,Canned Goods,2,7.6,15.2,€11.36,
25.05.2026,R297194,Frozen Pizza,Frozen,17,4.26,72.42,53.02,CASH
25-05-2026,R621970,Chips,Snacks,8,1.76,14.08,8.77,Cash
25 May 2026,R468566,soda,Beverages,6,2.91,17.46,13.76,CASH
"May 25, 2026",R616839,Milk,Dairy,17,"4,23",71.91,47.24,card
2026-05-25,R407077,Bread,Bakery,7,7.48,52.36,32.59,
2026/05/25,R812912,Canned Soup,Canned Goods,11,6.21,68.31,"42,80",CASH
n/a,R182639,Frozen Pizza,Frozen,5,"3,98",19.9,13.26,null
25/05/26,R726004,Chips,Snacks,9,4.45,40.05,27.31,Card
25/05/2026,R652772,Milk,Dairy,17,8.8%,149.6,78.67,Cash
2026/05/25,R131421,Soda,Beverages,11,1.15,12.65,7.09,
2026-05-25,R492462,Milk,Dairy,16,5.26,84.16,60.96,Cash
25/05/26,R657325,Chips,Snacks,17,6.3,107.1,55.78,Cash
nan,R535379,Frozen Pizza,Frozen,8,7.15,57.2,36.92,card
2026-05-26,R634224,Chips,Snacks,19,1.7,32.3,25.13,Card
26/05/26,R585179,Frozen Pizza,Frozen,18,7.74,139.32,74.17,card
26/05/26,R100278,Bread,Bakery,2,8.68,"17,36",12.16,Mobile
26-05-2026,R393275,Cereal,Breakfast,5,₺9.04,45.2,NONE,
26-05-2026,R960912,Soda,Beverages,13,5.42,70.46,35.34,
2026-05-26,R659299,CANNED SOUP,Canned Goods,7,2.12,₺14.84,8.78,Card
26.05.2026,R314966,Cereal,Breakfast,18,5.84,$105.12,76.5,CASH
05/26/26,R704422,soda,Beverages,19,1.97,37.43,18.94,
26.05.2026,R370431,Milk,Dairy,16,2.97,47.52 EUR,30.91,Card
05/26/26,R973612,Soda,Beverages,1,4.35,4.35,"2,98",CASH
26.05.2026,R536054,Milk,Dairy,6,5.9,35.40,25.12,Card
2026-05-26,R318136,Bread,Bakery,20,2.28,45.6,26.47,
2026-05-26,R719890,Soda,Beverages,6,7.87,47.22,24.32,NONE
26-05-2026,R855603,Chips,Snacks,19,1.01,$19.19,$10.19,Mobile
2026/05/26,R641533,Canned Soup,Canned Goods,18,9.31 TRY,167.58,90.36,
26-05-2026,R262545,Milk,Dairy,2,1.87,3.74,2.8,Card
05/26/2026,R462769,Cereal,Breakfast,5,2.96,14.80 EUR,7.78,Cash
05/26/2026,R559860,frozen pizza,Frozen,13,3.32,43.16,nan,CASH
26/05/2026,R320236,Canned Soup,Canned Goods,7,6.04,42.28,25.83,Cash
2026/05/26,R975571,Canned Soup,Canned Goods,1,8.71,₺8.71,6.5%,--
"May 27, 2026",R418009,Chips,Snacks,15,7.53,112.95,75.04,Cash
05/27/2026,R285381,Cereal,Breakfast,17,7.7%,NULL,84.63,card
27 May 2026,R898750,Soda,Beverages,11,8.61,94.71,70.63,N/A
2026-05-27,R920175,Milk,Dairy,18,9.62,173.16,87.42,Mobile
"May 27, 2026",R211084,Canned Soup,Canned Goods,2,6.57,13.14,9.60,Mobile
27/05/2026,R802111,Milk,Dairy,17,8.00,136.00 USD,75.32,Cash
2026/05/27,R293446,Bread,Bakery,13,6.61,85.93,44.51,--
27/05/2026,R585567,Bread,Bakery,12,9.42,N/A,81.8,
27.05.2026,R743335,Canned Soup,Canned Goods,19,"2,06",39.14,27.95,
2026-05-27,R734399,Frozen Pizza,Frozen,8,$1.17,9.36,6.01,
27/05/26,R324687,Frozen Pizza,Frozen,9,"9,45",85.0%,"53,31",CASH
27/05/26,R512763,Frozen Pizza,Frozen,1,1.99,1.99,1.32,NULL
"May 27, 2026",R467488,Bread,Bakery,7,2.15 EUR,15.05,11.46,Card
27/05/26,R232506,Soda,Beverages,5,5.45,27.25,14.92,Card
27.05.2026,R703026,Soda,Beverages,16,7.69,123.04,81.56,card
2026-05-27,R471654,Frozen Pizza,Frozen,11,7.35,80.85,53.91 TRY,Card
05/27/2026,R624482,Chips ,Snacks,15,9.15,137.25,109.74,
27/05/2026,R834416,  Milk  ,Dairy,1,9.88,9.88,"7,31",CASH
NONE,R645433,Canned Soup ,Canned Goods,18,2.23,40.1%,25.34,
"May 27, 2026",R537462,Cereal,Breakfast,13,1.06,13.78,null,Cash
27.05.2026,R836092,Milk ,Dairy,8,2.47 EUR,19.76,15.33,card
2026/05/27,R733082,Milk,Dairy,5,3.64,18.2,13.82 USD,
27.05.2026,R426169,Cereal,Breakfast,4,6.36,25.44,13.7%,Card
27-05-2026,R566510,Soda,Beverages,10,6.31,63.1,34.66,Card
05/27/26,R975923,Canned  Soup,Canned Goods,12,9.43,113.16 TRY,64.82,N/A
27/05/26,R811214,frozen pizza,Frozen,11,6.52,71.72,40.72,Mobile
27-05-2026,R654675,chips,Snacks,20,2.74,54.8,33.1,Mobile
27-05-2026,R138925,Canned  Soup,Canned Goods,9,8.33,74.97,58.35,card
27/05/26,R754862,Milk,Dairy,16,9.92,158.72 TRY,124.8,Card
2026-05-27,R633861,Canned Soup,Canned Goods,16,9.28,148.48,85.84,
27-05-2026,R319018,Canned Soup,Canned Goods,4,1.65,6.6,3.45,card
"May 27, 2026",R771250,Canned  Soup,Canned Goods,11,6.75,74.25,48.15,none
27-05-2026,R178326,Frozen Pizza,Frozen,13,1.06,13.78,10.00,
27 May 2026,R293928,Chips,Snacks,10,1.8%,17.9,€10.20,card
27/05/2026,R522720,Bread,Bakery,4,2.2,8.8,5.92,Cash
"May 27, 2026",R253498,Canned Soup,Canned Goods,17,$1.27,21.6%,16.03,--
27/05/2026,R489105,Milk,Dairy,8,5.95,47.6,25.1%,Cash
27/05/26,R874855,Bread,Bakery,19,9.19,₺174.61,102.46,Cash
2026-05-27,R286782,Frozen Pizza,Frozen,7,8.86,62.02,48.7,card
27/05/2026,R454409,Soda,Beverages,17,2.2%,36.89,20.12,card
27/05/26,R596540,Cereal,Breakfast,3,6.3%,19.02,12.76,card
2026-05-27,R600579,Chips,Snacks,12,"9,33",111.96,69.33,null
2026/05/27,R568803,Milk,Dairy,16,7.38,118.08,84.58,card
05/27/26,R495326,Canned Soup,Canned Goods,10,8.44,₺84.40,63.14,Mobile
05/27/26,R156891,Milk,Dairy,1,5.09,5.09,3.81,CASH
28/05/2026,R944899,Canned Soup,Canned Goods,18,9.48,170.64,125.23,Mobile
28/05/2026,R667386,Chips,Snacks,18,7.53,135.54,71.77,NA
2026-05-28,R638427,Canned Soup,Canned Goods,10,6.26,"62,60",36.81,Card
,R962630,Cereal,Breakfast,10,9.69,96.9%,72.46,card
28/05/2026,R895359,Frozen Pizza,Frozen,6,4.63,27.78,18.57,
05/28/2026,R999244,Cereal,Breakfast,9,6.38,57.42,35.64 EUR,Cash
28-05-2026,R176880,Frozen Pizza,Frozen,9,9.19,82.71,54.12,NONE
28-05-2026,R688255,Frozen Pizza,Frozen,6,9.43,56.58,40.95,Cash
28/05/26,R790122,Cereal,Breakfast,1,6.5%,6.55 EUR,4.49,
28-05-2026,R932813,Soda,Beverages,19,6.92,131.48,73.19,card
05/28/26,R559949,Cereal,Breakfast,17,7.1,£120.70,60.95,card
05/28/2026,R396366,Canned Soup,Canned Goods,18,1.3,€23.40,14.03,card
2026-05-28,R286245,Bread,Bakery,14,7.46,104.44,58.72,Cash
05/28/26,R531310,Bread,Bakery,19,1.22,"23,18","17,85",-
28/05/26,R574571,Bread,Bakery,16,8.92,142.72,"83,16",
28-05-2026,R435717,Frozen Pizza,Frozen,5,1.04,5.20,2.67,card
28/05/26,R760539,Cereal,Breakfast,9,1.87,16.83,9.74,
28 May 2026,R550759,Soda,Beverages,15,4.12,61.80 TRY,35.33,none
2026/05/28,R454162,Soda,Beverages,11,"1,31",14.41,9.83,none
05/28/2026,R466133,Chips,Snacks,4,5.18,20.72,11.77,CASH
28.05.2026,R560995,Cereal,Breakfast,12,7.67,$92.04,47.61,Card
28/05/26,R911878,Cereal,Breakfast,9,6.77,60.93,40.31,
05/28/26,R718337,Soda,Beverages,4,9.52,"38,08",NONE,
2026/05/28,R933365,Bread,Bakery,2,7.86,15.72,12.06,Card
05/28/2026,R777310,Chips,Snacks,14,5.91,82.74,58.95,Mobile
28-05-2026,R981039,Canned Soup,Canned Goods,2,5.46,10.92,5.81,CASH
"May 28, 2026",R791240,Canned Soup,Canned Goods,15,4.93,73.95,42.55,
05/28/26,R229542,Frozen Pizza,Frozen,11,4.11,45.21,nan,Cash
2026-05-28,R765627,Milk,Dairy,15,8.35,125.25,78.19,none
05/28/26,R698594,Soda,Beverages,10,₺9.50,95.0,75.22 EUR,Cash
05/28/26,R673381,Soda,Beverages,7,3.16 EUR,22.12,17.41,CASH
28.05.2026,R457070,Soda,Beverages,5,3.09,15.4%,9.10,CASH
"May 28, 2026",R181721,Milk,Dairy,8,7.98 EUR,63.84,37.83,
05/28/2026,R258351,Bread,Bakery,6,3.2,19.20 USD,14.67,
05/28/26,R488794,Chips,Snacks,16,6.02,96.32,"50,22",
28/05/2026,R997145,  Soda  ,Beverages,8,9.79,"78,32",59.31,card
28-05-2026,R367934,Cereal,Breakfast,17,3.41,57.97,39.72,Cash
28.05.2026,R823257,Cereal,Breakfast,7,8.67,60.69,34.8,card
28.05.2026,R124751,Bread,Bakery,17,1.57,26.69,19.7,Cash
28-05-2026,R275749,cereal,Breakfast,8,3.63,29.04 TRY,15.22,Cash
28/05/2026,R278662,Frozen Pizza,Frozen,5,"7,24",36.2,$25.53,Card
2026/05/28,R979020,Bread,Bakery,1,9.88,9.88,5.66,Mobile
2026/05/28,R947237,Chips,Snacks,5,2.58,12.9,8.7,n/a
28 May 2026,R353774,Cereal,Breakfast,1,7.08,7.08,"3,88",CASH
05/28/26,R388372,Chips,Snacks,1,5.91,5.91,4.34,
28 May 2026,R167538,Chips,Snacks,3,5.06,15.18,9.64,CASH
28/05/26,R625762,Cereal,Breakfast,15,9.1,136.5,95.74,
28 May 2026,R946673,Canned Soup,Canned Goods,16,6.95,111.2,$65.58,Mobile
05/28/2026,R718221,Cereal,Breakfast,2,4.97,9.94,7.83,Mobile
28.05.2026,R583295,Chips,Snacks,19,3.87,"73,53",51.83,Cash
28/05/2026,R817769,Cereal,Breakfast,17,9.14,155.38,94.17,Mobile
28/05/2026,R875317,Soda,Beverages,4,7.73,30.92,20.89,CASH
28/05/2026,R128328,  Bread  ,Bakery,11,1.02,11.22,7.76,Cash
05/28/2026,R898079,Milk,Dairy,15,9.32,139.8,71.32,n/a
28-05-2026,R180273,Frozen Pizza,Frozen,20,2.89,57.8,35.23,CASH
28 May 2026,R213318,Soda,Beverages,5,1.72,8.6,4.54,Mobile
05/28/2026,R971369,Frozen Pizza,Frozen,1,2.21,2.21,1.24,CASH
28/05/26,R779559,Chips,Snacks,12,7.29,87.48,62.92,CASH
28 May 2026,R213388,Chips,Snacks,4,3.26,13.04,8.1,Card
05/28/26,R125060,Frozen Pizza,Frozen,6,8.17,$49.02,31.34,Mobile
NONE,R542999,Frozen Pizza,Frozen,5,1.38,6.9,5.32,Mobile
28 May 2026,R398600,CEREAL,Breakfast,7,9.93,69.51,48.62,NA
2026/05/29,R591659,Chips ,Snacks,6,5.9,35.4%,$22.97,Mobile
29/05/2026,R788394,Cereal ,Breakfast,1,2.88,2.88,1.62,CASH
29/05/26,R952664,Soda,Beverages,2,7.88,15.76,11.18,CASH
29/05/26,R566236,Soda,Beverages,5,7.8%,38.95,null,Card
29 May 2026,R861657,Chips,Snacks,10,"6,94",69.4,NONE,NULL
"May 29, 2026",R931801,Cereal,Breakfast,11,3.0%,33.0,26.0%,Card
"May 29, 2026",R605012,Frozen Pizza,Frozen,14,3.27 TRY,45.78 EUR,31.9%,
none,R501430,Milk,Dairy,5,4.19,20.95,₺11.94,
05/29/2026,R984434,Bread,Bakery,4,2.28,£9.12,5.76,CASH
2026/05/29,R550715,Milk,Dairy,4,5.44,21.76,16.18,card
"May 29, 2026",R776159,Milk,Dairy,11,3.84,42.24,25.0,
2026-05-29,R413684,soda,Beverages,1,3.15,3.15,1.87,card
05/29/26,R418874,canned soup,Canned Goods,18,₺4.09,73.62,41.54,card
2026/05/29,R717093,Chips,Snacks,11,5.38,NONE,null,-
29/05/26,R666635,Frozen Pizza,Frozen,8,4.82,38.56,24.84,
05/29/2026,R621709,CANNED SOUP,Canned Goods,19,5.69,108.11,£58.91,
29/05/26,R133627,Canned Soup,Canned Goods,4,1.73,NONE,5.00,
29/05/2026,R363621,Bread,Bakery,16,1.93,30.88,20.4,Mobile
"May 29, 2026",R975895,Cereal,Breakfast,12,6.88,82.56,"58,57",Card
29/05/26,R353702,Bread,Bakery,13,6.5,84.5,53.74,
"May 29, 2026",R604760,bread,Bakery,13,2.73,35.49,26.55,CASH
05/29/26,R782039,Milk,Dairy,19,€1.04,19.76,11.49,Mobile
05/29/2026,R874562,Cereal,Breakfast,15,3.07,46.05,"33,50",NULL
05/29/2026,R312831,frozen pizza,Frozen,4,5.89,23.6%,"17,13",Cash
null,R237703,Chips,Snacks,11,6.64,73.0%,53.52,Mobile
"May 29, 2026",R586632,Cereal ,Breakfast,15,7.0%,105.60,55.75,Card
2026-05-29,R123769,Soda,Beverages,19,2.09,39.71,20.92,Mobile
"May 29, 2026",R716452,Soda,Beverages,5,9.25,46.25,"34,71",Cash
2026-05-29,R299236,soda,Beverages,14,5.53,77.42,47.44 TRY,Mobile
29/05/2026,R592121,Frozen Pizza,Frozen,8,1.41,11.28,7.79 EUR,null
NA,R114812,Milk,Dairy,4,6.76,27.04,18.39,card
"May 29, 2026",R297377,Chips,Snacks,1,1.86,1.86,0.97,CASH
29-05-2026,R628208,Bread,Bakery,13,6.24,81.12,48.90 EUR,Card
29-05-2026,R154841,Frozen Pizza,Frozen,11,7.5,82.5,62.93,
29 May 2026,R871819,Canned Soup,Canned Goods,13,7.55,98.15,52.61,
N/A,R681050,Canned Soup,Canned Goods,12,9.01,108.12,"71,41",CASH
29.05.2026,R297331,milk,Dairy,15,9.13,NULL,77.9%,
29-05-2026,R773438,Frozen Pizza,Frozen,18,4.63,£83.34,53.47,Card
2026-05-29,R570072,Frozen Pizza,Frozen,13,3.19 USD,41.47,23.73 USD,null
29-05-2026,R549428,Canned Soup,Canned Goods,5,9.68,48.40,33.92,Card
29/05/2026,R218980,Frozen Pizza,Frozen,11,4.44,€48.84,30.3,Mobile
29-05-2026,R688032,Soda,Beverages,19,6.6,$125.40,"97,05",Cash
29-05-2026,R565304,Milk ,Dairy,1,1.09,1.09,0.66,
29/05/26,R805203,Bread,Bakery,20,8.63,172.60,£88.19,
29 May 2026,R162962,Bread,Bakery,15,6.75,101.25,76.76,Mobile
05/29/2026,R776356,Chips,Snacks,4,6.09,24.36 TRY,16.95,--
05/29/26,R547642,Frozen Pizza,Frozen,20,7.77,none,116.93,
2026/05/29,R404263,Milk,Dairy,20,4.46,89.2,44.95,
"May 29, 2026",R573986,Canned Soup,Canned Goods,5,7.3,36.5,20.16,Cash
05/29/2026,R700706,Frozen Pizza,Frozen,7,"3,95","27,65",14.88,card
2026/05/30,R441426,CANNED SOUP,Canned Goods,5,5.05,25.25,19.13,Card
30.05.2026,R264466,Soda,Beverages,20,2.0%,40.4,31.86,Cash
30.05.2026,R588667,Canned Soup,Canned Goods,9,9.53,85.77,"56,49",null
30.05.2026,R769599,Bread,Bakery,2,£5.32,10.64,5.99,CASH
05/30/2026,R346618,BREAD,Bakery,17,1.06,18.02,10.02,Cash
30/05/2026,R559673,Bread,Bakery,16,"6,89","110,24",82.16,Mobile
2026/05/30,R272580,Frozen Pizza,Frozen,6,8.69,52.14,38.73,CASH
05/30/2026,R319971,Soda,Beverages,20,1.59,31.8,24.65,CASH
"May 30, 2026",R295439,Chips ,Snacks,8,3.69,29.52,22.77,Card
30/05/26,R118962,Canned Soup,Canned Goods,14,2.1%,29.96,19.82,Mobile
30/05/26,R218072,Soda,Beverages,10,5.36,53.6,42.21,Card
NA,R551914,Soda,Beverages,18,3.44,61.92,"39,45",Mobile
2026/05/30,R436480,Milk,Dairy,10,6.79,67.9,40.84,Cash
05/30/2026,R515229,Canned Soup,Canned Goods,5,8.6%,43.0,23.52,Cash
2026/05/30,R815440,Cereal,Breakfast,16,4.6%,73.6,58.51,card
05/30/2026,R593590,Bread,Bakery,17,3.21,54.57,€32.17,
2026-05-30,R102759,bread,Bakery,3,2.33,6.99,4.2%,card
2026-05-30,R859983,Bread,Bakery,2,$5.43,10.86,6.85,card
30.05.2026,R509318,Frozen Pizza,Frozen,6,9.52,57.12,39.88,NONE
2026/05/30,R760803,Soda,Beverages,10,5.52,55.20,28.5,n/a
"May 30, 2026",R971380,Frozen  Pizza,Frozen,12,6.59,79.08,51.33,nan
30-05-2026,R913375,Canned Soup,Canned Goods,20,6.93,138.60,88.9,Mobile
30.05.2026,R486822,Soda,Beverages,14,8.49,118.86,₺83.17,CASH
05/30/26,R664108,Cereal,Breakfast,14,9.45 EUR,132.30,£98.67,Card
30/05/2026,R710002,Soda ,Beverages,5,2.05,10.25,6.53,Card
30-05-2026,R542754,Cereal,Breakfast,7,1.86,13.02,8.96,Card
30-05-2026,R919417,Canned Soup,Canned Goods,19,4.38,"83,22",42.4%,Cash
2026-05-30,R147390,Cereal,Breakfast,19,5.95 TRY,113.05,,none
30 May 2026,R195467,Bread,Bakery,2,2.94,5.9%,4.70,Cash
30-05-2026,R700984,Soda,Beverages,15,5.21,78.2%,44.66,n/a
30 May 2026,R434788,Chips,Snacks,17,8.17,£138.89,88.94,Mobile
2026-05-30,R922817,Cereal,Breakfast,3,6.64,19.92,11.49,Mobile
30/05/26,R831840,Frozen  Pizza,Frozen,5,₺5.28,26.40,20.97,Cash
30/05/26,R970151,Milk,Dairy,6,5.26,31.56,17.13,Cash
05/30/2026,R782616,Cereal,Breakfast,1,5.35,5.35,3.02,card
"May 30, 2026",R944350,Frozen Pizza,Frozen,5,4.59,22.95,12.79 USD,Card
30/05/26,R288054,Milk,Dairy,11,9.96,109.56,78.57,
"May 30, 2026",R342562,Cereal,Breakfast,2,6.88,13.76,10.11,Mobile
2026-05-30,R912175,Milk,Dairy,17,5.86,99.62,73.16,NA
30 May 2026,R200915,Frozen Pizza,Frozen,6,7.68,46.08 USD,35.21,
05/30/2026,R200419,Canned Soup,Canned Goods,3,8.0,"24,00",18.43,
30-05-2026,R547776,Chips,Snacks,20,1.9%,38.4,30.01,
05/30/26,R226905,Cereal,Breakfast,15,5.30,79.5,"49,59",NULL
null,R654379,chips,Snacks,13,4.41,57.33,42.05,card
,R658348,Canned Soup,Canned Goods,6,7.62,45.72,34.02,
"May 31, 2026",R236111,Soda,Beverages,8,1.84,14.7%,8.02,Cash
2026-05-31,R260179,Soda,Beverages,11,6.62,72.82,40.69 USD,NA
31/05/26,R968164,Milk ,Dairy,3,3.58,-,6.96,CASH
31-05-2026,R233222,Cereal,Breakfast,15,9.77,146.55,91.95,card
2026/05/31,R806174,Frozen Pizza,Frozen,7,8.55,59.85,46.7%,
"May 31, 2026",R660090,Soda,Beverages,2,5.05,10.1,7.73,nan
05/31/26,R204296,Frozen Pizza,Frozen,18,5.17 USD,93.06,65.37,Mobile
"May 31, 2026",R750327,Chips,Snacks,1,8.94,8.94,4.94,CASH
2026/05/31,R928410,Canned Soup,Canned Goods,15,4.57,68.55,51.20,
05/31/26,R908009,Bread,Bakery,8,2.54,£20.32,13.24,Mobile
31/05/2026,R773211,Frozen  Pizza,Frozen,15,5.22,78.30 USD,45.38,Card
05/31/2026,R319833,Cereal,Breakfast,12,9.05,108.6,71.72,Mobile
2026-05-31,R438655,Chips,Snacks,1,3.96,3.96,NONE,CASH
"May 31, 2026",R727847,Cereal,Breakfast,12,2.46,29.52,22.99,Mobile
"May 31, 2026",R126749,Chips,Snacks,13,"2,28",29.64,£21.44,card
05/31/2026,R497918,Bread,Bakery,18,4.74,85.32,60.12,-
05/31/2026,R282231,Canned Soup,Canned Goods,5,8.92,44.6,22.8%,nan
31.05.2026,R345979,Bread,Bakery,13,5.05,65.65,₺46.12,Mobile
31/05/26,R762365,Soda,Beverages,1,1.21,1.21,0.85,
31-05-2026,R456955,Canned Soup,Canned Goods,12,"7,15",85.8,53.88,Cash
31-05-2026,R830498,Chips,Snacks,5,5.85,29.25,€17.12,NA
05/31/26,R872893,Canned Soup,Canned Goods,19,8.96,170.24,£125.57,
05/31/26,R320280,Milk,Dairy,10,5.5,55.0,32.81,Card
05/31/2026,R918930,Chips,Snacks,19,"6,69","127,11",83.84,
"May 31, 2026",R611522,Soda,Beverages,16,3.52 EUR,56.32,35.26,Card
31/05/26,R398980,Soda,Beverages,5,7.37,36.85,"20,90",Mobile
31/05/26,R708645,Chips,Snacks,7,1.03,7.21,4.39,CASH
31 May 2026,R422413,Soda,Beverages,6,7.08,42.48,30.15,Cash
31-05-2026,R240866,soda,Beverages,9,€7.74,69.66,43.85,Mobile
05/31/2026,R358890,Chips,Snacks,9,2.64,23.8%,$12.62,Mobile
05/31/26,R839324,Chips,Snacks,9,3.52,31.68 TRY,23.87,Mobile
31/05/26,R496603,Soda,Beverages,20,2.44,48.8,38.92,Mobile
31 May 2026,R964034,Canned Soup,Canned Goods,3,₺4.92,14.8%,7.89,NULL
31.05.2026,R731112,Bread,Bakery,8,6.6,52.8,27.74,Card
31-05-2026,R231224,Bread,Bakery,18,5.4%,97.02,56.32,Cash
31-05-2026,R161650,Chips,Snacks,9,7.59,68.31,51.41,
31-05-2026,R244569,Chips,Snacks,6,9.19,55.14,29.6,card
2026/06/01,R162746,Milk,Dairy,8,8.41,-,"42,36",Cash
01/06/26,R185067,Canned Soup,Canned Goods,4,8.69,34.76,26.31,card
2026/06/01,R359729,Canned Soup,Canned Goods,3,1.46,4.38,3.0,
01.06.2026,R678521,Cereal,Breakfast,15,2.24,33.6,19.58,CASH
"Jun 01, 2026",R602017,Chips,Snacks,15,5.0,75.0,55.92,Card
NA,R216122,Canned Soup,Canned Goods,18,4.05,72.9,43.25,card
06/01/26,R986052,Bread,Bakery,10,6.43,64.3,38.63,Card
"Jun 01, 2026",R962440,Canned Soup,Canned Goods,1,4.39,"4,39",2.61,card
"Jun 01, 2026",R917568,Milk,Dairy,18,6.92,124.56 USD,89.11 USD,Mobile
01 Jun 2026,R460825,Milk,Dairy,11,3.59,39.49,31.12,CASH
2026-06-01,R756085,Cereal,Breakfast,3,"1,16",3.48,2.22,Mobile
01/06/26,R498560,Chips,Snacks,9,6.99,62.91,48.74,card
01/06/2026,R408810,Cereal,Breakfast,11,6.57,72.27,55.26,Mobile
01 Jun 2026,R964055,Cereal,Breakfast,6,1.1%,6.48,4.55,Card
06/01/2026,R121219,Frozen Pizza ,Frozen,20,6.81,136.2%,91.92,
06/01/2026,R675970,Chips,Snacks,15,2.74,41.1,30.32,card
01 Jun 2026,R728828,Milk,Dairy,20,8.81,176.2,110.87,card
2026-06-01,R436635,Canned Soup,Canned Goods,9,2.62,23.58,16.42,card
"Jun 01, 2026",R381246,Milk,Dairy,11,9.58 EUR,105.38,72.72,
06/01/26,R236874,Canned Soup,Canned Goods,19,7.22,137.18,97.5,
01.06.2026,R903040,Frozen Pizza,Frozen,17,4.6%,£78.88,46.79,Mobile
06/01/26,R532676,FROZEN PIZZA,Frozen,8,6.42,51.36,31.62,Cash
nan,R358086,Cereal,Breakfast,5,2.33,11.65,7.48,Mobile
2026/06/01,R508708,  Soda  ,Beverages,11,"7,87","86,57",65.08,Cash
06/01/2026,R578655,Canned Soup,Canned Goods,6,4.13,£24.78,19.77,CASH
01.06.2026,R996466,Soda,Beverages,13,5.79,£75.27,53.6%,-
06/01/2026,R906190,Soda,Beverages,13,6.66,86.58 TRY,46.87,CASH
01/06/2026,R157789,Soda,Beverages,2,1.91,3.82,2.18,nan
01/06/2026,R625451,Bread,Bakery,2,9.45,18.90,10.03,Mobile
01/06/26,R719172,Milk,Dairy,18,9.4,169.2,128.97,CASH
2026-06-01,R213856,Cereal,Breakfast,4,4.91,₺19.64,12.87,null
01/06/2026,R802376,Frozen Pizza,Frozen,7,6.02,42.14,31.16,Mobile
01.06.2026,R423091,Canned Soup,Canned Goods,4,8.62,34.48,21.52,Card
01/06/26,R569073,Milk,Dairy,20,3.82,76.4,54.38,Mobile
2026/06/01,R526401,milk,Dairy,11,7.54,82.94,41.65,Cash
01 Jun 2026,R221472,  Frozen Pizza  ,Frozen,11,8.09,88.99,60.67,Card
01 Jun 2026,R933819,Cereal,Breakfast,8,1.8%,£14.00,8.16,
06/01/2026,R242265,Soda,Beverages,6,9.88,59.28,"32,31",card
01-06-2026,R874025,Frozen Pizza,Frozen,8,7.40,59.2,38.43,card
01-06-2026,R973686,Canned Soup,Canned Goods,7,6.61,46.27,28.16,Card
01/06/2026,R895300,Frozen Pizza,Frozen,20,9.75,£195.00,127.44,Mobile
2026/06/01,R564680,Bread,Bakery,2,7.58 USD,"15,16",11.84 TRY,CASH
01/06/2026,R602293,Chips,Snacks,17,5.41,91.97,55.01,CASH
01-06-2026,R504180,Milk,Dairy,13,"7,22",93.86,"49,67",
01/06/26,R567009,Bread,Bakery,2,8.53,17.06,8.72,
06/01/2026,R923339,CANNED SOUP,Canned Goods,17,6.45,109.65,60.7,CASH
2026/06/01,R987298,Milk,Dairy,14,7.87,"110,18",80.61,card
01 Jun 2026,R412435,Bread,Bakery,15,9.8,147.0,79.58,Mobile
06/01/2026,R356848,Soda,Beverages,14,6.48 EUR,90.72,71.17,
06/01/26,R198570,Canned Soup,Canned Goods,18,9.07,163.26,119.05,Cash
01/06/2026,R956265,Cereal,Breakfast,12,2.13,25.6%,16.24,Card
01/06/26,R308188,Chips,Snacks,7,9.4,65.8,39.68,Mobile
01 Jun 2026,R763796,Milk,Dairy,16,5.2,83.2,43.16,card
"Jun 01, 2026",R982965,Cereal,Breakfast,14,3.99,55.86,32.3,Card
06/01/26,R526357,Milk,Dairy,2,9.24 TRY,18.48,10.8,
2026-06-01,R591933,Chips,Snacks,1,9.3%,9.29,5.53 EUR,NA
2026/06/01,R342240,Chips,Snacks,9,4.6,"41,40",31.27,CASH
06/01/26,R795810,Canned Soup,Canned Goods,11,8.63,94.93,70.46,card
01.06.2026,R588620,  Milk  ,Dairy,6,2.19,13.14,7.49,Mobile
01/06/26,R935161,Milk,Dairy,10,9.14,91.4,₺55.67,Card
01/06/26,R337426,Cereal,Breakfast,18,1.92,34.56,23.1,CASH
"Jun 01, 2026",R608985,Chips,Snacks,11,5.13,56.43,35.55,CASH
02-06-2026,R145719,Bread,Bakery,17,4.5%,77.18,48.71,CASH
2026-06-02,R314573,Milk,Dairy,7,8.93,62.51,47.6%,
02.06.2026,R795716,Frozen Pizza,Frozen,11,5.24,57.64,37.53,CASH
"Jun 02, 2026",R274354,Chips,Snacks,4,3.42,13.7%,10.27,Mobile
02 Jun 2026,R117453,Frozen Pizza,Frozen,9,6.67,60.03,43.70 EUR,Mobile
"Jun 02, 2026",R898476,BREAD,Bakery,4,2.64,10.56,8.03,card
2026-06-02,R879545,Canned Soup,Canned Goods,19,4.4,83.60 USD,52.81,
"Jun 02, 2026",R392656,Chips,Snacks,5,8.11,40.55,26.08,Mobile
02-06-2026,R694998,Bread,Bakery,14,2.48,34.72,22.78,
02.06.2026,R806667,Bread,Bakery,4,5.24,20.96,10.97,Card
02/06/26,R526637,Bread,Bakery,10,1.75,17.5,10.71,
02.06.2026,R422361,Frozen Pizza,Frozen,4,8.01,32.04,17.20,NA
02/06/26,R626259,Bread,Bakery,10,4.34,€43.40,33.57,Mobile
06/02/2026,R740465,Milk,Dairy,14,4.88,68.32,40.21,
02/06/2026,R322059,Canned Soup,Canned Goods,1,6.95,6.95,"3,96",card
06/02/26,R950446,Canned Soup,Canned Goods,9,7.72,69.48,£46.56,card
02.06.2026,R306626,Canned Soup,Canned Goods,13,4.82,62.66,44.24,n/a
02-06-2026,R617899,Cereal,Breakfast,18,1.17 USD,21.06,15.38,
N/A,R935926,Cereal,Breakfast,20,6.41,128.20 TRY,79.67,
02/06/2026,R228415,Chips,Snacks,19,9.71,184.49 EUR,137.0%,NONE
"Jun 02, 2026",R781900,Chips,Snacks,6,2.92,£17.52,13.32,Card
06/02/2026,R516020,Milk,Dairy,12,"6,00",72.00,45.69 EUR,Mobile
02.06.2026,R222543,Canned Soup,Canned Goods,12,2.72,32.6%,20.52,Cash
02 Jun 2026,R252821,Cereal,Breakfast,18,9.42,169.56,112.68,NA
06/02/26,R815882,Bread,Bakery,4,1.41,$5.64,3.28,card
06/02/2026,R615662,Canned Soup,Canned Goods,16,8.28,132.48,79.89,Card
02 Jun 2026,R907973,Milk,Dairy,13,7.22,93.86,72.92,
2026-06-02,R485284,Bread,Bakery,6,3.33,19.98,13.34,Mobile
02.06.2026,R428130,Cereal,Breakfast,7,2.64,18.48,14.05,card
06/02/26,R504409,Canned Soup,Canned Goods,4,9.83,39.32,21.86,CASH
2026-06-02,R650878,Frozen Pizza,Frozen,12,4.09,49.08,30.08,CASH
02.06.2026,R723226,Soda,Beverages,16,2.8,44.8,25.46,Mobile
02.06.2026,R132614,milk,Dairy,1,5.4%,5.44,2.96,Cash
2026-06-02,R935650,Bread,Bakery,6,1.56,9.36,4.9,Cash
02/06/2026,R131196,Cereal,Breakfast,4,4.06,16.24,9.81,NONE
"Jun 02, 2026",R526193,Chips,Snacks,4,7.48,£29.92,15.12,card
2026-06-02,R559312,Bread,Bakery,2,7.7%,15.5%,NONE,NULL
06/02/26,R274933,Bread,Bakery,20,3.15,"63,00",48.88,none
02.06.2026,R160669,Milk,Dairy,18,"3,06",55.08,€36.29,card
02/06/26,R402923,chips,Snacks,12,8.72,104.64,78.24,Cash
2026/06/02,R806187,Frozen Pizza,Frozen,1,3.32,3.32 EUR,1.97,CASH
06/03/26,R315347,Chips,Snacks,17,4.16,"70,72",56.19,Mobile
06/03/2026,R457506,Soda,Beverages,12,9.36,--,71.32 EUR,card
03 Jun 2026,R689844,Soda,Beverages,12,7.02,84.24,59.94,Card
03-06-2026,R990288,Chips,Snacks,3,5.46,16.38,9.39,Card
2026/06/03,R857891,Chips,Snacks,16,3.36,53.76 EUR,$40.53,CASH
"Jun 03, 2026",R740519,Milk,Dairy,13,9.1,118.3,91.81,
03 Jun 2026,R202126,Bread,Bakery,15,"6,20",93.0,56.77,Card
2026-06-03,R686782,Frozen Pizza,Frozen,15,7.5%,112.05,78.92,n/a
03.06.2026,R521985,Canned Soup,Canned Goods,18,8.0,144.0,100.5%,card
03/06/2026,R885556,Cereal,Breakfast,13,6.39,83.07,43.57,
2026-06-03,R610692,Canned Soup ,Canned Goods,7,9.38,$65.66,46.84,card
03 Jun 2026,R502351,Milk,Dairy,12,4.03,"48,36",33.39,Cash
03/06/26,R282121,Cereal,Breakfast,14,9.69,135.66,103.18,Card
06/03/2026,R343336,Soda,Beverages,15,4.41,66.15,33.24,card
03.06.2026,R743965,Cereal,Breakfast,1,6.05 EUR,6.05,3.96,Card
03 Jun 2026,R517516,Canned Soup ,Canned Goods,2,5.76,none,€6.72,
03 Jun 2026,R286021,Soda,Beverages,10,£7.75,77.5,45.17,CASH
2026/06/03,R454964,Canned Soup,Canned Goods,14,2.85,39.90,25.37 TRY,N/A
03-06-2026,R111620,Canned Soup,Canned Goods,13,9.54 EUR,124.02,63.42,card
03 Jun 2026,R133897,Milk,Dairy,13,8.46,109.98,66.8%,
03/06/2026,R144590,Soda,Beverages,5,7.26,36.30,23.97,
2026/06/03,R903531,Bread,Bakery,12,3.70,44.4%,26.7,CASH
03-06-2026,R517166,Chips,Snacks,17,3.58,60.86,n/a,CASH
03-06-2026,R322126,Bread,Bakery,20,1.37,27.4,18.15,NULL
2026-06-03,R107707,Canned Soup,Canned Goods,1,$6.61,6.61,4.26,--
null,R851428,Soda,Beverages,10,1.45,14.5,10.9%,Cash
2026/06/03,R837833,Soda,Beverages,14,9.57,133.98,83.57,Card
-,R465874,Frozen  Pizza,Frozen,20,1.75,35.00,19.51,card
2026/06/04,R759432,Canned Soup,Canned Goods,9,2.75,24.75,17.81,Mobile
04/06/2026,R206404,Bread,Bakery,10,2.41,24.1,13.09,Card
06/04/26,R168173,Soda,Beverages,2,9.38,18.76,14.23,card
04/06/2026,R689833,Bread,Bakery,17,"6,37",108.29,70.32,Cash
04.06.2026,R905331,Chips,Snacks,20,5.72,114.4,-,Cash
04/06/26,R532655,Milk,Dairy,14,3.18,44.52,29.73,
04 Jun 2026,R435200,Bread,Bakery,1,6.98,6.98,3.79,Card
04/06/26,R517801,Frozen Pizza,Frozen,15,8.78,131.7,74.05,Card
04-06-2026,R474480,Canned Soup,Canned Goods,18,9.12,164.2%,98.59,card
2026-06-04,R985842,Frozen Pizza,Frozen,19,9.8,186.2%,114.72,card
06/04/26,R638299,Canned Soup,Canned Goods,20,8.0%,"160,60",110.09,
04/06/2026,R718457,Canned Soup,Canned Goods,9,1.7,£15.30,12.1%,card
04/06/2026,R329412,Chips,Snacks,20,5.48,109.6,81.33,card
04/06/2026,R799083,Bread,Bakery,18,"5,69",102.42,58.83,
06/04/26,R953391,Canned Soup,Canned Goods,16,3.07,49.1%,33.53,
06/04/26,R682115,Milk,Dairy,4,€4.93,19.72,14.46,NA
04.06.2026,R496080,Chips,Snacks,2,6.88,13.76,9.01 TRY,
2026-06-04,R897234,Chips,Snacks,2,1.61,3.22,2.27,Mobile
2026-06-04,R523824,Chips,Snacks,19,2.95,€56.05,32.17,Cash
2026-06-04,R414107,Bread,Bakery,7,9.29,65.03,41.18,CASH
06/04/26,R732040,Milk,Dairy,13,5.97,77.61,43.3%,card
2026-06-04,R961598,Frozen Pizza,Frozen,11,5.51,60.61,31.99,Card
"Jun 04, 2026",R439517,Canned Soup,Canned Goods,13,8.12 USD,105.56,80.3,NULL
04.06.2026,R171993,Bread,Bakery,9,1.75,15.75,10.88,Mobile
06/04/26,R773963,Bread,Bakery,7,8.83,61.81,none,Cash
"Jun 04, 2026",R382724,Soda,Beverages,18,2.6,46.80,24.1%,card
"Jun 04, 2026",R612627,Chips,Snacks,6,4.4,26.40 EUR,18.38,none
04/06/2026,R527393,Bread,Bakery,10,4.87,48.7,36.81,CASH
06/04/26,R769322,Canned Soup,Canned Goods,19,6.59,125.2%,98.2%,card
"Jun 04, 2026",R147539,Chips ,Snacks,3,3.77,11.31,8.37,
2026-06-04,R469390,Frozen Pizza,Frozen,7,4.42,30.9%,23.58,-
2026-06-04,R882480,Bread,Bakery,4,4.39,17.56,NA,Cash
04.06.2026,R941747,Milk,Dairy,2,3.7%,7.4,5.37,
2026-06-04,R728605,Cereal,Breakfast,7,2.67,18.69,9.80 EUR,Card
04.06.2026,R177522,Bread,Bakery,6,6.93,41.58 EUR,21.88,Card
04/06/26,R388217,Soda,Beverages,12,"2,88",34.56,€19.91,
NA,R811882,Milk,Dairy,11,9.08,99.88,75.59,nan
06/04/2026,R557847,Milk,Dairy,15,9.43,141.4%,71.66,Mobile
04/06/26,R987717,Frozen Pizza,Frozen,6,8.95,53.70,29.49,Mobile
05 Jun 2026,R577086,Bread,Bakery,8,7.37,"58,96",42.27,Mobile
05-06-2026,R884449,Cereal,Breakfast,10,5.68,56.8,37.19,Mobile
05 Jun 2026,R772387,Soda,Beverages,14,2.69,37.66,26.05,Cash
06/05/26,R909654,Milk,Dairy,15,8.13,121.95,"67,67",none
2026/06/05,R428324,Chips ,Snacks,7,6.67,46.69,31.54,Card
2026-06-05,R690638,Frozen Pizza,Frozen,18,7.32,131.76,99.88,Cash
06/05/2026,R549268,Canned Soup,Canned Goods,14,2.76,38.64,29.87,Cash
05.06.2026,R289422,Soda,Beverages,12,9.86,118.32,90.79,Mobile
2026/06/05,R173509,Cereal,Breakfast,11,8.31,91.41,68.08,nan
2026/06/05,R960976,Cereal,Breakfast,3,8.76,26.3%,14.66,Card
06/05/26,R786744,Cereal,Breakfast,19,9.33,177.27,133.34,Card
06/05/2026,R906101,Canned  Soup,Canned Goods,18,3.26,58.68,44.21,Cash
2026-06-05,R725990,Milk,Dairy,4,2.82,11.28,nan,
"Jun 05, 2026",R874844,Milk,Dairy,12,8.34,100.08,55.65 TRY,
2026-06-05,R106215,Cereal,Breakfast,10,5.72,57.2,"42,86",Card
06/05/2026,R807105,Bread,Bakery,17,3.61 EUR,61.37,34.24,card
06/05/2026,R935047,Soda,Beverages,4,5.73,22.92,11.5%,nan
06/05/2026,R976493,Chips,Snacks,15,7.34,110.1,80.81,CASH
2026/06/05,R653604,Soda,Beverages,2,9.46 TRY,18.92,"11,89",
n/a,R397184,Frozen Pizza,Frozen,17,9.81,166.77,113.57,n/a
05/06/26,R169981,Canned Soup,Canned Goods,15,"1,52",22.8,16.83,CASH
2026-06-05,R181388,Frozen Pizza,Frozen,9,₺3.55,31.95,18.87,Mobile
05.06.2026,R136266,Canned Soup,Canned Goods,7,3.90 EUR,27.3,19.1%,Card
06/06/26,R158441,Frozen Pizza,Frozen,14,6.86,96.0%,63.23,
06/06/26,R571258,CHIPS,Snacks,7,8.84,₺61.88,31.04,card
06/06/26,R935282,CEREAL,Breakfast,9,3.55,31.95,21.11,Mobile
06-06-2026,R986682,Frozen Pizza,Frozen,4,"2,71",10.84,8.20 USD,Card
2026/06/06,R470378,Frozen Pizza,Frozen,11,7.53,82.83,65.21,card
06-06-2026,R870683,Milk,Dairy,16,4.3,68.8,54.2%,Mobile
2026-06-06,R118539,Frozen Pizza,Frozen,8,"2,24",17.92,11.92,Cash
06/06/26,R705912,Cereal,Breakfast,17,1.25,21.25,11.88,Card
06-06-2026,R163257,Cereal,Breakfast,18,7.3,131.4,"67,16",
06-06-2026,R107946,Canned Soup,Canned Goods,11,4.36,47.96,34.91,card
06/06/26,R877397,Bread,Bakery,5,2.4,12.0,8.78,
06/06/2026,R319783,Frozen Pizza,Frozen,5,2.03,10.15,6.58,card
06 Jun 2026,R641552,Milk,Dairy,16,6.02,96.32,57.20,n/a
2026-06-06,R192735,Cereal,Breakfast,8,3.44,27.52,19.8,Cash
"Jun 06, 2026",R633503,Canned Soup,Canned Goods,17,3.86,65.62,38.79,
2026-06-06,R752926,Chips,Snacks,18,6.11,109.98,56.21,
NULL,R502390,Milk,Dairy,19,₺3.21,nan,44.55,
"Jun 06, 2026",R678976,Soda,Beverages,17,5.53,94.01,65.58,Mobile
06/06/2026,R406051,Chips,Snacks,15,4.62,69.3,38.44,CASH
2026-06-06,R834574,Frozen Pizza,Frozen,9,8.48,76.32,"39,27",Mobile
null,R944081,Frozen Pizza,Frozen,1,₺1.34,1.34,0.91 USD,CASH
06/06/2026,R315491,Bread,Bakery,6,€6.12,36.72,19.48,
06/06/26,R455037,  Soda  ,Beverages,18,9.5,171.0,87.98,N/A
06 Jun 2026,R651829,Milk,Dairy,5,8.6,"43,00",£24.57,Card
06 Jun 2026,R624622,Milk,Dairy,18,7.47,134.46,88.4,card
06/06/26,R457718,Milk,Dairy,20,9.25,185.00,121.29,Card
n/a,R436641,Bread,Bakery,17,4.12,NA,43.80,Cash
2026-06-06,R295435,Soda,Beverages,2,9.03,18.06,12.00,Mobile
06/06/2026,R166090,Chips,Snacks,6,7.56,45.36,30.43,Card
2026/06/06,R415847,Cereal,Breakfast,3,5.56,16.68,£9.58,card
06/06/2026,R316935,Milk,Dairy,20,"5,45",109.00 USD,81.39,Card
06-06-2026,R986480,Milk,Dairy,14,3.2,44.8,"33,74",card
"Jun 06, 2026",R287107,Bread,Bakery,3,9.55,"28,65",14.46,Cash
06/06/2026,R981388,Canned Soup,Canned Goods,2,2.93,5.86,4.03,Card
2026/06/06,R360750,Canned Soup,Canned Goods,20,4.58,91.60,63.91,card
06-06-2026,R303390,Cereal,Breakfast,3,£8.95,26.85,16.2,nan
06/06/26,R200555,Milk,Dairy,4,3.78,15.12,7.7%,Cash
06-06-2026,R975478,Canned Soup,Canned Goods,1,6.75,6.75,4.5,card
06/06/26,R925912,  Milk  ,Dairy,6,3.79,22.74,12.97,Cash
nan,R975565,Cereal,Breakfast,10,5.95,59.50,36.14,
06/06/2026,R374809,Bread,Bakery,12,6.86,82.32,51.34,Card
"Jun 06, 2026",R188488,Milk,Dairy,14,8.63,120.82,92.3,
06/06/2026,R484236,Soda,Beverages,12,4.76,57.12,41.27,card
06 Jun 2026,R117856,soda,Beverages,10,3.9%,38.8,28.24,Card
2026/06/06,R742544,Cereal,Breakfast,4,6.01,24.04,12.1,Mobile
06-06-2026,R724646,  Milk  ,Dairy,5,5.43,27.15,20.79,Mobile
06.06.2026,R924773,Bread,Bakery,6,4.9,29.4,23.26,Cash
06.06.2026,R892465,Soda,Beverages,2,4.51,9.02,6.75,Card
06-06-2026,R241661,Bread,Bakery,9,2.63,23.67,14.58,Mobile
06-06-2026,R244864,Milk,Dairy,20,8.5%,169.40,102.7,CASH
2026-06-06,R702548,Bread,Bakery,9,6.95,62.55,n/a,
06/06/2026,R147252,Bread ,Bakery,3,4.51,13.53,6.8%,
2026/06/06,R478230,Bread,Bakery,18,7.62,137.16,72.31,card
06/06/26,R105475,Bread,Bakery,3,4.4,₺13.20,8.06,CASH
2026/06/06,R774360,Canned Soup,Canned Goods,1,7.18,7.18,3.99,Mobile
06.06.2026,R896016,Canned Soup,Canned Goods,6,9.5,"57,00",31.07,CASH
06/06/26,R966876,Bread,Bakery,10,9.34,93.4,58.98,card
06-06-2026,R183437,Bread,Bakery,8,3.73,29.84,23.85,Cash
06/06/26,R544534,Canned Soup,Canned Goods,14,8.53,119.42,91.77,card
2026-06-06,R250007,Frozen Pizza,Frozen,14,3.96,55.44,35.74,Cash
06/06/2026,R848810,Canned Soup,Canned Goods,20,1.42,28.4%,£16.70,NA
2026/06/06,R572912,Canned Soup,Canned Goods,2,5.8,11.6,6.07,-
2026/06/06,R484211,Bread,Bakery,13,9.24,120.12,79.94,Cash
06/06/26,R551253,Canned Soup,Canned Goods,20,2.55,51.0,39.19,Cash
06/06/26,R484036,Milk,Dairy,20,3.18,63.6,48.18,nan
06/06/2026,R918807,Chips,Snacks,6,6.75,40.5,20.68,CASH
06/06/2026,R344863,Chips,Snacks,9,"3,62",€32.58,22.05 TRY,N/A
"Jun 06, 2026",R830114,Bread,Bakery,3,8.85,26.55,17.13,Mobile
06/06/26,R414255,Frozen Pizza,Frozen,11,4.73,52.03,27.90,
06/06/2026,R543633,Canned Soup,Canned Goods,4,4.45,$17.80,12.25,Mobile
2026-06-07,R900472,Chips,Snacks,19,$5.50,104.5,62.63,Cash
07/06/2026,R214088,cereal,Breakfast,18,$6.23,"112,14",NA,card
06/07/2026,R263638,Soda,Beverages,13,8.13,105.69,84.0%,N/A
07-06-2026,R787351,Bread,Bakery,15,2.15,32.25,19.35,N/A
06/07/2026,R362958,Frozen Pizza,Frozen,20,4.95,99.0,73.66,Mobile
07-06-2026,R145757,Chips,Snacks,7,7.54,52.78,₺33.96,card
07 Jun 2026,R884303,Soda,Beverages,14,1.95,27.3,20.46,Cash
06/07/26,R574541,Milk,Dairy,4,6.2,24.8,13.35,
2026-06-07,R685693,Milk,Dairy,9,5.05,45.45,29.56,
"Jun 07, 2026",R870277,Milk,Dairy,20,1.23,24.6,19.06,
07/06/26,R661369,Milk,Dairy,15,7.36,110.40 TRY,67.38,-
06/07/26,R474428,Milk,Dairy,9,3.88,"34,92",25.45,card
2026/06/07,R636195,Chips,Snacks,19,9.39 TRY,178.41,124.24,card
06/07/2026,R250121,Cereal,Breakfast,1,8.02,8.02,€5.81,Cash
06/07/2026,R377718,Soda,Beverages,8,£3.14,25.12,14.42,Cash
06/07/26,R750778,Chips,Snacks,17,5.17,87.89,64.49,Mobile
07.06.2026,R342979,Frozen Pizza,Frozen,4,3.44,13.76,8.41,Card
"Jun 07, 2026",R143254,Frozen Pizza,Frozen,8,1.06,8.48 TRY,6.52,
07-06-2026,R579208,Cereal,Breakfast,4,1.99,7.96,4.15,NA
2026-06-07,R428021,Soda,Beverages,1,£6.46,6.46,4.78,Cash
07.06.2026,R807118,Bread,Bakery,9,6.35,57.1%,39.39,Mobile
2026/06/07,R951969,Chips,Snacks,5,2.34,11.7,6.09,CASH
07/06/26,R547014,Chips,Snacks,12,3.62,43.4%,32.76,-
2026/06/07,R138152,Cereal,Breakfast,1,1.59,1.59,0.81,card
07.06.2026,R272884,Milk,Dairy,2,4.28,8.56,6.31,Card
"Jun 07, 2026",R264625,FROZEN PIZZA,Frozen,10,6.4,64.0,40.96,Mobile
06/07/2026,R525467,Cereal,Breakfast,9,5.3,47.7,36.38,Cash
06/07/2026,R848163,Milk,Dairy,20,3.73,74.6%,55.81 TRY,Card
07 Jun 2026,R728631,Bread,Bakery,20,7.99,159.8%,"102,96",
07.06.2026,R480644,Soda,Beverages,5,5.43,€27.15,15.74,CASH
nan,R123077,Chips,Snacks,8,$3.53,28.24,$20.25,Card
06/07/26,R874345,Frozen Pizza,Frozen,18,2.53,45.54,28.93,
2026/06/07,R192047,Milk,Dairy,10,9.86,98.6,57.66 EUR,none
07-06-2026,R377538,Canned Soup,Canned Goods,10,4.83,48.3,€29.11,Card
07 Jun 2026,R252787,FROZEN PIZZA,Frozen,16,7.86,125.76,78.16,
07/06/26,R761592,Cereal,Breakfast,15,5.6,84.0,49.8,Cash
2026/06/07,R966446,Cereal,Breakfast,12,6.17,"74,04",null,Mobile
2026-06-07,R664978,Chips,Snacks,13,9.05,117.65,73.28,Cash
07-06-2026,R611563,Cereal,Breakfast,13,9.0,117.0,68.97,
06/07/26,R949324,Soda,Beverages,3,1.68,5.04,3.76,Card
07.06.2026,R423441,Cereal,Breakfast,8,3.98,31.84,19.21,Mobile
2026-06-07,R989499,soda,Beverages,8,2.88,23.04,13.75,
07/06/2026,R415295,Canned Soup,Canned Goods,5,2.47,12.35,9.06,n/a
2026-06-07,R817764,Soda,Beverages,16,3.59,57.44,33.86,Card
07/06/26,R374763,cereal,Breakfast,1,3.13,3.13,1.63,Cash
07 Jun 2026,R241591,Frozen Pizza,Frozen,13,7.10,92.3,50.5,Card
07.06.2026,R271378,Chips,Snacks,16,4.67,74.72,51.08,
"Jun 07, 2026",R924767,Soda,Beverages,9,4.62,41.58,21.48,card
"Jun 07, 2026",R660124,Cereal,Breakfast,5,4.09,20.45,16.26,Cash
07 Jun 2026,R885865,Frozen Pizza,Frozen,1,£1.55,1.55,1.16,Card
"Jun 07, 2026",R612016,SODA,Beverages,18,6.85,123.3,64.05,Card
,R608128,Bread,Bakery,11,8.61,94.71,49.94,CASH
NA,R376508,Cereal,Breakfast,7,£1.69,11.83,8.58,
08.06.2026,R668889,Cereal,Breakfast,2,₺6.26,12.52,7.37,card
2026-06-08,R395184,Milk,Dairy,16,5.55,$88.80,47.46,Mobile
2026/06/08,R836380,Canned Soup,Canned Goods,12,2.93,35.16 EUR,26.87,Card
"Jun 08, 2026",R954630,Soda,Beverages,13,8.29,107.77,75.54,card
"Jun 08, 2026",R434949,Soda,Beverages,4,5.81,23.24,18.4,
08 Jun 2026,R931886,Chips,Snacks,10,5.45 EUR,54.5,28.5,
08/06/26,R185163,Bread,Bakery,15,6.91,103.65 EUR,£79.17,CASH
08/06/26,R670760,Frozen Pizza,Frozen,1,7.8%,7.75 EUR,5.53,Card
06/08/26,R377290,Bread,Bakery,12,6.36,76.32,50.86,CASH
2026/06/08,R651772,Frozen Pizza,Frozen,5,8.52,42.6,31.72,CASH
2026-06-08,R527181,Chips,Snacks,18,7.18,"129,24",70.35,N/A
08.06.2026,R530827,Bread,Bakery,3,3.03,9.09,7.15,none
08/06/2026,R964079,Cereal,Breakfast,8,6.43,51.44,"40,01",card
06/08/2026,R584408,Chips,Snacks,13,3.25,42.25,28.3,Mobile
08/06/26,R889864,Frozen Pizza,Frozen,20,3.67,£73.40,38.39,Cash
08-06-2026,R633199,Canned Soup,Canned Goods,15,5.81,₺87.15,47.18,Mobile
"Jun 08, 2026",R914522,Cereal ,Breakfast,18,2.26,null,20.67,Card
08.06.2026,R578539,Bread,Bakery,2,5.09,10.18,6.47,Cash
"Jun 08, 2026",R646133,Milk,Dairy,20,5.4%,108.6,84.26,Cash
08/06/2026,R350171,Cereal,Breakfast,16,"6,55",104.8,81.13,Cash
08.06.2026,R188376,Milk,Dairy,7,9.69,--,39.7,
08/06/2026,R377228,Milk,Dairy,6,5.9,35.4,23.09 TRY,Mobile
06/08/26,R990247,Bread,Bakery,11,9.05,99.55,50.14,-
NA,R580460,Soda,Beverages,15,8.59,128.85,91.8,CASH
2026/06/08,R449418,Chips,Snacks,6,4.23,25.38,13.61,
"Jun 08, 2026",R541520,Chips,Snacks,8,4.98,39.84 EUR,22.77,NULL
08/06/26,R583787,Cereal,Breakfast,17,4.30 TRY,73.10,39.83,Card
06/08/2026,R463200,Frozen Pizza,Frozen,15,7.66,114.9,80.99,
08 Jun 2026,R352868,Frozen Pizza,Frozen,5,4.27,"21,35",15.72,CASH
06/08/26,R149753,Soda,Beverages,2,6.01,12.02,7.75,CASH
2026/06/08,R469884,canned soup,Canned Goods,3,6.85,20.55,12.23 TRY,card
08-06-2026,R508624,Cereal,Breakfast,6,7.61,45.66,22.86,Cash
06/08/2026,R905827,Cereal,Breakfast,20,4.34,86.8,60.44,CASH
NONE,R519375,Cereal,Breakfast,18,7.92,142.6%,89.77,card
08/06/2026,R429152,Bread,Bakery,8,4.89,39.12,21.9,Cash
08-06-2026,R805569,Cereal,Breakfast,9,3.27,29.43,22.66,Cash
08/06/26,R911131,Canned Soup,Canned Goods,19,1.98,37.62,18.95,
08 Jun 2026,R428151,Milk,Dairy,2,1.03,2.06,1.03,Mobile
06/08/26,R720169,Frozen Pizza,Frozen,20,7.88,157.60,115.05,
08/06/26,R938235,Milk,Dairy,4,3.23,12.92,"8,61",CASH
08 Jun 2026,R734921,Chips,Snacks,4,3.91,15.64,8.23,
06/08/2026,R729910,Bread,Bakery,6,7.28,43.68,26.35,Mobile
"Jun 08, 2026",R243911,Cereal,Breakfast,14,8.88,124.32,84.75,CASH
08/06/2026,R512133,Chips,Snacks,5,7.5%,37.6,26.89,Card
"Jun 08, 2026",R351489,Cereal,Breakfast,4,4.46 TRY,17.84,12.97,Card
08.06.2026,R658877,Milk ,Dairy,6,7.28,43.68,23.84 TRY,Mobile
08 Jun 2026,R495468,Canned Soup,Canned Goods,2,9.7%,19.44,12.54,
"Jun 08, 2026",R827288,Soda,Beverages,4,5.96,23.8%,13.72,CASH
"Jun 08, 2026",R688229,Bread,Bakery,16,5.66,90.56,53.07,CASH
08-06-2026,R532112,Canned Soup,Canned Goods,12,3.41,40.92,21.76,Mobile
08 Jun 2026,R518797,Soda,Beverages,5,6.77,£33.85,25.82,card
08/06/2026,R529447,Soda,Beverages,16,3.23,N/A,34.13,card
06/08/26,R272356,Soda,Beverages,15,5.46,81.9,58.60,Cash
08/06/26,R579293,MILK,Dairy,3,8.77,26.31,"16,83",Cash
2026-06-08,R677953,Milk,Dairy,9,6.02 TRY,54.18 USD,41.03,none
n/a,R155114,Cereal,Breakfast,12,8.43,101.16,79.54,Mobile
2026-06-08,R466547,Bread,Bakery,2,3.85,7.7,5.66,Mobile
2026/06/08,R683260,Soda,Beverages,3,1.56,4.68,3.29,CASH
08.06.2026,R170482,Chips,Snacks,13,1.00,13.0,8.56,Mobile
08-06-2026,R422906,Frozen Pizza,Frozen,7,1.18,8.26,6.16 EUR,CASH
08/06/26,R219630,Canned Soup,Canned Goods,1,8.43,₺8.43,6.52,
2026/06/08,R552108,Bread,Bakery,8,₺5.41,43.28,30.97,card
08/06/2026,R748137,Bread,Bakery,3,4.39,13.17,8.67,Cash
08.06.2026,R226756,Chips,Snacks,16,5.51,88.2%,62.09,CASH
09.06.2026,R445917,Milk,Dairy,6,6.04,36.2%,24.0%,card
09/06/26,R623634,Canned Soup,Canned Goods,13,8.58,111.54,₺86.12,
06/09/2026,R129722,Canned Soup,Canned Goods,12,7.28,87.36,50.57,
09/06/2026,R244462,Bread,Bakery,15,7.84,"117,60",60.22,Mobile
09 Jun 2026,R911176,Frozen Pizza,Frozen,6,9.96,59.76,37.0%,Mobile
09/06/2026,R368716,Soda,Beverages,14,5.38,75.32,42.31,Mobile
"Jun 09, 2026",R422390,Milk,Dairy,12,4.68,56.16,€30.93,card
09 Jun 2026,R263074,CHIPS,Snacks,17,2.46,41.82,"23,03",Cash
09 Jun 2026,R328126,Canned Soup,Canned Goods,14,9.95,139.3,83.79,card
2026/06/09,R838031,Milk,Dairy,16,5.38,86.08,67.06,card
"Jun 09, 2026",R840011,Chips,Snacks,4,3.62,14.48,10.83,
09/06/2026,R844686,Chips,Snacks,7,9.26,64.82,41.71,CASH
09/06/2026,R991218,Canned Soup,Canned Goods,16,6.99,111.84,65.9,Cash
09-06-2026,R474516,Milk,Dairy,13,5.17 EUR,67.21,49.24,Card
2026-06-09,R969072,SODA,Beverages,9,7.4,66.6,36.26,Mobile
09/06/26,R845807,Chips,Snacks,12,1.9,22.8,12.08,
09 Jun 2026,R690679,Milk,Dairy,14,8.94,125.16,"97,05",--
09/06/26,R584635,Frozen Pizza,Frozen,16,1.23 USD,19.68,14.19,NULL
09-06-2026,R675317,Milk,Dairy,4,9.78,39.12,25.07,
09/06/26,R927016,Frozen Pizza,Frozen,15,4.55,--,43.97,CASH
"Jun 09, 2026",R962021,Canned Soup,Canned Goods,12,€6.27,75.24,44.18,NONE
"Jun 09, 2026",R990940,Cereal,Breakfast,7,3.3,23.10,15.94,CASH
2026/06/09,R914567,Milk,Dairy,17,6.23,105.91,69.85,Card
09/06/26,R315194,Frozen Pizza,Frozen,6,8.40 USD,50.4,"28,55",
09.06.2026,R849662,Milk,Dairy,7,"3,77",NONE,18.62,Card
nan,R239235,Soda,Beverages,15,9.09,136.35,70.19,NULL
09/06/2026,R570660,Bread ,Bakery,5,4.06,20.30,13.05,Card
2026-06-09,R312569,Soda,Beverages,5,8.66,43.30,29.02,CASH
"Jun 09, 2026",R392985,Frozen Pizza,Frozen,6,6.06,36.36,21.17,n/a
06/09/2026,R640397,Chips,Snacks,12,3.99,47.88,24.08,CASH
09/06/2026,R440724,Cereal,Breakfast,2,3.58,7.16,,CASH
"Jun 09, 2026",R280425,Frozen Pizza,Frozen,14,1.36,19.04,14.49,
09 Jun 2026,R857212,Soda,Beverages,13,9.14,118.82,94.49,Card
09-06-2026,R276410,Bread,Bakery,12,6.14,73.68,53.08,
06/09/2026,R576636,Canned Soup,Canned Goods,9,8.38,75.42,38.46,Card
09/06/26,R838053,Soda,Beverages,18,6.36,114.5%,68.77,
06/09/2026,R884338,Bread,Bakery,8,7.48,59.84,46.78,Cash
2026/06/09,R574856,Cereal,Breakfast,7,9.19,64.33,36.34,CASH
09/06/26,R587477,Chips,Snacks,15,1.7%,25.05,12.64,Cash
"Jun 09, 2026",R969062,Frozen Pizza,Frozen,8,6.06,48.48,26.45,
06/09/2026,R610203,Canned  Soup,Canned Goods,8,9.47,75.76,56.73,Mobile
2026/06/09,R656754,  Soda  ,Beverages,12,2.40,28.8,15.12,Card
09.06.2026,R658842,Cereal,Breakfast,10,1.4,14.0,null,card
2026-06-09,R815849,Chips,Snacks,11,3.87,42.6%,33.59,Mobile
09.06.2026,R761442,Frozen Pizza,Frozen,16,5.74,91.84,58.0%,card
2026-06-09,R827786,Cereal,Breakfast,1,1.97,none,1.3%,
2026-06-09,R109155,Chips,Snacks,9,7.38,66.42,46.89,n/a
09 Jun 2026,R480372,Milk,Dairy,17,2.43,41.31,25.95,CASH
"Jun 09, 2026",R759663,Canned Soup,Canned Goods,5,9.66,48.30,37.3,Card
06/09/26,R682786,Cereal,Breakfast,16,9.15,146.4,87.13,card
09/06/2026,R590644,Milk,Dairy,11,€2.26,24.86,none,Cash
09 Jun 2026,R267872,Milk,Dairy,16,5.17,82.72,58.61,Cash
06/09/2026,R379854,Chips,Snacks,13,1.53,19.89,15.15,card
2026/06/09,R255490,Cereal,Breakfast,20,7.41,148.2,108.21,Cash
"Jun 09, 2026",R988165,Bread,Bakery,15,2.23,33.45,£17.42,NULL
09/06/26,R135904,Frozen Pizza,Frozen,1,4.94,4.94,3.66,Mobile
09 Jun 2026,R335717,Canned Soup,Canned Goods,19,5.02,95.38,60.16,card
2026-06-09,R562230,Milk,Dairy,15,1.83,£27.45,16.06,Card
09.06.2026,R211839,Frozen Pizza,Frozen,15,1.44,21.6,11.7,none
"Jun 09, 2026",R256649,Chips,Snacks,12,"1,95",23.4,16.70,Cash
2026-06-09,R812361,Cereal,Breakfast,18,3.28,59.04,39.47,card
06/09/2026,R589153,Cereal,Breakfast,10,3.80,38.0%,"28,68",Cash
09-06-2026,R206056,Soda,Beverages,15,3.98,"59,70",31.12,
06/09/26,R468758,Frozen Pizza,Frozen,18,7.11,127.98,71.37,
10 Jun 2026,R704084,Cereal,Breakfast,7,"5,15",36.05,24.38,Mobile
10/06/2026,R470007,Frozen Pizza,Frozen,2,6.18,12.36,7.67,Cash
10/06/2026,R461401,Bread,Bakery,1,1.61,1.6%,1.26,card
10-06-2026,R565965,Canned Soup,Canned Goods,4,2.28,9.12,5.67,Card
10/06/26,R985125,Milk,Dairy,14,2.98,41.72,23.3,n/a
2026/06/10,R491422,Frozen Pizza,Frozen,12,9.73,116.76,83.49,card
2026/06/10,R616037,soda,Beverages,17,4.66,79.22,58.86,Mobile
10/06/2026,R332842,Bread,Bakery,2,6.09,12.18,7.16,Card
10-06-2026,R772568,Soda,Beverages,18,8.87,159.66,118.51,Mobile
"Jun 10, 2026",R524140,Chips,Snacks,6,3.93,23.58,17.6,none
06/10/2026,R693315,Frozen Pizza,Frozen,17,2.53,43.01,27.48,Card
10.06.2026,R741200,Chips,Snacks,20,6.23,124.6,86.74,NULL
10 Jun 2026,R121797,Chips,Snacks,2,2.15,4.30 USD,2.15,--
06/10/2026,R223088,Canned Soup,Canned Goods,19,1.59,30.21,16.39,Card
10.06.2026,R512185,  Cereal  ,Breakfast,10,1.5%,14.8,11.09,
10-06-2026,R891584,CANNED SOUP,Canned Goods,16,"2,82",€45.12,26.71,Mobile
10.06.2026,R655974,Cereal,Breakfast,17,5.1,86.70,$58.24,card
"Jun 10, 2026",R195557,Milk,Dairy,3,7.57,22.71,"16,80",CASH
10-06-2026,R870156,Soda,Beverages,13,7.42,96.46,NONE,Mobile
10/06/2026,R839346,Chips,Snacks,12,7.28,87.36,55.92,
"Jun 10, 2026",R583583,Frozen Pizza,Frozen,10,5.42,54.2%,"27,61",Cash
10/06/2026,R393585,Frozen Pizza,Frozen,19,9.12,173.3%,114.85,Cash
-,R516401,Soda,Beverages,13,3.79 USD,49.27,25.27 EUR,nan
2026/06/10,R831439,Cereal,Breakfast,7,5.64,39.48,26.43,card
06/10/2026,R672948,Milk,Dairy,17,2.66,45.22,NONE,Card
2026-06-10,R953139,Cereal,Breakfast,2,2.27,4.54,3.2%,card
2026-06-10,R378022,CHIPS,Snacks,12,3.5%,"41,64",24.78,Mobile
10/06/2026,R391930,Soda,Beverages,17,5.18,88.06,63.05,CASH
2026-06-10,R306224,Soda,Beverages,18,1.13,20.34,13.7%,Cash
10.06.2026,R282312,Canned Soup,Canned Goods,11,4.28,€47.08,25.01 EUR,Card
10/06/2026,R104663,Frozen Pizza,Frozen,15,8.85,132.75,-,Card
2026-06-10,R222080,Frozen Pizza,Frozen,3,"6,16",18.48,12.99,CASH
2026-06-10,R172123,Frozen Pizza,Frozen,10,3.12,31.2,24.82,Card
10.06.2026,R437786,Cereal,Breakfast,11,8.24,"90,64",55.46,Card
06/10/2026,R315179,Milk,Dairy,4,5.74,22.96 TRY,15.04,Card
06/10/26,R416047,Chips,Snacks,4,8.25,33.0,25.21,Card
06/10/2026,R638607,CANNED SOUP,Canned Goods,18,5.81,104.58,73.87,
10/06/2026,R907112,  Soda  ,Beverages,6,1.03,6.18,3.14,Card
,R848370,Frozen Pizza,Frozen,12,7.92,95.04,68.26,card
10-06-2026,R948878,Bread,Bakery,19,6.39 TRY,121.41,70.89,Cash
06/10/26,R773439,Cereal,Breakfast,15,4.83,72.45 USD,€52.46,Mobile
10/06/2026,R557352,Bread ,Bakery,9,9.85,88.65,"48,37",-
10/06/26,R716057,Milk ,Dairy,14,3.43,48.02,37.92 USD,
NULL,R685595,Bread,Bakery,14,2.57,35.98,19.47,Mobile
10.06.2026,R837831,Milk,Dairy,1,9.70,"9,70",7.14,Cash
2026/06/10,R399864,Canned Soup,Canned Goods,6,2.1,12.6,7.96,NULL
"Jun 10, 2026",R444965,Frozen Pizza,Frozen,7,7.04,49.28,25.13,Mobile
06/10/2026,R234258,Chips,Snacks,7,3.73,26.11,13.2,Cash
N/A,R937911,Bread,Bakery,8,9.54,76.32,$47.56,Cash
10-06-2026,R320743,canned soup,Canned Goods,1,4.11,4.11,2.33 USD,Mobile
2026-06-10,R273938,Milk,Dairy,18,6.14,110.52,88.29,CASH
"Jun 10, 2026",R364198,Soda,Beverages,7,3.00,21.0,12.06 EUR,card
06/10/26,R152150,Chips,Snacks,9,4.71,42.39,30.24,N/A
10-06-2026,R776392,Canned Soup,Canned Goods,19,5.13 TRY,97.47,64.21,n/a
10/06/26,R219496,Chips,Snacks,6,6.56,€39.36,28.78,Cash
06/10/2026,R512242,Soda,Beverages,5,5.55 USD,27.75,17.05,Card
11 Jun 2026,R166166,Chips,Snacks,7,7.19,"50,33",37.98,-
06/11/2026,R871675,Milk ,Dairy,1,2.32,2.32,1.75,CASH
06/11/2026,R812242,Chips ,Snacks,11,2.27,24.97,17.49,Cash
06/11/2026,R388490,cereal,Breakfast,20,7.63,152.6,77.56,null
11/06/26,R450894,Cereal,Breakfast,5,7.24,€36.20,25.24,Card
2026/06/11,R587243,Chips,Snacks,20,1.63,32.6%,"16,46",Cash
11.06.2026,R262170,Frozen Pizza,Frozen,17,3.85,,46.6,card
06/11/26,R353493,Canned Soup,Canned Goods,7,1.99,13.93,8.18,-
06/11/26,R642063,Bread,Bakery,19,2.58,49.02,28.95,CASH
NONE,R188058,Frozen Pizza,Frozen,1,3.91,3.91,"1,99",card
11.06.2026,R595589,Canned Soup,Canned Goods,18,7.34,"132,12",94.31,CASH
11.06.2026,R554912,Bread,Bakery,17,1.19,20.23,11.39,
11.06.2026,R201239,Cereal,Breakfast,3,8.81,₺26.43,14.63,card
11 Jun 2026,R557325,Milk,Dairy,1,5.62,5.62,3.71,card
06/11/2026,R450777,Bread,Bakery,2,5.58,11.16,7.24,
06/11/26,R981039,Soda,Beverages,2,"3,49",6.98,5.39,CASH
06/11/2026,R115504,Bread,Bakery,3,6.57,NA,10.61,Mobile
11 Jun 2026,R955511,Bread,Bakery,4,9.72,38.88,"29,68",Mobile
06/11/26,R354901,Milk,Dairy,6,8.97,53.82,27.83,Card
11 Jun 2026,R747952,Chips,Snacks,2,5.77,11.54,7.04,CASH
2026-06-11,R131043,SODA,Beverages,7,9.98,69.86,43.08,Card
11/06/2026,R473826,Bread,Bakery,17,1.98,33.7%,18.68,CASH
11 Jun 2026,R922694,Milk,Dairy,1,1.14,1.14,0.65,CASH
06/11/2026,R344167,Canned Soup ,Canned Goods,17,€5.47,92.99,62.22,Mobile
11/06/26,R893458,Milk,Dairy,19,6.31,119.89,63.35,Cash
11 Jun 2026,R578513,Frozen Pizza,Frozen,16,2.21,35.36,23.87,
11 Jun 2026,R387422,Frozen Pizza,Frozen,15,2.1,£31.50,20.5%,Card
11/06/2026,R225749,Soda,Beverages,3,2.63,7.89 USD,5.29,Cash
NONE,R320865,Soda,Beverages,2,2.17,4.34,2.82,Cash
nan,R588262,Bread,Bakery,15,1.83,€27.45,15.32,
06/11/2026,R363280,soda,Beverages,19,3.22,61.18,32.89,CASH
11-06-2026,R955734,Milk,Dairy,12,6.15,73.8,37.99,card
11/06/26,R935216,Canned Soup,Canned Goods,5,2.52,12.6,7.74,
06/11/2026,R983816,Frozen Pizza,Frozen,6,5.00,30.0,22.79,none
11/06/26,R450691,Bread,Bakery,6,4.54,27.24,18.42,Cash
06/12/2026,R434070,Bread,Bakery,5,5.8,"29,00",21.17,CASH
12/06/2026,R124953,canned soup,Canned Goods,18,5.0,90.0,65.32,card
12 Jun 2026,R955352,Soda,Beverages,4,5.24,20.96,13.4%,
12/06/2026,R748279,Frozen Pizza,Frozen,4,2.11,8.44,4.61,Cash
12/06/2026,R913458,Cereal,Breakfast,5,9.38,46.9,28.14,Cash
2026-06-12,R734019,Milk,Dairy,18,2.89,52.02,33.84,
NONE,R302922,Cereal,Breakfast,13,8.30,107.9,71.54,
12/06/26,R241758,Cereal,Breakfast,16,5.64,90.24,"58,06",CASH
2026-06-12,R162377,SODA,Beverages,11,4.82,53.02,38.1%,card
2026-06-12,R573327,Chips,Snacks,11,4.22,46.42,36.85,Cash
06/12/2026,R547053,Frozen Pizza,Frozen,11,$8.23,90.53,47.08,Mobile
12/06/26,R307514,Bread,Bakery,19,9.44,179.36,98.0,Cash
06/12/2026,R101490,Soda,Beverages,10,1.9,19.0,9.74,
06/12/26,R175048,Canned Soup,Canned Goods,17,3.73,63.41,31.83,card
06/12/26,R220334,Soda,Beverages,10,8.00 USD,80.00 EUR,47.64,card
12.06.2026,R178848,Chips,Snacks,12,7.21 TRY,86.52,59.6%,CASH
--,R560484,Cereal ,Breakfast,14,2.01,28.14,19.53,Card
12/06/26,R169032,Canned Soup,Canned Goods,14,4.36,61.04,36.99,Card
12/06/26,R176325,Frozen Pizza,Frozen,19,4.92,93.48,62.07,
"Jun 12, 2026",R886817,Canned Soup,Canned Goods,4,1.83,7.32 TRY,4.48,
06/12/26,R245310,chips,Snacks,2,4.11,8.22,6.49,Mobile
06/12/26,R356985,Bread,Bakery,12,5.6%,"67,20",N/A,Cash
12.06.2026,R263793,Cereal,Breakfast,11,7.49,82.39,53.9%,
2026-06-13,R980391,  Canned Soup  ,Canned Goods,19,4.37,83.03,42.7,Mobile
2026-06-13,R501119,Milk,Dairy,15,5.53,₺82.95,£64.17,Card
13.06.2026,R996424,Soda,Beverages,4,7.33,29.3%,17.77,NULL
13 Jun 2026,R825255,Canned Soup,Canned Goods,10,2.8%,28.1,14.32,null
"Jun 13, 2026",R712838,Frozen Pizza,Frozen,10,5.09,50.9%,30.23 TRY,Cash
06/13/26,R784216,Soda,Beverages,17,8.03,136.5%,75.95,Cash
06/13/2026,R728552,Cereal,Breakfast,20,2.36,47.2,27.9,Card
13.06.2026,R258555,Chips,Snacks,5,6.93,34.65,17.6,card
13/06/26,R744083,Frozen Pizza,Frozen,12,6.77,81.24,50.29,
13.06.2026,R578761,Cereal,Breakfast,13,8.78,114.14,90.18,Cash
2026-06-13,R694022,cereal,Breakfast,19,6.26,,91.18,Cash
"Jun 13, 2026",R342269,Bread,Bakery,11,6.99,76.89,nan,Cash
"Jun 13, 2026",R810032,Frozen Pizza,Frozen,3,2.78,"8,34",5.7,
06/13/26,R691925,Frozen Pizza,Frozen,3,"5,70","17,10",10.64,Card
2026/06/13,R547491,Cereal,Breakfast,5,4.8,24.00 USD,13.0,NA
null,R653133,Milk,Dairy,9,5.84,52.56,36.7,Card
"Jun 13, 2026",R781694,Bread,Bakery,11,5.99,65.89,37.05,
13.06.2026,R151186,Soda,Beverages,4,4.3%,17.08,€11.15,Cash
06/13/26,R428739,Canned Soup,Canned Goods,6,5.85,35.1,19.88,CASH
2026/06/13,R833210,Cereal,Breakfast,17,7.40 EUR,€125.80,84.72,
13/06/26,R381583,Cereal,Breakfast,7,2.47,17.29,8.74,card
13/06/26,R127929,Cereal,Breakfast,1,6.09,6.09,3.56,card
13.06.2026,R485715,Canned Soup,Canned Goods,8,3.31,26.48,NONE,Cash
2026-06-13,R230856,Canned Soup,Canned Goods,20,7.49,149.8,109.06,
2026-06-13,R266506,Soda,Beverages,14,5.27,73.78,49.15 TRY,Cash
13/06/2026,R252775,Milk,Dairy,15,3.54,53.1,30.23 USD,Mobile
2026/06/13,R184931,Bread,Bakery,13,1.93,25.09,20.04 TRY,CASH
06/13/26,R933415,  Frozen Pizza  ,Frozen,13,4.39,57.07,33.83,card
06/13/2026,R420393,  Frozen Pizza  ,Frozen,7,8.89,62.23,47.34,Mobile
14/06/26,R227900,Bread,Bakery,16,8.36,133.76,93.73,card
"Jun 14, 2026",R274882,Bread,Bakery,13,5.07 USD,65.91,43.59 EUR,
2026-06-14,R820359,Frozen Pizza,Frozen,20,3.18,63.60,35.12,NULL
14 Jun 2026,R937116,Milk,Dairy,13,4.93,64.09,34.92,
14-06-2026,R779340,Soda,Beverages,20,8.58,171.6,98.39,n/a
06/14/26,R187718,Chips,Snacks,2,6.32,€12.64,7.51,
14 Jun 2026,R747506,Chips,Snacks,9,8.35,75.15,56.51,
14.06.2026,R932109,Canned Soup,Canned Goods,20,4.14,82.8,62.91,card
14.06.2026,R635867,Canned Soup,Canned Goods,2,7.8,15.60,12.45,Mobile
06/14/26,R159220,Soda,Beverages,1,"3,35",3.35,2.48,card
2026/06/14,R831091,Frozen Pizza,Frozen,18,9.84,177.12,NONE,Mobile
14-06-2026,R444370,Bread,Bakery,17,8.22,139.74,91.81,
14/06/2026,R746966,Milk,Dairy,14,2.83,39.62 USD,24.6,Mobile
14 Jun 2026,R179193,Bread,Bakery,15,7.33,109.95,57.5,
14.06.2026,R708781,Cereal,Breakfast,6,2.05,12.30,7.3,card
14/06/26,R264159,MILK,Dairy,15,2.39,35.9%,,Card
14.06.2026,R339910,Canned Soup ,Canned Goods,11,9.82,108.02,56.3,N/A
06/14/2026,R921340,Bread,Bakery,20,3.31,66.2,52.08,Cash
2026-06-14,R373607,Milk,Dairy,12,£5.86,70.32,42.67,Cash
14-06-2026,R525306,Soda,Beverages,1,3.37,3.37,1.71,Card
06/14/26,R530800,Soda,Beverages,20,8.52,170.4,,Cash
"Jun 14, 2026",R423181,Soda,Beverages,2,1.39,2.78,1.52,-
06/14/26,R542881,Canned Soup,Canned Goods,5,2.3%,11.5,7.15,card
14.06.2026,R589265,Chips,Snacks,14,2.64,36.96,26.92,CASH
14.06.2026,R135252,Chips,Snacks,10,9.38,93.8,67.86,CASH
14-06-2026,R237412,Bread,Bakery,11,5.9,64.90,£33.63,CASH
14 Jun 2026,R722401,Frozen Pizza,Frozen,7,9.36,65.52,36.85,
14-06-2026,R716690,Canned Soup,Canned Goods,8,8.69,69.52,46.34,Cash
06/14/2026,R270469,Soda,Beverages,4,3.9%,15.44,11.39,Mobile
06/14/26,R103342,Chips,Snacks,14,"4,45",62.3,32.97 EUR,Cash
2026/06/14,R120766,Soda,Beverages,1,6.75,6.8%,4.29,Card
2026-06-14,R785138,Milk,Dairy,11,8.52,93.72,67.11,Card
14-06-2026,R237842,Canned Soup,Canned Goods,11,1.9,20.9,14.45,Mobile
14/06/26,R310837,Canned Soup,Canned Goods,9,6.22,"55,98",31.25,none
14.06.2026,R877329,Soda,Beverages,7,5.68,39.76,25.7,card
14.06.2026,R126088,Milk,Dairy,4,9.69,38.76,28.07,
2026/06/14,R863255,bread,Bakery,2,4.48,8.96,£5.36,Card
14/06/2026,R479925,Milk,Dairy,6,1.56,9.36,4.87,Cash
06/14/2026,R518582,Chips,Snacks,14,9.41,£131.74,74.75,Card
14/06/26,R733562,Frozen Pizza,Frozen,5,1.96,9.8,7.68,Cash
14/06/2026,R312726,Milk,Dairy,1,3.37,3.37,1.9,card
2026-06-14,R351681,Chips,Snacks,10,3.04,30.4,22.49,CASH
06/14/26,R678033,Cereal,Breakfast,18,2.06,37.08,28.55,Card
06/15/26,R823166,canned soup,Canned Goods,10,4.26,42.6,26.02,nan
15 Jun 2026,R615328,Cereal,Breakfast,15,4.48,67.20,38.56 TRY,Card
2026-06-15,R784888,Cereal,Breakfast,14,5.37,75.18,43.75,
06/15/2026,R779335,Chips,Snacks,11,9.18,100.98,71.75,CASH
NONE,R546989,Canned Soup,Canned Goods,12,9.74,116.9%,62.05,nan
-,R436106,Cereal,Breakfast,3,6.11,18.33,9.31,Mobile
15.06.2026,R696718,Cereal,Breakfast,13,8.3,107.90 USD,73.74,Mobile
2026/06/15,R454370,Chips,Snacks,3,1.03,"3,09",1.91,
06/15/2026,R499701,Frozen Pizza,Frozen,15,8.92,133.8,68.92,Mobile
15/06/2026,R313201,Soda,Beverages,6,3.04,18.24,11.26,card
15/06/2026,R595328,chips,Snacks,7,6.46,45.2%,31.70,
15 Jun 2026,R408398,Soda,Beverages,9,7.95,71.55,47.05,NONE
15/06/2026,R639389,CEREAL,Breakfast,15,2.83,42.45,23.5,CASH
15.06.2026,R659842,Frozen Pizza,Frozen,16,5.23,83.68,63.56,Card
15 Jun 2026,R670168,Bread,Bakery,4,8.68,34.72,20.75,
06/15/2026,R388015,Chips,Snacks,19,8.81,167.39,91.32,Cash
2026-06-15,R228697,Canned Soup,Canned Goods,18,4.94,88.92,48.17,
06/15/26,R652768,Chips,Snacks,15,₺5.94,89.10 TRY,66.79,
15/06/26,R909546,Chips,Snacks,4,2.64,10.56 EUR,6.46,Card
06/15/26,R423890,Canned Soup,Canned Goods,9,9.32,83.88,65.76,CASH
15/06/26,R103566,Canned Soup,Canned Goods,13,4.55,59.15,39.48,Cash
15 Jun 2026,R143888,Frozen Pizza,Frozen,17,3.55,"60,35",41.8,
15/06/26,R350197,Chips,Snacks,16,3.82,61.12,44.77,CASH
"Jun 15, 2026",R297617,Bread,Bakery,18,6.22,112.0%,58.75,
15/06/26,R388393,Frozen Pizza,Frozen,18,5.99,107.8%,62.95,CASH
15/06/26,R513961,Cereal,Breakfast,15,5.5,82.5,60.38,Mobile
2026/06/15,R795024,Frozen Pizza,Frozen,14,3.66,51.24,40.89,card
15/06/2026,R884352,Bread,Bakery,14,3.55,49.7,38.37,Cash
15-06-2026,R575779,Bread,Bakery,10,6.22,£62.20,33.58,card
15-06-2026,R672421,Frozen Pizza,Frozen,4,3.89,15.6%,"9,27",Card
15 Jun 2026,R618717,Cereal,Breakfast,10,8.03,€80.30,N/A,Mobile
"Jun 15, 2026",R157381,Frozen Pizza,Frozen,15,6.94,104.1,52.63,CASH
15/06/2026,R413282,Soda,Beverages,19,1.5,28.5,,card
"Jun 15, 2026",R183163,CANNED SOUP,Canned Goods,6,7.37,44.22,€34.65,
15.06.2026,R979495,Bread,Bakery,7,9.95,69.65,52.39,Cash
06/15/26,R427573,Soda,Beverages,13,9.3,120.9%,94.34 USD,Cash
15/06/26,R550263,Cereal,Breakfast,15,1.96,29.4,15.69,Cash
2026/06/15,R526414,Milk,Dairy,10,1.29,12.9,8.72,
06/15/2026,R388290,Chips,Snacks,11,7.07,77.77,39.36,Mobile
15.06.2026,R284724,Cereal,Breakfast,3,9.64,28.9%,N/A,Card
15/06/26,R183899,Canned Soup,Canned Goods,12,1.01,12.12,-,
15/06/2026,R869674,Chips,Snacks,15,4.63,69.45,37.1,Card
2026/06/15,R953564,Bread,Bakery,17,2.92,49.64 EUR,37.55,Card
06/15/26,R972822,Bread,Bakery,19,"5,45",103.55,77.59,n/a
15 Jun 2026,R873674,Frozen Pizza,Frozen,16,5.42,86.72,"43,74",Mobile
06/15/2026,R935475,Cereal,Breakfast,5,2.37,11.85 USD,6.21 USD,
15-06-2026,R921628,Milk,Dairy,1,1.82,1.82,1.26,
"Jun 15, 2026",R100788,Milk,Dairy,11,"6,68",73.48,39.26,
"Jun 15, 2026",R721275,Canned Soup,Canned Goods,15,3.35,50.25,37.79,Card
2026-06-15,R183277,Soda,Beverages,15,9.8,"147,00",117.07,NULL
15 Jun 2026,R358883,Chips,Snacks,11,4.2,46.2,£29.42,n/a
15/06/2026,R707484,Milk,Dairy,16,6.5,104.0,"55,31",N/A
15 Jun 2026,R328876,Cereal,Breakfast,11,3.56,39.16,25.67,
15.06.2026,R377862,Chips,Snacks,16,8.44,135.04,74.89,Card
2026-06-15,R481033,Bread,Bakery,13,5.71,74.23,52.31,CASH
nan,R318311,Frozen Pizza,Frozen,12,€9.08,108.96,62.52,card
15 Jun 2026,R222087,Bread,Bakery,18,8.51,153.18,81.14,Mobile
15-06-2026,R603549,Cereal,Breakfast,2,4.81,9.62,7.22,CASH
15.06.2026,R609691,Chips,Snacks,20,8.41,168.2,129.62,none
15-06-2026,R658053,Cereal,Breakfast,2,1.86,3.72,2.65,Cash
,R820743,Soda,Beverages,1,4.88 TRY,4.88,3.23,card
15.06.2026,R945794,Canned Soup,Canned Goods,3,4.97,€14.91,8.42 USD,
15-06-2026,R430969,Cereal,Breakfast,17,8.74,"148,58",75.06,CASH
06/15/26,R533058,Frozen Pizza,Frozen,3,2.90,8.7,5.32,Mobile
"Jun 15, 2026",R200767,Canned Soup,Canned Goods,2,7.04,14.1%,₺7.24,Card
15/06/26,R352437,  Milk  ,Dairy,12,€3.45,$41.40,23.68,Mobile
15.06.2026,R896913,Chips,Snacks,19,5.96,113.24,80.95,card
15.06.2026,R398955,Chips,Snacks,8,"6,29",50.3%,25.36,Mobile
06/15/26,R762503,Frozen Pizza,Frozen,7,2.87,"20,09",15.53,card
15/06/2026,R866351,Cereal,Breakfast,11,1.19,13.09,9.54,N/A
15-06-2026,R833820,Milk,Dairy,8,7.45,59.6,36.57,NA
15/06/2026,R498845,Frozen Pizza,Frozen,17,1.02,17.34,10.86,CASH
15-06-2026,R150586,Canned Soup,Canned Goods,6,6.0,36.00,18.94,
15/06/2026,R395073,Frozen Pizza,Frozen,12,7.86,94.32,69.33,NA
15.06.2026,R912921,Frozen Pizza,Frozen,4,4.0%,15.80,10.85,Mobile
15/06/2026,R257837,Canned Soup,Canned Goods,6,3.2,19.2,13.81,
15/06/2026,R696528,Frozen Pizza,Frozen,4,8.33,"33,32",17.5,
-,R681430,Milk,Dairy,15,5.41,81.15,48.73,Cash
NONE,R854401,Cereal,Breakfast,15,8.1,121.5,88.35,Card
16-06-2026,R119920,SODA,Beverages,16,1.84,29.44,22.12,Card
2026/06/16,R642885,MILK,Dairy,1,9.19,9.19,6.1,card
"Jun 16, 2026",R138686,Canned Soup,Canned Goods,16,7.0%,112.80,59.61,card
16 Jun 2026,R990685,Chips,Snacks,15,7.65,"114,75",84.19,Cash
16 Jun 2026,R937005,Bread,Bakery,4,9.77,39.08,23.91,NA
06/16/2026,R537236,Chips,Snacks,20,6.14,122.8,91.22,Card
06/16/26,R340574,Bread,Bakery,2,6.7%,13.32,7.39,CASH
16/06/2026,R207104,Frozen Pizza,Frozen,15,4.70 TRY,70.50,51.93,Cash
16/06/26,R726287,Chips,Snacks,14,8.68,121.52,70.07,Card
16.06.2026,R192989,Cereal,Breakfast,13,9.68,125.84,73.83,Card
16/06/2026,R532549,Soda,Beverages,20,9.18,183.6,94.45 TRY,Cash
2026-06-16,R581577,MILK,Dairy,7,4.14,₺28.98,22.38,
16.06.2026,R986819,Milk,Dairy,8,4.10,32.80,21.93,Cash
06/16/2026,R324398,Canned Soup,Canned Goods,19,5.81,110.39,"56,33",CASH
2026/06/16,R661445,Milk,Dairy,16,5.35,85.6,67.15,Cash
06/16/26,R593483,MILK,Dairy,3,3.56,10.68,$7.55,-
2026/06/16,R378051,Milk,Dairy,7,8.60,$60.20,42.68,Mobile
06/16/26,R471514,Canned Soup,Canned Goods,4,7.62,30.48,18.44,Cash
16 Jun 2026,R343870,Milk,Dairy,12,2.28,27.36,20.85,Mobile
2026/06/16,R559033,Frozen Pizza,Frozen,14,4.42,61.88,43.4%,Mobile
06/16/26,R766933,Chips,Snacks,6,9.49,"56,94",41.57,Mobile
2026-06-16,R867351,Canned Soup,Canned Goods,11,9.46,104.06,62.22,Cash
16-06-2026,R267943,Chips,Snacks,15,2.73,40.95,31.79,
16/06/26,R319823,Milk,Dairy,8,9.13,none,null,Mobile
2026/06/16,R877300,Cereal,Breakfast,16,9.15,146.4,80.64,Card
16 Jun 2026,R509223,Frozen Pizza,Frozen,3,7.02,21.1%,$15.00,card
16 Jun 2026,R365077,Canned Soup,Canned Goods,11,7.87,86.57,62.0,-
16-06-2026,R975147,Bread,Bakery,10,6.31,63.1,nan,Card
16-06-2026,R807964,Bread,Bakery,20,6.47,€129.40,77.31,CASH
16 Jun 2026,R104586,Canned Soup,Canned Goods,5,4.25,nan,12.24,Card
"Jun 16, 2026",R228729,Cereal,Breakfast,18,9.8%,175.5,96.55,--
16.06.2026,R181773,Frozen  Pizza,Frozen,19,1.90,36.1,26.73,CASH
06/16/26,R163617,Bread,Bakery,11,3.28,$36.08,28.44 TRY,Cash
,R347684,Canned Soup,Canned Goods,11,7.53,82.83,59.68,card
06/16/2026,R261020,Frozen Pizza,Frozen,3,9.98,29.94,19.61,NONE
16.06.2026,R437161,Soda,Beverages,10,6.14,"61,40",39.69,Mobile
16-06-2026,R840786,chips,Snacks,7,5.80,40.60,"26,01",
16/06/26,R780409,Soda,Beverages,12,4.9,NONE,34.52,CASH
2026/06/16,R827841,Bread,Bakery,13,9.22,119.86,89.91,
16.06.2026,R508973,Chips,Snacks,2,2.53,5.06,3.99,CASH
16-06-2026,R256812,Chips,Snacks,18,6.33,113.94,85.74,Card
16/06/26,R526797,Milk,Dairy,15,4.57,68.55,34.31,
16/06/2026,R977074,Milk,Dairy,10,7.35,73.5,n/a,NULL
06/16/26,R608759,Bread,Bakery,3,3.86,11.58,8.64,Cash
2026/06/16,R416322,Bread,Bakery,10,6.26,62.6,49.90,Mobile
2026-06-16,R660627,Milk,Dairy,11,€4.12,$45.32,28.84,Cash
06/16/26,R240214,Bread,Bakery,18,6.96,125.28 TRY,63.72,null
16 Jun 2026,R445879,Bread,Bakery,4,5.15,20.6,12.9%,Cash
16/06/26,R441770,Bread,Bakery,12,9.15,109.8,81.04,Cash
2026/06/16,R789411,Chips,Snacks,2,1.73,3.46,2.14,Cash
17 Jun 2026,R254467,Cereal,Breakfast,19,2.08,39.52,23.23,
2026-06-17,R167721,Soda ,Beverages,6,3.2%,19.20,"12,83",Cash
"Jun 17, 2026",R857612,Frozen Pizza,Frozen,9,8.06,72.54 USD,$36.38,CASH
17-06-2026,R333460,Soda,Beverages,11,8.83,97.13,54.7%,card
,R401537,Chips,Snacks,12,4.39,€52.68,38.97,
17/06/26,R135843,Frozen Pizza,Frozen,5,6.58,32.9,22.06,
17/06/26,R951392,Chips,Snacks,5,1.27,6.35,,Card
2026-06-17,R607014,Milk,Dairy,3,9.48,28.44,17.71,Mobile
17.06.2026,R684336,Bread,Bakery,16,2.17,34.72,18.59,
17/06/2026,R253032,Frozen Pizza,Frozen,17,4.92,83.64,59.85,
17/06/2026,R990948,Soda,Beverages,8,2.42,19.36,14.9,
17/06/2026,R896947,Cereal,Breakfast,20,5.5,"110,00",59.14,
17-06-2026,R101716,Bread,Bakery,18,8.16,146.88,74.27,
17 Jun 2026,R221449,Cereal,Breakfast,4,3.85,15.40,8.05,Mobile
"Jun 17, 2026",R684705,Soda,Beverages,6,2.11,12.66,7.56,NA
n/a,R855532,Soda,Beverages,7,9.38 USD,£65.66,£37.93,Cash
,R332239,bread,Bakery,11,4.6,50.6,28.66,card
06/17/2026,R701136,Soda ,Beverages,20,5.02,100.40 TRY,66.14,Cash
17/06/26,R395648,Canned Soup,Canned Goods,12,1.3,15.6,11.13,Cash
17-06-2026,R551873,Chips,Snacks,2,4.9%,9.8,6.97,Card
2026/06/17,R274471,Soda,Beverages,9,8.52,76.68,52.79,Card
2026-06-17,R531998,Cereal,Breakfast,5,1.84,9.20,6.22,--
17/06/26,R735847,Cereal,Breakfast,3,8.6,25.8,18.68,Mobile
"Jun 17, 2026",R916074,Milk,Dairy,5,1.01,5.05,2.72,card
17.06.2026,R701055,Frozen Pizza,Frozen,19,3.36,63.84,37.67,Mobile
2026/06/17,R787001,Cereal,Breakfast,19,"4,52",n/a,53.53 EUR,
2026/06/17,R678673,Chips,Snacks,12,7.88,94.56,59.56,
2026/06/17,R243587,Milk,Dairy,3,9.02,27.06,₺14.29,Cash
"Jun 17, 2026",R459870,Frozen Pizza,Frozen,7,5.9,41.30 USD,"32,28",card
"Jun 17, 2026",R371463,Chips,Snacks,6,3.68,22.08,14.93,Card
06/17/26,R767648,Canned Soup,Canned Goods,2,6.32,12.64,9.24,
2026-06-17,R661682,Frozen Pizza,Frozen,1,9.83,9.83,7.79,card
17/06/2026,R238867,Chips,Snacks,16,1.3,null,14.15,Cash
17/06/26,R352333,Frozen Pizza,Frozen,5,9.7,48.50,26.77,null
"Jun 17, 2026",R588607,chips,Snacks,15,3.99,n/a,40.67,nan
2026-06-17,R463380,Soda,Beverages,20,4.90,98.0,59.75,card
17 Jun 2026,R711132,Frozen Pizza,Frozen,2,2.29,4.58,₺3.22,Card
2026/06/17,R962538,Chips,Snacks,17,2.53,43.01,29.01,none
17/06/26,R755178,Frozen Pizza,Frozen,12,6.93,83.2%,55.87,CASH
17 Jun 2026,R947720,Milk,Dairy,10,9.23,92.3,72.91,card
2026-06-17,R136519,CHIPS,Snacks,20,1.11,"22,20",13.48,Cash
17.06.2026,R506488,Cereal,Breakfast,10,7.24,72.40,49.16,CASH
18/06/2026,R782192,Milk,Dairy,7,2.46,17.22,12.78,CASH
18 Jun 2026,R323793,Milk,Dairy,10,2.59,25.9,17.12,Cash
18 Jun 2026,R927053,Canned Soup,Canned Goods,3,5.83,17.49,"11,89",-
2026-06-18,R171061,Canned Soup,Canned Goods,3,8.04,24.12,15.46,Cash
2026-06-18,R848702,Canned Soup,Canned Goods,16,9.87 EUR,157.92,92.5%,NA
18 Jun 2026,R652277,Frozen Pizza,Frozen,18,8.68,156.24,"109,82",CASH
06/18/26,R496874,Chips,Snacks,12,4.48,53.76,30.81,NA
2026/06/18,R388822,Canned Soup,Canned Goods,17,9.29,157.93,83.04,Cash
06/18/26,R279389,Chips,Snacks,5,1.53 EUR,7.65,6.1,Card
18-06-2026,R656629,Canned Soup,Canned Goods,1,"3,84",3.84,2.51,card
18/06/2026,R819688,Cereal,Breakfast,20,1.71,34.2,24.73,Card
06/18/2026,R590652,Soda,Beverages,20,3.95,79.0,53.95,Mobile
2026-06-18,R601140,Frozen Pizza,Frozen,1,7.69,7.7%,4.21,null
18 Jun 2026,R738495,Bread,Bakery,9,9.36,84.24,47.44,CASH
"Jun 18, 2026",R659679,  Frozen Pizza  ,Frozen,5,9.62,48.1,37.56,CASH
18/06/26,R218922,Milk,Dairy,11,9.43,103.73,56.51,card
2026/06/18,R125751,Chips,Snacks,18,1.15,null,"12,30",Cash
06/18/26,R819983,Soda,Beverages,5,8.67,43.35,₺25.53,card
06/18/2026,R895905,Canned Soup,Canned Goods,18,4.34,78.12,39.62,Cash
06/18/2026,R167662,Canned Soup,Canned Goods,12,₺5.55,66.6,46.13,CASH
18.06.2026,R848908,Cereal,Breakfast,14,1.4,19.6,10.36,card
2026/06/18,R840042,Bread,Bakery,18,9.6,172.8,86.54,
2026/06/18,R995106,Milk,Dairy,19,9.48,180.12,142.84,card
06/18/26,R500624,Cereal,Breakfast,9,8.8%,79.56,49.07,CASH
18 Jun 2026,R287785,Milk,Dairy,14,8.16,114.24,76.85,Mobile
06/18/26,R508453,Chips,Snacks,6,1.89,11.34,7.60 EUR,Mobile
18-06-2026,R713170,Milk,Dairy,4,7.03,28.12,16.0,Card
06/18/2026,R935492,Frozen Pizza,Frozen,3,7.51,22.5%,14.42,Cash
06/18/26,R709357,Soda,Beverages,5,2.8,14.0,9.17,card
18 Jun 2026,R403399,Canned Soup,Canned Goods,18,1.41,25.38,19.55,
18 Jun 2026,R758197,Frozen Pizza,Frozen,2,9.62,-,11.3,
"Jun 18, 2026",R717676,CEREAL,Breakfast,6,€1.22,7.32,5.67,N/A
18-06-2026,R646738,Milk,Dairy,13,8.14,105.82,82.0,CASH
18/06/26,R586552,Cereal,Breakfast,4,9.42,37.68,25.55,
18/06/2026,R382902,Frozen Pizza,Frozen,14,6.82,95.48,65.89,CASH
18-06-2026,R268264,Bread,Bakery,1,7.69,7.69,5.66,N/A
18.06.2026,R540445,Soda,Beverages,16,1.34,21.44,11.16,card
18/06/2026,R161388,canned soup,Canned Goods,5,6.80 TRY,34.0,17.67,
"Jun 18, 2026",R887978,Frozen Pizza,Frozen,20,7.85,157.0,93.51,Cash
18/06/26,R353198,Chips,Snacks,3,5.2%,15.66,12.24,CASH
18 Jun 2026,R808646,Bread,Bakery,6,6.05,36.3%,22.67,Card
18/06/2026,R205593,cereal,Breakfast,6,8.08,48.48,35.24,CASH
18.06.2026,R277427,Soda,Beverages,14,6.7,93.8%,52.67,CASH
18-06-2026,R742221,Frozen Pizza,Frozen,15,5.75,86.25,67.23,Mobile
06/18/26,R967243,Chips,Snacks,19,7.92,150.48,86.79 TRY,Cash
18 Jun 2026,R345001,  Bread  ,Bakery,15,4.52,67.8,36.64,CASH
18 Jun 2026,R467010,Soda,Beverages,19,5.7%,108.87,84.77,Card
18 Jun 2026,R154025,soda,Beverages,12,3.28,39.36,27.36,N/A
18.06.2026,R310891,Frozen Pizza,Frozen,14,7.26,101.64,--,card
18.06.2026,R797742,Soda,Beverages,6,8.08,48.5%,29.07,Card
06/18/26,R212725,Soda,Beverages,1,4.07,4.07,2.9%,card
18-06-2026,R511270,Cereal,Breakfast,1,9.97,9.97,5.16,Mobile
2026-06-18,R676989,Chips,Snacks,3,1.7%,$5.19,3.25,Cash
"Jun 18, 2026",R694047,Bread,Bakery,4,5.97,23.88,12.4,Mobile
18-06-2026,R854716,Chips,Snacks,13,2.36,30.68,16.74,Cash
18 Jun 2026,R790896,Cereal,Breakfast,13,3.96,51.48,40.82,
18-06-2026,R902334,Canned Soup,Canned Goods,10,3.39,33.9,18.2,Cash
18/06/2026,R478132,Frozen Pizza,Frozen,14,7.79,$109.06,54.89 EUR,CASH
18/06/2026,R646460,Cereal,Breakfast,13,3.78,49.14,26.99,n/a
06/18/2026,R690569,Soda,Beverages,3,6.98,20.94,14.49,
2026/06/18,R977026,Soda,Beverages,9,7.72,69.48 USD,40.26,Cash
18/06/2026,R988699,Chips,Snacks,4,8.74,€34.96,17.92,Mobile
2026/06/18,R979097,Frozen Pizza,Frozen,5,1.72,8.6,4.4,Mobile
2026-06-18,R188707,Chips,Snacks,7,7.05,49.4%,35.79,Mobile
06/18/26,R429133,Chips,Snacks,5,9.23,₺46.15,27.82,
06/18/2026,R637192,Cereal,Breakfast,13,4.21,54.73,NA,Cash
18/06/2026,R563364,  Milk  ,Dairy,1,2.19,2.19,1.19,CASH
06/18/2026,R669586,Soda,Beverages,16,1.04,16.64,8.72,Mobile
18.06.2026,R513741,Chips,Snacks,1,2.23,2.23,1.78,card
18.06.2026,R218751,Canned Soup,Canned Goods,7,7.41 EUR,₺51.87,35.25 EUR,Cash
06/18/26,R618387,Cereal,Breakfast,18,4.66,83.88,59.99,card
18/06/2026,R396809,Soda,Beverages,2,2.05,4.1,3.06,Card
18-06-2026,R539248,Milk,Dairy,19,7.21,136.99,90.52,N/A
N/A,R162828,Soda,Beverages,13,1.11,14.43,₺7.37,
18/06/26,R273174,Milk,Dairy,5,6.33,31.65,18.78,Cash
"Jun 18, 2026",R200624,Frozen Pizza,Frozen,1,8.38,8.38,6.04,
"Jun 18, 2026",R906055,Chips,Snacks,4,9.5,38.0,20.87 EUR,none
18-06-2026,R415977,  Chips  ,Snacks,6,5.36,32.16,18.5,Mobile
N/A,R919526,Bread,Bakery,11,2.77,30.47,18.32,Mobile
18 Jun 2026,R692060,milk,Dairy,2,1.64,3.28,2.43,card
19-06-2026,R516134,Frozen Pizza,Frozen,3,9.53,28.59,19.92,Mobile
"Jun 19, 2026",R776211,Soda,Beverages,12,3.89,46.68,31.98,n/a
2026-06-19,R985032,Milk,Dairy,10,£9.36,93.6,72.32,NA
2026/06/19,R775006,CANNED SOUP,Canned Goods,9,6.69,60.21,--,CASH
2026/06/19,R878436,Bread,Bakery,20,3.57,"71,40",47.86,Mobile
19/06/26,R316172,Milk,Dairy,15,1.56,23.4,"15,44",card
2026/06/19,R724195,Milk,Dairy,18,8.91,160.38,126.88,card
19/06/2026,R104150,Bread,Bakery,19,3.19,60.61,34.61,Mobile
06/19/26,R502001,Milk,Dairy,12,5.53,66.36,42.11,Cash
19 Jun 2026,R797925,Frozen Pizza,Frozen,7,9.49,66.43,42.43,Card
2026-06-19,R986381,Cereal,Breakfast,8,5.1,40.8,21.86,card
19 Jun 2026,R981166,CHIPS,Snacks,14,7.19,100.66,£80.30,CASH
"Jun 19, 2026",R122922,Canned Soup,Canned Goods,11,8.31,91.41,58.08,Cash
19-06-2026,R639413,Bread,Bakery,19,2.5,47.5,24.04 USD,Mobile
19 Jun 2026,R825792,Soda,Beverages,5,€9.89,49.45,33.8,card
19/06/26,R735479,Cereal,Breakfast,12,5.23,$62.76,41.24,CASH
2026-06-19,R838074,Canned Soup,Canned Goods,9,8.97,80.73,48.25,Cash
19/06/26,R691450,Chips,Snacks,8,7.67,61.36,41.08,Mobile
"Jun 19, 2026",R821689,Cereal,Breakfast,17,7.52,127.84,86.56,Card
2026/06/19,R650534,Chips,Snacks,16,7.73,123.68,70.63,CASH
19-06-2026,R525925,Cereal,Breakfast,1,8.7%,8.7,6.13,Cash
19.06.2026,R845223,Frozen Pizza ,Frozen,11,7.03 EUR,NA,52.16,Cash
nan,R469710,Frozen Pizza,Frozen,18,3.24,58.32,37.5%,Cash
19 Jun 2026,R516107,Soda,Beverages,20,2.48,₺49.60,₺31.91,-
19/06/26,R924385,CHIPS,Snacks,16,7.78 TRY,124.48,65.61,
06/19/2026,R792226,Frozen Pizza,Frozen,20,5.55,111.0,66.17 EUR,Card
06/19/2026,R205421,Cereal,Breakfast,8,4.09,32.72,25.99,CASH
19 Jun 2026,R963894,bread,Bakery,7,"6,24",43.68,27.33,Cash
19.06.2026,R745474,Chips,Snacks,12,1.42,17.04,11.1,Card
19/06/26,R886104,Cereal,Breakfast,6,£3.90,"23,40",17.99,Cash
06/19/26,R561798,Cereal,Breakfast,16,6.07,97.12,64.91,card
19-06-2026,R632370,Soda,Beverages,17,5.91,100.47,55.64,card
"Jun 19, 2026",R396383,Soda,Beverages,16,8.63,138.08,100.98,--
2026-06-19,R476009,Frozen Pizza,Frozen,14,6.09,85.3%,56.2%,CASH
19-06-2026,R914173,Frozen  Pizza,Frozen,2,9.36 EUR,18.72,12.31,card
19/06/2026,R373311,Soda,Beverages,12,9.88,118.56,62.85,-
2026/06/19,R710561,Bread,Bakery,18,3.42,61.56,38.6%,
06/19/26,R651604,Chips,Snacks,13,1.47,19.11,13.42,Cash
06/19/26,R249124,Soda,Beverages,16,7.9,126.4,97.34,Cash
06/19/2026,R835770,Bread,Bakery,12,8.14,97.68,76.57,CASH
"Jun 19, 2026",R295272,Soda,Beverages,10,9.95,99.5,54.28,Cash
2026-06-19,R787948,Milk,Dairy,4,4.16,16.64,12.30,Card
19/06/2026,R269158,Bread,Bakery,17,3.27,55.59,n/a,Card
19/06/2026,R654329,Cereal,Breakfast,8,9.3,74.4,38.57,n/a
06/19/2026,R575795,Soda,Beverages,11,4.4,48.4,26.27,-
06/19/2026,R730867,Frozen  Pizza,Frozen,17,6.84,116.28,71.32,N/A
--,R457049,Canned Soup,Canned Goods,6,4.73,28.4%,22.02,Cash
19-06-2026,R908228,  Cereal  ,Breakfast,14,5.78,80.92,55.08 EUR,Mobile
20/06/26,R427969,Frozen Pizza,Frozen,4,9.28,37.12,24.95,Cash
20/06/2026,R538896,Bread,Bakery,11,5.9,64.9,NULL,CASH
n/a,R339200,Chips,Snacks,12,3.54,42.48,23.63,NONE
06/20/2026,R658684,cereal,Breakfast,5,3.74,18.7,12.88,card
06/20/26,R962004,Bread,Bakery,8,5.14,41.12,24.92,CASH
06/20/26,R899793,Cereal,Breakfast,8,7.82,62.56,41.55,CASH
20/06/26,R854944,Milk,Dairy,5,8.11,40.55,29.29,NULL
20/06/2026,R226788,Bread,Bakery,12,1.6%,19.32,10.85 EUR,CASH
2026-06-20,R970389,Bread,Bakery,5,7.22,36.1,19.17,card
20-06-2026,R995167,SODA,Beverages,6,2.35,"14,10",€7.26,NA
NULL,R552280,Chips,Snacks,13,3.06,"39,78",28.13,Cash
20 Jun 2026,R269899,Bread,Bakery,4,"7,92",31.68 EUR,$19.72,card
20.06.2026,R144871,Bread,Bakery,18,5.41,97.38,61.7,CASH
2026-06-20,R603336,Milk,Dairy,17,1.18,20.06,14.06,Mobile
20/06/2026,R544348,Soda,Beverages,15,3.86,57.9,41.0%,CASH
"Jun 20, 2026",R494212,Canned Soup,Canned Goods,1,3.7,3.7,2.28,Card
20-06-2026,R592222,Milk,Dairy,7,4.96,34.72,27.59,card
20.06.2026,R460631,Chips,Snacks,6,3.76,22.56,15.7,Card
20/06/2026,R654458,Cereal,Breakfast,20,1.76,35.20 EUR,26.98,
2026/06/20,R778718,Canned Soup,Canned Goods,3,3.94,11.82,7.34,-
20/06/2026,R293071,Cereal,Breakfast,5,5.1,25.5,14.56,CASH
06/20/26,R544695,Frozen Pizza,Frozen,2,6.15,12.3,8.05,Mobile
06/20/2026,R684478,Soda,Beverages,12,3.14,37.68,19.63,
20/06/26,R150149,Milk,Dairy,14,1.84,25.76,15.78,
06/20/26,R930437,Soda,Beverages,9,9.77,87.93,60.33,N/A
06/20/2026,R543777,Frozen Pizza,Frozen,14,8.17,114.38,70.73,Cash
20-06-2026,R484329,Frozen Pizza,Frozen,1,6.84,6.84,3.64,CASH
20-06-2026,R290057,  Cereal  ,Breakfast,2,9.2%,18.36,10.4%,
NONE,R327799,frozen pizza,Frozen,17,9.72,165.24,108.63,Mobile
06/20/26,R414932,Canned Soup,Canned Goods,14,4.14,57.96,£33.92,card
"Jun 20, 2026",R739531,Soda,Beverages,9,7.72,69.48,"55,37",card
20 Jun 2026,R812997,Bread,Bakery,7,8.7,60.9,30.54,Cash
20.06.2026,R944849,Milk,Dairy,9,1.09,9.81,6.57,Mobile
2026-06-20,R659268,Cereal,Breakfast,3,"3,16",9.48,4.96,card
20.06.2026,R731919,Chips,Snacks,10,9.55,95.5,54.0,Mobile
20/06/26,R777292,Cereal,Breakfast,2,2.04,4.08,2.78,NA
20/06/26,R581498,Chips,Snacks,12,6.05,72.6,40.27,CASH
20/06/2026,R937371,SODA,Beverages,6,2.4,14.40,8.38,NONE
06/20/2026,R351314,Frozen Pizza,Frozen,15,7.32,109.8,76.68,none
20/06/2026,R591331,Canned Soup,Canned Goods,19,6.49,123.31,72.17,CASH
06/20/26,R527661,Bread,Bakery,6,1.58,9.48,5.07,card
06/20/26,R548521,Chips,Snacks,19,2.92,55.48,33.7%,Cash
2026-06-20,R969882,Bread,Bakery,3,2.35,7.05,3.59,Cash
20.06.2026,R232355,Bread,Bakery,14,3.0,42.00,31.21,
06/20/26,R482758,Bread,Bakery,7,3.1,21.7,16.07,Card
20-06-2026,R587264,Canned Soup,Canned Goods,14,3.43,48.02,26.15 EUR,CASH
20 Jun 2026,R320773,Chips,Snacks,2,3.73,7.46,£5.52,Mobile
20/06/26,R122387,Soda,Beverages,2,9.55,19.1,11.17,card
20/06/26,R650007,  Cereal  ,Breakfast,16,9.04,€144.64,"88,53",card
06/20/26,R406771,Frozen Pizza,Frozen,7,9.5,66.5,34.92,
06/20/2026,R129818,Bread,Bakery,2,9.8,19.6,15.16,Card
06/20/2026,R238500,Chips,Snacks,14,7.66,107.24,78.8,
20.06.2026,R315349,Cereal,Breakfast,5,3.59,17.95,NONE,card
06/20/26,R984752,Milk,Dairy,12,8.33,99.96,£67.76,Cash
20-06-2026,R791047,Frozen Pizza,Frozen,20,7.13,142.6%,99.53,Card
20/06/26,R625516,Frozen Pizza,Frozen,8,9.32,74.56,53.27,CASH
20 Jun 2026,R363652,Canned Soup,Canned Goods,13,8.04,104.52,76.84 EUR,
20.06.2026,R862972,Frozen Pizza,Frozen,11,"8,81","96,91",53.77,CASH
20-06-2026,R558776,Frozen Pizza,Frozen,13,6.13,$79.69,55.07,
"Jun 20, 2026",R800551,Frozen Pizza,Frozen,20,€3.22,64.4,41.04,Cash
20-06-2026,R402637,Soda,Beverages,13,9.94,129.22,81.33,Card
20-06-2026,R341158,Soda,Beverages,9,3.92,35.28,25.34,CASH
06/20/2026,R107815,Frozen Pizza,Frozen,2,2.05,4.10,2.5,NULL
2026-06-20,R573013,Cereal,Breakfast,9,5.33,48.0%,34.32,card
06/20/2026,R839360,Milk,Dairy,10,"1,90",19.00 TRY,15.1,
06/20/2026,R845859,Frozen Pizza,Frozen,19,4.04,76.76,54.08,
2026/06/20,R231247,Frozen Pizza,Frozen,18,3.61,64.98,35.7,CASH
20-06-2026,R767870,Bread,Bakery,19,9.75,185.25,131.76,card
06/20/2026,R652779,Bread,Bakery,19,9.85,₺187.15,122.88,Mobile
20.06.2026,R352684,Bread,Bakery,2,7.8%,15.60,11.9%,-
2026-06-20,R529284,Milk,Dairy,15,4.82,72.3,"40,86",
2026/06/20,R658911,Frozen Pizza,Frozen,3,"7,38",22.14,16.78,Mobile
21/06/26,R281928,Chips,Snacks,18,"2,62",47.2%,25.81,CASH
"Jun 21, 2026",R364045,Cereal,Breakfast,3,7.17 USD,21.51,"15,70",card
2026-06-21,R972383,Cereal,Breakfast,16,1.87,29.92,20.72,card
21-06-2026,R626574,Soda,Beverages,10,5.7,57.00,41.61,
21/06/2026,R692692,Soda,Beverages,20,9.79,"195,80",102.89,N/A
06/21/2026,R972449,Chips,Snacks,6,9.92,59.52,47.33,Cash
21.06.2026,R560658,Chips,Snacks,1,2.1,2.1,1.52,NONE
06/21/2026,R104461,  Milk  ,Dairy,18,6.93,124.74,62.48,NULL
2026/06/21,R690109,Bread,Bakery,9,7.76,69.84,49.89,Cash
"Jun 21, 2026",R620480,chips,Snacks,17,9.47,160.99,111.32,Mobile
21.06.2026,R264797,Milk,Dairy,20,7.82,156.4,89.24,Mobile
06/21/2026,R533849,Soda,Beverages,19,2.81,53.39 EUR,$28.86,nan
06/21/26,R649127,Cereal,Breakfast,15,3.02,45.30 TRY,28.93,card
06/21/2026,R176221,Canned Soup,Canned Goods,9,6.38,57.42,"36,76",
2026/06/21,R541675,Milk,Dairy,2,7.37,nan,11.48,Card
21/06/2026,R598423,Chips,Snacks,2,"7,59",15.2%,11.52,null
2026-06-21,R770056,Canned Soup,Canned Goods,18,2.8%,"49,86",27.13,nan
2026-06-21,R304843,Soda,Beverages,9,6.0,54.00 EUR,40.16,CASH
2026/06/21,R672868,Bread,Bakery,8,3.36,"26,88",€15.48,CASH
21 Jun 2026,R113672,Cereal,Breakfast,12,"7,10",85.2,49.56,card
06/21/2026,R294405,Milk,Dairy,13,2.5,N/A,21.09,Card
21.06.2026,R528363,Bread,Bakery,4,7.32,29.28,23.33,
06/21/26,R133236,Cereal,Breakfast,5,4.53,22.65,15.48,Cash
21 Jun 2026,R229142,Canned Soup,Canned Goods,6,8.27,49.62,30.08,
21.06.2026,R277073,chips,Snacks,15,6.16,92.4,49.81,CASH
2026-06-21,R913659,Chips,Snacks,1,7.33,7.33,5.46 EUR,
21/06/26,R902315,Frozen Pizza,Frozen,10,2.94,29.4,18.68,Card
06/21/26,R934340,Bread,Bakery,18,"7,61",136.98,99.25,Card
2026/06/21,R514522,Chips,Snacks,6,7.0,42.0,32.13,Mobile
21/06/26,R728854,Cereal,Breakfast,11,8.54,93.94,€66.09,card
"Jun 21, 2026",R843121,Cereal,Breakfast,4,5.79,23.16,18.32,N/A
21-06-2026,R908205,Chips,Snacks,15,9.82,147.3,87.55,CASH
06/21/2026,R206544,Canned Soup,Canned Goods,2,6.64,13.28,8.41,Card
21/06/26,R771907,Chips,Snacks,9,4.47,₺40.23,28.61,card
2026-06-21,R746970,Milk,Dairy,4,7.78 USD,31.12,17.65,CASH
21.06.2026,R288037,Chips,Snacks,6,8.0%,47.76,27.43,-
2026-06-22,R893672,Canned Soup,Canned Goods,18,6.15,110.70,63.05,CASH
22/06/2026,R658379,Chips,Snacks,16,7.17,114.72,71.68,CASH
2026-06-22,R357089,Cereal,Breakfast,10,3.1,31.0,22.04,card
22.06.2026,R141895,Canned Soup,Canned Goods,3,4.29,12.87,8.4%,Cash
2026-06-22,R328423,Chips,Snacks,9,£4.96,44.64,32.83,
06/22/26,R867216,Milk,Dairy,1,2.97,2.97,1.69,Cash
06/22/26,R857366,  Frozen Pizza  ,Frozen,5,3.38 USD,16.9,9.46,CASH
22-06-2026,R854940,Bread,Bakery,6,1.85,11.1,6.49 EUR,
22 Jun 2026,R193760,Frozen Pizza,Frozen,3,7.88,23.64,16.14,Card
22/06/2026,R480057,Milk,Dairy,12,5.41,64.92,47.8,Mobile
22 Jun 2026,R975294,Chips,Snacks,11,5.05,55.55,32.19,NULL
22/06/26,R575428,Chips,Snacks,7,6.77,47.39,34.48,Cash
22.06.2026,R628370,Cereal,Breakfast,5,6.48,32.4,none,Cash
--,R514895,Canned Soup,Canned Goods,3,8.65,25.95,18.97 TRY,Mobile
22/06/2026,R633718,Canned Soup,Canned Goods,7,1.06,7.42,5.10,Mobile
22.06.2026,R660966,Canned Soup,Canned Goods,18,1.67,30.06,15.99 USD,CASH
22/06/2026,R888099,Canned Soup,Canned Goods,3,7.17,21.51,14.8,Card
22/06/26,R407103,Canned Soup,Canned Goods,14,8.45,118.3,77.9%,NONE
22.06.2026,R945888,Soda,Beverages,19,5.20,98.8,"74,66",Cash
22.06.2026,R822760,Canned Soup,Canned Goods,2,1.72,3.44,2.07,
22-06-2026,R743927,Cereal ,Breakfast,6,9.19,55.14,39.69,N/A
22/06/2026,R377301,Cereal,Breakfast,18,£4.26,76.68,49.59,Cash
06/22/26,R979481,Soda,Beverages,5,8.59,42.95,29.97,card
22 Jun 2026,R475582,Cereal,Breakfast,5,3.87,19.35,13.69,card
2026-06-22,R953794,Frozen Pizza,Frozen,4,8.26,NA,£18.00,--
22/06/2026,R576666,Cereal,Breakfast,13,1.95,25.35,$14.02,-
22/06/26,R854771,SODA,Beverages,7,"4,16",29.12,19.59 TRY,card
06/22/26,R684370,Milk,Dairy,8,2.65,21.2,13.53,Cash
"Jun 22, 2026",R317349,Milk,Dairy,20,6.52,130.4,73.87,CASH
N/A,R868483,Milk,Dairy,1,4.37,4.37,2.75,Cash
"Jun 22, 2026",R272234,Milk,Dairy,5,2.48 USD,12.40,9.14,card
22/06/2026,R174043,Milk,Dairy,10,5.25,52.5,28.69 TRY,Card
22/06/2026,R630008,frozen pizza,Frozen,5,9.32,46.6,27.42,Cash
06/22/26,R819563,Chips,Snacks,7,9.88,69.16,46.28 EUR,Card
22/06/26,R874531,Bread,Bakery,14,4.79,67.06,"34,38",Card
22 Jun 2026,R219781,Canned Soup,Canned Goods,7,2.76,19.32,11.65,card
06/22/2026,R271319,  Cereal  ,Breakfast,13,3.4,44.2,25.58,--
2026-06-22,R245113,Chips,Snacks,19,4.59,87.21,66.23,
"Jun 22, 2026",R162172,Chips,Snacks,11,5.63,61.93,43.53,NA
22.06.2026,R824969,canned soup,Canned Goods,18,"7,58",136.44,80.50 USD,card
06/22/26,R189446,Canned Soup,Canned Goods,19,5.89,111.9%,76.93,Cash
22/06/2026,R670079,Canned Soup,Canned Goods,11,6.76,74.36,47.38,NONE
2026-06-22,R819326,Chips,Snacks,15,3.73,55.95,"37,31",Mobile
2026/06/22,R790181,Chips,Snacks,16,3.79,60.64,42.6%,Cash
2026-06-22,R841402,Cereal,Breakfast,8,8.86 TRY,"70,88",42.02,
22.06.2026,R216683,MILK,Dairy,1,2.91,2.91,1.63,Card
22-06-2026,R888958,Milk,Dairy,12,1.47,"17,64",13.3%,
22-06-2026,R882416,Milk,Dairy,7,6.9,48.3,37.62 EUR,Mobile
"Jun 22, 2026",R444310,Chips,Snacks,10,4.89,48.9,29.6,card
NONE,R453206,Bread,Bakery,17,2.16,36.72,28.01,
22/06/2026,R800570,chips,Snacks,5,7.41,37.05,19.56,Mobile
22 Jun 2026,R778279,Cereal,Breakfast,5,6.14,30.70,21.41,Mobile
06/22/2026,R145214,Canned Soup,Canned Goods,5,5.43,27.15,14.47 EUR,Card
22-06-2026,R879549,Bread,Bakery,13,1.1%,14.17,8.97 TRY,card
22-06-2026,R708550,Soda,Beverages,16,6.9%,110.24,80.65,card
NULL,R120236,Soda,Beverages,17,2.53,43.01,26.84,CASH
N/A,R191403,  Frozen Pizza  ,Frozen,14,3.31,46.3%,36.49,CASH
23-06-2026,R357080,Chips,Snacks,11,2.62,28.82,21.82,card
23 Jun 2026,R203188,Soda,Beverages,14,8.58,120.12,94.47,NA
2026/06/23,R220192,Milk,Dairy,5,9.27,46.35,27.17,CASH
2026-06-23,R109618,Soda,Beverages,16,1.12,17.92,$10.78,NULL
2026-06-23,R935839,Chips ,Snacks,12,6.33,£75.96,58.03,
"Jun 23, 2026",R476414,Frozen Pizza,Frozen,5,5.05,25.25,16.03,Card
06/23/2026,R497539,Bread,Bakery,5,3.5%,"17,45",12.70,
06/23/2026,R568539,Cereal,Breakfast,18,6.28,113.04,57.73,Card
2026-06-23,R411407,Bread,Bakery,13,8.41,109.33,--,Cash
"Jun 23, 2026",R892030,Milk,Dairy,1,€5.68,5.68,4.26,card
06/23/26,R470631,Bread,Bakery,8,1.91,15.28,9.04,n/a
"Jun 23, 2026",R715384,Chips,Snacks,16,3.06,48.96,29.24,card
"Jun 23, 2026",R415037,Bread,Bakery,12,$3.37,40.44,20.3%,CASH
"Jun 23, 2026",R974800,Soda,Beverages,12,1.39,16.68,11.39,
06/23/26,R717278,Cereal,Breakfast,8,9.51,76.1%,56.5,Cash
23 Jun 2026,R778357,Milk,Dairy,19,3.64,69.16,47.97 EUR,CASH
2026-06-23,R596668,Bread,Bakery,19,4.59,87.21,48.67,NULL
23 Jun 2026,R336812,Soda,Beverages,5,4.12,20.6,12.6%,Cash
2026-06-23,R776984,Frozen Pizza,Frozen,8,1.31,10.48,7.34,
2026-06-23,R259235,Cereal,Breakfast,9,6.26,56.34,28.91,
"Jun 23, 2026",R831430,Bread,Bakery,11,5.04,55.44 TRY,40.97,CASH
2026/06/23,R580879,Soda,Beverages,10,5.44,54.4,38.22,Cash
06/23/26,R679087,Milk,Dairy,17,5.86,99.62,79.25,Cash
23 Jun 2026,R519889,Canned Soup,Canned Goods,18,5.63,101.34,74.98,Card
23/06/26,R984734,Chips,Snacks,12,6.07,72.84,42.57,Card
23-06-2026,R784377,Soda,Beverages,14,3.61,50.54,37.72,Card
23.06.2026,R905045,MILK,Dairy,20,4.93 TRY,98.6,50.85,NULL
23 Jun 2026,R360815,Canned Soup,Canned Goods,1,6.27,6.27,3.29,N/A
23.06.2026,R939169,Milk,Dairy,11,3.76,41.36,32.99,CASH
"Jun 23, 2026",R435496,Bread,Bakery,13,9.12,118.6%,71.68,Cash
2026-06-23,R613090,Frozen Pizza,Frozen,2,6.36,12.7%,8.68,Cash
2026/06/23,R426152,Milk,Dairy,1,1.43,1.43,1.00,
2026-06-23,R805389,Canned Soup,Canned Goods,14,4.41,61.74,40.34,card
2026-06-23,R398072,Frozen Pizza,Frozen,6,5.71,34.26,null,Mobile
23.06.2026,R322016,Milk,Dairy,5,2.63,13.15,6.98,card
2026/06/23,R652645,Chips,Snacks,2,3.01,6.02 TRY,4.11,card
2026-06-23,R103275,Chips,Snacks,13,6.97,90.61,63.97,--
NULL,R921353,Cereal,Breakfast,10,2.21,22.10,17.01,Cash
23 Jun 2026,R712375,  Soda  ,Beverages,1,2.06,2.06,1.3%,null
,R707010,Frozen Pizza,Frozen,11,9.47,104.17,57.1,CASH
23/06/2026,R718645,  Cereal  ,Breakfast,16,9.09,145.44,115.38,Mobile
06/23/2026,R224612,  Canned Soup  ,Canned Goods,3,8.24,24.72,16.02,Mobile
06/23/2026,R212738,Canned Soup,Canned Goods,12,3.68,44.16,28.39,card
23.06.2026,R424752,Bread,Bakery,13,8.75,113.75,₺85.39,Card
23/06/2026,R284554,Bread,Bakery,3,2.22,6.66 TRY,3.47,Card
23-06-2026,R842627,Frozen Pizza,Frozen,19,7.0,133.0,94.06,CASH
"Jun 23, 2026",R254710,Cereal,Breakfast,15,5.11,£76.65,42.42,Mobile
23.06.2026,R338893,Milk,Dairy,16,5.05,80.80 TRY,49.75,Mobile
"Jun 23, 2026",R731707,Canned Soup,Canned Goods,5,5.84 USD,29.20 TRY,21.35,Mobile
06/23/2026,R294687,Milk,Dairy,2,3.9,7.8,5.15 TRY,card
23.06.2026,R311295,Soda,Beverages,9,7.00,63.0%,37.09,Card
2026-06-23,R518146,Milk,Dairy,14,1.88,26.32 TRY,,
,R315327,soda,Beverages,4,6.15,24.60,"15,80",nan
23/06/26,R451903,Milk,Dairy,4,$3.13,12.52,6.3%,Cash
06/23/26,R775523,Bread,Bakery,20,9.22,184.40,141.35,card
06/23/26,R112178,Milk,Dairy,12,₺9.67,116.04,71.65 EUR,CASH
N/A,R281041,Chips,Snacks,4,£1.41,5.64,2.9,card
06/23/2026,R622696,Bread,Bakery,10,6.54,65.4,49.23,Cash
23/06/26,R884184,Milk,Dairy,12,4.85,58.2,36.66,Mobile
06/23/2026,R871173,Soda,Beverages,16,8.57,137.12,99.79,CASH
23.06.2026,R439796,Bread,Bakery,1,9.57,9.57,6.52,CASH
06/23/26,R104736,Chips,Snacks,20,8.62,172.4,97.11,Cash
23/06/2026,R231291,Chips,Snacks,18,7.34,132.12,98.82,
23/06/26,R218873,Chips,Snacks,2,5.36,"10,72",$8.05,card
23.06.2026,R785766,Frozen Pizza,Frozen,14,6.03 EUR,"84,42",64.12,Cash
23/06/26,R759747,BREAD,Bakery,7,9.91,N/A,55.43,Cash
2026/06/23,R238974,Frozen Pizza,Frozen,3,5.75,17.25,9.67,CASH
06/23/26,R249109,Frozen Pizza,Frozen,12,3.38,40.56,23.75,Cash
06/23/2026,R464676,Soda,Beverages,8,"3,34",26.72,21.03,card
2026-06-24,R941357,Milk,Dairy,8,6.0,--,37.89,Card
24/06/2026,R358052,Cereal,Breakfast,16,9.98,159.68,105.24,
06/24/26,R888176,milk,Dairy,3,1.45,4.35,3.1%,Mobile
06/24/2026,R538498,Soda,Beverages,1,8.58,8.58,4.43,CASH
06/24/26,R394701,Frozen Pizza,Frozen,9,7.33,65.97,39.10,
24/06/2026,R383497,Milk,Dairy,16,9.38,150.08,£99.73,card
24.06.2026,R515673,Chips,Snacks,16,8.31,132.96,100.84,Card
24/06/2026,R385583,Soda,Beverages,7,6.66,46.62,37.05,null
"Jun 24, 2026",R171782,Bread,Bakery,4,8.7%,"34,76",22.5%,Card
"Jun 24, 2026",R564532,Cereal,Breakfast,8,1.5%,12.24,8.43 USD,Cash
24/06/2026,R548962,Bread,Bakery,17,5.29,89.93,45.21,
"Jun 24, 2026",R197384,Frozen Pizza,Frozen,3,4.16,12.48,7.51,Card
24 Jun 2026,R827659,Milk,Dairy,13,1.79,23.27,13.08,Cash
06/24/2026,R454349,Milk,Dairy,7,7.8,54.60,35.08,Cash
"Jun 24, 2026",R507293,Bread,Bakery,5,8.4,42.0,29.81,card
24 Jun 2026,R784561,Milk,Dairy,16,3.18,50.88,"37,04",card
2026-06-24,R803049,Cereal,Breakfast,9,9.64,86.76,57.77,CASH
24.06.2026,R183861,Milk,Dairy,13,2.15,27.95,15.27,CASH
NONE,R124734,Bread,Bakery,14,3.4%,48.16,36.94,Card
24/06/2026,R166776,Soda,Beverages,18,5.7%,NA,76.45 TRY,Cash
24-06-2026,R494798,Bread,Bakery,20,"7,09",141.8,103.42,card
24-06-2026,R702251,Bread,Bakery,12,3.22,38.64,24.25,CASH
24-06-2026,R412369,Chips,Snacks,17,1.99,33.8%,18.4%,Mobile
06/24/26,R619473,Frozen Pizza,Frozen,9,"9,83",88.47,66.23,Mobile
24/06/26,R445606,CHIPS,Snacks,8,"7,77",62.16,46.17,CASH
n/a,R227813,Bread,Bakery,11,3.15,34.65,21.67 USD,NONE
24/06/2026,R720665,Canned Soup,Canned Goods,13,9.61,124.93,74.49,Cash
N/A,R210256,Chips,Snacks,18,7.63,137.3%,96.67 EUR,Mobile
06/24/26,R989928,Milk,Dairy,20,6.87,137.4,80.99,
24 Jun 2026,R425535,Canned Soup,Canned Goods,4,5.75,23.0,17.52,Card
06/24/2026,R663172,Soda,Beverages,17,7.09,120.53,67.51,CASH
2026/06/24,R396856,Milk,Dairy,18,8.43,151.74,118.79,Mobile
24/06/26,R691707,Cereal,Breakfast,1,4.53,4.53,3.45,CASH
06/24/2026,R594500,Cereal,Breakfast,11,2.44,26.84,20.38,Cash
06/24/26,R580764,Canned Soup,Canned Goods,4,6.54,26.16 EUR,18.63,card
24/06/2026,R567502,Cereal,Breakfast,3,5.52,16.56,10.56,
2026/06/24,R817532,Cereal,Breakfast,2,3.55,7.1,4.68,Mobile
24.06.2026,R315405,Canned Soup,Canned Goods,12,5.22,62.64,34.05 USD,CASH
06/24/26,R832980,Chips,Snacks,18,£7.57,136.26,102.61 TRY,CASH
2026-06-24,R240643,Cereal,Breakfast,14,3.53,49.42,30.91,
06/24/26,R575650,Milk,Dairy,19,8.09,none,101.12,-
2026-06-24,R906481,Frozen Pizza,Frozen,6,7.13,42.78,33.77,null
24-06-2026,R275164,Milk,Dairy,7,9.4,€65.80,40.13,-
24.06.2026,R523495,Chips,Snacks,7,"8,90",62.3,36.21 USD,
06/24/2026,R436202,Chips,Snacks,12,8.66,103.92,61.60,Card
24 Jun 2026,R198835,Milk,Dairy,19,8.1,153.9,107.63,Cash
2026-06-24,R324006,soda,Beverages,20,3.36,"67,20",47.1%,Mobile
06/24/26,R725010,Frozen Pizza,Frozen,2,8.26,16.52,11.04,
06/24/2026,R647259,Canned  Soup,Canned Goods,9,4.92,44.28,27.4%,Mobile
24/06/2026,R843180,Frozen Pizza,Frozen,3,9.14,27.42,17.19,Cash
24 Jun 2026,R820212,Canned Soup,Canned Goods,11,4.21,46.31,32.06,Mobile
2026/06/24,R231663,Canned Soup,Canned Goods,10,5.27,€52.70,38.56,Cash
24-06-2026,R521199,Canned Soup,Canned Goods,20,7.72,154.40,84.49,N/A
24/06/26,R755779,Cereal,Breakfast,2,7.55,15.1,9.94,Mobile
24-06-2026,R853410,Chips,Snacks,9,8.2%,73.44,44.51,
06/24/26,R289495,Milk,Dairy,16,$5.49,87.84,65.11,Mobile
2026/06/24,R329782,Chips,Snacks,15,1.61,24.15,12.52,N/A
06/24/2026,R227280,Milk,Dairy,11,7.70,84.70,55.7%,none
24/06/2026,R526900,Bread,Bakery,5,4.32,21.6,11.55,card
24/06/2026,R427127,Chips,Snacks,14,8.23,115.22,67.34,card
24/06/2026,R557849,Canned Soup,Canned Goods,4,"3,25",13.0%,7.81,Cash
06/24/26,R475759,Frozen Pizza ,Frozen,14,1.47,20.58,11.13,CASH
2026-06-24,R300896,Cereal,Breakfast,1,2.89,2.89 USD,"1,76",--
24/06/2026,R299976,Bread,Bakery,1,"9,72",9.72,6.69,
2026/06/24,R238784,Bread,Bakery,16,3.17,50.72,26.32,--
24.06.2026,R483543,Canned Soup,Canned Goods,6,"3,18",19.08,13.58,
24-06-2026,R101273,Cereal,Breakfast,6,7.33,43.98,NULL,CASH
"Jun 25, 2026",R437425,frozen pizza,Frozen,17,8.87,150.79,€100.40,CASH
2026/06/25,R318525,Chips,Snacks,15,8.53,127.95,78.19,n/a
2026-06-25,R952449,Canned Soup,Canned Goods,1,8.19,8.19,6.26,Card
"Jun 25, 2026",R448803,Canned Soup,Canned Goods,8,3.8,30.40,15.68,
25 Jun 2026,R984604,Cereal,Breakfast,7,7.86,NONE,37.63,card
06/25/26,R656256,Frozen Pizza,Frozen,5,4.42,22.1,12.46,Mobile
25-06-2026,R564547,Milk,Dairy,9,1.2,10.8,7.7%,Cash
25/06/2026,R457104,Frozen  Pizza,Frozen,13,5.40,70.2,55.99,Mobile
25-06-2026,R561371,Frozen Pizza,Frozen,9,1.22,"10,98",6.49,CASH
25/06/26,R294675,Chips,Snacks,13,9.87,128.31,null,Mobile
"Jun 25, 2026",R664758,Soda,Beverages,18,7.38,132.84 USD,94.43,Card
2026-06-25,R526389,Soda,Beverages,11,3.97,NONE,22.85,Cash
25/06/26,R606941,Bread,Bakery,7,5.76,40.32,25.92,
2026-06-25,R130041,Frozen Pizza,Frozen,7,9.88,69.16,42.3%,
06/25/2026,R156432,Bread,Bakery,1,3.07,3.07,1.89,Card
25-06-2026,R371783,cereal,Breakfast,10,3.43,"34,30",€25.66,Cash
25 Jun 2026,R557783,Chips,Snacks,7,6.22,43.54,27.23,Mobile
2026/06/25,R309400,Chips,Snacks,19,2.26,42.94,32.35,Card
"Jun 25, 2026",R601066,Frozen Pizza,Frozen,6,6.84,41.04,"27,20",Cash
NONE,R365118,Cereal,Breakfast,14,4.45,62.3,39.22,Mobile
2026-06-25,R381249,Bread,Bakery,12,£5.06,60.7%,33.32,Cash
"Jun 25, 2026",R792950,Chips,Snacks,8,3.61,28.88,16.13,Card
2026/06/25,R184313,Soda,Beverages,16,4.72,75.52,49.74,CASH
25-06-2026,R480087,Frozen Pizza,Frozen,18,2.8,₺50.40,"35,05",Mobile
25-06-2026,R813316,Milk,Dairy,18,1.86 USD,33.48,25.97,
25/06/2026,R440899,Frozen Pizza,Frozen,17,7.8%,132.94,84.16,
25.06.2026,R143248,Chips,Snacks,12,€9.02,108.24,70.19,Mobile
06/25/26,R306144,Milk,Dairy,18,2.66,47.88,£30.27,Cash
25.06.2026,R888739,Canned Soup,Canned Goods,10,8.46,84.6,45.39,Cash
2026-06-25,R803112,Bread,Bakery,17,8.72,148.24,96.2,
25/06/2026,R978715,Soda,Beverages,9,2.75,24.75,18.78,
2026-06-25,R882139,Milk,Dairy,2,7.69,15.38,10.11,CASH
2026/06/26,R714022,Milk,Dairy,13,3.09,40.17,31.82,Card
2026-06-26,R488302,Frozen Pizza,Frozen,6,9.15,54.9%,30.9,Mobile
2026/06/26,R275476,Cereal,Breakfast,16,8.15,130.4,75.0%,NULL
2026/06/26,R536676,Canned Soup,Canned Goods,7,2.1,14.7,11.4,Card
26/06/2026,R305413,Soda,Beverages,3,5.0%,n/a,11.66,NA
2026-06-26,R488915,Cereal,Breakfast,2,4.25 TRY,8.5,5.38,nan
2026/06/26,R515673,Soda,Beverages,11,9.18,₺100.98,66.24,--
26/06/2026,R593036,chips,Snacks,14,₺7.52,105.28,63.65,Card
2026/06/26,R814631,Bread,Bakery,18,5.86 EUR,105.48,74.18,CASH
2026/06/26,R303499,Cereal,Breakfast,2,9.09,18.18,13.26,Card
26-06-2026,R174352,Milk,Dairy,4,5.28,21.12,14.85,CASH
NONE,R216182,Soda,Beverages,3,"5,75",17.25,10.34 EUR,Card
06/26/26,R989208,Frozen Pizza,Frozen,1,2.76,2.76,2.01,card
26.06.2026,R948651,  Bread  ,Bakery,8,7.73,61.84,$39.77,Mobile
"Jun 26, 2026",R882826,Soda,Beverages,12,7.65,"91,80",62.43,Cash
n/a,R682423,Canned  Soup,Canned Goods,8,4.6,36.8,20.03,card
26 Jun 2026,R490047,Cereal,Breakfast,18,1.48,26.6%,"15,35",
26/06/26,R856366,Frozen Pizza,Frozen,2,"3,54",7.08,3.56,null
26-06-2026,R356729,Frozen Pizza,Frozen,4,2.94,11.76,8.18,card
26-06-2026,R191593,  Cereal  ,Breakfast,18,4.03,72.54,37.50,
2026-06-26,R854421,Bread,Bakery,5,1.39,6.95,4.57,CASH
2026/06/26,R467379,Chips,Snacks,10,6.85,68.5,41.6,Cash
06/26/2026,R818517,milk,Dairy,15,8.76 TRY,131.4,66.54,Card
26/06/2026,R652048,FROZEN PIZZA,Frozen,10,6.46,64.6,47.72,
06/26/2026,R551649,Cereal,Breakfast,13,9.0,117.0,"79,19",--
06/26/26,R950431,Chips,Snacks,11,7.42,81.62,51.41,Mobile
2026-06-26,R497557,Canned Soup,Canned Goods,2,4.84,9.68,7.45,
2026/06/26,R522514,Canned Soup,Canned Goods,13,7.38,nan,₺65.74,card
26-06-2026,R947133,Bread,Bakery,1,6.95,7.0%,5.4%,none
26.06.2026,R921442,Cereal,Breakfast,15,3.19,47.85,28.48,Cash
06/26/26,R661824,SODA,Beverages,15,1.9,28.5,18.69,CASH
06/26/2026,R727809,Canned Soup,Canned Goods,6,7.06,42.36,22.81,--
27.06.2026,R601108,Soda,Beverages,13,1.78,23.14,13.38,CASH
27/06/2026,R225662,Cereal,Breakfast,14,7.26,101.64,₺69.18,n/a
27 Jun 2026,R806277,Bread,Bakery,3,4.85,14.55,10.03,Cash
"Jun 27, 2026",R814564,Chips,Snacks,16,"1,06",16.96,11.26,null
2026-06-27,R492853,Soda,Beverages,14,1.59,22.26,-,
2026-06-27,R363978,Canned Soup,Canned Goods,11,5.5%,60.94,41.89,Card
27 Jun 2026,R383617,Milk,Dairy,15,2.68,40.20,31.8,CASH
2026-06-27,R798882,Canned Soup,Canned Goods,19,8.78,166.82,90.02,NONE
2026/06/27,R108054,Chips,Snacks,3,2.26,6.78,4.65,Cash
"Jun 27, 2026",R844246,Bread,Bakery,10,$3.96,39.6,21.19,Mobile
2026/06/27,R231225,Chips,Snacks,4,2.76,11.04,8.8,Cash
27.06.2026,R438750,Chips,Snacks,9,6.83,$61.47,35.34,Mobile
2026-06-27,R539795,Frozen Pizza,Frozen,7,1.80,12.6,7.86,Cash
27/06/2026,R110733,Frozen Pizza,Frozen,20,7.08,141.6%,"80,48",Card
27/06/2026,R537733,Bread,Bakery,1,2.65,2.65,1.98,Cash
27/06/26,R115313,Milk,Dairy,16,1.13,18.08,12.88,N/A
27-06-2026,R520524,Bread,Bakery,19,2.3%,44.08,27.9%,NA
2026-06-27,R120670,Cereal,Breakfast,18,1.04,18.72,12.19,Cash
2026-06-27,R613305,Milk,Dairy,5,2.57,12.85 USD,9.71,Mobile
null,R382442,Soda,Beverages,15,4.09,61.35,36.13,N/A
27.06.2026,R986015,Milk,Dairy,11,8.75,96.25,67.45,Mobile
27-06-2026,R400725,Bread,Bakery,1,9.52,9.52,7.35,CASH
27.06.2026,R489629,Frozen Pizza,Frozen,5,£4.30,21.5,17.16,card
27/06/26,R362128,Bread,Bakery,9,5.04,N/A,27.64,
27/06/26,R797741,Soda ,Beverages,2,6.13,12.26,8.6,Cash
none,R119536,Soda,Beverages,19,9.33,177.27,129.97,Mobile
27.06.2026,R927181,Bread,Bakery,2,8.99,17.98,14.0,card
2026-06-27,R396494,Cereal,Breakfast,19,5.12,97.28,68.57,Mobile
06/27/26,R462164,Canned Soup,Canned Goods,19,2.76,52.44,33.39,Cash
"Jun 27, 2026",R517204,Milk,Dairy,1,7.16,7.16,4.46,CASH
"Jun 27, 2026",R639172,Canned Soup,Canned Goods,3,4.44,13.32,10.05,Card
27-06-2026,R164646,Bread,Bakery,3,2.12,6.36,4.64,card
06/27/26,R340159,Milk,Dairy,1,2.74,2.74,2.18,card
2026/06/27,R835993,Soda,Beverages,8,1.79,"14,32",7.65 TRY,Mobile
27/06/2026,R721136,Cereal,Breakfast,10,8.07,80.7,NA,card
27/06/26,R249877,Cereal,Breakfast,13,3.99,51.87,27.16,Cash
27 Jun 2026,R963178,bread,Bakery,16,8.19,131.04,93.75,card
06/27/26,R858832,Chips,Snacks,5,5.9,29.5,21.67 TRY,
"Jun 27, 2026",R529951,Frozen Pizza,Frozen,17,2.49,42.33,26.21,Card
27 Jun 2026,R277663,Soda,Beverages,5,1.22 USD,6.10,4.47,
27/06/26,R995182,Chips,Snacks,20,3.87,77.40 TRY,57.64,
none,R638442,Frozen Pizza,Frozen,19,1.39,26.41,"14,14",N/A
2026-06-27,R272652,Milk,Dairy,10,8.59,85.9,43.42,NONE
27.06.2026,R288621,Canned Soup,Canned Goods,15,2.5,37.5,28.6%,NULL
27/06/26,R152013,Frozen Pizza,Frozen,17,7.64,129.88,"92,73",
27/06/2026,R582870,Bread,Bakery,15,€2.06,30.9,24.0%,Cash
2026-06-27,R673469,Frozen Pizza,Frozen,16,6.43,NULL,64.44,Card
27-06-2026,R401605,Cereal,Breakfast,5,6.58,32.9,21.36,Cash
27/06/2026,R547832,Bread,Bakery,9,3.32,29.9%,17.86,card
27-06-2026,R771045,Frozen Pizza,Frozen,13,4.79,62.27,"48,78",Card
27 Jun 2026,R405128,Milk,Dairy,3,5.18,15.54,11.54,Mobile
2026-06-27,R306113,Milk,Dairy,16,"4,93",78.88,"48,63",CASH
27 Jun 2026,R883863,Canned Soup,Canned Goods,16,8.15,130.4,73.77,n/a
27/06/2026,R981090,  Bread  ,Bakery,15,4.68,70.2,43.75,
27.06.2026,R595916,Cereal,Breakfast,11,9.13,€100.43,"65,93",card
2026/06/27,R582829,Milk ,Dairy,16,7.23,115.68,none,Card
06/27/2026,R633602,Cereal,Breakfast,18,6.96 EUR,₺125.28,69.61,CASH
null,R471992,Canned Soup,Canned Goods,14,2.69,37.66 EUR,22.1,card
"Jun 27, 2026",R133494,Cereal,Breakfast,14,7.02,98.28,51.24,Cash
27 Jun 2026,R360782,Milk,Dairy,12,5.84,70.08,48.88,-
06/27/2026,R709715,milk,Dairy,12,3.93,47.16,23.89,Cash
NULL,R993112,Milk,Dairy,2,9.7,19.4,N/A,Cash
06/27/26,R491453,Frozen Pizza,Frozen,17,4.47,76.0%,54.29,Cash
27/06/26,R804538,Bread,Bakery,12,2.03,24.36,18.2%,card
27.06.2026,R939947,Canned  Soup,Canned Goods,6,€3.43,20.58,12.91,CASH
28 Jun 2026,R108891,Soda,Beverages,1,2.9,2.90,1.56,card
--,R165104,Canned Soup,Canned Goods,16,3.22,51.52,"38,38",CASH
06/28/2026,R757684,Canned Soup ,Canned Goods,5,5.88,29.4,15.12,Cash
28 Jun 2026,R537162,Chips,Snacks,3,4.73,14.19,7.2%,Card
"Jun 28, 2026",R930063,Canned  Soup,Canned Goods,14,2.4%,33.18,17.59,CASH
06/28/2026,R211095,Bread,Bakery,18,7.57,136.26,93.99,Card
28.06.2026,R815624,Chips,Snacks,15,4.87,73.05,57.48 USD,Mobile
06/28/2026,R222540,Cereal,Breakfast,2,4.99,9.98,7.72,Card
06/28/26,R687842,Cereal,Breakfast,12,7.94,95.28,52.26,Mobile
28-06-2026,R806310,Bread,Bakery,11,3.31,36.41,null,Mobile
06/28/2026,R351947,Cereal,Breakfast,18,8.98,n/a,112.59,Mobile
2026/06/28,R133786,Canned Soup,Canned Goods,8,6.95,€55.60,--,CASH
28-06-2026,R293390,Milk,Dairy,12,2.72,32.6%,25.24,card
28/06/26,R611497,Milk,Dairy,20,9.98,199.6,132.55,N/A
28/06/2026,R377644,Milk ,Dairy,10,2.30,23.0,11.57,Card
2026/06/28,R891951,Soda,Beverages,10,9.08,90.80 EUR,70.87,Cash
2026/06/28,R917030,Milk,Dairy,4,4.87,19.48,15.37,CASH
-,R231463,Canned Soup,Canned Goods,9,3.73,33.57,€25.48,
28-06-2026,R953023,Soda,Beverages,20,2.37,47.4,34.86,
2026/06/28,R164979,Cereal,Breakfast,9,4.6%,41.0%,23.01,
--,R189033,Frozen Pizza,Frozen,8,7.5,60.0,33.29,CASH
06/28/2026,R136312,Canned Soup,Canned Goods,6,1.59,9.54,4.85 EUR,nan
"Jun 28, 2026",R648868,Soda,Beverages,17,2.78,47.26,-,card
"Jun 28, 2026",R176474,Bread,Bakery,16,2.55,40.80 TRY,22.36,CASH
28/06/2026,R854860,Cereal,Breakfast,11,4.43,48.73,37.14,N/A
28/06/26,R191941,Chips,Snacks,16,2.99,47.84,34.65,
2026-06-28,R546317,Frozen Pizza,Frozen,17,2.81,47.77,32.40 TRY,Card
28-06-2026,R120810,Bread,Bakery,2,3.59,7.18,£4.04,CASH
2026-06-28,R302011,Bread ,Bakery,15,8.42,126.3,72.72,card
28/06/26,R389790,Bread,Bakery,9,9.6,86.4,67.12,Cash
28/06/26,R801755,Canned Soup,Canned Goods,15,"2,19",32.85,19.26,Card
28.06.2026,R683139,Cereal ,Breakfast,11,9.39,103.3%,67.54,Mobile
28/06/26,R610013,Milk,Dairy,4,1.43,5.72,₺4.01,
28/06/2026,R716616,Frozen Pizza,Frozen,4,9.55,38.2,21.02,NA
28/06/26,R622092,Chips,Snacks,7,7.83,54.81,41.52,card
"Jun 28, 2026",R768729,Soda,Beverages,4,1.35,5.4,n/a,Card
none,R170139,Soda,Beverages,17,5.38,91.5%,68.16 TRY,card
06/28/26,R923804,Chips,Snacks,12,3.82,45.84,35.57,card
06/28/26,R103851,Bread,Bakery,10,4.99,49.90,32.95,Card
2026/06/28,R336924,Milk,Dairy,11,1.86,20.46,11.82,
2026-06-28,R477022,CHIPS,Snacks,3,8.74,26.22,19.66,Cash
28.06.2026,R843042,Bread,Bakery,5,8.64,43.2,€27.32,Card
06/28/2026,R489971,Canned Soup,Canned Goods,3,1.22,3.66,2.53,Mobile
28-06-2026,R846645,Canned Soup,Canned Goods,9,3.46,31.14,16.7%,n/a
28.06.2026,R145385,Soda,Beverages,8,5.23,41.84,29.67,Card
"Jun 28, 2026",R434988,Chips,Snacks,2,4.76,9.52,N/A,Cash
29/06/26,R291035,Canned Soup,Canned Goods,16,8.79,140.64,78.7,card
--,R301559,Cereal,Breakfast,2,1.92,3.84,2.64,card
29.06.2026,R121087,Milk,Dairy,18,2.71,48.78,24.61,Cash
06/29/26,R681872,Canned Soup,Canned Goods,5,4.69 TRY,23.45,nan,Card
29.06.2026,R853761,Chips,Snacks,7,6.24,43.68,"24,28",
29/06/26,R248312,Soda,Beverages,9,4.32,38.88,22.3,Card
29-06-2026,R370193,Bread,Bakery,15,9.04,135.6,74.16,CASH
06/29/26,R888480,Bread,Bakery,7,6.78,"47,46",30.44,CASH
06/29/2026,R935651,Soda,Beverages,10,1.78,17.8,11.42,NULL
2026/06/29,R408785,Bread,Bakery,5,2.68,none,6.77,Card
29.06.2026,R718901,Chips,Snacks,20,₺1.75,35.0,22.15,Card
29/06/26,R871318,Frozen Pizza,Frozen,13,1.93,25.09,17.24,card
06/29/26,R244946,Cereal,Breakfast,12,8.8%,105.72 EUR,72.92,Mobile
2026/06/29,R991183,Frozen  Pizza,Frozen,4,"8,86",35.44,22.25,Card
29-06-2026,R317135,Bread,Bakery,7,£9.19,64.33,34.61,Card
29-06-2026,R565349,Canned Soup,Canned Goods,15,6.96,104.4,77.55,Cash
06/29/2026,R954646,Milk,Dairy,17,5.32,90.44,55.45,card
29/06/26,R364259,Chips,Snacks,4,"8,15",32.6,17.9,
29-06-2026,R697252,Chips,Snacks,20,9.38,187.6,111.67,Card
29 Jun 2026,R589342,bread,Bakery,7,7.0%,49.21,37.6,Mobile
2026-06-29,R852262,Canned Soup,Canned Goods,10,3.04,30.4,23.59,Card
06/29/26,R739546,Milk,Dairy,1,6.94,NA,4.74,N/A
2026-06-29,R784085,Soda ,Beverages,6,8.48,50.88 TRY,34.05,Mobile
29 Jun 2026,R945849,Soda,Beverages,18,1.87 USD,33.66,24.52,Mobile
29-06-2026,R510575,Chips,Snacks,13,6.01,78.13,42.45,NA
29.06.2026,R509475,canned soup,Canned Goods,12,3.03,36.4%,$20.07,Mobile
29-06-2026,R705103,Cereal,Breakfast,3,8.13,24.4%,none,Mobile
2026-06-29,R407784,Frozen Pizza,Frozen,12,8.58,102.96,71.52,
06/29/26,R338140,Frozen Pizza,Frozen,20,6.43,128.6,83.2%,
29/06/2026,R850761,Canned Soup,Canned Goods,1,8.12,8.12,5.04,Card
29-06-2026,R539785,Milk,Dairy,12,6.00 EUR,72.0,36.93,N/A
29/06/2026,R511903,Bread,Bakery,17,€7.93,134.81,105.8,Cash
2026/06/29,R277024,Canned Soup,Canned Goods,1,6.82,6.82,3.76,n/a
2026/06/29,R426766,Milk,Dairy,19,5.7,108.3,68.87,
29/06/2026,R654862,Soda,Beverages,11,4.27,46.97,26.13,Card
29.06.2026,R410853,Bread,Bakery,3,3.77,11.31,8.52,Cash
2026-06-29,R683743,Milk,Dairy,18,6.44,115.92,88.88,CASH
2026/06/29,R530134,Milk,Dairy,11,9.81 TRY,107.91,71.33,CASH
2026/06/29,R132694,Chips,Snacks,8,"5,63",$45.04,31.96,card
29 Jun 2026,R873618,  Milk  ,Dairy,19,4.16,79.04,39.63,Cash
06/29/2026,R891546,Cereal,Breakfast,17,3.76,63.92,43.44,card
2026-06-29,R948335,Bread,Bakery,9,"1,01",9.09,5.63,Cash
06/29/2026,R908972,Frozen Pizza,Frozen,2,3.39,$6.78,5.27,--
29/06/2026,R832775,Chips,Snacks,2,8.88,NA,9.66,
2026/06/29,R858531,Canned Soup,Canned Goods,3,6.85,20.55,"15,03",Mobile
2026/06/29,R963554,Chips,Snacks,19,3.27,62.13,48.22,CASH
06/29/26,R253171,Cereal,Breakfast,13,1.39,18.07,13.12,NONE
06/29/26,R624730,Frozen Pizza,Frozen,10,1.56,15.6%,10.39,card
2026-06-29,R694110,Cereal,Breakfast,14,1.6%,21.70,16.43,
29.06.2026,R772714,Frozen Pizza,Frozen,16,8.7%,n/a,87.05,NA
2026-06-29,R350469,Canned Soup ,Canned Goods,7,9.15,64.05,32.95,card
29/06/2026,R276571,Chips,Snacks,6,7.68,46.08,34.12,CASH
29.06.2026,R641846,  Frozen Pizza  ,Frozen,16,9.07 TRY,145.1%,-,CASH
06/29/26,R708173,Frozen Pizza,Frozen,16,5.24,83.84,46.78,card
06/29/2026,R210004,Chips,Snacks,11,1.66,18.26,£12.31,Card
29/06/2026,R454820,Bread,Bakery,3,"2,41",7.23,5.16,
"Jun 29, 2026",R932176,Cereal,Breakfast,16,8.1%,129.44,70.66,card
06/30/2026,R302688,Bread,Bakery,18,7.04,126.72,80.93,null
06/30/2026,R426308,Bread,Bakery,7,3.04,21.28 EUR,15.16,Cash
30/06/2026,R637308,Milk,Dairy,7,9.47,66.29,48.62,Card
NONE,R980763,Frozen Pizza,Frozen,1,9.16,9.16,4.66,Card
"Jun 30, 2026",R405438,Canned Soup,Canned Goods,10,7.99,79.9,£40.09,CASH
06/30/2026,R767087,Frozen Pizza ,Frozen,13,5.25,68.25,null,card
-,R967795,Frozen Pizza,Frozen,11,8.96,98.56,73.8,
30/06/2026,R251720,Canned Soup,Canned Goods,5,5.64,28.2,16.04,Card
30.06.2026,R880137,Milk,Dairy,17,1.46,24.82,17.88,card
"Jun 30, 2026",R139605,Cereal,Breakfast,9,9.84,88.56,55.21,Cash
2026-06-30,R376248,Canned Soup,Canned Goods,14,4.0,56.0,38.56,NONE
"Jun 30, 2026",R795019,Cereal,Breakfast,13,2.88,37.44,25.27,
06/30/26,R245932,Bread,Bakery,13,7.3%,94.64,70.27,Cash
2026-06-30,R666762,Bread,Bakery,2,1.29,2.6%,1.51,n/a
30/06/2026,R846997,Soda,Beverages,11,9.54,104.94,55.35,Card
30.06.2026,R706128,Canned Soup,Canned Goods,18,5.37,96.66,57.10,Cash
2026-06-30,R277804,Cereal,Breakfast,9,4.22,37.98,23.76,-
2026-06-30,R792906,Cereal,Breakfast,18,8.52,153.36 USD,119.32,card
30 Jun 2026,R698304,Milk,Dairy,4,8.48,33.92,NONE,Cash
2026/06/30,R151542,milk,Dairy,11,"2,73",30.03,17.06,
30/06/26,R365859,Bread ,Bakery,14,4.24,59.36,39.31,
2026-06-30,R852241,Canned Soup,Canned Goods,9,5.15,46.35,27.12,n/a
2026/06/30,R244503,Bread,Bakery,13,3.75,48.75,35.31,CASH
30 Jun 2026,R514498,MILK,Dairy,6,9.7,NONE,42.55,Cash
30.06.2026,R991402,Soda,Beverages,2,6.03,£12.06,6.1%,Cash
30.06.2026,R421940,Bread,Bakery,9,7.37,66.33,NULL,
06/30/26,R535843,Cereal,Breakfast,14,9.64,134.96,70.8,Card
none,R847107,Bread,Bakery,16,2.8,44.8,33.36,Card
,R566390,Frozen Pizza,Frozen,5,5.82,29.10 EUR,16.54,Card
06/30/26,R445453,Canned Soup,Canned Goods,1,2.95,₺2.95,2.0%,card
30 Jun 2026,R478264,Chips,Snacks,5,2.46,12.3,7.87,CASH
30/06/26,R400886,Cereal,Breakfast,20,1.13 USD,22.6,"11,42",CASH
30/06/2026,R901342,Cereal,Breakfast,19,"5,96",113.24 TRY,82.7%,
06/30/26,R437117,Milk ,Dairy,16,6.41,102.56,63.29,null
2026-06-30,R326932,Milk,Dairy,15,5.11,76.65,"59,39",card
30/06/2026,R471218,Frozen Pizza,Frozen,10,8.0,80.0,40.9%,CASH
30/06/26,R671098,Cereal,Breakfast,4,4.16,16.64,8.74,CASH
30/06/2026,R935822,Bread,Bakery,6,₺3.11,18.66,13.66,Cash
30 Jun 2026,R197697,Canned Soup,Canned Goods,11,"3,86",42.46,"31,05",Card
30-06-2026,R513111,Cereal,Breakfast,1,1.5,NA,0.81,Cash
2026/06/30,R954420,Cereal,Breakfast,7,9.08,63.56,50.57,card
"Jun 30, 2026",R103120,Milk,Dairy,12,6.27,75.24,44.85,Mobile
NA,R675344,Milk,Dairy,12,8.93,107.16,71.93,Mobile
2026-06-30,R795806,Chips,Snacks,5,3.13,15.65,8.59,card
30/06/26,R487970,Soda,Beverages,13,4.14,53.82,31.61,card
06/30/26,R253967,Cereal,Breakfast,4,4.09,16.36,10.96,--
2026-06-30,R698479,Canned Soup,Canned Goods,19,5.64,107.16,£83.11,card
2026-06-30,R841296,Chips,Snacks,15,9.67,145.05,77.11,null
2026-06-30,R348797,  Chips  ,Snacks,9,2.4,21.6,12.72,card
2026-06-30,R134782,Cereal,Breakfast,16,₺5.23,83.68,43.59,none
30.06.2026,R394152,Soda,Beverages,14,7.09,99.26,51.4,CASH
"Jun 30, 2026",R979440,Canned Soup,Canned Goods,19,3.34,63.46,45.28,Cash
2026/06/30,R700732,Canned Soup,Canned Goods,20,8.88,177.6,139.58,Mobile
30/06/26,R373079,Canned Soup,Canned Goods,10,€4.64,46.40,24.45,Cash
2026-06-30,R163032,Chips ,Snacks,19,4.84,"91,96",51.04,none
2026-06-30,R509463,Milk,Dairy,2,3.56,7.12,3.67,Mobile
06/30/26,R399969,Soda,Beverages,3,7.87,23.61,14.43,Mobile
30.06.2026,R384550,Soda,Beverages,1,8.19,"8,19",5.53,--
30/06/2026,R405863,Canned Soup,Canned Goods,19,2.23,--,32.00,
30/06/2026,R277818,Milk,Dairy,3,8.2%,24.45,17.33,Mobile
06/30/26,R730668,Frozen Pizza,Frozen,5,5.0,25.0,13.49,Card
30/06/2026,R154712,Canned Soup,Canned Goods,7,9.08,63.56,46.07,
2026-06-30,R602038,Milk,Dairy,18,7.18,129.24,90.13,N/A
2026/06/30,R785952,Frozen Pizza,Frozen,1,3.37,3.37,2.02,Mobile
30 Jun 2026,R164365,  Canned Soup  ,Canned Goods,19,1.04,19.76,10.37,N/A
06/30/2026,R757262,CEREAL,Breakfast,17,4.65,79.05,60.54,Cash
30.06.2026,R170490,Milk,Dairy,18,6.88,£123.84,98.95,none
30.06.2026,R260474,Canned Soup,Canned Goods,15,4.02,60.3,33.4%,Mobile
"Jun 30, 2026",R510565,Bread,Bakery,20,2.4%,48.0,29.64,Card
"Jun 30, 2026",R294070,CHIPS,Snacks,8,1.9,15.2,7.92,
30.06.2026,R493740,SODA,Beverages,13,6.41,83.33,45.25,CASH
none,R908592,Frozen Pizza,Frozen,4,2.19,8.76,6.6,Mobile
"Apr 01, 2026",R663815,Cereal,Breakfast,16,3.79,60.64,41.55 EUR,card
10 Feb 2026,R693320,Canned Soup,Canned Goods,10,4.36,43.6,31.9%,Card
2026/02/22,R653302,Milk,Dairy,6,6.69,40.14,€20.60,card
05.05.2026,R302724,Cereal,Breakfast,5,8.48,42.4,$28.22,Mobile
"Jun 13, 2026",R712838,Frozen Pizza,Frozen,10,5.09,50.9%,30.23 TRY,Cash
"Apr 01, 2026",R263846,Chips,Snacks,17,5.84,99.28,66.26,card
"Jan 24, 2026",R742216,SODA,Beverages,1,2.74,2.74,2.18,
20-01-2026,R173455,Milk,Dairy,11,5.88,64.68 USD,33.14,Cash
24.01.2026,R965653,Canned  Soup,Canned Goods,17,6.56,111.52,79.36,CASH
03/02/2026,R491193,Cereal,Breakfast,8,2.51,20.08,15.92,NULL
2026-02-23,R291432,Soda,Beverages,18,6.26,112.68 USD,80.01,
2026/03/04,R785913,Cereal,Breakfast,6,6.29,37.74 USD,21.81,Card
23 Jun 2026,R519889,Canned Soup,Canned Goods,18,5.63,101.34,74.98,Card
05/26/2026,R462769,Cereal,Breakfast,5,2.96,14.80 EUR,7.78,Cash
01/03/26,R446469,Cereal,Breakfast,12,2.1,25.2,19.22,Card
,,,,,,SUBTOTAL,,
,,,,,,,,
End of Daily Sales Report,,,,,,,,
Date,Receipt,Product Name,Category,Qty,Price,Total Amount,Cost,Payment
