WHOLESALE SALES REPORT,,,,,,,,,,
Period: Jan-Jun 2026,,,,,,,,,,
,,,,,,,,,,
Date,Invoice #,Customer Name,Product,Qty,Unit Price,Amount,Cost,,Notes,Amount
,,,,,,Subtotal:,,,,
"Jan 01, 2026",INV-717889,BigBuy Distribution,Premium Widget,72,82.5,5 940.00,NULL,,nan,5 940.00
01 Jan 2026,INV-182627,MegaMart Corp ,Budget Widget,50,215.48,"10,774.00",7380.9%,,VIP,"10,774.00"
2026/01/01,INV-270555,BigBuy Distribution,Gadget Lite,170,193.19,"32.842,30",26780.49,,rush order,"32.842,30"
2026-01-01,INV-340174,BigBuy Distribution,Budget  Widget,63,207.65,"13.081,95",10 144.46,,,"13.081,95"
01/02/26,INV-549245,Small Dealer Co,Budget Widget,78,38.53,"3,005.34 EUR",2489.28,,n/a,"3,005.34 EUR"
02/01/26,INV-112038,Small Dealer Co,Gadget Lite,102,81.41,8303.82,"₺7,053.14",,--,8303.82
01/02/2026,INV-665579,BigBuy Distribution,Premium Widget,174,115.25,20053.5,"$13,503.53",,,20053.5
"Jan 03, 2026",INV-676510,BigBuy Distribution,Premium Widget,135,25.45,3435.75,"2,859.49",,,3435.75
03-01-2026,INV-167136,  BigBuy Distribution  ,Standard Widget,145,264.28,38320.6,27046.08,,,38320.6
01/03/26,INV-704201,MegaMart  Corp,Budget Widget,160,175.1,28016.0,20931.03,,NULL,28016.0
03-01-2026,INV-662336,Superstore Inc,Gadget Pro,131,246.1,32239.1,20878.12,,VIP,32239.1
"Jan 03, 2026",INV-604740,SuperStore Inc,Gadget Pro ,118,71.38,8422.84,6027.86,,,8422.84
2026-01-03,INV-152578,Small Dealer Co,Standard Widget,25,66.1,1652.5,992.39 USD,,,1652.5
03 Jan 2026,INV-789305,  Small Dealer Co  ,GADGET LITE,138,277.43,"38,285.34",28054.79,,,"38,285.34"
03/01/26,INV-378082,Bigbuy Distribution,Gadget  Lite,76,77.19,NA,4570.24,,VIP,NA
03/01/2026,INV-878480,BigBuy Distribution ,Standard Widget,27,266.2,7187.4,4976.42,,rush order,7187.4
2026-01-03,INV-103717,SuperStore Inc,Gadget Lite,79,98.89,7812.31,5098.76,,,7812.31
2026-01-03,INV-475190,SuperStore Inc,Budget Widget,173,294.34,50920.82,"$32,609.46",,,50920.82
2026/01/04,INV-920391,MegaMart Corp,Standard Widget,100,238.43,"23.843,00",19575.91,,,"23.843,00"
04.01.2026,INV-468203,SuperStore Inc,Gadget Pro,78,64.58,"5,037.24 EUR","3.905,47",,VIP,"5,037.24 EUR"
01/04/26,INV-299312,Small Dealer Co,gadget lite,183,294.72,"53,933.76",39 590.29,,VIP,"53,933.76"
04/01/2026,INV-854717,MegaMart Corp,Budget Widget,191,142.1,27141.1,19812.46,,,27141.1
04-01-2026,INV-550770,BIGBUY DISTRIBUTION,Budget  Widget,180,134.35,24183.0,16942.61,,,24183.0
04-01-2026,INV-805477,BigBuy Distribution,Gadget Lite,129,143.7,18537.3,14253.46,,,18537.3
2026-01-05,INV-887443,SuperStore Inc,Standard Widget,47,26.84,1 261.48,834.1,,,1 261.48
05/01/26,INV-567574,Small Dealer Co,PREMIUM WIDGET,66,69.25,4570.5,"₺3,836.90",,--,4570.5
05/01/26,INV-184491,Small Dealer Co,Standard Widget,125,92.57,11571.25,7657.97,,,11571.25
2026/01/05,INV-413118,Superstore Inc,Standard Widget,69,127.25,8780.25,"5.603,57",,,8780.25
-,INV-720644,Small Dealer Co,GADGET PRO,147,229.3,"33,707.10 USD",24 826.39,,NA,"33,707.10 USD"
n/a,INV-154615,MegaMart Corp,Gadget Lite,31,199.97,"6,199.07 EUR",3 929.74,,,"6,199.07 EUR"
2026/01/05,INV-275939,SuperStore Inc,Budget Widget,176,39.21,6900.96,5792.12,,,6900.96
01/06/26,INV-944657,megamart corp,Gadget Lite,51,290.12,14796.12,"9.277,53",,rush order,14796.12
06/01/26,INV-782054,MegaMart  Corp,Premium Widget,98,169.17,16578.66,12688.98,,,16578.66
06-01-2026,INV-472060,Small Dealer Co ,Budget Widget,129,141.96,"18,312.84 USD",14334.5,,,"18,312.84 USD"
2026-01-06,INV-197573,BigBuy Distribution,Budget Widget,81,266.49,"21.585,69",16735.3,,,"21.585,69"
2026/01/06,INV-225362,SuperStore Inc,Budget Widget,113,213.7,24148.1,16337.4%,,VIP,24148.1
01/06/2026,INV-387636,SuperStore Inc,Gadget Lite,59,80.59,4754.81,"3,428.45",,,4754.81
"Jan 06, 2026",INV-219629,MegaMart Corp,Premium Widget,151,101.8,15371.8,12851.17,,rush order,15371.8
06 Jan 2026,INV-572398,SMALL DEALER CO,Premium Widget,135,40.74,5499.9,"4.165,41",,,5499.9
06/01/2026,INV-264136,BigBuy Distribution,Gadget Pro,160,297.21,47553.6,32162.64,,,47553.6
06/01/26,INV-335729,small dealer co,Premium Widget,125,213.02,26627.5,"19.104,65",,,26627.5
"Jan 06, 2026",INV-184349,BigBuy Distribution,Standard Widget,46,39.99,1839.54,"1,180.03",,none,1839.54
01/06/2026,INV-593355,MEGAMART CORP,Gadget Lite,120,225.67,27080.4,20335.44,,,27080.4
07/01/26,INV-138479,BigBuy Distribution,Gadget Pro,56,299.14,16 751.84,"11,876.57",,,16 751.84
07-01-2026,INV-380028,MegaMart Corp,Gadget Pro,90,90.67,8160.3,"5,132.67 EUR",,,8160.3
01/07/2026,INV-622584,SuperStore  Inc,Gadget Lite,83,142.67,"£11,841.61",9172.07,,,"£11,841.61"
07/01/26,INV-380150,  BigBuy Distribution  ,BUDGET WIDGET,116,253.72,29431.52,24871.43,,,29431.52
07 Jan 2026,INV-145767,BigBuy Distribution,Premium Widget,195,103.6,"20,202.00 EUR",15 085.53,,,"20,202.00 EUR"
"Jan 07, 2026",INV-116093,Small Dealer Co,Budget Widget,190,275.76,52394.4,36430.23,,,52394.4
"Jan 07, 2026",INV-667296,Small Dealer Co,  Standard Widget  ,177,291.59,51611.43,31932.36,,,51611.43
,INV-407618,MegaMart Corp,Premium Widget,70,196.73,"13,771.10",11433.21,,,"13,771.10"
07.01.2026,INV-581894,BigBuy Distribution,Budget Widget,120,60.76,"7,291.20",5342.93,,,"7,291.20"
07 Jan 2026,INV-699704,Megamart Corp,Budget Widget,129,272.34,35131.86,27 030.55,,,35131.86
2026/01/07,INV-329642,BigBuy Distribution,  Budget Widget  ,189,102.66,19402.74,16385.34,,,19402.74
2026/01/08,INV-883790,BigBuy Distribution,Gadget Lite,183,231.56,42375.48,33555.77,,VIP,42375.48
"Jan 08, 2026",INV-178957,SuperStore Inc,Gadget Pro,61,57.0,3477.0,2555.08,,,3477.0
2026/01/08,INV-213609,SuperStore Inc,Standard Widget,183,222.78,40 768.74,"34,449.00",,,40 768.74
,INV-419149,Small Dealer Co,Standard Widget,16,193.47,3095.52,2587.21,,,3095.52
01/08/26,INV-527940,MegaMart Corp,Gadget Pro,34,85.74,2915.16,2140.85,,VIP,2915.16
"Jan 08, 2026",INV-196126,MegaMart Corp,Budget Widget,186,123.75,23017.5%,16361.89,,VIP,23017.5%
01/09/2026,INV-236306,  MegaMart Corp  ,Gadget Lite ,22,240.3,5286.6,"3.493,87",,,5286.6
2026/01/09,INV-638169,bigbuy distribution,Gadget Lite,54,50.78,2742.1%,"2,239.25",,,2742.1%
"Jan 09, 2026",INV-177060,MegaMart Corp ,Gadget Lite,125,161.07,20133.75,16838.94,,VIP,20133.75
09-01-2026,INV-550961,BigBuy Distribution,Premium Widget,165,61.53,10152.45,"6,411.76",,N/A,10152.45
09/01/26,INV-162894,SuperStore Inc,Gadget Pro,115,114.9,"13,213.50","₺9,426.18",,,"13,213.50"
"Jan 09, 2026",INV-335137,BigBuy Distribution,Gadget Lite,181,54.22,9813.82,6755.83,,NA,9813.82
10.01.2026,INV-456331,BigBuy Distribution,Budget Widget,39,233.53,9107.67,nan,,,9107.67
01/10/26,INV-725185,MegaMart Corp,Budget  Widget,56,263.56,14759.36,"10.945,25",,,14759.36
10.01.2026,INV-147623,MegaMart Corp,Premium  Widget,49,64.07,"3,139.43 EUR","2,368.57",,,"3,139.43 EUR"
10/01/26,INV-685864,Small Dealer Co,Standard Widget,163,35.34,5760.42,"3,750.64",,-,5760.42
01/11/26,INV-582446,Small Dealer Co,Premium Widget,199,31.84,6336.16,3831.38,,,6336.16
11-01-2026,INV-913934,MegaMart Corp,Budget Widget,121,256.46,"31,031.66",20506.62,,VIP,"31,031.66"
2026/01/11,INV-258290,BigBuy Distribution,BUDGET WIDGET,196,288.3,"$56,506.80","43,022.06 EUR",,,"$56,506.80"
01/11/26,INV-681242,MegaMart Corp,Gadget Pro,130,143.82,"18,696.60 EUR",12633.4%,,N/A,"18,696.60 EUR"
01/11/2026,INV-481574,Small Dealer Co,Premium Widget,156,202.51,31591.6%,--,,--,31591.6%
01/11/26,INV-795847,BigBuy Distribution,Budget Widget,109,134.46,14656.14,"10,033.47",,,14656.14
11 Jan 2026,INV-633188,BigBuy Distribution,Standard Widget,89,290.96,25895.44,20 059.13,,nan,25895.44
01/11/26,INV-237414,MegaMart Corp,Budget Widget,102,106.48,"€10,860.96","9,099.23",,,"€10,860.96"
12-01-2026,INV-424500,SuperStore Inc,Gadget Pro,51,70.64,3602.64,2785.6%,,,3602.64
2026-01-12,INV-772324,SuperStore Inc,Gadget Pro,104,209.93,21832.72,16213.08,,,21832.72
12 Jan 2026,INV-626392,BigBuy Distribution,Gadget Pro,151,281.6,42521.6,"₺33,075.44",,,42521.6
2026-01-12,INV-183074,SuperStore Inc,Budget Widget,108,298.47,32234.76,22362.16,,,32234.76
"Jan 12, 2026",INV-725726,BigBuy Distribution,Premium Widget,65,253.79,"16,496.35","12,161.13",,VIP,"16,496.35"
12/01/26,INV-681070,Megamart Corp,gadget lite,171,164.31,28 097.01,"18,557.64",,n/a,28 097.01
01/12/2026,INV-970720,Small Dealer Co,Premium Widget,130,32.19,"4,184.70","2,915.57",,,"4,184.70"
2026-01-12,INV-889882,Small Dealer Co,Gadget Pro,171,71.04,"12.147,84","7.698,25",,-,"12.147,84"
12/01/26,INV-379676,BigBuy Distribution,Standard Widget ,101,261.4,26 401.40,16156.36,,,26 401.40
2026-01-12,INV-178686,small dealer co,Premium Widget,30,140.57,"4,217.10",3 579.37,,,"4,217.10"
"Jan 12, 2026",INV-488984,BigBuy Distribution,  Gadget Pro  ,141,244.31,34447.71,"$26,519.66",,,34447.71
01/12/26,INV-399449,Small Dealer Co,Budget Widget,29,180.7,"5,240.30","₺3,837.81",,,"5,240.30"
01/13/2026,INV-932250,MegaMart Corp,Standard Widget,44,258.79,11386.8%,8118.88,,,11386.8%
13 Jan 2026,INV-963333,Superstore Inc,  Budget Widget  ,41,295.84,12129.44,"$9,679.49",,--,12129.44
13-01-2026,INV-462831,MegaMart Corp,Gadget Lite,42,292.27,"€12,275.34",9336.44,,,"€12,275.34"
2026-01-13,INV-185168,BigBuy Distribution,gadget lite,30,90.17,2705.1,"€2,052.53",,,2705.1
2026-01-13,INV-265759,BigBuy Distribution,Premium  Widget,176,79.03,13909.28,10335.07,,rush order,13909.28
"Jan 13, 2026",INV-228473,Small Dealer Co ,Gadget Pro,133,150.04,19955.32,13670.35,,VIP,19955.32
13.01.2026,INV-621530,Small Dealer Co,Budget Widget,73,59.45,"£4,339.85",2658.81,,,"£4,339.85"
13 Jan 2026,INV-153642,megamart corp,premium widget,110,161.52,"17,767.20 EUR",14954.15,,,"17,767.20 EUR"
13/01/26,INV-520884,SuperStore Inc,Gadget Lite,102,174.9,"17,839.80","11,031.83",,,"17,839.80"
13/01/26,INV-658198,MegaMart Corp,Gadget Lite,21,30.9,£648.90,505.1,,,£648.90
01/14/26,INV-603787,BigBuy Distribution,Gadget Lite,131,248.41,32541.71,--,,,32541.71
14/01/26,INV-317413,Small Dealer Co,Standard Widget,47,250.07,"11,753.29 EUR",7 763.63,,,"11,753.29 EUR"
14-01-2026,INV-392559,BigBuy Distribution,Gadget Lite,179,153.94,27555.26,19129.03,,,27555.26
14/01/26,INV-498138,BigBuy Distribution,Gadget Lite,67,283.62,19002.54,"16,067.88 EUR",,VIP,19002.54
01/14/26,INV-876880,BigBuy Distribution,Gadget Pro,47,101.33,"4,762.51",3199.97,,rush order,"4,762.51"
"Jan 14, 2026",INV-600641,SUPERSTORE INC,Gadget Lite,72,34.21,"2,463.12 USD",2035.27,,,"2,463.12 USD"
01/14/2026,INV-885386,BigBuy Distribution,Standard Widget,92,99.92,9192.64,5651.55,,,9192.64
01/14/2026,INV-114768,MegaMart Corp,Budget Widget,12,103.55,"1,242.60 USD",932.81,,,"1,242.60 USD"
14-01-2026,INV-107161,BigBuy Distribution,Budget Widget,155,208.83,32 368.65,20984.28,,,32 368.65
14/01/26,INV-837733,Small Dealer Co,Budget Widget,70,145.09,10156.3,6771.7%,,,10156.3
15/01/26,INV-837952,BIGBUY DISTRIBUTION,Premium Widget,104,192.1,19978.4,"13,081.50 TRY",,VIP,19978.4
"Jan 15, 2026",INV-947975,MegaMart Corp,  Budget Widget  ,154,51.42,7918.7%,6391.91,,VIP,7918.7%
15/01/2026,INV-595002,Small Dealer Co,Premium Widget,43,163.71,7039.53,NONE,,N/A,7039.53
2026/01/15,INV-224395,BigBuy Distribution,Premium Widget,114,70.39,8024.46,5 086.36,,N/A,8024.46
15/01/2026,INV-133782,Small Dealer Co,Standard Widget,145,55.66,8070.7,6 817.17,,,8070.7
15.01.2026,INV-345536,  MegaMart Corp  ,Gadget Pro,71,77.7,5516.7,3449.17,,,5516.7
2026-01-15,INV-461145,BigBuy Distribution,Gadget Lite,157,187.42,"29.424,94","22,602.27",,,"29.424,94"
16-01-2026,INV-367382,BigBuy Distribution,Gadget Lite,188,136.57,"25.675,16","₺16,362.89",,n/a,"25.675,16"
16-01-2026,INV-449138,BigBuy Distribution,Standard Widget,175,42.14,7374.5,5 253.94,,NULL,7374.5
2026/01/16,INV-637727,MegaMart Corp ,Budget Widget,64,282.4,"18.073,60","15.191,21",,,"18.073,60"
16-01-2026,INV-445888,Small Dealer Co,Gadget Pro,35,244.79,n/a,"6.687,94",,,n/a
"Jan 16, 2026",INV-292988,Small Dealer Co,Standard Widget,155,253.34,"39,267.70 TRY",28462.23,,,"39,267.70 TRY"
01/16/26,INV-606676,MegaMart Corp,Gadget Lite,144,29.47,4243.68,"3.444,49",,,4243.68
16/01/26,INV-364679,MegaMart  Corp,gadget pro,11,169.02,1 859.22,1306.72,,,1 859.22
2026-01-16,INV-767678,BigBuy Distribution,Budget  Widget,111,42.13,"4,676.43",3927.38,,,"4,676.43"
16/01/2026,INV-817675,SuperStore Inc,Premium Widget,31,159.96,4958.76,3513.17,,,4958.76
17/01/26,INV-447843,MegaMart Corp,Gadget Lite,55,280.05,15402.75,10452.63,,,15402.75
17/01/26,INV-493663,SuperStore Inc,Gadget Pro,186,222.77,"41,435.22",30 048.75,,,"41,435.22"
2026-01-17,INV-423241,SuperStore Inc,GADGET PRO,184,184.05,33865.2,"₺23,536.93",,,33865.2
-,INV-506637,BigBuy Distribution,Gadget Pro,79,48.62,3840.98,"2,388.41",,,3840.98
"Jan 17, 2026",INV-722651,superstore inc,Premium Widget,156,165.91,"25,881.96","19,963.51",,,"25,881.96"
01/17/26,INV-829066,SuperStore Inc,Gadget Lite,127,49.95,6343.65,4289.35,,,6343.65
01/17/26,INV-309505,Small Dealer Co,Standard Widget,90,69.74,6276.6,4390.86,,,6276.6
18.01.2026,INV-353777,SuperStore Inc,Gadget Lite,184,234.93,"43,227.12",26227.15,,,"43,227.12"
18/01/26,INV-722665,SuperStore Inc,Budget Widget,193,138.48,26726.64,18554.91,,,26726.64
18/01/26,INV-708717,MegaMart Corp,Premium  Widget,73,204.13,14901.49,none,,NULL,14901.49
"Jan 18, 2026",INV-922366,SuperStore Inc,Gadget Lite,124,124.75,15469.0,"11,072.18",,,15469.0
01/18/2026,INV-447067,Small Dealer Co,Standard Widget,99,153.33,"15,179.67",10770.6%,,NULL,"15,179.67"
18/01/26,INV-296041,Small  Dealer  Co,Gadget Lite,128,84.92,"10.869,76",7 622.55,,VIP,"10.869,76"
18.01.2026,INV-744333,BigBuy Distribution,Budget Widget,60,148.11,8886.6,5914.82,,,8886.6
"Jan 18, 2026",INV-402865,MegaMart Corp,Gadget  Lite,182,57.51,10 466.82,"₺6,588.50",,,10 466.82
"Jan 18, 2026",INV-612438,SuperStore Inc,Standard Widget,90,255.76,"23.018,40",17375.5,,,"23.018,40"
2026/01/18,INV-668373,megamart corp,standard widget,154,28.64,"4,410.56 TRY",3485.51,,rush order,"4,410.56 TRY"
01/18/26,INV-822608,Small Dealer Co,Premium Widget,149,81.19,12097.31,8544.2%,,,12097.31
18/01/26,INV-812296,Small Dealer Co,Budget Widget,52,192.52,10011.04,7970.91,,rush order,10011.04
19 Jan 2026,INV-573947,Small Dealer Co ,STANDARD WIDGET,25,297.9,7447.5,6082.83,,rush order,7447.5
19/01/26,INV-517035,MegaMart Corp,Premium Widget,113,164.37,18573.81,12436.21,,,18573.81
01/19/2026,INV-562721,  Small Dealer Co  ,Standard Widget,64,158.52,10145.28,nan,,,10145.28
19.01.2026,INV-861253,MegaMart  Corp,Gadget Pro,119,76.65,9121.35,7043.03,,,9121.35
20 Jan 2026,INV-193670,  MegaMart Corp  ,Gadget  Pro,190,46.65,8863.5,5791.01,,,8863.5
20-01-2026,INV-758589,MegaMart Corp,Premium Widget,90,122.92,11062.8,7465.33,,,11062.8
01/20/26,INV-856211,Small Dealer Co,Standard Widget,167,212.24,35444.08,28 886.59,,,35444.08
20-01-2026,INV-623850,BigBuy Distribution,  Gadget Lite  ,186,27.51,5116.86,4153.7,,,5116.86
2026-01-20,INV-927630,MegaMart Corp,Gadget Lite,145,268.84,38 981.80,N/A,,rush order,38 981.80
20 Jan 2026,INV-714923,BigBuy Distribution,Gadget Pro,170,219.54,37321.8,29550.56,,,37321.8
21.01.2026,INV-275073,Small Dealer Co,  Budget Widget  ,196,286.96,56244.16,--,,NONE,56244.16
21.01.2026,INV-910894,SuperStore Inc,Budget Widget,78,225.22,"17,567.16","11,058.78",,,"17,567.16"
21 Jan 2026,INV-855276,MegaMart Corp,Premium Widget,68,227.42,15 464.56,nan,,,15 464.56
21/01/26,INV-578933,BigBuy Distribution,BUDGET WIDGET,29,180.03,5220.87,3288.37,,rush order,5220.87
2026-01-22,INV-344315,SuperStore Inc,Budget Widget,84,177.87,14941.08,"10.099,83",,,14941.08
22-01-2026,INV-986575,BigBuy Distribution,Gadget  Lite,172,255.08,"43,873.76","35.945,76",,rush order,"43,873.76"
22.01.2026,INV-992247,Small Dealer Co,Gadget Lite,189,270.76,51173.64,36569.43,,,51173.64
23.01.2026,INV-993892,BigBuy Distribution,Gadget Pro ,91,146.77,13356.07,"₺8,793.67",,,13356.07
-,INV-996114,MegaMart Corp,Premium Widget,50,246.13,12306.5%,none,,,12306.5%
23/01/2026,INV-122859,SuperStore Inc,Gadget Pro ,34,149.37,5078.58,4 067.81,,rush order,5078.58
nan,INV-547389,SuperStore Inc,Premium Widget,175,144.16,25228.0,15949.09,,,25228.0
23 Jan 2026,INV-309146,BigBuy Distribution,  Standard Widget  ,64,274.33,17557.12,"11,741.24",,rush order,17557.12
none,INV-161437,Superstore Inc,Gadget Lite,171,298.34,"51,016.14 EUR",37543.5,,,"51,016.14 EUR"
01/23/2026,INV-284654,BigBuy  Distribution,  Gadget Pro  ,159,299.89,47682.51,40219.96,,,47682.51
2026-01-23,INV-194641,BigBuy  Distribution,Standard Widget,198,215.34,42637.32,"35.324,81",,rush order,42637.32
24 Jan 2026,INV-714483,SuperStore Inc,STANDARD WIDGET,15,167.41,"£2,511.15","€1,507.12",,,"£2,511.15"
01/24/26,INV-954017,BigBuy Distribution,Premium Widget,87,110.33,9598.71,8101.0%,,,9598.71
24/01/2026,INV-620287,Small Dealer Co,Standard Widget,88,225.52,19845.76,13368.69,,,19845.76
25/01/2026,INV-855408,MegaMart Corp,Budget Widget,70,117.11,8197.7,NULL,,VIP,8197.7
2026/01/25,INV-373812,Megamart Corp,Premium Widget,108,142.7,15 411.60,"10,863.84 TRY",,,15 411.60
2026/01/25,INV-315535,MegaMart Corp,Premium Widget,97,67.63,6560.11,"4,551.83 TRY",,,6560.11
2026-01-25,INV-317005,Small Dealer Co,Standard Widget,188,175.15,N/A,"27,376.29 USD",,,N/A
"Jan 25, 2026",INV-376195,BigBuy Distribution,Standard Widget,30,152.6,4578.0,2 879.00,,,4578.0
26-01-2026,INV-599397,megamart corp,Budget Widget,48,230.63,"11.070,24",8489.4,,,"11.070,24"
26-01-2026,INV-232315,MegaMart Corp,Budget Widget,111,272.78,30278.58,23574.19,,,30278.58
2026-01-26,INV-924758,Small Dealer Co,Premium Widget,30,296.72,8901.6,"6,309.88",,none,8901.6
26.01.2026,INV-501650,Small Dealer Co,Gadget Lite,38,136.04,5169.52,3293.24,,,5169.52
none,INV-426053,Small Dealer Co,Gadget Pro,19,68.22,1 296.18,908.29,,,1 296.18
2026/01/26,INV-960899,small dealer co,Budget Widget,188,211.76,39810.9%,33 565.51,,,39810.9%
"Jan 27, 2026",INV-629663,SuperStore Inc ,Gadget Lite,26,107.11,2784.86,"2.023,75",,,2784.86
01/27/26,INV-917711,MegaMart Corp,Gadget Pro ,184,28.56,5255.0%,"3,642.36",,,5255.0%
01/27/26,INV-944193,SuperStore Inc,Standard Widget,175,83.03,14530.25,9469.11,,,14530.25
01/28/26,INV-396408,small dealer co,Budget Widget,106,258.44,27394.64,"19,580.31",,NONE,27394.64
01/28/2026,INV-856320,MegaMart Corp,Budget Widget,133,37.87,"5,036.71","4.266,55",,,"5,036.71"
2026/01/28,INV-631958,Small Dealer Co,Premium  Widget,85,92.64,7874.4,5548.63,,,7874.4
28-01-2026,INV-880360,SUPERSTORE INC,Budget Widget,178,265.42,47244.76,30486.29,,VIP,47244.76
28 Jan 2026,INV-655575,Small Dealer Co,Budget Widget,94,124.07,11662.58,8704.86,,VIP,11662.58
01/28/2026,INV-428638,Small Dealer Co,Budget Widget,23,263.84,6068.32,3869.73,,VIP,6068.32
NULL,INV-866151,MegaMart Corp ,Premium Widget ,125,96.59,12073.75,9 541.86,,,12073.75
"Jan 29, 2026",INV-863187,BigBuy Distribution,Premium  Widget,145,73.36,10637.2,"8,182.00",,rush order,10637.2
01/29/2026,INV-229144,BigBuy Distribution,Gadget Lite,121,268.63,"32.504,23",27 591.80,,,"32.504,23"
"Jan 29, 2026",INV-835962,MegaMart Corp,Budget Widget,106,265.43,28135.58,18680.54,,VIP,28135.58
01/29/26,INV-309452,SuperStore Inc,  Standard Widget  ,187,212.01,"₺39,645.87",23879.74,,VIP,"₺39,645.87"
29/01/2026,INV-917392,Superstore Inc,Budget Widget,101,216.96,21912.96,"14.765,78",,,21912.96
29/01/2026,INV-199613,MegaMart Corp,Gadget Lite,195,222.6,43407.0,none,,,43407.0
29.01.2026,INV-976303,MegaMart Corp,Premium Widget,45,205.74,9258.3,5949.64,,,9258.3
29 Jan 2026,INV-917012,Small  Dealer  Co,Gadget Pro,117,201.68,23596.56,18859.02,,,23596.56
01/30/26,INV-858931,MegaMart Corp,Gadget Lite,185,266.39,49 282.15,"38,529.75",,nan,49 282.15
null,INV-630126,SuperStore Inc,Gadget Lite,181,264.48,"47.870,88",34 934.97,,,"47.870,88"
30/01/2026,INV-621533,small dealer co,GADGET PRO,52,40.96,2129.92,"1.539,74",,,2129.92
2026-01-30,INV-956255,MegaMart Corp,Premium Widget,113,135.45,15305.85,11315.35,,,15305.85
30/01/2026,INV-148001,Small Dealer Co,Standard Widget,94,176.84,16622.96,"12.549,33",,none,16622.96
"Jan 30, 2026",INV-579605,Small Dealer Co,STANDARD WIDGET,45,250.11,11 254.95,"8.842,20",,VIP,11 254.95
01/30/26,INV-735605,SuperStore Inc,Gadget Lite,137,21.21,2905.77,2278.28,,,2905.77
30/01/26,INV-763311,Small Dealer Co,budget widget,117,294.26,34428.42,"€28,540.39",,none,34428.42
01/31/26,INV-698357,SuperStore Inc,Standard  Widget,169,220.03,37185.07,28693.96,,,37185.07
--,INV-207458,BIGBUY DISTRIBUTION,Gadget Pro,118,246.33,"£29,066.94",21238.7,,NULL,"£29,066.94"
2026-01-31,INV-113595,SuperStore Inc,Gadget Lite,200,201.19,40238.0,28054.81,,,40238.0
31/01/2026,INV-296059,SuperStore Inc,Budget  Widget,168,263.28,44231.04,36053.22,,rush order,44231.04
01/31/26,INV-676884,MEGAMART CORP,Standard Widget,106,31.38,3326.3%,"$2,227.87",,rush order,3326.3%
01/31/26,INV-656268,MegaMart Corp,Budget Widget,191,109.0,20 819.00,"13.636,25",,,20 819.00
01.02.2026,INV-125905,MegaMart Corp,Gadget Lite,39,207.3,8084.7,5751.59,,,8084.7
01-02-2026,INV-663876,BigBuy  Distribution,  Gadget Lite  ,141,244.79,"34,515.39",24553.88,,,"34,515.39"
01 Feb 2026,INV-431773,MegaMart Corp,Gadget Pro,185,63.05,"11,664.25",8337.68,,,"11,664.25"
01.02.2026,INV-902448,Small Dealer Co,Premium  Widget,182,53.13,9669.66,5816.06,,rush order,9669.66
2026-02-01,INV-680412,SMALL DEALER CO,Gadget Pro,111,250.19,27771.09,16876.62,,,27771.09
02/01/2026,INV-331512,SuperStore Inc,Gadget Lite,41,31.7,"1.299,70",965.91,,nan,"1.299,70"
02/01/26,INV-610856,BigBuy Distribution,Gadget Lite ,59,52.09,3073.31,2359.52,,rush order,3073.31
02/01/2026,INV-105066,BigBuy Distribution,Budget Widget,42,207.96,"8,734.32 EUR",5752.71,,,"8,734.32 EUR"
02/01/2026,INV-664781,superstore inc,Budget  Widget,66,219.42,"14,481.72 EUR","11,009.14",,rush order,"14,481.72 EUR"
01/02/26,INV-595036,BigBuy Distribution,Standard Widget,197,268.17,52829.49,32707.56,,,52829.49
02/02/2026,INV-567896,Small Dealer Co,  Budget Widget  ,67,269.6,18063.2,13500.44,,,18063.2
"Feb 02, 2026",INV-148693,SuperStore Inc,Standard Widget,154,285.64,43988.6%,NULL,,,43988.6%
02-02-2026,INV-641455,BigBuy Distribution,Premium Widget,36,217.05,"₺7,813.80",5706.76,,rush order,"₺7,813.80"
2026/02/02,INV-855242,BigBuy Distribution,Gadget Pro,98,156.32,"€15,319.36","11,038.02",,,"€15,319.36"
02/02/26,INV-690982,Small Dealer Co ,Premium Widget,182,154.07,"€28,040.74",18301.52,,null,"€28,040.74"
03 Feb 2026,INV-238635,MegaMart Corp,Budget Widget ,65,145.78,"€9,475.70",8037.23,,VIP,"€9,475.70"
02/03/26,INV-665482,MegaMart Corp,Premium Widget,61,166.36,10147.96,8395.76,,,10147.96
03.02.2026,INV-600318,Small Dealer Co,Premium Widget,143,137.79,19703.97,16 131.76,,VIP,19703.97
04 Feb 2026,INV-783226,BigBuy  Distribution,Premium Widget,163,265.49,"43,274.87",30385.96,,,"43,274.87"
04 Feb 2026,INV-871523,BigBuy Distribution,Gadget  Lite,76,259.39,"19.713,64","13,915.67 USD",,,"19.713,64"
02/04/2026,INV-594580,MEGAMART CORP,Standard Widget,68,145.05,9863.4,7642.44,,,9863.4
04-02-2026,INV-991884,Small Dealer Co,Gadget Lite,32,37.94,1214.08,795.76,,,1214.08
04 Feb 2026,INV-714549,BigBuy Distribution,GADGET LITE,59,29.41,1735.19,1301.18,,,1735.19
02/04/26,INV-104877,MegaMart Corp,Standard Widget,198,217.01,42967.98,35654.59,,,42967.98
2026/02/05,INV-913274,Small Dealer Co,Standard Widget,139,49.81,6923.59,4279.45,,,6923.59
none,INV-360316,Small Dealer Co,Gadget Pro,160,261.37,41819.2,30130.42,,n/a,41819.2
05-02-2026,INV-976960,MEGAMART CORP,Budget Widget,112,208.64,"23,367.68","18.817,26",,,"23,367.68"
05/02/26,INV-393880,BigBuy  Distribution,Gadget Lite,49,238.1,11666.9,7349.79,,rush order,11666.9
05 Feb 2026,INV-709231,SuperStore Inc,Gadget Pro,157,55.91,8777.9%,"₺6,420.43",,,8777.9%
02/05/2026,INV-699166,BigBuy Distribution,Premium Widget,102,191.58,19541.16,"₺12,993.41",,,19541.16
2026/02/05,INV-923481,SuperStore Inc,Standard Widget,35,221.83,"₺7,764.05",6219.17,,nan,"₺7,764.05"
N/A,INV-468145,BIGBUY DISTRIBUTION,Budget Widget ,153,260.38,"39,838.14",24378.0%,,,"39,838.14"
2026/02/06,INV-542306,SuperStore Inc ,gadget lite,157,181.25,28456.25,"21,691.71 USD",,,28456.25
06 Feb 2026,INV-275445,Small Dealer Co,Gadget Lite,28,42.15,1180.2,809.51,,NONE,1180.2
06/02/2026,INV-208976,MegaMart Corp,Standard Widget,42,223.78,"₺9,398.76","7,194.80",,-,"₺9,398.76"
06/02/26,INV-385647,SuperStore Inc,budget widget,31,203.35,NONE,5177.78,,,NONE
06/02/2026,INV-563324,  Small Dealer Co  ,Gadget Lite,44,291.47,12824.68,9931.51,,,12824.68
06.02.2026,INV-726003,BigBuy Distribution ,Budget Widget,115,92.75,"10,666.25",7209.25,,,"10,666.25"
06/02/26,INV-948097,MegaMart Corp,Standard Widget,150,124.62,18 693.00,13139.94,,rush order,18 693.00
06-02-2026,INV-194578,Small  Dealer  Co,Budget Widget,58,258.97,N/A,"$9,697.11",,,N/A
06.02.2026,INV-956949,MegaMart Corp,Standard Widget,136,80.81,10990.16,"$7,748.73",,,10990.16
02/07/2026,INV-759726,MegaMart Corp,Premium Widget,192,89.71,"17,224.32 TRY",13655.55,,rush order,"17,224.32 TRY"
2026-02-07,INV-144033,MegaMart Corp,Premium  Widget,74,154.74,"11,450.76",7 725.87,,,"11,450.76"
2026/02/07,INV-685472,SMALL DEALER CO,Gadget Lite,186,186.94,34770.84,24090.96,,,34770.84
02/07/26,INV-681456,Small Dealer Co,Budget Widget,197,74.03,"14,583.91 TRY","11,263.34 USD",,rush order,"14,583.91 TRY"
07/02/2026,INV-790266,megamart corp,Standard Widget,145,63.41,9194.45,6196.31,,,9194.45
07-02-2026,INV-203550,Small Dealer Co,Gadget Lite,58,166.74,9670.9%,"7,005.49",,,9670.9%
07 Feb 2026,INV-961957,Small Dealer Co,PREMIUM WIDGET,178,157.17,27976.26,"21.149,85",,,27976.26
07/02/26,INV-535352,megamart corp,BUDGET WIDGET,167,94.43,15769.81,"9.622,16",,,15769.81
2026/02/07,INV-985893,BigBuy Distribution,PREMIUM WIDGET,182,148.44,27016.08,20702.71,,,27016.08
02/08/26,INV-117094,Small Dealer Co,Gadget Pro,195,110.57,21561.15,14234.25,,,21561.15
"Feb 08, 2026",INV-472932,superstore inc,Gadget Lite ,87,21.84,1900.08,1607.66,,,1900.08
02/08/26,INV-959324,SuperStore Inc ,Standard Widget,77,122.78,9454.06,7048.37,,,9454.06
08 Feb 2026,INV-156757,BigBuy Distribution,Premium Widget,19,224.62,4 267.78,"3,175.53",,,4 267.78
08 Feb 2026,INV-255202,MegaMart Corp,Budget Widget,91,171.18,15577.38,9928.94,,,15577.38
08-02-2026,INV-688426,BigBuy Distribution,Standard Widget,31,153.24,4750.44,3735.41,,,4750.44
02/08/26,INV-961493,SuperStore Inc,Gadget Lite,72,40.06,2 884.32,2290.7%,,,2 884.32
08/02/2026,INV-419939,superstore inc,Gadget  Pro,122,32.57,3973.54,3196.88,,,3973.54
null,INV-163029,  MegaMart Corp  ,Gadget Pro,94,78.52,7380.88,5421.27,,-,7380.88
09 Feb 2026,INV-633243,SuperStore Inc,Budget Widget,188,193.03,36289.64,22255.4,,,36289.64
2026-02-09,INV-463625,  BigBuy Distribution  ,Premium Widget,134,262.7,35201.8,25799.05,,,35201.8
09 Feb 2026,INV-788842,BigBuy Distribution,Budget Widget,170,104.65,17790.5,n/a,,,17790.5
02/09/2026,INV-709254,MegaMart Corp,Standard Widget,196,127.02,"24.895,92",20916.34,,--,"24.895,92"
09 Feb 2026,INV-531228,SuperStore Inc,Gadget Lite ,45,106.52,"£4,793.40","3,721.04",,,"£4,793.40"
"Feb 09, 2026",INV-240600,Small Dealer Co,Budget Widget ,200,281.46,"€56,292.00","46,358.29",,,"€56,292.00"
09/02/2026,INV-285679,Small Dealer Co,Gadget Lite,192,201.88,"38.760,96",25039.35,,,"38.760,96"
2026-02-09,INV-645940,Small Dealer Co,Gadget Pro,186,110.97,20640.42,14745.23,,NA,20640.42
09.02.2026,INV-583757,Small Dealer Co,Premium Widget,126,251.56,31696.56,none,,,31696.56
2026/02/10,INV-572788,BigBuy Distribution,Gadget Pro,166,277.33,46036.78,"35,562.87",,,46036.78
10/02/2026,INV-649262,Superstore Inc,premium widget,126,185.29,23346.54,18167.31,,,23346.54
10/02/2026,INV-237962,superstore inc,Gadget Pro,106,174.1,18454.6,"€11,275.33",,rush order,18454.6
02/10/26,INV-729252,MegaMart Corp,Standard Widget,169,234.31,39598.39,23879.89,,,39598.39
02/10/2026,INV-269172,SuperStore Inc,PREMIUM WIDGET,150,97.87,14680.5%,11115.47,,,14680.5%
11.02.2026,INV-445200,SuperStore Inc ,gadget lite,126,229.81,28956.06,19981.05,,,28956.06
2026/02/11,INV-372273,  Small Dealer Co  ,Gadget Lite,144,78.76,11341.44,7397.6,,,11341.44
11/02/2026,INV-873291,BigBuy Distribution,Gadget Lite,43,192.0,8256.0,5978.16,,,8256.0
2026/02/11,INV-515287,Small Dealer Co,Standard  Widget,115,32.74,"3,765.10","2,588.18",,VIP,"3,765.10"
11 Feb 2026,INV-878656,MegaMart Corp,Gadget Lite,54,74.32,4013.28,3244.56,,,4013.28
11 Feb 2026,INV-296481,BigBuy Distribution,Premium  Widget,154,222.99,34340.5%,"£23,312.90",,,34340.5%
"Feb 11, 2026",INV-624344,Megamart Corp,GADGET LITE,88,217.47,"19,137.36",NULL,,,"19,137.36"
02/12/26,INV-191305,BigBuy Distribution,Standard Widget ,133,225.08,"€29,935.64",21880.17,,rush order,"€29,935.64"
02/12/2026,INV-386929,Small Dealer Co,Budget Widget ,21,48.87,"1.026,27","812,34",,VIP,"1.026,27"
2026-02-12,INV-593602,MegaMart Corp,Premium Widget,169,176.7,"29,862.30",18681.67,,,"29,862.30"
"Feb 12, 2026",INV-695370,  MegaMart Corp  ,Premium Widget,108,35.06,3786.48,2675.59,,NULL,3786.48
2026/02/12,INV-927094,MegaMart Corp,Standard Widget,188,151.12,"28.410,56",20282.19,,,"28.410,56"
13/02/2026,INV-930924,Small Dealer Co,Gadget Pro,17,38.3,651.1%,409.04,,,651.1%
13/02/2026,INV-875282,SMALL DEALER CO,Budget Widget,112,185.35,20759.2%,13 693.68,,,20759.2%
2026-02-13,INV-194930,Small Dealer Co,Gadget Lite,39,185.81,7 246.59,"5,186.58",,,7 246.59
13 Feb 2026,INV-852658,SUPERSTORE INC,Standard Widget,158,272.91,"43,119.78","32,729.34 USD",,rush order,"43,119.78"
13 Feb 2026,INV-525756,MegaMart Corp,budget widget,159,22.27,3540.93,-,,,3540.93
2026-02-13,INV-250990,  Small Dealer Co  ,Gadget Pro,149,79.14,11791.86,7586.32,,,11791.86
13-02-2026,INV-294816,Small Dealer Co,Gadget Pro,44,43.71,1923.24,1462.74,,,1923.24
13/02/26,INV-887042,MegaMart Corp,  Gadget Pro  ,157,159.48,25038.36,19598.23,,VIP,25038.36
"Feb 14, 2026",INV-701846,MegaMart Corp,Gadget Pro,143,269.18,38492.74,"23,946.78",,,38492.74
02/14/26,INV-128624,Small Dealer Co,Budget Widget,100,288.96,28896.0,"23,103.96",,rush order,28896.0
02/14/2026,INV-373943,Small Dealer Co,  Budget Widget  ,31,55.51,"1,720.81","1,065.55",,,"1,720.81"
02/14/2026,INV-321099,Small Dealer Co,STANDARD WIDGET,56,243.82,13653.92,11134.82,,,13653.92
14/02/26,INV-555851,BIGBUY DISTRIBUTION,Gadget Lite,23,199.83,"4,596.09 TRY",3625.72,,,"4,596.09 TRY"
14/02/2026,INV-367747,BigBuy Distribution,Premium Widget,124,126.96,15743.0%,10688.3,,rush order,15743.0%
14/02/26,INV-208954,Small Dealer Co,Gadget Lite,128,236.48,30269.4%,,,,30269.4%
02/15/2026,INV-494220,SuperStore Inc,  Budget Widget  ,195,99.32,19367.4,12555.3,,VIP,19367.4
15/02/2026,INV-390756,SuperStore Inc,Gadget Lite,38,214.78,8161.64,5413.89,,rush order,8161.64
15/02/2026,INV-563031,Small Dealer Co,Premium Widget,109,113.14,"12.332,26",7584.52,,,"12.332,26"
"Feb 15, 2026",INV-601365,Megamart Corp,Budget Widget,18,40.42,727.56,540.46,,,727.56
2026/02/15,INV-184365,Small Dealer Co,Gadget  Pro,196,238.66,46777.36,37250.9%,,VIP,46777.36
02/15/2026,INV-137432,BigBuy Distribution,Gadget Pro,175,76.87,13 452.25,9936.09,,,13 452.25
15/02/26,INV-580636,MegaMart Corp,Standard Widget,194,298.99,58004.06,"38,260.71 USD",,,58004.06
02/15/26,INV-167064,SUPERSTORE INC,Gadget Lite,199,182.22,none,"$30,140.93",,,none
15-02-2026,INV-901351,MEGAMART CORP,Premium Widget,137,186.59,25562.83,19272.0,,NA,25562.83
--,INV-184643,SuperStore Inc,premium widget,95,37.7,3581.5,2394.14,,,3581.5
02/16/26,INV-825272,SuperStore  Inc,Premium Widget,32,217.89,6972.48,5218.43,,,6972.48
16/02/26,INV-632195,SuperStore Inc,Premium Widget,193,159.97,30874.21,25859.45,,,30874.21
02/16/26,INV-944264,Small Dealer Co ,Standard Widget ,170,204.61,nan,"€23,274.00",,,nan
17/02/2026,INV-441974,MegaMart Corp,Premium Widget,199,34.69,"6.903,31",5069.38,,,"6.903,31"
17-02-2026,INV-762722,MegaMart Corp,Standard Widget,70,226.57,15859.9,12 965.02,,,15859.9
17/02/26,INV-996536,BigBuy Distribution,Budget Widget,61,114.05,6957.05,"£4,230.05",,,6957.05
02/17/26,INV-256206,MegaMart Corp,Standard Widget,115,259.95,29894.25,21 592.72,,,29894.25
02/17/2026,INV-475815,MegaMart Corp,Gadget Lite,116,294.45,34 156.20,"20,835.78",,,34 156.20
2026/02/17,INV-757258,SuperStore Inc,Budget Widget,175,299.71,52449.25,31678.43,,,52449.25
2026/02/17,INV-871501,MegaMart Corp,Gadget Pro,170,39.8,6766.0,5570.84,,VIP,6766.0
02/17/26,INV-836984,BigBuy Distribution,Premium Widget,23,51.07,"1,174.61",812.12,,VIP,"1,174.61"
2026/02/17,INV-938759,SuperStore Inc,Standard Widget,92,118.76,"10,925.92 EUR",7285.83,,rush order,"10,925.92 EUR"
"Feb 17, 2026",INV-463541,SuperStore Inc,premium widget,127,44.45,"₺5,645.15","3.938,46",,nan,"₺5,645.15"
"Feb 18, 2026",INV-580255,MegaMart Corp,Gadget Pro,84,72.94,6126.96,3709.9%,,nan,6126.96
02/18/2026,INV-980103,SuperStore Inc,Budget Widget,88,68.09,5991.92,3984.6%,,null,5991.92
02/18/2026,INV-659565,SuperStore Inc,Standard Widget,70,52.74,"3.691,80",3132.28,,,"3.691,80"
"Feb 18, 2026",INV-455136,Megamart Corp,Budget Widget,16,133.28,2132.5%,1545.74,,,2132.5%
18.02.2026,INV-305222,Small Dealer Co,Premium Widget,20,59.04,1180.8,871.12,,,1180.8
18 Feb 2026,INV-487585,MegaMart Corp,Premium Widget,147,257.85,"37,903.95 EUR",29158.21,,,"37,903.95 EUR"
02/18/26,INV-726981,BigBuy Distribution,Gadget Pro,13,99.7,"1,296.10 TRY",891.51,,,"1,296.10 TRY"
02/18/26,INV-891930,SuperStore Inc,Premium Widget,63,104.9,nan,5598.2,,,nan
18.02.2026,INV-537420,SuperStore Inc,Standard Widget,57,253.04,none,"9,697.72 USD",,,none
02/19/26,INV-118397,SuperStore Inc,Gadget  Pro,17,53.42,908.14 TRY,607.82,,,908.14 TRY
02/19/2026,INV-901834,SuperStore Inc,BUDGET WIDGET,158,36.38,5748.0%,3908.2%,,N/A,5748.0%
02/19/2026,INV-207392,SuperStore Inc,Premium Widget,149,110.33,n/a,11163.1%,,,n/a
19/02/2026,INV-222227,SuperStore Inc,Standard Widget,138,81.91,11303.58,7314.59,,,11303.58
02/19/2026,INV-821469,Megamart Corp,Standard Widget,132,117.5,15510.0,N/A,,,15510.0
2026-02-20,INV-169465,SuperStore Inc,Budget Widget,63,56.46,"3,556.98 EUR","2,204.09",,VIP,"3,556.98 EUR"
20/02/2026,INV-203919,MEGAMART CORP,budget widget,34,239.06,"£8,128.04",6746.47,,,"£8,128.04"
20/02/2026,INV-289633,MegaMart Corp ,Gadget Lite,145,80.76,11710.2,"7.586,88",,,11710.2
"Feb 20, 2026",INV-729554,small dealer co,Budget Widget,118,80.0,9440.0,NONE,,VIP,9440.0
20/02/26,INV-790537,Small Dealer Co,Budget Widget,67,175.1,11731.7,nan,,VIP,11731.7
20 Feb 2026,INV-860427,MegaMart Corp,Premium Widget,46,130.55,6005.3,4646.7%,,VIP,6005.3
02/21/2026,INV-131167,BigBuy Distribution,Budget Widget,174,284.1,49433.4,34060.82,,,49433.4
"Feb 21, 2026",INV-614064,  MegaMart Corp  ,Premium Widget,27,159.48,"4,305.96",2612.37,,,"4,305.96"
null,INV-683707,BigBuy Distribution,Gadget Lite,148,116.21,17 199.08,14015.84,,,17 199.08
21 Feb 2026,INV-746908,SuperStore Inc,Budget Widget,135,140.59,18979.65,"12,870.38 EUR",,,18979.65
21-02-2026,INV-359642,bigbuy distribution,Budget Widget,92,37.2,3422.4,2558.6%,,,3422.4
21 Feb 2026,INV-698059,BigBuy Distribution,STANDARD WIDGET,161,43.78,7048.6%,5 441.49,,,7048.6%
21/02/2026,INV-981202,BigBuy Distribution,Gadget Pro,156,47.36,7388.16,5334.91,,,7388.16
21/02/26,INV-598355,SuperStore Inc,Gadget Lite,83,94.24,7821.92,5274.56,,VIP,7821.92
21/02/26,INV-295600,SuperStore Inc,Gadget Pro,98,242.78,23792.4%,18 150.88,,,23792.4%
2026/02/21,INV-584952,Small Dealer Co,Gadget  Lite,64,205.03,13121.92,10575.97,,,13121.92
22-02-2026,INV-525581,SuperStore Inc,Standard Widget,185,234.35,43354.75,35162.02,,rush order,43354.75
2026-02-22,INV-857568,MegaMart Corp,Standard Widget,48,73.74,3539.52,none,,nan,3539.52
22/02/26,INV-226502,MegaMart Corp,Gadget Pro,24,260.68,6256.32,3885.1%,,,6256.32
22-02-2026,INV-387883,BigBuy Distribution ,Gadget Lite,137,267.68,36672.16,24185.99,,,36672.16
22.02.2026,INV-122097,Small Dealer Co,Gadget Pro,75,261.61,19 620.75,"12.046,77",,,19 620.75
23.02.2026,INV-415504,Megamart Corp,Premium Widget,186,276.89,51501.54,"39,548.01",,,51501.54
2026/02/23,INV-852233,SuperStore Inc,Premium Widget,86,78.91,N/A,5582.12,,,N/A
02/23/2026,INV-103225,MegaMart Corp,Gadget Pro,51,215.58,,7988.48,,,
02/23/2026,INV-373342,SUPERSTORE INC,Gadget Pro,170,105.55,17943.5,13349.11,,,17943.5
02/23/2026,INV-152201,Bigbuy Distribution,Standard Widget,82,75.63,6201.66,4363.64,,,6201.66
23.02.2026,INV-401950,Small Dealer Co,Gadget Pro,163,92.84,15 132.92,9416.69,,,15 132.92
"Feb 23, 2026",INV-189903,Small Dealer Co ,Gadget  Pro,43,140.77,"₺6,053.11",3944.52,,,"₺6,053.11"
2026/02/23,INV-735829,Small Dealer Co,Premium Widget,44,264.0,11616.0,9799.26,,,11616.0
23/02/26,INV-553959,MegaMart Corp,Gadget Lite,11,91.02,1001.22,755.84,,,1001.22
02/23/2026,INV-430870,BigBuy Distribution,Standard Widget,39,107.72,4201.1%,3548.35,,none,4201.1%
23/02/26,INV-608768,SuperStore Inc,GADGET PRO,152,258.85,"$39,345.20","₺30,073.70",,,"$39,345.20"
02/23/2026,INV-536646,Small Dealer Co,gadget pro,38,256.83,"£9,759.54",7970.81,,,"£9,759.54"
24.02.2026,INV-723068,Small  Dealer  Co,standard widget,183,46.41,8493.03,5793.64,,,8493.03
24/02/2026,INV-673734,BigBuy Distribution,Premium Widget,21,203.73,4278.33,nan,,,4278.33
24 Feb 2026,INV-871635,Small Dealer Co,Gadget Lite,33,131.68,"4.345,44",2 800.65,,rush order,"4.345,44"
24/02/2026,INV-142402,SuperStore Inc,Budget Widget,101,206.35,20841.35,16 840.09,,,20841.35
25/02/26,INV-548509,Small Dealer Co,Budget Widget,183,82.78,15148.74,"11,688.15 EUR",,rush order,15148.74
-,INV-838594,Megamart Corp,Budget Widget,151,41.43,nan,"3,824.09",,,nan
02/25/2026,INV-787657,BigBuy Distribution,Budget Widget,160,222.75,"€35,640.00","28,132.03",,,"€35,640.00"
25-02-2026,INV-217348,Small Dealer Co,Gadget Pro,187,133.43,24951.4%,19073.59,,,24951.4%
null,INV-259826,SuperStore Inc,Premium Widget,16,78.58,1257.28,958.24,,,1257.28
02/25/26,INV-866591,small dealer co,Gadget Pro,130,25.5,3315.0,2361.54,,,3315.0
25.02.2026,INV-779792,BigBuy Distribution,Gadget Lite,19,156.5,2973.5,2145.46,,,2973.5
"Feb 25, 2026",INV-237529,Small Dealer Co,Gadget Pro,39,158.54,"6,183.06",5161.25,,,"6,183.06"
25-02-2026,INV-263907,Small Dealer Co,Budget Widget,116,253.26,29378.16,22570.56,,,29378.16
2026/02/25,INV-551538,Small Dealer Co,  Gadget Lite  ,35,242.18,8476.3,"7,084.18",,,8476.3
"Feb 25, 2026",INV-937798,SuperStore Inc,Premium Widget,40,177.35,7094.0,5118.97,,VIP,7094.0
26/02/2026,INV-261790,  MegaMart Corp  ,Premium Widget,166,190.7,"31,656.20",25787.04,,--,"31,656.20"
26/02/26,INV-542207,BigBuy Distribution,Budget Widget,45,54.44,"2,449.80 EUR","$1,593.53",,,"2,449.80 EUR"
2026/02/26,INV-521161,SuperStore Inc,Standard Widget,119,135.75,16154.25,11345.57,,VIP,16154.25
02/26/2026,INV-834312,Small Dealer Co,  Standard Widget  ,25,130.11,"3,252.75","1,981.81",,none,"3,252.75"
NONE,INV-508937,Small Dealer Co,Gadget Pro,174,77.44,13474.56,9918.71,,VIP,13474.56
26/02/2026,INV-867543,BigBuy Distribution,Standard Widget,64,45.99,2943.36,2172.04,,,2943.36
26-02-2026,INV-467355,BigBuy  Distribution,Premium Widget,76,195.56,14862.56,"10.234,63",,nan,14862.56
26 Feb 2026,INV-968679,BigBuy Distribution,Budget Widget,180,239.74,43153.2,33604.0%,,VIP,43153.2
"Feb 26, 2026",INV-867260,MegaMart Corp,Gadget Pro,33,37.41,1 234.53,1014.94,,,1 234.53
26/02/2026,INV-730823,SuperStore Inc,Gadget Pro,46,161.62,7434.52,null,,,7434.52
"Feb 27, 2026",INV-102187,megamart corp,Premium Widget,104,180.09,"18,729.36","€11,426.23",,rush order,"18,729.36"
"Feb 27, 2026",INV-799631,BigBuy Distribution,Premium Widget,27,263.72,7120.44,5015.59,,null,7120.44
2026-02-27,INV-699780,SuperStore Inc,Gadget Pro,196,111.06,21 767.76,17413.18,,VIP,21 767.76
27-02-2026,INV-357201,MegaMart Corp,Budget Widget,174,176.62,nan,19917.54,,,nan
27/02/26,INV-276324,Small Dealer Co,Gadget Lite ,31,245.94,7624.14,"₺5,731.17",,VIP,7624.14
27/02/2026,INV-154398,SuperStore Inc,Budget Widget,56,91.56,5127.4%,3191.31,,rush order,5127.4%
02/27/26,INV-807890,SuperStore Inc,Standard Widget,162,184.09,nan,21 569.03,,rush order,nan
27 Feb 2026,INV-682119,SuperStore Inc,Premium Widget,152,202.43,30769.36,19427.55,,,30769.36
27-02-2026,INV-713583,MegaMart Corp,Gadget Pro,10,247.54,2475.4,2080.03,,,2475.4
"Feb 28, 2026",INV-386275,MegaMart Corp,Budget Widget,51,226.97,"£11,575.47",8574.77,,,"£11,575.47"
28/02/2026,INV-664814,BigBuy Distribution,Standard Widget,97,78.97,null,6432.55,,,null
2026/02/28,INV-300814,Small Dealer Co,Premium Widget,182,54.56,9929.92,8371.0%,,rush order,9929.92
02/28/26,INV-624629,BigBuy Distribution,Premium Widget,193,81.92,15810.56,13360.39,,VIP,15810.56
28/02/26,INV-744304,SuperStore Inc,Gadget Pro,151,74.26,"$11,213.26","8.799,09",,,"$11,213.26"
28 Feb 2026,INV-658272,Small Dealer Co,budget widget,10,282.61,2 826.10,"2,148.52 EUR",,,2 826.10
28/02/2026,INV-129226,BigBuy Distribution,Gadget Pro,11,129.72,1426.92,975.55,,rush order,1426.92
"Feb 28, 2026",INV-707056,Small Dealer Co,Gadget Pro,16,185.91,2974.6%,2250.48,,,2974.6%
28.02.2026,INV-991215,MegaMart Corp,Premium Widget,25,276.68,6917.0,"4,802.81 USD",,,6917.0
2026/02/28,INV-716366,Small Dealer Co,Gadget Pro,34,192.84,6556.56,"4,607.80 EUR",,,6556.56
2026-02-28,INV-163429,MegaMart Corp,Standard Widget,36,23.44,843.84,656.78,,,843.84
01/03/26,INV-958976,Small Dealer Co,Budget Widget,141,288.73,40710.93,"32,104.37",,,40710.93
01 Mar 2026,INV-444582,MegaMart Corp,Gadget Lite,118,116.27,"13,719.86 TRY",11581.31,,,"13,719.86 TRY"
03/01/2026,INV-966212,MegaMart Corp,Standard Widget,126,265.31,33429.06,27667.09,,,33429.06
01.03.2026,INV-853754,bigbuy distribution,Premium Widget,12,40.64,487.68,296.27,,,487.68
2026/03/01,INV-793013,bigbuy distribution,Standard Widget,151,88.87,"₺13,419.37",8709.13,,,"₺13,419.37"
02.03.2026,INV-927942,Small Dealer Co,Gadget Lite,192,38.31,7 355.52,4678.91,,,7 355.52
02 Mar 2026,INV-887803,BigBuy Distribution,Standard Widget,73,34.91,2548.43,2035.95,,VIP,2548.43
"Mar 02, 2026",INV-345770,BigBuy Distribution,Gadget Lite,137,165.29,"22,644.73 EUR",14 600.18,,,"22,644.73 EUR"
2026/03/02,INV-546800,SuperStore Inc ,Gadget Pro,88,139.01,12232.88,"8,492.93",,,12232.88
02.03.2026,INV-338804,Small Dealer Co,Gadget Pro,120,134.51,"16.141,20","12,931.14",,n/a,"16.141,20"
none,INV-395536,megamart corp,Premium  Widget,102,30.72,3133.44,2036.98,,rush order,3133.44
03/03/26,INV-894423,Small  Dealer  Co,Budget Widget,113,250.12,28263.56,22 312.71,,NULL,28263.56
2026/03/03,INV-456329,Small Dealer Co ,Gadget Pro,97,241.74,"23,448.78 EUR",15904.57,,,"23,448.78 EUR"
03-03-2026,INV-509611,Small Dealer Co,Standard Widget,118,212.01,25017.18,17533.09,,,25017.18
04 Mar 2026,INV-397604,Small Dealer Co,Gadget Lite,58,152.94,"$8,870.52",6051.56,,,"$8,870.52"
04-03-2026,INV-424803,  SuperStore Inc  ,standard widget,84,204.68,17193.12,"$10,616.66",,,17193.12
03/04/26,INV-614807,Small Dealer Co,Gadget Pro,50,189.04,9452.0,7890.42,,,9452.0
03/04/2026,INV-832453,Small Dealer Co,Gadget Pro,157,30.94,"4,857.58","₺3,025.18",,,"4,857.58"
05/03/26,INV-227119,Small Dealer Co,Premium  Widget,188,284.79,53540.52,35332.66,,,53540.52
05 Mar 2026,INV-139609,MegaMart Corp,BUDGET WIDGET,36,161.23,5804.28,"4,613.69",,,5804.28
2026-03-05,INV-736473,BigBuy Distribution,Premium Widget,39,218.55,"8,523.45",5404.89,,,"8,523.45"
2026-03-05,INV-977135,SuperStore  Inc,Premium Widget,85,54.76,4654.6,3655.5%,,,4654.6
2026/03/05,INV-960384,MegaMart Corp,Gadget Lite,109,213.3,23249.7,16530.46,,,23249.7
05 Mar 2026,INV-548665,MegaMart Corp,Standard Widget,66,288.45,19037.7,"11,882.40",,,19037.7
03/05/26,INV-623843,SuperStore  Inc,Premium Widget,64,49.65,"3,177.60 USD","2,163.44",,,"3,177.60 USD"
2026-03-05,INV-738093,SuperStore Inc,Premium Widget,74,288.53,21351.22,16012.71,,,21351.22
2026/03/05,INV-622952,Small Dealer Co,Gadget Lite,107,163.09,17450.63,13706.66,,VIP,17450.63
05 Mar 2026,INV-779525,SuperStore  Inc,Budget Widget,48,125.21,6010.08,4570.72,,,6010.08
2026-03-05,INV-167755,  MegaMart Corp  ,Budget  Widget,68,257.14,17485.52,11939.42,,,17485.52
05-03-2026,INV-356822,MegaMart Corp,GADGET PRO,59,34.59,2040.81,1730.61,,rush order,2040.81
-,INV-548158,SuperStore Inc,Standard Widget ,87,99.9,8691.3%,"₺6,188.79",,,8691.3%
2026-03-06,INV-113457,Bigbuy Distribution,Premium Widget,162,170.42,27 608.04,20380.61,,,27 608.04
06 Mar 2026,INV-367657,BigBuy Distribution,Gadget Lite,135,133.28,"17,992.80",N/A,,,"17,992.80"
"Mar 06, 2026",INV-814149,Small Dealer Co,Budget Widget,172,212.78,36598.16,28331.14,,,36598.16
06/03/26,INV-659102,BigBuy Distribution,Standard Widget ,73,188.6,13 767.80,"11,536.65",,rush order,13 767.80
null,INV-956046,BigBuy Distribution,Gadget  Pro,197,135.25,26644.25,21824.31,,rush order,26644.25
06-03-2026,INV-294655,MegaMart Corp,Gadget Pro,34,39.56,1345.04,1041.2%,,VIP,1345.04
03/06/26,INV-346184,MegaMart Corp,Standard Widget,56,246.57,"13,807.92",8947.13,,VIP,"13,807.92"
2026/03/06,INV-733729,Small Dealer Co,Gadget Pro,182,232.95,NA,"25.538,90",,,NA
07 Mar 2026,INV-860448,BigBuy Distribution,Budget Widget,184,269.24,49540.16,42102.26,,,49540.16
NONE,INV-147976,MegaMart Corp,Standard Widget,164,54.41,"8,923.24 TRY",6537.68,,,"8,923.24 TRY"
07-03-2026,INV-846525,Small Dealer Co,Budget Widget,69,189.89,13102.41,9172.23,,,13102.41
2026-03-07,INV-268018,MegaMart Corp,Standard Widget,42,159.42,6695.64,"4,163.16 USD",,VIP,6695.64
07 Mar 2026,INV-852293,Small Dealer Co,Budget Widget,81,81.71,"₺6,618.51",4397.4%,,VIP,"₺6,618.51"
03/07/26,INV-661620,Small Dealer Co,Gadget Pro,69,82.59,5698.71,"3,584.05",,,5698.71
07.03.2026,INV-977885,Small Dealer Co,Standard Widget,118,109.5,12921.0,8931.72,,,12921.0
07-03-2026,INV-619071,Small  Dealer  Co,Standard Widget,184,147.62,27162.08,20381.5%,,,27162.08
03/07/2026,INV-122613,Small Dealer Co,Budget  Widget,25,294.72,7368.0,5034.45,,rush order,7368.0
08.03.2026,INV-579757,BigBuy Distribution,Gadget Pro,118,209.81,24757.58,"20.983,99",,,24757.58
08/03/2026,INV-472856,SUPERSTORE INC,Standard Widget,123,214.87,26429.01,"17,780.66",,,26429.01
08/03/2026,INV-915509,SuperStore Inc,Gadget Pro,23,52.86,1 215.78,886.13,,,1 215.78
08/03/2026,INV-932929,Small Dealer Co,Gadget Pro,80,197.05,15764.0,11212.61,,rush order,15764.0
08/03/26,INV-921532,SuperStore Inc,Gadget Lite,108,155.57,"16,801.56",12788.49,,,"16,801.56"
2026/03/08,INV-229022,Small Dealer Co,Gadget Lite,26,165.29,"4.297,54",3206.74,,,"4.297,54"
2026-03-08,INV-644675,SuperStore Inc,Premium Widget,157,77.74,"12,205.18",7815.01,,,"12,205.18"
03/08/26,INV-678888,Small Dealer Co,Budget Widget,45,181.58,,6322.6,,,
08.03.2026,INV-763874,bigbuy distribution,Standard  Widget,81,55.98,4534.38,"3,426.08",,null,4534.38
08/03/2026,INV-480443,BigBuy Distribution,Standard Widget,154,204.05,31 423.70,"25.300,07",,,31 423.70
2026/03/08,INV-834480,Bigbuy Distribution,Budget Widget,47,263.28,"12,374.16",8122.91,,,"12,374.16"
09.03.2026,INV-155432,BigBuy Distribution,Budget Widget,165,47.74,7 877.10,"£4,820.71",,,7 877.10
09/03/2026,INV-420509,superstore inc,Budget Widget,183,190.44,34850.52,27 068.28,,rush order,34850.52
03/09/2026,INV-602955,BigBuy Distribution,Gadget Pro,33,197.71,"6,524.43",4039.75,,-,"6,524.43"
03/09/2026,INV-807287,MegaMart Corp,Gadget Pro,113,23.89,2699.57,1748.1,,,2699.57
09.03.2026,INV-377611,SuperStore Inc,Gadget Lite,54,41.03,2 215.62,"1,794.32",,rush order,2 215.62
03/09/26,INV-582716,MegaMart Corp,Standard Widget,198,196.73,38952.54,27204.66,,,38952.54
09.03.2026,INV-337078,BigBuy Distribution,Budget Widget,100,50.01,5 001.00,"3,437.84",,,5 001.00
09 Mar 2026,INV-880060,Small Dealer Co ,Gadget Pro,105,103.8,NULL,"£7,706.52",,,NULL
09/03/2026,INV-931219,MegaMart Corp,Budget Widget,51,206.54,"10,533.54 TRY","£8,817.56",,,"10,533.54 TRY"
03/09/2026,INV-361584,SuperStore Inc,Premium Widget ,49,116.35,5701.15,"3,440.14",,,5701.15
2026-03-09,INV-387164,MegaMart Corp,Budget  Widget,77,298.39,22976.03,"€15,206.42",,VIP,22976.03
2026-03-09,INV-419071,SuperStore Inc,Standard Widget,119,24.95,2969.05,1929.62,,,2969.05
10/03/2026,INV-201593,BigBuy Distribution,Budget Widget,81,284.04,23007.2%,"17,897.25 EUR",,,23007.2%
nan,INV-957115,SuperStore Inc,Premium Widget,94,120.96,11370.24,"9,124.72",,VIP,11370.24
2026/03/10,INV-570267,SuperStore Inc,Standard Widget,190,144.82,"27,515.80 USD",17188.0,,none,"27,515.80 USD"
10/03/26,INV-638430,Small Dealer Co,Premium Widget,27,155.19,NA,3062.74,,,NA
11-03-2026,INV-410759,Small Dealer Co,STANDARD WIDGET,140,127.56,"17.858,40",14194.63,,n/a,"17.858,40"
NONE,INV-763416,MegaMart  Corp,budget widget,53,82.7,4383.1,3214.53,,VIP,4383.1
2026-03-11,INV-663492,BigBuy Distribution,Gadget Lite,93,43.31,NONE,3127.07,,,NONE
11-03-2026,INV-865263,MegaMart Corp,Gadget Lite,194,228.82,44391.08,30873.79,,,44391.08
"Mar 12, 2026",INV-776456,SuperStore Inc ,  Budget Widget  ,132,46.23,"£6,102.36","€3,938.33",,VIP,"£6,102.36"
03/12/26,INV-114152,MegaMart Corp,Gadget Pro,195,167.5,32662.5,NULL,,rush order,32662.5
12.03.2026,INV-757966,MegaMart Corp,Premium Widget,148,226.12,33465.76,22910.57,,,33465.76
12 Mar 2026,INV-820126,  MegaMart Corp  ,Gadget Lite,15,250.98,3764.7,2355.59,,rush order,3764.7
12 Mar 2026,INV-257517,Small Dealer Co,Premium Widget,53,297.42,15763.26,"10,342.76",,,15763.26
"Mar 12, 2026",INV-856383,BigBuy Distribution,Budget Widget,99,265.11,"26,245.89",17526.31,,,"26,245.89"
12-03-2026,INV-501798,MegaMart Corp,Gadget Pro,38,181.8,6 908.40,"5,802.34 EUR",,,6 908.40
03/12/2026,INV-215507,Small Dealer Co,Gadget Pro,147,169.46,24910.62,,,NONE,24910.62
12/03/2026,INV-829578,BigBuy Distribution,PREMIUM WIDGET,102,257.65,26280.3,21462.94,,,26280.3
13/03/26,INV-832497,MegaMart Corp,Gadget Pro,188,290.18,-,"$37,801.50",,,-
13.03.2026,INV-699853,Small Dealer Co,Budget Widget,115,222.32,25566.8,18177.83,,,25566.8
"Mar 13, 2026",INV-600607,BigBuy Distribution,Gadget Lite,191,83.65,15977.15,"13.306,77",,VIP,15977.15
2026-03-13,INV-893270,Small Dealer Co,Budget Widget,107,66.15,none,5668.35,,VIP,none
13.03.2026,INV-517476,SuperStore Inc,Budget Widget,151,76.48,NONE,9611.81,,,NONE
03/14/2026,INV-815520,BigBuy Distribution,Standard Widget,110,223.19,24550.9,-,,,24550.9
2026/03/14,INV-569217,MegaMart Corp,Gadget Pro,170,46.12,7840.4,6112.5,,NA,7840.4
2026-03-14,INV-249550,BigBuy Distribution,Standard Widget,84,120.89,10154.76,"8.265,85",,,10154.76
"Mar 14, 2026",INV-781880,MegaMart Corp,budget widget,137,46.35,6349.95,"4,307.99",,rush order,6349.95
14.03.2026,INV-815711,Megamart Corp,Standard Widget,155,156.71,24290.05,16781.2%,,,24290.05
14/03/26,INV-958038,MegaMart Corp,Premium Widget,199,241.37,"₺48,032.63",37222.23,,,"₺48,032.63"
2026-03-14,INV-671559,MegaMart Corp,Gadget Pro,31,70.48,2 184.88,1370.1%,,VIP,2 184.88
03/14/2026,INV-187651,  Small Dealer Co  ,Standard Widget,47,199.26,9365.2%,6368.79,,,9365.2%
14.03.2026,INV-272525,MegaMart Corp,Standard Widget,80,133.42,10673.6,7200.24,,,10673.6
2026/03/14,INV-114875,BigBuy Distribution,Standard Widget,117,154.86,18 118.62,13296.83,,,18 118.62
NULL,INV-540586,Small Dealer Co,Standard Widget,47,159.84,7512.48,5101.74,,VIP,7512.48
2026/03/15,INV-469320,Small Dealer Co,Standard Widget,65,117.46,7634.9%,"6,398.77",,,7634.9%
15/03/2026,INV-193992,Small Dealer Co,Gadget Lite,143,292.74,"₺41,861.82",28 631.67,,VIP,"₺41,861.82"
15-03-2026,INV-997940,Small Dealer Co,Premium Widget,36,158.99,5723.64,4509.84,,--,5723.64
15.03.2026,INV-422328,MegaMart Corp,Gadget Pro,99,290.93,28802.07,23862.73,,rush order,28802.07
15 Mar 2026,INV-302019,SUPERSTORE INC,Gadget Pro,11,272.05,2992.55,2105.68,,,2992.55
03/15/26,INV-922378,Small  Dealer  Co,Gadget Lite,23,244.37,5620.51,4184.3%,,null,5620.51
null,INV-575745,BigBuy Distribution,Gadget Pro,151,64.53,9744.03,6631.8,,,9744.03
03/15/26,INV-208442,SuperStore Inc ,Budget Widget ,71,202.71,14392.41,"9,433.34",,,14392.41
15/03/2026,INV-320511,SMALL DEALER CO,Premium Widget,162,54.35,8804.7,5595.02,,VIP,8804.7
03/15/26,INV-673028,small dealer co,GADGET PRO,90,197.39,17765.1,12661.54,,,17765.1
15/03/2026,INV-863094,SuperStore Inc,Premium Widget,143,227.68,32558.24,27076.92,,,32558.24
16/03/2026,INV-711999,BigBuy Distribution,Budget Widget,133,75.79,"10,080.07 EUR",6279.81,,rush order,"10,080.07 EUR"
16/03/2026,INV-571233,BigBuy Distribution,Gadget Lite,52,242.35,"12,602.20",10566.2,,,"12,602.20"
16/03/2026,INV-325636,MegaMart Corp,Standard Widget,140,90.86,12720.4,8935.47,,,12720.4
16.03.2026,INV-851058,BigBuy Distribution,budget widget,47,238.26,11198.2%,7061.33,,,11198.2%
03/16/26,INV-501455,MegaMart Corp,Gadget Lite,156,269.95,"42.112,20","29,707.53 EUR",,,"42.112,20"
2026/03/17,INV-519791,MegaMart Corp,Gadget Lite,82,24.99,--,1630.79,,rush order,--
,INV-245473,BigBuy Distribution,Premium Widget,136,191.45,26037.2,18182.61,,,26037.2
17/03/2026,INV-376537,BigBuy  Distribution,Premium Widget,186,222.79,41438.94,27208.2,,,41438.94
17-03-2026,INV-705956,Small Dealer Co,budget widget,79,215.63,17034.77,14159.55,,VIP,17034.77
2026-03-17,INV-322796,small dealer co,Gadget Pro,81,110.14,8921.34,"6.982,88",,VIP,8921.34
17/03/2026,INV-236378,SUPERSTORE INC,Premium Widget,129,249.18,32144.22,20796.65,,,32144.22
"Mar 18, 2026",INV-296114,Small Dealer Co,budget widget,125,263.0,"32,875.00",23945.03,,VIP,"32,875.00"
18 Mar 2026,INV-303352,  MegaMart Corp  ,Budget Widget,131,205.33,26 898.23,19182.75,,,26 898.23
18/03/26,INV-205939,SuperStore Inc,Budget Widget,113,69.46,7848.98,5250.82,,rush order,7848.98
18/03/2026,INV-294069,SuperStore Inc,Budget Widget ,168,215.86,36264.48,"25.426,47",,rush order,36264.48
18/03/2026,INV-279018,small dealer co,Gadget Lite,199,105.49,--,17353.81,,,--
2026/03/18,INV-574602,BigBuy Distribution,Premium Widget,131,183.28,24009.68,17336.83,,VIP,24009.68
19-03-2026,INV-705640,bigbuy distribution,Budget Widget,179,156.22,"27,963.38 USD",19324.72,,,"27,963.38 USD"
2026/03/19,INV-447283,BigBuy Distribution,Gadget Pro,62,228.42,14162.04,9183.52,,,14162.04
03/19/2026,INV-588969,Small Dealer Co,Gadget Pro,80,106.61,8528.8,"5,204.91 TRY",,,8528.8
null,INV-467230,BigBuy Distribution,standard widget,169,176.28,29791.32,"19,085.86",,,29791.32
19/03/2026,INV-373951,SuperStore Inc,Budget Widget,32,219.7,7030.4,4468.95,,,7030.4
19 Mar 2026,INV-920411,BigBuy Distribution,Budget Widget,54,177.89,9606.06,"₺7,394.08",,,9606.06
03/19/2026,INV-745092,MegaMart Corp,Gadget Pro,45,167.44,7534.8%,5 828.42,,,7534.8%
19/03/2026,INV-449682,SuperStore Inc,Budget Widget,158,163.42,25 820.36,16313.79,,VIP,25 820.36
03/19/2026,INV-415508,MegaMart Corp,  Gadget Lite  ,84,178.32,14978.88,11573.41,,,14978.88
"Mar 19, 2026",INV-292984,MEGAMART CORP,Budget Widget,134,194.63,"26,080.42","16,956.84",,VIP,"26,080.42"
20/03/2026,INV-717363,BigBuy Distribution,Gadget Lite,166,210.77,34987.82,"28.509,07",,,34987.82
NONE,INV-246070,BigBuy Distribution,Gadget Pro,180,97.05,17469.0,none,,,17469.0
03/20/2026,INV-391860,Small Dealer Co,Gadget Pro,80,22.55,1 804.00,1153.8,,,1 804.00
03/20/26,INV-465004,Small Dealer Co,Budget Widget,27,276.52,7466.04,5683.77,,,7466.04
03/20/2026,INV-863534,Small Dealer Co,Gadget Lite,27,32.58,879.66 EUR,715.17,,VIP,879.66 EUR
20.03.2026,INV-614958,Small  Dealer  Co,Gadget Pro ,26,37.34,970.84,643.3,,nan,970.84
03/21/26,INV-673131,SuperStore Inc,Budget Widget,61,227.8,13895.8,9845.39,,,13895.8
"Mar 21, 2026",INV-548278,BigBuy Distribution,Premium Widget,57,211.06,"12.030,42",10098.77,,,"12.030,42"
21/03/2026,INV-660383,MegaMart Corp,Gadget Pro,155,41.88,6491.4%,"5,164.54",,,6491.4%
21-03-2026,INV-450791,SuperStore Inc,Gadget  Lite,142,280.91,39889.22,28920.15,,,39889.22
21 Mar 2026,INV-727203,SuperStore Inc,Premium Widget,62,173.18,10737.16,"8,412.22",,,10737.16
2026-03-21,INV-911192,MegaMart Corp,Gadget Lite,151,154.06,23263.06,14710.77,,,23263.06
2026/03/21,INV-557729,Small Dealer Co,Standard Widget,184,211.41,"₺38,899.44",23515.63,,,"₺38,899.44"
03/21/2026,INV-559859,SuperStore Inc,Premium Widget,69,45.76,3157.44,1902.4,,,3157.44
2026/03/21,INV-330987,BigBuy Distribution,Standard Widget,21,107.96,2 267.16,"1,701.74",,,2 267.16
21/03/26,INV-341734,BigBuy Distribution,Gadget Pro,103,238.46,"24,561.38",16 534.01,,,"24,561.38"
22/03/2026,INV-162621,SUPERSTORE INC,Gadget Lite,41,124.27,5095.07,"4,096.92",,,5095.07
22.03.2026,INV-949602,Small Dealer Co,Budget Widget,136,25.28,NONE,2391.69,,,NONE
22/03/26,INV-586017,SuperStore Inc,Gadget Lite,17,115.46,1962.82,1584.6,,rush order,1962.82
22.03.2026,INV-920433,BigBuy Distribution,Gadget Pro,51,288.89,"14,733.39","10.561,38",,rush order,"14,733.39"
22/03/2026,INV-389874,MegaMart Corp,Gadget Lite,41,105.93,4343.13,"3,323.34 USD",,,4343.13
03/22/26,INV-432749,BigBuy Distribution,Gadget Lite,26,143.32,"€3,726.32",2476.15,,null,"€3,726.32"
22-03-2026,INV-313953,SuperStore Inc,Premium Widget ,25,286.48,7162.0,6073.32,,VIP,7162.0
2026-03-23,INV-405002,BigBuy Distribution,gadget lite,184,136.47,25110.48,19 095.81,,,25110.48
23/03/2026,INV-181066,MegaMart Corp,Standard Widget,37,190.53,7049.61,5653.85,,,7049.61
2026/03/23,INV-342106,Small Dealer Co,Standard Widget,147,225.25,33111.75,26883.39,,,33111.75
03/23/2026,INV-663731,BigBuy Distribution,Gadget Pro,39,214.06,"8,348.34",5937.77,,,"8,348.34"
23 Mar 2026,INV-376169,small dealer co,Standard Widget,182,183.73,33 438.86,"₺21,218.13",,,33 438.86
23/03/2026,INV-453169,Small Dealer Co,GADGET LITE,200,48.28,9656.0,7 892.47,,,9656.0
2026-03-23,INV-722385,MegaMart Corp,Budget Widget,194,32.67,"6,337.98 TRY",4973.33,,null,"6,337.98 TRY"
03/23/26,INV-632915,BigBuy Distribution,Gadget Lite,182,201.83,36733.06,25523.73,,NA,36733.06
03/24/2026,INV-224309,BigBuy Distribution ,Budget Widget,108,109.2,11793.6,7602.2,,VIP,11793.6
,INV-666052,bigbuy distribution,Budget Widget,134,142.9,19148.6,15727.46,,,19148.6
"Mar 24, 2026",INV-375834,SuperStore Inc,  Gadget Lite  ,11,156.74,"1,724.14 TRY","1,388.97 EUR",,,"1,724.14 TRY"
2026-03-24,INV-554429,SuperStore Inc,Premium Widget ,81,224.86,"18,213.66",11458.5%,,,"18,213.66"
03/24/2026,INV-869194,BigBuy Distribution,Premium  Widget,58,255.6,14824.8,11 345.16,,,14824.8
03/24/26,INV-498763,BigBuy Distribution,Gadget Pro,43,75.6,3250.8,"2,662.29",,,3250.8
24.03.2026,INV-201222,SuperStore Inc,Gadget Lite,173,117.64,20351.72,14909.98,,,20351.72
24-03-2026,INV-130369,Megamart Corp,Standard Widget,83,137.49,11411.67,8122.75,,,11411.67
2026-03-24,INV-423496,BigBuy Distribution,Budget Widget,139,80.23,11152.0%,"9,063.73 EUR",,,11152.0%
25/03/26,INV-166547,SuperStore Inc,  Gadget Pro  ,156,265.17,-,30363.16,,,-
25/03/26,INV-207500,SuperStore Inc,Premium Widget,102,169.93,17332.86,"£14,668.87",,,17332.86
25/03/26,INV-857190,Small  Dealer  Co,Gadget Lite,134,31.84,"4,266.56",2861.89,,VIP,"4,266.56"
25/03/2026,INV-377107,MegaMart Corp,  Gadget Pro  ,13,227.94,2963.22,"2,179.22",,rush order,2963.22
2026-03-25,INV-516650,Small Dealer Co,Gadget Lite,106,101.55,"10.764,30","6,709.02 TRY",,,"10.764,30"
"Mar 25, 2026",INV-648830,Small Dealer Co,Standard  Widget,104,153.51,15965.04,"€10,013.87",,,15965.04
25/03/26,INV-624094,SuperStore Inc,Gadget Lite,25,234.87,5871.8%,3893.01,,NULL,5871.8%
25/03/2026,INV-274270,SuperStore Inc,Budget Widget,92,149.18,13724.56,9891.96,,,13724.56
03/25/26,INV-489684,Small Dealer Co ,Standard Widget,39,30.94,1 206.66,851.96,,rush order,1 206.66
"Mar 25, 2026",INV-110298,SuperStore Inc,Gadget Lite,46,101.26,"4,657.96","3.592,48",,,"4,657.96"
26-03-2026,INV-387918,SuperStore  Inc,Gadget  Pro,48,151.74,"7,283.52 EUR","6,178.81 TRY",,,"7,283.52 EUR"
03/26/26,INV-207292,Small Dealer Co,Budget Widget,159,224.21,35649.39,24662.91,,rush order,35649.39
03/26/26,INV-253607,Small Dealer Co,Standard Widget,94,181.18,17030.92,NULL,,VIP,17030.92
"Mar 26, 2026",INV-472235,SuperStore Inc,  Standard Widget  ,131,264.89,34700.59,"23,625.36 EUR",,,34700.59
26 Mar 2026,INV-783768,BIGBUY DISTRIBUTION,Budget Widget,145,41.9,6075.5,4564.8,,VIP,6075.5
2026/03/26,INV-366086,SuperStore Inc,Budget Widget,16,262.52,"4.200,32","$3,418.40",,rush order,"4.200,32"
"Mar 26, 2026",INV-614117,MegaMart Corp,Gadget Lite,165,96.45,15914.25,12123.55,,,15914.25
2026-03-26,INV-429500,Small Dealer Co,Standard Widget,175,230.16,40278.0,32297.22,,,40278.0
nan,INV-522757,BigBuy Distribution,Gadget Lite,59,203.43,12002.37,9414.22,,NONE,12002.37
2026/03/27,INV-223432,megamart corp,Gadget Pro,26,74.02,"1.924,52",1520.99,,rush order,"1.924,52"
27-03-2026,INV-422733,Small Dealer Co,Budget Widget,155,254.11,"39,387.05",24479.99,,,"39,387.05"
03/27/26,INV-481276,SUPERSTORE INC,Standard Widget,89,34.93,"3.108,77","2.413,89",,VIP,"3.108,77"
28/03/26,INV-678406,Small Dealer Co,Gadget Lite,171,212.37,"36.315,27",23336.87,,,"36.315,27"
2026-03-28,INV-438031,MegaMart Corp,Budget Widget,141,236.55,33353.55,22165.22,,,33353.55
"Mar 28, 2026",INV-974613,BigBuy Distribution,Premium Widget,12,64.45,NA,555.98 TRY,,,NA
03/28/26,INV-520216,BigBuy Distribution,Standard Widget,195,124.5,24277.5,16617.21,,,24277.5
03/28/2026,INV-940422,MegaMart Corp,Gadget Lite,51,163.42,8334.42,"€6,922.47",,rush order,8334.42
null,INV-461456,SMALL DEALER CO,Budget Widget,111,66.3,"7.359,30",4417.13,,,"7.359,30"
28.03.2026,INV-959613,Small Dealer Co,Premium Widget,150,212.3,31845.0,24670.16,,,31845.0
28-03-2026,INV-146397,Small Dealer Co,Gadget Pro,146,40.06,NA,4223.3%,,,NA
"Mar 29, 2026",INV-945392,Small Dealer Co,Budget Widget,33,115.08,3797.64,"2,899.54",,nan,3797.64
29.03.2026,INV-878111,BigBuy Distribution,Premium Widget,185,225.15,"₺41,652.75",31821.33,,,"₺41,652.75"
03/29/26,INV-862974,Small Dealer Co,Premium Widget,138,124.39,"₺17,165.82",12331.7,,rush order,"₺17,165.82"
2026-03-29,INV-568472,Small Dealer Co,Gadget Pro,22,150.13,3302.9%,none,,rush order,3302.9%
03/29/26,INV-355958,BigBuy Distribution,Budget Widget,172,29.97,"$5,154.84",3236.83,,,"$5,154.84"
29.03.2026,INV-856646,Small  Dealer  Co,Gadget Lite,20,41.43,828.6,574.38,,,828.6
03/30/2026,INV-390302,MegaMart Corp,Gadget Pro,59,179.85,10611.15,9006.0,,rush order,10611.15
30-03-2026,INV-118950,MegaMart Corp,Gadget Lite,164,131.63,21 587.32,13930.62,,,21 587.32
03/30/2026,INV-584387,SuperStore Inc,Budget Widget,26,191.19,4970.9%,3887.48,,,4970.9%
2026/03/30,INV-573431,SuperStore Inc,Gadget Pro,146,215.36,31442.56,"24,155.64 TRY",,,31442.56
03/31/26,INV-990941,SuperStore Inc,Premium Widget,169,183.78,31058.82,23482.53,,-,31058.82
31.03.2026,INV-434918,MegaMart Corp,PREMIUM WIDGET,111,81.13,9005.43,7636.9,,,9005.43
03/31/2026,INV-519487,MegaMart Corp,Budget Widget,180,267.73,48191.4,40 483.66,,,48191.4
03/31/26,INV-698301,MegaMart Corp,Budget Widget,146,252.36,36 844.56,29134.24,,null,36 844.56
31-03-2026,INV-283722,MegaMart Corp,Gadget Pro,93,190.75,17739.75,11 382.08,,,17739.75
03/31/2026,INV-356757,  SuperStore Inc  ,Gadget Pro,92,57.14,"5,256.88 USD",3239.31,,,"5,256.88 USD"
"Mar 31, 2026",INV-604163,MegaMart Corp,Gadget Pro,11,229.61,2 525.71,1 946.07,,NA,2 525.71
2026/03/31,INV-532949,Bigbuy Distribution,Premium Widget,111,251.93,27964.23,21848.11,,VIP,27964.23
03/31/26,INV-137480,SuperStore  Inc,Budget Widget,72,242.75,"17,478.00 USD",11404.77,,rush order,"17,478.00 USD"
31.03.2026,INV-767693,SuperStore Inc,Standard Widget,143,100.76,"£14,408.68","9,441.37 TRY",,rush order,"£14,408.68"
01/04/26,INV-429563,SuperStore  Inc,Premium Widget,159,104.83,16667.97,12435.28,,,16667.97
2026/04/01,INV-623019,  BigBuy Distribution  ,Gadget Lite,106,262.31,27 804.86,"20,055.96",,VIP,27 804.86
2026-04-01,INV-568328,MegaMart Corp,Gadget  Pro,144,271.48,39093.1%,30701.57,,VIP,39093.1%
2026-04-01,INV-317822,SuperStore Inc,Gadget Lite,72,91.7,"6,602.40 USD","5,181.95",,,"6,602.40 USD"
01.04.2026,INV-696985,SuperStore Inc ,Standard Widget ,159,233.27,37089.93,"26,679.55",,,37089.93
2026/04/01,INV-631935,Small Dealer Co,Premium Widget,38,221.59,8420.42,5984.06,,,8420.42
02/04/26,INV-593361,bigbuy distribution,Gadget Lite,175,103.9,18182.5,14851.74,,,18182.5
02.04.2026,INV-739135,SuperStore Inc,Gadget Pro,55,38.36,"€2,109.80",1493.75,,NONE,"€2,109.80"
02.04.2026,INV-488802,SuperStore Inc,Standard Widget,92,63.79,5868.68,"4,645.64 TRY",,rush order,5868.68
04/02/2026,INV-579083,BigBuy Distribution,Standard Widget,95,223.48,21230.6,17139.63,,,21230.6
04/02/2026,INV-441293,MegaMart Corp ,Budget Widget,190,76.62,14 557.80,"11.144,19",,VIP,14 557.80
02/04/2026,INV-440310,Small Dealer Co,Gadget Pro,21,238.74,5 013.54,3497.02,,VIP,5 013.54
2026/04/02,INV-910237,SuperStore Inc,Gadget Pro,48,185.15,"8,887.20",6607.83,,,"8,887.20"
02/04/26,INV-491616,SuperStore Inc,Gadget  Pro,57,109.95,6267.15,4 117.02,,,6267.15
02/04/26,INV-987409,Small Dealer Co,Premium Widget,18,288.74,5197.3%,4252.81,,N/A,5197.3%
02 Apr 2026,INV-702656,Small  Dealer  Co,Premium Widget,166,202.05,"33,540.30 TRY",21724.8%,,,"33,540.30 TRY"
04/03/2026,INV-316157,Small Dealer Co ,Premium  Widget,14,22.39,313.46,213.34,,,313.46
03 Apr 2026,INV-384245,SuperStore Inc,Budget Widget,35,27.34,956.9,718.13,,,956.9
03/04/26,INV-706395,SuperStore Inc,Standard Widget,100,27.64,"2.764,00","2,264.85 EUR",,VIP,"2.764,00"
"Apr 03, 2026",INV-116929,MegaMart Corp,Gadget Lite,51,231.85,11824.35,"7.450,40",,rush order,11824.35
none,INV-865071,Small Dealer Co,Premium Widget,117,132.09,15454.53,"12,585.76",,,15454.53
04/03/2026,INV-643791,  MegaMart Corp  ,Budget  Widget,46,257.28,11834.88,"7.625,68",,,11834.88
2026-04-03,INV-870651,Superstore Inc,Standard Widget,103,266.14,27412.42,17197.12,,,27412.42
04/04/26,INV-948743,MegaMart Corp,Gadget Pro,148,125.57,"18.584,36","13,931.34",,,"18.584,36"
04/04/26,INV-236113,BigBuy  Distribution,Premium Widget,131,151.46,19841.26,16383.34,,,19841.26
04.04.2026,INV-896806,SuperStore Inc,Standard Widget,178,43.01,"7.655,78","4,774.89",,n/a,"7.655,78"
04-04-2026,INV-269748,BigBuy Distribution,Standard Widget,118,124.94,14742.92,9381.0,,,14742.92
04.04.2026,INV-787300,BigBuy Distribution,Gadget Pro,12,180.18,2162.16,1558.83,,,2162.16
05/04/26,INV-232359,BigBuy Distribution,Budget Widget,57,91.48,5214.36,4180.6,,,5214.36
05/04/26,INV-304344,SuperStore Inc,premium widget,127,252.42,32 057.34,20198.35,,,32 057.34
05/04/2026,INV-813447,SuperStore Inc,Standard Widget,14,75.63,1058.82,832.39,,,1058.82
05/04/26,INV-800574,SuperStore Inc,Standard Widget,193,62.57,12 076.01,10 090.09,,,12 076.01
05-04-2026,INV-360647,Superstore Inc,Budget Widget,197,191.67,37758.99,31710.71,,,37758.99
05/04/26,INV-426275,MegaMart Corp,Budget  Widget,67,289.74,19412.58,12988.07,,,19412.58
2026-04-05,INV-500033,MegaMart Corp,Gadget Lite,170,187.57,31886.9,20983.02,,rush order,31886.9
"Apr 05, 2026",INV-977353,MegaMart Corp,Budget Widget,170,150.63,25607.1,19109.16,,,25607.1
--,INV-354535,Small  Dealer  Co,Gadget Pro,24,198.66,4767.84,3891.95,,VIP,4767.84
05/04/2026,INV-901144,Small Dealer Co ,Gadget Lite,66,185.5,12 243.00,N/A,,VIP,12 243.00
2026-04-05,INV-326533,BigBuy Distribution,Standard Widget,158,208.33,32916.14,"27,187.00 EUR",,,32916.14
2026-04-06,INV-440275,MegaMart Corp,Standard Widget,171,284.87,48712.77,30430.92,,rush order,48712.77
06-04-2026,INV-431910,BigBuy Distribution,Gadget Pro,51,78.63,4010.1%,3178.84,,NONE,4010.1%
06/04/2026,INV-299008,MegaMart Corp,Budget Widget,194,45.32,8792.08,"6,167.79 EUR",,,8792.08
06/04/26,INV-470985,BigBuy Distribution,Gadget Lite,139,216.06,"30,032.34","22,227.58",,,"30,032.34"
06-04-2026,INV-357269,SuperStore Inc,Gadget Pro,108,49.02,n/a,"4.441,90",,,n/a
06 Apr 2026,INV-883068,Small Dealer Co,Standard Widget,175,247.23,"43,265.25 EUR",27531.59,,,"43,265.25 EUR"
06/04/26,INV-842762,BigBuy Distribution,  Budget Widget  ,77,140.77,"£10,839.29",7491.34,,VIP,"£10,839.29"
"Apr 06, 2026",INV-719774,BigBuy Distribution,Gadget Pro,36,246.03,8857.08,6651.87,,,8857.08
04/06/2026,INV-515494,MegaMart Corp,Gadget Pro,53,26.19,"$1,388.07",988.47,,,"$1,388.07"
2026-04-06,INV-846705,Small Dealer Co,Standard Widget,89,170.75,15196.75,11681.24,,,15196.75
06 Apr 2026,INV-830244,MegaMart Corp,Budget Widget,28,191.88,"€5,372.64","3,935.15 TRY",,,"€5,372.64"
2026-04-06,INV-735604,Superstore Inc,Gadget Pro,97,71.24,"£6,910.28","4.683,78",,VIP,"£6,910.28"
07-04-2026,INV-462018,MegaMart Corp,Gadget Lite,184,124.48,22 904.32,14707.5%,,,22 904.32
07.04.2026,INV-405587,SuperStore Inc,Premium Widget,163,124.77,20337.51,13102.08,,VIP,20337.51
07/04/2026,INV-801188,BigBuy Distribution,Premium Widget,184,70.52,12975.68,9467.34,,,12975.68
08/04/2026,INV-795743,BigBuy Distribution,Premium Widget,73,122.39,8934.47,5895.52,,VIP,8934.47
08.04.2026,INV-908287,Small Dealer Co ,Budget  Widget,149,200.1,29 814.90,"19,995.08 USD",,rush order,29 814.90
08/04/26,INV-154982,MegaMart Corp,Premium Widget,58,285.1,16535.8,none,,,16535.8
-,INV-316037,SuperStore Inc,GADGET PRO,140,123.83,17336.2,13432.01,,,17336.2
08.04.2026,INV-543380,BigBuy Distribution,Premium Widget,11,273.23,3 005.53,null,,,3 005.53
--,INV-235149,BigBuy Distribution,Gadget Lite,62,283.28,17 563.36,"13.406,71",,,17 563.36
08.04.2026,INV-213762,MegaMart Corp,  Standard Widget  ,173,52.03,"9,001.19",5758.34,,rush order,"9,001.19"
2026/04/08,INV-559390,Small Dealer Co,Premium Widget,61,286.06,"17,449.66",12889.85,,,"17,449.66"
08-04-2026,INV-775424,Small Dealer Co,Standard Widget,162,235.36,null,29195.59,,,null
2026/04/08,INV-159468,SMALL DEALER CO,Premium Widget,107,62.87,"6,727.09 USD",4527.0,,,"6,727.09 USD"
2026-04-08,INV-691018,MegaMart Corp,Premium Widget,114,165.05,,"11,371.56",,VIP,
04/09/2026,INV-576287,MegaMart Corp,Premium Widget,176,250.72,44126.72,"31.731,84",,,44126.72
04/09/2026,INV-980945,Bigbuy Distribution,Gadget Lite,67,60.43,4048.81,-,,,4048.81
04/09/26,INV-481068,SuperStore Inc,Budget Widget,113,137.92,15585.0%,10 978.54,,,15585.0%
"Apr 09, 2026",INV-124993,Small Dealer Co,Gadget Pro,105,200.32,21 033.60,"13.742,90",,,21 033.60
"Apr 09, 2026",INV-431575,Small Dealer Co,Standard Widget,155,206.76,32 047.80,21418.51,,,32 047.80
2026/04/09,INV-711790,MegaMart Corp ,Gadget Lite,183,47.18,"8,633.94",5321.4%,,,"8,633.94"
09-04-2026,INV-218867,  Small Dealer Co  ,GADGET PRO,96,217.01,"20,832.96",14008.82,,rush order,"20,832.96"
2026-04-09,INV-615655,Small Dealer Co,Standard Widget,34,231.59,7874.06,4991.36,,,7874.06
09/04/2026,INV-471942,BIGBUY DISTRIBUTION,Gadget Lite,96,296.59,28472.64,23393.77,,,28472.64
09.04.2026,INV-570738,Small Dealer Co,Gadget Lite,14,194.12,NONE,2031.69,,,NONE
09.04.2026,INV-830706,BigBuy Distribution,Gadget Pro,20,96.39,-,1636.27,,,-
2026/04/10,INV-633506,BigBuy Distribution,Budget Widget,141,259.02,36521.82,29072.47,,VIP,36521.82
"Apr 10, 2026",INV-761654,megamart corp,  Premium Widget  ,42,245.74,,6468.86,,VIP,
10-04-2026,INV-842640,MegaMart  Corp,Budget Widget,166,54.15,"8,988.90","6.975,72",,nan,"8,988.90"
10/04/2026,INV-297340,SuperStore Inc,GADGET PRO,130,100.66,13085.8,"10.063,50",,VIP,13085.8
04/10/2026,INV-167793,BigBuy Distribution,Standard Widget,68,65.48,4452.64,3 378.77,,rush order,4452.64
2026/04/10,INV-572684,MegaMart Corp,Premium Widget,136,116.38,"15,827.68 USD",12396.69,,VIP,"15,827.68 USD"
"Apr 10, 2026",INV-574141,Small Dealer Co,Budget Widget,104,159.91,"$16,630.64",13152.39,,,"$16,630.64"
2026-04-10,INV-510299,SUPERSTORE INC,Standard Widget,198,230.15,"₺45,569.70",32 122.05,,,"₺45,569.70"
04/10/2026,INV-611015,SuperStore Inc,Gadget Pro,79,114.45,9041.55,5473.94,,,9041.55
11 Apr 2026,INV-741337,MegaMart Corp,  Budget Widget  ,27,286.83,none,6013.58,,rush order,none
"Apr 11, 2026",INV-925026,SuperStore Inc,Premium Widget,145,98.93,"14,344.85 USD",11206.0%,,,"14,344.85 USD"
2026-04-11,INV-428686,BigBuy Distribution,Budget Widget,157,242.27,38036.39,29462.32,,,38036.39
2026-04-12,INV-596759,Small Dealer Co,Premium Widget,47,194.61,9146.67,5673.93,,,9146.67
04/12/26,INV-734473,SuperStore Inc,Standard Widget,172,20.85,3586.2,2471.04,,,3586.2
"Apr 12, 2026",INV-913482,BigBuy Distribution,Premium Widget,197,36.96,7 281.12,5979.2,,,7 281.12
12/04/2026,INV-154970,Small Dealer Co,Standard Widget,170,126.97,21584.9,"13.798,03",,,21584.9
2026-04-12,INV-857886,Small Dealer Co,Budget Widget,104,59.69,6207.76,5015.6%,,,6207.76
12/04/26,INV-536577,SMALL DEALER CO,Standard Widget,26,279.55,7268.3%,4615.21,,,7268.3%
12-04-2026,INV-260044,SuperStore Inc,Gadget Pro ,150,250.4,"37.560,00",30182.88,,,"37.560,00"
"Apr 12, 2026",INV-107499,BigBuy Distribution,Standard Widget,92,128.51,11822.92,NA,,,11822.92
12-04-2026,INV-890806,MegaMart Corp,Budget Widget,158,266.86,42163.88,30665.25,,,42163.88
12/04/2026,INV-878896,BigBuy Distribution,Gadget Lite,95,74.82,"7,107.90 TRY",5860.34,,,"7,107.90 TRY"
12.04.2026,INV-112960,SuperStore Inc,  Standard Widget  ,155,226.0,35030.0,23633.08,,,35030.0
2026-04-13,INV-749358,BigBuy Distribution,Standard Widget,62,159.89,"₺9,913.18","7,732.14",,VIP,"₺9,913.18"
13.04.2026,INV-907868,MegaMart Corp,Premium Widget,80,280.44,22435.2,"15.163,09",,,22435.2
"Apr 13, 2026",INV-707940,MegaMart Corp,Premium Widget,87,59.71,5194.77,3710.27,,VIP,5194.77
13.04.2026,INV-844385,BigBuy  Distribution,Gadget Lite,79,26.32,2 079.28,"1,540.35 EUR",,,2 079.28
2026-04-13,INV-400434,Small Dealer Co ,Budget  Widget,61,244.54,14916.94,9041.21,,,14916.94
2026/04/13,INV-590192,MegaMart Corp,Budget Widget,163,122.84,20022.92,16122.03,,,20022.92
2026/04/14,INV-630949,SuperStore Inc,Budget Widget,182,230.46,"41,943.72",30351.64,,,"41,943.72"
14/04/26,INV-208858,BigBuy Distribution,Standard Widget,148,197.16,29179.68,22941.02,,N/A,29179.68
14 Apr 2026,INV-329713,MEGAMART CORP,Gadget Lite,75,281.66,21124.5,16184.7%,,-,21124.5
14.04.2026,INV-353580,BigBuy  Distribution,Gadget Lite,114,212.58,n/a,20526.0,,,n/a
NA,INV-414798,BigBuy Distribution,Gadget Pro,63,171.75,"10.820,25","6,753.42",,,"10.820,25"
14/04/2026,INV-543234,Small Dealer Co,Budget Widget,105,78.37,8228.85,"5,818.87 USD",,,8228.85
2026/04/14,INV-353103,Bigbuy Distribution,Gadget Lite,185,157.29,"29,098.65",17657.99,,,"29,098.65"
14 Apr 2026,INV-940231,Small Dealer Co,Gadget Lite,18,110.4,1987.2,"$1,466.86",,rush order,1987.2
null,INV-334275,Bigbuy Distribution,PREMIUM WIDGET,159,52.95,8419.0%,nan,,,8419.0%
"Apr 15, 2026",INV-135165,Small Dealer Co,BUDGET WIDGET,68,219.87,14951.16,11992.4%,,NONE,14951.16
"Apr 15, 2026",INV-791915,Small  Dealer  Co,Budget Widget,152,216.57,"32.918,64",20302.07,,,"32.918,64"
15.04.2026,INV-714017,BigBuy Distribution,Gadget Lite,152,93.64,14233.28,,,,14233.28
15/04/2026,INV-253209,MegaMart Corp,Gadget Lite,87,266.51,23186.37,"14,706.31 EUR",,nan,23186.37
2026-04-15,INV-301961,SUPERSTORE INC,Standard Widget ,27,153.75,4151.2%,3518.05,,,4151.2%
15/04/2026,INV-553762,Small Dealer Co,  Budget Widget  ,125,189.8,23725.0,19377.01,,NULL,23725.0
"Apr 15, 2026",INV-636283,MegaMart Corp,Gadget  Lite,116,38.57,"4,474.12","2,779.37 TRY",,,"4,474.12"
15.04.2026,INV-384427,Small Dealer Co,Gadget Pro,186,185.08,34424.88,25476.0%,,VIP,34424.88
04/15/2026,INV-941214,SUPERSTORE INC,Budget Widget,90,279.51,25155.9%,17132.2,,,25155.9%
"Apr 15, 2026",INV-493214,SuperStore Inc,Budget Widget,185,212.07,39232.95,"30,529.33",,,39232.95
16/04/26,INV-711931,Small Dealer Co,  Gadget Pro  ,193,95.81,"18,491.33",NULL,,,"18,491.33"
16.04.2026,INV-212681,Small Dealer Co,Budget Widget,60,94.4,5 664.00,"4,788.31",,,5 664.00
04/16/26,INV-698335,BigBuy Distribution,Gadget  Lite,42,239.48,10058.16,8362.7%,,,10058.16
16-04-2026,INV-986447,BigBuy Distribution,Budget Widget ,70,62.48,4373.6,3229.59,,,4373.6
16 Apr 2026,INV-991904,SUPERSTORE INC,Gadget Pro,71,148.66,"10,554.86",6 770.00,,,"10,554.86"
16/04/2026,INV-730145,Small Dealer Co,Gadget Lite,15,171.55,2573.25,1718.75,,,2573.25
2026/04/17,INV-499476,Small  Dealer  Co,STANDARD WIDGET,63,81.02,"5,104.26 USD",3513.35,,,"5,104.26 USD"
2026/04/17,INV-150309,small dealer co,Premium Widget,121,222.77,"26,955.17","€22,299.93",,,"26,955.17"
04/17/2026,INV-645792,MegaMart Corp,Standard Widget,191,276.44,52800.04,"£32,899.40",,,52800.04
NULL,INV-731907,SuperStore Inc,Premium Widget,33,193.86,6397.38,4754.23,,,6397.38
17/04/26,INV-952812,MegaMart Corp,Premium Widget,35,95.33,3336.55,"€2,655.18",,,3336.55
04/17/26,INV-891164,MEGAMART CORP,  Premium Widget  ,110,57.79,6356.9,3890.97,,,6356.9
04/17/26,INV-705523,MegaMart Corp,Premium Widget,106,58.05,6153.3,4133.79,,nan,6153.3
--,INV-308355,BigBuy Distribution,Gadget Pro,144,282.32,40654.1%,26088.69,,,40654.1%
"Apr 17, 2026",INV-847519,SuperStore Inc,Premium Widget,121,237.02,28679.42,"22,587.53",,rush order,28679.42
2026/04/18,INV-960979,SUPERSTORE INC,Budget Widget,128,56.52,7234.56,6076.34,,VIP,7234.56
18/04/26,INV-489301,Small Dealer Co,Gadget Lite,20,281.51,"$5,630.20",4600.76,,,"$5,630.20"
04/18/26,INV-630524,Small Dealer Co,Premium Widget,113,113.53,"12,828.89",9663.12,,nan,"12,828.89"
18-04-2026,INV-537873,SuperStore Inc,Premium Widget,106,112.44,"11.918,64",,,,"11.918,64"
18.04.2026,INV-705073,Small Dealer Co,Standard Widget,150,179.09,"26,863.50 USD","₺22,769.68",,,"26,863.50 USD"
2026/04/18,INV-633552,BigBuy Distribution,Gadget Lite,171,206.18,35256.78,25796.59,,,35256.78
18/04/26,INV-480625,Small Dealer Co,Budget Widget,195,297.57,"€58,026.15",35559.68,,VIP,"€58,026.15"
2026-04-18,INV-449999,  Small Dealer Co  ,Gadget Pro,117,178.64,20900.88,14103.3%,,,20900.88
18/04/2026,INV-205549,MegaMart Corp,Budget Widget,88,85.99,7567.12,"6.203,35",,,7567.12
18/04/2026,INV-142393,MegaMart Corp,Premium Widget ,198,22.38,null,none,,,null
04/19/26,INV-398262,BigBuy Distribution,Budget Widget,35,30.9,1081.5,₺806.49,,none,1081.5
19/04/26,INV-421282,MegaMart Corp,Standard Widget,128,189.73,"24.285,44",16149.71,,,"24.285,44"
19/04/2026,INV-396196,Small Dealer Co,Budget Widget,117,245.95,"28.776,15","$18,957.19",,,"28.776,15"
19 Apr 2026,INV-300790,BigBuy Distribution,Budget Widget,158,86.99,13744.42,9901.47,,,13744.42
04/19/26,INV-833851,MEGAMART CORP,Budget Widget,22,28.79,633.38,515.11,,,633.38
04/20/26,INV-491143,SuperStore Inc,PREMIUM WIDGET,74,136.42,"10,095.08 EUR",7285.86,,,"10,095.08 EUR"
2026-04-20,INV-577052,MegaMart Corp,budget widget,36,155.18,5586.48,4503.16,,,5586.48
04/20/26,INV-333727,BigBuy Distribution,Gadget Lite,147,299.1,43967.7,31397.73,,,43967.7
N/A,INV-941368,BigBuy Distribution,Gadget Pro,86,269.62,--,18852.25,,,--
2026/04/20,INV-285846,Small Dealer Co,Budget Widget,14,160.49,2246.86,"1.883,20",,,2246.86
04/21/2026,INV-478986,Megamart Corp,STANDARD WIDGET,185,140.26,25948.1,17701.63,,,25948.1
"Apr 21, 2026",INV-453925,BigBuy Distribution,PREMIUM WIDGET,89,299.41,26647.49,20595.56,,,26647.49
2026/04/21,INV-268128,Small Dealer Co,Premium Widget,140,54.19,"₺7,586.60",NA,,VIP,"₺7,586.60"
21-04-2026,INV-975048,SuperStore Inc,Gadget Lite,132,297.51,39 271.32,30 997.98,,VIP,39 271.32
21/04/2026,INV-723534,Small Dealer Co,GADGET PRO,109,110.22,12014.0%,8316.3%,,,12014.0%
N/A,INV-157580,MegaMart Corp,Gadget Lite,161,58.02,9341.22,6759.18,,rush order,9341.22
none,INV-443674,superstore inc,Budget Widget,188,92.32,17356.16,12060.71,,,17356.16
21.04.2026,INV-426619,MegaMart Corp,Standard Widget,45,280.79,"12,635.55",9485.84,,VIP,"12,635.55"
04/21/2026,INV-172087,MegaMart Corp,  Gadget Lite  ,192,173.7,-,24 824.05,,rush order,-
04/21/2026,INV-277596,MegaMart Corp,Premium Widget,37,269.59,"€9,974.83","€6,090.94",,,"€9,974.83"
04/21/2026,INV-524170,SuperStore Inc ,Gadget Lite,114,21.48,2448.72,"1.789,39",,NULL,2448.72
22-04-2026,INV-238882,Bigbuy Distribution,  Gadget Pro  ,78,89.73,"6,998.94","5.697,38",,VIP,"6,998.94"
22-04-2026,INV-568791,SuperStore Inc,PREMIUM WIDGET,73,228.57,"16,685.61",13061.71,,,"16,685.61"
22.04.2026,INV-558700,SuperStore Inc,Standard Widget,195,201.43,"39,278.85","24.777,53",,,"39,278.85"
2026-04-22,INV-596221,BigBuy Distribution,Premium Widget,10,141.32,1413.2,903.96,,rush order,1413.2
22/04/26,INV-634456,MEGAMART CORP,Gadget Lite,160,147.24,"23,558.40 EUR","15,920.74 USD",,,"23,558.40 EUR"
22-04-2026,INV-894544,MegaMart Corp,Standard  Widget,78,221.95,17312.1,12 646.61,,rush order,17312.1
22.04.2026,INV-714667,SuperStore Inc,Gadget Lite,170,159.17,NULL,19809.33,,,NULL
22-04-2026,INV-551750,Small Dealer Co,Standard Widget,181,255.73,46287.13,34733.54,,NULL,46287.13
22-04-2026,INV-873874,Megamart Corp,Gadget Lite,186,41.36,7 692.96,5702.71,,,7 692.96
22.04.2026,INV-929527,SuperStore Inc,Standard Widget,104,47.12,4900.48,3254.48,,VIP,4900.48
NONE,INV-474236,SuperStore Inc ,Gadget Lite,21,153.28,"3,218.88 USD",2154.3,,rush order,"3,218.88 USD"
"Apr 22, 2026",INV-336585,SuperStore Inc,Gadget Pro,16,226.89,"€3,630.24",3068.19,,rush order,"€3,630.24"
04/23/2026,INV-492729,MegaMart Corp,Standard Widget,40,223.21,8928.4,6973.22,,,8928.4
04/23/2026,INV-969034,SUPERSTORE INC,PREMIUM WIDGET,185,256.01,47 361.85,"£33,394.33",,,47 361.85
"Apr 23, 2026",INV-195446,SuperStore Inc,gadget lite,124,138.97,17232.28,12971.38,,,17232.28
23/04/26,INV-343060,MegaMart Corp,Gadget Lite,187,55.5,10378.5,6366.67,,,10378.5
23-04-2026,INV-832719,SuperStore Inc,  Standard Widget  ,22,162.36,"3,571.92",--,,,"3,571.92"
2026-04-23,INV-187696,SuperStore Inc,Premium Widget ,169,143.86,,17153.1,,,
2026/04/23,INV-497457,SUPERSTORE INC,Budget Widget,200,246.23,49246.0,36760.2%,,,49246.0
2026-04-23,INV-429372,BigBuy Distribution,Premium Widget,84,93.03,7814.52,"4,854.85 TRY",,none,7814.52
23/04/2026,INV-347256,Small Dealer Co,gadget pro,20,162.0,3240.0,2322.5%,,,3240.0
23 Apr 2026,INV-731350,SuperStore Inc,gadget pro,78,163.27,,10795.09,,,
23.04.2026,INV-975454,Small Dealer Co,Gadget Lite,168,119.42,20062.56,17046.86,,VIP,20062.56
23-04-2026,INV-653985,MegaMart  Corp,Gadget Lite ,152,276.27,41993.04,32948.85,,,41993.04
24/04/2026,INV-424623,BigBuy Distribution,Gadget Pro,72,63.36,"£4,561.92","$2,811.89",,NONE,"£4,561.92"
04/24/2026,INV-408106,MegaMart  Corp,Budget Widget,128,264.56,-,27277.51,,,-
24/04/26,INV-643945,MegaMart Corp,standard widget,181,43.69,7907.89,NULL,,,7907.89
24-04-2026,INV-902209,BigBuy Distribution,Standard Widget,94,223.14,20975.16,"13,289.09",,,20975.16
25/04/2026,INV-761518,BigBuy Distribution,STANDARD WIDGET,160,108.22,17315.2,"13,457.71 TRY",,,17315.2
2026/04/25,INV-508253,Small Dealer Co,Standard Widget,65,57.72,3751.8,2855.15,,,3751.8
04/25/26,INV-649317,Small Dealer Co,Premium Widget,138,260.35,N/A,28553.24,,VIP,N/A
04/25/26,INV-930558,SuperStore Inc,premium widget,186,125.64,23369.04,16780.57,,,23369.04
2026-04-25,INV-715049,SuperStore Inc,Budget Widget,24,41.35,992.4,745.22,,,992.4
25/04/26,INV-527030,Small Dealer Co,Standard Widget,59,67.77,3998.43,"3,121.73 EUR",,rush order,3998.43
25-04-2026,INV-158077,Bigbuy Distribution,Premium Widget,171,25.95,4437.45,3541.12,,,4437.45
25 Apr 2026,INV-633804,SuperStore Inc ,Gadget Lite,102,129.37,"13,195.74 USD","10.835,48",,,"13,195.74 USD"
26/04/26,INV-105199,Small Dealer Co,Standard Widget,156,50.46,7871.76,"5.955,73",,VIP,7871.76
2026/04/26,INV-573467,Small Dealer Co,Gadget Lite,59,115.93,6839.87,4509.91,,VIP,6839.87
04/26/26,INV-947322,MegaMart Corp,Premium Widget,139,123.11,"$17,112.29",12682.18,,,"$17,112.29"
04/26/26,INV-360257,BigBuy Distribution,Gadget Pro,151,199.69,30153.19,23817.21,,,30153.19
04/26/2026,INV-913976,BigBuy Distribution,Standard Widget,154,48.82,7518.28,4550.95,,,7518.28
26-04-2026,INV-424536,Small Dealer Co,Gadget Pro,154,176.76,27221.04,22 712.75,,,27221.04
2026/04/26,INV-527265,SuperStore Inc,Gadget Lite,143,189.88,27152.84,18503.15,,rush order,27152.84
2026/04/26,INV-526691,SuperStore Inc ,Premium Widget,187,178.55,33388.8%,23657.24,,,33388.8%
26.04.2026,INV-518036,SuperStore Inc ,Premium Widget,13,177.3,"2.304,90",1848.96,,rush order,"2.304,90"
26 Apr 2026,INV-165646,SuperStore Inc,Gadget Lite,71,184.53,13101.63,nan,,,13101.63
26/04/2026,INV-999507,MegaMart Corp,Premium Widget,109,161.09,17558.81,"10,864.76",,rush order,17558.81
"Apr 27, 2026",INV-562054,Small Dealer Co,Premium Widget,114,236.62,26974.68,22003.91,,rush order,26974.68
2026-04-27,INV-268791,BigBuy Distribution,Gadget Pro,110,65.45,7199.5,"€5,605.38",,,7199.5
27/04/2026,INV-586806,MegaMart Corp,GADGET LITE,77,26.37,"2,030.49 USD","£1,693.72",,VIP,"2,030.49 USD"
27/04/26,INV-411142,Superstore Inc,Premium Widget ,52,209.85,10912.2%,"6,761.73 TRY",,,10912.2%
27.04.2026,INV-972415,BigBuy Distribution,Budget Widget,161,33.77,5 436.97,4568.74,,,5 436.97
27.04.2026,INV-644656,Small Dealer Co,Premium Widget,130,169.57,"€22,044.10","$18,338.95",,VIP,"€22,044.10"
04/27/2026,INV-669913,SuperStore Inc,Gadget Pro,156,172.92,26975.52,21 139.02,,VIP,26975.52
27/04/26,INV-917769,Small Dealer Co,Budget Widget,17,114.77,1 951.09,"1,449.87",,,1 951.09
"Apr 28, 2026",INV-209996,BigBuy Distribution,PREMIUM WIDGET,10,125.31,1253.1,$796.86,,,1253.1
28.04.2026,INV-346645,Small Dealer Co,Budget Widget,155,62.1,"£9,625.50",5950.63,,n/a,"£9,625.50"
28.04.2026,INV-779865,BigBuy Distribution,Gadget Pro,149,263.06,39195.94,32856.85,,rush order,39195.94
04/28/2026,INV-346709,BigBuy Distribution,Standard Widget,165,114.56,18902.4,"14,816.76 TRY",,,18902.4
"Apr 28, 2026",INV-503150,Small Dealer Co,Gadget Lite,124,129.34,"16,038.16 EUR","10,408.72",,,"16,038.16 EUR"
29-04-2026,INV-486589,Small Dealer Co,  Standard Widget  ,139,159.22,22131.58,17957.07,,,22131.58
2026/04/29,INV-993891,BigBuy Distribution,Premium Widget,17,205.8,3498.6,"2,858.17 TRY",,,3498.6
29-04-2026,INV-304019,BigBuy Distribution,Budget Widget,74,71.12,"5,262.88","3.846,62",,rush order,"5,262.88"
04/29/2026,INV-523259,MegaMart Corp,Gadget Lite,97,133.37,12936.9%,8605.39,,,12936.9%
29 Apr 2026,INV-991417,SuperStore Inc,Gadget Lite,187,82.24,"15,378.88",11264.03,,--,"15,378.88"
04/29/26,INV-607771,BigBuy Distribution,gadget lite,14,190.77,"2.670,78","2,107.24",,VIP,"2.670,78"
04/29/2026,INV-483894,MegaMart Corp,Standard Widget,60,166.03,9961.8%,"7,732.07",,,9961.8%
29/04/2026,INV-136901,SuperStore Inc,Gadget Lite,117,153.24,17929.1%,"14,548.89",,rush order,17929.1%
29-04-2026,INV-985734,SuperStore Inc,Budget Widget,126,127.22,16029.72,11738.61,,rush order,16029.72
29.04.2026,INV-413157,BigBuy Distribution,Gadget Lite,112,65.58,7344.96,4658.27,,,7344.96
04/29/2026,INV-419335,SuperStore Inc,Standard Widget,136,217.71,29608.6%,21541.77,,rush order,29608.6%
30/04/2026,INV-938139,MegaMart Corp ,Premium Widget,187,139.87,"26,155.69","17.866,26",,,"26,155.69"
04/30/26,INV-851553,BigBuy Distribution,Budget Widget,27,78.34,2115.18,"$1,440.43",,,2115.18
30/04/26,INV-874633,SuperStore Inc,Gadget Pro,137,289.67,39684.79,30660.08,,,39684.79
04/30/26,INV-197102,BigBuy Distribution,Standard Widget,83,78.56,"6,520.48",5475.07,,,"6,520.48"
"Apr 30, 2026",INV-586813,small dealer co,Premium Widget,199,22.27,"4,431.73 EUR","₺2,758.59",,,"4,431.73 EUR"
30/04/26,INV-352800,BIGBUY DISTRIBUTION,Budget Widget,102,177.37,18091.74,"12,056.47",,,18091.74
04/30/2026,INV-262730,Small Dealer Co,Premium Widget,23,173.82,"3,997.86 TRY","2,580.27 TRY",,,"3,997.86 TRY"
2026/04/30,INV-836593,Superstore Inc,Gadget Lite,199,135.34,26932.66,17312.26,,,26932.66
04/30/26,INV-448781,SuperStore Inc,Standard Widget,91,175.66,15985.06,10822.13,,,15985.06
2026-04-30,INV-447193,BigBuy Distribution,Budget Widget,157,247.01,"38,780.57 TRY",30781.41,,,"38,780.57 TRY"
2026-04-30,INV-674598,Small  Dealer  Co,Standard Widget,144,274.99,"39.598,56",30874.65,,,"39.598,56"
2026/04/30,INV-799764,SuperStore Inc,Standard Widget,19,267.34,5079.46,3384.59,,,5079.46
05/01/26,INV-436314,SuperStore Inc ,Budget Widget,70,198.48,none,9705.88,,VIP,none
01/05/2026,INV-417499,Small Dealer Co,Premium Widget,27,117.13,3162.51,2586.79,,,3162.51
01/05/2026,INV-252236,  Small Dealer Co  ,Standard Widget,80,203.05,16244.0,12730.92,,VIP,16244.0
01 May 2026,INV-522257,MegaMart Corp,Gadget Pro,172,62.26,10708.72,6831.59,,VIP,10708.72
NA,INV-301792,SUPERSTORE INC,Premium Widget,56,31.72,1776.32,1340.01,,,1776.32
01/05/26,INV-816221,Small  Dealer  Co,Gadget Pro,96,78.35,7521.6,4538.17,,VIP,7521.6
01/05/2026,INV-949833,SuperStore Inc,  Gadget Pro  ,96,260.76,"$25,032.96",18627.21,,,"$25,032.96"
01/05/26,INV-442505,SuperStore  Inc,Premium Widget,193,206.75,39902.75,29889.18,,,39902.75
05/01/2026,INV-602593,BigBuy Distribution,Gadget Lite,109,105.94,11547.46,9596.0,,VIP,11547.46
01/05/2026,INV-459022,Small  Dealer  Co,Standard Widget,81,36.89,2 988.09,2240.37,,none,2 988.09
"May 01, 2026",INV-486469,BigBuy Distribution,Budget  Widget,50,251.77,12588.5,9707.15,,,12588.5
,INV-906519,MegaMart Corp,Budget Widget,104,143.99,"€14,974.96","11,519.74",,VIP,"€14,974.96"
2026/05/02,INV-569511,MegaMart Corp,Premium Widget,19,78.02,"1,482.38 EUR",,,VIP,"1,482.38 EUR"
2026-05-02,INV-952489,SuperStore Inc,Premium Widget,161,28.53,"4.593,33",3582.56,,,"4.593,33"
02 May 2026,INV-725119,Bigbuy Distribution,Budget  Widget,145,287.09,41628.05,30097.42,,,41628.05
02 May 2026,INV-558027,Small Dealer Co,Budget Widget,17,77.28,1313.76,972.6,,rush order,1313.76
02/05/2026,INV-153034,MegaMart Corp,Standard Widget,100,183.84,18384.0,"13,441.53",,,18384.0
2026/05/02,INV-361400,Small  Dealer  Co,Gadget Pro,180,150.86,27154.8,22497.27,,rush order,27154.8
"May 02, 2026",INV-818437,BigBuy Distribution,Premium Widget,54,31.84,"1,719.36 EUR",1294.06,,,"1,719.36 EUR"
02-05-2026,INV-872766,Small Dealer Co,Premium Widget,107,188.84,"20,205.88 EUR",15911.66,,,"20,205.88 EUR"
"May 03, 2026",INV-959636,BigBuy Distribution,Gadget Lite,159,179.17,"28,488.03",17 904.29,,,"28,488.03"
05/03/26,INV-699326,SuperStore  Inc,Gadget Lite,37,44.93,1662.41,1020.27,,VIP,1662.41
03.05.2026,INV-418886,Small Dealer Co,Gadget Lite ,47,271.29,12750.63,7916.55,,N/A,12750.63
2026-05-03,INV-951307,SuperStore Inc,Gadget Lite,51,232.19,11841.69,8441.03,,,11841.69
03/05/26,INV-623957,BigBuy Distribution,Premium Widget ,148,33.11,"4.900,28","3,521.23",,VIP,"4.900,28"
05/03/26,INV-471868,BigBuy Distribution,Gadget  Lite,52,187.97,9774.44,6899.47,,,9774.44
2026/05/03,INV-212206,MegaMart Corp,Standard Widget,76,273.32,"20.772,32","12,922.65",,,"20.772,32"
--,INV-636556,Small Dealer Co,Gadget Pro,56,102.0,5712.0,3491.7,,,5712.0
NA,INV-927687,SuperStore Inc,Budget Widget,26,144.31,3752.1%,2394.7,,,3752.1%
03/05/2026,INV-714987,BigBuy Distribution,Standard Widget,146,132.04,"19,277.84",N/A,,rush order,"19,277.84"
03-05-2026,INV-145918,BigBuy Distribution,Standard Widget,179,231.54,41445.66,31081.03,,,41445.66
04-05-2026,INV-830872,MEGAMART CORP,Budget Widget,112,113.09,12666.08,10228.05,,,12666.08
04/05/26,INV-761113,BigBuy Distribution,Budget Widget,17,240.56,4089.52,2879.42,,none,4089.52
04/05/26,INV-542693,MegaMart Corp,Premium Widget,112,149.28,"16,719.36",12335.35,,,"16,719.36"
2026-05-04,INV-216020,SuperStore Inc,Gadget Lite,188,293.07,55097.16,"38,510.54",,rush order,55097.16
2026-05-04,INV-338099,SuperStore Inc,Premium Widget,194,187.75,N/A,23 498.45,,,N/A
04.05.2026,INV-656115,Small Dealer Co,Gadget Lite,63,137.95,,5754.54,,rush order,
2026/05/04,INV-613832,BigBuy Distribution,Gadget Lite,55,33.15,1 823.25,1 513.53,,rush order,1 823.25
05/05/2026,INV-907848,MegaMart Corp,Budget Widget,156,146.17,22802.52,"19.114,16",,,22802.52
"May 05, 2026",INV-548981,BigBuy Distribution,Gadget Pro,189,100.97,19083.33,11 967.15,,,19083.33
05/05/26,INV-770478,Small Dealer Co,Gadget Pro,89,132.35,"£11,779.15",9316.74,,rush order,"£11,779.15"
2026-05-05,INV-940867,Megamart Corp,Gadget Pro,11,232.94,2562.34,"2,164.81 TRY",,,2562.34
2026/05/05,INV-830264,SMALL DEALER CO,Budget Widget,44,298.38,"$13,128.72",9218.16,,,"$13,128.72"
05.05.2026,INV-479615,Small Dealer Co,Gadget Lite,146,33.47,"4,886.62",3608.9,,NULL,"4,886.62"
"May 05, 2026",INV-399332,MegaMart Corp,Budget Widget,18,209.23,3766.14,"€2,663.83",,,3766.14
05-05-2026,INV-973048,Small Dealer Co,Gadget Lite,184,283.22,52112.48,"40.822,83",,,52112.48
05-05-2026,INV-134812,Small Dealer Co,Gadget Lite,185,67.52,12491.2,"7,721.98",,rush order,12491.2
05 May 2026,INV-561941,  SuperStore Inc  ,Gadget Pro,93,221.37,"20.587,41",14941.53,,VIP,"20.587,41"
05/06/26,INV-328005,BigBuy Distribution,gadget lite,141,273.4,38549.4%,31 249.69,,VIP,38549.4%
06/05/26,INV-639484,MegaMart Corp,Gadget Pro,13,199.7,"2,596.10","1,980.12 TRY",,,"2,596.10"
06 May 2026,INV-844984,MegaMart Corp,Standard Widget,88,298.1,"26,232.80 TRY",17 802.25,,NA,"26,232.80 TRY"
null,INV-694103,SuperStore Inc,Budget Widget,78,57.02,"4.447,56","2,895.07",,,"4.447,56"
06 May 2026,INV-583717,SuperStore Inc,Standard Widget,142,262.74,"$37,309.08","31,005.28",,VIP,"$37,309.08"
06-05-2026,INV-490774,Small Dealer Co,Gadget Pro,39,32.69,1274.91,774.44,,VIP,1274.91
06/05/26,INV-772676,MegaMart Corp,gadget pro,83,37.28,3094.24,--,,,3094.24
none,INV-445426,SuperStore Inc,Standard Widget,90,106.61,9594.9,"7.835,09",,,9594.9
06/05/2026,INV-843397,Small Dealer Co,Gadget Lite,122,253.55,30933.1,nan,,,30933.1
06-05-2026,INV-550779,SuperStore Inc,Premium Widget,82,20.44,1676.08,NA,,,1676.08
05/07/26,INV-224060,SuperStore Inc,Gadget Lite,85,175.11,14 884.35,10336.89,,n/a,14 884.35
2026/05/07,INV-576632,Small Dealer Co,Gadget Pro,167,40.34,NA,4093.66,,VIP,NA
07.05.2026,INV-840364,SuperStore Inc,  Gadget Lite  ,107,24.11,"$2,579.77",2178.47,,,"$2,579.77"
05/07/2026,INV-270623,SuperStore Inc,Premium  Widget,134,103.1,13815.4,10368.88,,,13815.4
2026-05-07,INV-434454,Small  Dealer  Co,Standard Widget,95,163.42,15524.9,9603.9%,,rush order,15524.9
2026/05/07,INV-529925,SuperStore Inc,Gadget Pro,10,256.58,2565.8,1630.27,,,2565.8
07/05/26,INV-291646,MegaMart Corp ,Budget Widget,127,68.07,"£8,644.89",6974.87,,--,"£8,644.89"
2026-05-07,INV-195909,BigBuy Distribution,  Standard Widget  ,193,146.73,28318.89,17629.14,,NONE,28318.89
05/07/26,INV-242778,BigBuy Distribution,Premium Widget ,10,190.92,1909.2,1 548.29,,,1909.2
05/08/2026,INV-936185,MegaMart Corp,Premium Widget,128,39.85,"5,100.80",3609.06,,,"5,100.80"
08-05-2026,INV-943866,Small Dealer Co,Gadget Lite,115,186.07,"21,398.05","15,904.55 USD",,,"21,398.05"
08-05-2026,INV-453784,megamart corp,Budget Widget,64,272.48,17 438.72,"$13,625.54",,,17 438.72
08.05.2026,INV-285468,Small Dealer Co,Standard Widget,145,36.93,5354.85,"4.366,94",,n/a,5354.85
05/08/26,INV-451863,SuperStore Inc,Budget Widget,107,277.92,"$29,737.44",23773.55,,,"$29,737.44"
05/08/26,INV-206657,MegaMart Corp,Budget Widget,103,289.06,29773.18,19050.78,,rush order,29773.18
2026-05-09,INV-525850,MegaMart Corp,Premium Widget,35,149.56,5234.6,"3,804.91",,,5234.6
2026-05-09,INV-111089,BigBuy Distribution,Gadget Lite,69,108.24,7468.56,6198.75,,,7468.56
05/09/26,INV-456289,SMALL DEALER CO,Standard Widget,189,277.31,52411.59,32481.3,,rush order,52411.59
09/05/2026,INV-150483,Small Dealer Co,Premium Widget,82,32.27,2646.14,2139.9,,,2646.14
09/05/26,INV-414459,Small Dealer Co,Premium Widget,83,288.07,NULL,18064.1%,,rush order,NULL
2026-05-09,INV-162206,MegaMart Corp,Gadget Lite,66,297.34,19624.44,"13.427,09",,,19624.44
05/10/2026,INV-851468,MegaMart Corp,Gadget Pro,174,25.38,4416.12,NULL,,--,4416.12
10-05-2026,INV-268485,SuperStore Inc,Standard Widget,155,257.52,39915.6,27 010.46,,,39915.6
10-05-2026,INV-422662,MegaMart Corp,Budget Widget,28,158.1,"4,426.80","3,746.59",,,"4,426.80"
10/05/26,INV-365580,MegaMart Corp,Budget Widget,27,24.27,655.29,522.18,,n/a,655.29
05/10/26,INV-683515,MegaMart Corp,Standard Widget,48,268.19,12873.12,8099.28,,,12873.12
05/10/2026,INV-579800,  Small Dealer Co  ,Gadget Lite,92,260.02,23921.84,19 500.51,,,23921.84
10 May 2026,INV-834447,BigBuy Distribution,Budget Widget,143,72.23,10328.89,"6,857.96 USD",,,10328.89
10-05-2026,INV-661544,megamart corp,Standard Widget,175,242.67,42467.25,"33,183.45 TRY",,VIP,42467.25
05/10/26,INV-999762,BigBuy Distribution,Budget Widget,150,174.17,"26,125.50 USD",,,,"26,125.50 USD"
"May 11, 2026",INV-270407,Small Dealer Co,Premium Widget,165,283.93,46848.45,"34,064.92",,,46848.45
11/05/26,INV-884096,MegaMart Corp,Premium Widget,55,174.34,9588.7,"$7,227.58",,,9588.7
11.05.2026,INV-849096,MegaMart Corp,Premium Widget,117,292.7,34245.9,28737.09,,,34245.9
11 May 2026,INV-365778,SuperStore Inc,Standard Widget,43,56.56,null,1726.1%,,,null
05/11/2026,INV-727273,SuperStore Inc,Gadget Pro,10,211.01,"2,110.10 EUR",1 701.20,,VIP,"2,110.10 EUR"
11/05/26,INV-961067,Small Dealer Co,Premium Widget,184,267.37,49196.08,37952.16,,,49196.08
2026-05-12,INV-501777,Small Dealer Co,Premium Widget,110,65.42,7196.2,5338.66,,,7196.2
05/12/26,INV-907623,Small Dealer Co,Standard Widget,49,43.55,"2,133.95",-,,,"2,133.95"
12 May 2026,INV-797790,SuperStore Inc,Standard Widget,155,136.71,"€21,190.05",12 759.25,,rush order,"€21,190.05"
12 May 2026,INV-254684,BigBuy Distribution,  Standard Widget  ,177,175.35,31036.95,21109.48,,VIP,31036.95
05/12/2026,INV-483394,BigBuy Distribution,STANDARD WIDGET,192,43.7,8390.4,6294.45,,,8390.4
"May 12, 2026",INV-916171,BigBuy Distribution,Premium Widget,146,86.04,"12.561,84",8308.2%,,rush order,"12.561,84"
12.05.2026,INV-512119,BigBuy Distribution,Gadget Pro,137,112.63,15430.31,11007.7%,,,15430.31
2026/05/13,INV-294369,SMALL DEALER CO,Gadget Lite,26,140.65,3656.9,3022.38,,none,3656.9
05/13/26,INV-224427,SuperStore Inc,Gadget Pro,92,240.23,"22,101.16",15311.77,,,"22,101.16"
13.05.2026,INV-323861,SuperStore  Inc,Budget Widget,108,54.31,5865.48,4712.38,,rush order,5865.48
13/05/2026,INV-486253,Small Dealer Co,Premium  Widget,155,135.54,21008.7,"16,060.02",,,21008.7
--,INV-303419,Small Dealer Co,Gadget Lite ,33,276.52,9125.16,"₺6,745.73",,,9125.16
2026-05-13,INV-777071,MegaMart Corp,Standard Widget,187,168.13,"31,440.31 EUR",25 125.78,,,"31,440.31 EUR"
13/05/2026,INV-424207,bigbuy distribution,Premium Widget,49,247.83,12143.67,10116.98,,,12143.67
2026-05-13,INV-308099,BigBuy Distribution,Standard Widget,128,205.52,"26,306.56",22001.25,,,"26,306.56"
13-05-2026,INV-346028,SuperStore Inc ,Premium Widget,106,194.28,20593.68,"₺14,163.64",,,20593.68
14-05-2026,INV-543785,  SuperStore Inc  ,  Standard Widget  ,173,214.1,37039.3,"29,767.39",,,37039.3
14-05-2026,INV-499646,MegaMart Corp,Gadget Pro,139,118.0,16402.0,"₺9,983.73",,,16402.0
"May 14, 2026",INV-798582,MegaMart  Corp,Premium Widget,13,157.59,2048.67,1309.09,,VIP,2048.67
14/05/26,INV-117707,BigBuy Distribution,Gadget Pro,146,260.67,38057.82,"30.249,79",,,38057.82
14 May 2026,INV-291931,BigBuy Distribution,Premium Widget,74,299.2,22140.8,15200.25,,,22140.8
15-05-2026,INV-106619,SuperStore  Inc,Budget Widget,105,203.71,"21.389,55","17,647.55",,rush order,"21.389,55"
15.05.2026,INV-796223,BigBuy Distribution,Gadget Pro,68,259.9,17673.2,14800.32,,,17673.2
15 May 2026,INV-855373,SuperStore Inc,Gadget  Pro,156,251.89,"39,294.84 USD","28,228.69",,VIP,"39,294.84 USD"
05/15/2026,INV-163122,MegaMart Corp,Budget Widget,29,178.54,"5,177.66",4295.27,,--,"5,177.66"
05/15/26,INV-523135,MegaMart Corp,Gadget Pro,45,25.08,"1,128.60 USD",724.77,,,"1,128.60 USD"
15/05/26,INV-660741,Small Dealer Co,Gadget Pro,113,30.17,"3,409.21 USD","€2,859.38",,,"3,409.21 USD"
15 May 2026,INV-444788,Small Dealer Co,Gadget Lite,176,172.52,30363.52,20893.27,,VIP,30363.52
15.05.2026,INV-690390,SuperStore Inc,Budget Widget,17,287.07,"4,880.19",NONE,,,"4,880.19"
15 May 2026,INV-464441,  BigBuy Distribution  ,Gadget Pro,132,21.93,2 894.76,"1,773.00",,,2 894.76
"May 15, 2026",INV-182919,MegaMart Corp,Gadget Pro,75,260.21,19515.75,11870.58,,,19515.75
15-05-2026,INV-547287,BigBuy Distribution,premium widget,45,179.41,8073.45,5611.36,,,8073.45
2026/05/15,INV-890331,SuperStore Inc,Budget Widget,30,258.93,7767.9,5853.27,,,7767.9
05/16/26,INV-382737,SuperStore Inc,Budget Widget,88,218.53,"19.230,64",15315.11,,,"19.230,64"
16/05/26,INV-710939,BigBuy Distribution,Gadget Pro,14,167.23,2341.22,1800.41,,NULL,2341.22
16.05.2026,INV-760914,MegaMart Corp,Budget Widget,73,64.15,4682.95,NONE,,none,4682.95
2026-05-16,INV-248305,BigBuy Distribution,GADGET PRO,96,152.33,"14,623.68",10 915.13,,,"14,623.68"
16/05/26,INV-551143,MegaMart Corp,Budget Widget,44,238.06,10474.6%,6819.1,,,10474.6%
16 May 2026,INV-265225,superstore inc,Premium Widget,27,93.11,"2.513,97",NULL,,,"2.513,97"
16/05/26,INV-971571,Megamart Corp,Standard Widget,73,74.57,"5.443,61",3888.81,,,"5.443,61"
17-05-2026,INV-139363,BigBuy Distribution,Premium Widget,191,218.2,41676.2,"26,473.43",,VIP,41676.2
05/17/2026,INV-645588,SuperStore Inc,Budget Widget,91,36.36,3308.76,"2,174.17",,,3308.76
2026/05/17,INV-955412,SuperStore Inc,Standard Widget,12,58.16,697.92,"442,21",,,697.92
"May 18, 2026",INV-278915,Small Dealer Co,Gadget Pro,46,237.25,10913.5,8211.5%,,NULL,10913.5
05/18/2026,INV-271344,MegaMart Corp,  Standard Widget  ,65,95.84,"6,229.60",5167.3,,VIP,"6,229.60"
18.05.2026,INV-534026,BigBuy Distribution,Standard Widget,23,266.7,6134.1,"3,770.16 TRY",,,6134.1
2026-05-19,INV-941654,SuperStore Inc,Gadget Lite,77,34.01,2618.77,"1,806.79 TRY",,,2618.77
19/05/2026,INV-190127,BigBuy Distribution,Gadget Lite,108,130.38,14081.04,"10.327,66",,,14081.04
2026-05-19,INV-936698,megamart corp,Premium Widget,145,148.21,N/A,15653.17,,,N/A
19 May 2026,INV-884794,SuperStore Inc,Standard Widget,100,49.0,4900.0%,4130.24,,,4900.0%
2026-05-20,INV-825987,SuperStore Inc,STANDARD WIDGET,152,147.23,"₺22,378.96",14342.39,,,"₺22,378.96"
20 May 2026,INV-903162,SuperStore Inc,Gadget Lite,61,293.33,--,null,,,--
"May 20, 2026",INV-622199,BigBuy  Distribution,Gadget Lite,28,191.38,"₺5,358.64","4.387,33",,,"₺5,358.64"
2026/05/20,INV-905940,Bigbuy Distribution,Gadget Pro,53,64.81,"3,434.93","$2,368.98",,rush order,"3,434.93"
20/05/2026,INV-451508,SuperStore Inc,Gadget Pro,20,62.46,1 249.20,₺848.75,,,1 249.20
20/05/2026,INV-285367,MegaMart  Corp,Budget  Widget,175,207.27,36272.25,24843.25,,,36272.25
20/05/2026,INV-900667,MegaMart  Corp,Standard Widget,54,238.99,12905.5%,8943.85,,rush order,12905.5%
"May 21, 2026",INV-356431,BigBuy Distribution,Premium Widget,77,175.76,13533.52,8 318.00,,,13533.52
21 May 2026,INV-947944,BigBuy Distribution ,Budget Widget,198,288.73,"57,168.54",43416.73,,,"57,168.54"
05/21/26,INV-568203,SuperStore Inc,STANDARD WIDGET,29,74.13,2149.77,1299.06,,VIP,2149.77
05/21/2026,INV-840536,Small  Dealer  Co,Standard Widget,160,190.63,30500.8,NULL,,,30500.8
2026-05-21,INV-472536,megamart corp,Premium Widget,11,117.39,"1,291.29",838.28,,,"1,291.29"
05/21/2026,INV-984826,SuperStore Inc,Gadget Lite,116,255.89,29683.24,22 380.75,,,29683.24
21 May 2026,INV-285632,SuperStore Inc,Gadget Lite,138,190.64,"26,308.32 EUR",18319.57,,nan,"26,308.32 EUR"
05/21/2026,INV-583484,Small Dealer Co,Gadget Pro,36,89.39,"€3,218.04",2375.03,,,"€3,218.04"
n/a,INV-648034,MegaMart Corp,Gadget Lite,145,153.52,"22,260.40 EUR",17297.71,,,"22,260.40 EUR"
21.05.2026,INV-466942,BigBuy Distribution,Premium Widget,73,235.69,"17,205.37 TRY",12995.09,,,"17,205.37 TRY"
21-05-2026,INV-423011,SuperStore Inc,Gadget Pro,198,209.16,41 413.68,35105.09,,,41 413.68
21.05.2026,INV-165985,SuperStore Inc,Gadget Lite,97,111.32,"10,798.04 TRY","$8,104.86",,,"10,798.04 TRY"
22-05-2026,INV-941721,Small Dealer Co,Gadget Lite,134,26.05,3490.7,2097.8%,,VIP,3490.7
2026-05-22,INV-930823,BigBuy Distribution,Gadget Lite,38,135.07,5132.66,"3,390.80",,rush order,5132.66
05/22/2026,INV-383702,SuperStore Inc,Gadget Lite,179,199.2,35656.8,"₺28,580.74",,,35656.8
22/05/2026,INV-680210,  BigBuy Distribution  ,Gadget Lite,101,165.62,16727.62,"13,257.36",,,16727.62
2026-05-22,INV-474799,Small Dealer Co,Budget Widget,70,24.08,1685.6,1401.3%,,,1685.6
22/05/26,INV-595037,Bigbuy Distribution,Gadget Pro,34,176.23,5991.82,4744.4,,,5991.82
2026-05-22,INV-512504,Small Dealer Co,standard widget,174,245.02,42633.48,"25.912,95",,,42633.48
22 May 2026,INV-600890,BigBuy Distribution,Gadget Pro,180,116.02,20883.6,14733.06,,,20883.6
22 May 2026,INV-418320,BigBuy Distribution,Standard Widget,118,235.07,"27.738,26",17920.56,,,"27.738,26"
2026/05/22,INV-328758,Bigbuy Distribution,Gadget Lite,185,239.93,"44.387,05",30764.28,,rush order,"44.387,05"
23.05.2026,INV-662111,MegaMart Corp,Standard Widget,10,227.49,2274.9,"1,589.24 USD",,,2274.9
2026/05/23,INV-744819,SuperStore Inc,Gadget Lite,168,117.02,"19,659.36",13373.2%,,N/A,"19,659.36"
23.05.2026,INV-559654,Small Dealer Co,Premium Widget,27,35.33,953.91,790.85 EUR,,,953.91
"May 23, 2026",INV-635345,  BigBuy Distribution  ,Gadget Lite,38,253.31,9625.78,7806.76,,,9625.78
05/24/2026,INV-603231,SuperStore Inc ,PREMIUM WIDGET,59,54.95,"₺3,242.05",2121.74,,VIP,"₺3,242.05"
24/05/26,INV-152431,Small Dealer Co,Gadget Lite,60,22.7,"$1,362.00","1,098.86",,,"$1,362.00"
24 May 2026,INV-243184,MegaMart Corp ,Premium Widget,101,138.96,"14,034.96 EUR",10099.44,,rush order,"14,034.96 EUR"
24-05-2026,INV-705489,BigBuy Distribution,Gadget Lite,106,196.15,20791.9,14710.33,,n/a,20791.9
05/24/26,INV-859375,SuperStore Inc,Premium Widget,185,218.48,"40,418.80",25905.68,,n/a,"40,418.80"
24/05/2026,INV-562534,BigBuy Distribution,Gadget Pro,122,67.8,8271.6%,6846.48,,,8271.6%
NONE,INV-887074,Small Dealer Co,Gadget Lite,197,170.87,"£33,661.39",25753.77,,,"£33,661.39"
24/05/26,INV-458318,BigBuy Distribution,Gadget Lite,77,279.12,"21,492.24 USD",17252.28,,,"21,492.24 USD"
"May 24, 2026",INV-590744,MegaMart Corp,Gadget Pro,30,181.87,NA,4105.38,,,NA
24 May 2026,INV-120945,MegaMart Corp,Gadget Lite,104,108.37,11270.5%,--,,,11270.5%
2026-05-24,INV-701848,MegaMart Corp ,Premium Widget,157,87.52,13740.64,10252.21,,,13740.64
25 May 2026,INV-246654,BigBuy Distribution,gadget lite,146,243.33,"£35,526.18","28,914.63 USD",,,"£35,526.18"
25.05.2026,INV-572239,MegaMart Corp,Gadget Pro,65,213.26,NONE,10083.34,,VIP,NONE
25/05/26,INV-351641,MegaMart Corp,Standard Widget,176,113.61,19995.36,"13,925.94",,,19995.36
26 May 2026,INV-180261,SuperStore Inc,Gadget Pro,126,27.89,3514.14,2247.7%,,rush order,3514.14
05/26/2026,INV-614237,MegaMart Corp,Premium Widget,169,299.77,"50,661.13","36,245.85",,NULL,"50,661.13"
26-05-2026,INV-122657,MegaMart Corp,Standard Widget,77,59.96,4616.92,"3,254.58",,,4616.92
26/05/26,INV-900620,Small Dealer Co,Gadget Lite,157,243.24,38188.68,26907.64,,,38188.68
2026-05-26,INV-772979,Small Dealer Co,Budget Widget,79,263.93,20850.5%,16442.67,,rush order,20850.5%
26/05/26,INV-592718,MegaMart Corp,Gadget Pro,37,232.12,8588.44,"6,954.80",,N/A,8588.44
26 May 2026,INV-124318,BigBuy Distribution,Gadget Pro,141,82.28,"11,601.48",7639.68,,,"11,601.48"
none,INV-169504,SuperStore Inc,Standard Widget,111,57.31,"€6,361.41",4237.51,,,"€6,361.41"
05/26/2026,INV-251202,MegaMart Corp,  Premium Widget  ,191,213.24,"40,728.84","31.457,60",,rush order,"40,728.84"
05/26/2026,INV-294534,Small Dealer Co,Budget Widget,17,184.47,3135.99,2458.13,,,3135.99
05/27/2026,INV-672685,BigBuy Distribution,Premium Widget ,187,200.79,37547.73,"24,537.30",,,37547.73
27-05-2026,INV-529150,Small Dealer Co,Gadget Pro,187,202.78,37919.9%,23283.65,,VIP,37919.9%
2026-05-27,INV-786134,MegaMart Corp,Gadget Lite,12,114.91,--,991.37,,VIP,--
27.05.2026,INV-879596,SuperStore Inc,Gadget Pro,51,46.19,2355.69,"1,533.67",,rush order,2355.69
05/27/2026,INV-292588,MegaMart Corp,Gadget Pro,136,51.07,6945.52,"4,457.61",,rush order,6945.52
2026-05-27,INV-318359,SuperStore Inc,  Budget Widget  ,33,201.42,"6,646.86",4013.7,,,"6,646.86"
2026/05/27,INV-217384,SMALL DEALER CO,Standard Widget,174,195.14,nan,23053.37,,,nan
28.05.2026,INV-602235,SuperStore Inc,Premium Widget,37,49.76,1841.12,1411.87,,none,1841.12
05/28/26,INV-214856,Small Dealer Co,Gadget Lite,141,208.85,29447.85,NULL,,--,29447.85
"May 28, 2026",INV-140970,Megamart Corp,Gadget Lite,135,101.64,"13.721,40","€11,136.19",,none,"13.721,40"
2026/05/28,INV-101562,SuperStore Inc,GADGET LITE,40,82.72,3308.8,"€2,783.91",,,3308.8
05/28/26,INV-194352,SuperStore Inc,standard widget,10,37.07,370.7,224.1,,,370.7
05/28/26,INV-146902,BigBuy Distribution,Premium Widget,40,133.73,"€5,349.20","3,213.06 USD",,,"€5,349.20"
28-05-2026,INV-361138,MegaMart Corp,Gadget Pro,148,242.64,,"24,570.46",,NA,
05/28/26,INV-943952,MegaMart Corp,Gadget Pro,34,222.44,7562.96,"4,999.72",,,7562.96
28.05.2026,INV-524067,SuperStore Inc,budget widget,14,72.95,"1.021,30",679.11,,rush order,"1.021,30"
05/29/26,INV-904318,SuperStore  Inc,Gadget Pro,193,35.03,6760.79,4155.45,,,6760.79
05/29/2026,INV-333066,megamart corp,Budget Widget,48,289.07,"13,875.36",9681.82,,,"13,875.36"
2026/05/29,INV-462756,Small Dealer Co,Budget Widget,14,22.36,313.04,194.7%,,,313.04
2026-05-29,INV-194089,MegaMart Corp,  Gadget Lite  ,83,206.36,17127.88,14 097.33,,,17127.88
29.05.2026,INV-427215,SuperStore Inc,Standard Widget,42,178.98,-,6371.18,,,-
29-05-2026,INV-867441,MegaMart Corp,Gadget Pro,88,203.43,"17,901.84",14741.42,,,"17,901.84"
2026-05-29,INV-634131,Small Dealer Co,Budget Widget,48,92.65,4447.2,3057.1%,,,4447.2
"May 29, 2026",INV-635441,Small Dealer Co,Gadget Pro,190,246.59,46852.1,39062.32,,,46852.1
2026/05/29,INV-385081,BigBuy Distribution,Budget Widget,131,150.78,19752.18,"12,248.92",,,19752.18
05/30/26,INV-923818,MegaMart Corp,Budget Widget,88,223.3,19650.4,16107.0%,,,19650.4
30-05-2026,INV-453750,MegaMart Corp ,Standard Widget,112,204.78,"22,935.36 USD",15346.12,,,"22,935.36 USD"
30/05/2026,INV-145867,BigBuy Distribution,Gadget Lite,138,264.84,36 547.92,26521.82,,,36 547.92
NULL,INV-620797,MegaMart  Corp,Standard Widget ,51,248.25,12660.75,8770.96,,,12660.75
30.05.2026,INV-134009,MegaMart Corp,Standard Widget,192,224.39,43082.88,35244.97,,,43082.88
05/30/2026,INV-897504,SuperStore Inc,Premium Widget,86,277.32,"23,849.52",17140.91,,,"23,849.52"
2026/05/31,INV-334311,MegaMart Corp,Gadget Lite,194,162.05,31437.7,N/A,,,31437.7
31 May 2026,INV-210922,  SuperStore Inc  ,Budget Widget,190,53.43,10151.7,7290.31,,,10151.7
31/05/2026,INV-661485,MegaMart Corp,Gadget Pro,151,213.27,"32.203,77",20216.47,,,"32.203,77"
31/05/26,INV-133006,Small Dealer Co,Standard Widget,96,254.5,24432.0,"14,905.46",,,24432.0
"May 31, 2026",INV-372191,SuperStore Inc ,Premium Widget,176,91.93,-,"13,219.31",,-,-
31/05/2026,INV-979471,Small Dealer Co,  Gadget Pro  ,15,128.9,1933.5,1374.0%,,,1933.5
05/31/26,INV-243606,BigBuy Distribution,gadget pro,47,128.75,"6,051.25",3637.42,,N/A,"6,051.25"
31/05/2026,INV-495372,BigBuy Distribution,Budget Widget,138,38.47,5308.86,3216.62,,VIP,5308.86
01 Jun 2026,INV-372185,Small  Dealer  Co,Budget Widget,188,101.42,19066.96,"14,838.46",,rush order,19066.96
"Jun 01, 2026",INV-616611,Small Dealer Co,Standard Widget,139,249.67,"34.704,13",25899.76,,null,"34.704,13"
none,INV-924985,MegaMart Corp,Budget Widget,44,85.58,"3,765.52",2609.61,,,"3,765.52"
01.06.2026,INV-891358,Small Dealer Co ,Budget Widget,198,255.92,50672.2%,"35,088.09",,VIP,50672.2%
"Jun 01, 2026",INV-804348,superstore inc,Gadget Pro,133,206.08,27408.64,16864.55,,none,27408.64
01 Jun 2026,INV-362848,Small Dealer Co ,Standard Widget,22,65.36,1437.92,924.86,,,1437.92
06/01/2026,INV-475531,Megamart Corp,Standard Widget,124,202.76,25142.24,17456.55,,,25142.24
2026/06/01,INV-918069,SuperStore Inc,Gadget Lite,65,270.07,17554.55,12425.27,,,17554.55
01.06.2026,INV-914231,SuperStore Inc,Budget Widget,76,21.69,1648.44,"1.313,89",,,1648.44
2026-06-01,INV-352958,BigBuy Distribution,Premium Widget,59,210.91,12443.69,9761.66,,VIP,12443.69
2026/06/02,INV-782883,SuperStore Inc,Budget  Widget,56,153.52,8597.12,7007.33,,VIP,8597.12
02/06/2026,INV-976133,Small Dealer Co,gadget pro,165,53.79,8875.4%,"6,416.48",,,8875.4%
02/06/2026,INV-163491,MEGAMART CORP,Gadget Pro,63,183.66,none,9275.18,,rush order,none
02.06.2026,INV-711637,MegaMart Corp,Gadget Pro,28,146.16,4092.48,"3.359,45",,,4092.48
2026-06-02,INV-666158,superstore inc,Standard Widget,57,135.72,"7,736.04",5529.02,,,"7,736.04"
06/02/2026,INV-894936,MEGAMART CORP,Standard Widget,199,131.36,26140.64,21759.65,,,26140.64
06/02/2026,INV-575652,SuperStore Inc,Gadget Pro,148,261.13,38647.24,24 734.86,,,38647.24
02/06/26,INV-110726,BigBuy  Distribution,Standard Widget,101,293.62,--,22 153.58,,,--
06/02/2026,INV-465424,superstore inc,Premium Widget,162,33.01,none,3457.46,,,none
2026-06-02,INV-337016,SuperStore Inc,Standard Widget ,62,68.53,4248.9%,3566.29,,rush order,4248.9%
02.06.2026,INV-889219,BigBuy Distribution,GADGET PRO,187,239.34,"44.756,58",NA,,,"44.756,58"
03/06/2026,INV-604493,SuperStore Inc,Premium Widget,158,36.11,5705.38,4535.89,,,5705.38
06/03/2026,INV-514736,BigBuy Distribution,Gadget Pro,160,124.07,19851.2,12705.03,,VIP,19851.2
06/03/2026,INV-835281,Megamart Corp,Gadget Pro,189,84.14,15902.46,11456.2%,,rush order,15902.46
03/06/2026,INV-165844,  Small Dealer Co  ,Premium Widget,40,145.6,5824.0,4610.35,,,5824.0
06/03/26,INV-233011,SuperStore  Inc,Budget Widget,94,119.3,"11,214.20",7619.47,,,"11,214.20"
"Jun 03, 2026",INV-616568,BigBuy Distribution,Budget Widget,43,62.93,2706.0%,1686.8,,rush order,2706.0%
"Jun 03, 2026",INV-851212,SMALL DEALER CO,Premium Widget,136,197.53,26864.08,21689.49,,,26864.08
06/04/2026,INV-118863,Small Dealer Co,Budget Widget,80,36.05,"2.884,00",2105.15,,,"2.884,00"
06/04/2026,INV-280998,BigBuy Distribution,Gadget Lite,111,155.03,17208.33,13157.76,,,17208.33
04/06/2026,INV-992423,BigBuy Distribution,Standard Widget,12,231.39,2776.68,"2,036.20",,,2776.68
04 Jun 2026,INV-100258,SuperStore Inc,Standard Widget,72,278.18,20028.96,12453.95,,,20028.96
04/06/26,INV-749264,BigBuy Distribution,Budget Widget,23,289.6,N/A,"4.598,13",,,N/A
04 Jun 2026,INV-216284,  SuperStore Inc  ,Standard Widget ,51,103.41,5273.91,3775.7,,,5273.91
04 Jun 2026,INV-791048,MegaMart Corp,  Gadget Pro  ,131,293.17,38405.27,31399.27,,,38405.27
04.06.2026,INV-221953,SuperStore Inc,Standard Widget,182,51.17,"9,312.94","7,876.51",,,"9,312.94"
2026-06-04,INV-958562,Small Dealer Co,Standard Widget,55,149.9,8244.5,6303.94,,rush order,8244.5
null,INV-400973,  Small Dealer Co  ,Budget Widget,27,152.55,4118.85,3355.16,,,4118.85
04.06.2026,INV-910246,Superstore Inc,gadget lite,123,106.14,13055.2%,10351.14,,,13055.2%
2026/06/05,INV-756221,SuperStore Inc,Budget  Widget,106,255.78,"27.112,68",17194.97,,,"27.112,68"
2026-06-05,INV-419527,Small Dealer Co,budget widget,199,284.21,NULL,36400.33,,rush order,NULL
05.06.2026,INV-534208,Small Dealer Co,Gadget Pro,198,46.28,"9.163,44",6 006.93,,,"9.163,44"
06/05/26,INV-699002,SuperStore Inc,Gadget Pro,183,265.51,48588.33,38324.27,,,48588.33
05 Jun 2026,INV-134882,MegaMart Corp ,Premium Widget ,48,146.79,7045.92,NULL,,,7045.92
06/05/2026,INV-870593,MegaMart Corp,Budget Widget,68,217.65,14800.2,"10,523.71 TRY",,N/A,14800.2
06/05/26,INV-947603,Small Dealer Co,Standard Widget,115,268.6,30889.0,22204.36,,NULL,30889.0
2026/06/05,INV-937623,Small  Dealer  Co,Premium Widget,130,230.4,29952.0,22259.14,,,29952.0
05-06-2026,INV-295893,MegaMart Corp,Budget Widget,181,198.3,35 892.30,26659.02,,,35 892.30
06/05/26,INV-956058,MegaMart Corp,Premium Widget,112,233.64,"26.167,68",19481.06,,VIP,"26.167,68"
05.06.2026,INV-740413,SuperStore Inc,Gadget Lite,135,53.6,7236.0,4620.04,,,7236.0
06/06/26,INV-825959,Small Dealer Co,Standard Widget,160,101.74,16278.4,9889.97,,rush order,16278.4
06/06/26,INV-656271,MegaMart Corp,Premium Widget,82,120.46,9877.72,7323.29,,,9877.72
06/06/2026,INV-534409,BigBuy Distribution,Standard Widget,69,177.2,12226.8,8903.04,,,12226.8
2026-06-06,INV-309414,MEGAMART CORP,Gadget Pro,108,197.52,21332.16,"17,886.21",,null,21332.16
06/06/2026,INV-654373,MegaMart Corp,Gadget Pro,39,153.27,"5,977.53 USD",4986.63,,,"5,977.53 USD"
06/06/2026,INV-772751,small dealer co,Standard Widget,150,68.68,10302.0,8422.19,,,10302.0
null,INV-981508,BigBuy Distribution,Gadget Pro,32,41.07,1 314.24,965.91,,,1 314.24
07/06/2026,INV-287320,Megamart Corp,standard widget,126,35.91,"4.524,66",3 571.55,,,"4.524,66"
07.06.2026,INV-697558,bigbuy distribution,  Premium Widget  ,179,280.52,"50,213.08",31918.0,,,"50,213.08"
07 Jun 2026,INV-368269,Small Dealer Co,Gadget Pro,190,36.46,"6,927.40",5212.9%,,,"6,927.40"
08.06.2026,INV-846900,SMALL DEALER CO,Premium Widget,104,238.09,24761.36,"$16,580.09",,,24761.36
08.06.2026,INV-694487,Small Dealer Co,Gadget Pro,48,299.74,14387.52,12088.14,,,14387.52
2026/06/08,INV-495266,  SuperStore Inc  ,Gadget Pro,44,229.58,10 101.52,8463.35,,,10 101.52
N/A,INV-359060,SuperStore Inc,Gadget Lite,160,276.15,"44,184.00 EUR",33173.37,,,"44,184.00 EUR"
2026-06-08,INV-104633,  SuperStore Inc  ,Budget Widget,22,166.51,"3.663,22",2991.87,,,"3.663,22"
06/08/26,INV-174152,BigBuy Distribution,Premium Widget,86,33.91,"2,916.26",2463.43,,rush order,"2,916.26"
08 Jun 2026,INV-411555,BigBuy Distribution,Standard Widget,40,24.67,NA,719.52,,,NA
08.06.2026,INV-685838,SuperStore Inc,Standard Widget,85,274.41,"€23,324.85","15.916,33",,VIP,"€23,324.85"
08/06/2026,INV-596876,Small Dealer Co,Gadget Lite,42,276.3,11604.6,8611.73,,,11604.6
2026-06-08,INV-424660,SuperStore Inc,  Budget Widget  ,170,281.87,47917.9%,34124.37,,rush order,47917.9%
06/08/2026,INV-176833,BigBuy Distribution,Standard Widget,135,92.14,12438.9,9673.8%,,,12438.9
09-06-2026,INV-320166,MegaMart Corp,Budget Widget,67,137.33,9201.1%,7263.29,,,9201.1%
09/06/2026,INV-105387,megamart corp,Gadget Pro,58,103.52,n/a,3878.46,,,n/a
06/09/26,INV-463974,Small Dealer Co,Gadget Pro,92,41.34,3803.28,3001.79,,,3803.28
06/09/26,INV-511461,BigBuy Distribution ,Premium Widget ,100,127.39,12739.0,"10,737.70",,rush order,12739.0
09.06.2026,INV-119267,Superstore Inc,Budget Widget,164,206.59,"33,880.76","28.136,49",,rush order,"33,880.76"
09/06/26,INV-666739,SuperStore Inc,Standard Widget,55,42.8,"$2,354.00",1730.0%,,,"$2,354.00"
09-06-2026,INV-734285,SuperStore Inc,Premium Widget,110,110.07,12 107.70,9105.23,,,12 107.70
09.06.2026,INV-333159,BigBuy Distribution,Gadget Pro ,77,258.0,nan,"14,418.43 USD",,VIP,nan
09/06/2026,INV-722853,MegaMart Corp,Premium Widget,61,210.61,"12,847.21",10632.57,,,"12,847.21"
06/09/2026,INV-771688,MegaMart Corp,Gadget Pro,85,298.37,"25,361.45 TRY","20,281.05 EUR",,,"25,361.45 TRY"
06/10/2026,INV-360253,Small Dealer Co,Premium Widget,26,101.0,2626.0,2065.28,,,2626.0
2026-06-10,INV-515473,Small Dealer Co,  Budget Widget  ,10,121.72,"£1,217.20","1,027.38 USD",,,"£1,217.20"
06/10/2026,INV-161553,  SuperStore Inc  ,Gadget Pro,121,252.19,30 514.99,NULL,,,30 514.99
2026-06-10,INV-151945,MEGAMART CORP,Standard Widget,46,122.15,5618.9,3404.1%,,,5618.9
10/06/26,INV-734362,Small Dealer Co,Gadget Lite,21,57.25,"1,202.25",1012.0,,,"1,202.25"
10 Jun 2026,INV-264521,BigBuy Distribution,Budget Widget,94,83.04,7 805.76,4860.2%,,,7 805.76
06/11/2026,INV-894578,BigBuy  Distribution,Gadget Lite,48,54.54,2 617.92,1 974.26,,,2 617.92
11/06/2026,INV-431385,Small Dealer Co,Gadget Pro,14,56.7,793.80,"546,40",,VIP,793.80
2026/06/11,INV-324179,MegaMart Corp,gadget pro,98,167.44,"16.409,12",12192.31,,rush order,"16.409,12"
11 Jun 2026,INV-708946,BigBuy Distribution,Premium Widget,187,282.91,"52,904.17",43882.7,,rush order,"52,904.17"
11/06/2026,INV-668392,small dealer co,Standard Widget,94,128.74,"12,101.56 EUR",null,,,"12,101.56 EUR"
12 Jun 2026,INV-403138,megamart corp,Standard Widget,174,48.07,"8.364,18",5406.62,,,"8.364,18"
"Jun 12, 2026",INV-596393,MegaMart Corp,Budget Widget,57,263.2,15002.4,12457.84,,,15002.4
06/12/2026,INV-641343,SuperStore Inc,STANDARD WIDGET,67,221.86,14864.62,"12,142.41",,,14864.62
12.06.2026,INV-823563,BigBuy Distribution,Budget Widget,45,79.48,3576.6,2411.45,,VIP,3576.6
06/12/2026,INV-911028,SuperStore Inc,Budget Widget,109,36.12,-,"3.273,66",,,-
"Jun 12, 2026",INV-103616,SuperStore Inc,Gadget Pro,42,157.97,6634.74,4756.18,,,6634.74
12.06.2026,INV-863284,BigBuy Distribution,Standard Widget,23,86.65,1992.95,1593.15,,,1992.95
13 Jun 2026,INV-300183,Small Dealer Co,Standard Widget,79,25.18,-,"£1,515.79",,,-
13-06-2026,INV-715592,BigBuy Distribution,Gadget Lite,172,257.15,44 229.80,35489.69,,,44 229.80
13 Jun 2026,INV-912727,Small Dealer Co,Gadget Lite,157,254.82,none,31085.9%,,,none
14-06-2026,INV-363693,SuperStore Inc,Budget Widget,42,56.9,"2,389.80","1,566.77",,none,"2,389.80"
06/14/2026,INV-457572,MegaMart Corp,Premium Widget,189,40.51,7656.39,"5.905,10",,,7656.39
14 Jun 2026,INV-831411,Small Dealer Co,Gadget Pro,139,214.9,"€29,871.10","18,402.20 USD",,,"€29,871.10"
"Jun 14, 2026",INV-753820,SuperStore Inc,Premium Widget,188,222.53,41835.64,31120.85,,,41835.64
14 Jun 2026,INV-520244,Small Dealer Co,Budget Widget,59,267.41,15777.19,"11.602,45",,,15777.19
2026/06/14,INV-617506,MegaMart Corp,Standard Widget,35,137.23,4803.05,3309.7,,,4803.05
14.06.2026,INV-440887,MegaMart Corp,Budget Widget,54,91.33,4 931.82,3490.44,,,4 931.82
14/06/26,INV-546484,SuperStore Inc ,Premium Widget,54,269.7,14563.8,11875.23,,NULL,14563.8
14 Jun 2026,INV-163714,SuperStore Inc,Premium Widget,91,249.76,22728.16,18564.72,,,22728.16
"Jun 15, 2026",INV-725346,BigBuy Distribution,  Premium Widget  ,197,33.58,6615.26,-,,VIP,6615.26
"Jun 15, 2026",INV-413686,small dealer co,gadget pro,44,255.4,"11,237.60",7688.3,,,"11,237.60"
NA,INV-363166,MegaMart Corp,Gadget Lite,156,110.12,17178.72,13056.77,,,17178.72
N/A,INV-690894,SuperStore Inc,Budget Widget,176,264.14,"£46,488.64",37848.88,,,"£46,488.64"
15-06-2026,INV-103872,Small Dealer Co,Gadget Pro,130,100.0,13000.0,9219.56,,nan,13000.0
2026/06/16,INV-857671,SuperStore Inc,Gadget Lite,165,109.6,18084.0,13 750.11,,,18084.0
16/06/2026,INV-489577,Small Dealer Co,Gadget Lite,193,194.36,"37.511,48","25,132.23 USD",,,"37.511,48"
16-06-2026,INV-240003,MegaMart Corp,Premium Widget,129,171.45,22117.05,14097.3,,,22117.05
16/06/26,INV-758177,SuperStore Inc,Gadget Pro,66,203.05,"€13,401.30",8439.63,,,"€13,401.30"
2026-06-16,INV-983942,MegaMart Corp,Gadget Pro,181,268.8,"48,652.80","32,604.28 EUR",,N/A,"48,652.80"
16 Jun 2026,INV-315338,Superstore Inc,Gadget Pro,128,163.97,20988.16,14 443.75,,none,20988.16
06/16/26,INV-778471,MegaMart Corp,  Gadget Lite  ,49,288.66,"14,144.34",10909.7,,VIP,"14,144.34"
NA,INV-238365,Small Dealer Co,Gadget Lite,177,239.56,"42,402.12 USD",26483.21,,VIP,"42,402.12 USD"
"Jun 16, 2026",INV-635856,Small Dealer Co,Standard Widget,47,185.05,8 697.35,NONE,,,8 697.35
2026/06/16,INV-456792,Small Dealer Co,gadget lite,142,239.22,33969.24,"27,727.66 EUR",,,33969.24
NONE,INV-633830,BigBuy Distribution,Premium Widget,122,209.31,25535.82,15530.47,,rush order,25535.82
17 Jun 2026,INV-958925,MegaMart Corp,Standard  Widget,29,107.18,"€3,108.22",2104.71,,,"€3,108.22"
17/06/26,INV-406102,MegaMart Corp,Gadget Lite,200,30.49,6098.0,4632.76,,rush order,6098.0
"Jun 17, 2026",INV-329249,Small Dealer Co,Budget Widget,131,180.86,23692.66,15 953.72,,,23692.66
17/06/2026,INV-447526,SuperStore Inc,Gadget Pro,40,119.42,"₺4,776.80",3 994.48,,,"₺4,776.80"
17 Jun 2026,INV-935816,BigBuy Distribution,GADGET LITE,190,205.33,39 012.70,29674.36,,none,39 012.70
"Jun 17, 2026",INV-380740,MegaMart Corp,Gadget Pro,129,274.91,35463.39,"23,936.82",,VIP,35463.39
17.06.2026,INV-978472,MEGAMART CORP,Gadget Lite,118,37.82,"4,462.76","2,680.93",,,"4,462.76"
2026-06-17,INV-951346,Small Dealer Co,Budget Widget,108,215.73,"23,298.84 EUR","€14,320.48",,,"23,298.84 EUR"
17 Jun 2026,INV-556662,Small  Dealer  Co,Standard Widget,172,117.41,"$20,194.52",16826.19,,,"$20,194.52"
NULL,INV-860425,MegaMart Corp,Premium Widget ,45,299.27,13467.15,"€10,593.95",,NA,13467.15
2026/06/17,INV-165711,Small Dealer Co,Gadget Pro,151,81.8,"12,351.80 TRY","£8,711.03",,,"12,351.80 TRY"
2026/06/18,INV-473308,Small Dealer Co,Budget Widget,102,141.6,14 443.20,"₺9,775.05",,,14 443.20
null,INV-879040,SuperStore Inc,Gadget Lite,173,71.16,12310.68,9495.56,,,12310.68
18-06-2026,INV-700480,BigBuy Distribution,Budget Widget,26,224.01,"5,824.26",4919.71,,null,"5,824.26"
06/18/26,INV-580235,bigbuy distribution,Premium  Widget,130,231.41,30083.3,"25,245.17 EUR",,rush order,30083.3
18/06/26,INV-154104,Small  Dealer  Co,Gadget Lite,160,250.69,40110.4,"26,208.70 EUR",,,40110.4
18/06/2026,INV-675450,megamart corp,Premium Widget,195,215.08,"41,940.60",30 201.67,,,"41,940.60"
18/06/2026,INV-490371,MegaMart Corp,Gadget Pro,21,192.24,"4,037.04 USD",2831.37,,,"4,037.04 USD"
06/18/2026,INV-276370,SUPERSTORE INC,BUDGET WIDGET,190,228.05,43329.5,26130.3%,,,43329.5
18/06/26,INV-247481,MegaMart Corp,Budget Widget,34,101.0,"3,434.00","$2,192.10",,,"3,434.00"
18/06/2026,INV-894993,SuperStore Inc,Standard Widget,44,97.81,4303.64,nan,,,4303.64
19 Jun 2026,INV-812271,BIGBUY DISTRIBUTION,Budget Widget,63,82.62,5205.06,3254.5,,rush order,5205.06
2026-06-19,INV-865127,BigBuy Distribution,Budget Widget,42,80.64,"3,386.88 EUR",2189.34,,rush order,"3,386.88 EUR"
06/19/2026,INV-502284,BigBuy Distribution,Gadget Lite,73,142.43,10397.39,7418.1%,,VIP,10397.39
19.06.2026,INV-595695,BigBuy Distribution,Gadget Pro,95,177.56,16868.2,"10.400,66",,,16868.2
19/06/26,INV-708761,SuperStore Inc,Budget Widget,73,133.21,9724.33,7248.53,,,9724.33
2026/06/19,INV-597885,SuperStore Inc,Gadget Pro,172,266.59,"45.853,48",34121.72,,,"45.853,48"
20/06/2026,INV-512401,Small  Dealer  Co,Standard Widget,175,215.4,"37,695.00","26,559.40",,,"37,695.00"
20 Jun 2026,INV-919579,  SuperStore Inc  ,Gadget Lite,85,178.34,15158.9,11332.18,,nan,15158.9
2026-06-20,INV-682936,SuperStore Inc ,GADGET LITE,187,149.33,"27,924.71 TRY",16958.86,,--,"27,924.71 TRY"
06/20/26,INV-971731,Small Dealer Co,Standard Widget,197,97.03,"19.114,91",12462.95,,rush order,"19.114,91"
21 Jun 2026,INV-836641,BigBuy Distribution,Gadget Pro,98,230.18,"22,557.64",14 691.31,,VIP,"22,557.64"
21-06-2026,INV-695262,BigBuy Distribution,Gadget Pro,155,148.85,-,"17.421,60",,,-
06/21/26,INV-671993,BIGBUY DISTRIBUTION,gadget lite,197,183.83,36 214.51,28622.31,,VIP,36 214.51
2026-06-21,INV-989633,MegaMart Corp,Budget Widget,196,37.38,"7,326.48",4526.22,,VIP,"7,326.48"
21/06/2026,INV-986709,SuperStore Inc,Budget Widget,19,62.15,1180.85,874.37,,,1180.85
22/06/26,INV-500721,BigBuy Distribution,BUDGET WIDGET,87,174.98,15223.26,12514.11,,VIP,15223.26
2026-06-22,INV-269420,MegaMart Corp,Premium Widget,92,240.42,"$22,118.64",null,,,"$22,118.64"
2026/06/22,INV-614703,MegaMart Corp,Gadget Lite,84,45.76,"₺3,843.84",2433.65,,,"₺3,843.84"
06/22/2026,INV-224749,BigBuy Distribution,Gadget Pro,119,72.51,"8,628.69 EUR",5331.99,,rush order,"8,628.69 EUR"
2026/06/22,INV-284025,BigBuy Distribution,Budget Widget,22,41.32,909.04,599.39,,,909.04
06/22/26,INV-331636,BigBuy  Distribution,Gadget Pro,29,20.56,596.24,452.10,,rush order,596.24
23/06/2026,INV-577820,BigBuy Distribution,Premium Widget,37,185.44,6 861.28,5195.1%,,,6 861.28
2026-06-23,INV-958166,Small Dealer Co,Standard Widget,113,57.32,6477.16,4944.36,,VIP,6477.16
06/23/2026,INV-108082,Small Dealer Co,Gadget Pro,56,92.99,5207.44,4 149.62,,,5207.44
24/06/26,INV-301960,SuperStore Inc,Gadget Pro,59,160.42,"9.464,78",none,,,"9.464,78"
"Jun 24, 2026",INV-252692,BigBuy Distribution,Budget Widget,18,20.36,366.48,228.34,,,366.48
N/A,INV-124882,SuperStore  Inc,Standard Widget,11,241.63,"2,657.93 TRY",1884.92,,null,"2,657.93 TRY"
24/06/26,INV-529906,MegaMart Corp,Budget Widget,169,100.56,16994.64,13879.19,,rush order,16994.64
2026-06-24,INV-806413,BigBuy Distribution,Gadget Pro,197,267.46,52689.62,33311.6,,--,52689.62
2026/06/24,INV-679390,SMALL DEALER CO,Standard Widget,152,183.85,27945.2,17573.4,,,27945.2
2026/06/24,INV-260669,BigBuy Distribution,Budget Widget,136,239.59,32584.24,24375.92,,,32584.24
24/06/26,INV-172469,Small Dealer Co,Gadget Lite,13,125.63,"1,633.19 EUR",1277.11,,,"1,633.19 EUR"
2026-06-24,INV-657322,MegaMart Corp,Budget  Widget,45,120.16,"₺5,407.20","4,102.74",,,"₺5,407.20"
2026/06/24,INV-660544,superstore inc,Budget Widget,71,228.31,16210.01,"13,377.12 TRY",,,16210.01
06/25/26,INV-933437,SMALL DEALER CO,Budget Widget,82,256.84,21060.88,"£15,716.47",,,21060.88
06/25/26,INV-729244,BigBuy  Distribution,Budget Widget,101,70.76,7146.76,4685.13,,,7146.76
"Jun 25, 2026",INV-974735,SMALL DEALER CO,Premium Widget,50,47.78,"2,389.00","$1,609.88",,,"2,389.00"
2026-06-25,INV-538290,Small Dealer Co,Premium Widget,66,296.14,"19.545,24",15731.02,,,"19.545,24"
2026/06/25,INV-494865,  MegaMart Corp  ,  Premium Widget  ,37,181.41,6712.17,5106.26,,,6712.17
25-06-2026,INV-243357,Small Dealer Co,Budget Widget,26,163.95,4262.7,2950.29,,,4262.7
2026/06/25,INV-305323,MegaMart Corp,Standard Widget,108,202.25,21843.0%,N/A,,rush order,21843.0%
2026/06/25,INV-599950,MegaMart Corp,Gadget Lite,30,207.62,6228.6,"5,253.88 TRY",,,6228.6
26-06-2026,INV-242064,SMALL DEALER CO,Premium  Widget,179,40.77,nan,5694.79,,,nan
06/26/26,INV-426703,SuperStore Inc,STANDARD WIDGET,185,156.16,"28,889.60",21227.72,,rush order,"28,889.60"
26.06.2026,INV-558598,MegaMart Corp,Standard Widget,20,28.1,562.0,442.08,,VIP,562.0
26/06/26,INV-246235,Small Dealer Co,Budget Widget,107,191.53,20493.71,"12.945,93",,,20493.71
"Jun 26, 2026",INV-291971,Megamart Corp,Premium Widget,35,238.1,8 333.50,"₺6,390.33",,VIP,8 333.50
26.06.2026,INV-953693,BigBuy Distribution ,Budget Widget,98,81.77,8 013.46,6426.39,,,8 013.46
2026-06-26,INV-542185,BigBuy Distribution,Gadget Lite,191,122.93,23 479.63,14794.01,,VIP,23 479.63
06/26/26,INV-215602,Small Dealer Co,Standard Widget,116,219.07,25412.12,16386.52,,,25412.12
26/06/26,INV-405457,SMALL DEALER CO,Budget Widget,178,123.95,22063.1,13262.0%,,,22063.1
06/26/2026,INV-827098,Small Dealer Co,Premium Widget,16,77.01,1232.16,939.44,,,1232.16
26/06/2026,INV-170635,BigBuy Distribution,Premium Widget,91,37.93,3 451.63,"2.867,04",,,3 451.63
06/27/26,INV-499534,MegaMart Corp,Standard Widget,22,269.58,5 930.76,4626.05,,,5 930.76
NONE,INV-539674,SuperStore Inc,Premium Widget,186,171.27,31856.22,22342.9%,,,31856.22
27/06/26,INV-850146,MegaMart Corp,Budget Widget,39,262.78,"10.248,42",6522.02,,,"10.248,42"
27/06/26,INV-456442,MegaMart Corp,Premium Widget,65,286.46,18619.9,"14,587.52",,,18619.9
"Jun 27, 2026",INV-215332,  SuperStore Inc  ,Premium Widget,94,73.46,"6,905.24 EUR",-,,,"6,905.24 EUR"
28 Jun 2026,INV-937637,Bigbuy Distribution,Gadget Pro,19,45.54,865.26,"719,71",,NONE,865.26
28/06/26,INV-317453,Small Dealer Co,Gadget Lite,38,43.85,"1.666,30",1237.76,,,"1.666,30"
28 Jun 2026,INV-519618,SuperStore Inc,Budget Widget,75,119.83,"£8,987.25","6.603,65",,,"£8,987.25"
n/a,INV-457535,MegaMart Corp,Standard  Widget,129,273.52,"35,284.08",27348.68,,,"35,284.08"
28/06/26,INV-488619,SuperStore Inc,Standard Widget,128,70.06,8967.68,"7,070.90",,,8967.68
06/28/2026,INV-607280,Small Dealer Co,Budget Widget,37,291.12,10771.44,"6,474.76 USD",,NULL,10771.44
28/06/2026,INV-253539,Small Dealer Co ,Gadget Pro,126,277.56,"₺34,972.56",29290.62,,,"₺34,972.56"
28/06/2026,INV-894182,MegaMart  Corp,PREMIUM WIDGET,46,220.57,10146.22,6794.56,,,10146.22
28-06-2026,INV-304232,Small Dealer Co,Gadget Lite,40,209.8,8392.0,6 257.42,,,8392.0
06/28/2026,INV-233362,BigBuy Distribution ,Budget Widget,14,24.89,348.46,271.22,,,348.46
N/A,INV-145986,MegaMart Corp,Gadget Lite,76,88.29,"6.710,04","5,072.40",,,"6.710,04"
29.06.2026,INV-632257,  Small Dealer Co  ,Premium Widget,191,252.07,"48.145,37",30709.43,,,"48.145,37"
29-06-2026,INV-951771,superstore inc,Gadget Lite,101,157.76,"15,933.76",9915.81,,,"15,933.76"
"Jun 29, 2026",INV-802347,MegaMart Corp,Standard  Widget,63,45.65,2875.9%,"£2,440.90",,,2875.9%
2026-06-30,INV-686655,MegaMart Corp,Budget Widget,20,247.04,4 940.80,3815.79,,,4 940.80
30-06-2026,INV-951258,BigBuy  Distribution,Budget Widget,63,250.69,15793.47,11432.53,,,15793.47
30-06-2026,INV-452240,MegaMart Corp ,Premium Widget,24,35.92,862.08 TRY,525.38,,,862.08 TRY
30 Jun 2026,INV-278670,MegaMart Corp,Budget Widget,95,172.25,"16.363,75","13,677.33",,,"16.363,75"
30-06-2026,INV-177227,MegaMart Corp,Gadget Lite,141,240.88,"33,964.08","21,077.66",,,"33,964.08"
26-01-2026,INV-232315,MegaMart Corp,Budget Widget,111,272.78,30278.58,23574.19,,,30278.58
01/11/26,INV-681242,MegaMart Corp,Gadget Pro,130,143.82,"18,696.60 EUR",12633.4%,,N/A,"18,696.60 EUR"
2026-04-06,INV-735604,Superstore Inc,Gadget Pro,97,71.24,"£6,910.28","4.683,78",,VIP,"£6,910.28"
2026-05-27,INV-318359,SuperStore Inc,  Budget Widget  ,33,201.42,"6,646.86",4013.7,,,"6,646.86"
03/01/2026,INV-966212,MegaMart Corp,Standard Widget,126,265.31,33429.06,27667.09,,,33429.06
30-06-2026,INV-177227,MegaMart Corp,Gadget Lite,141,240.88,"33,964.08","21,077.66",,,"33,964.08"
03/09/2026,INV-361584,SuperStore Inc,Premium Widget ,49,116.35,5701.15,"3,440.14",,,5701.15
2026-01-03,INV-103717,SuperStore Inc,Gadget Lite,79,98.89,7812.31,5098.76,,,7812.31
,,,,,,TOTAL:,,,,
,,,,,,,,,,
End of Report,,,,,,,,,,
Date,Invoice #,Customer Name,Product,Qty,Unit Price,Amount,Cost,,Notes,Amount
