RESTAURANT SALES REPORT,,,,,,,,,
La Bella Cucina,,,,,,,,,
Q1-Q2 2026,,,,,,,,,
,,,,,,,,,
Date,Order ID,Item Name,Category,Qty,Price,Amount,Cost,Waiter,Table
2026-01-01,ORD-60752,Soda,Drinks,3,3,9,1.5,sarah,t3
01 Jan 2026,ORD-47864,Soda,Drinks,2,3,6.00,1.0,John,T1
N/A,ORD-79293,Bruschetta,Appetizers,1,7,7.00,2.5,sarah,T5
01.01.2026,ORD-85549,Caesar Salad,Salads,1,12,12,4,John,N/A
01/01/26,ORD-12502,Bruschetta,Appetizers,2,7,14,"5,00",MARY,T2
01/01/2026,ORD-60222,French Fries,Sides,3,5,$15.00,4.5,,T2
01/01/2026,ORD-44400,Pepperoni Pizza,Pizza,1,18,NULL,6.0%,john,T1
01 Jan 2026,ORD-12085,Soda,Drinks,1,3,NONE,0.5,Sarah,
01-01-2026,ORD-92218,Margherita Pizza,Pizza,3,15,45,15,sarah,
01/01/2026,ORD-78220,Margherita Pizza,Pizza,2,15,30,10.00 TRY,-,
01/01/26,ORD-27298,Pepperoni Pizza,Pizza,2,18,36,12,MARY,-
01.01.2026,ORD-89653,Coffee,Drinks,3,4,12.00,3,,T5
--,ORD-43188,Beef Burger,Burgers,2,14,28.00,12,john,t3
2026/01/01,ORD-20461,Margherita Pizza,Pizza,1,15,15,5,MARY,t3
01.01.2026,ORD-90441,Bruschetta,Appetizers,3,7,21,7.5,N/A,T2
01-01-2026,ORD-63429,Caesar Salad,Salads,1,12,12.00,4,NONE,T2
2026/01/01,ORD-30661,Margherita Pizza,Pizza,1,15,15,5,john,T2
2026/01/01,ORD-69418,Margherita Pizza,Pizza,3,15,45,15.00,Sarah,T5
2026-01-01,ORD-74158,  Pepperoni Pizza  ,Pizza,3,18,54,18,John,
01/01/26,ORD-67979,Margherita Pizza,Pizza,1,15,15,5.0%,MARY,
01.01.2026,ORD-97262,Soda,Drinks,1,3,€3.00,0.5,sarah,T2
01-01-2026,ORD-12079,Coffee,Drinks,2,4,8,2,null,t3
01/01/2026,ORD-93087,Pepperoni Pizza,Pizza,2,18,36,12,John,t3
2026/01/01,ORD-87545,Pepperoni Pizza,Pizza,1,18,18.00,6,none,
2026/01/01,ORD-61106,Chicken Wings,Appetizers,2,10,20,8,MARY,NONE
01/01/26,ORD-49087,Soda,Drinks,2,3,6,"1,00",John,T5
01 Jan 2026,ORD-92941,Chicken Wings,Appetizers,2,10,20,8.00,John,--
01/02/26,ORD-24957,Coffee,Drinks,1,4,4.00,1,,T2
01/02/26,ORD-81579,Soda,Drinks,1,3,3,0.50,n/a,T5
02/01/26,ORD-58465,Chicken Wings,Appetizers,1,10,10.0%,4,john,
01/02/26,ORD-61741,Coffee,Drinks,3,4,12.00 USD,3,john,T1
-,ORD-69846,Margherita Pizza,Pizza,1,15,15.0%,€5.00,john,t3
"Jan 02, 2026",ORD-68211,French Fries,Sides,2,5,10,3.0,sarah,T5
02/01/26,ORD-37511,French Fries,Sides,2,5,"10,00",3.0,,
01/02/26,ORD-98371,French Fries,Sides,3,5,15,4.5,john,T2
02.01.2026,ORD-67144,Soda,Drinks,3,3,9,1.5,sarah,T1
NA,ORD-72587,Chicken Wings,Appetizers,1,10,10,4,MARY,t3
2026/01/02,ORD-46622,Beef Burger,Burgers,1,14,14,6.0%,Sarah,T2
02 Jan 2026,ORD-97068,Pepperoni Pizza,Pizza,1,18,18,6,nan,--
01/02/2026,ORD-45859,Pepperoni Pizza,Pizza,1,18,18,6,,T1
2026-01-02,ORD-67226,Coffee,Drinks,3,4,12,3.00,Sarah,t3
02/01/26,ORD-87111,Tiramisu,Desserts,3,8,24,9,john,T2
02 Jan 2026,ORD-98567,BRUSCHETTA,Appetizers,2,7,14.00,5.0,Sarah,
02/01/2026,ORD-26821,margherita pizza,Pizza,2,15,none,10,none,T5
01/02/26,ORD-93717,Caesar Salad,Salads,3,12,36,12,Sarah,T5
2026/01/02,ORD-31227,Pepperoni Pizza,Pizza,2,18,36,12,john,T5
02/01/26,ORD-73764,Caesar Salad,Salads,3,12,36,12.00,MARY,T1
2026/01/02,ORD-86327,Soda,Drinks,3,3,9,1.5,MARY,T2
02 Jan 2026,ORD-13139,Pepperoni Pizza,Pizza,3,18,54.00,18,,t3
none,ORD-29469,Tiramisu,Desserts,2,8,16,6,john,T5
02.01.2026,ORD-64308,Chicken Wings,Appetizers,3,10,30.0%,12,john,null
02/01/2026,ORD-51693,Margherita Pizza,Pizza,1,15,15.00,₺5.00,MARY,T5
"Jan 02, 2026",ORD-38780,Soda ,Drinks,1,3,3.00,0.5%,john,T1
02 Jan 2026,ORD-93688,Bruschetta ,Appetizers,3,7,21,7.5,none,t3
02 Jan 2026,ORD-13891,Tiramisu,Desserts,3,8,24,9,john,t3
2026/01/02,ORD-35031,French Fries,Sides,3,5,15,NULL,sarah,T1
"Jan 02, 2026",ORD-44587,Pepperoni Pizza,Pizza,2,18,36.00,12,,T5
2026-01-02,ORD-79973,French Fries,Sides,2,5,10,3.0%,john,T1
02-01-2026,ORD-66273,Caesar  Salad,Salads,3,12,36.0%,12.00,,T5
02 Jan 2026,ORD-12137,French Fries,Sides,1,5,£5.00,1.5,sarah,none
01/02/26,ORD-31185,Coffee,Drinks,3,4,12,3,John,t3
01/02/2026,ORD-57282,Bruschetta,Appetizers,2,7,14,5.0,john,
01/02/26,ORD-20941,Caesar Salad,Salads,3,12,36.00 TRY,12,MARY,T1
02 Jan 2026,ORD-54382,Tiramisu,Desserts,3,8,24.0%,9,MARY,T5
2026/01/02,ORD-24103,Margherita Pizza,Pizza,3,15,45,15,MARY,T1
02/01/2026,ORD-41780,Caesar Salad,Salads,1,12,12,4,john,T2
2026-01-02,ORD-69518,Margherita Pizza,Pizza,3,15,45.00,15,MARY,
01/02/2026,ORD-90295,Margherita Pizza,Pizza,2,15,30,10,MARY,t3
02 Jan 2026,ORD-49088,Coffee,Drinks,1,4,4,"1,00",Sarah,T2
02.01.2026,ORD-72210,Soda,Drinks,2,3,6,NULL,Sarah,
02.01.2026,ORD-98625,SODA,Drinks,1,3,3,0.5,,
02.01.2026,ORD-61488,Caesar Salad,Salads,1,12,12,4,John,n/a
02.01.2026,ORD-51499,Soda,Drinks,2,3,6.00,"1,00",sarah,T5
2026/01/02,ORD-71418,French Fries,Sides,1,5,5,1.5,sarah,T1
2026/01/02,ORD-68445,Coffee,Drinks,1,4,4.00,1.00,,
01/02/2026,ORD-94926,Tiramisu,Desserts,3,8,24,9.0%,John,t3
03-01-2026,ORD-80289,  French Fries  ,Sides,2,5,10,3.0,Sarah,t3
01/03/2026,ORD-11920,Pepperoni Pizza,Pizza,2,18,none,12,john,T2
03 Jan 2026,ORD-14306,Tiramisu,Desserts,2,8,16,6,sarah,n/a
01/03/26,ORD-39894,Tiramisu,Desserts,3,8,24,9,john,T5
01/03/2026,ORD-21286,Pepperoni Pizza ,Pizza,3,18,54,18,Sarah,T5
2026/01/03,ORD-15683,French Fries,Sides,3,5,15,4.5%,John,
03/01/26,ORD-87032,Chicken Wings,Appetizers,1,10,,4,sarah,t3
"Jan 03, 2026",ORD-66747,Soda,Drinks,1,3,3,"0,50",Sarah,T2
"Jan 03, 2026",ORD-89948,Coffee,Drinks,1,4,4,NONE,MARY,NONE
-,ORD-41628,Caesar Salad,Salads,3,12,36,12,John,T1
01/03/2026,ORD-25132,Beef Burger,Burgers,2,14,28,12.00,,t3
03/01/26,ORD-88632,Tiramisu,Desserts,1,8,8,3,john,T5
01/03/26,ORD-83234,Caesar Salad,Salads,3,12,36,12,sarah,T2
03/01/2026,ORD-68259,Tiramisu,Desserts,2,8,16,6.00,John,T2
03/01/2026,ORD-14674,Caesar Salad,Salads,2,12,24,8,,T2
"Jan 03, 2026",ORD-97269,Bruschetta,Appetizers,3,7,21,7.5,John,T2
03/01/2026,ORD-61840,bruschetta,Appetizers,3,7,21,7.5,none,T2
01/03/2026,ORD-73069,Pepperoni Pizza,Pizza,3,18,54,18,john,T1
03/01/26,ORD-64815,Pepperoni Pizza,Pizza,3,18,54,18,n/a,T1
"Jan 03, 2026",ORD-30803,Coffee,Drinks,1,4,4,1,,t3
03/01/2026,ORD-59505,Pepperoni Pizza,Pizza,2,18,36.00,12,john,
2026-01-03,ORD-33581,Coffee,Drinks,1,4,4,NONE,n/a,T5
01/03/2026,ORD-12273,pepperoni pizza,Pizza,1,18,18,6,John,t3
03 Jan 2026,ORD-72295,Chicken Wings,Appetizers,1,10,10.00,4,,
2026-01-03,ORD-54938,Beef Burger,Burgers,3,14,42,18,Sarah,T2
nan,ORD-85398,COFFEE,Drinks,3,4,12.00,3,sarah,
--,ORD-82171,Caesar Salad,Salads,2,12,$24.00,8.00,Sarah,
03/01/26,ORD-69998,Pepperoni Pizza ,Pizza,1,18,18,6.00,NONE,T5
03-01-2026,ORD-93273,Chicken Wings,Appetizers,1,10,10,4.00,John,T1
"Jan 03, 2026",ORD-89016,Coffee,Drinks,1,4,$4.00,1,,
"Jan 03, 2026",ORD-47969,French Fries,Sides,1,5,5,£1.50,John,T2
01/03/2026,ORD-10998,CHICKEN WINGS,Appetizers,1,10,10.00 USD,"4,00",sarah,
2026-01-03,ORD-11548,Pepperoni Pizza,Pizza,1,18,18.00,6,Sarah,N/A
03/01/26,ORD-50560,Soda,Drinks,2,3,6.00 EUR,1.0,John,T2
"Jan 03, 2026",ORD-95718,Beef Burger,Burgers,2,14,28,12,Sarah,T5
03.01.2026,ORD-35801,Tiramisu,Desserts,1,8,8,"3,00",sarah,T2
01/03/2026,ORD-23837,Bruschetta,Appetizers,1,7,7.00,2.5,NA,T1
03/01/2026,ORD-85532,Tiramisu,Desserts,2,8,16,6,sarah,t3
03/01/26,ORD-72212,Margherita Pizza,Pizza,1,15,15,"5,00",MARY,nan
03/01/2026,ORD-59099,Chicken Wings,Appetizers,3,10,30,12.00,sarah,nan
03-01-2026,ORD-52902,Margherita Pizza,Pizza,2,15,30,10,MARY,
01/03/26,ORD-81717,Beef Burger,Burgers,3,14,42.00,18,Sarah,null
01/03/2026,ORD-27899,Coffee,Drinks,2,4,8.0%,2,sarah,T1
03/01/26,ORD-92411,Bruschetta,Appetizers,3,7,21,7.5,sarah,
03/01/2026,ORD-24675,Soda,Drinks,1,3,3,0.50,,T5
01/03/2026,ORD-96003,Caesar Salad,Salads,1,12,-,4,Sarah,T2
01/03/26,ORD-68404,Beef Burger,Burgers,2,14,28,12.00,john,T2
"Jan 03, 2026",ORD-36147,Margherita Pizza,Pizza,1,15,€15.00,$5.00,MARY,T2
2026/01/03,ORD-20909,Pepperoni Pizza,Pizza,3,18,54,18,Sarah,t3
03-01-2026,ORD-88485,Coffee,Drinks,2,4,8,2,Sarah,T2
"Jan 03, 2026",ORD-60081,Pepperoni  Pizza,Pizza,1,18,18,6.00,,t3
01/03/26,ORD-41378,Coffee,Drinks,1,4,4.00,1,Sarah,t3
2026-01-03,ORD-94537,  Chicken Wings  ,Appetizers,2,10,20,8,MARY,T5
nan,ORD-28406,Tiramisu,Desserts,1,8,8,€3.00,MARY,
03/01/2026,ORD-39713,Beef Burger,Burgers,3,14,42.00,18.00,john,T1
03-01-2026,ORD-49883,French  Fries,Sides,3,5,15.0%,4.5,sarah,N/A
01/03/2026,ORD-91955,Caesar Salad,Salads,1,12,12,4.00,john,
2026-01-03,ORD-93534,margherita pizza,Pizza,3,15,45,15,John,
01/03/26,ORD-83204,Tiramisu,Desserts,3,8,24,9.00,,T5
"Jan 03, 2026",ORD-50138,  Caesar Salad  ,Salads,3,12,₺36.00,12,Sarah,T1
03 Jan 2026,ORD-53613,Pepperoni Pizza,Pizza,3,18,54,£18.00,John,
03-01-2026,ORD-19610,Caesar Salad,Salads,1,12,€12.00,4,,N/A
03-01-2026,ORD-56280,Bruschetta,Appetizers,2,7,14,5.0,Sarah,
"Jan 03, 2026",ORD-35336,Pepperoni Pizza,Pizza,3,18,54,18,sarah,--
03.01.2026,ORD-90384,French Fries,Sides,2,5,10,3.0,sarah,T1
NULL,ORD-91996,Coffee,Drinks,3,4,12,3,Sarah,
2026-01-03,ORD-17862,Chicken Wings,Appetizers,1,10,10,4.00,n/a,T2
03-01-2026,ORD-75481,Coffee,Drinks,3,4,12.0%,3,Sarah,t3
"Jan 03, 2026",ORD-24129,Soda,Drinks,1,3,3,0.5,John,t3
03 Jan 2026,ORD-40644,Tiramisu,Desserts,3,8,24,₺9.00,,NONE
2026/01/03,ORD-31488,Beef Burger,Burgers,2,14,28,12,sarah,none
"Jan 03, 2026",ORD-19040,Beef Burger,Burgers,3,14,42,18.00,sarah,T2
03/01/2026,ORD-70120,Coffee,Drinks,2,4,8,"2,00",NA,
01/03/2026,ORD-14679,Margherita Pizza,Pizza,1,15,15,5,MARY,T1
03/01/26,ORD-23517,Coffee,Drinks,3,4,12,3,John,t3
03/01/2026,ORD-11196,Tiramisu,Desserts,1,8,8.00,3,MARY,T5
2026-01-03,ORD-88279,Margherita Pizza,Pizza,1,15,"15,00",5,john,t3
01/03/26,ORD-27131,Soda,Drinks,3,3,9.0%,1.50,MARY,nan
2026-01-03,ORD-59982,PEPPERONI PIZZA,Pizza,1,18,18,6,John,T2
03.01.2026,ORD-60002,Pepperoni Pizza,Pizza,3,18,54,18,MARY,T2
"Jan 03, 2026",ORD-49226,Bruschetta,Appetizers,2,7,14,5.0,John,T1
03 Jan 2026,ORD-10845,Coffee,Drinks,1,4,4,1,Sarah,t3
2026/01/03,ORD-47127,Beef Burger,Burgers,1,14,14.00,6,NA,t3
01/03/2026,ORD-68971,Pepperoni Pizza,Pizza,2,18,36.00,12,sarah,-
03/01/2026,ORD-51749,Chicken Wings,Appetizers,2,10,20.00,8,MARY,nan
01/03/26,ORD-86286,Margherita Pizza,Pizza,2,15,30,NONE,John,T2
2026/01/03,ORD-19303,COFFEE,Drinks,1,4,4,1,john,
03/01/26,ORD-75051,Beef Burger,Burgers,1,14,14,6.00 USD,John,
03/01/26,ORD-72008,Beef Burger,Burgers,2,14,28,12,MARY,NA
2026-01-04,ORD-21692,French  Fries,Sides,2,5,10.00 EUR,3.00,,t3
04-01-2026,ORD-45361,Soda,Drinks,1,3,3,"0,50",john,T2
04-01-2026,ORD-92346,French Fries,Sides,1,5,5,,John,
01/04/26,ORD-57190,  Soda  ,Drinks,3,3,"9,00",1.50 TRY,MARY,T2
"Jan 04, 2026",ORD-55477,Chicken Wings,Appetizers,3,10,30.00,12,John,t3
04 Jan 2026,ORD-55949,Bruschetta ,Appetizers,3,7,21,"7,50",John,T2
"Jan 04, 2026",ORD-62415,Beef Burger,Burgers,3,14,NONE,18,Sarah,T1
01/04/26,ORD-41029,Beef Burger ,Burgers,3,14,42,18.00,john,t3
"Jan 04, 2026",ORD-62169,Chicken Wings,Appetizers,2,10,20,8,Sarah,-
2026/01/04,ORD-78917,Tiramisu,Desserts,3,8,24.00,9,,T1
04 Jan 2026,ORD-49530,Margherita Pizza,Pizza,1,15,15,5,,t3
01/04/26,ORD-24968,Beef Burger,Burgers,1,14,14,6.00,n/a,-
04.01.2026,ORD-15488,Margherita Pizza,Pizza,3,15,45,15,john,
04-01-2026,ORD-53155,Beef Burger,Burgers,3,14,42,18,John,t3
2026/01/04,ORD-28936,French Fries,Sides,2,5,10,3.00,MARY,NULL
04/01/26,ORD-94216,PEPPERONI PIZZA,Pizza,2,18,36,12,John,
04/01/26,ORD-61144,Chicken Wings,Appetizers,1,10,10,"4,00",MARY,
04-01-2026,ORD-11056,  Soda  ,Drinks,2,3,6.00,1.0,MARY,t3
01/04/26,ORD-72014,Chicken Wings,Appetizers,1,10,10,4,MARY,t3
2026/01/04,ORD-83471,French Fries,Sides,1,5,5,1.50 TRY,,T5
04/01/2026,ORD-95254,Bruschetta,Appetizers,2,7,14,"5,00",MARY,t3
04.01.2026,ORD-29261,Bruschetta,Appetizers,3,7,21,7.5,John,t3
04-01-2026,ORD-35468,Chicken Wings,Appetizers,1,10,10,4.00,,t3
04/01/26,ORD-96847,Pepperoni Pizza,Pizza,1,18,18,6,sarah,T2
2026/01/04,ORD-92424,Coffee,Drinks,3,4,12,3,MARY,
01/04/26,ORD-81731,Bruschetta,Appetizers,2,7,14,5.0,,T2
2026/01/04,ORD-84601,BRUSCHETTA,Appetizers,3,7,21,7.5,MARY,t3
2026/01/04,ORD-38902,Pepperoni Pizza,Pizza,3,18,54,18,,-
01/04/2026,ORD-18035,Pepperoni Pizza,Pizza,1,18,18,6.00,john,T5
04.01.2026,ORD-48612,Margherita Pizza,Pizza,2,15,30.00,10.00,John,
04-01-2026,ORD-56404,Margherita Pizza,Pizza,1,15,15,5,John,T5
04 Jan 2026,ORD-90715,  Coffee  ,Drinks,1,4,4,1,john,t3
01/04/2026,ORD-14881,Beef Burger,Burgers,1,14,14,6,NA,t3
01/04/2026,ORD-25296,Caesar Salad,Salads,1,12,12,4,--,T1
04/01/26,ORD-96706,Tiramisu,Desserts,2,8,16,"6,00",null,T5
04-01-2026,ORD-99317,Beef Burger,Burgers,2,14,£28.00,12,MARY,T1
2026-01-04,ORD-83513,Pepperoni Pizza,Pizza,1,18,18,6,,-
2026/01/04,ORD-90075,Caesar Salad,Salads,2,12,24,£8.00,MARY,T2
04 Jan 2026,ORD-94702,Tiramisu,Desserts,3,8,24.00,9,John,
--,ORD-21119,Tiramisu,Desserts,1,8,8.00,3.00 USD,MARY,T1
04/01/2026,ORD-39277,Coffee,Drinks,1,4,4,1,,T5
04.01.2026,ORD-78722,pepperoni pizza,Pizza,1,18,18,6,Sarah,T5
2026/01/04,ORD-61508,Pepperoni Pizza,Pizza,3,18,54,18.00,Sarah,T2
"Jan 04, 2026",ORD-99238,Coffee,Drinks,1,4,4,1,MARY,T2
04/01/2026,ORD-36217,Beef Burger,Burgers,1,14,14,6,John,t3
04/01/26,ORD-79421,Bruschetta,Appetizers,1,7,7,2.5,John,T2
01/04/26,ORD-84452,CHICKEN WINGS,Appetizers,1,10,10,4,MARY,
2026/01/04,ORD-94241,Coffee ,Drinks,1,4,4,1.0%,sarah,T5
01/04/2026,ORD-32767,Caesar Salad,Salads,1,12,12,4,,T1
04/01/2026,ORD-25881,Pepperoni Pizza,Pizza,2,18,36.00 TRY,N/A,none,
-,ORD-94044,  Caesar Salad  ,Salads,1,12,12,4,,t3
04/01/2026,ORD-74886,Beef Burger,Burgers,2,14,28,12,,t3
04 Jan 2026,ORD-37669,Tiramisu,Desserts,2,8,16.00,6,john,N/A
04 Jan 2026,ORD-88644,French Fries,Sides,2,5,10,3.0,-,T5
04/01/26,ORD-76505,Chicken Wings,Appetizers,3,10,30,12,MARY,T1
04 Jan 2026,ORD-40988,Chicken Wings,Appetizers,3,10,30.00,12,Sarah,t3
05/01/2026,ORD-85860,Chicken Wings,Appetizers,1,10,10,4,Sarah,T5
--,ORD-97953,Pepperoni Pizza,Pizza,3,18,54.00,,sarah,
"Jan 05, 2026",ORD-10474,Pepperoni Pizza,Pizza,1,18,18,6,sarah,T2
05.01.2026,ORD-71300,margherita pizza,Pizza,2,15,"30,00",10,john,T1
01/05/2026,ORD-92512,Margherita Pizza,Pizza,1,15,15.00,5,John,
n/a,ORD-85219,Tiramisu,Desserts,2,8,none,6.00,John,T5
01/05/26,ORD-76405,Margherita Pizza,Pizza,1,15,15,5,none,T5
05 Jan 2026,ORD-46297,Beef Burger,Burgers,1,14,nan,6,john,T2
05 Jan 2026,ORD-94141,french fries,Sides,3,5,15,4.5,MARY,T1
05/01/26,ORD-33426,Soda,Drinks,2,3,6.00,--,MARY,T2
2026/01/05,ORD-44628,Caesar Salad,Salads,2,12,24,8,Sarah,T1
null,ORD-86580,Chicken Wings,Appetizers,3,10,30,12,john,T1
05/01/2026,ORD-64365,Tiramisu,Desserts,3,8,24,9,MARY,t3
05 Jan 2026,ORD-64623,BEEF BURGER,Burgers,2,14,28,12,sarah,--
05 Jan 2026,ORD-33211,Margherita Pizza,Pizza,2,15,30,10.00 USD,,t3
2026-01-05,ORD-43237,MARGHERITA PIZZA,Pizza,1,15,15,5,John,T2
2026/01/05,ORD-86987,Tiramisu,Desserts,2,8,16,6.00,NULL,
01/05/2026,ORD-68756,French Fries,Sides,3,5,15,4.5,--,
2026/01/05,ORD-68878,Margherita Pizza,Pizza,2,15,30,10,john,T5
01/05/2026,ORD-33239,Chicken Wings,Appetizers,2,10,$20.00,8,N/A,T2
01/05/26,ORD-42288,Margherita Pizza,Pizza,1,15,15,5.00,John,T5
05 Jan 2026,ORD-40973,  Chicken Wings  ,Appetizers,1,10,10,4.00,john,T2
"Jan 05, 2026",ORD-20120,Bruschetta,Appetizers,1,7,7,2.5,john,NONE
"Jan 05, 2026",ORD-15684,Coffee,Drinks,1,4,$4.00,1,John,N/A
05-01-2026,ORD-91950,Soda,Drinks,1,3,$3.00,0.5,null,nan
2026-01-05,ORD-58115,Caesar Salad,Salads,1,12,NA,4.00 USD,sarah,T2
05/01/26,ORD-95457,coffee,Drinks,2,4,-,2,john,--
01/05/26,ORD-29964,Margherita Pizza,Pizza,3,15,45,15,MARY,T1
01/05/26,ORD-85429,Tiramisu,Desserts,1,8,8,3,Sarah,t3
05 Jan 2026,ORD-44953,Chicken Wings,Appetizers,1,10,10,4,john,T2
05.01.2026,ORD-42821,Coffee,Drinks,1,4,4,1,John,T1
01/05/26,ORD-25955,Pepperoni Pizza,Pizza,2,18,36,12,john,
01/05/26,ORD-81934,Chicken Wings,Appetizers,2,10,20,8,,t3
"Jan 06, 2026",ORD-52669,Coffee,Drinks,1,4,4,1,,n/a
06/01/2026,ORD-75149,Caesar Salad,Salads,2,12,24,8,John,T1
01/06/26,ORD-79875,Pepperoni  Pizza,Pizza,2,18,36.00,12.0%,NA,T5
06 Jan 2026,ORD-27529,Soda,Drinks,2,3,6,1.0,,t3
2026-01-06,ORD-29388,Coffee,Drinks,3,4,12.00,3,,t3
2026/01/06,ORD-55309,Tiramisu,Desserts,2,8,16,6,MARY,T5
06 Jan 2026,ORD-23337,  Beef Burger  ,Burgers,2,14,28,12.00,,nan
2026/01/06,ORD-11683,French Fries,Sides,1,5,"5,00",£1.50,Sarah,T1
nan,ORD-50264,Margherita Pizza,Pizza,1,15,15,£5.00,,null
06/01/2026,ORD-58714,French Fries,Sides,3,5,15,4.50,none,T1
"Jan 06, 2026",ORD-57351,Chicken Wings,Appetizers,3,10,30,12,,T5
2026/01/06,ORD-99052,Chicken Wings,Appetizers,3,10,30.00,12.00,,
01/06/2026,ORD-51539,Beef  Burger,Burgers,1,14,14,6.00,John,t3
2026-01-06,ORD-14034,Margherita Pizza,Pizza,3,15,45,15,sarah,
01/06/2026,ORD-87290,Soda,Drinks,1,3,3,$0.50,--,T2
2026-01-06,ORD-46078,Caesar Salad,Salads,2,12,24,8,-,T2
06/01/2026,ORD-30661,French Fries,Sides,3,5,"15,00",4.5,john,NA
01/06/2026,ORD-90286,Pepperoni Pizza,Pizza,1,18,18.00,6.00,,
06/01/26,ORD-91027,Soda,Drinks,3,3,9,1.5,sarah,
07-01-2026,ORD-23531,French Fries,Sides,3,5,15.00,NONE,Sarah,T2
"Jan 07, 2026",ORD-50201,pepperoni pizza,Pizza,3,18,54.00,18,Sarah,T2
01/07/2026,ORD-25131,  Coffee  ,Drinks,1,4,4.00,1,Sarah,null
07/01/2026,ORD-67454,caesar salad,Salads,2,12,24.00,8,,NA
07-01-2026,ORD-75395,Tiramisu,Desserts,3,8,$24.00,NULL,sarah,-
07.01.2026,ORD-77008,French Fries,Sides,2,5,10,3.00,john,--
07/01/26,ORD-93111,Pepperoni Pizza,Pizza,1,18,18,6,MARY,T2
01/07/26,ORD-20912,Pepperoni Pizza,Pizza,1,18,18.00,-,MARY,
01/07/2026,ORD-49272,Soda,Drinks,1,3,3.0%,0.50,sarah,t3
07.01.2026,ORD-64005,  Beef Burger  ,Burgers,2,14,28,12,none,T2
07.01.2026,ORD-80714,Caesar Salad,Salads,1,12,nan,4,MARY,t3
2026/01/07,ORD-80177,Tiramisu,Desserts,1,8,8,"3,00",NONE,
2026/01/07,ORD-94129,Coffee,Drinks,1,4,€4.00,1,sarah,T2
07 Jan 2026,ORD-73357,Soda,Drinks,2,3,6,1.00,sarah,T1
07-01-2026,ORD-18679,pepperoni pizza,Pizza,1,18,18.00,6.00,sarah,T1
2026-01-07,ORD-59155,Beef Burger,Burgers,3,14,42,18,,
01/07/26,ORD-39579,Soda,Drinks,2,3,N/A,1.0,john,NA
07 Jan 2026,ORD-59045,Soda,Drinks,1,3,£3.00,0.50,MARY,T5
07 Jan 2026,ORD-17843,Tiramisu,Desserts,1,8,8,n/a,John,NULL
2026/01/07,ORD-99710,Beef Burger,Burgers,1,14,14,6,N/A,T1
07/01/2026,ORD-39951,Pepperoni Pizza,Pizza,1,18,18,6,john,
NA,ORD-70844,Pepperoni Pizza,Pizza,2,18,36,12,,t3
07/01/26,ORD-58506,Pepperoni Pizza,Pizza,1,18,18.00,6.0%,sarah,t3
07-01-2026,ORD-55389,Coffee,Drinks,3,4,12,3,sarah,t3
none,ORD-94237,Tiramisu,Desserts,3,8,24.00,9.00,John,
2026-01-07,ORD-69286,French Fries,Sides,3,5,15,4.5,John,T5
01/07/2026,ORD-49498,Caesar Salad,Salads,2,12,24,N/A,john,-
07-01-2026,ORD-30014,Chicken Wings,Appetizers,1,10,"10,00",4,john,T5
01/07/26,ORD-50682,Chicken  Wings,Appetizers,3,10,$30.00,12,MARY,T2
07-01-2026,ORD-98498,Beef Burger,Burgers,2,14,£28.00,12.00,MARY,T5
2026/01/07,ORD-51659,Soda,Drinks,2,3,6.00,1.00,MARY,t3
2026-01-07,ORD-42911,Beef Burger,Burgers,3,14,42,18,MARY,T1
07-01-2026,ORD-74024,FRENCH FRIES,Sides,1,5,£5.00,1.5,john,T2
2026-01-07,ORD-21450,pepperoni pizza,Pizza,1,18,18,6,NA,
"Jan 07, 2026",ORD-67974,Soda,Drinks,2,3,6,1.0,,t3
NA,ORD-13662,Chicken Wings,Appetizers,2,10,20.00,8,john,T1
07/01/26,ORD-84692,Chicken Wings,Appetizers,1,10,10,NONE,john,t3
NONE,ORD-11106,French Fries,Sides,3,5,NULL,4.5,Sarah,T5
2026-01-07,ORD-49640,pepperoni pizza,Pizza,3,18,"54,00",18.00,,T1
07/01/26,ORD-67036,French Fries,Sides,3,5,15.00 USD,4.5,MARY,T5
07.01.2026,ORD-18156,  Caesar Salad  ,Salads,3,12,36,12,sarah,n/a
07/01/26,ORD-49951,Caesar Salad,Salads,1,12,12,4,,T2
2026/01/07,ORD-28015,Bruschetta,Appetizers,2,7,14.00,5.0,MARY,T2
2026/01/07,ORD-92100,Beef Burger,Burgers,3,14,42,18.00,MARY,--
01/07/2026,ORD-63782,Margherita Pizza,Pizza,3,15,45,"15,00",John,t3
2026/01/08,ORD-60009,Soda,Drinks,1,3,3,0.5,MARY,t3
08/01/26,ORD-90239,Caesar Salad ,Salads,2,12,24,8,John,t3
01/08/26,ORD-12198,Tiramisu,Desserts,2,8,16,"6,00",sarah,T5
08 Jan 2026,ORD-37841,Margherita Pizza,Pizza,3,15,45,15,,NULL
08/01/26,ORD-59817,Caesar Salad,Salads,3,12,36,12,,T1
01/08/26,ORD-21006,Bruschetta,Appetizers,2,7,14,5.0,MARY,
"Jan 08, 2026",ORD-82864,Pepperoni Pizza,Pizza,1,18,18,6.00 TRY,sarah,--
08.01.2026,ORD-68389,Tiramisu,Desserts,1,8,8,3.00,Sarah,
01/08/2026,ORD-19798,Margherita Pizza,Pizza,3,15,£45.00,15,John,T5
01/08/26,ORD-96236,French Fries,Sides,3,5,15,4.5,sarah,T2
01/08/26,ORD-77093,Beef Burger,Burgers,2,14,28.00,12.00,MARY,t3
08/01/2026,ORD-88181,Coffee,Drinks,2,4,8.00,2,,T1
2026-01-08,ORD-71918,Tiramisu,Desserts,3,8,24,9.00 EUR,Sarah,T2
2026/01/08,ORD-96476,Tiramisu,Desserts,3,8,24.00,9,john,T5
2026-01-08,ORD-86253,Soda,Drinks,1,3,3.00,0.5,sarah,
2026-01-08,ORD-67151,beef burger,Burgers,3,14,42,18,john,T1
08-01-2026,ORD-22404,Coffee,Drinks,2,4,8.0%,2.00,john,
08-01-2026,ORD-14313,Bruschetta,Appetizers,3,7,21,7.50,,T2
"Jan 08, 2026",ORD-54070,Soda,Drinks,1,3,3.00,0.50,none,t3
2026/01/08,ORD-97361,Pepperoni Pizza,Pizza,1,18,18.00,6,,T2
NULL,ORD-11127,Tiramisu,Desserts,3,8,24,9,sarah,T1
--,ORD-26406,French Fries,Sides,3,5,"15,00",€4.50,john,NULL
2026/01/08,ORD-99881,Tiramisu,Desserts,3,8,24,9,MARY,T1
08 Jan 2026,ORD-61033,Beef Burger,Burgers,3,14,₺42.00,18.00,sarah,none
"Jan 08, 2026",ORD-88566,  Beef Burger  ,Burgers,3,14,42,18.00,MARY,
08/01/26,ORD-10771,French Fries,Sides,1,5,5.00,1.5%,john,t3
08/01/26,ORD-19789,Bruschetta,Appetizers,1,7,7,2.50,sarah,
NA,ORD-63792,beef burger,Burgers,2,14,28,12.00,NONE,-
08 Jan 2026,ORD-34602,  Soda  ,Drinks,3,3,9,1.50,n/a,null
2026/01/08,ORD-62749,Soda,Drinks,1,3,3.00 USD,0.5%,,T1
2026/01/09,ORD-56127,Chicken Wings,Appetizers,2,10,20,8.00 USD,john,T1
09/01/26,ORD-99889,Tiramisu,Desserts,3,8,24,9.00 USD,Sarah,T1
09/01/26,ORD-31172,Caesar Salad,Salads,3,12,36,12.00,MARY,T1
01/09/2026,ORD-24821,Margherita Pizza,Pizza,3,15,45,15,,T1
09.01.2026,ORD-49571,Margherita Pizza,Pizza,3,15,45.00,--,Sarah,T5
09 Jan 2026,ORD-26825,french fries,Sides,1,5,5,1.5,sarah,T5
09 Jan 2026,ORD-97920,Bruschetta,Appetizers,3,7,"21,00",7.50,MARY,t3
09.01.2026,ORD-91145,French Fries,Sides,1,5,5,1.5,John,T1
09 Jan 2026,ORD-45078,Beef Burger,Burgers,2,14,28.00 USD,12.0%,Sarah,T5
01/09/2026,ORD-87323,Soda,Drinks,3,3,9,1.5,Sarah,nan
09.01.2026,ORD-11867,Bruschetta,Appetizers,2,7,14.0%,5.00,Sarah,T1
2026-01-09,ORD-30181,Coffee,Drinks,3,4,12,3,n/a,t3
01/09/2026,ORD-35648,Tiramisu,Desserts,3,8,24,9,NONE,t3
09/01/2026,ORD-13893,Margherita Pizza,Pizza,1,15,15,5,-,t3
09.01.2026,ORD-42882,  French Fries  ,Sides,1,5,5,1.50,john,T1
2026/01/09,ORD-47953,Coffee,Drinks,3,4,12.00 TRY,3,,T2
2026/01/09,ORD-47234,Tiramisu,Desserts,1,8,8,3.0%,none,t3
09.01.2026,ORD-65222,Margherita Pizza,Pizza,3,15,45,15.00,MARY,
2026/01/09,ORD-80270,Pepperoni Pizza,Pizza,1,18,18.00 TRY,6,MARY,NULL
2026-01-09,ORD-33740,French  Fries,Sides,1,5,5,1.50 EUR,MARY,T5
01/09/2026,ORD-66738,Beef Burger,Burgers,2,14,"28,00",12,MARY,T1
09-01-2026,ORD-48948,Caesar Salad,Salads,3,12,36,12,MARY,-
01/09/26,ORD-80768,Bruschetta,Appetizers,3,7,21.00,none,Sarah,
09-01-2026,ORD-19683,French Fries,Sides,3,5,15,4.5,Sarah,T2
09/01/26,ORD-84354,Soda,Drinks,2,3,6,"1,00",,NULL
2026/01/09,ORD-72737,Soda,Drinks,3,3,9,£1.50,,
09.01.2026,ORD-79987,Chicken Wings,Appetizers,3,10,30,12,--,T1
09.01.2026,ORD-42571,Soda,Drinks,2,3,6,1.0,MARY,t3
2026-01-09,ORD-90685,BRUSCHETTA,Appetizers,1,7,7,2.5,John,T5
"Jan 09, 2026",ORD-59249,Bruschetta,Appetizers,3,7,21,7.5,sarah,NA
09-01-2026,ORD-25860,Chicken Wings,Appetizers,2,10,20.00,8,Sarah,
09/01/26,ORD-72802,Coffee,Drinks,3,4,12,3,Sarah,NA
01/09/2026,ORD-12985,Margherita Pizza,Pizza,1,15,15,"5,00",NULL,T1
2026-01-09,ORD-29371,Beef Burger,Burgers,2,14,28.00,12,john,
2026-01-09,ORD-82469,Margherita Pizza,Pizza,3,15,45,15,,
2026-01-09,ORD-21145,Coffee,Drinks,2,4,8,2,N/A,t3
09/01/2026,ORD-88122,Pepperoni Pizza,Pizza,2,18,36,12.0%,john,T1
09.01.2026,ORD-59536,Caesar Salad,Salads,2,12,24,8,,
01/09/2026,ORD-78990,Tiramisu,Desserts,1,8,8,"3,00",john,NULL
2026/01/09,ORD-39805,Chicken Wings,Appetizers,3,10,30.00 USD,12.0%,,T1
01/09/26,ORD-16999,Coffee,Drinks,2,4,8,2,,T5
2026/01/09,ORD-25371,Beef Burger,Burgers,3,14,42,18,,NULL
09-01-2026,ORD-63485,Pepperoni Pizza,Pizza,3,18,54,18.00,John,t3
null,ORD-87024,Chicken Wings,Appetizers,1,10,10.00,€4.00,MARY,T1
09.01.2026,ORD-76095,Coffee,Drinks,1,4,4,1,sarah,T2
01/09/26,ORD-54651,Coffee,Drinks,2,4,8,2.00 TRY,MARY,T2
01/09/2026,ORD-83464,Coffee,Drinks,3,4,12,3,John,null
09/01/2026,ORD-41115,Soda,Drinks,2,3,6,1.0%,John,t3
09-01-2026,ORD-68931,French Fries,Sides,3,5,15,4.5,john,T5
01/09/2026,ORD-75515,French Fries,Sides,3,5,15,4.5,Sarah,T2
09/01/26,ORD-21485,Tiramisu,Desserts,3,8,24,9.00,john,
-,ORD-51082,Caesar Salad,Salads,3,12,36,12,john,T1
09 Jan 2026,ORD-19324,Caesar Salad,Salads,1,12,12,4,NONE,
01/09/26,ORD-40481,Soda,Drinks,3,3,NULL,1.5,NA,
09 Jan 2026,ORD-28043,Bruschetta,Appetizers,2,7,14,5.0,,
09-01-2026,ORD-59732,French Fries,Sides,1,5,"5,00",1.50,John,t3
2026/01/09,ORD-33051,Chicken Wings,Appetizers,1,10,10,4.0%,Sarah,T5
01/09/26,ORD-42144,CAESAR SALAD,Salads,1,12,12,4.00,john,T2
09 Jan 2026,ORD-81118,Pepperoni Pizza,Pizza,2,18,36,12.00 TRY,MARY,
N/A,ORD-86473,Coffee ,Drinks,2,4,8,2,Sarah,t3
09/01/2026,ORD-90882,Tiramisu,Desserts,1,8,8,3.00,sarah,
09.01.2026,ORD-25928,Caesar Salad,Salads,2,12,24,8.00 EUR,john,t3
09.01.2026,ORD-23321,French Fries,Sides,3,5,15,4.5,,t3
09.01.2026,ORD-72021,Caesar Salad,Salads,1,12,12.00,4,,T2
09/01/2026,ORD-54409,Chicken Wings,Appetizers,3,10,30,12.00 TRY,john,T2
2026/01/09,ORD-56979,Coffee,Drinks,1,4,4,1,,
09/01/2026,ORD-51693,Soda,Drinks,1,3,"3,00","0,50",,T1
01/09/26,ORD-41568,Soda,Drinks,2,3,6.00,1.0%,,T5
2026-01-09,ORD-10178,Soda,Drinks,1,3,3,0.5,john,N/A
09.01.2026,ORD-78326,Tiramisu,Desserts,3,8,24,9,John,
2026-01-09,ORD-66499,Coffee,Drinks,1,4,4.00,1,,
,ORD-58937,Pepperoni Pizza,Pizza,3,18,54,"18,00",NONE,
NONE,ORD-65412,Chicken Wings,Appetizers,1,10,"10,00",4,John,T1
09-01-2026,ORD-99748,MARGHERITA PIZZA,Pizza,1,15,15.00,5.00,john,T1
2026-01-09,ORD-46391,Pepperoni Pizza,Pizza,1,18,18,6,john,t3
09 Jan 2026,ORD-67067,Bruschetta,Appetizers,2,7,14,5.0,MARY,
2026-01-09,ORD-86145,Pepperoni Pizza,Pizza,1,18,18,6.00 TRY,sarah,T2
01/09/26,ORD-87403,Beef Burger,Burgers,1,14,14,6.0%,Sarah,T5
none,ORD-24325,Margherita Pizza,Pizza,3,15,45,15,n/a,n/a
n/a,ORD-15161,Caesar Salad,Salads,1,12,12,"4,00",John,none
2026-01-09,ORD-15121,Soda,Drinks,1,3,3.00,0.5,sarah,T5
"Jan 09, 2026",ORD-85993,Pepperoni Pizza,Pizza,2,18,36,12,MARY,
2026/01/09,ORD-28944,Coffee,Drinks,3,4,12,3.0%,NONE,T2
"Jan 09, 2026",ORD-83790,MARGHERITA PIZZA,Pizza,2,15,n/a,10,John,T2
09/01/26,ORD-74313,Pepperoni Pizza,Pizza,2,18,36,"12,00",none,T2
01/09/26,ORD-39498,Margherita Pizza,Pizza,3,15,45,"15,00",John,T5
"Jan 09, 2026",ORD-16040,Soda,Drinks,1,3,"3,00",0.50,N/A,
10-01-2026,ORD-84011,Bruschetta,Appetizers,3,7,21,7.5,sarah,-
10/01/26,ORD-92351,Margherita Pizza,Pizza,1,15,15,5,John,nan
2026/01/10,ORD-87332,Bruschetta,Appetizers,2,7,14,"5,00",-,T2
10-01-2026,ORD-36288,COFFEE,Drinks,1,4,₺4.00,"1,00",john,
"Jan 10, 2026",ORD-90791,French Fries,Sides,1,5,£5.00,1.5,john,-
10.01.2026,ORD-74924,Bruschetta,Appetizers,2,7,14,5.0,MARY,T5
10-01-2026,ORD-82736,Bruschetta,Appetizers,1,7,7.00,"2,50",sarah,
10 Jan 2026,ORD-89341,Coffee,Drinks,1,4,4,1,John,T2
01/10/2026,ORD-57614,Margherita Pizza,Pizza,3,15,"45,00",15,MARY,nan
2026-01-10,ORD-43099,Pepperoni Pizza,Pizza,3,18,54,18,--,
2026-01-10,ORD-63057,Beef Burger,Burgers,2,14,28,12,Sarah,T5
NULL,ORD-72775,Chicken Wings,Appetizers,1,10,10.00,4.00,Sarah,T1
10/01/2026,ORD-13763,Coffee,Drinks,2,4,8.00 USD,2,John,T2
2026/01/10,ORD-53735,Caesar Salad,Salads,3,12,36,12,sarah,T5
10/01/26,ORD-38223,Beef Burger,Burgers,3,14,42.00,"18,00",John,T1
"Jan 10, 2026",ORD-23032,Tiramisu,Desserts,2,8,16,6,MARY,t3
10/01/26,ORD-50955,Caesar Salad,Salads,3,12,36,₺12.00,,
01/10/26,ORD-99381,Beef Burger,Burgers,1,14,14,6.00,john,T2
10/01/2026,ORD-44233,Soda,Drinks,3,3,€9.00,1.5,Sarah,T2
01/10/2026,ORD-48065,Soda,Drinks,3,3,9,1.5,john,
01/10/2026,ORD-15298,Chicken Wings,Appetizers,2,10,£20.00,8,,T5
10.01.2026,ORD-34347,Beef Burger,Burgers,2,14,28,12,MARY,t3
01/10/2026,ORD-97623,tiramisu,Desserts,3,8,24,9,john,NA
2026/01/10,ORD-40099,Margherita Pizza,Pizza,1,15,15,5,MARY,nan
10 Jan 2026,ORD-94475,Coffee,Drinks,1,4,4.00,1.00,sarah,t3
10/01/2026,ORD-73060,Caesar Salad,Salads,1,12,12,4,NA,T2
01/10/2026,ORD-41242,Coffee,Drinks,1,4,n/a,1,john,T1
10/01/26,ORD-91058,Bruschetta,Appetizers,3,7,21,7.5,MARY,T2
10 Jan 2026,ORD-47325,FRENCH FRIES,Sides,3,5,15.00,4.5,NONE,T1
2026-01-10,ORD-29580,  Tiramisu  ,Desserts,3,8,24,9,sarah,T5
2026-01-10,ORD-76808,Soda,Drinks,2,3,"6,00",1.0,Sarah,t3
2026/01/10,ORD-28119,beef burger,Burgers,1,14,14,6.0%,,
10/01/2026,ORD-80254,Beef Burger,Burgers,2,14,28,12,John,
10/01/2026,ORD-85586,Caesar Salad,Salads,1,12,12,4,MARY,t3
2026-01-10,ORD-11950,Margherita Pizza,Pizza,2,15,30,10.00,sarah,T1
01/10/26,ORD-13641,Tiramisu,Desserts,3,8,24,9,Sarah,NONE
10/01/26,ORD-53701,Chicken Wings,Appetizers,1,10,NA,4,sarah,T5
2026-01-10,ORD-83772,margherita pizza,Pizza,3,15,45.00,15,MARY,T1
NA,ORD-54235,Coffee,Drinks,1,4,4,1,MARY,
"Jan 10, 2026",ORD-68244,Bruschetta,Appetizers,1,7,7.00,2.5,Sarah,
"Jan 10, 2026",ORD-26383,Chicken Wings,Appetizers,1,10,10,4,sarah,
2026/01/10,ORD-69642,Pepperoni Pizza,Pizza,3,18,54,18,John,T2
10/01/26,ORD-97173,Bruschetta,Appetizers,1,7,7.0%,N/A,john,T2
"Jan 10, 2026",ORD-93879,Bruschetta,Appetizers,3,7,21,7.5,MARY,T2
10.01.2026,ORD-64712,French Fries,Sides,3,5,$15.00,4.5,Sarah,T2
"Jan 10, 2026",ORD-67461,Pepperoni Pizza,Pizza,2,18,36.00,12,john,T2
01/10/2026,ORD-67596,Tiramisu,Desserts,3,8,24,9,,T1
"Jan 10, 2026",ORD-31175,Beef Burger,Burgers,1,14,14,--,Sarah,null
10/01/26,ORD-94647,Tiramisu,Desserts,3,8,24,9,John,t3
"Jan 10, 2026",ORD-97883,SODA,Drinks,3,3,9,1.5,John,t3
01/10/2026,ORD-47086,Margherita Pizza,Pizza,3,15,45.00,15.00,John,t3
01/10/2026,ORD-83985,Margherita Pizza,Pizza,1,15,15,5.00 TRY,NULL,nan
10/01/2026,ORD-12262,Soda,Drinks,1,3,3,0.5,Sarah,
10 Jan 2026,ORD-89477,Pepperoni Pizza,Pizza,3,18,54,18.00 EUR,john,T2
2026-01-10,ORD-16182,Beef Burger,Burgers,1,14,14,"6,00",,T2
2026-01-10,ORD-95811,Soda,Drinks,1,3,3.00,0.5,john,T2
01/10/26,ORD-66496,Chicken Wings,Appetizers,2,10,20,8,,T2
10 Jan 2026,ORD-71370,Chicken Wings,Appetizers,1,10,10,4.00,MARY,T2
10.01.2026,ORD-62329,Tiramisu,Desserts,2,8,16,6.00,,-
01/10/26,ORD-91309,Soda,Drinks,2,3,6,1.0,john,t3
10 Jan 2026,ORD-65545,Chicken Wings,Appetizers,3,10,30,12,none,T2
10.01.2026,ORD-53181,Margherita Pizza,Pizza,1,15,15,5,,
"Jan 10, 2026",ORD-56181,PEPPERONI PIZZA,Pizza,3,18,54,18,,T1
2026/01/10,ORD-74301,Bruschetta,Appetizers,3,7,21.0%,7.5,sarah,T5
"Jan 10, 2026",ORD-80155,Tiramisu ,Desserts,2,8,16,6,sarah,T1
10 Jan 2026,ORD-20903,Beef Burger,Burgers,1,14,14,6,sarah,t3
01/10/2026,ORD-62457,Bruschetta,Appetizers,2,7,$14.00,5.0,sarah,T2
10-01-2026,ORD-50513,Margherita Pizza,Pizza,3,15,45,15,sarah,T1
10 Jan 2026,ORD-12434,Chicken Wings,Appetizers,2,10,20,8,Sarah,T2
10-01-2026,ORD-34355,Soda,Drinks,2,3,€6.00,1.0,,NULL
10-01-2026,ORD-34531,Beef Burger,Burgers,1,14,"14,00",6,,T1
10/01/2026,ORD-99038,Caesar Salad,Salads,2,12,24,8,sarah,t3
10 Jan 2026,ORD-46015,Pepperoni Pizza,Pizza,3,18,₺54.00,18,john,NULL
10/01/2026,ORD-25685,Pepperoni Pizza,Pizza,1,18,18,6,john,t3
11/01/2026,ORD-39743,Bruschetta,Appetizers,1,7,7.00,2.5,sarah,T1
11/01/26,ORD-57784,Bruschetta,Appetizers,3,7,21.00,7.5,MARY,T2
01/11/26,ORD-46022,Bruschetta,Appetizers,1,7,7,"2,50",MARY,
01/11/2026,ORD-75291,Coffee,Drinks,3,4,12,3,john,T2
11/01/26,ORD-65391,Beef Burger,Burgers,1,14,14,6.0%,john,none
"Jan 11, 2026",ORD-93774,Beef Burger,Burgers,2,14,28.00,£12.00,sarah,
01/11/26,ORD-95767,Tiramisu,Desserts,2,8,16,6,john,
2026/01/11,ORD-53281,  Caesar Salad  ,Salads,3,12,36.00 USD,12,john,t3
"Jan 11, 2026",ORD-17965,Bruschetta,Appetizers,2,7,14,5.0,,T2
11/01/26,ORD-37422,Bruschetta,Appetizers,2,7,14.0%,5.0,MARY,T5
01/11/26,ORD-36432,French  Fries,Sides,3,5,"15,00",4.5,NONE,T5
2026/01/11,ORD-19914,French Fries,Sides,3,5,15,"4,50",-,T1
"Jan 11, 2026",ORD-53135,Coffee,Drinks,2,4,8,2,NA,t3
01/11/26,ORD-32826,Bruschetta,Appetizers,3,7,21.0%,7.5%,MARY,T1
01/11/2026,ORD-12415,Tiramisu,Desserts,3,8,24,9,john,
11/01/26,ORD-46322,Pepperoni Pizza,Pizza,1,18,18.0%,6,,t3
"Jan 11, 2026",ORD-79396,Soda,Drinks,2,3,6,1.00,,T5
11 Jan 2026,ORD-33866,Caesar Salad,Salads,2,12,24,8.00 EUR,John,t3
"Jan 11, 2026",ORD-84388,Bruschetta,Appetizers,1,7,7,2.5,,T2
11/01/26,ORD-53571,Pepperoni Pizza,Pizza,3,18,54,18,john,
,ORD-89075,Margherita Pizza,Pizza,2,15,30,NA,,T5
01/11/26,ORD-92256,Caesar Salad,Salads,1,12,12.0%,4,MARY,T1
11-01-2026,ORD-45862,French Fries,Sides,2,5,"10,00",3.00,John,n/a
11/01/2026,ORD-13619,Pepperoni Pizza,Pizza,3,18,54,NONE,MARY,null
2026-01-11,ORD-97026,Margherita Pizza,Pizza,2,15,30,10,NA,T1
11.01.2026,ORD-30812,Coffee,Drinks,2,4,8,2,john,T2
01/11/26,ORD-36866,Soda,Drinks,2,3,6,1.0,john,nan
11/01/26,ORD-92413,Bruschetta,Appetizers,2,7,14,5.0,MARY,T5
11/01/26,ORD-81642,French Fries,Sides,2,5,10.00,3.0,Sarah,t3
01/11/2026,ORD-98201,beef burger,Burgers,3,14,42,18,sarah,t3
11/01/26,ORD-80012,Chicken Wings,Appetizers,3,10,null,12.00,John,t3
01/11/26,ORD-27530,Chicken Wings,Appetizers,2,10,--,₺8.00,john,
11 Jan 2026,ORD-55455,Beef Burger,Burgers,2,14,€28.00,12,,T1
11.01.2026,ORD-62150,Bruschetta,Appetizers,1,7,£7.00,2.5,John,T2
11/01/26,ORD-82265,Beef Burger,Burgers,1,14,14,$6.00,Sarah,t3
11 Jan 2026,ORD-19358,Caesar Salad,Salads,3,12,36,12.00,NULL,T5
11/01/26,ORD-88029,Margherita Pizza,Pizza,1,15,15,5,N/A,
2026-01-11,ORD-76806,Coffee,Drinks,1,4,4,1,John,T5
01/11/26,ORD-87284,Soda,Drinks,1,3,3,0.5,john,
2026-01-11,ORD-62106,Pepperoni Pizza,Pizza,3,18,54,18.00 USD,n/a,nan
2026-01-11,ORD-94673,Chicken Wings,Appetizers,2,10,20,8,Sarah,nan
11.01.2026,ORD-14560,Caesar Salad,Salads,3,12,36,12,Sarah,n/a
11/01/2026,ORD-78535,  Coffee  ,Drinks,2,4,8,€2.00,sarah,
NONE,ORD-84528,Margherita Pizza,Pizza,2,15,30,10.00 EUR,John,NONE
NONE,ORD-59595,Bruschetta,Appetizers,3,7,21.00,7.5,sarah,T2
11 Jan 2026,ORD-46048,Bruschetta,Appetizers,3,7,21,7.5,NONE,
11/01/2026,ORD-98124,Bruschetta,Appetizers,1,7,7,2.50,John,T2
01/11/26,ORD-79446,Tiramisu,Desserts,2,8,16.00,6.00 TRY,john,n/a
11 Jan 2026,ORD-25727,Beef Burger,Burgers,3,14,42.00,18,,T5
11-01-2026,ORD-27328,Soda,Drinks,1,3,3,0.5,MARY,-
11/01/26,ORD-55784,Pepperoni  Pizza,Pizza,3,18,54,18,,T5
2026/01/11,ORD-49418,Pepperoni Pizza,Pizza,3,18,54.00 TRY,NULL,Sarah,t3
11/01/2026,ORD-76569,Tiramisu,Desserts,2,8,16,6,Sarah,
"Jan 11, 2026",ORD-88288,Chicken Wings,Appetizers,3,10,30,12.0%,sarah,T5
01/11/2026,ORD-16970,French Fries,Sides,3,5,15,4.5,Sarah,-
"Jan 11, 2026",ORD-44788,Beef Burger,Burgers,3,14,42.00,18,,
11/01/26,ORD-62384,Caesar Salad,Salads,1,12,12,4.00,--,T5
2026/01/11,ORD-55592,Beef Burger,Burgers,1,14,14,"6,00",,none
11.01.2026,ORD-38365,Margherita Pizza,Pizza,1,15,15,5,none,T5
11-01-2026,ORD-55245,Chicken Wings,Appetizers,1,10,10,4.0%,,t3
11-01-2026,ORD-49878,Bruschetta,Appetizers,2,7,14,5.00,john,T1
01/11/26,ORD-15828,Coffee,Drinks,1,4,4.00,1,john,t3
11 Jan 2026,ORD-61178,Tiramisu,Desserts,1,8,₺8.00,3,John,
11-01-2026,ORD-31055,Beef Burger,Burgers,3,14,42,18,john,
11/01/26,ORD-15473,Chicken Wings,Appetizers,3,10,30,12,Sarah,
2026-01-11,ORD-72672,Bruschetta,Appetizers,3,7,21,7.5,sarah,T5
01/11/2026,ORD-94397,Coffee,Drinks,2,4,8,2,MARY,T2
11/01/2026,ORD-50448,Caesar Salad,Salads,1,12,12.00,"4,00",MARY,T5
2026-01-11,ORD-69172,Bruschetta ,Appetizers,2,7,14,5.0,sarah,T5
11-01-2026,ORD-57793,Bruschetta,Appetizers,1,7,7,2.5,MARY,t3
01/11/2026,ORD-94853,Coffee,Drinks,3,4,12.0%,3.00 USD,john,T2
11-01-2026,ORD-66982,Caesar Salad,Salads,1,12,12,4,sarah,T5
11/01/26,ORD-97372,coffee,Drinks,3,4,12,3,MARY,T1
11.01.2026,ORD-60532,French Fries,Sides,2,5,10,3.0,N/A,T1
2026-01-11,ORD-65650,Coffee,Drinks,3,4,12.00,$3.00,,T5
2026-01-11,ORD-17604,Chicken Wings,Appetizers,1,10,10,4,,
11-01-2026,ORD-46298,Chicken Wings,Appetizers,3,10,30.00,"12,00",,NULL
01/11/26,ORD-55504,Chicken Wings,Appetizers,1,10,10,4,sarah,T5
2026-01-11,ORD-90162,Caesar Salad,Salads,3,12,36.0%,12.00,none,T1
01/11/2026,ORD-61155,Bruschetta ,Appetizers,2,7,14,5.0,Sarah,T5
01/11/2026,ORD-69472,Pepperoni Pizza,Pizza,3,18,54,$18.00,John,T5
11/01/2026,ORD-65844,Chicken Wings,Appetizers,2,10,20.0%,8,N/A,T1
11/01/26,ORD-82997,Bruschetta,Appetizers,2,7,14,5.0,MARY,
"Jan 11, 2026",ORD-16595,TIRAMISU,Desserts,3,8,24.0%,9,Sarah,t3
11/01/26,ORD-38063,Chicken Wings,Appetizers,3,10,30.00 USD,12,John,T2
01/11/26,ORD-23968,Caesar Salad,Salads,1,12,12,4,Sarah,T1
"Jan 11, 2026",ORD-28769,Chicken Wings,Appetizers,1,10,10,4,MARY,t3
"Jan 11, 2026",ORD-87724,Chicken Wings,Appetizers,3,10,30,12,,
11/01/2026,ORD-27033,Margherita Pizza,Pizza,3,15,45.00,15.0%,Sarah,
01/11/26,ORD-21008,Pepperoni Pizza,Pizza,2,18,36.00,NULL,John,T1
"Jan 11, 2026",ORD-15682,Margherita Pizza,Pizza,3,15,45,15.00,,T1
2026-01-11,ORD-61878,Margherita Pizza,Pizza,2,15,$30.00,10,,T5
01/11/26,ORD-53970,Tiramisu,Desserts,2,8,16,6.0%,john,T2
01/11/26,ORD-10358,Soda,Drinks,2,3,6,"1,00",MARY,t3
11/01/26,ORD-38744,Soda,Drinks,2,3,6,1.0,John,
11.01.2026,ORD-24488,Pepperoni Pizza ,Pizza,1,18,18.00,6.00,John,T2
2026-01-11,ORD-43286,Chicken Wings,Appetizers,2,10,20.00,8.00,,T5
"Jan 12, 2026",ORD-89756,Beef Burger,Burgers,1,14,14.00,6.00,,t3
12 Jan 2026,ORD-80062,Beef Burger,Burgers,3,14,42,18,nan,T5
12.01.2026,ORD-68735,Margherita Pizza,Pizza,2,15,30,10,MARY,
01/12/2026,ORD-18315,French Fries,Sides,3,5,15,4.5,,T5
none,ORD-98604,Soda,Drinks,3,3,$9.00,1.50 USD,sarah,T2
01/12/26,ORD-98483,Soda,Drinks,1,3,3.00,0.5,Sarah,T1
12/01/2026,ORD-48738,Chicken Wings,Appetizers,1,10,10.00 EUR,4,,nan
12/01/2026,ORD-41130,  Soda  ,Drinks,1,3,3,0.5,--,T1
12.01.2026,ORD-41141,Margherita Pizza,Pizza,2,15,30,N/A,john,T1
"Jan 12, 2026",ORD-25652,Margherita Pizza,Pizza,2,15,30.00,€10.00,sarah,NONE
"Jan 12, 2026",ORD-54867,Beef Burger,Burgers,2,14,28,12.00,John,T1
12-01-2026,ORD-90663,Bruschetta,Appetizers,3,7,21.00 TRY,"7,50",,--
12-01-2026,ORD-45367,Caesar Salad,Salads,3,12,36,12,john,
12.01.2026,ORD-16886,Margherita Pizza,Pizza,3,15,45.00,15,John,t3
12/01/2026,ORD-27731,  French Fries  ,Sides,1,5,5,1.5,sarah,T1
"Jan 12, 2026",ORD-43142,Coffee,Drinks,2,4,8,2.0%,,T1
12-01-2026,ORD-35546,Pepperoni Pizza,Pizza,2,18,36.00,₺12.00,sarah,NA
01/12/2026,ORD-13452,Margherita Pizza,Pizza,1,15,15,5.00,sarah,t3
01/12/26,ORD-54696,Chicken  Wings,Appetizers,1,10,10,4,null,T2
12.01.2026,ORD-87912,Soda,Drinks,3,3,9,1.5,Sarah,T1
01/12/2026,ORD-37908,Caesar Salad,Salads,1,12,12,4,sarah,t3
12-01-2026,ORD-70590,Pepperoni Pizza,Pizza,2,18,36,--,MARY,T1
12 Jan 2026,ORD-85927,French Fries,Sides,1,5,5,1.5,john,
01/12/26,ORD-87250,Pepperoni Pizza,Pizza,2,18,36,£12.00,john,T2
12/01/2026,ORD-69950,Caesar Salad,Salads,1,12,12,4,n/a,t3
01/12/26,ORD-19160,Soda,Drinks,1,3,3,0.5,MARY,NA
2026/01/12,ORD-33896,Soda,Drinks,1,3,3,£0.50,john,T5
12/01/26,ORD-71103,Bruschetta,Appetizers,3,7,21,7.50,John,-
01/12/26,ORD-28344,Pepperoni Pizza,Pizza,1,18,18,6,john,T2
2026-01-12,ORD-70569,Bruschetta,Appetizers,2,7,14,5.0,sarah,T1
12 Jan 2026,ORD-64733,French Fries,Sides,3,5,15,4.5%,Sarah,T5
2026/01/12,ORD-23885,Coffee,Drinks,1,4,4.00,1,MARY,NA
12 Jan 2026,ORD-42954,Margherita Pizza,Pizza,3,15,45.0%,15,MARY,t3
12/01/2026,ORD-65641,Coffee,Drinks,2,4,8.0%,NULL,John,T5
12 Jan 2026,ORD-99169,Beef Burger ,Burgers,2,14,28,12,,T2
12.01.2026,ORD-69699,Coffee,Drinks,1,4,4,1,sarah,T5
12 Jan 2026,ORD-42681,French Fries,Sides,3,5,15,4.5,,nan
01/12/26,ORD-62777,Margherita Pizza,Pizza,3,15,45.0%,15.00,,t3
12/01/2026,ORD-50159,Bruschetta,Appetizers,3,7,21,7.5,John,T5
12.01.2026,ORD-72747,Caesar Salad,Salads,2,12,24,8.0%,sarah,t3
12.01.2026,ORD-52694,CHICKEN WINGS,Appetizers,1,10,"10,00",4,John,T1
12/01/26,ORD-90708,Soda,Drinks,1,3,3.0%,0.5,john,T1
01/13/2026,ORD-46513,Coffee,Drinks,1,4,4,1,john,t3
13/01/26,ORD-76873,Chicken Wings,Appetizers,3,10,30,12.00,n/a,
01/13/26,ORD-45741,Bruschetta,Appetizers,3,7,21.00,7.5,john,
13/01/2026,ORD-13289,Soda,Drinks,2,3,6,1.0,MARY,nan
01/13/26,ORD-25703,Caesar Salad,Salads,1,12,12,4,N/A,t3
13 Jan 2026,ORD-73999,Beef Burger,Burgers,3,14,42,null,sarah,NONE
01/13/2026,ORD-17712,Coffee,Drinks,2,4,8.00 USD,2.00,sarah,
13/01/26,ORD-33182,Coffee,Drinks,1,4,4.00,1,John,
13/01/2026,ORD-65823,Soda,Drinks,2,3,6,1.0,n/a,T2
13/01/26,ORD-26518,French Fries,Sides,3,5,15,4.5,sarah,T1
13/01/26,ORD-17273,Pepperoni Pizza,Pizza,3,18,54.00 USD,18.0%,sarah,T1
01/13/2026,ORD-88045,Soda,Drinks,1,3,N/A,0.5,MARY,T1
2026-01-13,ORD-29697,Soda,Drinks,1,3,3.00 USD,0.5,John,
01/13/26,ORD-28444,Pepperoni Pizza,Pizza,2,18,36.00,-,John,nan
2026-01-13,ORD-73571,French Fries,Sides,1,5,5,1.50,NONE,
13.01.2026,ORD-13449,Pepperoni Pizza,Pizza,2,18,£36.00,12.00 EUR,john,T1
13/01/26,ORD-78739,Coffee,Drinks,1,4,4,"1,00",Sarah,t3
13-01-2026,ORD-20994,Caesar Salad,Salads,3,12,36,12,none,T5
13 Jan 2026,ORD-54091,Bruschetta,Appetizers,2,7,14,5.0,Sarah,T1
13/01/26,ORD-33665,pepperoni pizza,Pizza,3,18,54,NONE,none,T2
01/13/2026,ORD-75315,Bruschetta,Appetizers,2,7,14,5.0,sarah,none
13 Jan 2026,ORD-22268,Pepperoni Pizza,Pizza,2,18,₺36.00,12,john,T2
13-01-2026,ORD-32191,Beef Burger,Burgers,3,14,42,"18,00",sarah,t3
01/13/2026,ORD-81232,Caesar  Salad,Salads,1,12,12.0%,4.00 USD,null,
"Jan 13, 2026",ORD-17650,Pepperoni Pizza,Pizza,2,18,36,12,John,T2
01/13/26,ORD-70018,Tiramisu,Desserts,3,8,24.00,9.00 USD,,T1
01/13/2026,ORD-69885,French Fries,Sides,1,5,£5.00,n/a,sarah,-
13/01/2026,ORD-65609,  Margherita Pizza  ,Pizza,2,15,30,10,MARY,T1
2026-01-13,ORD-18276,Chicken Wings,Appetizers,3,10,N/A,--,null,t3
13.01.2026,ORD-64461,Margherita Pizza,Pizza,1,15,15,5,MARY,t3
13.01.2026,ORD-87530,Soda,Drinks,2,3,£6.00,1.0,John,t3
13-01-2026,ORD-22872,Tiramisu,Desserts,3,8,24,9,Sarah,T2
none,ORD-97268,Pepperoni Pizza,Pizza,3,18,54,18,john,t3
2026-01-13,ORD-70132,French Fries,Sides,3,5,15,"4,50",John,T5
13/01/26,ORD-71040,French Fries,Sides,3,5,15,4.5,Sarah,null
2026/01/13,ORD-80458,Beef Burger,Burgers,1,14,14,NULL,MARY,T1
13/01/26,ORD-15234,Margherita Pizza,Pizza,2,15,30,10.00 EUR,MARY,T1
2026/01/13,ORD-25065,Chicken Wings,Appetizers,2,10,20,8.00,Sarah,T5
13/01/26,ORD-23128,Pepperoni Pizza,Pizza,1,18,18.00,6,Sarah,T5
01/13/26,ORD-71725,Tiramisu,Desserts,3,8,$24.00,9,Sarah,T2
01/13/2026,ORD-47529,Margherita Pizza,Pizza,2,15,30.00,₺10.00,sarah,null
2026/01/13,ORD-12961,French Fries,Sides,3,5,15.00 TRY,4.5,John,T2
13-01-2026,ORD-74007,Margherita Pizza,Pizza,3,15,45,,sarah,T1
"Jan 13, 2026",ORD-44556,Margherita Pizza ,Pizza,3,15,45,15.00,MARY,t3
01/13/2026,ORD-91015,Coffee,Drinks,2,4,8,2.0%,John,T1
13.01.2026,ORD-60664,Margherita Pizza,Pizza,1,15,15.0%,null,John,
13/01/26,ORD-81715,TIRAMISU,Desserts,1,8,8,3,John,t3
01/13/26,ORD-34622,Caesar Salad,Salads,1,12,₺12.00,€4.00,john,T1
01/13/2026,ORD-53898,tiramisu,Desserts,2,8,16,6,sarah,T2
13/01/26,ORD-43870,Pepperoni Pizza,Pizza,1,18,18.00,6,MARY,t3
14/01/2026,ORD-54401,Coffee,Drinks,1,4,4,"1,00",NULL,T5
14/01/26,ORD-89478,Chicken Wings,Appetizers,2,10,20,N/A,MARY,T5
14/01/26,ORD-32813,Tiramisu,Desserts,3,8,24,9.00 EUR,Sarah,T2
2026/01/14,ORD-51885,Caesar Salad,Salads,1,12,12,4,Sarah,
"Jan 14, 2026",ORD-53126,Pepperoni Pizza,Pizza,2,18,36,$12.00,Sarah,T5
"Jan 14, 2026",ORD-74323,Coffee,Drinks,1,4,4.00,1,,t3
14.01.2026,ORD-73725,Tiramisu,Desserts,2,8,NULL,6,NULL,t3
14 Jan 2026,ORD-64538,Soda,Drinks,2,3,6,1.0,N/A,T5
14-01-2026,ORD-70601,Pepperoni Pizza,Pizza,2,18,,12,MARY,T5
14-01-2026,ORD-50819,MARGHERITA PIZZA,Pizza,1,15,15,5,Sarah,T1
14.01.2026,ORD-36827,Margherita Pizza,Pizza,1,15,15,5,Sarah,T5
14/01/2026,ORD-65274,Chicken Wings,Appetizers,2,10,20,8,MARY,T1
01/14/2026,ORD-42005,French Fries,Sides,3,5,15,4.5,sarah,T2
2026/01/14,ORD-90836,Margherita Pizza,Pizza,1,15,"15,00",5,MARY,T5
nan,ORD-30406,Soda,Drinks,1,3,N/A,"0,50",MARY,none
2026/01/14,ORD-28789,Coffee,Drinks,3,4,12,3,Sarah,
14/01/26,ORD-41373,Caesar Salad,Salads,1,12,n/a,4,john,
2026/01/14,ORD-92983,Margherita Pizza,Pizza,1,15,15,5,MARY,T1
14-01-2026,ORD-23717,french fries,Sides,1,5,5.00 USD,1.50,Sarah,
01/14/2026,ORD-14498,French Fries,Sides,3,5,15,4.50,John,none
2026/01/14,ORD-40830,French Fries,Sides,3,5,15,4.5,,T1
14/01/26,ORD-13439,Tiramisu,Desserts,3,8,24,9,MARY,t3
14.01.2026,ORD-89543,Caesar Salad,Salads,2,12,24.00,8,none,T5
14/01/26,ORD-10802,Coffee,Drinks,3,4,12,3.0%,john,NA
2026/01/14,ORD-75323,Caesar Salad,Salads,1,12,12,4,john,T2
14/01/2026,ORD-83825,Coffee,Drinks,3,4,12,3,John,t3
01/14/2026,ORD-14303,Beef Burger,Burgers,3,14,42,18.00,john,T1
14/01/26,ORD-36997,Pepperoni Pizza,Pizza,2,18,36,12,MARY,T2
14.01.2026,ORD-52488,Pepperoni Pizza,Pizza,1,18,18,6,sarah,t3
01/14/26,ORD-89206,Tiramisu,Desserts,2,8,16,"6,00",nan,t3
15 Jan 2026,ORD-39859,Bruschetta,Appetizers,1,7,"7,00",€2.50,MARY,t3
15.01.2026,ORD-98240,Caesar Salad,Salads,2,12,24,8,sarah,t3
15/01/2026,ORD-76073,Tiramisu,Desserts,2,8,16.00,6,Sarah,T5
null,ORD-76607,Margherita Pizza,Pizza,3,15,45,15,,
2026-01-15,ORD-48514,Pepperoni Pizza,Pizza,1,18,18,6.0%,John,T5
,ORD-22891,Tiramisu,Desserts,2,8,16,6,MARY,
15.01.2026,ORD-94759,Chicken Wings,Appetizers,2,10,"20,00",8,MARY,T1
"Jan 15, 2026",ORD-22876,Caesar Salad,Salads,1,12,N/A,4,Sarah,T1
15 Jan 2026,ORD-32309,Beef Burger,Burgers,2,14,28.00,12.00 USD,sarah,n/a
01/15/26,ORD-27060,Margherita Pizza,Pizza,3,15,45.00,15,john,
01/15/26,ORD-93169,Bruschetta,Appetizers,1,7,7,2.50,MARY,NULL
15 Jan 2026,ORD-31215,Pepperoni Pizza,Pizza,2,18,36.00,12.00,sarah,n/a
2026-01-15,ORD-50079,Margherita Pizza,Pizza,1,15,15,5,MARY,
NA,ORD-61319,Bruschetta,Appetizers,1,7,7,2.50,Sarah,t3
--,ORD-37099,pepperoni pizza,Pizza,3,18,$54.00,18,sarah,t3
15/01/26,ORD-31637,pepperoni pizza,Pizza,3,18,54,18,sarah,T1
"Jan 15, 2026",ORD-12159,Margherita Pizza,Pizza,1,15,15,5,none,T2
none,ORD-66656,Bruschetta,Appetizers,3,7,21,7.5,MARY,T5
15.01.2026,ORD-21139,margherita pizza,Pizza,2,15,30,10,sarah,T1
15 Jan 2026,ORD-86604,beef burger,Burgers,3,14,42.00,18.00,N/A,NA
NA,ORD-19727,Tiramisu,Desserts,3,8,24.00 TRY,9,MARY,
01/15/2026,ORD-28436,Beef Burger,Burgers,1,14,14,6,john,t3
15/01/2026,ORD-85408,Margherita Pizza,Pizza,2,15,30,10,sarah,T5
01/16/2026,ORD-20279,Margherita Pizza,Pizza,2,15,30.0%,10,John,T5
2026-01-16,ORD-44354,French Fries,Sides,2,5,10.00,3.0,null,T5
"Jan 16, 2026",ORD-56972,Chicken Wings,Appetizers,1,10,nan,4,,T5
2026-01-16,ORD-62540,Coffee,Drinks,2,4,8.0%,2,,T2
16 Jan 2026,ORD-30188,French Fries,Sides,3,5,15.0%,4.5,--,T1
16/01/2026,ORD-51235,Beef Burger,Burgers,1,14,nan,6,,
16 Jan 2026,ORD-15468,Pepperoni Pizza,Pizza,1,18,18,6,--,T5
01/16/2026,ORD-86140,Beef Burger,Burgers,3,14,42,n/a,Sarah,null
01/16/26,ORD-46424,Caesar Salad,Salads,2,12,24.0%,8,John,
16/01/2026,ORD-82593,Pepperoni Pizza,Pizza,1,18,18.00,6,sarah,T2
2026/01/16,ORD-44151,Caesar Salad,Salads,2,12,24,8.00,sarah,t3
2026-01-16,ORD-31603,Soda,Drinks,2,3,6,€1.00,John,T5
01/16/26,ORD-58058,French Fries,Sides,3,5,15,4.50,,t3
2026-01-16,ORD-87187,Tiramisu,Desserts,1,8,8,3.00 USD,MARY,
"Jan 16, 2026",ORD-98642,Soda,Drinks,2,3,6.00 EUR,N/A,sarah,null
16/01/26,ORD-53078,Soda,Drinks,1,3,3.00,0.5,Sarah,t3
16 Jan 2026,ORD-39985,Bruschetta,Appetizers,1,7,"7,00","2,50",John,T1
"Jan 16, 2026",ORD-57179,Caesar Salad,Salads,3,12,36.00,12,john,t3
"Jan 16, 2026",ORD-54591,Coffee,Drinks,3,4,12.0%,3,John,T2
2026-01-16,ORD-12612,Beef Burger,Burgers,2,14,28.00,"12,00",john,
16/01/26,ORD-55138,Beef Burger,Burgers,3,14,42,"18,00",,T1
01/16/2026,ORD-23373,French Fries,Sides,3,5,15,4.5,Sarah,T1
16 Jan 2026,ORD-41209,Bruschetta,Appetizers,1,7,7.00,2.5,,
16 Jan 2026,ORD-56926,French Fries,Sides,1,5,5,1.50 USD,John,
2026/01/16,ORD-87679,Margherita Pizza,Pizza,3,15,45.0%,N/A,sarah,T2
01/16/2026,ORD-58011,Beef Burger,Burgers,1,14,14,6,NONE,t3
16/01/26,ORD-49898,Soda,Drinks,1,3,3,-,john,T5
16 Jan 2026,ORD-70407,Soda,Drinks,3,3,9,1.5%,john,T5
16.01.2026,ORD-18919,Caesar Salad,Salads,3,12,36,12,,null
2026-01-16,ORD-37341,Tiramisu,Desserts,3,8,N/A,9,John,T5
"Jan 16, 2026",ORD-86824,Pepperoni Pizza,Pizza,2,18,36.0%,12,John,T2
16/01/26,ORD-12792,Tiramisu,Desserts,2,8,16,6.0%,,nan
16/01/2026,ORD-61292,Tiramisu,Desserts,2,8,16.00 USD,6,John,T5
2026/01/16,ORD-98371,Beef  Burger,Burgers,3,14,n/a,18,John,T2
2026/01/16,ORD-94055,Chicken Wings,Appetizers,3,10,30,12,,
16/01/2026,ORD-68682,Margherita Pizza,Pizza,2,15,30.0%,$10.00,John,t3
01/16/2026,ORD-52385,beef burger,Burgers,2,14,NA,12.00,MARY,T5
2026/01/16,ORD-82082,Margherita Pizza,Pizza,1,15,"15,00",5.0%,john,T5
2026-01-16,ORD-71709,French Fries,Sides,3,5,15.00,4.50,John,T1
16.01.2026,ORD-82461,Margherita Pizza,Pizza,1,15,15,5,sarah,t3
,ORD-31382,Soda,Drinks,3,3,9,1.5,john,T5
16-01-2026,ORD-69418,Pepperoni Pizza,Pizza,1,18,£18.00,6,john,T1
01/16/2026,ORD-72243,Margherita Pizza,Pizza,2,15,30,10,Sarah,
01/16/2026,ORD-49186,Caesar Salad,Salads,3,12,36,12,MARY,
2026/01/16,ORD-66433,French Fries,Sides,3,5,15,"4,50",john,T5
16/01/2026,ORD-51675,Soda,Drinks,1,3,3.00,0.5,MARY,T1
16.01.2026,ORD-16616,French Fries,Sides,3,5,15.00,4.5,John,
2026/01/16,ORD-34118,Caesar Salad,Salads,2,12,24.00,8.00,Sarah,t3
16/01/26,ORD-45629,Soda,Drinks,1,3,3.00,€0.50,,t3
16 Jan 2026,ORD-51584,Tiramisu,Desserts,2,8,16,6.0%,sarah,NA
2026-01-16,ORD-73493,Bruschetta,Appetizers,3,7,€21.00,7.5,John,T5
2026/01/16,ORD-70601,Caesar Salad,Salads,3,12,36,12,nan,t3
2026-01-16,ORD-10537,Margherita Pizza,Pizza,3,15,"45,00","15,00",john,--
16/01/2026,ORD-35737,Margherita Pizza,Pizza,2,15,30,10.0%,john,t3
16/01/2026,ORD-35661,Margherita Pizza,Pizza,3,15,45,15,sarah,
"Jan 16, 2026",ORD-84345,French Fries,Sides,3,5,NA,4.5,John,t3
01/16/26,ORD-85523,Margherita Pizza,Pizza,1,15,-,5,,t3
01/16/2026,ORD-68283,Caesar Salad,Salads,3,12,"36,00",12,,
2026-01-16,ORD-86929,Pepperoni Pizza,Pizza,1,18,18,"6,00",sarah,t3
16-01-2026,ORD-93568,Beef Burger,Burgers,3,14,42,18.00 USD,MARY,t3
2026/01/16,ORD-56628,French Fries,Sides,3,5,15,4.5,john,T5
16-01-2026,ORD-83310,Margherita Pizza,Pizza,3,15,₺45.00,£15.00,john,T2
2026-01-16,ORD-64796,Tiramisu,Desserts,1,8,8.0%,3,john,t3
16/01/26,ORD-83029,Caesar Salad,Salads,2,12,24.0%,8,john,t3
16 Jan 2026,ORD-67663,Tiramisu,Desserts,1,8,£8.00,3,none,T1
01/16/26,ORD-20231,Caesar Salad,Salads,2,12,24.00 EUR,8.0%,john,T1
16-01-2026,ORD-85285,Margherita Pizza,Pizza,3,15,45,15,john,
2026-01-16,ORD-61443,Soda,Drinks,1,3,3,0.5,john,T2
16.01.2026,ORD-16436,Soda,Drinks,1,3,3,0.50,nan,t3
"Jan 16, 2026",ORD-49678,Coffee,Drinks,1,4,4,NULL,sarah,
"Jan 16, 2026",ORD-43465,Bruschetta,Appetizers,1,7,7.00 USD,none,,T5
17.01.2026,ORD-65135,Pepperoni Pizza,Pizza,3,18,54,$18.00,Sarah,-
17-01-2026,ORD-43848,Chicken Wings,Appetizers,2,10,20,8,john,
17.01.2026,ORD-60929,Beef Burger,Burgers,2,14,28.00 EUR,12,Sarah,
01/17/2026,ORD-52481,Bruschetta,Appetizers,3,7,21,7.5,Sarah,T1
17/01/26,ORD-83469,Margherita Pizza,Pizza,1,15,15,5,John,T5
17/01/2026,ORD-40079,Caesar Salad,Salads,1,12,12,4.0%,,t3
2026/01/17,ORD-31588,Chicken Wings,Appetizers,3,10,30.00 EUR,12,sarah,T5
01/17/26,ORD-59307,French Fries,Sides,1,5,5,₺1.50,Sarah,T5
17.01.2026,ORD-62875,Soda,Drinks,2,3,6,1.0%,sarah,T1
17 Jan 2026,ORD-95795,Pepperoni Pizza,Pizza,1,18,18,6,MARY,T5
2026-01-17,ORD-12771,Coffee,Drinks,2,4,8,2,NA,
17-01-2026,ORD-88606,Margherita Pizza,Pizza,3,15,45,15,john,
17.01.2026,ORD-22658,Caesar Salad,Salads,1,12,"12,00",4.00 EUR,null,NA
17/01/26,ORD-58791,  Bruschetta  ,Appetizers,1,7,7.0%,2.50,,T1
17-01-2026,ORD-45540,Chicken Wings,Appetizers,2,10,₺20.00,"8,00",MARY,t3
,ORD-84018,Bruschetta,Appetizers,3,7,21,7.5,,T1
17/01/26,ORD-37877,Margherita Pizza,Pizza,2,15,30,10.0%,Sarah,--
2026-01-17,ORD-70715,Chicken Wings,Appetizers,1,10,10,4,john,T2
17/01/2026,ORD-88091,Chicken  Wings,Appetizers,2,10,20,8,John,
01/17/26,ORD-89935,French Fries,Sides,3,5,15,4.5,Sarah,T5
01/17/26,ORD-84673,Pepperoni Pizza,Pizza,2,18,36.00,"12,00",NULL,null
01/17/26,ORD-57522,Margherita Pizza,Pizza,1,15,15.00,5,NONE,
01/17/26,ORD-82816,Tiramisu,Desserts,3,8,24,,john,T2
NA,ORD-51729,Pepperoni Pizza,Pizza,3,18,54,18,MARY,T5
01/17/26,ORD-98916,Coffee,Drinks,2,4,8,2,MARY,NONE
"Jan 17, 2026",ORD-19290,French Fries,Sides,2,5,10,N/A,john,T2
01/17/2026,ORD-13398,caesar salad,Salads,2,12,$24.00,8.00,,t3
01/17/2026,ORD-42806,BRUSCHETTA,Appetizers,3,7,21.00,7.5,Sarah,
17/01/26,ORD-28189,Margherita Pizza,Pizza,3,15,45.00,15,John,t3
17/01/26,ORD-35946,Tiramisu,Desserts,3,8,24.00,9,MARY,null
17.01.2026,ORD-48705,Coffee,Drinks,2,4,8.00,-,john,
17-01-2026,ORD-96229,Pepperoni Pizza,Pizza,2,18,36.00,12,MARY,t3
2026/01/17,ORD-31272,Caesar Salad,Salads,2,12,24,8.00 USD,,T5
17 Jan 2026,ORD-20708,Bruschetta,Appetizers,2,7,14,£5.00,Sarah,T5
17/01/26,ORD-88854,Coffee,Drinks,2,4,8,₺2.00,MARY,T2
17-01-2026,ORD-77847,Caesar Salad,Salads,1,12,12,4,,T2
17.01.2026,ORD-58345,Pepperoni Pizza,Pizza,2,18,36.00,12,,
NA,ORD-17002,Caesar Salad,Salads,2,12,24.00,8,,
2026/01/17,ORD-33479,Margherita Pizza,Pizza,3,15,45.00,15,-,t3
01/17/2026,ORD-83762,Chicken Wings,Appetizers,1,10,10,4.0%,John,t3
2026/01/17,ORD-10280,Coffee,Drinks,1,4,4,1,Sarah,--
17 Jan 2026,ORD-14297,Chicken Wings,Appetizers,1,10,10,4,MARY,
01/17/26,ORD-44882,Bruschetta,Appetizers,1,7,"7,00",2.5,MARY,
17 Jan 2026,ORD-66638,Pepperoni  Pizza,Pizza,2,18,36,12,N/A,T1
17/01/2026,ORD-56557,Beef Burger,Burgers,3,14,42,18,N/A,t3
01/17/26,ORD-53178,Caesar Salad,Salads,1,12,12,4.00,john,--
17.01.2026,ORD-68026,Caesar Salad,Salads,3,12,,12,sarah,t3
2026/01/17,ORD-14632,Margherita Pizza,Pizza,2,15,30,10,MARY,T2
17-01-2026,ORD-48491,Margherita Pizza,Pizza,1,15,15.00 TRY,"5,00",MARY,T5
17-01-2026,ORD-83886,Beef Burger,Burgers,2,14,28,£12.00,sarah,
17-01-2026,ORD-99992,Tiramisu,Desserts,2,8,16,6,MARY,t3
17.01.2026,ORD-94449,French Fries,Sides,3,5,15,4.5,n/a,
17/01/2026,ORD-47857,Pepperoni Pizza,Pizza,1,18,18.00,6,,T2
01/17/26,ORD-67811,Tiramisu,Desserts,2,8,16,6,,
01/17/26,ORD-91734,Tiramisu,Desserts,1,8,8,3.00,,t3
17/01/2026,ORD-23760,Coffee,Drinks,2,4,8.00,2,John,--
2026-01-17,ORD-34147,caesar salad,Salads,1,12,12,4.00,sarah,T2
"Jan 17, 2026",ORD-82656,Coffee,Drinks,3,4,12,3.00,John,NULL
17-01-2026,ORD-84108,Coffee ,Drinks,3,4,12,3,john,T5
"Jan 17, 2026",ORD-93237,Pepperoni Pizza,Pizza,2,18,36,12,MARY,null
2026-01-17,ORD-77694,Pepperoni Pizza,Pizza,1,18,18,6,sarah,T5
01/17/2026,ORD-36351,Tiramisu,Desserts,3,8,24,9,,
"Jan 17, 2026",ORD-10775,Pepperoni Pizza,Pizza,2,18,36,12,john,T2
01/17/2026,ORD-26211,Chicken Wings,Appetizers,3,10,30,$12.00,John,
01/17/26,ORD-78009,French Fries,Sides,1,5,5.00 USD,1.5,sarah,T1
01/17/26,ORD-46573,Coffee,Drinks,2,4,8.0%,2.00,john,T2
17/01/2026,ORD-47813,Beef Burger,Burgers,3,14,42.00,18,sarah,T1
2026-01-17,ORD-32370,Coffee,Drinks,2,4,8,2.0%,sarah,T1
01/17/26,ORD-78557,Margherita Pizza,Pizza,1,15,15,5.00,sarah,T1
17/01/2026,ORD-58692,Caesar Salad,Salads,3,12,36,12.0%,Sarah,T1
17/01/2026,ORD-15286,Soda,Drinks,3,3,nan,1.50 TRY,MARY,T1
2026/01/17,ORD-58428,French Fries,Sides,3,5,15,4.5,MARY,t3
01/17/2026,ORD-53696,tiramisu,Desserts,1,8,8,3.00 USD,John,T5
17/01/26,ORD-90889,Tiramisu,Desserts,1,8,8,3,MARY,T1
17/01/26,ORD-83543,BRUSCHETTA,Appetizers,1,7,7,2.5,Sarah,t3
01/18/2026,ORD-51472,Coffee,Drinks,1,4,4,1,NULL,t3
18 Jan 2026,ORD-33173,Caesar Salad,Salads,1,12,12,4.00,John,T1
18/01/26,ORD-58457,Bruschetta,Appetizers,3,7,21,7.5,john,T5
-,ORD-10617,Chicken Wings,Appetizers,2,10,20,8.00,MARY,
2026-01-18,ORD-50421,Chicken Wings,Appetizers,1,10,"10,00",none,sarah,T5
01/18/26,ORD-42599,French Fries,Sides,1,5,5,1.5,,nan
18.01.2026,ORD-51346,Coffee,Drinks,3,4,12,3,John,T1
"Jan 18, 2026",ORD-54975,Tiramisu,Desserts,3,8,24,9.00,Sarah,
2026/01/18,ORD-42193,Chicken Wings,Appetizers,3,10,30.0%,12,John,T1
18.01.2026,ORD-15207,Pepperoni Pizza,Pizza,1,18,18.00,6.00,MARY,T5
2026/01/18,ORD-20492,Coffee ,Drinks,3,4,12.00,3,john,
01/18/26,ORD-28633,Margherita  Pizza,Pizza,2,15,30,"10,00",Sarah,-
01/18/2026,ORD-42575,French Fries,Sides,1,5,"5,00",1.50 USD,n/a,t3
01/18/26,ORD-40924,Chicken Wings,Appetizers,2,10,20,8,sarah,
2026/01/18,ORD-40190,Pepperoni Pizza,Pizza,2,18,36,12.00,MARY,T2
2026-01-18,ORD-50986,Bruschetta,Appetizers,3,7,21,7.50 EUR,Sarah,T5
18 Jan 2026,ORD-49590,Pepperoni Pizza ,Pizza,2,18,36,12,,
01/18/26,ORD-50520,Margherita  Pizza,Pizza,3,15,45,15,john,N/A
,ORD-54559,Coffee,Drinks,3,4,12.0%,3,MARY,T1
2026/01/18,ORD-55610,Margherita Pizza,Pizza,1,15,15,5,Sarah,T2
2026-01-18,ORD-95310,Bruschetta,Appetizers,2,7,14,5.0,sarah,
2026/01/18,ORD-23540,French Fries,Sides,1,5,5.00 EUR,1.5,,T5
01/18/26,ORD-45643,Soda,Drinks,2,3,6.00,nan,,
"Jan 18, 2026",ORD-28467,Tiramisu,Desserts,2,8,16.00,6,MARY,null
01/18/2026,ORD-17243,Bruschetta,Appetizers,1,7,7,2.5,John,t3
18 Jan 2026,ORD-52316,Pepperoni Pizza,Pizza,2,18,36,12,N/A,t3
2026-01-18,ORD-73440,Pepperoni Pizza,Pizza,1,18,"18,00","6,00",Sarah,-
2026/01/18,ORD-11455,Caesar Salad,Salads,3,12,36.0%,12,John,
n/a,ORD-50981,Chicken Wings,Appetizers,1,10,10,4.0%,Sarah,t3
2026/01/18,ORD-29169,French Fries,Sides,2,5,10.0%,$3.00,NA,
18/01/26,ORD-39710,  Beef Burger  ,Burgers,2,14,28,12.00 TRY,,T1
18.01.2026,ORD-85359,Bruschetta,Appetizers,2,7,14,€5.00,john,T1
18 Jan 2026,ORD-15130,Caesar Salad,Salads,2,12,"24,00",8,,T2
18/01/2026,ORD-29553,Chicken Wings,Appetizers,2,10,20.00 EUR,8,--,t3
18-01-2026,ORD-17044,Coffee,Drinks,1,4,4,1,john,T5
18.01.2026,ORD-87317,soda,Drinks,3,3,9,n/a,John,T2
18 Jan 2026,ORD-40135,Beef Burger,Burgers,2,14,28,12,,n/a
01/18/26,ORD-62674,French Fries,Sides,2,5,10.0%,3.0,John,T2
"Jan 18, 2026",ORD-49970,Beef Burger,Burgers,2,14,28,12,sarah,
18.01.2026,ORD-31735,Coffee,Drinks,3,4,"12,00",3,,T1
"Jan 18, 2026",ORD-30603,Margherita Pizza,Pizza,1,15,15,5,N/A,--
18 Jan 2026,ORD-35466,Coffee,Drinks,1,4,4.00,1.00 USD,John,t3
2026/01/18,ORD-98939,Beef Burger ,Burgers,2,14,28,12.00,john,T2
18/01/26,ORD-63896,Bruschetta,Appetizers,2,7,₺14.00,5.0,MARY,
18-01-2026,ORD-78095,Pepperoni  Pizza,Pizza,2,18,36,12,john,
01/18/2026,ORD-61634,Tiramisu,Desserts,3,8,"24,00",9,John,t3
01/18/2026,ORD-64628,Pepperoni Pizza,Pizza,2,18,36,12,john,T2
"Jan 18, 2026",ORD-93737,Margherita Pizza,Pizza,3,15,45,15,Sarah,t3
01/18/26,ORD-63032,Margherita Pizza,Pizza,3,15,€45.00,15,sarah,T5
"Jan 18, 2026",ORD-30025,Bruschetta,Appetizers,3,7,21,7.5,,T5
18-01-2026,ORD-92993,Beef Burger,Burgers,3,14,42,18,MARY,t3
2026-01-18,ORD-81351,Bruschetta,Appetizers,2,7,14,5.0,,null
18-01-2026,ORD-58262,Bruschetta,Appetizers,1,7,7,2.5,,T2
18-01-2026,ORD-35397,Bruschetta,Appetizers,2,7,"14,00",5.0,MARY,T2
18/01/26,ORD-16268,  Soda  ,Drinks,3,3,9,1.5,Sarah,NULL
18/01/26,ORD-18062,Beef Burger,Burgers,3,14,"42,00",18,,T2
18.01.2026,ORD-11704,Tiramisu,Desserts,3,8,24,nan,John,
18.01.2026,ORD-12430,Margherita Pizza,Pizza,2,15,30,10,john,T5
18/01/2026,ORD-64808,Pepperoni Pizza,Pizza,2,18,36,12,Sarah,
18-01-2026,ORD-91320,Coffee,Drinks,3,4,12.00,3,Sarah,nan
"Jan 18, 2026",ORD-10863,Soda,Drinks,3,3,£9.00,1.5,sarah,T1
2026/01/18,ORD-12754,Caesar Salad,Salads,3,12,36,12.0%,,T2
18.01.2026,ORD-90725,Tiramisu,Desserts,3,8,24,"9,00",john,T5
18-01-2026,ORD-59664,Margherita Pizza,Pizza,1,15,15,5.0%,NULL,N/A
18/01/2026,ORD-17898,Chicken Wings,Appetizers,3,10,30,NONE,john,T5
01/18/2026,ORD-42399,Chicken Wings,Appetizers,3,10,30,12,john,t3
18-01-2026,ORD-55335,French Fries,Sides,2,5,10,3.0,N/A,T2
18-01-2026,ORD-51248,Coffee,Drinks,3,4,12,3.0%,--,
18/01/26,ORD-81172,Coffee,Drinks,3,4,$12.00,3,John,null
18/01/26,ORD-74140,Soda,Drinks,3,3,9,1.5,sarah,T5
18.01.2026,ORD-68870,Bruschetta,Appetizers,1,7,7,2.5,,T2
01/18/2026,ORD-41476,Margherita Pizza,Pizza,3,15,null,"15,00",Sarah,t3
2026-01-18,ORD-17200,coffee,Drinks,3,4,₺12.00,3,Sarah,
18/01/26,ORD-66389,French Fries,Sides,2,5,10.0%,3.0,none,T1
2026-01-19,ORD-16497,Margherita Pizza,Pizza,1,15,15,5,Sarah,null
"Jan 19, 2026",ORD-20428,Caesar Salad,Salads,1,12,12.00,4,John,
19-01-2026,ORD-13121,Pepperoni Pizza,Pizza,2,18,36,12,John,
2026-01-19,ORD-95863,Caesar Salad,Salads,2,12,24,$8.00,sarah,
19/01/2026,ORD-32766,Chicken Wings,Appetizers,1,10,10,4,NA,t3
01/19/2026,ORD-69031,Caesar Salad,Salads,1,12,12.00,4,sarah,none
19-01-2026,ORD-69472,Caesar Salad,Salads,1,12,12,4,,t3
19 Jan 2026,ORD-76620,Caesar Salad,Salads,1,12,12.00,4,--,
2026/01/19,ORD-11036,Bruschetta,Appetizers,1,7,7,2.5,John,T2
01/19/2026,ORD-97315,Bruschetta,Appetizers,3,7,21,7.50,Sarah,T2
"Jan 19, 2026",ORD-67410,Pepperoni Pizza,Pizza,1,18,18,6.0%,Sarah,none
nan,ORD-89337,Bruschetta,Appetizers,1,7,7,2.5%,none,T2
19/01/26,ORD-75015,French Fries,Sides,1,5,5,1.5,,T5
2026/01/19,ORD-62314,French Fries,Sides,3,5,15,4.5,sarah,T5
19 Jan 2026,ORD-91910,Tiramisu,Desserts,3,8,24,9,MARY,t3
2026-01-19,ORD-80366,Coffee,Drinks,1,4,4.00,1,NA,T1
01/19/26,ORD-81818,Caesar Salad,Salads,1,12,12,4,,T5
2026-01-19,ORD-21347,Beef Burger,Burgers,1,14,14,6,NONE,T2
19-01-2026,ORD-89324,Tiramisu,Desserts,1,8,8.00 USD,3,sarah,
19/01/26,ORD-58335,MARGHERITA PIZZA,Pizza,3,15,₺45.00,n/a,,T2
"Jan 19, 2026",ORD-90928,BRUSCHETTA,Appetizers,3,7,21,7.5,Sarah,
19-01-2026,ORD-72539,Coffee,Drinks,3,4,12,3.00,,t3
2026/01/20,ORD-13203,Coffee,Drinks,3,4,"12,00",3.00,MARY,null
2026-01-20,ORD-32279,Beef Burger,Burgers,2,14,28,12.00,,T2
01/20/26,ORD-23701,Bruschetta,Appetizers,3,7,21.0%,7.5,John,T1
20 Jan 2026,ORD-17075,Bruschetta,Appetizers,3,7,21,7.5,John,
20/01/2026,ORD-18261,Beef Burger,Burgers,2,14,28.0%,12.00,sarah,T1
"Jan 20, 2026",ORD-65136,Beef Burger,Burgers,1,14,14,6.0%,john,T2
"Jan 20, 2026",ORD-14204,Pepperoni Pizza,Pizza,2,18,36.00,12,,T2
20/01/26,ORD-44487,Tiramisu,Desserts,1,8,8.0%,3,Sarah,T1
2026-01-20,ORD-86561,Margherita Pizza,Pizza,3,15,45,15,null,T1
20 Jan 2026,ORD-68716,French Fries,Sides,3,5,15,4.5,,t3
2026/01/20,ORD-25332,French Fries,Sides,3,5,15.00,4.5,Sarah,T2
"Jan 20, 2026",ORD-32137,Chicken Wings,Appetizers,2,10,20.00,8,MARY,T2
01/20/26,ORD-21974,French Fries,Sides,3,5,15,"4,50",Sarah,T1
20-01-2026,ORD-66923,Pepperoni Pizza,Pizza,1,18,18.00,6,Sarah,T5
20/01/2026,ORD-58327,Tiramisu,Desserts,1,8,8.00,3,,
20-01-2026,ORD-63301,French Fries,Sides,2,5,10,3.0,N/A,T2
01/20/26,ORD-86466,Beef Burger,Burgers,3,14,42.00 USD,18,NULL,T2
20/01/2026,ORD-44897,French Fries,Sides,3,5,-,4.5,MARY,NULL
"Jan 20, 2026",ORD-49401,Chicken Wings,Appetizers,1,10,none,4,sarah,t3
20/01/2026,ORD-66216,Tiramisu,Desserts,3,8,€24.00,9,,T2
20/01/2026,ORD-35455,SODA,Drinks,2,3,6,1.0,sarah,T5
--,ORD-35495,  Pepperoni Pizza  ,Pizza,2,18,36,"12,00",NONE,T2
2026-01-20,ORD-61225,chicken wings,Appetizers,3,10,30.00,12,Sarah,T2
20 Jan 2026,ORD-18430,bruschetta,Appetizers,3,7,21.00,7.5,MARY,T2
20.01.2026,ORD-71404,Caesar Salad,Salads,1,12,12,4,Sarah,T2
2026-01-20,ORD-89530,Caesar Salad,Salads,3,12,£36.00,12,,--
20/01/2026,ORD-61734,  Caesar Salad  ,Salads,3,12,36,12,john,t3
20/01/2026,ORD-65786,Coffee,Drinks,1,4,4.00,1,MARY,NA
20 Jan 2026,ORD-54588,Bruschetta,Appetizers,1,7,7,€2.50,,NONE
20 Jan 2026,ORD-88341,Bruschetta,Appetizers,2,7,14.00,5.0,n/a,
20 Jan 2026,ORD-11439,Soda,Drinks,1,3,3,0.5,,
"Jan 20, 2026",ORD-89311,Bruschetta,Appetizers,3,7,21.00,7.5,john,N/A
2026/01/20,ORD-56206,  Pepperoni Pizza  ,Pizza,1,18,18,6,sarah,
20-01-2026,ORD-92146,French Fries,Sides,3,5,15,4.50,NULL,t3
"Jan 20, 2026",ORD-23437,Margherita Pizza,Pizza,1,15,15,5,john,T1
20/01/26,ORD-50545,Soda,Drinks,2,3,6.0%,1.0,sarah,null
2026/01/20,ORD-35085,Chicken  Wings,Appetizers,2,10,20,8,,T5
21 Jan 2026,ORD-90497,Coffee,Drinks,1,4,4,"1,00",none,T5
21-01-2026,ORD-52578,Caesar Salad,Salads,2,12,24,€8.00,--,T5
21/01/2026,ORD-90344,Bruschetta,Appetizers,1,7,7.00,2.5,john,T1
2026/01/21,ORD-18928,Chicken Wings,Appetizers,2,10,20,8,john,t3
01/21/26,ORD-95095,Chicken Wings,Appetizers,2,10,20.00 USD,8.00 TRY,Sarah,t3
"Jan 21, 2026",ORD-83015,Soda,Drinks,2,3,none,"1,00",NULL,none
"Jan 21, 2026",ORD-52037,Margherita Pizza,Pizza,1,15,15,5,john,
nan,ORD-59482,coffee,Drinks,2,4,8.00,2,nan,T2
01/21/26,ORD-36841,bruschetta,Appetizers,2,7,14.00 USD,5.0,john,T2
2026/01/21,ORD-56764,Margherita Pizza,Pizza,1,15,15,"5,00",,n/a
2026-01-21,ORD-75988,French Fries,Sides,1,5,5.00,1.5,John,
21 Jan 2026,ORD-87861,BRUSCHETTA,Appetizers,3,7,21,7.5,Sarah,
2026/01/21,ORD-66050,Tiramisu,Desserts,3,8,24.00,"9,00",John,
"Jan 21, 2026",ORD-72993,French Fries,Sides,1,5,5,1.5,,t3
21/01/2026,ORD-12420,Beef Burger,Burgers,3,14,42,18,,T5
01/21/2026,ORD-98313,Soda ,Drinks,2,3,6,1.0,Sarah,T5
"Jan 21, 2026",ORD-80057,Caesar Salad,Salads,3,12,36,12,-,T1
"Jan 21, 2026",ORD-86096,French Fries ,Sides,3,5,15,4.50,MARY,t3
21/01/2026,ORD-61245,Soda,Drinks,1,3,3.00 USD,0.5,MARY,T2
21 Jan 2026,ORD-20170,Soda,Drinks,3,3,9.00 TRY,1.5,john,t3
22 Jan 2026,ORD-58243,Margherita Pizza,Pizza,1,15,15,5.00,sarah,T2
2026/01/22,ORD-24845,Margherita Pizza,Pizza,3,15,45.0%,15,,
"Jan 22, 2026",ORD-31915,Chicken Wings,Appetizers,1,10,10,4,MARY,T5
22/01/2026,ORD-78726,Caesar Salad,Salads,3,12,36,12,MARY,
22.01.2026,ORD-68909,  Soda  ,Drinks,2,3,6.00,1.00 TRY,NULL,nan
01/22/2026,ORD-49156,Tiramisu,Desserts,3,8,24,9,Sarah,T5
2026-01-22,ORD-51546,Bruschetta,Appetizers,1,7,7,2.5%,MARY,t3
2026/01/22,ORD-64644,Coffee,Drinks,2,4,8.0%,2,sarah,
22/01/26,ORD-42249,Chicken Wings,Appetizers,3,10,"30,00",12,,T2
22.01.2026,ORD-57430,Tiramisu,Desserts,1,8,8,3.0%,MARY,T1
"Jan 22, 2026",ORD-28328,Soda,Drinks,1,3,3.00,0.5,Sarah,T1
22.01.2026,ORD-57645,soda,Drinks,1,3,3,"0,50",,T1
22.01.2026,ORD-13819,Coffee,Drinks,3,4,12,3,NA,T5
22/01/26,ORD-40019,Coffee,Drinks,3,4,12,3.0%,john,T5
22/01/26,ORD-71703,Pepperoni Pizza,Pizza,1,18,18,6.00 EUR,NULL,T1
N/A,ORD-43415,Bruschetta,Appetizers,3,7,21,7.5,john,T5
22/01/26,ORD-67183,French Fries,Sides,3,5,15,4.5,john,T5
"Jan 22, 2026",ORD-24691,Caesar Salad,Salads,1,12,12,N/A,MARY,T2
"Jan 22, 2026",ORD-22637,Margherita Pizza,Pizza,2,15,$30.00,10,John,T1
01/22/26,ORD-28570,Bruschetta,Appetizers,3,7,21,7.5,,T5
01/22/2026,ORD-24004,Soda,Drinks,2,3,6,1.0,sarah,
"Jan 22, 2026",ORD-74870,CAESAR SALAD,Salads,1,12,12,4.0%,-,T2
22.01.2026,ORD-71797,Margherita Pizza,Pizza,3,15,£45.00,15.00,sarah,-
22.01.2026,ORD-59296,Tiramisu,Desserts,2,8,16,6,MARY,
23 Jan 2026,ORD-14919,Caesar Salad,Salads,2,12,24,8,Sarah,T5
23.01.2026,ORD-66934,Caesar Salad,Salads,3,12,36,12,MARY,
23/01/26,ORD-93664,bruschetta,Appetizers,3,7,nan,7.5,MARY,NA
N/A,ORD-78511,Tiramisu,Desserts,1,8,8.00,3.0%,Sarah,T1
"Jan 23, 2026",ORD-12108,Chicken Wings,Appetizers,1,10,N/A,4,NULL,
23/01/26,ORD-44230,Margherita Pizza,Pizza,2,15,30.00 EUR,10,sarah,T1
2026/01/23,ORD-60564,French  Fries,Sides,1,5,5,1.5,--,T5
23.01.2026,ORD-62529,Margherita Pizza,Pizza,1,15,15,5.00,john,T2
01/23/2026,ORD-47123,Bruschetta,Appetizers,2,7,14.00 EUR,5.0,N/A,
"Jan 23, 2026",ORD-38329,Margherita Pizza,Pizza,3,15,45.00 TRY,15.00,,T2
23/01/26,ORD-36510,  Coffee  ,Drinks,1,4,"4,00",1.0%,,t3
01/23/2026,ORD-34958,Chicken Wings,Appetizers,3,10,£30.00,12.00,sarah,NA
2026/01/23,ORD-94350,Bruschetta,Appetizers,3,7,21,7.5,-,null
2026/01/23,ORD-28437,CAESAR SALAD,Salads,1,12,12,4,John,
"Jan 23, 2026",ORD-76180,Soda,Drinks,2,3,6,$1.00,Sarah,
01/23/26,ORD-44026,Caesar Salad,Salads,2,12,24.00,8,NONE,T2
23.01.2026,ORD-10793,Coffee ,Drinks,3,4,12,3,MARY,T2
23 Jan 2026,ORD-99465,Caesar Salad,Salads,1,12,12,4,-,
2026/01/23,ORD-13862,Chicken Wings,Appetizers,2,10,20,8,,T2
23/01/26,ORD-62660,Bruschetta,Appetizers,1,7,7,2.5,Sarah,NULL
2026/01/23,ORD-30858,Coffee,Drinks,3,4,12,3,,NA
01/23/2026,ORD-22719,Bruschetta,Appetizers,3,7,21.00,7.5,Sarah,T2
23.01.2026,ORD-90553,Tiramisu,Desserts,2,8,16,6,MARY,
01/23/26,ORD-66440,Coffee,Drinks,3,4,12,3,MARY,T1
2026/01/23,ORD-33453,Pepperoni Pizza,Pizza,2,18,36,12,John,null
01/23/26,ORD-29425,Caesar Salad,Salads,3,12,36,12,Sarah,n/a
"Jan 23, 2026",ORD-76394,Pepperoni Pizza,Pizza,2,18,36,12,john,
23/01/26,ORD-76995,Caesar Salad,Salads,2,12,24,8.00,sarah,T2
23 Jan 2026,ORD-69977,PEPPERONI PIZZA,Pizza,2,18,36.00 EUR,12.00,sarah,t3
"Jan 23, 2026",ORD-25057,Bruschetta,Appetizers,3,7,21,7.50,,T1
01/23/2026,ORD-92609,French Fries,Sides,2,5,10.00,3.0,john,t3
23 Jan 2026,ORD-94079,Tiramisu,Desserts,2,8,16,6,Sarah,T1
2026/01/23,ORD-12294,PEPPERONI PIZZA,Pizza,1,18,₺18.00,6.00 USD,,t3
2026/01/23,ORD-43297,Bruschetta,Appetizers,3,7,21,7.5,NA,NA
23.01.2026,ORD-25943,Beef Burger,Burgers,2,14,28,12.0%,john,t3
23/01/2026,ORD-69406,Chicken Wings,Appetizers,1,10,10,NONE,,t3
23/01/26,ORD-11276,Pepperoni Pizza,Pizza,3,18,54.00,€18.00,Sarah,T2
2026/01/23,ORD-37043,Pepperoni  Pizza,Pizza,2,18,36,--,,T1
"Jan 23, 2026",ORD-47791,Bruschetta,Appetizers,1,7,null,2.50,sarah,
2026/01/23,ORD-74232,Bruschetta,Appetizers,2,7,14,5.0,john,T5
2026/01/23,ORD-12334,Bruschetta,Appetizers,2,7,14,"5,00",Sarah,T1
01/24/2026,ORD-91185,Bruschetta,Appetizers,3,7,21.0%,7.5,nan,
"Jan 24, 2026",ORD-73841,Chicken Wings,Appetizers,1,10,10.00 EUR,4,sarah,N/A
01/24/26,ORD-44943,Chicken Wings,Appetizers,2,10,20.00,8,John,T1
2026-01-24,ORD-60455,Soda,Drinks,3,3,9,1.5,,
01/24/26,ORD-49987,French Fries,Sides,2,5,10,3.0,John,null
2026/01/24,ORD-95905,Caesar Salad,Salads,3,12,36,12,John,T1
2026-01-24,ORD-52084,Beef Burger,Burgers,1,14,14,6,John,T5
24/01/2026,ORD-45583,Margherita  Pizza,Pizza,2,15,30,10.00,sarah,NA
24/01/26,ORD-30288,Beef  Burger,Burgers,2,14,28.00,$12.00,MARY,T1
"Jan 24, 2026",ORD-27614,Margherita Pizza,Pizza,2,15,30.0%,10.00,john,t3
null,ORD-77218,Margherita Pizza,Pizza,1,15,15,5,,
2026-01-24,ORD-41123,French Fries,Sides,3,5,15.00 EUR,4.5,John,NONE
24/01/2026,ORD-64123,PEPPERONI PIZZA,Pizza,1,18,18,£6.00,Sarah,T5
"Jan 24, 2026",ORD-94333,PEPPERONI PIZZA,Pizza,1,18,18,6,sarah,T5
24/01/26,ORD-14948,Pepperoni Pizza,Pizza,1,18,18.0%,"6,00",Sarah,
24.01.2026,ORD-41401,Chicken Wings,Appetizers,1,10,10,4,john,-
01/24/26,ORD-73547,  Chicken Wings  ,Appetizers,3,10,30.00,12,,t3
24-01-2026,ORD-87748,Beef Burger,Burgers,3,14,42,18.00,sarah,T1
01/24/26,ORD-79043,Pepperoni Pizza,Pizza,3,18,54,18,John,T1
01/24/2026,ORD-56061,French Fries,Sides,3,5,15,4.5,john,t3
24-01-2026,ORD-19163,Soda,Drinks,3,3,"9,00","1,50",John,
24-01-2026,ORD-87487,Margherita Pizza,Pizza,2,15,30,10,john,T1
24.01.2026,ORD-71027,Coffee,Drinks,1,4,4,"1,00",Sarah,T1
2026-01-24,ORD-37326,Bruschetta,Appetizers,1,7,7.00 EUR,2.5,john,T2
2026/01/24,ORD-11279,French Fries,Sides,3,5,15,4.5,Sarah,
2026/01/24,ORD-14525,Margherita Pizza,Pizza,3,15,£45.00,15,NA,T5
"Jan 24, 2026",ORD-44447,Chicken Wings,Appetizers,3,10,30,12,John,t3
24 Jan 2026,ORD-85506,Tiramisu,Desserts,1,8,8,3.0%,--,t3
24-01-2026,ORD-24270,Tiramisu,Desserts,1,8,8,N/A,John,t3
--,ORD-72929,Coffee,Drinks,1,4,4.0%,1.00,-,T2
24 Jan 2026,ORD-28687,Tiramisu,Desserts,2,8,16,"6,00",-,T1
24/01/2026,ORD-93510,COFFEE,Drinks,3,4,12,"3,00",MARY,T2
24/01/26,ORD-77361,Chicken Wings,Appetizers,3,10,30,12.0%,John,
24 Jan 2026,ORD-21540,TIRAMISU,Desserts,2,8,16,6,sarah,
2026/01/24,ORD-53720,Coffee,Drinks,2,4,8,2,John,T5
24/01/26,ORD-77894,Soda,Drinks,2,3,6.00,1.0,John,t3
24 Jan 2026,ORD-18134,Coffee,Drinks,1,4,4.00,1.00,john,nan
24/01/2026,ORD-69893,Soda,Drinks,1,3,3,$0.50,MARY,t3
24 Jan 2026,ORD-38885,Caesar Salad,Salads,2,12,24.0%,8,,T2
24 Jan 2026,ORD-28711,bruschetta,Appetizers,3,7,21,7.5,John,T2
24/01/2026,ORD-69610,Caesar Salad,Salads,3,12,36,12,John,
NA,ORD-63380,Margherita Pizza,Pizza,2,15,30,₺10.00,N/A,
null,ORD-75072,BEEF BURGER,Burgers,3,14,42.00,"18,00",,T1
2026/01/24,ORD-84965,Soda,Drinks,3,3,"9,00",1.5,John,T5
2026/01/24,ORD-10944,Pepperoni Pizza,Pizza,1,18,18,6,john,T1
24.01.2026,ORD-19934,Coffee,Drinks,2,4,8,2,john,NULL
-,ORD-14180,Margherita Pizza,Pizza,3,15,45,15,MARY,t3
24.01.2026,ORD-36986,Caesar Salad,Salads,1,12,12,4,NONE,none
24/01/2026,ORD-53655,Margherita Pizza,Pizza,3,15,45,15,John,T1
24.01.2026,ORD-84418,Bruschetta,Appetizers,2,7,14.00,€5.00,MARY,T2
24 Jan 2026,ORD-46854,Chicken Wings,Appetizers,1,10,10.0%,4.0%,Sarah,T2
24.01.2026,ORD-10477,Soda,Drinks,1,3,3.0%,0.5%,Sarah,--
2026/01/24,ORD-63554,Chicken Wings,Appetizers,1,10,10.00,4,Sarah,
2026-01-24,ORD-93225,Coffee,Drinks,2,4,£8.00,2,sarah,T1
01/24/2026,ORD-57855,Chicken Wings,Appetizers,2,10,20,8,Sarah,t3
24.01.2026,ORD-98874,Beef Burger,Burgers,3,14,42,18.0%,john,T1
2026-01-24,ORD-70307,Coffee,Drinks,1,4,4,1,,T2
2026/01/24,ORD-48604,Margherita Pizza,Pizza,1,15,15,5,John,T5
24/01/26,ORD-64098,Margherita Pizza,Pizza,1,15,₺15.00,5,,t3
24/01/26,ORD-82622,Chicken Wings,Appetizers,1,10,10,4,sarah,T5
24 Jan 2026,ORD-52140,Tiramisu,Desserts,3,8,24.00,"9,00",,T2
24/01/2026,ORD-18613,Caesar Salad,Salads,1,12,12,4,John,N/A
--,ORD-14333,Bruschetta,Appetizers,2,7,14,5.0,Sarah,T2
01/24/26,ORD-30713,Soda,Drinks,3,3,9,₺1.50,,t3
24/01/2026,ORD-44928,Pepperoni Pizza,Pizza,2,18,36,12,MARY,nan
24/01/2026,ORD-49545,Bruschetta,Appetizers,3,7,21,7.5,,t3
"Jan 24, 2026",ORD-38613,Soda,Drinks,2,3,6,1.0,john,
24.01.2026,ORD-33960,Beef Burger,Burgers,2,14,28,12,john,T2
24 Jan 2026,ORD-49706,Chicken Wings,Appetizers,1,10,10,4.00,MARY,
01/24/26,ORD-42867,Soda,Drinks,2,3,6,1.0,sarah,T2
24/01/2026,ORD-13357,Margherita Pizza,Pizza,3,15,45.00,NONE,john,T1
01/24/26,ORD-91444,caesar salad,Salads,1,12,12.00 USD,4,sarah,t3
"Jan 24, 2026",ORD-47258,Chicken Wings,Appetizers,1,10,"10,00",4.00,john,T5
n/a,ORD-43427,Soda,Drinks,1,3,3,0.5,N/A,t3
24 Jan 2026,ORD-39302,Chicken Wings,Appetizers,2,10,20,8,john,t3
null,ORD-26537,BRUSCHETTA,Appetizers,2,7,14,5.0,,T2
"Jan 24, 2026",ORD-59391,Pepperoni  Pizza,Pizza,3,18,€54.00,"18,00",John,T2
"Jan 24, 2026",ORD-81294,Margherita Pizza,Pizza,3,15,$45.00,15,sarah,T1
24 Jan 2026,ORD-69570,Tiramisu,Desserts,2,8,16,6,Sarah,
,ORD-56502,French Fries,Sides,1,5,,1.5,john,T1
24 Jan 2026,ORD-27763,Soda,Drinks,1,3,3,0.5,MARY,--
2026-01-24,ORD-45017,Margherita Pizza,Pizza,1,15,15,"5,00",Sarah,T2
24/01/2026,ORD-55236,Chicken Wings,Appetizers,3,10,30.00 TRY,12,none,T1
24.01.2026,ORD-70126,Margherita  Pizza,Pizza,3,15,45,15.00,,
24-01-2026,ORD-41666,Coffee,Drinks,1,4,"4,00",$1.00,Sarah,
24-01-2026,ORD-53648,BRUSCHETTA,Appetizers,1,7,7,2.5%,none,t3
2026-01-24,ORD-32214,CAESAR SALAD,Salads,3,12,36,12,Sarah,
24 Jan 2026,ORD-43608,Caesar Salad,Salads,2,12,24,8,Sarah,T5
01/24/26,ORD-28479,Margherita Pizza,Pizza,3,15,45.00,15,Sarah,T2
24/01/2026,ORD-50877,French Fries,Sides,3,5,15,4.5,Sarah,T2
25/01/2026,ORD-27909,Tiramisu,Desserts,1,8,8,3,john,t3
25.01.2026,ORD-80058,BRUSCHETTA,Appetizers,1,7,7,2.5,Sarah,T5
25/01/2026,ORD-33571,Bruschetta,Appetizers,3,7,21,7.50,john,T2
25-01-2026,ORD-59015,Caesar Salad ,Salads,1,12,12.00,4,Sarah,--
25-01-2026,ORD-21522,Chicken Wings,Appetizers,2,10,20,8.00 TRY,MARY,T1
01/25/2026,ORD-61210,Pepperoni Pizza,Pizza,1,18,18.0%,6.0%,MARY,T1
25-01-2026,ORD-49138,Soda,Drinks,1,3,3,0.5,Sarah,T1
25.01.2026,ORD-29146,Tiramisu,Desserts,3,8,24,9,john,T2
25 Jan 2026,ORD-23677,French Fries,Sides,1,5,5,1.5,Sarah,T5
25/01/26,ORD-48819,Pepperoni Pizza,Pizza,2,18,36,12,,T5
01/25/2026,ORD-35500,Margherita Pizza,Pizza,1,15,15,5,sarah,T5
01/25/2026,ORD-40561,Soda,Drinks,1,3,3,"0,50",,T1
2026-01-25,ORD-60661,Chicken Wings,Appetizers,2,10,£20.00,8,Sarah,t3
01/25/2026,ORD-56826,Tiramisu,Desserts,3,8,24.0%,9,Sarah,
25 Jan 2026,ORD-65281,Coffee,Drinks,3,4,12,-,,t3
01/25/26,ORD-50646,Beef Burger,Burgers,3,14,42.00,18,sarah,
2026/01/25,ORD-86852,Bruschetta,Appetizers,1,7,7,2.5,john,T1
25-01-2026,ORD-74624,Margherita Pizza,Pizza,2,15,30,10,John,null
25-01-2026,ORD-58941,Margherita Pizza,Pizza,2,15,30.00,10,john,T1
25 Jan 2026,ORD-97985,French Fries,Sides,2,5,10,3.0,sarah,t3
25/01/26,ORD-27807,Margherita Pizza,Pizza,3,15,45.00,-,MARY,t3
25/01/2026,ORD-53529,Tiramisu,Desserts,2,8,16,6,MARY,T1
25 Jan 2026,ORD-64381,Chicken Wings,Appetizers,1,10,10.00,4,MARY,NA
2026-01-25,ORD-63356,Chicken Wings,Appetizers,2,10,20,8,John,T2
25 Jan 2026,ORD-46057,French Fries,Sides,3,5,"15,00",4.5,,t3
25-01-2026,ORD-25788,French Fries,Sides,3,5,15,4.5,john,
2026-01-25,ORD-18524,Coffee,Drinks,2,4,8.00,2,,
"Jan 25, 2026",ORD-53174,Caesar Salad,Salads,3,12,36,12,Sarah,T5
25/01/26,ORD-37940,Beef Burger,Burgers,2,14,28,12,John,t3
25 Jan 2026,ORD-33655,Chicken Wings,Appetizers,1,10,10.00 USD,4.00 EUR,Sarah,T2
25.01.2026,ORD-47772,Margherita Pizza,Pizza,1,15,15,5.0%,John,T2
nan,ORD-58453,Coffee,Drinks,3,4,12,3,John,t3
25.01.2026,ORD-16541,French Fries,Sides,2,5,10.00,3.0,Sarah,t3
25/01/2026,ORD-88974,French Fries,Sides,2,5,10,3.0,Sarah,T5
01/25/2026,ORD-74358,Pepperoni Pizza,Pizza,1,18,18.0%,6.00 EUR,n/a,
01/25/2026,ORD-91988,Soda,Drinks,1,3,3,"0,50",john,t3
25/01/26,ORD-29790,Soda,Drinks,1,3,3,0.5,Sarah,n/a
25-01-2026,ORD-31614,French Fries,Sides,2,5,10,3.0,,t3
2026-01-25,ORD-83807,French Fries,Sides,2,5,10.00,3.00,Sarah,T1
25/01/26,ORD-85875,Bruschetta,Appetizers,3,7,21,7.50 EUR,John,--
01/25/26,ORD-23738,Soda,Drinks,2,3,6,1.0,john,T1
25/01/26,ORD-97951,Bruschetta,Appetizers,1,7,7,2.50,NULL,T2
25/01/2026,ORD-30462,Chicken Wings,Appetizers,2,10,$20.00,"8,00",Sarah,T2
01/25/26,ORD-88571,Tiramisu,Desserts,2,8,16.00,6.00,John,T2
25/01/26,ORD-75719,Margherita Pizza,Pizza,1,15,15.00,5,NA,
01/25/2026,ORD-25815,Caesar Salad,Salads,1,12,12.00,4,john,
2026/01/25,ORD-56384,Margherita Pizza,Pizza,2,15,30,10.00 USD,John,
25/01/2026,ORD-49878,Margherita Pizza,Pizza,3,15,45,15.00,NONE,t3
25 Jan 2026,ORD-11331,Tiramisu,Desserts,2,8,16,6,John,n/a
25 Jan 2026,ORD-66557,SODA,Drinks,1,3,3,0.5,sarah,T2
NA,ORD-39795,coffee,Drinks,2,4,8,"2,00",Sarah,
25/01/2026,ORD-93395,Soda,Drinks,2,3,6,1.0,MARY,
"Jan 25, 2026",ORD-94981,Tiramisu,Desserts,1,8,8,3,john,--
25-01-2026,ORD-53660,Soda,Drinks,3,3,9,1.5,,t3
25/01/26,ORD-82112,Beef Burger,Burgers,2,14,28.0%,12.00,Sarah,T1
01/25/2026,ORD-31908,Caesar Salad,Salads,3,12,36,12.00 TRY,Sarah,t3
25/01/2026,ORD-21338,Coffee ,Drinks,1,4,4,1,MARY,
25/01/26,ORD-86117,soda,Drinks,1,3,NULL,0.5,sarah,T2
2026-01-25,ORD-56635,French Fries ,Sides,3,5,15.00,4.5,MARY,T1
25.01.2026,ORD-30354,French Fries,Sides,2,5,10.00 USD,₺3.00,,T1
none,ORD-41669,Coffee,Drinks,1,4,4,1,,t3
25-01-2026,ORD-39339,Beef Burger,Burgers,2,14,28,nan,null,t3
25/01/26,ORD-15073,Pepperoni Pizza,Pizza,2,18,36,12,,T2
25/01/2026,ORD-50512,Bruschetta,Appetizers,3,7,21,£7.50,MARY,
25 Jan 2026,ORD-47909,Bruschetta,Appetizers,3,7,21.00 USD,7.5,NULL,T5
25/01/26,ORD-47473,Soda,Drinks,1,3,3,0.5,MARY,T2
2026-01-25,ORD-17805,Bruschetta,Appetizers,2,7,14,5.0%,N/A,T2
01/25/2026,ORD-65408,Pepperoni Pizza,Pizza,2,18,36,12.00 USD,sarah,t3
26 Jan 2026,ORD-24125,Coffee,Drinks,1,4,$4.00,1,MARY,T1
"Jan 26, 2026",ORD-48306,French Fries,Sides,3,5,15,4.5,sarah,--
26-01-2026,ORD-14238,Pepperoni Pizza ,Pizza,3,18,54,18.00,sarah,T1
26/01/2026,ORD-64266,French Fries,Sides,3,5,"15,00",4.5,John,t3
26/01/2026,ORD-72583,SODA,Drinks,3,3,9.00 TRY,1.50,Sarah,T1
2026/01/26,ORD-90398,  Margherita Pizza  ,Pizza,2,15,30,10.00,MARY,T5
26.01.2026,ORD-72647,Coffee,Drinks,3,4,12.00,₺3.00,sarah,T1
2026-01-26,ORD-73806,Bruschetta,Appetizers,1,7,€7.00,NULL,,
26/01/2026,ORD-30422,bruschetta,Appetizers,2,7,14,5.0,MARY,T1
2026/01/26,ORD-29261,Chicken Wings,Appetizers,3,10,30,12.00,MARY,
26/01/26,ORD-18658,beef burger,Burgers,2,14,28,12,N/A,N/A
01/26/2026,ORD-42574,Caesar Salad,Salads,3,12,36,£12.00,sarah,-
N/A,ORD-63320,Pepperoni Pizza ,Pizza,1,18,18,6,,T2
26-01-2026,ORD-81923,Pepperoni Pizza,Pizza,1,18,18.00,6,N/A,-
"Jan 26, 2026",ORD-82909,Coffee,Drinks,1,4,4,1.00,sarah,T1
26 Jan 2026,ORD-56777,Beef Burger,Burgers,2,14,28,12,,T1
,ORD-34388,Chicken Wings,Appetizers,3,10,30.0%,null,,
26.01.2026,ORD-91932,Beef Burger,Burgers,3,14,42,$18.00,John,--
2026-01-26,ORD-74790,Bruschetta,Appetizers,3,7,21,7.5,MARY,T2
26/01/26,ORD-66457,Pepperoni Pizza,Pizza,3,18,54.00,nan,Sarah,nan
01/26/26,ORD-68039,MARGHERITA PIZZA,Pizza,3,15,45,15,john,N/A
"Jan 26, 2026",ORD-29741,Beef Burger,Burgers,1,14,14,6.00,John,
26/01/2026,ORD-87682,Bruschetta,Appetizers,3,7,21,7.5,--,t3
01/26/2026,ORD-23668,Caesar Salad,Salads,1,12,12.00,4,MARY,null
26 Jan 2026,ORD-92800,Pepperoni Pizza,Pizza,1,18,18.00,"6,00",john,T5
2026/01/26,ORD-21472,Coffee,Drinks,2,4,8,2.00,Sarah,NULL
26/01/2026,ORD-71432,Pepperoni Pizza,Pizza,2,18,36.00,12,Sarah,
26/01/2026,ORD-78092,Pepperoni Pizza,Pizza,2,18,36.00,12,john,T1
2026/01/26,ORD-23993,Soda,Drinks,1,3,3.00,0.5,john,t3
26/01/2026,ORD-26992,Soda,Drinks,1,3,3.00,0.5,sarah,T2
26 Jan 2026,ORD-77188,Beef Burger,Burgers,3,14,42,none,John,
26.01.2026,ORD-89990,Coffee,Drinks,1,4,-,£1.00,sarah,T2
26/01/2026,ORD-42172,Pepperoni Pizza,Pizza,1,18,18,6.0%,,
26/01/26,ORD-54829,Soda,Drinks,2,3,6,1.0,MARY,
26 Jan 2026,ORD-41659,Coffee,Drinks,2,4,8,"2,00",,T1
2026-01-26,ORD-42617,Tiramisu,Desserts,3,8,€24.00,,John,T5
2026/01/26,ORD-36742,Chicken Wings,Appetizers,3,10,30,12,,T2
01/26/26,ORD-13252,Pepperoni Pizza,Pizza,1,18,18.00,6,,T2
01/26/26,ORD-55095,Coffee,Drinks,2,4,8.00 EUR,2,NULL,T2
01/26/2026,ORD-36951,Caesar Salad,Salads,1,12,12,4,John,null
"Jan 26, 2026",ORD-58112,Coffee,Drinks,2,4,£8.00,2,John,T5
01/26/26,ORD-52111,Bruschetta ,Appetizers,1,7,7.00,₺2.50,--,
null,ORD-62191,Chicken Wings,Appetizers,1,10,10,4.00,john,T1
26/01/26,ORD-76183,French Fries,Sides,1,5,5,1.50,John,T5
01/27/26,ORD-67365,  Caesar Salad  ,Salads,1,12,12.0%,4,Sarah,T2
27 Jan 2026,ORD-49264,Pepperoni Pizza,Pizza,1,18,18,6.0%,NULL,
27 Jan 2026,ORD-73544,Bruschetta,Appetizers,1,7,7,"2,50",Sarah,
27 Jan 2026,ORD-52418,Chicken Wings,Appetizers,1,10,10,"4,00",NA,
27 Jan 2026,ORD-42190,Pepperoni Pizza,Pizza,1,18,18.00,6,john,T1
2026/01/27,ORD-55939,Beef Burger,Burgers,2,14,28,€12.00,sarah,
27/01/2026,ORD-65171,Coffee,Drinks,2,4,8,2,,T5
27-01-2026,ORD-35834,Margherita Pizza,Pizza,3,15,45,n/a,sarah,NA
27/01/26,ORD-30386,Chicken Wings,Appetizers,2,10,20,8.00 EUR,NONE,T1
2026/01/27,ORD-78877,Beef Burger,Burgers,3,14,42,18.00 USD,sarah,
27 Jan 2026,ORD-43083,Tiramisu,Desserts,2,8,16,6,Sarah,T5
2026-01-27,ORD-99289,Caesar  Salad,Salads,1,12,12.00 EUR,4,Sarah,
2026-01-27,ORD-36053,Pepperoni Pizza,Pizza,3,18,54.0%,18,john,n/a
27/01/2026,ORD-15426,Coffee,Drinks,1,4,4,nan,,
27 Jan 2026,ORD-86172,Beef Burger,Burgers,3,14,42,18,MARY,t3
27/01/26,ORD-92510,Caesar Salad,Salads,1,12,12,4.00,sarah,t3
NONE,ORD-87151,Bruschetta,Appetizers,2,7,nan,5.00,john,T2
27/01/2026,ORD-77961,Caesar Salad,Salads,2,12,24,NULL,John,NULL
"Jan 27, 2026",ORD-80183,Margherita Pizza,Pizza,1,15,15.0%,5,NULL,
01/27/26,ORD-53803,FRENCH FRIES,Sides,2,5,10,3.0,sarah,t3
01/27/26,ORD-79783,Tiramisu,Desserts,2,8,16.00,6,John,T1
27 Jan 2026,ORD-20877,Soda,Drinks,3,3,nan,1.50,sarah,-
27/01/26,ORD-24644,Bruschetta,Appetizers,3,7,21,7.5,sarah,
n/a,ORD-19033,French Fries,Sides,3,5,15,4.5%,sarah,T5
27/01/26,ORD-40446,Pepperoni Pizza,Pizza,1,18,18.00,6,sarah,T1
01/27/26,ORD-94059,French Fries,Sides,2,5,10.00,3.00,NONE,
01/27/26,ORD-95612,Margherita Pizza,Pizza,1,15,15.00 TRY,5,John,T5
01/27/2026,ORD-63880,Tiramisu,Desserts,2,8,16,6.0%,Sarah,T5
2026-01-27,ORD-16446,Tiramisu,Desserts,1,8,8,3,sarah,
27 Jan 2026,ORD-96593,Bruschetta,Appetizers,1,7,7,2.5,john,T2
27/01/2026,ORD-45054,Soda,Drinks,2,3,6,1.00,Sarah,T5
01/27/2026,ORD-75082,Margherita Pizza,Pizza,1,15,15,5,Sarah,
2026-01-27,ORD-12453,French Fries,Sides,2,5,10,3.00 EUR,,T1
2026/01/27,ORD-22688,Beef Burger,Burgers,2,14,28,12.00,,
27 Jan 2026,ORD-17112,French Fries,Sides,1,5,null,1.50,NULL,T5
27/01/26,ORD-96004,Tiramisu,Desserts,3,8,24.00,9.00,Sarah,T5
01/27/2026,ORD-92391,Coffee ,Drinks,3,4,12.00,3,sarah,T2
27/01/2026,ORD-76592,Caesar Salad,Salads,1,12,12,4,John,T1
01/27/26,ORD-31384,French Fries,Sides,2,5,"10,00",3.0,MARY,
2026-01-27,ORD-20372,  Bruschetta  ,Appetizers,1,7,7,2.5,n/a,T2
2026-01-27,ORD-52070,Chicken Wings,Appetizers,3,10,30,$12.00,John,--
27 Jan 2026,ORD-86172,Tiramisu,Desserts,2,8,16,6,sarah,T1
27 Jan 2026,ORD-44256,tiramisu,Desserts,2,8,16,"6,00",,
27.01.2026,ORD-95969,Pepperoni Pizza,Pizza,1,18,18,6,-,NULL
27.01.2026,ORD-47261,Margherita Pizza,Pizza,1,15,15,5,Sarah,T5
"Jan 27, 2026",ORD-18071,Pepperoni Pizza,Pizza,3,18,"54,00",18,Sarah,T2
27.01.2026,ORD-18679,Beef Burger,Burgers,3,14,42,18.0%,none,T5
"Jan 28, 2026",ORD-71867,Bruschetta,Appetizers,2,7,14,£5.00,Sarah,T5
28 Jan 2026,ORD-67542,Bruschetta,Appetizers,1,7,7,2.5%,Sarah,T1
28/01/26,ORD-80912,Coffee,Drinks,2,4,8,2,n/a,T2
28-01-2026,ORD-41757,Pepperoni  Pizza,Pizza,2,18,36,12,MARY,
2026-01-28,ORD-90749,Chicken Wings,Appetizers,2,10,20,8.00,,T5
28.01.2026,ORD-90030,Bruschetta,Appetizers,1,7,7,2.5,MARY,T1
28/01/2026,ORD-41782,Tiramisu,Desserts,2,8,"16,00",6,MARY,T2
"Jan 28, 2026",ORD-41067,Beef Burger,Burgers,3,14,42,18.00,none,T5
-,ORD-64208,Pepperoni Pizza,Pizza,1,18,18,6,john,nan
28/01/2026,ORD-45138,Coffee,Drinks,2,4,8,2.00 TRY,john,T5
01/28/26,ORD-64086,Margherita Pizza,Pizza,1,15,15,5,sarah,T2
"Jan 28, 2026",ORD-65840,Chicken Wings,Appetizers,3,10,30,12,MARY,T2
01/28/2026,ORD-30245,Caesar Salad,Salads,3,12,36,12.00 USD,MARY,T1
2026-01-28,ORD-11641,BRUSCHETTA,Appetizers,1,7,7,2.5,Sarah,T5
28.01.2026,ORD-65406,Pepperoni Pizza,Pizza,3,18,nan,18,john,T5
01/28/2026,ORD-44357,Coffee,Drinks,1,4,4.0%,1,John,T5
2026/01/28,ORD-41747,Caesar Salad,Salads,3,12,"36,00",12,nan,
28/01/26,ORD-56988,Margherita Pizza,Pizza,2,15,30,10,,N/A
28-01-2026,ORD-18047,Bruschetta,Appetizers,2,7,₺14.00,5.0,John,T5
28 Jan 2026,ORD-10924,Bruschetta,Appetizers,1,7,7,2.5,John,
28-01-2026,ORD-80498,bruschetta,Appetizers,2,7,14.00 USD,5.0,John,T2
"Jan 29, 2026",ORD-44202,  Caesar Salad  ,Salads,2,12,24,8.00 USD,sarah,t3
29/01/26,ORD-42943,Caesar Salad,Salads,3,12,36,"12,00",MARY,
,ORD-58357,Beef Burger,Burgers,1,14,14,6,sarah,null
2026-01-29,ORD-53959,Coffee,Drinks,2,4,8,2,John,nan
29.01.2026,ORD-47396,Caesar Salad,Salads,2,12,24,NONE,,
29.01.2026,ORD-37180,Bruschetta,Appetizers,2,7,14,5.00,sarah,T1
2026/01/29,ORD-98286,Margherita Pizza,Pizza,2,15,30.00 EUR,10,john,
2026/01/29,ORD-24766,Chicken Wings ,Appetizers,3,10,"30,00",12,sarah,T5
NA,ORD-21660,Beef Burger,Burgers,2,14,28,12.00,John,T1
01/29/26,ORD-89426,Caesar Salad ,Salads,3,12,36,12,,T5
2026-01-29,ORD-66899,Beef Burger,Burgers,2,14,28.00,12,nan,t3
29.01.2026,ORD-39622,Soda,Drinks,1,3,3,"0,50",MARY,T5
2026/01/29,ORD-19759,BRUSCHETTA,Appetizers,1,7,7.0%,2.50 USD,-,
29.01.2026,ORD-73530,Pepperoni Pizza,Pizza,2,18,36,12,,
"Jan 29, 2026",ORD-31384,Chicken Wings,Appetizers,2,10,20,8.00,N/A,T2
"Jan 29, 2026",ORD-44244,Margherita Pizza,Pizza,3,15,45.00 EUR,15.00 TRY,null,T5
29.01.2026,ORD-95117,Tiramisu,Desserts,3,8,24,9,none,T5
29/01/26,ORD-96078,Tiramisu,Desserts,2,8,16,6,John,T1
29/01/2026,ORD-35193,French Fries,Sides,3,5,15,4.5,john,-
30/01/26,ORD-67935,Bruschetta,Appetizers,1,7,N/A,2.5%,Sarah,t3
null,ORD-25878,French Fries,Sides,3,5,15,4.5,,T5
30 Jan 2026,ORD-90763,Tiramisu,Desserts,3,8,24,9,john,T2
30/01/2026,ORD-17115,French Fries,Sides,3,5,€15.00,4.5,sarah,t3
30/01/2026,ORD-60935,Bruschetta,Appetizers,3,7,21,7.5,Sarah,none
"Jan 30, 2026",ORD-85615,  Tiramisu  ,Desserts,1,8,--,-,-,
01/30/2026,ORD-58198,Chicken Wings,Appetizers,3,10,£30.00,12,none,
2026-01-30,ORD-17761,Margherita Pizza,Pizza,3,15,"45,00",15,sarah,--
30/01/26,ORD-29835,Tiramisu,Desserts,1,8,8,3,N/A,t3
2026/01/30,ORD-75538,French Fries,Sides,3,5,15,4.5,sarah,N/A
01/30/26,ORD-94958,Coffee,Drinks,1,4,4,1,John,
01/30/2026,ORD-84213,Coffee,Drinks,3,4,12,3.00,NONE,
nan,ORD-86783,Caesar Salad,Salads,2,12,24,n/a,MARY,
30-01-2026,ORD-65288,Chicken Wings,Appetizers,1,10,10,,,T2
2026-01-30,ORD-73105,Pepperoni Pizza,Pizza,3,18,54.00,18.00,Sarah,T5
30-01-2026,ORD-69948,Soda,Drinks,1,3,3.0%,0.5,sarah,T5
"Jan 30, 2026",ORD-98289,Coffee,Drinks,2,4,8,2.00,N/A,t3
01/30/26,ORD-25395,Beef Burger,Burgers,1,14,14,N/A,John,NA
30 Jan 2026,ORD-73562,Beef Burger,Burgers,2,14,28,12,John,T5
01/30/26,ORD-10041,caesar salad,Salads,1,12,"12,00",4,,T2
"Jan 30, 2026",ORD-64549,Coffee,Drinks,1,4,4,none,NONE,
30 Jan 2026,ORD-75836,  Chicken Wings  ,Appetizers,1,10,10,4,John,T2
2026/01/30,ORD-68052,Coffee,Drinks,2,4,8,2.00,Sarah,T5
"Jan 30, 2026",ORD-27799,BEEF BURGER,Burgers,3,14,42.0%,₺18.00,MARY,t3
30 Jan 2026,ORD-65944,Tiramisu,Desserts,2,8,16,6.00 EUR,MARY,T2
30 Jan 2026,ORD-18242,Pepperoni Pizza,Pizza,1,18,18,6.00 EUR,John,T1
01/30/26,ORD-36182,French Fries,Sides,1,5,5,1.5,john,T1
01/30/26,ORD-57655,Beef  Burger,Burgers,2,14,28.00,n/a,,
01/30/2026,ORD-91938,Beef Burger,Burgers,1,14,14.0%,6,,t3
01/30/26,ORD-20776,  Bruschetta  ,Appetizers,2,7,14.00 USD,5.0,,NULL
01/30/26,ORD-84331,Soda,Drinks,2,3,6.00,1.0,MARY,
30.01.2026,ORD-91630,French Fries,Sides,2,5,€10.00,3.0,-,T1
01/30/2026,ORD-71245,Bruschetta,Appetizers,3,7,21,7.5,MARY,T5
30 Jan 2026,ORD-58679,Margherita Pizza,Pizza,2,15,30,10,Sarah,t3
01/30/2026,ORD-92113,Chicken Wings,Appetizers,3,10,30,12,Sarah,T2
"Jan 30, 2026",ORD-99899,Beef Burger,Burgers,2,14,28,12,sarah,t3
nan,ORD-23628,French Fries,Sides,1,5,5.00,1.5,NONE,
30/01/2026,ORD-38390,Tiramisu,Desserts,1,8,8,n/a,MARY,T5
30-01-2026,ORD-10091,Pepperoni Pizza,Pizza,3,18,54.00 TRY,€18.00,Sarah,T2
30/01/2026,ORD-84254,Beef Burger,Burgers,2,14,28,12,sarah,T5
2026-01-30,ORD-49782,Bruschetta,Appetizers,2,7,14,5.0,John,-
30 Jan 2026,ORD-80959,Beef Burger,Burgers,3,14,42,18,John,T5
30/01/2026,ORD-64195,Coffee,Drinks,3,4,₺12.00,3,sarah,t3
2026-01-30,ORD-87988,PEPPERONI PIZZA,Pizza,1,18,18,6.00,MARY,T1
2026/01/30,ORD-89982,Margherita Pizza,Pizza,1,15,15,5,sarah,t3
01/30/26,ORD-14909,Coffee,Drinks,3,4,12,3,john,N/A
30/01/26,ORD-86448,Tiramisu,Desserts,3,8,24.00,9,sarah,t3
30 Jan 2026,ORD-65445,Tiramisu ,Desserts,2,8,"16,00",£6.00,NULL,t3
30/01/26,ORD-71641,Caesar Salad,Salads,3,12,36,12,--,T2
30-01-2026,ORD-38157,Tiramisu,Desserts,2,8,16,6,john,-
2026/01/30,ORD-81562,Soda,Drinks,2,3,6,1.0,MARY,n/a
30-01-2026,ORD-18604,Chicken Wings,Appetizers,2,10,20,8,MARY,
30.01.2026,ORD-90366,Soda,Drinks,3,3,9,1.50,NONE,T1
2026-01-30,ORD-23031,Chicken Wings,Appetizers,1,10,10,4,nan,
30-01-2026,ORD-30661,French Fries,Sides,1,5,5,1.50 TRY,john,T1
2026/01/30,ORD-72995,Pepperoni Pizza,Pizza,2,18,36,12,MARY,T5
01/30/2026,ORD-36469,Pepperoni Pizza,Pizza,2,18,36.00,12.00,,T5
null,ORD-73291,Soda,Drinks,3,3,9,1.5,,null
30 Jan 2026,ORD-12575,Pepperoni Pizza,Pizza,3,18,54.00,18,none,T5
30 Jan 2026,ORD-16870,Pepperoni Pizza,Pizza,1,18,18,6,sarah,n/a
N/A,ORD-85711,Tiramisu,Desserts,2,8,,6,,t3
2026/01/30,ORD-82349,Soda,Drinks,1,3,3.00,0.5,Sarah,T5
2026-01-30,ORD-94262,Tiramisu,Desserts,3,8,,9.00,,T2
30.01.2026,ORD-71646,Tiramisu,Desserts,1,8,"8,00",3,--,t3
30-01-2026,ORD-76814,Tiramisu,Desserts,1,8,8,3,,T5
"Jan 30, 2026",ORD-33513,French Fries,Sides,3,5,15.0%,4.5,sarah,T1
01/30/2026,ORD-21013,Caesar Salad,Salads,1,12,€12.00,4,MARY,T5
2026-01-30,ORD-32909,Beef Burger,Burgers,3,14,42,18,MARY,T5
30.01.2026,ORD-95590,French Fries,Sides,2,5,10,3.0,John,t3
30/01/26,ORD-88319,Tiramisu,Desserts,3,8,24,9,Sarah,t3
30/01/26,ORD-77025,Beef Burger,Burgers,2,14,28,12.0%,,
N/A,ORD-68254,Soda,Drinks,1,3,none,0.5,MARY,t3
30/01/2026,ORD-20108,Coffee,Drinks,3,4,12,"3,00",john,T2
30/01/26,ORD-67699,French Fries,Sides,1,5,₺5.00,1.5,Sarah,
30-01-2026,ORD-42885,French  Fries,Sides,3,5,15,4.50,john,T1
30.01.2026,ORD-11285,Bruschetta,Appetizers,2,7,14,5.00,n/a,NA
30.01.2026,ORD-81280,Soda,Drinks,2,3,6,1.0,john,
"Jan 30, 2026",ORD-94058,Margherita Pizza,Pizza,1,15,15,5,MARY,T5
31/01/26,ORD-28131,Bruschetta,Appetizers,1,7,7,2.50 EUR,john,
-,ORD-66200,  Bruschetta  ,Appetizers,2,7,NA,5.00 EUR,John,n/a
2026/01/31,ORD-31817,Soda,Drinks,2,3,6,1.0,Sarah,n/a
01/31/2026,ORD-69195,Tiramisu,Desserts,2,8,16,6.00,john,t3
31-01-2026,ORD-41541,Bruschetta,Appetizers,2,7,14,"5,00",John,T5
31/01/26,ORD-41823,  Soda  ,Drinks,1,3,3.0%,0.5,MARY,
31-01-2026,ORD-10650,Margherita Pizza,Pizza,3,15,45,15,MARY,T1
01/31/2026,ORD-51376,  Coffee  ,Drinks,3,4,12,3,NULL,T5
01/31/26,ORD-94625,Bruschetta,Appetizers,2,7,€14.00,5.0,sarah,
01/31/2026,ORD-71965,Chicken Wings,Appetizers,3,10,30.00 EUR,12.00,MARY,T2
"Jan 31, 2026",ORD-99551,French Fries,Sides,2,5,10,3.0,john,T2
2026/01/31,ORD-71149,Pepperoni Pizza,Pizza,2,18,36,12.00,NA,T5
"Jan 31, 2026",ORD-82664,Caesar Salad,Salads,2,12,24.00,8,NULL,null
01/31/26,ORD-20889,Bruschetta,Appetizers,3,7,21,7.5,john,t3
NONE,ORD-26626,Chicken Wings,Appetizers,3,10,30.0%,12,,T5
31/01/2026,ORD-69250,Pepperoni Pizza,Pizza,2,18,36,12.00 TRY,sarah,T1
31 Jan 2026,ORD-36998,Pepperoni Pizza,Pizza,2,18,36.00 TRY,12,john,nan
31/01/26,ORD-72215,Pepperoni Pizza,Pizza,2,18,"36,00",12,MARY,T2
01/31/26,ORD-23243,Pepperoni Pizza,Pizza,3,18,54,18,Sarah,t3
2026-01-31,ORD-15504,Coffee,Drinks,1,4,4,"1,00",,
31 Jan 2026,ORD-90362,Chicken Wings,Appetizers,3,10,30,-,john,n/a
31 Jan 2026,ORD-71104,Soda,Drinks,1,3,3,0.50,Sarah,
31/01/26,ORD-55088,chicken wings,Appetizers,2,10,20,8.00,john,t3
01/31/26,ORD-66560,Chicken Wings,Appetizers,2,10,20.00 EUR,8,John,
31.01.2026,ORD-13101,Caesar Salad,Salads,3,12,36,12.00 TRY,,T1
01/31/26,ORD-29469,Chicken Wings,Appetizers,1,10,10,4,nan,T2
31-01-2026,ORD-76316,soda,Drinks,2,3,6.00,1.0,Sarah,T2
31-01-2026,ORD-60403,  Pepperoni Pizza  ,Pizza,1,18,18.00,"6,00",MARY,
31/01/26,ORD-90275,Chicken Wings,Appetizers,1,10,10,4,MARY,T5
01/31/26,ORD-61875,Beef Burger,Burgers,2,14,28.00 TRY,"12,00",Sarah,
31 Jan 2026,ORD-46015,Tiramisu,Desserts,3,8,,9,sarah,--
"Jan 31, 2026",ORD-76563,bruschetta,Appetizers,3,7,21,7.5,--,N/A
01/31/2026,ORD-72327,French Fries,Sides,1,5,5,1.5,MARY,T2
"Jan 31, 2026",ORD-23927,Soda,Drinks,2,3,6,₺1.00,sarah,T1
31/01/2026,ORD-75607,Chicken Wings,Appetizers,3,10,₺30.00,12,sarah,T2
"Jan 31, 2026",ORD-73933,Beef Burger,Burgers,2,14,28.00,12,John,T2
2026/01/31,ORD-46681,Caesar Salad,Salads,2,12,$24.00,8,,N/A
"Jan 31, 2026",ORD-34691,Pepperoni Pizza,Pizza,1,18,$18.00,6.00 USD,Sarah,T5
31-01-2026,ORD-43509,Caesar  Salad,Salads,1,12,12,4,sarah,T5
2026-01-31,ORD-94883,Chicken Wings,Appetizers,3,10,30,12,sarah,T1
01/31/2026,ORD-47086,Tiramisu,Desserts,1,8,8.00,3,John,T5
31 Jan 2026,ORD-23217,Chicken Wings,Appetizers,3,10,30,12.00 EUR,--,T2
01/31/26,ORD-78224,Margherita Pizza,Pizza,1,15,15,5,,t3
nan,ORD-64971,Coffee,Drinks,3,4,12,3,John,--
2026-01-31,ORD-80636,  Beef Burger  ,Burgers,2,14,28,12.0%,john,T1
"Jan 31, 2026",ORD-23414,Soda,Drinks,1,3,£3.00,0.50,sarah,t3
2026/01/31,ORD-93389,Soda,Drinks,2,3,nan,1.0,MARY,T5
31 Jan 2026,ORD-52633,Coffee,Drinks,1,4,4,null,Sarah,T2
31-01-2026,ORD-89222,Chicken Wings,Appetizers,1,10,10,4,,N/A
31/01/2026,ORD-57759,Coffee,Drinks,3,4,12,NA,john,nan
"Jan 31, 2026",ORD-23899,Chicken Wings,Appetizers,1,10,$10.00,4,sarah,T2
2026/01/31,ORD-36773,Caesar Salad ,Salads,1,12,12,4,,T1
"Jan 31, 2026",ORD-12325,Caesar Salad,Salads,1,12,£12.00,4.00,sarah,T2
31 Jan 2026,ORD-34685,Soda,Drinks,1,3,NA,0.5,John,NA
31/01/2026,ORD-76300,Pepperoni Pizza,Pizza,1,18,18,6.00,John,n/a
2026-01-31,ORD-68118,Caesar Salad,Salads,2,12,24,€8.00,sarah,
31/01/2026,ORD-66865,French Fries,Sides,1,5,5,1.5,NONE,T1
01/31/2026,ORD-64074,French Fries,Sides,1,5,5,1.5,NULL,T5
2026/01/31,ORD-59794,Soda,Drinks,2,3,6,1.0,,t3
31/01/2026,ORD-83403,beef burger,Burgers,3,14,42,18,,T5
31 Jan 2026,ORD-37015,French  Fries,Sides,3,5,15.00,"4,50",,T2
"Jan 31, 2026",ORD-87801,Chicken Wings,Appetizers,3,10,30,12.00,sarah,T1
31 Jan 2026,ORD-77137,Pepperoni Pizza,Pizza,2,18,36,12.00,john,T1
31-01-2026,ORD-34460,French Fries,Sides,2,5,10,3.0,MARY,t3
01 Feb 2026,ORD-57444,Pepperoni Pizza,Pizza,1,18,18,,MARY,none
01-02-2026,ORD-19156,Tiramisu,Desserts,2,8,16.0%,6,,t3
"Feb 01, 2026",ORD-34303,Beef Burger,Burgers,1,14,14.0%,6,N/A,T5
02/01/2026,ORD-44633,BEEF BURGER,Burgers,2,14,28,12,--,t3
NA,ORD-46063,Bruschetta ,Appetizers,2,7,14,5.00,,T2
"Feb 01, 2026",ORD-82049,Caesar Salad,Salads,3,12,"36,00",12,John,t3
2026-02-01,ORD-26845,Pepperoni Pizza,Pizza,3,18,54,18,,null
01/02/26,ORD-66562,Bruschetta,Appetizers,2,7,,5.0,,T1
"Feb 01, 2026",ORD-75238,Margherita Pizza,Pizza,1,15,15,5,,T2
01.02.2026,ORD-81846,Bruschetta,Appetizers,3,7,NA,7.5,sarah,T5
2026/02/01,ORD-78358,Coffee,Drinks,1,4,4,1,MARY,t3
01-02-2026,ORD-44273,Caesar Salad,Salads,2,12,24,8,John,-
01/02/26,ORD-84781,bruschetta,Appetizers,3,7,21,7.5%,john,T2
NULL,ORD-96181,Tiramisu,Desserts,2,8,£16.00,6,,t3
"Feb 01, 2026",ORD-45209,Margherita Pizza ,Pizza,3,15,45,15,n/a,T2
02/01/26,ORD-83311,Margherita Pizza,Pizza,3,15,45,15.00,,T5
01 Feb 2026,ORD-65977,Coffee,Drinks,1,4,4,1,Sarah,T1
NULL,ORD-87068,Soda,Drinks,1,3,3,0.5,,T1
01/02/2026,ORD-16767,Chicken Wings,Appetizers,2,10,20,NA,NA,
"Feb 01, 2026",ORD-57799,Soda,Drinks,3,3,9.00,1.5,Sarah,T2
"Feb 01, 2026",ORD-62307,Tiramisu,Desserts,1,8,8,3,Sarah,
01/02/2026,ORD-39618,Coffee,Drinks,2,4,8,2,,T1
02/01/2026,ORD-52619,French Fries,Sides,3,5,15,4.5,John,T1
01/02/26,ORD-60678,French Fries,Sides,2,5,10,3.0,John,T2
01/02/2026,ORD-20903,MARGHERITA PIZZA,Pizza,2,15,30,10.00,john,t3
"Feb 01, 2026",ORD-52754,Soda,Drinks,1,3,3.0%,0.5,John,T1
"Feb 01, 2026",ORD-97343,Beef Burger,Burgers,2,14,28,12.00,--,T5
01/02/2026,ORD-77649,  Tiramisu  ,Desserts,1,8,8,3,sarah,nan
01-02-2026,ORD-58719,French Fries,Sides,1,5,5,1.5,NA,
"Feb 01, 2026",ORD-61588,BRUSCHETTA,Appetizers,2,7,14,5.0%,MARY,T1
01-02-2026,ORD-48686,Caesar  Salad,Salads,2,12,24,8,Sarah,
nan,ORD-34312,Pepperoni Pizza,Pizza,3,18,NULL,18,,n/a
"Feb 01, 2026",ORD-98844,Tiramisu,Desserts,2,8,16,6,John,T5
01-02-2026,ORD-14021,Beef Burger,Burgers,2,14,28,12,John,T1
01 Feb 2026,ORD-18340,Bruschetta,Appetizers,2,7,14,5.0,John,T5
02/01/26,ORD-88659,Coffee,Drinks,1,4,4.00,1,MARY,
02/01/2026,ORD-70520,Tiramisu,Desserts,3,8,24,9,,T2
01 Feb 2026,ORD-70775,Tiramisu,Desserts,3,8,$24.00,9,john,t3
02/01/26,ORD-47262,Beef Burger,Burgers,1,14,14,6,john,T5
01 Feb 2026,ORD-47962,Coffee,Drinks,1,4,$4.00,1,none,n/a
2026/02/01,ORD-32947,Bruschetta,Appetizers,3,7,21,7.50,Sarah,n/a
02/01/26,ORD-56840,Soda,Drinks,1,3,3,"0,50",,T5
01/02/2026,ORD-36233,Soda,Drinks,2,3,6.0%,1.0,,
01 Feb 2026,ORD-72968,Margherita Pizza,Pizza,3,15,45,"15,00",NONE,T5
"Feb 01, 2026",ORD-38670,Tiramisu,Desserts,1,8,-,3.00,,NONE
"Feb 01, 2026",ORD-61004,  Tiramisu  ,Desserts,3,8,NULL,"9,00",sarah,t3
01/02/26,ORD-93629,Caesar Salad,Salads,3,12,₺36.00,12,Sarah,T2
02/01/26,ORD-29958,Chicken Wings,Appetizers,3,10,"30,00",12,MARY,T2
02/01/26,ORD-72061,Beef Burger,Burgers,2,14,28.00,12.00,sarah,T1
2026/02/01,ORD-68479,Beef Burger,Burgers,3,14,42,,nan,T5
01/02/26,ORD-85602,Pepperoni Pizza,Pizza,3,18,54.00,N/A,john,T5
02/01/26,ORD-93046,Pepperoni Pizza,Pizza,3,18,54,18,MARY,--
01/02/2026,ORD-73816,Tiramisu,Desserts,2,8,16.00,6.00,Sarah,
02/01/2026,ORD-33201,Pepperoni Pizza,Pizza,1,18,18.00,6.00,John,T2
2026/02/01,ORD-69903,Soda,Drinks,1,3,3.00 EUR,0.5,,T1
01/02/26,ORD-64246,Bruschetta,Appetizers,1,7,7,2.5,,t3
2026-02-02,ORD-40960,Tiramisu,Desserts,3,8,24,9,Sarah,N/A
02.02.2026,ORD-81770,Soda,Drinks,2,3,null,1.0,john,N/A
2026-02-02,ORD-61091,Soda,Drinks,3,3,9,1.5,Sarah,T1
02/02/2026,ORD-34081,Tiramisu,Desserts,1,8,8,3,john,t3
02/02/26,ORD-76465,Chicken Wings,Appetizers,3,10,30.00,12,MARY,t3
2026/02/02,ORD-90473,French Fries,Sides,2,5,NA,3.0,NA,T2
02/02/26,ORD-69031,Pepperoni Pizza,Pizza,2,18,36.00,₺12.00,sarah,T2
"Feb 02, 2026",ORD-39062,Chicken Wings,Appetizers,1,10,10,4,Sarah,t3
02 Feb 2026,ORD-50043,Caesar Salad,Salads,2,12,24,8,sarah,T2
02/02/26,ORD-93965,Margherita Pizza,Pizza,2,15,30,10,NA,
"Feb 02, 2026",ORD-27299,Bruschetta ,Appetizers,1,7,7.00,2.5,nan,T2
02/02/26,ORD-23048,Beef Burger,Burgers,2,14,null,12,Sarah,T5
02/02/2026,ORD-39051,Bruschetta,Appetizers,1,7,7,2.5,MARY,t3
02/02/2026,ORD-41623,Coffee,Drinks,2,4,8,2,John,t3
02/02/2026,ORD-96598,Bruschetta,Appetizers,1,7,nan,2.50,,t3
2026/02/02,ORD-75082,Beef Burger,Burgers,3,14,42.00,18,MARY,T5
2026-02-02,ORD-82641,Tiramisu,Desserts,3,8,24,9,Sarah,T1
2026-02-02,ORD-34852,Margherita Pizza,Pizza,1,15,15,5,,T2
02/02/2026,ORD-93000,Beef Burger,Burgers,2,14,28,12,John,T5
02/02/2026,ORD-33330,Margherita Pizza,Pizza,1,15,15,5.00,Sarah,t3
"Feb 02, 2026",ORD-75757,Tiramisu,Desserts,3,8,24.00,9.00 TRY,n/a,NONE
2026/02/02,ORD-99279,Margherita Pizza,Pizza,3,15,45.00,15.0%,,t3
02.02.2026,ORD-98384,Bruschetta,Appetizers,2,7,14,n/a,,T2
nan,ORD-63442,Margherita Pizza,Pizza,3,15,45.0%,15,John,T5
02/02/2026,ORD-15971,Tiramisu,Desserts,3,8,24,9,John,t3
02/02/26,ORD-52229,Bruschetta,Appetizers,2,7,14,"5,00",john,t3
02/02/2026,ORD-75817,Tiramisu,Desserts,3,8,24,9,,t3
02/02/2026,ORD-59369,Margherita Pizza,Pizza,1,15,15.0%,5.00,,
NA,ORD-16995,Beef Burger,Burgers,1,14,14,6,,T5
02/02/26,ORD-95067,Margherita Pizza,Pizza,1,15,₺15.00,5,Sarah,T1
02/02/2026,ORD-34818,Margherita Pizza,Pizza,3,15,45,15,Sarah,T5
02/02/26,ORD-48679,Beef Burger,Burgers,3,14,42,18,sarah,
02/02/26,ORD-82508,Coffee,Drinks,2,4,8,2,NONE,T1
02-02-2026,ORD-68704,Beef  Burger,Burgers,1,14,14,6,Sarah,t3
--,ORD-74109,Soda,Drinks,1,3,3,0.5,John,
02 Feb 2026,ORD-68173,Bruschetta,Appetizers,1,7,"7,00",2.5,John,T2
02/02/26,ORD-81148,SODA,Drinks,1,3,3,0.5,,T1
02/02/26,ORD-66472,Soda,Drinks,1,3,3,0.5,MARY,T2
2026-02-02,ORD-88826,Pepperoni Pizza,Pizza,2,18,36,12,john,--
02.02.2026,ORD-43308,Soda,Drinks,3,3,9,"1,50",John,t3
02.02.2026,ORD-99579,Chicken Wings,Appetizers,1,10,nan,4.0%,sarah,T5
02.02.2026,ORD-63629,Beef Burger,Burgers,3,14,42,18,John,
"Feb 03, 2026",ORD-80027,Chicken Wings,Appetizers,1,10,nan,4.00,,T5
03 Feb 2026,ORD-41576,Coffee,Drinks,1,4,4.00,1,NONE,
2026-02-03,ORD-86935,French Fries,Sides,3,5,15,4.50,john,T5
02/03/26,ORD-76962,chicken wings,Appetizers,2,10,20,8,nan,T1
03.02.2026,ORD-77285,Coffee,Drinks,1,4,4,1,,none
2026/02/03,ORD-51779,Tiramisu,Desserts,1,8,8.0%,3.00,MARY,t3
03-02-2026,ORD-53753,Bruschetta,Appetizers,2,7,14.00,5.00,,T1
03.02.2026,ORD-58308,Margherita Pizza,Pizza,3,15,45,15,nan,T5
2026-02-03,ORD-39037,Margherita Pizza,Pizza,3,15,45,15,Sarah,T5
03/02/26,ORD-45075,Tiramisu,Desserts,3,8,24,9,john,t3
03 Feb 2026,ORD-41587,Caesar Salad,Salads,2,12,24,£8.00,sarah,t3
03/02/2026,ORD-73598,Caesar Salad,Salads,2,12,24.00,8,,T2
02/03/2026,ORD-91099,pepperoni pizza,Pizza,2,18,36,12.0%,John,T5
03-02-2026,ORD-54685,Bruschetta,Appetizers,2,7,14,5.00,n/a,T5
02/03/2026,ORD-19669,Coffee,Drinks,3,4,12,3,MARY,T5
03.02.2026,ORD-12240,Tiramisu,Desserts,1,8,8,3,John,T2
02/03/2026,ORD-98110,Bruschetta,Appetizers,3,7,21,7.5,MARY,T2
2026-02-03,ORD-16191,French Fries,Sides,2,5,10.0%,3.0,John,T1
02/03/2026,ORD-48987,Coffee,Drinks,1,4,4,1,sarah,t3
2026/02/03,ORD-98765,Soda,Drinks,2,3,6,1.00,john,
03.02.2026,ORD-41105,Tiramisu,Desserts,3,8,24.00,NA,sarah,
"Feb 03, 2026",ORD-35088,Caesar Salad,Salads,2,12,24,8,John,NULL
03/02/26,ORD-68456,Margherita Pizza,Pizza,3,15,45,15,n/a,n/a
03.02.2026,ORD-41767,Pepperoni Pizza,Pizza,1,18,18.00,6.00,sarah,
03/02/2026,ORD-37705,Pepperoni Pizza,Pizza,2,18,36,12.00,none,t3
03 Feb 2026,ORD-91837,Caesar Salad ,Salads,2,12,24.00,8.00,john,t3
03/02/2026,ORD-33210,Coffee,Drinks,2,4,8,2,Sarah,T2
03.02.2026,ORD-30657,Soda,Drinks,3,3,9,1.5,MARY,T2
2026-02-03,ORD-27987,Tiramisu,Desserts,1,8,"8,00",3,sarah,t3
03/02/26,ORD-22586,Chicken Wings,Appetizers,1,10,10,4,John,NA
03.02.2026,ORD-57109,Caesar Salad,Salads,3,12,36,12,Sarah,T5
02/03/26,ORD-19174,Beef  Burger,Burgers,3,14,42,18.0%,John,T1
03.02.2026,ORD-23621,French Fries,Sides,3,5,15,4.50,nan,T5
02/04/2026,ORD-87906,French Fries,Sides,2,5,"10,00",N/A,,T1
04 Feb 2026,ORD-98005,  Pepperoni Pizza  ,Pizza,3,18,54,18.00,sarah,T1
02/04/2026,ORD-52268,Coffee,Drinks,3,4,"12,00","3,00",John,T5
"Feb 04, 2026",ORD-29974,Margherita Pizza,Pizza,1,15,15,5,,T5
02/04/2026,ORD-65858,Margherita Pizza,Pizza,3,15,45,15,Sarah,t3
04 Feb 2026,ORD-37124,Soda,Drinks,2,3,"6,00",1.0,none,N/A
"Feb 04, 2026",ORD-31294,Tiramisu,Desserts,3,8,24.00,9,none,T1
04.02.2026,ORD-13046,Chicken Wings,Appetizers,1,10,10.00,4,MARY,
04 Feb 2026,ORD-91543,French Fries,Sides,3,5,15.00 TRY,4.5,Sarah,T5
02/04/26,ORD-43258,Caesar Salad,Salads,2,12,24,8,john,T5
04/02/26,ORD-89612,Tiramisu,Desserts,2,8,16.00 USD,"6,00",MARY,--
04/02/26,ORD-71717,French Fries,Sides,2,5,10,3.0,john,
04/02/2026,ORD-19014,Margherita Pizza,Pizza,2,15,30,10,John,t3
04/02/2026,ORD-47748,Caesar Salad,Salads,3,12,36,12,sarah,t3
nan,ORD-63733,Tiramisu,Desserts,1,8,8,3,MARY,T5
04.02.2026,ORD-88872,Coffee,Drinks,2,4,8,2,MARY,T2
02/04/26,ORD-55681,Bruschetta,Appetizers,1,7,NA,2.5,MARY,none
04.02.2026,ORD-61212,Soda,Drinks,2,3,"6,00",1.0,sarah,T2
"Feb 04, 2026",ORD-14500,Coffee,Drinks,1,4,4,1.00 USD,MARY,
04 Feb 2026,ORD-68288,Coffee,Drinks,1,4,4,null,MARY,NONE
02/04/26,ORD-52258,Beef Burger,Burgers,2,14,28,12,,--
NA,ORD-22852,Soda,Drinks,3,3,9,1.5,,
2026/02/04,ORD-32384,Chicken Wings,Appetizers,3,10,30,₺12.00,sarah,T5
04/02/2026,ORD-92111,Soda,Drinks,3,3,9,1.5,,T1
04 Feb 2026,ORD-62538,Bruschetta,Appetizers,2,7,14,5.0,John,
04-02-2026,ORD-45483,Margherita Pizza,Pizza,3,15,45,15,Sarah,
2026-02-04,ORD-97581,Soda,Drinks,2,3,6,1.0,John,
02/04/2026,ORD-99203,  Chicken Wings  ,Appetizers,2,10,20,8,sarah,t3
04/02/26,ORD-63110,Coffee,Drinks,3,4,12,3.00,,T1
04.02.2026,ORD-33791,Soda,Drinks,2,3,6.00,1.00,,
02/04/26,ORD-78018,Margherita Pizza,Pizza,2,15,30,10,N/A,T1
04 Feb 2026,ORD-73459,Coffee,Drinks,2,4,8,2,MARY,T1
05-02-2026,ORD-50171,Pepperoni  Pizza,Pizza,2,18,36,12.00,Sarah,
05/02/26,ORD-25526,Bruschetta,Appetizers,3,7,£21.00,7.50,,
05-02-2026,ORD-39335,Pepperoni  Pizza,Pizza,2,18,36.00,$12.00,N/A,NA
05/02/26,ORD-42666,Margherita Pizza,Pizza,2,15,30,10,MARY,-
02/05/2026,ORD-33227,Chicken Wings,Appetizers,2,10,20,8,,-
"Feb 05, 2026",ORD-55096,Margherita Pizza,Pizza,3,15,45,15.00,Sarah,T2
2026-02-05,ORD-30599,Tiramisu,Desserts,2,8,16.00,6.00,,
05-02-2026,ORD-94179,Chicken Wings,Appetizers,1,10,10,4,John,T2
05/02/26,ORD-25709,Caesar Salad,Salads,3,12,36.00 TRY,-,John,T1
05/02/2026,ORD-83830,Bruschetta,Appetizers,2,7,14.00,,sarah,t3
02/05/2026,ORD-36210,Pepperoni Pizza,Pizza,1,18,18,"6,00",John,T5
05-02-2026,ORD-70343,Margherita Pizza,Pizza,3,15,"45,00",15.00,sarah,T2
2026-02-05,ORD-59034,Soda,Drinks,1,3,3.00,0.5,Sarah,t3
05/02/2026,ORD-68888,French Fries,Sides,2,5,10,3.0,Sarah,T5
05/02/26,ORD-38082,Soda,Drinks,3,3,9.00 EUR,€1.50,Sarah,T1
05/02/26,ORD-68750,Beef Burger,Burgers,2,14,28,12.00,john,T1
02/05/26,ORD-28492,Margherita Pizza,Pizza,1,15,15,5,Sarah,
05 Feb 2026,ORD-73101,Beef Burger,Burgers,3,14,42,18,,NULL
"Feb 05, 2026",ORD-21654,Soda ,Drinks,2,3,6,1.00 TRY,sarah,NULL
05.02.2026,ORD-87469,Beef Burger,Burgers,1,14,$14.00,6.0%,Sarah,T5
05.02.2026,ORD-74304,Tiramisu,Desserts,2,8,16,6,MARY,
2026-02-05,ORD-74661,Coffee ,Drinks,2,4,"8,00","2,00",,NONE
05.02.2026,ORD-77055,French  Fries,Sides,1,5,5.00,1.5,Sarah,N/A
none,ORD-24851,Caesar Salad,Salads,3,12,36,"12,00",,N/A
05.02.2026,ORD-97750,tiramisu,Desserts,2,8,16,"6,00",MARY,none
05 Feb 2026,ORD-76512,Beef Burger,Burgers,2,14,28.00,₺12.00,MARY,null
"Feb 05, 2026",ORD-83186,Chicken Wings,Appetizers,2,10,20,8.00,MARY,
05 Feb 2026,ORD-14399,Pepperoni Pizza,Pizza,1,18,18,6,MARY,T1
2026-02-05,ORD-61409,Margherita Pizza,Pizza,3,15,45.00 EUR,15,MARY,T1
02/05/26,ORD-12243,Margherita Pizza,Pizza,2,15,30.0%,"10,00",Sarah,T2
06/02/26,ORD-20588,Beef Burger,Burgers,3,14,42,18,MARY,
02/06/26,ORD-78242,Caesar Salad,Salads,2,12,24,8,john,t3
n/a,ORD-62543,Chicken Wings,Appetizers,1,10,10,4.00,null,t3
2026/02/06,ORD-46607,Tiramisu,Desserts,2,8,16,6,John,n/a
02/06/26,ORD-64073,French Fries,Sides,2,5,10,€3.00,MARY,T1
,ORD-24139,Coffee,Drinks,3,4,12.00,3,nan,T1
2026/02/06,ORD-74471,Bruschetta,Appetizers,1,7,£7.00,2.50,sarah,T5
06/02/26,ORD-48932,Soda,Drinks,1,3,3,0.5,john,T2
02/06/2026,ORD-87389,Chicken Wings,Appetizers,3,10,30.00,12,,
2026-02-06,ORD-85294,Soda,Drinks,3,3,9,1.50,NULL,T2
06/02/26,ORD-98785,PEPPERONI PIZZA,Pizza,3,18,54,18.00,Sarah,
2026-02-06,ORD-29666,Beef Burger,Burgers,1,14,14,6,sarah,null
06.02.2026,ORD-33583,Chicken Wings,Appetizers,1,10,10,4.00,,T2
06 Feb 2026,ORD-21391,French Fries,Sides,3,5,15,"4,50",,T5
02/06/26,ORD-97395,Chicken Wings,Appetizers,1,10,10,4.0%,john,T1
06/02/26,ORD-14777,Caesar Salad,Salads,1,12,12,4,sarah,T2
02/06/2026,ORD-50352,Pepperoni Pizza,Pizza,2,18,36,12,sarah,T2
02/06/2026,ORD-37647,Coffee,Drinks,1,4,4.00,1.0%,sarah,T1
2026/02/06,ORD-26772,Soda,Drinks,2,3,6.00,1.0,,t3
"Feb 06, 2026",ORD-23317,FRENCH FRIES,Sides,1,5,5,€1.50,john,n/a
06-02-2026,ORD-60841,Beef Burger,Burgers,1,14,14,6,Sarah,
06.02.2026,ORD-60227,Caesar Salad,Salads,2,12,24,8.0%,sarah,none
06-02-2026,ORD-69390,Chicken Wings,Appetizers,1,10,10.00 USD,4.00,,T2
06-02-2026,ORD-67414,BRUSCHETTA,Appetizers,2,7,14,5.0,,NULL
-,ORD-75025,Soda,Drinks,3,3,9,1.50,,
06 Feb 2026,ORD-46584,  Beef Burger  ,Burgers,2,14,28,12,none,t3
02/06/26,ORD-22760,Beef Burger,Burgers,3,14,42,18.00 USD,sarah,T1
06/02/26,ORD-80747,Tiramisu,Desserts,3,8,24,9.00,null,T1
06/02/2026,ORD-43804,Bruschetta,Appetizers,3,7,21,€7.50,MARY,T5
06-02-2026,ORD-16746,  Chicken Wings  ,Appetizers,2,10,₺20.00,"8,00",none,T2
06/02/2026,ORD-16841,Margherita Pizza,Pizza,2,15,30.00,10,MARY,
06/02/26,ORD-66541,Margherita Pizza,Pizza,1,15,"15,00",5,MARY,
06-02-2026,ORD-21892,Margherita Pizza ,Pizza,3,15,45,15.00,john,T5
06.02.2026,ORD-44689,Chicken Wings,Appetizers,3,10,30,12,N/A,T2
n/a,ORD-47276,Bruschetta,Appetizers,3,7,21,7.5,john,T5
06.02.2026,ORD-83653,Beef Burger,Burgers,2,14,28.00,12,sarah,T2
06.02.2026,ORD-98205,Chicken Wings,Appetizers,2,10,20,8,-,T5
02/06/2026,ORD-97808,Bruschetta,Appetizers,2,7,null,5.00,N/A,
2026/02/06,ORD-29504,Margherita Pizza,Pizza,2,15,30.00 TRY,10,,T1
02/06/26,ORD-94317,Soda,Drinks,3,3,9.0%,1.5,sarah,t3
2026/02/06,ORD-99424,Coffee,Drinks,2,4,"8,00",2,,nan
02/06/2026,ORD-84306,FRENCH FRIES,Sides,1,5,5,"1,50",nan,t3
2026-02-06,ORD-13999,Margherita Pizza,Pizza,1,15,15,5,john,T5
06.02.2026,ORD-96022,Caesar Salad,Salads,1,12,12,4,,
NULL,ORD-78742,Soda,Drinks,1,3,3.00,0.5,null,T5
06/02/2026,ORD-10534,Caesar Salad,Salads,3,12,36.00,12,MARY,T1
06/02/26,ORD-68441,Caesar Salad,Salads,3,12,36,12,Sarah,T5
06 Feb 2026,ORD-43353,French Fries,Sides,1,5,5,"1,50",--,
2026/02/06,ORD-93873,French Fries,Sides,3,5,15,4.5,Sarah,nan
2026-02-06,ORD-32441,Chicken Wings,Appetizers,1,10,10,4,Sarah,
"Feb 06, 2026",ORD-85375,MARGHERITA PIZZA,Pizza,3,15,45,15,John,
02/07/26,ORD-47571,Pepperoni Pizza,Pizza,2,18,36,12,null,
07-02-2026,ORD-72426,SODA,Drinks,2,3,"6,00",1.0,John,T2
02/07/2026,ORD-25587,Pepperoni Pizza ,Pizza,3,18,54,18,sarah,T1
"Feb 07, 2026",ORD-18977,French Fries,Sides,1,5,5.00,1.5,Sarah,-
07/02/26,ORD-56786,CHICKEN WINGS,Appetizers,3,10,30,NULL,john,
07/02/26,ORD-25735,Coffee,Drinks,2,4,8,2,MARY,
"Feb 07, 2026",ORD-57509,Chicken Wings,Appetizers,2,10,20.0%,"8,00",,
07-02-2026,ORD-42447,  Pepperoni Pizza  ,Pizza,2,18,-,12.00,john,t3
2026-02-07,ORD-88158,Beef Burger ,Burgers,2,14,28,12,John,T5
2026-02-07,ORD-86092,Coffee,Drinks,1,4,4.00,1,John,T5
2026-02-07,ORD-31948,Tiramisu,Desserts,3,8,24.00,9,MARY,NULL
07 Feb 2026,ORD-37586,Bruschetta,Appetizers,1,7,7,2.50,john,t3
07 Feb 2026,ORD-10519,Bruschetta,Appetizers,2,7,14,5.0,null,T5
"Feb 07, 2026",ORD-94931,Pepperoni Pizza,Pizza,2,18,36.00,12.0%,NULL,T2
"Feb 07, 2026",ORD-58924,Soda,Drinks,1,3,3,0.5,n/a,
07-02-2026,ORD-65483,Chicken Wings,Appetizers,1,10,€10.00,4.00 USD,Sarah,T1
02/07/26,ORD-18482,Caesar Salad,Salads,3,12,36,12,--,T5
07.02.2026,ORD-10268,French Fries,Sides,2,5,10,3.0,sarah,T5
07 Feb 2026,ORD-68261,Pepperoni Pizza,Pizza,1,18,18.0%,6,john,t3
02/07/26,ORD-65672,Bruschetta,Appetizers,3,7,21.00,7.50 TRY,MARY,T1
,ORD-33745,Soda,Drinks,3,3,9,1.5,sarah,T5
07 Feb 2026,ORD-65653,Pepperoni Pizza,Pizza,2,18,"36,00",12.00,MARY,t3
07.02.2026,ORD-69956,Caesar Salad,Salads,2,12,24,8,sarah,T2
"Feb 07, 2026",ORD-29661,Soda,Drinks,3,3,9,1.5,,N/A
2026/02/07,ORD-88490,Caesar Salad,Salads,2,12,24,8.00,nan,NONE
"Feb 07, 2026",ORD-18027,Chicken Wings,Appetizers,2,10,20.00,null,sarah,T5
2026/02/07,ORD-28491,Pepperoni Pizza,Pizza,3,18,54,18.00,Sarah,
07.02.2026,ORD-55185,Soda ,Drinks,2,3,6,1.0,Sarah,T5
07/02/2026,ORD-11557,Coffee,Drinks,3,4,12.00,3,john,T2
07/02/2026,ORD-11326,Tiramisu,Desserts,2,8,16,6,,none
07/02/26,ORD-43068,Soda,Drinks,3,3,9,1.5,MARY,T1
"Feb 07, 2026",ORD-20321,Bruschetta,Appetizers,3,7,21.00,7.5,john,T2
07/02/26,ORD-79553,Beef  Burger,Burgers,1,14,14,6,John,
07-02-2026,ORD-98779,Bruschetta,Appetizers,1,7,7.00,2.5,MARY,T2
07/02/26,ORD-89749,Caesar Salad,Salads,3,12,36.00,12,MARY,NA
"Feb 07, 2026",ORD-95017,French Fries,Sides,2,5,10,3.0,N/A,T1
02/07/2026,ORD-33282,Coffee,Drinks,2,4,8,2,Sarah,t3
02/07/26,ORD-26554,Margherita Pizza,Pizza,2,15,30,10.00 USD,,T1
07/02/26,ORD-76855,Tiramisu,Desserts,2,8,16.00,6.00,MARY,T5
02/07/26,ORD-98224,Margherita Pizza,Pizza,2,15,30,10,John,NONE
2026-02-07,ORD-32525,Beef Burger,Burgers,3,14,42,18,--,T1
02/07/2026,ORD-70243,Coffee,Drinks,3,4,12.00,3.0%,John,T5
08/02/2026,ORD-28264,Chicken  Wings,Appetizers,1,10,10,4,Sarah,
02/08/2026,ORD-57176,Coffee,Drinks,3,4,12,3,,T2
02/08/26,ORD-98102,French Fries,Sides,1,5,5,1.5,John,T1
"Feb 08, 2026",ORD-20781,Bruschetta,Appetizers,1,7,7,2.5,,T1
08.02.2026,ORD-44471,Pepperoni Pizza,Pizza,3,18,54,18,null,NA
"Feb 08, 2026",ORD-27587,Margherita Pizza,Pizza,1,15,15,5.00 USD,John,T1
08/02/2026,ORD-68446,Bruschetta,Appetizers,3,7,21,7.50,sarah,null
02/08/26,ORD-23464,Bruschetta,Appetizers,1,7,7,2.5,sarah,
NONE,ORD-96843,Tiramisu,Desserts,1,8,8,"3,00",John,T2
08/02/26,ORD-70964,Margherita Pizza,Pizza,2,15,30,10,,T2
"Feb 08, 2026",ORD-95898,Pepperoni Pizza,Pizza,2,18,36,12,Sarah,t3
08 Feb 2026,ORD-85528,Margherita Pizza,Pizza,1,15,15,5.00,john,
"Feb 08, 2026",ORD-93527,Tiramisu ,Desserts,2,8,16.00,6,Sarah,t3
08 Feb 2026,ORD-34185,Soda,Drinks,2,3,6.00,1.0,John,t3
08.02.2026,ORD-37079,Tiramisu,Desserts,3,8,24,9,Sarah,T2
08.02.2026,ORD-22190,Tiramisu,Desserts,3,8,"24,00",9,,T1
08/02/2026,ORD-70939,Pepperoni Pizza,Pizza,2,18,36.00,12,,t3
08.02.2026,ORD-35715,Pepperoni Pizza,Pizza,2,18,36.00 EUR,12,,T1
08/02/2026,ORD-19224,Bruschetta,Appetizers,3,7,21,7.5,john,T5
08 Feb 2026,ORD-16559,Beef Burger,Burgers,3,14,--,18,John,none
08-02-2026,ORD-51898,Caesar Salad,Salads,1,12,12.00,4.00,john,T5
2026/02/08,ORD-62524,Chicken Wings,Appetizers,3,10,"30,00",12,Sarah,t3
2026-02-08,ORD-41570,Soda,Drinks,3,3,9,1.50,john,nan
08/02/2026,ORD-79790,Soda,Drinks,2,3,6,1.0,MARY,T2
08/02/2026,ORD-61657,French Fries ,Sides,1,5,"5,00",1.5,john,T2
02/08/26,ORD-75139,French Fries,Sides,2,5,10,3.0,n/a,T5
08/02/2026,ORD-85418,TIRAMISU,Desserts,1,8,8,"3,00",null,--
08 Feb 2026,ORD-59038,Pepperoni Pizza,Pizza,2,18,36,12.00,,
02/08/2026,ORD-97085,Bruschetta,Appetizers,3,7,21,7.5,n/a,t3
02/08/26,ORD-22219,Bruschetta,Appetizers,1,7,7.00 USD,2.5,john,-
08.02.2026,ORD-75937,Tiramisu,Desserts,1,8,8.00,3.00,Sarah,T1
02/08/26,ORD-39668,Chicken Wings,Appetizers,2,10,20,8.00,John,T2
08-02-2026,ORD-42172,Soda,Drinks,3,3,9,1.50,,none
08/02/26,ORD-52417,Chicken  Wings,Appetizers,1,10,10,4,John,T5
08.02.2026,ORD-36624,Pepperoni Pizza,Pizza,3,18,n/a,18.00,MARY,T1
2026-02-08,ORD-69254,Tiramisu,Desserts,1,8,none,3.0%,,T5
02/08/2026,ORD-95203,Margherita Pizza,Pizza,2,15,30,10,John,T5
08.02.2026,ORD-50840,Caesar Salad,Salads,1,12,12,4,sarah,T2
08/02/2026,ORD-92279,Beef Burger,Burgers,1,14,14.00 EUR,6,john,
08/02/26,ORD-14706,Tiramisu,Desserts,2,8,16,6,,NA
02/08/2026,ORD-27277,Soda,Drinks,2,3,6.00 TRY,1.00,John,T1
08 Feb 2026,ORD-44993,Margherita Pizza,Pizza,1,15,15,5.00 USD,John,T2
2026/02/08,ORD-32974,Coffee,Drinks,1,4,4.0%,1,,t3
08/02/26,ORD-33651,Soda,Drinks,2,3,6,1.00 TRY,NONE,none
08-02-2026,ORD-90416,Bruschetta,Appetizers,3,7,21,7.5,John,
08-02-2026,ORD-65575,French Fries,Sides,2,5,10,3.0,john,T5
02/08/26,ORD-88678,Pepperoni Pizza,Pizza,3,18,54,"18,00",john,
08-02-2026,ORD-12575,French Fries,Sides,2,5,10,3.0,John,nan
08/02/2026,ORD-50673,Beef Burger,Burgers,2,14,28,"12,00",Sarah,T1
08.02.2026,ORD-17716,Margherita Pizza,Pizza,2,15,30,10,john,
08 Feb 2026,ORD-26043,Caesar Salad,Salads,1,12,12,4,Sarah,T5
08-02-2026,ORD-33104,French Fries,Sides,1,5,NULL,1.5,john,nan
08/02/26,ORD-58980,Soda,Drinks,1,3,"3,00","0,50",,
08/02/2026,ORD-16953,Beef Burger,Burgers,2,14,28,12,john,
"Feb 08, 2026",ORD-25092,Soda,Drinks,2,3,6,1.00,john,
2026/02/08,ORD-62373,soda,Drinks,3,3,9.00,1.50,John,-
08.02.2026,ORD-19703,Bruschetta,Appetizers,1,7,₺7.00,2.50,MARY,t3
08-02-2026,ORD-11274,Coffee,Drinks,3,4,12,3,none,t3
08 Feb 2026,ORD-49669,Tiramisu,Desserts,1,8,8,3,null,null
02/08/26,ORD-73389,Tiramisu,Desserts,2,8,16.00,6,john,T5
08/02/26,ORD-50757,Soda,Drinks,1,3,3,0.5,MARY,T5
08/02/26,ORD-13016,Soda,Drinks,1,3,3.00,0.5,Sarah,T5
NA,ORD-59165,Tiramisu,Desserts,1,8,8,3,,NULL
2026/02/08,ORD-92641,Pepperoni Pizza,Pizza,1,18,18,6,,
08 Feb 2026,ORD-28014,Soda,Drinks,2,3,6,1.0,John,T5
08.02.2026,ORD-11632,Caesar Salad,Salads,1,12,$12.00,4,john,T5
02/08/26,ORD-61154,Pepperoni Pizza,Pizza,2,18,36,12.0%,sarah,T5
08/02/26,ORD-14785,Chicken Wings,Appetizers,3,10,30.00 USD,12,,T2
2026/02/08,ORD-67650,Bruschetta,Appetizers,2,7,14,5.0,sarah,T1
02/08/2026,ORD-74822,Pepperoni Pizza,Pizza,2,18,36,12,MARY,T5
02/08/26,ORD-19181,Coffee,Drinks,3,4,12,nan,Sarah,NONE
08 Feb 2026,ORD-18927,Beef Burger,Burgers,1,14,14,6,sarah,T5
"Feb 08, 2026",ORD-54998,Tiramisu,Desserts,3,8,24.00,9,,T5
02/08/2026,ORD-54813,Tiramisu,Desserts,3,8,"24,00",9,,T2
02/08/2026,ORD-78710,Tiramisu,Desserts,2,8,16.0%,6,sarah,T5
02/08/2026,ORD-64427,Bruschetta ,Appetizers,2,7,14.0%,5.0,,t3
N/A,ORD-80570,Coffee,Drinks,2,4,8,2.00 TRY,MARY,T2
08/02/26,ORD-63998,Pepperoni Pizza,Pizza,2,18,£36.00,12.00,MARY,t3
08/02/26,ORD-81326,Caesar Salad,Salads,2,12,24.00,8,John,T5
02/08/26,ORD-58157,coffee,Drinks,1,4,4,1.00,,T1
08 Feb 2026,ORD-96302,Caesar Salad,Salads,3,12,36,12,Sarah,
02/08/26,ORD-41114,Caesar  Salad,Salads,3,12,36,€12.00,john,
02/08/2026,ORD-94268,Chicken Wings,Appetizers,3,10,30,12,NA,T2
02/08/2026,ORD-11371,Caesar Salad,Salads,2,12,₺24.00,8,NONE,
08-02-2026,ORD-11856,Chicken Wings,Appetizers,1,10,10,4.00 EUR,John,T1
09 Feb 2026,ORD-26486,French Fries,Sides,2,5,10,"3,00",n/a,t3
09-02-2026,ORD-63624,French Fries,Sides,3,5,15,4.50,Sarah,
09-02-2026,ORD-77041,Coffee,Drinks,3,4,12.00,3,MARY,
09 Feb 2026,ORD-61933,Chicken Wings,Appetizers,2,10,20,8,John,T1
2026-02-09,ORD-11274,Soda,Drinks,3,3,9.00,1.5,john,t3
2026-02-09,ORD-92471,Chicken Wings,Appetizers,2,10,20,8,,NULL
02/09/26,ORD-91924,Margherita Pizza,Pizza,2,15,30,10.00 USD,John,nan
09/02/26,ORD-56749,Soda,Drinks,3,3,9,1.50,sarah,
09/02/26,ORD-73305,French Fries ,Sides,3,5,15,n/a,john,T5
2026-02-09,ORD-39812,Chicken Wings,Appetizers,3,10,30.00,12,null,T1
02/09/2026,ORD-85367,Coffee,Drinks,2,4,8,2,none,T1
09.02.2026,ORD-28330,Chicken Wings,Appetizers,2,10,20.00 EUR,8,John,
09-02-2026,ORD-35570,Tiramisu,Desserts,1,8,8.0%,3.00 USD,Sarah,T5
02/09/26,ORD-28470,Tiramisu,Desserts,2,8,16,6,john,T5
02/09/2026,ORD-11295,Tiramisu,Desserts,3,8,24,9,john,
10/02/26,ORD-65104,French Fries,Sides,1,5,5,1.50,,T2
10/02/26,ORD-49365,French Fries,Sides,3,5,"15,00",4.50,MARY,T5
"Feb 10, 2026",ORD-95126,Soda,Drinks,3,3,9,1.5,sarah,T2
10-02-2026,ORD-89080,Soda,Drinks,2,3,none,1.0,sarah,-
"Feb 10, 2026",ORD-45865,COFFEE,Drinks,2,4,8,2,MARY,t3
10.02.2026,ORD-10965,Beef Burger,Burgers,3,14,42,18,sarah,
"Feb 10, 2026",ORD-54009,Coffee,Drinks,2,4,8.00,2,MARY,t3
2026/02/10,ORD-29289,Beef  Burger,Burgers,2,14,28,12.0%,MARY,T2
02/10/26,ORD-23423,Soda,Drinks,1,3,3,0.5,,T2
"Feb 10, 2026",ORD-38807,Soda,Drinks,3,3,9,1.50,NONE,T1
n/a,ORD-89805,Chicken Wings,Appetizers,3,10,30.0%,12,null,T1
10/02/26,ORD-99080,Caesar  Salad,Salads,3,12,NONE,12,MARY,
"Feb 10, 2026",ORD-72877,Pepperoni  Pizza,Pizza,3,18,54,18.00,Sarah,T1
10/02/2026,ORD-89812,French Fries,Sides,2,5,10.0%,"3,00",john,T1
10/02/26,ORD-25601,Tiramisu,Desserts,1,8,8,3,NULL,t3
02/10/26,ORD-35277,French Fries,Sides,1,5,5,1.5%,MARY,T2
10-02-2026,ORD-62500,French Fries,Sides,1,5,5,1.5,John,t3
2026/02/10,ORD-17205,Margherita Pizza,Pizza,3,15,45,"15,00",none,T2
"Feb 10, 2026",ORD-42672,Bruschetta,Appetizers,3,7,21,7.50,sarah,NA
-,ORD-17485,Chicken Wings,Appetizers,2,10,nan,8,NULL,NA
"Feb 10, 2026",ORD-14338,Margherita Pizza,Pizza,3,15,N/A,15,sarah,t3
NA,ORD-36429,Tiramisu,Desserts,3,8,24,9,Sarah,T5
02/10/26,ORD-64487,Bruschetta,Appetizers,3,7,21,7.5,,t3
10/02/26,ORD-20740,Chicken Wings,Appetizers,3,10,30,12,-,T5
2026-02-10,ORD-99721,french fries,Sides,1,5,5,1.50 EUR,John,T5
"Feb 10, 2026",ORD-57445,French Fries,Sides,2,5,€10.00,3.0,Sarah,T1
2026-02-10,ORD-49769,Beef Burger,Burgers,2,14,€28.00,12,john,
10.02.2026,ORD-19337,Caesar Salad,Salads,2,12,24,8,Sarah,--
10 Feb 2026,ORD-80866,Coffee,Drinks,1,4,4,1,sarah,t3
"Feb 10, 2026",ORD-64718,Bruschetta,Appetizers,2,7,14,5.0,MARY,n/a
"Feb 10, 2026",ORD-43405,Caesar Salad,Salads,2,12,24,8,Sarah,
10/02/2026,ORD-97329,Caesar Salad,Salads,3,12,36,12,sarah,T1
10-02-2026,ORD-98521,French Fries,Sides,2,5,10.00,3.0,MARY,NULL
02/10/26,ORD-10788,Coffee,Drinks,3,4,12,3.0%,Sarah,T5
10/02/2026,ORD-10905,Chicken Wings,Appetizers,2,10,20.0%,8,John,N/A
2026/02/10,ORD-14714,French Fries,Sides,3,5,15.00,4.5,MARY,t3
10 Feb 2026,ORD-55713,  Chicken Wings  ,Appetizers,1,10,10,4,NONE,T2
02/10/26,ORD-27877,Pepperoni Pizza,Pizza,2,18,36,"12,00",Sarah,T1
10/02/2026,ORD-40199,Pepperoni Pizza,Pizza,3,18,54,18,john,T1
2026/02/10,ORD-22577,Soda,Drinks,1,3,3,0.50,sarah,t3
10.02.2026,ORD-69818,soda,Drinks,2,3,6,1.0,nan,none
02/11/26,ORD-99921,Pepperoni Pizza,Pizza,2,18,36,12.00,john,t3
"Feb 11, 2026",ORD-36817,COFFEE,Drinks,3,4,N/A,3,NULL,T2
11/02/2026,ORD-13746,TIRAMISU,Desserts,3,8,24,9,john,T2
02/11/2026,ORD-77323,Pepperoni Pizza,Pizza,3,18,54.00,18,john,T2
02/11/26,ORD-45503,Bruschetta,Appetizers,3,7,21,7.5%,MARY,T2
11.02.2026,ORD-31251,Soda,Drinks,2,3,6,1.0,NONE,T1
11/02/26,ORD-82896,Margherita  Pizza,Pizza,3,15,45,15,,t3
11/02/2026,ORD-62215,Tiramisu,Desserts,3,8,24,9,,T5
11/02/2026,ORD-99273,Pepperoni Pizza,Pizza,2,18,"36,00",12.00 EUR,sarah,n/a
02/11/2026,ORD-89524,PEPPERONI PIZZA,Pizza,1,18,NULL,6,MARY,T1
11-02-2026,ORD-82014,Tiramisu,Desserts,3,8,24,9,John,T1
11/02/26,ORD-51670,Chicken Wings,Appetizers,1,10,10.00,4,John,
null,ORD-20749,Tiramisu,Desserts,3,8,24.00,9,John,
-,ORD-85722,french fries,Sides,1,5,5,£1.50,sarah,T5
02/11/26,ORD-25774,Bruschetta,Appetizers,3,7,21.0%,7.5,--,T1
2026-02-11,ORD-10953,Bruschetta,Appetizers,1,7,7,£2.50,Sarah,
2026/02/11,ORD-67356,Beef Burger,Burgers,3,14,"42,00",NULL,sarah,
"Feb 11, 2026",ORD-24971,Soda,Drinks,3,3,9,1.50 TRY,john,T2
2026/02/11,ORD-67950,Pepperoni Pizza,Pizza,2,18,36.00,12,--,
"Feb 11, 2026",ORD-82271,Margherita Pizza,Pizza,3,15,45,15.00 EUR,John,
"Feb 11, 2026",ORD-41138,Pepperoni Pizza,Pizza,1,18,18,"6,00",--,
02/11/26,ORD-81881,Coffee,Drinks,2,4,8,€2.00,john,none
11/02/26,ORD-35888,Caesar Salad,Salads,2,12,24,8.00,John,T1
11.02.2026,ORD-54713,Margherita Pizza,Pizza,1,15,15,5,John,T5
11-02-2026,ORD-76390,Coffee,Drinks,2,4,8.00 EUR,2,Sarah,
11-02-2026,ORD-98313,Caesar Salad,Salads,1,12,12,4.0%,John,T2
11/02/26,ORD-35700,Chicken Wings,Appetizers,3,10,30,12.00,John,none
02/11/2026,ORD-26605,Soda,Drinks,3,3,₺9.00,1.5,,T1
11.02.2026,ORD-96349,Tiramisu,Desserts,1,8,8,3,NONE,t3
02/11/2026,ORD-11770,bruschetta,Appetizers,1,7,7,2.5,John,T1
11/02/26,ORD-32051,French Fries,Sides,2,5,10,3.0,john,T5
02/11/26,ORD-97934,Soda,Drinks,1,3,3,0.5%,john,T1
11/02/2026,ORD-70953,Coffee,Drinks,3,4,12,null,john,null
"Feb 11, 2026",ORD-20077,Chicken Wings ,Appetizers,3,10,30.00,12.0%,john,-
11.02.2026,ORD-45527,Soda,Drinks,3,3,9,1.5,none,-
2026-02-11,ORD-93753,Pepperoni Pizza,Pizza,3,18,54,18.00,sarah,N/A
"Feb 11, 2026",ORD-45715,margherita pizza,Pizza,3,15,45,"15,00",John,T5
11/02/26,ORD-55448,Pepperoni Pizza,Pizza,3,18,54,18,MARY,
11 Feb 2026,ORD-27469,Bruschetta,Appetizers,2,7,14,5.0,MARY,none
11-02-2026,ORD-28472,Chicken Wings,Appetizers,1,10,10,€4.00,john,
02/11/2026,ORD-95586,Margherita Pizza,Pizza,2,15,30,10,Sarah,T1
02/11/2026,ORD-60047,Margherita Pizza,Pizza,3,15,45,"15,00",,T2
11-02-2026,ORD-22218,Margherita Pizza,Pizza,3,15,45,15.00,,
11.02.2026,ORD-53330,Pepperoni Pizza,Pizza,3,18,54,18,sarah,T2
2026/02/11,ORD-86280,Tiramisu,Desserts,1,8,8,3,sarah,T1
11/02/26,ORD-49832,Tiramisu,Desserts,3,8,24,9,sarah,t3
2026-02-11,ORD-74941,Margherita Pizza,Pizza,3,15,45,15,John,NA
11 Feb 2026,ORD-62062,Margherita Pizza,Pizza,3,15,45.0%,15,John,T5
2026/02/11,ORD-22093,French Fries,Sides,1,5,5.00 EUR,1.5,,t3
02/11/2026,ORD-63577,Margherita Pizza,Pizza,1,15,15.00 EUR,5,john,T5
12 Feb 2026,ORD-78330,Pepperoni Pizza,Pizza,2,18,36,12,NONE,T2
"Feb 12, 2026",ORD-83844,Beef Burger,Burgers,3,14,42.00,"18,00",sarah,T5
02/12/2026,ORD-80871,tiramisu,Desserts,2,8,16,6,Sarah,t3
12.02.2026,ORD-24912,Caesar Salad,Salads,2,12,24.00,8,Sarah,
12/02/26,ORD-51114,Pepperoni Pizza,Pizza,2,18,36,12.00,sarah,t3
12/02/26,ORD-96976,Tiramisu,Desserts,2,8,16,6,,t3
12.02.2026,ORD-82726,Margherita Pizza,Pizza,2,15,30,10,john,NONE
null,ORD-41525,Margherita Pizza,Pizza,2,15,30,10.00,MARY,
02/12/2026,ORD-99567,Pepperoni Pizza,Pizza,2,18,36.00,12,john,t3
02/12/26,ORD-15323,Tiramisu,Desserts,1,8,8,3,John,
12-02-2026,ORD-31057,Bruschetta,Appetizers,3,7,21.00,7.5,MARY,
02/12/26,ORD-62536,Chicken Wings,Appetizers,1,10,10.00,4,john,T5
12.02.2026,ORD-50518,Pepperoni Pizza,Pizza,2,18,"36,00",12,NA,t3
12.02.2026,ORD-35979,Beef Burger ,Burgers,2,14,28,12,Sarah,T5
12-02-2026,ORD-87611,Pepperoni  Pizza,Pizza,1,18,18,6,Sarah,null
2026-02-12,ORD-35041,Margherita Pizza,Pizza,3,15,$45.00,15,MARY,t3
02/12/2026,ORD-35162,Caesar Salad,Salads,1,12,12,4,John,NA
02/12/2026,ORD-10194,Tiramisu,Desserts,1,8,"8,00","3,00",John,n/a
12/02/2026,ORD-60555,TIRAMISU,Desserts,1,8,8.00,3,john,T5
2026-02-12,ORD-26791,Bruschetta,Appetizers,2,7,14,5.00 TRY,Sarah,t3
12-02-2026,ORD-11875,French Fries,Sides,2,5,10,3.0%,MARY,NA
12 Feb 2026,ORD-59972,Beef Burger,Burgers,2,14,28,12.00,Sarah,N/A
12.02.2026,ORD-62866,Pepperoni Pizza,Pizza,1,18,18,6.00,sarah,T1
02/12/2026,ORD-62214,Chicken Wings,Appetizers,2,10,20,8.00,MARY,T5
,ORD-13713,Pepperoni Pizza,Pizza,2,18,36.00 TRY,12,NA,t3
12.02.2026,ORD-80184,Beef Burger,Burgers,1,14,14,6,John,T5
12.02.2026,ORD-89391,Tiramisu,Desserts,1,8,8,"3,00",sarah,nan
12.02.2026,ORD-85294,Coffee,Drinks,2,4,8,€2.00,sarah,T2
"Feb 12, 2026",ORD-64175,Pepperoni Pizza,Pizza,3,18,54,18,,T2
2026-02-12,ORD-45604,Bruschetta,Appetizers,1,7,7,2.50,NA,t3
n/a,ORD-48105,French Fries,Sides,3,5,15,4.5,john,NULL
2026-02-12,ORD-44876,Tiramisu,Desserts,3,8,24,9,,T2
02/12/26,ORD-62513,Tiramisu,Desserts,3,8,24,9.00 USD,MARY,
"Feb 12, 2026",ORD-26599,Caesar Salad,Salads,3,12,36,12,John,T2
12 Feb 2026,ORD-20486,Caesar Salad,Salads,3,12,36,12,-,T2
02/12/26,ORD-24541,Caesar Salad,Salads,2,12,"24,00",8.0%,john,T5
2026-02-12,ORD-55533,Caesar Salad,Salads,2,12,24,8,MARY,
02/12/2026,ORD-60199,Coffee,Drinks,3,4,12,3,John,t3
02/12/26,ORD-53541,Beef Burger,Burgers,3,14,42.00,18.0%,NONE,T1
12/02/2026,ORD-65569,Caesar Salad,Salads,1,12,12.00,4,Sarah,
12 Feb 2026,ORD-52259,Caesar Salad,Salads,1,12,12,4,John,t3
12.02.2026,ORD-43922,Beef Burger,Burgers,2,14,28.00 TRY,12.00,nan,T1
12/02/26,ORD-26357,Beef Burger,Burgers,1,14,14,6,,T5
02/12/26,ORD-57049,Bruschetta,Appetizers,2,7,14,5.0,MARY,
13/02/26,ORD-26099,Margherita Pizza,Pizza,1,15,15.00,5,,t3
13 Feb 2026,ORD-81652,coffee,Drinks,3,4,12,3,john,
"Feb 13, 2026",ORD-88352,Beef Burger,Burgers,1,14,"14,00",6,MARY,T5
13 Feb 2026,ORD-78267,Chicken Wings,Appetizers,2,10,20.00 USD,"8,00",John,
13 Feb 2026,ORD-48653,Caesar Salad,Salads,2,12,24.00,₺8.00,john,-
"Feb 13, 2026",ORD-80249,Bruschetta,Appetizers,1,7,7,€2.50,NA,T2
13/02/26,ORD-59245,Caesar Salad,Salads,1,12,12.00 USD,4.00,-,T2
2026-02-13,ORD-15502,French Fries,Sides,2,5,10.00,-,,T1
2026/02/13,ORD-39405,Tiramisu,Desserts,3,8,24,9.0%,MARY,t3
02/13/26,ORD-30309,Soda,Drinks,2,3,6,"1,00",NULL,
N/A,ORD-26427,Coffee,Drinks,2,4,8.00,2,John,
02/13/2026,ORD-34439,bruschetta,Appetizers,3,7,"21,00",7.50 USD,MARY,t3
13 Feb 2026,ORD-79762,French Fries,Sides,3,5,15,"4,50",john,T2
02/13/26,ORD-63298,Caesar Salad,Salads,3,12,36,12,sarah,N/A
13.02.2026,ORD-10967,Tiramisu,Desserts,3,8,"24,00",9.00,Sarah,T5
13 Feb 2026,ORD-71611,Coffee,Drinks,1,4,4,1,MARY,T2
13.02.2026,ORD-72253,Soda,Drinks,1,3,3,0.5,,T1
02/13/2026,ORD-26239,Tiramisu,Desserts,1,8,₺8.00,3,sarah,
nan,ORD-25834,Pepperoni Pizza,Pizza,2,18,36,12,,t3
02/13/26,ORD-60761,Margherita Pizza,Pizza,3,15,45,15,Sarah,T1
13.02.2026,ORD-65255,Coffee,Drinks,3,4,12,₺3.00,MARY,nan
"Feb 13, 2026",ORD-20389,Beef Burger,Burgers,1,14,14,6.00,NONE,T2
13 Feb 2026,ORD-30415,Chicken Wings,Appetizers,2,10,$20.00,8,,
13.02.2026,ORD-43915,TIRAMISU,Desserts,3,8,"24,00",9,none,
13/02/2026,ORD-86709,Beef Burger,Burgers,3,14,£42.00,18,,T2
13/02/26,ORD-89089,beef burger,Burgers,1,14,14.00,6.00,none,T2
13-02-2026,ORD-59273,Chicken Wings,Appetizers,2,10,20,8.0%,john,T2
2026-02-13,ORD-36771,Coffee,Drinks,1,4,4,1,-,T1
null,ORD-97883,Caesar Salad,Salads,3,12,€36.00,12.00,sarah,NA
13/02/2026,ORD-35615,Beef Burger,Burgers,3,14,42,18.0%,john,T2
13 Feb 2026,ORD-90410,Caesar Salad,Salads,2,12,24,"8,00",John,N/A
2026/02/13,ORD-77192,Soda ,Drinks,1,3,3,0.5,MARY,T2
13/02/26,ORD-62423,Pepperoni Pizza,Pizza,2,18,36,12,N/A,NONE
13 Feb 2026,ORD-45015,Chicken Wings,Appetizers,2,10,20,8.00,sarah,T2
13/02/2026,ORD-90383,Pepperoni Pizza,Pizza,2,18,36,12,sarah,
2026-02-13,ORD-87972,French Fries,Sides,1,5,5,1.5,MARY,T2
13/02/2026,ORD-53222,Caesar Salad,Salads,2,12,24,8,,T2
13 Feb 2026,ORD-15694,Bruschetta,Appetizers,2,7,14,5.0,sarah,T1
13.02.2026,ORD-17833,Margherita Pizza,Pizza,1,15,15,5,N/A,T5
13-02-2026,ORD-96580,Chicken Wings,Appetizers,1,10,10,4,Sarah,
2026-02-13,ORD-16195,Pepperoni Pizza,Pizza,1,18,18,6,MARY,NONE
02/13/2026,ORD-83155,Soda,Drinks,3,3,9,1.5,Sarah,T1
2026-02-13,ORD-94354,Coffee,Drinks,1,4,4.00 EUR,"1,00",Sarah,T2
02/13/26,ORD-20781,chicken wings,Appetizers,3,10,30,12,john,T1
2026-02-13,ORD-59456,Bruschetta,Appetizers,3,7,21.00,7.5,,T5
"Feb 13, 2026",ORD-66833,Chicken Wings,Appetizers,2,10,20,NA,john,T1
13/02/2026,ORD-15466,Bruschetta,Appetizers,1,7,7,2.50,john,
"Feb 13, 2026",ORD-99301,Tiramisu,Desserts,1,8,8,3,N/A,none
2026-02-13,ORD-51972,Margherita Pizza,Pizza,2,15,30,10,N/A,t3
13-02-2026,ORD-11361,Pepperoni Pizza,Pizza,1,18,18,6.00 TRY,nan,
NA,ORD-77226,Tiramisu,Desserts,3,8,24,9,MARY,
13/02/26,ORD-38617,Chicken Wings,Appetizers,2,10,"20,00",8,john,T5
13/02/2026,ORD-47823,Caesar  Salad,Salads,1,12,12,4,john,
"Feb 13, 2026",ORD-53347,Pepperoni Pizza,Pizza,1,18,18,6.00,,T1
2026-02-13,ORD-95871,Beef Burger,Burgers,1,14,14.00 TRY,6.0%,sarah,T1
2026/02/13,ORD-45844,Pepperoni Pizza,Pizza,2,18,36,12,MARY,t3
13/02/2026,ORD-22536,  Pepperoni Pizza  ,Pizza,3,18,54.00,18,nan,t3
"Feb 13, 2026",ORD-53253,Coffee,Drinks,2,4,8.00 EUR,₺2.00,john,T5
"Feb 13, 2026",ORD-86563,Bruschetta,Appetizers,2,7,14.00,5.00,sarah,T5
NULL,ORD-93495,Margherita Pizza,Pizza,3,15,45,"15,00",Sarah,T5
02/13/26,ORD-50429,Coffee,Drinks,3,4,12.00 EUR,3.00,,T2
"Feb 13, 2026",ORD-89131,Pepperoni Pizza,Pizza,2,18,36.0%,12.00,sarah,t3
02/13/26,ORD-29147,Tiramisu,Desserts,3,8,NA,9.00,John,t3
02/14/2026,ORD-62901,Soda,Drinks,3,3,9,1.5,sarah,t3
14/02/2026,ORD-38896,Beef Burger,Burgers,1,14,14,6,john,-
"Feb 14, 2026",ORD-23513,Tiramisu,Desserts,3,8,24,9,,t3
2026/02/14,ORD-29556,Beef Burger,Burgers,2,14,€28.00,12.00,none,T5
2026/02/14,ORD-77932,French Fries,Sides,2,5,10,3.0,john,t3
14/02/2026,ORD-82999,Chicken Wings,Appetizers,1,10,10,4,NA,T2
02/14/26,ORD-26626,Beef Burger,Burgers,3,14,$42.00,"18,00",john,T2
14/02/26,ORD-20929,Beef Burger,Burgers,3,14,42,18,Sarah,T1
2026/02/14,ORD-24992,Margherita Pizza,Pizza,3,15,45,15,sarah,t3
14.02.2026,ORD-31379,French Fries,Sides,3,5,15,4.5,Sarah,T2
2026-02-14,ORD-79467,Tiramisu,Desserts,3,8,24,9.00,John,T5
,ORD-30604,French Fries,Sides,2,5,10,3.00 EUR,John,T2
02/14/26,ORD-82901,  Pepperoni Pizza  ,Pizza,3,18,54,"18,00",John,
2026-02-14,ORD-76296,Tiramisu,Desserts,2,8,16.00,6,sarah,T2
14.02.2026,ORD-29495,Coffee,Drinks,3,4,12.0%,3,,
14/02/2026,ORD-22713,Coffee,Drinks,2,4,8,2.0%,,
14/02/26,ORD-95306,French Fries,Sides,2,5,10,3.0,MARY,
14 Feb 2026,ORD-88203,Coffee,Drinks,1,4,4,1.00 EUR,--,T1
2026-02-14,ORD-24622,Soda,Drinks,3,3,9,1.5,sarah,T2
02/14/2026,ORD-61045,Chicken Wings,Appetizers,3,10,30,12,John,t3
02/14/2026,ORD-42704,margherita pizza,Pizza,2,15,30,10,Sarah,T2
14-02-2026,ORD-30615,Bruschetta,Appetizers,2,7,14,5.0,null,t3
14/02/2026,ORD-60110,Tiramisu,Desserts,1,8,8,3,MARY,t3
14-02-2026,ORD-98224,Margherita Pizza,Pizza,3,15,45,15.00 USD,Sarah,T1
2026/02/14,ORD-26452,French Fries,Sides,2,5,10,3.0,john,
14.02.2026,ORD-37859,French Fries,Sides,1,5,€5.00,1.5,--,T1
14/02/26,ORD-82399,Tiramisu,Desserts,1,8,8,3,,T1
02/14/2026,ORD-43127,Margherita Pizza,Pizza,1,15,15,5,john,T2
2026-02-14,ORD-44204,Caesar Salad,Salads,3,12,36,12,MARY,
2026/02/14,ORD-86472,Tiramisu,Desserts,3,8,24.0%,9.00,Sarah,T2
"Feb 14, 2026",ORD-47271,Beef Burger,Burgers,3,14,42.00,18.00,John,t3
02/14/26,ORD-64849,Tiramisu,Desserts,1,8,8,3.00,Sarah,
02/14/26,ORD-95161,Pepperoni Pizza,Pizza,3,18,54,18,John,T1
2026/02/14,ORD-36938,Tiramisu,Desserts,1,8,8,3.00 TRY,john,T5
"Feb 14, 2026",ORD-38312,Tiramisu,Desserts,2,8,16,£6.00,John,T5
-,ORD-99741,Chicken Wings,Appetizers,3,10,30,12.00,NONE,T5
02/14/26,ORD-73375,Coffee,Drinks,1,4,4,"1,00",MARY,T1
14/02/26,ORD-31842,Tiramisu,Desserts,2,8,16,6,Sarah,
14.02.2026,ORD-90083,Bruschetta,Appetizers,3,7,21.00,7.5,MARY,T1
-,ORD-36143,Bruschetta,Appetizers,1,7,7.00,$2.50,john,-
02/14/2026,ORD-47537,Beef Burger,Burgers,2,14,28,12,MARY,T5
14 Feb 2026,ORD-46546,Chicken Wings,Appetizers,1,10,10,4,sarah,n/a
14/02/26,ORD-83017,Soda,Drinks,2,3,6.00,1.0,John,T5
2026/02/14,ORD-44543,Chicken Wings,Appetizers,1,10,10,4,NULL,T2
14/02/2026,ORD-19263,Soda,Drinks,1,3,3,0.5,John,T2
14.02.2026,ORD-20201,Pepperoni Pizza,Pizza,2,18,36,12,--,T5
02/14/26,ORD-84815,Coffee,Drinks,3,4,12,3,sarah,nan
14 Feb 2026,ORD-23669,Chicken Wings,Appetizers,1,10,10,4,NULL,t3
14.02.2026,ORD-73600,French Fries,Sides,2,5,10,3.0,MARY,T5
14 Feb 2026,ORD-56640,soda,Drinks,3,3,9.00 TRY,-,Sarah,t3
"Feb 14, 2026",ORD-44317,Tiramisu,Desserts,1,8,8,3,,T1
14-02-2026,ORD-44592,Tiramisu,Desserts,2,8,"16,00",6,Sarah,T5
"Feb 14, 2026",ORD-40921,Margherita Pizza,Pizza,1,15,15,5.00,Sarah,t3
14/02/26,ORD-40568,Chicken Wings,Appetizers,1,10,10,4,sarah,T5
"Feb 14, 2026",ORD-10941,Tiramisu,Desserts,3,8,24,9,,
2026/02/14,ORD-38076,  Soda  ,Drinks,1,3,3,0.5,John,
"Feb 14, 2026",ORD-57649,Caesar Salad,Salads,2,12,24.00,8,sarah,t3
02/14/26,ORD-31787,Margherita Pizza,Pizza,3,15,45.0%,15,John,T1
14.02.2026,ORD-55877,Coffee,Drinks,1,4,-,"1,00",,none
14/02/2026,ORD-74034,Bruschetta,Appetizers,1,7,NULL,2.5,none,null
2026/02/14,ORD-84379,Margherita Pizza,Pizza,1,15,15,5,sarah,T5
02/14/26,ORD-47285,Beef Burger,Burgers,3,14,42,18.00 EUR,sarah,
14/02/26,ORD-87938,Beef Burger,Burgers,1,14,14,6,n/a,T5
02/14/26,ORD-28647,Margherita Pizza,Pizza,3,15,45,15.0%,MARY,t3
02/14/2026,ORD-55670,Margherita Pizza,Pizza,1,15,15.00,5,sarah,
null,ORD-11433,French Fries,Sides,3,5,15.00,4.5,Sarah,
02/14/26,ORD-11644,Caesar Salad ,Salads,1,12,12,4,none,
02/14/2026,ORD-67342,Tiramisu,Desserts,1,8,$8.00,3.00,,N/A
"Feb 14, 2026",ORD-50668,Chicken Wings,Appetizers,1,10,10,4,,T2
02/14/26,ORD-91232,Bruschetta,Appetizers,2,7,14,5.0,john,
2026-02-14,ORD-45537,Bruschetta,Appetizers,1,7,7,2.5,John,T2
2026/02/14,ORD-82179,Tiramisu,Desserts,3,8,24,£9.00,MARY,t3
02/14/26,ORD-76540,Margherita Pizza,Pizza,3,15,45,15.0%,--,T1
2026-02-14,ORD-79884,Coffee,Drinks,3,4,12,3.00 EUR,john,T2
14/02/2026,ORD-16046,Caesar Salad,Salads,1,12,€12.00,4.0%,,T2
02/14/2026,ORD-35896,  Chicken Wings  ,Appetizers,2,10,20,8.0%,,t3
14/02/2026,ORD-33990,French Fries,Sides,3,5,15,4.5,John,
14-02-2026,ORD-95685,Tiramisu,Desserts,2,8,16.00 TRY,6,MARY,
14/02/2026,ORD-87080,Soda,Drinks,1,3,3,0.5,MARY,n/a
02/14/26,ORD-28960,Soda,Drinks,1,3,3.00,0.50,Sarah,--
02/14/2026,ORD-57448,Chicken Wings ,Appetizers,3,10,30,12.00,,
14/02/26,ORD-65034,Soda,Drinks,3,3,"9,00",1.5,--,n/a
02/14/26,ORD-29842,Bruschetta,Appetizers,1,7,7,2.5,N/A,
2026/02/14,ORD-11420,French Fries,Sides,3,5,15,4.5,,
"Feb 14, 2026",ORD-81879,Coffee,Drinks,1,4,4.00,1,MARY,t3
14/02/2026,ORD-27343,Caesar Salad,Salads,1,12,12,4,John,t3
14-02-2026,ORD-40897,French Fries,Sides,1,5,5.0%,1.5,john,T1
2026/02/14,ORD-44150,Tiramisu,Desserts,1,8,8.00,3,--,N/A
02/14/2026,ORD-36506,Margherita Pizza,Pizza,3,15,45,15,Sarah,n/a
2026-02-14,ORD-66050,Pepperoni Pizza,Pizza,1,18,18.00 TRY,none,,T5
none,ORD-66879,Beef Burger,Burgers,1,14,14.00,6,John,NULL
15 Feb 2026,ORD-41967,Beef Burger,Burgers,2,14,28,12,MARY,T1
15/02/2026,ORD-18691,Margherita Pizza,Pizza,3,15,45.00 USD,15,MARY,T1
2026-02-15,ORD-81968,Bruschetta,Appetizers,3,7,21,7.5,,T5
15-02-2026,ORD-56361,Soda,Drinks,2,3,6,1.0,sarah,T1
15/02/2026,ORD-54835,Pepperoni Pizza,Pizza,2,18,36.00,12,MARY,T1
"Feb 15, 2026",ORD-26556,Chicken Wings,Appetizers,1,10,10,4,MARY,T1
"Feb 15, 2026",ORD-15462,Margherita Pizza,Pizza,3,15,45,15,,n/a
"Feb 15, 2026",ORD-22152,Pepperoni Pizza,Pizza,3,18,54.00,nan,,T1
"Feb 15, 2026",ORD-73598,Bruschetta,Appetizers,3,7,21.00,7.5,john,t3
15.02.2026,ORD-34178,French Fries,Sides,1,5,5.00,1.50,Sarah,T1
2026-02-15,ORD-32534,Tiramisu,Desserts,3,8,"24,00",9,John,T2
15-02-2026,ORD-78594,French Fries,Sides,2,5,10,3.0,Sarah,T5
15.02.2026,ORD-39847,Coffee,Drinks,3,4,12.00,3,sarah,t3
2026/02/15,ORD-77178,French Fries,Sides,2,5,10,"3,00",sarah,t3
2026/02/15,ORD-56399,Coffee,Drinks,2,4,8.00,2.00,MARY,
nan,ORD-82616,  French Fries  ,Sides,2,5,10,3.00,john,T2
15.02.2026,ORD-49749,Coffee,Drinks,2,4,€8.00,2.00 USD,john,
02/15/2026,ORD-30359,Margherita Pizza,Pizza,2,15,,10.00 USD,John,t3
2026/02/15,ORD-50396,Bruschetta,Appetizers,2,7,14,5.0,sarah,t3
null,ORD-50462,Coffee,Drinks,3,4,£12.00,3,sarah,
15 Feb 2026,ORD-82839,Soda,Drinks,2,3,"6,00",1.0,MARY,nan
2026/02/15,ORD-43813,Chicken Wings,Appetizers,2,10,"20,00",8,MARY,T2
15 Feb 2026,ORD-62332,Beef Burger,Burgers,2,14,28,12,NULL,T2
2026/02/15,ORD-74630,Chicken Wings ,Appetizers,2,10,20.00,8,sarah,NA
02/15/26,ORD-95905,Caesar Salad,Salads,2,12,24.00,8,john,T5
15.02.2026,ORD-99645,Bruschetta,Appetizers,1,7,NONE,2.5,sarah,T5
02/15/26,ORD-11581,Soda,Drinks,3,3,9.0%,"1,50",john,T1
none,ORD-41753,Chicken Wings,Appetizers,3,10,30,12,john,T1
15.02.2026,ORD-45119,Coffee,Drinks,3,4,12.00 TRY,3,MARY,T5
15 Feb 2026,ORD-91017,Beef Burger ,Burgers,3,14,42,18,MARY,T1
2026/02/15,ORD-14504,Soda,Drinks,1,3,3,0.5,john,T5
15.02.2026,ORD-97694,Beef Burger,Burgers,1,14,₺14.00,"6,00",John,NONE
2026/02/15,ORD-48471,Margherita Pizza,Pizza,2,15,30,10.00,MARY,
15.02.2026,ORD-30202,Caesar Salad,Salads,3,12,36.00,12.00,MARY,T2
15/02/2026,ORD-20970,French Fries,Sides,1,5,5.00,1.5,Sarah,T5
15/02/26,ORD-55183,Coffee,Drinks,3,4,12,3.00,john,T5
02/15/2026,ORD-21577,Bruschetta,Appetizers,1,7,7.00 TRY,2.5,john,T2
15.02.2026,ORD-94719,Tiramisu,Desserts,1,8,8,3,Sarah,NA
2026/02/15,ORD-25726,soda,Drinks,2,3,6,1.00,-,T1
15.02.2026,ORD-83759,Beef Burger ,Burgers,2,14,28.00,12.00,MARY,T5
15-02-2026,ORD-89034,beef burger,Burgers,2,14,28.0%,12,John,
02/15/2026,ORD-61767,Chicken Wings,Appetizers,3,10,30.00,12,MARY,T1
02/16/26,ORD-76200,  French Fries  ,Sides,1,5,5,1.5,,t3
"Feb 16, 2026",ORD-77709,coffee,Drinks,2,4,8,2,MARY,
"Feb 16, 2026",ORD-47737,Caesar Salad,Salads,1,12,12,"4,00",John,
02/16/2026,ORD-35232,Tiramisu,Desserts,3,8,24,9,Sarah,
2026-02-16,ORD-41277,Soda,Drinks,3,3,9,1.5,Sarah,T5
02/16/26,ORD-52937,Bruschetta,Appetizers,2,7,-,5.0,,T1
02/16/26,ORD-37237,Tiramisu,Desserts,3,8,24.0%,9,,T2
"Feb 16, 2026",ORD-64328,Chicken Wings,Appetizers,2,10,20,8,sarah,
2026-02-16,ORD-10824,Tiramisu,Desserts,1,8,8,3,sarah,t3
02/16/2026,ORD-43757,Tiramisu,Desserts,1,8,8.00,3,Sarah,T2
"Feb 16, 2026",ORD-26351,Tiramisu,Desserts,3,8,24,9,john,
02/16/2026,ORD-47866,Beef Burger,Burgers,2,14,28,12.00,Sarah,
16/02/2026,ORD-39673,Bruschetta,Appetizers,3,7,"21,00",7.5%,john,T2
02/16/26,ORD-25762,Tiramisu,Desserts,3,8,24.00 EUR,9,,T2
16.02.2026,ORD-70677,Caesar Salad,Salads,1,12,12,4,null,T1
02/16/26,ORD-24003,French Fries,Sides,1,5,5.00,NA,sarah,T5
02/16/2026,ORD-82345,Tiramisu,Desserts,2,8,16.0%,6,John,-
02/16/2026,ORD-17328,PEPPERONI PIZZA,Pizza,2,18,36,12,john,T1
2026-02-16,ORD-25715,Soda ,Drinks,1,3,3,0.50,,T1
,ORD-65611,Coffee,Drinks,2,4,8,2,sarah,null
16/02/2026,ORD-41458,Tiramisu,Desserts,1,8,8,3,John,T2
16/02/26,ORD-25930,Bruschetta,Appetizers,1,7,7,2.5,Sarah,T2
02/16/26,ORD-58755,Coffee,Drinks,3,4,€12.00,3,Sarah,
02/16/2026,ORD-24745,Chicken Wings,Appetizers,1,10,10,4.00,MARY,T5
16-02-2026,ORD-86394,Margherita  Pizza,Pizza,2,15,30,10,,T5
02/16/2026,ORD-80104,french fries,Sides,1,5,5,1.50 EUR,nan,
02/16/2026,ORD-28695,Tiramisu,Desserts,2,8,NONE,6.00,john,t3
16 Feb 2026,ORD-60210,Coffee,Drinks,3,4,12,3.0%,MARY,
2026/02/16,ORD-32440,Margherita Pizza,Pizza,3,15,"45,00",15,sarah,t3
16/02/2026,ORD-42812,Coffee,Drinks,3,4,12.00,3,,T2
16-02-2026,ORD-32413,Coffee,Drinks,3,4,nan,3.00,john,t3
16 Feb 2026,ORD-65857,  Pepperoni Pizza  ,Pizza,1,18,18.00 EUR,6,none,
16/02/2026,ORD-65217,Bruschetta,Appetizers,3,7,21,7.5,,T2
16 Feb 2026,ORD-76012,Beef Burger,Burgers,3,14,42.00,18,sarah,T2
"Feb 16, 2026",ORD-56866,Tiramisu,Desserts,1,8,8,3,John,T1
16-02-2026,ORD-80939,Coffee,Drinks,2,4,8,2,John,
"Feb 16, 2026",ORD-11231,Margherita Pizza,Pizza,3,15,45,15.0%,n/a,NONE
N/A,ORD-83696,Chicken Wings,Appetizers,2,10,20,8,john,T5
16/02/26,ORD-28524,Tiramisu ,Desserts,3,8,24,9,Sarah,t3
2026/02/16,ORD-79138,Pepperoni Pizza,Pizza,2,18,36,12,MARY,n/a
"Feb 16, 2026",ORD-53369,Bruschetta,Appetizers,1,7,7,N/A,Sarah,T1
"Feb 16, 2026",ORD-90856,French Fries,Sides,1,5,5,1.5,john,-
16/02/2026,ORD-79629,Caesar Salad,Salads,1,12,12.0%,"4,00",sarah,T2
"Feb 16, 2026",ORD-63808,French Fries,Sides,3,5,15.00 USD,4.5%,,T1
2026/02/16,ORD-98952,Margherita Pizza,Pizza,1,15,15,5,john,
16 Feb 2026,ORD-16546,Pepperoni Pizza,Pizza,1,18,18,6,MARY,T5
2026/02/16,ORD-74827,Beef Burger,Burgers,3,14,42.00,18,Sarah,
16/02/26,ORD-40170,Margherita Pizza ,Pizza,1,15,£15.00,5.0%,MARY,
null,ORD-90438,Pepperoni  Pizza,Pizza,2,18,36.00,12.0%,,T1
17/02/26,ORD-93582,Bruschetta,Appetizers,1,7,7,2.5%,john,T1
2026-02-17,ORD-33552,Margherita Pizza,Pizza,1,15,15,5,MARY,T5
17.02.2026,ORD-83477,Soda,Drinks,1,3,₺3.00,0.5,john,t3
17/02/26,ORD-98642,Soda,Drinks,3,3,9.00,1.50,john,T1
17/02/2026,ORD-84135,Pepperoni Pizza,Pizza,3,18,54,18.00,john,T1
"Feb 17, 2026",ORD-20698,Chicken Wings,Appetizers,2,10,20,8,Sarah,t3
17/02/2026,ORD-42152,Chicken Wings,Appetizers,1,10,10,4,john,T5
17.02.2026,ORD-49246,Pepperoni Pizza,Pizza,3,18,54,18,sarah,t3
17/02/2026,ORD-43084,Pepperoni Pizza,Pizza,2,18,36,12,Sarah,T5
NULL,ORD-90680,Caesar Salad,Salads,3,12,36,,n/a,none
N/A,ORD-92739,French Fries,Sides,2,5,10,3.0,John,none
2026-02-17,ORD-71198,French Fries,Sides,1,5,5,1.5,nan,T2
17-02-2026,ORD-22898,Bruschetta,Appetizers,1,7,7,2.50,john,t3
2026/02/17,ORD-82855,Coffee,Drinks,3,4,12,3,john,t3
,ORD-59894,Coffee,Drinks,3,4,12,3,,t3
none,ORD-48936,Bruschetta,Appetizers,3,7,21,7.5,John,T5
17/02/2026,ORD-81559,Pepperoni Pizza,Pizza,1,18,18,6.00,John,none
17/02/26,ORD-18048,beef burger,Burgers,2,14,28,12.00,MARY,
17.02.2026,ORD-89878,Beef Burger,Burgers,1,14,14,6,null,T5
17/02/2026,ORD-69954,Coffee,Drinks,2,4,8.00,2,MARY,T5
17/02/26,ORD-94646,Margherita Pizza,Pizza,1,15,15,5,john,T1
02/17/2026,ORD-38314,chicken wings,Appetizers,3,10,30,12.0%,john,
"Feb 17, 2026",ORD-15796,Bruschetta,Appetizers,2,7,14,5.0,MARY,
2026/02/17,ORD-78616,Margherita Pizza,Pizza,3,15,45,15.00,John,T5
"Feb 17, 2026",ORD-49007,Coffee,Drinks,3,4,12,3,john,T1
17/02/26,ORD-67360,Caesar Salad,Salads,3,12,36.00,12,,t3
2026-02-17,ORD-29505,Coffee,Drinks,1,4,4,1,,T2
18.02.2026,ORD-34008,French Fries,Sides,1,5,5,1.50,N/A,nan
18 Feb 2026,ORD-11509,French Fries,Sides,3,5,15.00,4.5,NULL,t3
18-02-2026,ORD-36288,Tiramisu,Desserts,2,8,16,6.00 TRY,Sarah,nan
2026/02/18,ORD-83379,soda,Drinks,2,3,"6,00",1.0,-,
2026-02-18,ORD-76153,Pepperoni Pizza,Pizza,3,18,54,18.00,Sarah,NA
18/02/26,ORD-99064,FRENCH FRIES,Sides,2,5,10,"3,00",MARY,T5
18-02-2026,ORD-58767,Coffee,Drinks,2,4,8,2.00,,T2
2026/02/18,ORD-22637,Bruschetta,Appetizers,1,7,7,2.50,john,T5
2026-02-18,ORD-14680,French Fries,Sides,3,5,15,4.5,Sarah,nan
18 Feb 2026,ORD-50194,Tiramisu,Desserts,2,8,16,,NONE,T5
18-02-2026,ORD-40988,French Fries,Sides,3,5,15.00,4.5,null,
18/02/26,ORD-50783,Bruschetta,Appetizers,3,7,21,7.5,john,t3
02/18/2026,ORD-18100,PEPPERONI PIZZA,Pizza,2,18,36,12,MARY,nan
18.02.2026,ORD-93208,Soda,Drinks,3,3,9.00,1.5,N/A,null
18.02.2026,ORD-15195,French Fries,Sides,2,5,10,3.00,,T2
18/02/26,ORD-82510,French Fries,Sides,1,5,5,"1,50",John,T1
2026-02-18,ORD-29897,Tiramisu,Desserts,1,8,8,3.0%,John,T1
2026/02/18,ORD-29244,Bruschetta,Appetizers,1,7,€7.00,2.5,MARY,T1
02/18/26,ORD-97525,Chicken Wings,Appetizers,3,10,30.00 USD,12,Sarah,N/A
18-02-2026,ORD-68751,Caesar Salad,Salads,3,12,36,12,John,T5
18/02/2026,ORD-68647,Chicken Wings,Appetizers,3,10,30.00,12,John,T1
02/18/2026,ORD-35903,  Pepperoni Pizza  ,Pizza,2,18,36,12,john,
18/02/2026,ORD-58372,Margherita Pizza,Pizza,2,15,30.00 EUR,10,MARY,t3
18/02/26,ORD-22782,Caesar Salad,Salads,3,12,"36,00",12.00 USD,--,T1
18 Feb 2026,ORD-17694,French Fries,Sides,3,5,15,null,N/A,--
02/18/2026,ORD-72659,  Soda  ,Drinks,2,3,6.0%,1.0,n/a,NONE
02/18/26,ORD-65358,Caesar Salad,Salads,2,12,24,8.00 USD,sarah,t3
19/02/26,ORD-15334,PEPPERONI PIZZA,Pizza,2,18,36,12.0%,MARY,
2026-02-19,ORD-55071,French Fries,Sides,2,5,10.00,NULL,sarah,T5
"Feb 19, 2026",ORD-72134,French Fries,Sides,3,5,15,4.50,NA,T5
19.02.2026,ORD-15044,Tiramisu,Desserts,3,8,24,9,,t3
2026-02-19,ORD-76869,Bruschetta,Appetizers,1,7,7,2.5,john,T5
"Feb 19, 2026",ORD-18484,Pepperoni Pizza,Pizza,3,18,54.00,18.00,NULL,T1
2026/02/19,ORD-67109,Bruschetta,Appetizers,3,7,21,7.5,MARY,
2026-02-19,ORD-57935,Beef Burger,Burgers,2,14,28,12,john,T2
19 Feb 2026,ORD-63238,beef burger,Burgers,2,14,28.00,12,John,t3
02/19/2026,ORD-62679,French Fries,Sides,1,5,5,1.50,,T2
19 Feb 2026,ORD-32429,Tiramisu,Desserts,2,8,16,6.0%,sarah,T2
02/19/2026,ORD-22508,Soda,Drinks,1,3,3,--,MARY,T5
2026/02/19,ORD-25385,Margherita Pizza,Pizza,2,15,30.00,"10,00",john,
02/19/26,ORD-32970,Pepperoni Pizza,Pizza,2,18,36,12,nan,t3
19/02/26,ORD-59612,Caesar Salad,Salads,3,12,36.00 EUR,12,John,T5
2026/02/19,ORD-29531,Soda,Drinks,2,3,6,1.00,none,T2
2026-02-19,ORD-23440,Soda,Drinks,1,3,3,0.50,MARY,T2
02/19/26,ORD-71234,  Beef Burger  ,Burgers,1,14,14,6,nan,T1
02/19/2026,ORD-78250,Tiramisu,Desserts,2,8,16,6,john,T2
19/02/2026,ORD-23960,French Fries,Sides,3,5,15,4.5,,T1
19-02-2026,ORD-79388,French Fries,Sides,1,5,5,,MARY,
19 Feb 2026,ORD-73703,Coffee,Drinks,3,4,12.00 EUR,3,John,T1
19/02/26,ORD-17065,Beef Burger,Burgers,2,14,28,12,john,T2
02/19/2026,ORD-46086,coffee,Drinks,2,4,8,2,Sarah,n/a
19-02-2026,ORD-44780,Pepperoni Pizza,Pizza,1,18,18,6,John,t3
19 Feb 2026,ORD-46463,Soda,Drinks,2,3,6,1.0,,T5
2026/02/19,ORD-45083,Tiramisu,Desserts,3,8,24,none,--,t3
2026-02-19,ORD-82926,Bruschetta,Appetizers,2,7,14,"5,00",,T2
2026/02/19,ORD-78327,TIRAMISU,Desserts,2,8,16,6,NULL,T5
2026/02/19,ORD-48313,Caesar Salad,Salads,2,12,24,8.0%,Sarah,
19-02-2026,ORD-12098,Tiramisu,Desserts,3,8,24,n/a,John,
2026-02-19,ORD-93400,Pepperoni Pizza,Pizza,3,18,54.00,18,MARY,T2
2026-02-19,ORD-10410,French Fries,Sides,2,5,10.00,3.0,,T2
02/19/2026,ORD-95719,CHICKEN WINGS,Appetizers,1,10,10,4,john,t3
NA,ORD-97250,Coffee,Drinks,1,4,4,1.00,sarah,T2
19/02/2026,ORD-72327,Bruschetta,Appetizers,3,7,21,7.5,Sarah,T5
"Feb 19, 2026",ORD-17243,Caesar Salad,Salads,2,12,24.0%,8,nan,
19-02-2026,ORD-52627,Soda,Drinks,3,3,9,1.5,,t3
19/02/2026,ORD-52837,Beef Burger,Burgers,2,14,28.00,12.00,sarah,t3
19/02/2026,ORD-70481,Tiramisu,Desserts,1,8,€8.00,3,Sarah,T2
2026-02-19,ORD-36357,Bruschetta,Appetizers,2,7,14,5.0,john,T5
19 Feb 2026,ORD-95080,  French Fries  ,Sides,3,5,15,4.5,MARY,
"Feb 19, 2026",ORD-70914,Beef Burger,Burgers,2,14,28,12.00 EUR,,
19/02/26,ORD-17485,Pepperoni Pizza,Pizza,2,18,36.00,12,Sarah,T5
02/19/2026,ORD-64432,Chicken Wings,Appetizers,2,10,20,8,MARY,t3
02/19/26,ORD-70467,Pepperoni Pizza,Pizza,3,18,54,18,MARY,T1
19-02-2026,ORD-33827,tiramisu,Desserts,3,8,24,9,nan,
02/19/26,ORD-20003,Beef Burger,Burgers,3,14,€42.00,18.00 EUR,null,T1
20.02.2026,ORD-76428,chicken wings,Appetizers,2,10,20.00 TRY,8,,T5
20/02/26,ORD-96224,Chicken Wings,Appetizers,1,10,10.00,4,n/a,T5
2026-02-20,ORD-33087,French Fries ,Sides,1,5,5,1.5%,MARY,T5
20.02.2026,ORD-34581,Pepperoni Pizza,Pizza,1,18,18.00,"6,00",Sarah,T1
02/20/26,ORD-68823,Coffee ,Drinks,3,4,12,3,John,t3
20/02/2026,ORD-44293,Beef Burger,Burgers,3,14,£42.00,$18.00,,T1
"Feb 20, 2026",ORD-11896,Coffee,Drinks,1,4,4.0%,1,john,n/a
20-02-2026,ORD-87907,Soda,Drinks,3,3,9,1.50,MARY,T2
,ORD-71004,Pepperoni Pizza,Pizza,2,18,36.00,12,John,T5
02/20/26,ORD-54110,Chicken Wings,Appetizers,2,10,20,8.00,-,T2
02/20/2026,ORD-66011,Chicken  Wings,Appetizers,2,10,₺20.00,8,,
20/02/2026,ORD-62909,Coffee,Drinks,1,4,4,1.0%,sarah,T5
02/20/26,ORD-47449,Chicken Wings,Appetizers,2,10,20.0%,8,,T1
02/20/26,ORD-50863,Tiramisu,Desserts,3,8,24,9,,
20 Feb 2026,ORD-46019,Margherita Pizza,Pizza,3,15,45,15,john,N/A
2026/02/20,ORD-47946,Caesar Salad,Salads,3,12,36,12,,T1
20.02.2026,ORD-42912,Coffee,Drinks,3,4,12.00,3.0%,,t3
20-02-2026,ORD-69111,Caesar Salad,Salads,2,12,24,8.00 USD,Sarah,NONE
2026-02-20,ORD-55412,Coffee,Drinks,2,4,8.00,2,john,T2
null,ORD-14873,Chicken Wings,Appetizers,3,10,30,12.00,sarah,NONE
20/02/26,ORD-45292,Chicken Wings,Appetizers,1,10,10,4,MARY,t3
02/20/26,ORD-20632,Bruschetta,Appetizers,2,7,14,5.0,NA,T5
20-02-2026,ORD-71584,Bruschetta,Appetizers,2,7,"14,00",5.0,sarah,T5
20/02/26,ORD-54082,Pepperoni Pizza,Pizza,2,18,36,12,john,t3
02/20/2026,ORD-13897,Caesar Salad,Salads,1,12,12,4,sarah,null
20/02/26,ORD-55496,Margherita Pizza,Pizza,1,15,15,5,John,
2026/02/20,ORD-77200,Soda,Drinks,3,3,9,1.50,sarah,T5
02/20/26,ORD-17821,Beef Burger,Burgers,3,14,42,18.00,nan,T2
20/02/2026,ORD-96068,Chicken Wings,Appetizers,1,10,10,4,john,T2
02/20/26,ORD-15718,Beef Burger,Burgers,3,14,N/A,18.00,,none
20/02/26,ORD-61806,Beef Burger,Burgers,3,14,42,-,Sarah,T5
20.02.2026,ORD-65572,Caesar Salad,Salads,3,12,36,12,MARY,T5
20.02.2026,ORD-64108,Beef Burger,Burgers,1,14,14,6,,t3
20/02/26,ORD-50456,Beef Burger,Burgers,3,14,42,18,sarah,NULL
none,ORD-87650,FRENCH FRIES,Sides,2,5,10.00,3.00,,T2
20.02.2026,ORD-50221,PEPPERONI PIZZA,Pizza,1,18,18,6.00,sarah,T5
20 Feb 2026,ORD-72682,Coffee,Drinks,3,4,12,3,,t3
02/20/2026,ORD-31394,Pepperoni Pizza,Pizza,3,18,54,18,sarah,T5
20-02-2026,ORD-53336,Pepperoni Pizza,Pizza,1,18,18,6,none,T1
20.02.2026,ORD-89249,Tiramisu ,Desserts,3,8,24.0%,9,Sarah,T5
20/02/26,ORD-68484,Pepperoni Pizza,Pizza,1,18,18.00,6,sarah,T5
20 Feb 2026,ORD-48612,Caesar Salad,Salads,2,12,24,8.00,john,T5
02/20/26,ORD-49318,Margherita Pizza,Pizza,2,15,30.00,10,NA,
20/02/26,ORD-89092,Pepperoni Pizza,Pizza,3,18,54,18.00,,n/a
20-02-2026,ORD-16188,Bruschetta,Appetizers,1,7,7.00 TRY,2.5,N/A,t3
21.02.2026,ORD-96505,Caesar Salad,Salads,2,12,24,8.00,N/A,T1
21-02-2026,ORD-97138,Margherita Pizza,Pizza,1,15,15,£5.00,John,
2026/02/21,ORD-75653,  Bruschetta  ,Appetizers,1,7,7.00,2.5,MARY,T5
,ORD-68081,Coffee,Drinks,2,4,8,2,sarah,
"Feb 21, 2026",ORD-60436,Soda,Drinks,2,3,6,1.0,john,n/a
21/02/2026,ORD-53660,French Fries,Sides,3,5,15,4.50,John,t3
21/02/26,ORD-64019,Caesar Salad,Salads,3,12,36,12,MARY,
21-02-2026,ORD-12378,Margherita Pizza,Pizza,3,15,₺45.00,15,Sarah,T2
02/21/2026,ORD-74090,Chicken Wings,Appetizers,2,10,20.00 USD,8,,t3
21/02/26,ORD-84825,Coffee,Drinks,1,4,4,1.00,John,T5
21/02/2026,ORD-76459,Bruschetta,Appetizers,3,7,nan,7.5,NA,T5
21.02.2026,ORD-32891,Coffee,Drinks,2,4,£8.00,2,Sarah,t3
21-02-2026,ORD-71665,Soda,Drinks,3,3,9,1.5,John,T5
21/02/2026,ORD-93526,Tiramisu,Desserts,1,8,8,3,NA,T2
21 Feb 2026,ORD-50595,Beef Burger,Burgers,1,14,14,6,Sarah,NONE
2026-02-21,ORD-83378,Tiramisu,Desserts,2,8,16,"6,00",MARY,--
02/21/2026,ORD-58296,Pepperoni Pizza,Pizza,2,18,36.00,"12,00",Sarah,T2
21 Feb 2026,ORD-76392,Chicken Wings,Appetizers,1,10,--,4,john,
02/21/2026,ORD-11783,Soda,Drinks,2,3,6.00,1.0,Sarah,T1
21-02-2026,ORD-40444,Tiramisu,Desserts,2,8,16,6.0%,sarah,
2026/02/21,ORD-73996,Soda,Drinks,3,3,9,1.5%,MARY,t3
02/21/26,ORD-20206,Coffee,Drinks,1,4,4,1,sarah,T5
02/21/2026,ORD-25774,Margherita Pizza,Pizza,1,15,15,5,null,T5
02/21/2026,ORD-37709,Coffee,Drinks,3,4,12,₺3.00,,
2026/02/21,ORD-45398,Tiramisu,Desserts,3,8,24,9,john,
21/02/2026,ORD-75107,Soda,Drinks,3,3,9,1.5,MARY,
21 Feb 2026,ORD-47070,Tiramisu,Desserts,2,8,16,6,,T1
2026-02-21,ORD-18997,French Fries,Sides,2,5,"10,00",3.00,NA,
02/21/26,ORD-54317,Margherita Pizza,Pizza,2,15,30.00,10.00,john,NA
2026/02/21,ORD-69041,Tiramisu,Desserts,3,8,24,9,MARY,T5
NONE,ORD-12853,Tiramisu,Desserts,3,8,24,9,John,
21/02/26,ORD-39045,Caesar Salad,Salads,3,12,36.0%,12.00,NONE,
02/21/26,ORD-16076,Beef Burger,Burgers,1,14,14,6,sarah,T1
,ORD-11418,Coffee,Drinks,3,4,12,3.00,sarah,t3
-,ORD-30262,French Fries,Sides,3,5,15,"4,50",Sarah,T5
2026-02-21,ORD-64985,Pepperoni Pizza,Pizza,2,18,36.00,12,John,T1
21.02.2026,ORD-37436,Coffee,Drinks,3,4,12,3.00,john,T5
21-02-2026,ORD-95852,Beef Burger,Burgers,1,14,14,€6.00,john,T2
02/21/2026,ORD-52343,Chicken Wings,Appetizers,1,10,"10,00",4,,T2
2026/02/21,ORD-23441,Bruschetta,Appetizers,3,7,21.00,7.5,,
21-02-2026,ORD-39825,Bruschetta,Appetizers,2,7,14,5.0,Sarah,
02/21/26,ORD-23003,Pepperoni Pizza,Pizza,3,18,54,18,John,T1
02/21/2026,ORD-33381,Soda,Drinks,2,3,6,-,John,--
02/21/26,ORD-98729,margherita pizza,Pizza,2,15,30,10.00,sarah,T2
,ORD-77228,Coffee,Drinks,3,4,12.00,3,sarah,T1
02/21/2026,ORD-19656,Pepperoni Pizza,Pizza,3,18,54.00 USD,"18,00",sarah,T2
21.02.2026,ORD-43851,Chicken Wings,Appetizers,3,10,₺30.00,12,Sarah,T1
21/02/2026,ORD-22896,BEEF BURGER,Burgers,2,14,28,12,MARY,T1
2026-02-21,ORD-32672,Beef Burger,Burgers,3,14,42,$18.00,John,T2
02/21/26,ORD-94214,Caesar Salad,Salads,2,12,NULL,8.00,MARY,T1
2026-02-21,ORD-42755,Margherita Pizza,Pizza,3,15,45.00,15,Sarah,T5
02/21/2026,ORD-51599,Tiramisu,Desserts,3,8,24.0%,9.00,john,T1
21.02.2026,ORD-96093,Pepperoni Pizza,Pizza,1,18,18,6,sarah,--
02/21/26,ORD-44378,Tiramisu,Desserts,2,8,16.0%,6,NULL,n/a
21/02/2026,ORD-32416,Beef Burger,Burgers,1,14,14,6,null,T1
"Feb 21, 2026",ORD-26489,Margherita Pizza,Pizza,3,15,"45,00",15,,
02/21/26,ORD-17449,French Fries,Sides,1,5,5,1.5,john,T1
2026/02/21,ORD-16848,French Fries,Sides,3,5,15,4.5,MARY,T5
21/02/2026,ORD-76596,Margherita Pizza,Pizza,2,15,30.0%,10,sarah,T5
21-02-2026,ORD-36856,French Fries ,Sides,3,5,15,£4.50,sarah,T1
NA,ORD-60681,Tiramisu,Desserts,1,8,8,3.00,,
21/02/2026,ORD-96347,French Fries,Sides,2,5,10,3.0,Sarah,
21-02-2026,ORD-55411,Tiramisu,Desserts,1,8,8.00,3,John,
21-02-2026,ORD-57437,Coffee,Drinks,3,4,"12,00",3,sarah,T1
2026/02/21,ORD-17955,Coffee,Drinks,1,4,4.00 EUR,1.00 EUR,sarah,
21.02.2026,ORD-97247,Pepperoni Pizza,Pizza,3,18,54.00,18,John,T2
21.02.2026,ORD-83878,Margherita Pizza,Pizza,1,15,15,5.0%,john,
02/21/26,ORD-15594,Coffee,Drinks,3,4,12,3,MARY,N/A
n/a,ORD-97467,Bruschetta,Appetizers,3,7,21,7.5,none,t3
2026/02/21,ORD-93046,Tiramisu,Desserts,3,8,24.00,9,Sarah,T1
2026-02-21,ORD-22686,Margherita Pizza,Pizza,3,15,45,15.0%,Sarah,T5
21/02/2026,ORD-42866,Caesar Salad,Salads,2,12,24,8,John,t3
02/21/26,ORD-34015,Coffee,Drinks,3,4,12.00,3.00,NULL,T2
21-02-2026,ORD-53015,Caesar Salad,Salads,2,12,24.00,8,-,
21/02/26,ORD-77916,French Fries,Sides,3,5,15,4.5,-,T2
2026-02-21,ORD-86604,Pepperoni Pizza,Pizza,3,18,54,18,John,T1
02/21/26,ORD-40680,Caesar Salad,Salads,2,12,24,8,john,t3
21/02/26,ORD-66940,Soda,Drinks,1,3,3,0.50,MARY,T2
21/02/2026,ORD-36716,PEPPERONI PIZZA,Pizza,2,18,36,12,Sarah,NA
21.02.2026,ORD-63402,margherita pizza,Pizza,1,15,-,5.00 TRY,John,t3
02/22/2026,ORD-50649,Chicken Wings,Appetizers,2,10,20,8,,T1
22/02/2026,ORD-71956,Margherita Pizza,Pizza,3,15,45,15,n/a,t3
22.02.2026,ORD-93714,Margherita Pizza,Pizza,2,15,$30.00,10,MARY,null
2026/02/22,ORD-37511,Margherita Pizza,Pizza,2,15,30,10,john,T2
2026-02-22,ORD-96877,french fries,Sides,3,5,15,4.5,john,
22 Feb 2026,ORD-46581,Caesar Salad,Salads,1,12,12,4.00,John,
"Feb 22, 2026",ORD-63222,french fries,Sides,3,5,none,4.5,,
02/22/26,ORD-50434,Margherita Pizza,Pizza,3,15,€45.00,15.00,John,T5
22/02/2026,ORD-47971,Caesar Salad,Salads,2,12,NONE,8,n/a,T5
02/22/26,ORD-12762,Chicken Wings,Appetizers,2,10,20.00 USD,8,john,
22/02/26,ORD-83328,Soda,Drinks,3,3,9,1.50,john,T2
22/02/26,ORD-33185,  Margherita Pizza  ,Pizza,3,15,45,15,,
22/02/26,ORD-61804,Soda,Drinks,1,3,3,0.5,Sarah,t3
22/02/26,ORD-65480,Pepperoni Pizza,Pizza,3,18,54,18,John,--
22.02.2026,ORD-60743,French Fries,Sides,2,5,10,3.0%,sarah,
02/22/26,ORD-53648,Bruschetta,Appetizers,1,7,7,2.5,MARY,T2
22 Feb 2026,ORD-56814,French  Fries,Sides,2,5,10,"3,00",,T1
02/22/2026,ORD-14326,Chicken Wings ,Appetizers,1,10,10,4,John,t3
22/02/26,ORD-65972,Coffee,Drinks,2,4,8.00 TRY,2,sarah,T1
02/22/26,ORD-49619,French Fries,Sides,1,5,5,1.50,,T1
02/22/2026,ORD-59103,French Fries,Sides,2,5,10.0%,3.0,,t3
02/22/26,ORD-86436,Margherita Pizza,Pizza,3,15,45.00 EUR,15,MARY,T1
02/22/26,ORD-49353,Soda,Drinks,2,3,"6,00",1.0,,T5
02/22/26,ORD-98470,Chicken Wings,Appetizers,2,10,20,8.00,,T5
22-02-2026,ORD-12554,Soda,Drinks,3,3,9,1.50,john,T5
"Feb 22, 2026",ORD-76084,Tiramisu,Desserts,1,8,8.0%,3.00,sarah,T2
22-02-2026,ORD-33025,beef burger,Burgers,3,14,42.00,N/A,MARY,nan
02/22/2026,ORD-68868,Chicken Wings,Appetizers,2,10,20.0%,8,John,T5
02/22/2026,ORD-54567,SODA,Drinks,3,3,9,NONE,Sarah,T5
22.02.2026,ORD-97054,Margherita Pizza,Pizza,1,15,15,"5,00",-,T5
22-02-2026,ORD-90085,Bruschetta,Appetizers,1,7,7,2.50,,T1
2026-02-22,ORD-91886,Beef Burger,Burgers,1,14,14,6,NULL,
22-02-2026,ORD-76133,Pepperoni Pizza,Pizza,1,18,18,6,john,T1
"Feb 22, 2026",ORD-27071,Margherita Pizza,Pizza,1,15,15.00,5,MARY,t3
22/02/26,ORD-64524,French Fries,Sides,1,5,5,1.5,n/a,T1
22/02/2026,ORD-24502,Caesar Salad,Salads,3,12,36,12,sarah,t3
22 Feb 2026,ORD-75351,Caesar Salad,Salads,1,12,12,4.00,NULL,T2
02/22/2026,ORD-41703,Soda,Drinks,3,3,9,1.5,sarah,T5
22-02-2026,ORD-99628,Coffee,Drinks,1,4,4,1,,
22/02/2026,ORD-33159,Pepperoni Pizza,Pizza,3,18,54,18,John,t3
22-02-2026,ORD-21411,Beef Burger,Burgers,2,14,28.00 USD,12.00,john,t3
02/22/26,ORD-29829,Tiramisu,Desserts,1,8,8,3,John,t3
22/02/2026,ORD-53466,Bruschetta,Appetizers,3,7,21.00,7.5,NONE,
02/22/2026,ORD-82728,Tiramisu,Desserts,1,8,8,3,Sarah,T2
02/22/2026,ORD-11791,Chicken Wings ,Appetizers,3,10,30,12,sarah,NONE
02/22/2026,ORD-26289,Coffee,Drinks,2,4,8,--,John,T2
22/02/26,ORD-76872,Chicken Wings,Appetizers,1,10,10,4.0%,nan,
22/02/26,ORD-12241,Soda,Drinks,2,3,6,1.0,sarah,T2
02/22/26,ORD-19158,Margherita Pizza,Pizza,3,15,45.0%,15,sarah,T5
22.02.2026,ORD-17955,French Fries,Sides,3,5,15.00,4.5,,T2
22.02.2026,ORD-46540,Pepperoni Pizza,Pizza,2,18,36,12.00 EUR,,T1
22.02.2026,ORD-80891,Soda,Drinks,1,3,3.00,€0.50,,t3
22 Feb 2026,ORD-89555,Beef Burger,Burgers,3,14,42,18,Sarah,t3
2026/02/22,ORD-18911,Coffee,Drinks,3,4,12,3,john,t3
"Feb 22, 2026",ORD-86934,Margherita Pizza,Pizza,2,15,30,-,john,t3
22/02/26,ORD-71653,Margherita Pizza,Pizza,1,15,15,5.00 TRY,,T1
22.02.2026,ORD-94895,Beef Burger,Burgers,2,14,28,12,,
22-02-2026,ORD-95881,Chicken Wings,Appetizers,2,10,20,8,Sarah,T5
2026/02/22,ORD-97194,Margherita Pizza,Pizza,1,15,15,5,NONE,T2
02/22/2026,ORD-43739,soda,Drinks,3,3,9,1.5,john,T2
02/22/26,ORD-55174,Coffee,Drinks,2,4,8,2,john,t3
22-02-2026,ORD-14550,Pepperoni Pizza,Pizza,2,18,36,"12,00",john,t3
22 Feb 2026,ORD-40123,Bruschetta,Appetizers,3,7,21,7.5,sarah,-
22 Feb 2026,ORD-90123,Tiramisu,Desserts,2,8,"16,00",6,,t3
"Feb 22, 2026",ORD-20323,Bruschetta,Appetizers,1,7,7.00,2.50 TRY,sarah,T5
02/22/26,ORD-82043,Margherita Pizza,Pizza,1,15,15,"5,00",sarah,
02/22/26,ORD-69291,  Margherita Pizza  ,Pizza,1,15,null,N/A,sarah,T5
22.02.2026,ORD-41221,Tiramisu,Desserts,2,8,16,6.00 USD,sarah,T5
22 Feb 2026,ORD-52323,Beef  Burger,Burgers,2,14,28,12,sarah,T2
2026-02-22,ORD-41136,Beef Burger,Burgers,1,14,14.00,N/A,John,
22.02.2026,ORD-57724,Caesar Salad,Salads,1,12,12,4,,T2
02/22/26,ORD-46068,  Chicken Wings  ,Appetizers,1,10,10,4.0%,Sarah,T2
22.02.2026,ORD-72889,TIRAMISU,Desserts,2,8,16,6.00,Sarah,T2
22 Feb 2026,ORD-66126,French Fries,Sides,2,5,"10,00",3.0,john,-
02/22/26,ORD-82558,French Fries,Sides,1,5,5,"1,50",sarah,T5
2026-02-22,ORD-12957,Caesar Salad,Salads,3,12,$36.00,12,MARY,
22/02/26,ORD-80058,Beef Burger,Burgers,1,14,14.00,6,sarah,none
02/22/2026,ORD-78957,Tiramisu,Desserts,1,8,"8,00",3,MARY,T1
"Feb 22, 2026",ORD-73914,Beef Burger,Burgers,2,14,28,12,,T1
22/02/2026,ORD-38061,French Fries,Sides,3,5,15,4.50,MARY,T2
23/02/26,ORD-98414,French Fries,Sides,3,5,15,4.5,,T5
23.02.2026,ORD-92975,  Margherita Pizza  ,Pizza,3,15,45,15.00 USD,MARY,T1
02/23/2026,ORD-64929,Beef Burger,Burgers,2,14,28.0%,12,John,
2026-02-23,ORD-67624,Bruschetta,Appetizers,3,7,21,7.50 USD,john,
02/23/2026,ORD-23484,Coffee,Drinks,1,4,4.00,1.0%,john,T2
null,ORD-26200,Soda,Drinks,3,3,9,1.5,Sarah,t3
23-02-2026,ORD-64207,French Fries,Sides,2,5,10,3.0%,Sarah,T2
2026/02/23,ORD-26080,Margherita Pizza,Pizza,2,15,"30,00",10,MARY,T2
02/23/2026,ORD-46193,Tiramisu,Desserts,1,8,8,₺3.00,,T1
23/02/26,ORD-22624,Chicken  Wings,Appetizers,1,10,10,£4.00,john,N/A
23-02-2026,ORD-44807,Bruschetta,Appetizers,2,7,14.00,5.0,sarah,T2
23.02.2026,ORD-64040,Caesar Salad,Salads,2,12,24.00,8,sarah,
23/02/26,ORD-56594,Margherita Pizza,Pizza,3,15,45,15,MARY,
"Feb 23, 2026",ORD-26949,Beef  Burger,Burgers,1,14,14,"6,00",Sarah,T2
2026-02-23,ORD-44132,Coffee,Drinks,1,4,4,null,Sarah,none
"Feb 23, 2026",ORD-16314,Coffee,Drinks,1,4,4,1,Sarah,null
23/02/2026,ORD-43559,Pepperoni Pizza ,Pizza,1,18,18,,none,T5
23/02/2026,ORD-35209,Soda,Drinks,2,3,6,1.0,n/a,T2
23-02-2026,ORD-61922,Caesar Salad,Salads,1,12,12.00,4,Sarah,T5
2026/02/23,ORD-48028,Caesar Salad,Salads,3,12,36,12,sarah,T2
23/02/2026,ORD-36182,Caesar Salad,Salads,1,12,12.00,€4.00,Sarah,T1
23-02-2026,ORD-74098,Bruschetta,Appetizers,1,7,7,null,MARY,
02/23/2026,ORD-34671,TIRAMISU,Desserts,2,8,16,6,,T5
23.02.2026,ORD-56835,Chicken Wings,Appetizers,2,10,20.00,8.0%,john,T5
23-02-2026,ORD-81716,Coffee,Drinks,1,4,4,1,MARY,T1
23 Feb 2026,ORD-11406,French Fries,Sides,1,5,5,1.5,John,T2
2026/02/23,ORD-38146,Coffee,Drinks,3,4,12,3,,T2
2026/02/23,ORD-88599,Caesar Salad,Salads,2,12,24,"8,00",,NULL
"Feb 23, 2026",ORD-14399,Bruschetta,Appetizers,3,7,21.00,7.5,,T5
2026/02/23,ORD-19550,Margherita Pizza,Pizza,1,15,15,5,MARY,T1
2026-02-23,ORD-53161,Beef Burger,Burgers,1,14,14,6,sarah,T1
2026/02/23,ORD-60807,  French Fries  ,Sides,2,5,10,3.0,John,T1
23/02/2026,ORD-54853,Pepperoni Pizza,Pizza,1,18,€18.00,6.00,,T1
23/02/2026,ORD-77247,Chicken Wings,Appetizers,2,10,20.00,8,,T2
23-02-2026,ORD-74064,Chicken Wings,Appetizers,2,10,20.00,₺8.00,john,T2
2026-02-23,ORD-67094,BEEF BURGER,Burgers,2,14,28.00,12,N/A,t3
23 Feb 2026,ORD-33558,Pepperoni  Pizza,Pizza,1,18,18.00 USD,6.00,John,N/A
02/23/2026,ORD-30185,Beef Burger,Burgers,1,14,14.00,6,sarah,T5
02/23/26,ORD-57859,Tiramisu,Desserts,3,8,24.0%,9,Sarah,t3
23 Feb 2026,ORD-10306,Tiramisu,Desserts,3,8,24,9.00 TRY,John,T5
23/02/2026,ORD-31035,Margherita Pizza,Pizza,3,15,45,15.0%,Sarah,T1
2026-02-23,ORD-13497,Coffee,Drinks,1,4,4.00,1,Sarah,-
23 Feb 2026,ORD-46950,Soda,Drinks,3,3,9,1.5,MARY,T5
"Feb 24, 2026",ORD-35482,French  Fries,Sides,2,5,10.00 TRY,3.0,,T1
24.02.2026,ORD-10256,Tiramisu,Desserts,2,8,16,6,john,t3
24.02.2026,ORD-88491,French Fries,Sides,3,5,15.00,£4.50,sarah,
24.02.2026,ORD-14679,Coffee,Drinks,3,4,12,3,MARY,T1
--,ORD-50027,Soda,Drinks,2,3,NA,,MARY,T2
24/02/26,ORD-49045,Soda,Drinks,3,3,9,1.50,Sarah,NULL
02/24/2026,ORD-12707,Bruschetta,Appetizers,3,7,21,7.5,MARY,--
02/24/26,ORD-44869,Pepperoni Pizza,Pizza,2,18,36.00,12,Sarah,T1
2026-02-24,ORD-87921,Pepperoni Pizza,Pizza,2,18,36,12.00,sarah,T1
"Feb 24, 2026",ORD-19335,Margherita Pizza,Pizza,2,15,30,10,sarah,
"Feb 24, 2026",ORD-37533,Bruschetta,Appetizers,1,7,7,2.5,john,
02/24/2026,ORD-88464,Margherita Pizza ,Pizza,3,15,45,15,Sarah,t3
02/24/26,ORD-98843,Caesar Salad,Salads,3,12,36.00 EUR,12,John,null
2026/02/24,ORD-84739,French Fries,Sides,1,5,5,1.5,N/A,T1
24/02/2026,ORD-88902,French Fries,Sides,1,5,5.00,1.5%,sarah,t3
2026-02-24,ORD-59497,Beef Burger,Burgers,3,14,42,18,john,
24-02-2026,ORD-33399,Beef Burger,Burgers,1,14,14,6,MARY,NULL
N/A,ORD-91918,Tiramisu,Desserts,1,8,8,3,John,N/A
25.02.2026,ORD-42797,French Fries,Sides,3,5,15.0%,4.50,john,T5
25 Feb 2026,ORD-82696,Beef Burger,Burgers,2,14,28,12.00,MARY,T2
25-02-2026,ORD-96390,Beef Burger,Burgers,1,14,14,6,MARY,T1
25/02/2026,ORD-99028,Chicken Wings ,Appetizers,2,10,20.0%,8,john,T1
02/25/2026,ORD-67637,Margherita Pizza,Pizza,2,15,₺30.00,10.00,sarah,t3
"Feb 25, 2026",ORD-74092,Margherita Pizza ,Pizza,3,15,45.0%,"15,00",MARY,T5
25.02.2026,ORD-48802,Tiramisu,Desserts,1,8,8,3,--,T2
25.02.2026,ORD-62073,bruschetta,Appetizers,3,7,N/A,£7.50,john,T2
NULL,ORD-76268,Tiramisu,Desserts,3,8,24.0%,9.00 EUR,MARY,
02/25/26,ORD-26538,Coffee,Drinks,1,4,"4,00",1,john,T2
"Feb 25, 2026",ORD-85238,Soda,Drinks,3,3,"9,00",1.5,sarah,none
25-02-2026,ORD-23359,Coffee,Drinks,2,4,NA,€2.00,sarah,T1
25.02.2026,ORD-44721,Caesar Salad,Salads,2,12,24,8,Sarah,null
02/25/26,ORD-58941,french fries,Sides,3,5,15,4.5,NA,t3
25/02/2026,ORD-47251,Tiramisu,Desserts,2,8,16.0%,6,MARY,T5
02/25/26,ORD-33490,Tiramisu,Desserts,1,8,8.0%,3,Sarah,T5
2026-02-25,ORD-75502,Caesar Salad,Salads,2,12,--,8,sarah,t3
25.02.2026,ORD-93345,Pepperoni Pizza,Pizza,3,18,54,18,sarah,t3
2026/02/25,ORD-49559,Caesar Salad ,Salads,3,12,36.00,12,,T5
02/25/26,ORD-10279,Coffee,Drinks,2,4,8,2,MARY,t3
"Feb 25, 2026",ORD-21272,Margherita Pizza,Pizza,3,15,45,15.00,john,T1
25 Feb 2026,ORD-94433,Margherita Pizza,Pizza,1,15,15,₺5.00,John,T1
25/02/26,ORD-74319,COFFEE,Drinks,1,4,"4,00",1,,T5
2026/02/25,ORD-45339,French Fries,Sides,1,5,5,"1,50",John,T1
2026/02/26,ORD-79211,Coffee,Drinks,3,4,12,3,--,T2
26/02/2026,ORD-64534,French Fries,Sides,3,5,15,4.5,Sarah,T2
2026/02/26,ORD-96676,Pepperoni Pizza,Pizza,2,18,36,$12.00,Sarah,T2
26 Feb 2026,ORD-67751,Bruschetta,Appetizers,2,7,14.00,5.0,nan,
26/02/26,ORD-35899,CAESAR SALAD,Salads,1,12,12,4.00,Sarah,NA
26/02/26,ORD-34260,Pepperoni  Pizza,Pizza,2,18,36,12,john,T2
2026/02/26,ORD-22154,Tiramisu,Desserts,1,8,8.0%,3,Sarah,none
26 Feb 2026,ORD-85046,Beef Burger,Burgers,1,14,14,6,john,null
26 Feb 2026,ORD-26116,French Fries,Sides,2,5,10.00,3.0,,T2
2026-02-26,ORD-60138,Margherita Pizza,Pizza,2,15,30,10,john,T1
26-02-2026,ORD-46609,Pepperoni Pizza,Pizza,2,18,36,12,,T1
2026-02-26,ORD-67466,Beef Burger,Burgers,1,14,14,6,NA,t3
02/26/2026,ORD-83848,Bruschetta,Appetizers,1,7,7,2.5,,T2
"Feb 26, 2026",ORD-82915,Beef Burger,Burgers,3,14,42,18,--,T1
26/02/2026,ORD-24820,Pepperoni Pizza,Pizza,1,18,£18.00,6,,t3
27/02/26,ORD-91888,French Fries ,Sides,3,5,15.00 TRY,4.5,Sarah,t3
2026-02-27,ORD-17740,Caesar Salad,Salads,1,12,12,4,-,
"Feb 27, 2026",ORD-33584,Caesar Salad,Salads,3,12,36.00 TRY,12,Sarah,t3
27 Feb 2026,ORD-72947,Caesar Salad,Salads,2,12,24.00,n/a,MARY,T1
NA,ORD-50388,Chicken Wings,Appetizers,3,10,30,12.00,john,N/A
27.02.2026,ORD-74961,Chicken Wings,Appetizers,1,10,10,4,,
27-02-2026,ORD-48284,French Fries,Sides,2,5,N/A,3.0,,T5
27-02-2026,ORD-41123,Margherita Pizza,Pizza,3,15,45,15.00,john,T1
"Feb 27, 2026",ORD-78525,Margherita Pizza,Pizza,2,15,30.00 USD,10,Sarah,--
27-02-2026,ORD-83011,Chicken Wings,Appetizers,3,10,30,12.00,John,
27/02/26,ORD-32144,Beef Burger,Burgers,1,14,14,6,nan,T5
27.02.2026,ORD-36755,Bruschetta,Appetizers,3,7,21,7.5,Sarah,
27/02/2026,ORD-99717,Bruschetta,Appetizers,3,7,21,7.50,Sarah,T5
27 Feb 2026,ORD-81131,French Fries,Sides,3,5,15.0%,null,MARY,T2
2026/02/27,ORD-38366,French Fries,Sides,3,5,15.00,4.5,John,nan
2026-02-27,ORD-49416,Beef Burger,Burgers,1,14,14,6,,T1
2026/02/27,ORD-48455,Caesar Salad,Salads,1,12,12,4,nan,t3
27/02/2026,ORD-56554,Tiramisu,Desserts,2,8,n/a,6,Sarah,T1
02/27/2026,ORD-86080,French Fries,Sides,2,5,10,3.0,john,T5
2026-02-27,ORD-31843,Margherita Pizza,Pizza,2,15,30,10,John,--
27.02.2026,ORD-96790,Coffee,Drinks,3,4,12,3.00,NA,t3
27-02-2026,ORD-45096,Beef Burger,Burgers,3,14,42,"18,00",MARY,NULL
27-02-2026,ORD-85075,Chicken Wings,Appetizers,3,10,30,12,John,
02/27/2026,ORD-75519,Soda,Drinks,2,3,6,1.0,,T5
27/02/2026,ORD-76611,French Fries,Sides,3,5,15.0%,4.5,John,
27-02-2026,ORD-21771,Soda,Drinks,3,3,9.00,n/a,John,N/A
-,ORD-56930,Bruschetta,Appetizers,2,7,€14.00,5.0%,,T5
"Feb 27, 2026",ORD-82227,Coffee ,Drinks,2,4,8,2,none,NONE
27 Feb 2026,ORD-92987,French Fries,Sides,1,5,5,1.5,john,t3
27/02/2026,ORD-48192,Coffee,Drinks,3,4,12,3,,T2
27/02/26,ORD-72941,Pepperoni Pizza,Pizza,1,18,18,6,Sarah,T2
27/02/26,ORD-53696,Pepperoni Pizza,Pizza,1,18,18,6,john,T5
27-02-2026,ORD-87006,Caesar Salad,Salads,1,12,12,4,john,T1
27-02-2026,ORD-94802,Pepperoni Pizza,Pizza,1,18,18,6,,T5
2026-02-27,ORD-71351,Pepperoni Pizza,Pizza,3,18,54,18.0%,MARY,NULL
02/27/26,ORD-38205,Soda,Drinks,1,3,3,0.50 TRY,john,T1
2026/02/27,ORD-41385,Caesar Salad,Salads,3,12,36,none,Sarah,T5
N/A,ORD-55977,Bruschetta,Appetizers,2,7,14,5.00,,
27/02/2026,ORD-59802,Chicken Wings,Appetizers,3,10,$30.00,12.00,MARY,T2
02/27/26,ORD-98374,Margherita Pizza,Pizza,1,15,15,5,MARY,T5
2026-02-27,ORD-96782,  Tiramisu  ,Desserts,3,8,24,9,,T2
2026/02/27,ORD-78116,Margherita Pizza,Pizza,1,15,15.00,5.00,n/a,null
27-02-2026,ORD-53955,Beef Burger,Burgers,3,14,42,18,Sarah,T5
27/02/26,ORD-25091,Bruschetta,Appetizers,1,7,7.00 TRY,2.5,john,t3
27 Feb 2026,ORD-17789,PEPPERONI PIZZA,Pizza,3,18,54,18,sarah,t3
2026/02/27,ORD-17142,Caesar Salad,Salads,3,12,36,"12,00",john,T5
02/27/2026,ORD-25026,Pepperoni Pizza,Pizza,1,18,18.00,6,MARY,T2
2026-02-27,ORD-39837,Tiramisu,Desserts,2,8,16,6,,T2
02/27/26,ORD-32828,Caesar Salad,Salads,3,12,36.00,£12.00,John,T1
27.02.2026,ORD-99228,Chicken Wings,Appetizers,1,10,10.00 EUR,4.00,,T2
27.02.2026,ORD-26626,Pepperoni Pizza,Pizza,1,18,18.0%,6,john,t3
27-02-2026,ORD-84338,Bruschetta ,Appetizers,3,7,21,"7,50",MARY,T5
2026-02-27,ORD-26119,Bruschetta ,Appetizers,1,7,7,2.5,john,
02/27/2026,ORD-95801,SODA,Drinks,3,3,9.00 EUR,1.5%,sarah,
27 Feb 2026,ORD-12357,Caesar Salad,Salads,1,12,12,4,,T1
"Feb 27, 2026",ORD-18914,  Beef Burger  ,Burgers,1,14,14,6.00,John,t3
27/02/2026,ORD-26556,Soda,Drinks,2,3,6,1.0,john,T5
NA,ORD-65545,Margherita Pizza,Pizza,3,15,45,15,John,T2
2026/02/27,ORD-30566,Caesar Salad,Salads,3,12,36,12,MARY,
02/27/2026,ORD-80075,Coffee,Drinks,1,4,-,₺1.00,,t3
02/27/2026,ORD-47396,Bruschetta ,Appetizers,1,7,7,"2,50",john,
27/02/2026,ORD-46702,Bruschetta,Appetizers,2,7,14,5.0,MARY,
02/27/26,ORD-59829,Bruschetta,Appetizers,3,7,21,7.5,sarah,t3
27-02-2026,ORD-60572,Pepperoni Pizza,Pizza,1,18,"18,00",€6.00,John,NULL
27/02/26,ORD-56577,French Fries,Sides,2,5,10,3.0,john,
2026/02/27,ORD-65897,Coffee,Drinks,3,4,12,3.00,MARY,
27-02-2026,ORD-43398,caesar salad,Salads,1,12,12,4.00,,T1
27 Feb 2026,ORD-92768,Tiramisu ,Desserts,3,8,24,9,,T5
27 Feb 2026,ORD-47357,Margherita Pizza,Pizza,1,15,15,5,John,--
"Feb 27, 2026",ORD-80155,Tiramisu,Desserts,1,8,8.00,3,john,
2026-02-27,ORD-46725,Margherita Pizza,Pizza,1,15,NA,5,NULL,T2
02/27/26,ORD-31287,French Fries,Sides,2,5,10,3.0,sarah,T2
02/27/2026,ORD-12239,Margherita Pizza,Pizza,3,15,45.00 USD,15,NA,T5
2026/02/28,ORD-10591,caesar salad,Salads,2,12,24,8.00 EUR,N/A,none
02/28/26,ORD-89108,Coffee,Drinks,2,4,"8,00",2.00,John,T2
02/28/2026,ORD-35762,Chicken Wings,Appetizers,2,10,20.00,8,john,
28-02-2026,ORD-49731,soda,Drinks,2,3,6,1.0,n/a,
nan,ORD-63933,Chicken Wings,Appetizers,1,10,10.00,4,Sarah,T1
28/02/26,ORD-10474,Chicken Wings,Appetizers,1,10,10,4,,t3
--,ORD-81192,Caesar Salad,Salads,1,12,12,4,,
02/28/2026,ORD-82043,French Fries,Sides,1,5,5,nan,NA,n/a
"Feb 28, 2026",ORD-91012,Caesar Salad,Salads,2,12,24,8,MARY,n/a
02/28/2026,ORD-84284,Soda,Drinks,3,3,9,1.5,john,T2
28.02.2026,ORD-59693,Caesar  Salad,Salads,2,12,24,8,Sarah,t3
28 Feb 2026,ORD-52307,Tiramisu,Desserts,2,8,"16,00",6,john,t3
02/28/2026,ORD-58501,French Fries,Sides,3,5,15,4.5,,T2
28-02-2026,ORD-87619,French Fries,Sides,3,5,15,4.50,John,T1
2026-02-28,ORD-88013,Chicken Wings,Appetizers,2,10,20,8.00 USD,john,T1
28.02.2026,ORD-13938,Chicken Wings,Appetizers,3,10,30,12.0%,Sarah,t3
2026-02-28,ORD-77083,bruschetta,Appetizers,1,7,7,2.5,MARY,T5
28/02/2026,ORD-24500,Tiramisu,Desserts,2,8,16.00,6,John,
28/02/26,ORD-26243,Beef Burger,Burgers,3,14,42.00,18,Sarah,
"Feb 28, 2026",ORD-90239,Coffee,Drinks,1,4,4,1,nan,T1
none,ORD-15029,Bruschetta,Appetizers,2,7,n/a,5.00 TRY,John,
28/02/2026,ORD-78111,French Fries,Sides,3,5,15.00,4.50,,t3
02/28/2026,ORD-87357,Beef Burger,Burgers,1,14,14.0%,6.00,NA,T5
28 Feb 2026,ORD-38888,Chicken Wings,Appetizers,2,10,20.00,"8,00",null,t3
02/28/26,ORD-47446,French Fries,Sides,2,5,10.00,3.0,Sarah,T2
2026/02/28,ORD-54027,French Fries,Sides,3,5,15,4.5%,Sarah,none
n/a,ORD-88967,COFFEE,Drinks,1,4,4,1.00,john,t3
28/02/26,ORD-25809,Caesar Salad,Salads,1,12,12.0%,4,sarah,T1
28/02/2026,ORD-47530,Chicken Wings,Appetizers,2,10,20,8,,T1
02/28/26,ORD-99961,Soda,Drinks,3,3,9,1.5,sarah,
02/28/26,ORD-76239,Bruschetta,Appetizers,2,7,14,"5,00",John,t3
28 Feb 2026,ORD-77612,French Fries,Sides,1,5,NA,1.50,,none
2026-02-28,ORD-82364,Margherita Pizza,Pizza,1,15,15,5,,T1
2026-02-28,ORD-24500,Coffee,Drinks,2,4,8,2,sarah,T5
28 Feb 2026,ORD-99832,Pepperoni Pizza,Pizza,3,18,54,18,NA,T2
"Feb 28, 2026",ORD-86078,Coffee,Drinks,2,4,8,2,,T1
28-02-2026,ORD-94294,PEPPERONI PIZZA,Pizza,1,18,18,"6,00",-,T2
28/02/2026,ORD-96569,Coffee,Drinks,1,4,4,1.00,none,none
28.02.2026,ORD-45490,French Fries,Sides,2,5,nan,3.0,,t3
28.02.2026,ORD-88178,French Fries,Sides,3,5,15,4.5,,--
2026-02-28,ORD-44217,Bruschetta,Appetizers,1,7,7,2.50 EUR,john,T1
28-02-2026,ORD-21677,French Fries,Sides,1,5,£5.00,1.5,John,T1
28/02/2026,ORD-30984,Beef Burger,Burgers,3,14,42,18,John,T1
28.02.2026,ORD-67938,Tiramisu,Desserts,1,8,8,3.0%,sarah,T1
02/28/26,ORD-60268,Beef Burger,Burgers,3,14,42,18,,T5
28/02/26,ORD-92803,Tiramisu,Desserts,2,8,16,€6.00,MARY,
28/02/26,ORD-27785,Coffee,Drinks,1,4,4,1,john,T2
-,ORD-35300,Tiramisu,Desserts,2,8,16,6,Sarah,T2
28/02/26,ORD-87131,Caesar Salad,Salads,3,12,36,12,,
28/02/2026,ORD-76447,French Fries,Sides,2,5,10,3.0,Sarah,
28 Feb 2026,ORD-78265,Chicken Wings,Appetizers,1,10,10,$4.00,N/A,T2
02/28/2026,ORD-56222,Tiramisu,Desserts,1,8,8.0%,£3.00,,t3
28/02/2026,ORD-51824,Caesar Salad,Salads,2,12,24,8,Sarah,T1
2026-02-28,ORD-56173,French Fries,Sides,3,5,15,4.5,John,
28.02.2026,ORD-12708,Tiramisu,Desserts,2,8,16,6,,T5
28/02/2026,ORD-78127,soda,Drinks,2,3,6,1.0,John,t3
28/02/26,ORD-28359,Pepperoni Pizza,Pizza,2,18,36.00,12,sarah,T1
28 Feb 2026,ORD-87579,French Fries,Sides,2,5,10,3.00,sarah,T1
2026/02/28,ORD-35796,Coffee,Drinks,3,4,12,3.00,Sarah,T5
02/28/26,ORD-55567,Soda,Drinks,1,3,3,0.5,MARY,
2026/02/28,ORD-99894,Tiramisu,Desserts,2,8,16,€6.00,John,T5
02/28/26,ORD-39041,French Fries,Sides,1,5,5.00,1.5,john,t3
28-02-2026,ORD-35227,French Fries,Sides,1,5,5,NONE,,T1
28/02/2026,ORD-98895,French Fries,Sides,2,5,10.00 TRY,3.0,MARY,T5
28.02.2026,ORD-35966,French Fries,Sides,1,5,5,1.5,sarah,
02/28/26,ORD-66190,French Fries,Sides,1,5,5.00,nan,John,T5
"Feb 28, 2026",ORD-83015,Bruschetta,Appetizers,2,7,14,5.0,John,NONE
2026-02-28,ORD-83008,Coffee,Drinks,3,4,₺12.00,3,n/a,T5
28-02-2026,ORD-89918,Margherita Pizza,Pizza,3,15,"45,00",15.00,,T1
28/02/26,ORD-23754,Pepperoni Pizza,Pizza,1,18,18,6,sarah,N/A
28.02.2026,ORD-48137,French Fries,Sides,1,5,5,1.5,MARY,-
--,ORD-70456,Beef Burger,Burgers,3,14,42.00,18,sarah,T1
2026/02/28,ORD-14986,Pepperoni Pizza,Pizza,3,18,54,18.00,-,T1
28/02/2026,ORD-67629,Bruschetta,Appetizers,3,7,21,7.5,john,T5
none,ORD-75083,Margherita Pizza,Pizza,3,15,45.00,15,sarah,T1
28/02/26,ORD-46304,Pepperoni Pizza,Pizza,1,18,18.00,"6,00",john,NA
2026-02-28,ORD-13952,Tiramisu,Desserts,3,8,24,9,sarah,T2
28/02/2026,ORD-59824,Coffee,Drinks,2,4,8.00,2,,
02/28/2026,ORD-22098,Caesar Salad,Salads,3,12,36,12,NA,-
28-02-2026,ORD-61700,French Fries,Sides,2,5,"10,00",3.0,john,t3
28 Feb 2026,ORD-96282,French Fries,Sides,1,5,none,1.50 USD,,T2
02/28/2026,ORD-64356,Pepperoni Pizza,Pizza,3,18,null,18,Sarah,T2
28-02-2026,ORD-55343,Pepperoni Pizza,Pizza,2,18,36.00,12,John,
02/28/2026,ORD-20012,Bruschetta,Appetizers,1,7,7,2.5,Sarah,NA
none,ORD-42045,  French Fries  ,Sides,1,5,5.00,1.5,MARY,
28-02-2026,ORD-85934,Soda,Drinks,2,3,6.00,1.0,sarah,T5
02/28/2026,ORD-41647,Caesar Salad,Salads,1,12,12,4,MARY,T2
"Feb 28, 2026",ORD-49767,Chicken Wings,Appetizers,2,10,20,8,MARY,
02/28/26,ORD-96957,Coffee,Drinks,3,4,12.0%,3,sarah,none
2026-02-28,ORD-72540,Beef Burger ,Burgers,1,14,14,6,-,T1
28-02-2026,ORD-81701,French  Fries,Sides,3,5,15.00,4.5%,NA,T2
2026-02-28,ORD-53261,Soda,Drinks,1,3,3,0.5,MARY,T1
28-02-2026,ORD-89398,Margherita Pizza,Pizza,3,15,45,15,,T5
2026/02/28,ORD-84074,French Fries,Sides,3,5,15,4.5,sarah,T1
28/02/2026,ORD-60160,Bruschetta,Appetizers,2,7,14.0%,5.0,MARY,t3
2026-02-28,ORD-94563,caesar salad,Salads,1,12,€12.00,4.00,MARY,t3
28/02/26,ORD-53457,Bruschetta,Appetizers,1,7,7,2.5,,t3
28.02.2026,ORD-35548,COFFEE,Drinks,2,4,8,2,john,T1
28/02/26,ORD-67317,Chicken Wings,Appetizers,1,10,10,4,,T2
"Mar 01, 2026",ORD-33149,Soda,Drinks,1,3,3,0.50,john,T2
01-03-2026,ORD-56129,French Fries,Sides,3,5,15.0%,NA,--,t3
"Mar 01, 2026",ORD-73103,Soda,Drinks,1,3,3,0.50,John,T5
01/03/2026,ORD-43703,Tiramisu,Desserts,1,8,8.0%,NA,Sarah,T2
01 Mar 2026,ORD-38461,chicken wings,Appetizers,3,10,30,12,john,
01/03/26,ORD-71350,Soda,Drinks,1,3,3,0.5,sarah,T5
01.03.2026,ORD-28276,Caesar Salad,Salads,1,12,12.00,NULL,N/A,t3
03/01/26,ORD-96639,Tiramisu,Desserts,1,8,8,nan,--,T5
01 Mar 2026,ORD-54506,Tiramisu,Desserts,3,8,24.00,NONE,sarah,T1
01/03/2026,ORD-90956,Beef Burger,Burgers,1,14,,6,sarah,T5
01 Mar 2026,ORD-96555,Chicken Wings,Appetizers,1,10,10,"4,00",,t3
01 Mar 2026,ORD-61850,Soda,Drinks,1,3,3.00,0.5,MARY,
01/03/2026,ORD-99972,Pepperoni Pizza,Pizza,1,18,18.00,NONE,john,t3
01 Mar 2026,ORD-50649,Coffee,Drinks,2,4,8,2,,T5
NULL,ORD-88129,Margherita Pizza,Pizza,1,15,"15,00",5,John,t3
"Mar 01, 2026",ORD-84029,Bruschetta,Appetizers,3,7,21,7.5,Sarah,T2
"Mar 01, 2026",ORD-53812,Bruschetta,Appetizers,2,7,14,5.0,Sarah,T2
2026/03/01,ORD-47851,Margherita Pizza,Pizza,2,15,30,10,John,t3
2026-03-01,ORD-17608,Chicken Wings,Appetizers,1,10,10,4,Sarah,NONE
03/01/2026,ORD-14027,Tiramisu ,Desserts,3,8,24,9.00,John,t3
2026-03-01,ORD-92500,TIRAMISU,Desserts,1,8,8.00,3,MARY,T1
03/01/26,ORD-38171,Chicken Wings,Appetizers,1,10,10,4,john,T5
none,ORD-76607,French Fries,Sides,2,5,10.00,3.00,,T1
01 Mar 2026,ORD-82155,  Chicken Wings  ,Appetizers,3,10,NULL,12,john,T2
01 Mar 2026,ORD-93074,Pepperoni Pizza,Pizza,2,18,36,12.00,,T2
03/01/2026,ORD-37368,Margherita Pizza,Pizza,3,15,45,15,,
03/01/2026,ORD-86439,TIRAMISU,Desserts,2,8,£16.00,6,sarah,
"Mar 01, 2026",ORD-38429,Margherita Pizza,Pizza,2,15,30,10,john,N/A
01.03.2026,ORD-23184,Soda,Drinks,2,3,6,1.0,sarah,T5
2026/03/01,ORD-79316,Caesar Salad,Salads,3,12,36,12,,T1
2026/03/01,ORD-18453,Soda,Drinks,1,3,3,£0.50,Sarah,t3
"Mar 01, 2026",ORD-77356,Caesar Salad ,Salads,2,12,24,8.00,john,N/A
03/01/26,ORD-77664,Tiramisu,Desserts,1,8,8,₺3.00,none,T1
"Mar 01, 2026",ORD-75933,Chicken Wings,Appetizers,2,10,NA,8.00 USD,NA,T2
01/03/26,ORD-29964,French Fries,Sides,2,5,NONE,3.0,sarah,T2
"Mar 01, 2026",ORD-48560,Soda,Drinks,2,3,6.00,1.0,Sarah,T5
01 Mar 2026,ORD-63466,Coffee ,Drinks,1,4,4,1,john,
03/01/26,ORD-62464,Margherita Pizza,Pizza,2,15,30,10.00,sarah,T2
2026/03/01,ORD-73990,Caesar Salad,Salads,2,12,24,8.00,John,nan
2026/03/01,ORD-42806,Chicken  Wings,Appetizers,2,10,20,"8,00",john,
03/01/26,ORD-98757,Tiramisu,Desserts,2,8,16,6,john,none
03/01/26,ORD-71045,Coffee,Drinks,2,4,8,2,,T2
03/01/26,ORD-30051,Chicken Wings,Appetizers,3,10,30.00 TRY,12,John,T2
03/01/26,ORD-71354,Tiramisu ,Desserts,1,8,8,3,John,
null,ORD-93240,Soda,Drinks,2,3,6,1.0,,T2
01 Mar 2026,ORD-87440,FRENCH FRIES,Sides,2,5,10.00,"3,00",Sarah,t3
"Mar 01, 2026",ORD-56019,Pepperoni Pizza,Pizza,1,18,18,6,sarah,
01/03/2026,ORD-47545,French Fries,Sides,3,5,15.00,4.5,john,
03/01/2026,ORD-33155,Tiramisu,Desserts,3,8,24,9,,T2
2026/03/01,ORD-93866,Tiramisu,Desserts,1,8,8,3,n/a,T2
01-03-2026,ORD-16204,Pepperoni Pizza,Pizza,3,18,54,18,,T5
01.03.2026,ORD-98327,Bruschetta,Appetizers,3,7,NULL,7.5,sarah,T5
2026-03-01,ORD-41730,Soda,Drinks,1,3,3,0.5,,T2
01-03-2026,ORD-30394,Pepperoni Pizza,Pizza,3,18,54,18,,none
01-03-2026,ORD-61792,French Fries,Sides,2,5,10,₺3.00,sarah,t3
"Mar 01, 2026",ORD-30391,Chicken Wings,Appetizers,3,10,30,12,sarah,T1
01-03-2026,ORD-93407,Tiramisu,Desserts,1,8,8,3,MARY,T1
2026/03/01,ORD-96692,Coffee,Drinks,2,4,8,2,John,
01/03/2026,ORD-38104,Bruschetta,Appetizers,3,7,"21,00",7.5,john,T1
01.03.2026,ORD-43053,French Fries,Sides,2,5,10,3.0,,NULL
03/01/2026,ORD-30436,Bruschetta,Appetizers,1,7,7,2.5,,T2
01 Mar 2026,ORD-14820,Caesar Salad,Salads,3,12,36.00,12,,T1
01.03.2026,ORD-57146,Margherita Pizza,Pizza,1,15,15,"5,00",-,
2026/03/01,ORD-23480,Beef Burger,Burgers,3,14,42,18,sarah,t3
nan,ORD-17034,Pepperoni Pizza,Pizza,1,18,18,6,MARY,t3
03/01/26,ORD-80277,Soda,Drinks,3,3,9,1.5,Sarah,T2
01/03/26,ORD-38012,Soda,Drinks,1,3,₺3.00,0.5,John,t3
01/03/26,ORD-64180,Caesar Salad,Salads,1,12,12,,john,T2
03/01/26,ORD-41322,Soda,Drinks,3,3,9,1.5,John,T5
03/01/26,ORD-12347,Beef Burger,Burgers,2,14,28,12,Sarah,T1
02 Mar 2026,ORD-95553,Bruschetta,Appetizers,2,7,14,"5,00",john,t3
03/02/2026,ORD-72319,Beef Burger,Burgers,2,14,28,£12.00,,T2
02/03/2026,ORD-60365,Chicken Wings,Appetizers,2,10,NONE,8,john,T2
03/02/2026,ORD-70233,Coffee,Drinks,1,4,4,1,John,t3
03/02/2026,ORD-97793,Pepperoni Pizza,Pizza,2,18,36,12,,T5
02.03.2026,ORD-38442,beef burger,Burgers,2,14,28.00,12,NULL,T5
02 Mar 2026,ORD-69679,Soda,Drinks,3,3,9,1.5,sarah,T2
03/02/2026,ORD-23486,Tiramisu,Desserts,1,8,8,3,John,T1
02 Mar 2026,ORD-33235,Tiramisu,Desserts,1,8,8.00,3.00,john,
02-03-2026,ORD-48025,Caesar Salad,Salads,3,12,₺36.00,12.00,sarah,T2
2026-03-02,ORD-60022,Caesar Salad,Salads,3,12,36,12,,t3
"Mar 02, 2026",ORD-57004,Coffee,Drinks,3,4,12,3.00,Sarah,
02.03.2026,ORD-90730,Chicken Wings,Appetizers,3,10,-,"12,00",John,
"Mar 02, 2026",ORD-91790,Coffee,Drinks,1,4,4.00,1,MARY,t3
02/03/26,ORD-95181,Soda,Drinks,2,3,6.0%,N/A,sarah,
03/03/26,ORD-33311,Margherita Pizza,Pizza,2,15,30,10,MARY,T1
03 Mar 2026,ORD-91551,  Bruschetta  ,Appetizers,3,7,₺21.00,7.5,Sarah,T2
03/03/26,ORD-32687,  Soda  ,Drinks,2,3,6,1.0,MARY,T2
2026-03-03,ORD-68863,Caesar Salad ,Salads,2,12,24,8,MARY,T5
none,ORD-30334,Bruschetta,Appetizers,1,7,7,--,MARY,t3
03/03/2026,ORD-28533,Beef Burger,Burgers,3,14,42,18.00 USD,john,T5
"Mar 03, 2026",ORD-34926,French Fries,Sides,1,5,5.0%,1.5,Sarah,NONE
NA,ORD-95587,Pepperoni Pizza,Pizza,2,18,36,12,,N/A
03/03/26,ORD-65131,Chicken Wings,Appetizers,1,10,10,4.00,John,t3
03/03/2026,ORD-10156,Tiramisu,Desserts,2,8,16.00,6,John,
03-03-2026,ORD-43575,Coffee,Drinks,3,4,nan,3,,t3
2026/03/03,ORD-66303,Pepperoni Pizza,Pizza,3,18,54.00,18,Sarah,T1
03.03.2026,ORD-23523,Pepperoni Pizza,Pizza,1,18,18,6.00 EUR,MARY,T2
03-03-2026,ORD-20765,Caesar Salad,Salads,3,12,36,null,Sarah,T2
03-03-2026,ORD-97160,Chicken Wings,Appetizers,1,10,10,4,sarah,
03.03.2026,ORD-14948,Pepperoni Pizza,Pizza,3,18,54,18.00 USD,John,t3
2026-03-03,ORD-58357,Coffee,Drinks,1,4,4,1.0%,john,T2
03.03.2026,ORD-49746,Coffee,Drinks,1,4,4,1,John,T1
03-03-2026,ORD-60073,Coffee,Drinks,1,4,4,1.0%,sarah,
"Mar 03, 2026",ORD-79354,Caesar Salad,Salads,3,12,"36,00",12.00,,NULL
2026-03-03,ORD-82624,Pepperoni Pizza,Pizza,2,18,36,12,MARY,N/A
03/03/2026,ORD-94472,Margherita Pizza,Pizza,3,15,45.00,15,John,T5
"Mar 03, 2026",ORD-21826,Bruschetta,Appetizers,1,7,7,nan,Sarah,t3
03 Mar 2026,ORD-61186,Bruschetta,Appetizers,1,7,7.0%,2.5,Sarah,NULL
2026-03-03,ORD-93043,Bruschetta,Appetizers,1,7,7,2.5,MARY,T2
03/03/26,ORD-29562,Tiramisu,Desserts,2,8,16,6,Sarah,--
2026-03-03,ORD-95253,Beef Burger,Burgers,2,14,28,12,--,T1
03-03-2026,ORD-60597,French Fries,Sides,2,5,10.00 EUR,3.0,sarah,T2
03.03.2026,ORD-61401,Chicken Wings,Appetizers,1,10,10,4,John,T2
03/03/26,ORD-37457,Beef Burger,Burgers,1,14,14,6.00 TRY,NULL,T1
03.03.2026,ORD-42489,Coffee,Drinks,3,4,12.00,3,nan,T2
03/03/2026,ORD-65528,Coffee,Drinks,3,4,12,3,,T2
04/03/26,ORD-30645,French Fries,Sides,1,5,5,₺1.50,Sarah,NONE
2026-03-04,ORD-46396,Coffee,Drinks,2,4,"8,00",2,John,
03/04/2026,ORD-90409,Beef Burger ,Burgers,2,14,28,£12.00,--,T5
04/03/26,ORD-89302,French Fries,Sides,3,5,"15,00",4.5,,T2
04/03/26,ORD-27239,French Fries,Sides,1,5,5,1.50 TRY,Sarah,
04.03.2026,ORD-20114,Tiramisu,Desserts,2,8,16,6,sarah,T2
04-03-2026,ORD-76410,Tiramisu,Desserts,2,8,16,6,john,t3
"Mar 04, 2026",ORD-39297,Tiramisu,Desserts,3,8,24.0%,9.00,,
03/04/26,ORD-76233,Chicken Wings,Appetizers,2,10,20.00,8,MARY,T5
04/03/26,ORD-43932,French Fries,Sides,3,5,15,$4.50,MARY,
03/04/2026,ORD-39081,Chicken Wings,Appetizers,1,10,10.00 TRY,4,Sarah,T2
04.03.2026,ORD-70261,Bruschetta,Appetizers,1,7,7,€2.50,sarah,T1
03/04/2026,ORD-56834,Bruschetta,Appetizers,2,7,£14.00,5.0,John,
2026-03-04,ORD-11996,Bruschetta,Appetizers,3,7,21,NULL,john,N/A
03/04/2026,ORD-19593,Soda,Drinks,1,3,3,0.5%,--,T2
04 Mar 2026,ORD-78326,Coffee,Drinks,1,4,"4,00",1.00 USD,John,T2
04.03.2026,ORD-45792,Margherita Pizza,Pizza,1,15,15,5,n/a,T2
04-03-2026,ORD-25065,Beef Burger,Burgers,3,14,42,18,John,T5
"Mar 04, 2026",ORD-13909,Caesar Salad,Salads,1,12,"12,00",4,sarah,null
04/03/26,ORD-57224,Soda,Drinks,3,3,9,1.50,,t3
03/04/2026,ORD-89283,SODA,Drinks,3,3,9,1.5,,T2
2026-03-04,ORD-18195,French Fries,Sides,2,5,10.00 USD,3.0%,John,T1
04 Mar 2026,ORD-37786,Coffee,Drinks,3,4,12.00 TRY,3,MARY,T5
03/04/26,ORD-36114,Tiramisu,Desserts,1,8,8.00,3,NONE,t3
04 Mar 2026,ORD-12979,Soda,Drinks,2,3,6.00,1.0,John,
"Mar 04, 2026",ORD-85624,Bruschetta,Appetizers,2,7,14.00,NA,John,NA
04.03.2026,ORD-35353,Tiramisu,Desserts,3,8,24,9,sarah,NULL
NA,ORD-68256,Margherita Pizza,Pizza,1,15,15,5,John,
05/03/26,ORD-33428,Margherita Pizza,Pizza,3,15,45.00,15,john,
NULL,ORD-40112,Caesar Salad,Salads,2,12,24,8,NA,
2026/03/05,ORD-27490,Soda,Drinks,3,3,9,1.5,NULL,T2
03/05/26,ORD-52090,Tiramisu,Desserts,1,8,8,$3.00,Sarah,NA
"Mar 05, 2026",ORD-66432,Soda,Drinks,1,3,3,0.5,John,T5
05/03/2026,ORD-86095,Chicken Wings,Appetizers,1,10,10,4,John,t3
"Mar 05, 2026",ORD-86383,Beef Burger,Burgers,3,14,42,18,,T2
05/03/26,ORD-15037,Chicken Wings,Appetizers,2,10,20,8,,T5
2026/03/05,ORD-99010,Bruschetta,Appetizers,3,7,£21.00,7.5,john,T2
05 Mar 2026,ORD-12904,Margherita Pizza,Pizza,3,15,45,15,John,T5
05.03.2026,ORD-56604,French Fries,Sides,1,5,5,1.5,Sarah,T5
"Mar 05, 2026",ORD-58675,Tiramisu,Desserts,2,8,16,6,sarah,t3
03/05/26,ORD-17037,Chicken Wings,Appetizers,3,10,£30.00,12,NONE,
05.03.2026,ORD-66151,Chicken Wings,Appetizers,1,10,10,4,,
2026/03/05,ORD-87194,Margherita Pizza,Pizza,1,15,15,5.00 EUR,john,T5
03/05/26,ORD-38127,tiramisu,Desserts,3,8,24,9,sarah,t3
03/05/26,ORD-71007,Chicken Wings,Appetizers,1,10,10,4,MARY,
"Mar 05, 2026",ORD-94542,French Fries,Sides,2,5,10,3.0,,
03/05/2026,ORD-94198,Margherita Pizza,Pizza,3,15,45.0%,15,NA,NULL
03/05/26,ORD-62010,French Fries,Sides,3,5,NULL,NONE,Sarah,T5
"Mar 05, 2026",ORD-61119,Soda,Drinks,3,3,9.00,1.5,sarah,NULL
2026-03-05,ORD-15035,Soda,Drinks,1,3,3,0.5,MARY,T2
--,ORD-47301,Pepperoni Pizza,Pizza,1,18,18.0%,6,,t3
06.03.2026,ORD-15919,Bruschetta,Appetizers,2,7,14,5.00,Sarah,T5
2026-03-06,ORD-42257,Tiramisu,Desserts,1,8,8.00,3,Sarah,
06/03/2026,ORD-79976,Coffee,Drinks,3,4,12,3.00,john,T5
2026/03/06,ORD-86611,Caesar Salad,Salads,1,12,12,4,MARY,nan
06-03-2026,ORD-86597,FRENCH FRIES,Sides,1,5,5,1.5,john,NA
06-03-2026,ORD-81986,Tiramisu,Desserts,3,8,24.0%,9,John,--
06.03.2026,ORD-33418,  Beef Burger  ,Burgers,2,14,28,12,MARY,T1
2026-03-06,ORD-90727,Beef Burger,Burgers,1,14,14.00,€6.00,Sarah,T2
06-03-2026,ORD-66388,French Fries,Sides,1,5,5,1.5,MARY,
2026-03-06,ORD-85457,Bruschetta,Appetizers,3,7,21.00,€7.50,sarah,T5
06/03/2026,ORD-39865,Margherita Pizza,Pizza,3,15,45,15,Sarah,T1
06.03.2026,ORD-79414,Margherita Pizza,Pizza,3,15,45.00,15.00 TRY,none,
06-03-2026,ORD-18577,Bruschetta,Appetizers,1,7,7,£2.50,,NULL
06 Mar 2026,ORD-98097,Caesar Salad,Salads,1,12,12,4,,T5
03/06/2026,ORD-62709,Tiramisu,Desserts,1,8,null,3,,T2
2026-03-06,ORD-50856,Bruschetta ,Appetizers,1,7,£7.00,€2.50,Sarah,T1
06-03-2026,ORD-48587,Margherita Pizza,Pizza,1,15,15,5,Sarah,T2
03/06/2026,ORD-82542,Chicken Wings,Appetizers,3,10,30,12,,
03/06/2026,ORD-18589,Tiramisu,Desserts,1,8,8,3.00,John,t3
06-03-2026,ORD-53507,Chicken Wings,Appetizers,2,10,20.00,8,null,T1
03/06/2026,ORD-19627,Soda,Drinks,2,3,6.00,1.0,john,t3
03/06/2026,ORD-93138,Margherita Pizza ,Pizza,1,15,15,5,john,
06 Mar 2026,ORD-18126,Beef Burger,Burgers,2,14,28,12.00,Sarah,
03/06/2026,ORD-80990,Pepperoni Pizza,Pizza,1,18,18.00 USD,6,NONE,
03/06/2026,ORD-58259,Pepperoni Pizza,Pizza,1,18,18,6,MARY,T2
2026-03-06,ORD-71861,Caesar Salad,Salads,1,12,12.0%,4,Sarah,t3
06/03/2026,ORD-45613,Bruschetta,Appetizers,1,7,7,null,,t3
2026-03-06,ORD-17626,Margherita Pizza,Pizza,2,15,30,10,john,T1
06/03/2026,ORD-65864,Chicken Wings,Appetizers,1,10,"10,00",4.00,John,null
03/06/2026,ORD-99022,Tiramisu,Desserts,2,8,16,6.00 EUR,,t3
03/06/2026,ORD-99834,Bruschetta,Appetizers,2,7,14,"5,00",MARY,
06.03.2026,ORD-38742,Beef Burger,Burgers,1,14,14,6,NA,nan
06/03/26,ORD-78782,Tiramisu,Desserts,1,8,₺8.00,3.00 TRY,-,T5
06/03/2026,ORD-79945,French Fries,Sides,3,5,15,4.5,MARY,T2
03/06/2026,ORD-58342,Caesar Salad,Salads,3,12,36.00,12.00,Sarah,T5
2026-03-06,ORD-58152,  Chicken Wings  ,Appetizers,1,10,10,4.00,John,T5
06-03-2026,ORD-21302,Tiramisu,Desserts,1,8,8,,sarah,T5
03/06/26,ORD-57761,Soda,Drinks,1,3,3.00 USD,0.5%,John,T2
06/03/2026,ORD-39463,Margherita Pizza,Pizza,3,15,45,15.00,john,t3
06/03/26,ORD-74173,Coffee,Drinks,2,4,8,2,John,
06 Mar 2026,ORD-59353,Coffee,Drinks,3,4,12.0%,3,John,T2
06/03/26,ORD-60760,Tiramisu,Desserts,2,8,16,6,,T5
2026/03/06,ORD-66360,Chicken Wings,Appetizers,3,10,30,$12.00,john,
06/03/26,ORD-93495,Tiramisu,Desserts,3,8,24,9,john,null
03/06/26,ORD-10306,Coffee,Drinks,2,4,8,2,John,T5
06 Mar 2026,ORD-80355,Margherita Pizza,Pizza,1,15,15.00,5.00 USD,MARY,
06-03-2026,ORD-94661,Beef Burger,Burgers,1,14,14,6,Sarah,
07-03-2026,ORD-96597,Soda,Drinks,3,3,£9.00,1.5,John,T5
07.03.2026,ORD-57877,Margherita Pizza,Pizza,2,15,30,10,,nan
03/07/2026,ORD-71250,Margherita Pizza,Pizza,3,15,45,15,,t3
2026/03/07,ORD-97868,French Fries,Sides,2,5,10.00 EUR,3.0,,t3
"Mar 07, 2026",ORD-30552,Bruschetta,Appetizers,3,7,"21,00",7.5,sarah,T1
--,ORD-13440,Caesar Salad,Salads,1,12,12,4,Sarah,t3
2026-03-07,ORD-78785,Tiramisu,Desserts,1,8,8,3,John,T1
07 Mar 2026,ORD-87310,Chicken Wings,Appetizers,1,10,10,4,MARY,
03/07/26,ORD-43383,Beef  Burger,Burgers,2,14,28.00 TRY,12,sarah,T2
03/07/26,ORD-31781,Pepperoni Pizza,Pizza,3,18,54,€18.00,John,T2
03/07/2026,ORD-16114,Chicken Wings,Appetizers,2,10,20,8.00,john,--
2026-03-07,ORD-15809,SODA,Drinks,2,3,6,1.0,MARY,T5
07 Mar 2026,ORD-72712,Coffee,Drinks,3,4,12,3,MARY,
07.03.2026,ORD-93756,Beef Burger,Burgers,2,14,"28,00",12,MARY,n/a
03/07/2026,ORD-89382,Tiramisu,Desserts,1,8,8,3.00,john,T1
2026-03-07,ORD-22243,Coffee,Drinks,1,4,4,1,john,T5
07/03/26,ORD-36641,Caesar Salad,Salads,2,12,24.00,"8,00",Sarah,t3
07-03-2026,ORD-42613,  Bruschetta  ,Appetizers,3,7,21,7.5,john,t3
07/03/2026,ORD-93940,Caesar Salad,Salads,2,12,24,8,john,T5
03/07/2026,ORD-72470,french fries,Sides,1,5,5,1.5,john,none
2026-03-07,ORD-42896,French Fries,Sides,1,5,₺5.00,1.5,NONE,T1
"Mar 07, 2026",ORD-62682,Bruschetta,Appetizers,3,7,21,none,sarah,
2026/03/07,ORD-41090,French Fries,Sides,2,5,10.00,3.00,,T5
07/03/2026,ORD-34006,Bruschetta,Appetizers,3,7,21,7.5,sarah,t3
07 Mar 2026,ORD-69390,Caesar Salad,Salads,2,12,24,8,MARY,
07 Mar 2026,ORD-47823,Soda,Drinks,3,3,9,1.5,john,t3
"Mar 07, 2026",ORD-72437,Margherita Pizza,Pizza,2,15,30,10.00 EUR,MARY,T5
07-03-2026,ORD-13754,Soda,Drinks,1,3,3.00,0.5,john,
2026/03/07,ORD-95982,Pepperoni Pizza,Pizza,3,18,54,18,,T5
"Mar 07, 2026",ORD-25247,Beef Burger,Burgers,1,14,14,6,John,T1
07/03/26,ORD-48614,Chicken Wings,Appetizers,2,10,20,8,john,T2
"Mar 07, 2026",ORD-55225,Soda,Drinks,3,3,9,1.5,sarah,T2
07/03/26,ORD-72519,Margherita Pizza,Pizza,2,15,30,10.0%,Sarah,T2
03/07/2026,ORD-93493,Margherita Pizza,Pizza,3,15,45,€15.00,Sarah,
"Mar 07, 2026",ORD-73855,French  Fries,Sides,1,5,5.00,1.5,Sarah,T5
03/07/2026,ORD-74275,Bruschetta,Appetizers,1,7,"7,00",2.5,MARY,T1
null,ORD-75590,Margherita Pizza,Pizza,1,15,15.00,--,MARY,N/A
nan,ORD-84369,Coffee,Drinks,1,4,4,1.00,john,T5
07/03/2026,ORD-46220,Chicken Wings,Appetizers,1,10,10.00,4,Sarah,T2
"Mar 07, 2026",ORD-88830,Soda,Drinks,1,3,3.00 TRY,"0,50",John,t3
2026/03/07,ORD-41865,Bruschetta ,Appetizers,3,7,21.00 EUR,7.5,--,T1
2026/03/07,ORD-43333,MARGHERITA PIZZA,Pizza,2,15,nan,10.00 EUR,john,T2
2026/03/07,ORD-45956,Margherita Pizza,Pizza,3,15,45,15,,T2
2026/03/07,ORD-35477,Soda,Drinks,2,3,6,1.0,john,T5
03/07/26,ORD-85017,Bruschetta,Appetizers,2,7,14.00,none,john,
03/07/26,ORD-43168,Soda,Drinks,2,3,6,1.0,MARY,
07 Mar 2026,ORD-20438,Caesar Salad,Salads,3,12,36,12.00,,
2026-03-07,ORD-35175,Bruschetta,Appetizers,3,7,21.00,7.5%,NULL,t3
07.03.2026,ORD-61203,Margherita Pizza,Pizza,1,15,15,5,none,
03/07/2026,ORD-69894,Bruschetta ,Appetizers,2,7,n/a,5.0,-,T2
2026-03-07,ORD-45289,Margherita Pizza,Pizza,3,15,$45.00,15,Sarah,
07.03.2026,ORD-91875,Margherita Pizza,Pizza,1,15,15,"5,00",john,T1
07/03/26,ORD-23534,Beef Burger,Burgers,3,14,42,18,,T1
07.03.2026,ORD-35174,Chicken Wings,Appetizers,3,10,30,12,Sarah,T2
07-03-2026,ORD-47177,Coffee,Drinks,1,4,4,1,,t3
2026/03/07,ORD-77986,Beef Burger,Burgers,2,14,28,$12.00,sarah,
03/07/26,ORD-40590,Chicken Wings,Appetizers,3,10,30,£12.00,,
07.03.2026,ORD-70289,Bruschetta,Appetizers,3,7,21,7.5,N/A,
2026/03/07,ORD-27591,Coffee,Drinks,2,4,8.0%,2.00,sarah,t3
2026-03-07,ORD-49161,Pepperoni Pizza,Pizza,2,18,36,12,john,T1
03/07/26,ORD-88818,Soda,Drinks,3,3,"9,00","1,50",MARY,T1
03/07/26,ORD-66186,  Chicken Wings  ,Appetizers,1,10,10.00 TRY,4.00,MARY,
03/07/26,ORD-99990,Soda,Drinks,2,3,6,"1,00",,T1
03/07/2026,ORD-50007,Tiramisu,Desserts,2,8,16,6.00 TRY,John,T5
07.03.2026,ORD-90332,Coffee,Drinks,1,4,4.00 TRY,1.00 EUR,,T5
2026/03/07,ORD-36895,coffee,Drinks,3,4,"12,00",3,NA,T1
07/03/2026,ORD-33142,Chicken Wings,Appetizers,3,10,30,12,n/a,--
07 Mar 2026,ORD-28302,bruschetta,Appetizers,2,7,14.0%,5.0,,
2026-03-07,ORD-76136,Caesar Salad,Salads,1,12,none,4,,t3
n/a,ORD-58055,Bruschetta,Appetizers,1,7,7,2.5,MARY,T2
2026/03/07,ORD-24301,Beef Burger,Burgers,2,14,"28,00",12,,T1
2026/03/07,ORD-35096,Bruschetta,Appetizers,3,7,21,7.5,NULL,T1
"Mar 07, 2026",ORD-13561,Caesar Salad,Salads,1,12,12,4,sarah,NONE
07/03/26,ORD-36245,Tiramisu,Desserts,3,8,24,9.00,John,T5
03/07/2026,ORD-86100,Caesar Salad,Salads,1,12,12,4,john,
03/07/26,ORD-20525,Pepperoni Pizza,Pizza,1,18,18,6,John,T2
07-03-2026,ORD-64405,Beef Burger,Burgers,3,14,42,18,,
03/07/2026,ORD-52425,Chicken Wings,Appetizers,1,10,10,4,Sarah,T1
07-03-2026,ORD-61492,Pepperoni Pizza,Pizza,3,18,54,18,John,T1
2026/03/07,ORD-66871,Coffee,Drinks,2,4,8,2,,
none,ORD-98879,French Fries,Sides,2,5,10,3.0,John,NONE
03/07/26,ORD-85199,French Fries,Sides,1,5,5,1.5,John,t3
07/03/26,ORD-95126,Tiramisu,Desserts,2,8,16.00,,sarah,T1
03/07/2026,ORD-37852,Beef Burger,Burgers,2,14,28.00,12.0%,MARY,T1
,ORD-94130,Bruschetta,Appetizers,2,7,14,5.0,john,
07/03/26,ORD-49975,Tiramisu,Desserts,1,8,8,3,MARY,
07.03.2026,ORD-45442,Beef Burger,Burgers,1,14,14,6.0%,john,
07/03/26,ORD-94049,Caesar Salad,Salads,3,12,36,"12,00",null,
07/03/2026,ORD-52328,Bruschetta,Appetizers,3,7,21,7.5,Sarah,T1
07.03.2026,ORD-55756,Chicken Wings,Appetizers,1,10,10,4,,T2
03/07/2026,ORD-36047,Bruschetta,Appetizers,3,7,21,€7.50,MARY,
2026/03/07,ORD-50395,Soda,Drinks,1,3,3,0.5,NA,n/a
2026-03-07,ORD-43177,Bruschetta,Appetizers,3,7,21,7.5,sarah,
07 Mar 2026,ORD-85062,Caesar  Salad,Salads,3,12,36,12.00,MARY,
07-03-2026,ORD-25224,Tiramisu,Desserts,3,8,24,9,NA,T2
03/07/2026,ORD-48864,Pepperoni Pizza,Pizza,3,18,54,18.00,john,T5
07/03/26,ORD-67945,Bruschetta,Appetizers,3,7,21,7.5%,john,T2
-,ORD-90966,soda,Drinks,2,3,6.0%,1.0,sarah,T2
08.03.2026,ORD-27347,Soda,Drinks,3,3,9.00 TRY,1.5,Sarah,-
,ORD-64835,  Beef Burger  ,Burgers,2,14,28.00,null,sarah,--
-,ORD-49218,Beef Burger,Burgers,1,14,14,6,Sarah,t3
08-03-2026,ORD-17678,Tiramisu,Desserts,1,8,8,3,,T5
08 Mar 2026,ORD-22476,Tiramisu,Desserts,1,8,8,3,John,
03/08/2026,ORD-71100,Bruschetta,Appetizers,3,7,21,7.5,sarah,NONE
"Mar 08, 2026",ORD-61732,Beef Burger,Burgers,3,14,42,18.00 USD,Sarah,
08/03/26,ORD-44484,French  Fries,Sides,1,5,5,1.50,MARY,T2
2026/03/08,ORD-92680,Chicken Wings,Appetizers,1,10,10,€4.00,Sarah,t3
08/03/2026,ORD-26560,Beef Burger,Burgers,1,14,14,6,Sarah,none
08/03/2026,ORD-91362,Beef Burger,Burgers,1,14,14,6.0%,MARY,T1
08 Mar 2026,ORD-65230,BEEF BURGER,Burgers,1,14,14,6,Sarah,t3
03/08/26,ORD-97943,Chicken Wings,Appetizers,3,10,30,12.00 USD,sarah,
08-03-2026,ORD-16702,Caesar Salad,Salads,3,12,36,12,Sarah,
"Mar 08, 2026",ORD-15077,Coffee,Drinks,1,4,4,1,,t3
08/03/26,ORD-67090,French Fries,Sides,2,5,10,3.0,MARY,T2
2026-03-08,ORD-88388,Soda,Drinks,2,3,6.00 USD,1.0,John,
2026-03-08,ORD-64758,Chicken Wings,Appetizers,2,10,20,8,Sarah,T1
2026-03-08,ORD-11132,Soda,Drinks,1,3,3,0.5%,john,
"Mar 08, 2026",ORD-15751,Chicken Wings,Appetizers,3,10,30,12.00,Sarah,T2
03/08/2026,ORD-75317,Soda,Drinks,1,3,3,0.5,John,
2026-03-08,ORD-67501,Tiramisu ,Desserts,2,8,16,6,Sarah,T1
nan,ORD-33481,Coffee,Drinks,2,4,8,2,John,T5
08 Mar 2026,ORD-19869,Chicken Wings,Appetizers,2,10,20,NONE,sarah,T2
08/03/26,ORD-99647,Pepperoni Pizza,Pizza,1,18,18,6.00,sarah,t3
03/08/26,ORD-22132,Soda,Drinks,3,3,9,1.5,Sarah,null
2026/03/08,ORD-43780,Caesar Salad,Salads,2,12,24,8.0%,Sarah,T1
08/03/26,ORD-28597,Pepperoni Pizza,Pizza,2,18,36.0%,12,,T2
03/08/2026,ORD-64753,Pepperoni Pizza,Pizza,2,18,36,₺12.00,MARY,
2026/03/08,ORD-55454,Soda,Drinks,2,3,6,1.00,Sarah,t3
,ORD-55960,Chicken Wings,Appetizers,2,10,20,8.00,,
08 Mar 2026,ORD-75888,Margherita Pizza,Pizza,1,15,15,"5,00",John,T2
08.03.2026,ORD-76283,Margherita Pizza,Pizza,2,15,£30.00,10,nan,T5
03/08/26,ORD-37974,Beef Burger,Burgers,2,14,28,12.00,,T1
"Mar 08, 2026",ORD-83454,Bruschetta,Appetizers,3,7,null,7.50,,t3
08 Mar 2026,ORD-69393,French Fries,Sides,3,5,15,4.5,john,T1
08 Mar 2026,ORD-61340,Bruschetta,Appetizers,3,7,21,7.5,NULL,T1
03/08/26,ORD-78922,French Fries,Sides,1,5,5,1.5,John,
08.03.2026,ORD-31506,Beef Burger,Burgers,1,14,14,6,,t3
08.03.2026,ORD-10150,Chicken Wings,Appetizers,2,10,20,8,,T1
NA,ORD-97164,French Fries,Sides,2,5,10.00,3.00 EUR,,NULL
08.03.2026,ORD-83271,Pepperoni Pizza,Pizza,3,18,54,18,sarah,
2026-03-08,ORD-76848,Beef Burger,Burgers,2,14,28,12,NULL,NONE
2026/03/08,ORD-17814,tiramisu,Desserts,2,8,16,6.0%,John,
08/03/26,ORD-87664,FRENCH FRIES,Sides,2,5,10.00,3.00,,t3
2026-03-08,ORD-73414,French Fries,Sides,3,5,15.00,4.5,,T5
08.03.2026,ORD-87134,Caesar Salad,Salads,3,12,36.00,12,john,T5
2026-03-08,ORD-74434,Bruschetta,Appetizers,3,7,21,7.50,John,
08-03-2026,ORD-73184,  Soda  ,Drinks,2,3,6,1.0,,none
08 Mar 2026,ORD-76531,French Fries,Sides,3,5,"15,00",₺4.50,Sarah,T2
08-03-2026,ORD-67166,Bruschetta,Appetizers,1,7,7,2.5,MARY,null
08-03-2026,ORD-90444,Beef Burger,Burgers,1,14,"14,00",6,Sarah,T5
08/03/2026,ORD-98199,Chicken Wings,Appetizers,3,10,30,12.00,sarah,t3
08 Mar 2026,ORD-89296,Chicken Wings,Appetizers,2,10,20,8,Sarah,none
"Mar 08, 2026",ORD-78667,Bruschetta,Appetizers,1,7,7,2.5,Sarah,T5
08/03/2026,ORD-91335,Bruschetta,Appetizers,1,7,7,2.5,MARY,
03/08/2026,ORD-30862,French Fries,Sides,1,5,5,1.5,Sarah,T2
08 Mar 2026,ORD-81639,Tiramisu,Desserts,3,8,24.00,9,,T5
2026-03-08,ORD-72410,CAESAR SALAD,Salads,1,12,--,4.00,Sarah,T1
08/03/26,ORD-34686,Tiramisu,Desserts,1,8,8,3.0%,null,T5
2026/03/08,ORD-65957,Chicken Wings,Appetizers,2,10,20,"8,00",John,T1
2026-03-08,ORD-51618,Beef Burger,Burgers,1,14,14,6,MARY,t3
03/08/2026,ORD-84176,Pepperoni Pizza,Pizza,3,18,54.00 EUR,18,sarah,none
03/08/2026,ORD-12746,Pepperoni Pizza,Pizza,3,18,54.00,nan,John,T2
08/03/26,ORD-56942,Pepperoni Pizza,Pizza,3,18,54,18,sarah,t3
08-03-2026,ORD-26407,Pepperoni Pizza,Pizza,2,18,36,12,john,
08/03/2026,ORD-14499,Coffee,Drinks,1,4,4,1.00,john,--
03/08/26,ORD-35094,Bruschetta,Appetizers,1,7,7,2.5,john,NULL
"Mar 08, 2026",ORD-34861,Pepperoni Pizza,Pizza,1,18,18,6.00 EUR,,
08-03-2026,ORD-81388,pepperoni pizza,Pizza,1,18,18.00,6,sarah,
08/03/2026,ORD-89773,Coffee,Drinks,3,4,12,3,,T2
08.03.2026,ORD-60818,Bruschetta,Appetizers,2,7,14,"5,00",,
"Mar 09, 2026",ORD-46401,Bruschetta,Appetizers,1,7,7,2.5,Sarah,T1
2026/03/09,ORD-96898,caesar salad,Salads,1,12,12,€4.00,John,T1
09/03/2026,ORD-68692,French Fries,Sides,3,5,15,4.5,sarah,t3
03/09/26,ORD-27826,  Tiramisu  ,Desserts,3,8,24,9,NONE,
09-03-2026,ORD-58397,Caesar Salad,Salads,2,12,24,8,John,T5
09/03/2026,ORD-17388,Margherita Pizza,Pizza,1,15,15,5,null,
09 Mar 2026,ORD-13123,Beef Burger,Burgers,2,14,28,$12.00,Sarah,T1
03/09/26,ORD-32406,Coffee,Drinks,2,4,n/a,2,,n/a
09/03/2026,ORD-99059,Bruschetta,Appetizers,1,7,7,2.5,john,NA
09 Mar 2026,ORD-83819,Coffee,Drinks,1,4,4,1,,
2026-03-09,ORD-53944,Chicken Wings,Appetizers,1,10,10,4,,t3
09.03.2026,ORD-34781,Soda,Drinks,2,3,6.0%,n/a,john,T1
03/09/2026,ORD-73961,Chicken Wings,Appetizers,2,10,20,8,MARY,t3
03/09/26,ORD-71038,Margherita Pizza,Pizza,3,15,45,15.00,Sarah,NONE
2026/03/09,ORD-31922,Tiramisu,Desserts,3,8,24.00,9,John,
2026-03-09,ORD-63041,Soda,Drinks,3,3,9,1.5,sarah,-
09/03/2026,ORD-15081,  Beef Burger  ,Burgers,3,14,42.00,18,john,
09/03/2026,ORD-92466,Chicken Wings,Appetizers,2,10,20,8,Sarah,
03/09/26,ORD-48398,Pepperoni Pizza,Pizza,1,18,18,6,sarah,
03/09/26,ORD-85996,French Fries,Sides,1,5,5,1.5,null,T1
09.03.2026,ORD-24237,Bruschetta,Appetizers,2,7,14,5.0%,Sarah,T2
09/03/2026,ORD-18253,Bruschetta,Appetizers,1,7,7,2.5,MARY,T5
2026-03-09,ORD-62925,French Fries,Sides,2,5,$10.00,"3,00",MARY,
"Mar 09, 2026",ORD-72457,Chicken Wings,Appetizers,3,10,30.00,12.00,,t3
2026/03/09,ORD-73094,French Fries,Sides,2,5,10.00 TRY,3.0,NULL,T5
03/09/2026,ORD-62143,pepperoni pizza,Pizza,3,18,-,18.00,sarah,T1
2026-03-09,ORD-29005,Margherita Pizza,Pizza,1,15,15,5.00,MARY,
10/03/2026,ORD-13214,BEEF BURGER,Burgers,3,14,,18,MARY,none
10/03/26,ORD-80334,Bruschetta,Appetizers,1,7,7.00,2.50 EUR,,T1
10 Mar 2026,ORD-98632,Bruschetta,Appetizers,2,7,14,5.0,sarah,t3
2026-03-10,ORD-18244,Beef Burger,Burgers,1,14,€14.00,6.00,NA,T1
03/10/2026,ORD-46500,Coffee,Drinks,2,4,8,2,,
10/03/2026,ORD-21224,Chicken Wings,Appetizers,1,10,10,4,Sarah,t3
"Mar 10, 2026",ORD-94313,Pepperoni Pizza,Pizza,1,18,18,6.00,,
03/10/2026,ORD-52061,French Fries,Sides,1,5,5,1.50,Sarah,T1
03/10/26,ORD-63812,Chicken Wings,Appetizers,1,10,€10.00,4,sarah,t3
03/10/2026,ORD-17077,Bruschetta,Appetizers,3,7,n/a,7.5,john,T5
10/03/26,ORD-50871,Tiramisu,Desserts,3,8,24,9,Sarah,T1
10 Mar 2026,ORD-70738,Tiramisu,Desserts,1,8,8,n/a,,
10-03-2026,ORD-33214,Bruschetta,Appetizers,1,7,7,₺2.50,MARY,T5
10-03-2026,ORD-60042,Chicken Wings,Appetizers,2,10,20,8,,T2
10/03/2026,ORD-62396,French Fries,Sides,1,5,"5,00",1.5%,Sarah,T2
2026/03/10,ORD-58003,Pepperoni Pizza,Pizza,3,18,54,18,John,T2
10-03-2026,ORD-89803,French Fries,Sides,2,5,10.00,3.0,john,NULL
10.03.2026,ORD-82058,Bruschetta,Appetizers,1,7,7,2.50,,T5
10.03.2026,ORD-54164,Caesar Salad,Salads,2,12,24,8,MARY,T5
10/03/26,ORD-22545,Caesar Salad,Salads,2,12,24,8.00 EUR,--,null
10.03.2026,ORD-57838,Pepperoni Pizza,Pizza,1,18,18.00 USD,6,,
--,ORD-53472,Caesar Salad,Salads,1,12,12,4.00 TRY,,t3
2026-03-10,ORD-97623,Margherita Pizza,Pizza,2,15,30,10.00,sarah,T1
03/10/2026,ORD-24793,Pepperoni Pizza,Pizza,2,18,36,12,John,T5
"Mar 10, 2026",ORD-64604,Beef Burger,Burgers,3,14,"42,00",18,N/A,T1
2026-03-10,ORD-91568,Margherita Pizza,Pizza,3,15,45.00,15,MARY,-
03/10/26,ORD-80157,Coffee,Drinks,1,4,$4.00,$1.00,Sarah,null
10 Mar 2026,ORD-62365,Soda,Drinks,2,3,$6.00,NULL,MARY,
10.03.2026,ORD-24713,Caesar Salad ,Salads,2,12,24.00,8,sarah,T2
10/03/26,ORD-86793,Coffee,Drinks,3,4,12,3,Sarah,T1
10/03/26,ORD-57365,Chicken Wings,Appetizers,2,10,20.00 TRY,8,Sarah,T1
10-03-2026,ORD-16169,Chicken Wings ,Appetizers,1,10,10.00 EUR,4.00,john,T2
2026/03/10,ORD-43645,Bruschetta,Appetizers,3,7,NA,7.5,,t3
03/10/26,ORD-23111,Chicken Wings,Appetizers,2,10,20.00 EUR,8.00,,T1
2026/03/10,ORD-93222,BRUSCHETTA,Appetizers,2,7,14,5.0,,
03/10/26,ORD-22166,Tiramisu,Desserts,3,8,"24,00",9,NONE,T2
10/03/2026,ORD-10720,  Soda  ,Drinks,1,3,3,0.50,sarah,T2
10/03/26,ORD-43529,Margherita  Pizza,Pizza,3,15,"45,00",15,MARY,
N/A,ORD-71777,Tiramisu,Desserts,2,8,16,6,sarah,T1
10.03.2026,ORD-78355,  Tiramisu  ,Desserts,1,8,n/a,,John,T5
10.03.2026,ORD-48205,Bruschetta,Appetizers,2,7,14,$5.00,sarah,
03/10/2026,ORD-11980,Soda ,Drinks,2,3,$6.00,1.0,,T1
03/11/2026,ORD-93216,Coffee,Drinks,3,4,12,3,John,T2
11/03/26,ORD-64784,Coffee,Drinks,2,4,8.00,2.0%,Sarah,T1
2026/03/11,ORD-89393,Bruschetta,Appetizers,3,7,₺21.00,7.5,NA,t3
11/03/2026,ORD-77559,Bruschetta,Appetizers,3,7,21,7.5,sarah,T2
11 Mar 2026,ORD-38535,BEEF BURGER,Burgers,1,14,,€6.00,MARY,NULL
11-03-2026,ORD-78861,Bruschetta,Appetizers,2,7,14,5.0,sarah,T2
11-03-2026,ORD-49477,Bruschetta,Appetizers,3,7,21.00,7.5,Sarah,T1
03/11/26,ORD-36239,Beef Burger,Burgers,1,14,14,6,,NONE
11-03-2026,ORD-95795,Tiramisu,Desserts,2,8,£16.00,6,sarah,t3
2026/03/11,ORD-88456,Pepperoni Pizza,Pizza,3,18,54,18,,T5
03/11/26,ORD-20784,Margherita Pizza,Pizza,2,15,30.0%,10,Sarah,
2026-03-11,ORD-20427,Pepperoni Pizza,Pizza,1,18,18.00,6,Sarah,
11 Mar 2026,ORD-88513,Tiramisu,Desserts,1,8,8,3,,T2
2026/03/11,ORD-30071,Pepperoni Pizza,Pizza,1,18,18,6.00 USD,sarah,T2
11 Mar 2026,ORD-28426,Margherita Pizza ,Pizza,1,15,15.0%,5.00,sarah,
03/11/26,ORD-50014,French Fries,Sides,2,5,"10,00",3.00,MARY,NONE
03/11/26,ORD-18551,Caesar Salad,Salads,3,12,36,12,sarah,
03/11/2026,ORD-81492,Beef Burger,Burgers,3,14,42.00,18,John,T1
"Mar 11, 2026",ORD-34722,Chicken Wings,Appetizers,3,10,30.00,12,n/a,T2
12/03/26,ORD-69631,Caesar Salad,Salads,1,12,12,4,,T2
12/03/2026,ORD-31836,French Fries,Sides,2,5,10.0%,3.00 USD,sarah,T1
2026-03-12,ORD-59321,Tiramisu,Desserts,1,8,8.00,"3,00",MARY,T5
12-03-2026,ORD-35724,Beef  Burger,Burgers,3,14,42.00 USD,"18,00",Sarah,
2026/03/12,ORD-28733,French  Fries,Sides,2,5,10,3.0,sarah,T5
03/12/26,ORD-63778,Beef Burger,Burgers,3,14,42.00,18.00,MARY,T1
12 Mar 2026,ORD-46777,PEPPERONI PIZZA,Pizza,1,18,18,6,John,T2
03/12/26,ORD-12549,Caesar Salad,Salads,3,12,36.0%,12,none,NULL
03/12/26,ORD-97666,Bruschetta ,Appetizers,3,7,21.0%,7.5,john,
12 Mar 2026,ORD-93130,Chicken Wings,Appetizers,3,10,30.0%,12,john,
12/03/26,ORD-28213,Coffee,Drinks,2,4,8,€2.00,john,t3
03/12/26,ORD-27985,Beef Burger,Burgers,3,14,42.00 TRY,18.00,Sarah,N/A
2026-03-12,ORD-16406,Coffee,Drinks,2,4,8.00 TRY,2.0%,MARY,
03/12/26,ORD-97886,Coffee,Drinks,1,4,4,1.00,MARY,T2
03/12/2026,ORD-45255,Caesar Salad,Salads,1,12,12,4,Sarah,T5
12.03.2026,ORD-80671,Tiramisu,Desserts,1,8,8.00 EUR,"3,00",John,T2
"Mar 12, 2026",ORD-38766,Soda,Drinks,1,3,3,0.5,sarah,n/a
12 Mar 2026,ORD-83491,Margherita Pizza,Pizza,1,15,15.00,5,john,T5
"Mar 12, 2026",ORD-32590,Beef Burger,Burgers,1,14,14,6,john,
2026/03/12,ORD-74142,Margherita  Pizza,Pizza,3,15,45,15,sarah,T5
03/12/26,ORD-53821,BEEF BURGER,Burgers,3,14,"42,00",18.00 TRY,--,none
03/12/2026,ORD-99952,Coffee,Drinks,1,4,4,1,sarah,T2
12.03.2026,ORD-89263,pepperoni pizza,Pizza,2,18,36.00,12.00,sarah,T5
03/12/26,ORD-67561,Caesar Salad,Salads,1,12,12,4,sarah,NONE
12/03/2026,ORD-67438,  French Fries  ,Sides,1,5,5,1.50 EUR,sarah,T5
2026-03-12,ORD-39641,Beef Burger,Burgers,2,14,28,12,NULL,T5
12/03/26,ORD-54154,Caesar Salad,Salads,1,12,12,4.0%,sarah,t3
2026/03/12,ORD-85532,Caesar Salad,Salads,3,12,36.0%,₺12.00,,T5
12/03/2026,ORD-93602,  Chicken Wings  ,Appetizers,1,10,10.0%,4,,T1
12/03/2026,ORD-74564,Chicken Wings,Appetizers,2,10,"20,00",8,,T2
03/12/2026,ORD-59176,French Fries,Sides,2,5,10,3.0,John,N/A
03/12/26,ORD-79013,Coffee,Drinks,1,4,4.0%,1.0%,john,t3
none,ORD-50442,Soda,Drinks,2,3,6.00 USD,1.0,John,T1
03/12/26,ORD-54626,Beef Burger,Burgers,3,14,42.00,18.00,john,t3
03/12/2026,ORD-39736,Beef Burger,Burgers,3,14,42,18,john,T2
12/03/2026,ORD-26263,Caesar Salad,Salads,1,12,12.00,4.00,,n/a
12 Mar 2026,ORD-68487,FRENCH FRIES,Sides,2,5,10,3.00 USD,Sarah,t3
--,ORD-83019,Pepperoni Pizza,Pizza,1,18,18.0%,6,,T1
n/a,ORD-97224,Bruschetta,Appetizers,2,7,14,5.0,MARY,T5
2026/03/12,ORD-47725,Beef Burger,Burgers,3,14,42,18,sarah,
03/13/2026,ORD-26817,Tiramisu,Desserts,1,8,8.00,3.00 EUR,MARY,T2
2026-03-13,ORD-75986,Beef Burger,Burgers,1,14,14,6,MARY,T1
2026/03/13,ORD-81264,Coffee,Drinks,1,4,4.00 TRY,1,sarah,T1
13/03/26,ORD-33348,Bruschetta,Appetizers,2,7,14,$5.00,John,T1
13.03.2026,ORD-22428,Beef Burger,Burgers,1,14,14.00 EUR,6,,NA
13/03/26,ORD-97893,Margherita Pizza,Pizza,2,15,30,10.00 USD,sarah,T5
none,ORD-60521,Soda,Drinks,2,3,6,1.0,sarah,T5
2026/03/13,ORD-72113,Bruschetta,Appetizers,2,7,14,5.0,,T1
13 Mar 2026,ORD-18923,Chicken Wings,Appetizers,2,10,20,8.00,sarah,nan
13.03.2026,ORD-81693,Caesar Salad,Salads,3,12,36,12,,t3
13 Mar 2026,ORD-67512,Bruschetta,Appetizers,1,7,7,2.5,sarah,
13 Mar 2026,ORD-70032,Bruschetta,Appetizers,2,7,14,5.00,,
"Mar 13, 2026",ORD-51428,Beef Burger,Burgers,3,14,42,$18.00,John,T5
13.03.2026,ORD-33262,Pepperoni Pizza,Pizza,1,18,NULL,6.00,John,t3
13.03.2026,ORD-55969,Coffee,Drinks,3,4,12,3.00,John,
2026-03-13,ORD-27717,Tiramisu,Desserts,1,8,₺8.00,3,,T5
03/13/2026,ORD-54647,Bruschetta,Appetizers,1,7,7,,sarah,T1
13/03/2026,ORD-35645,Caesar Salad,Salads,1,12,12,4,N/A,T2
13/03/2026,ORD-57715,Tiramisu,Desserts,1,8,"8,00",3,MARY,
13 Mar 2026,ORD-54083,Soda,Drinks,1,3,3.0%,0.5,MARY,
nan,ORD-26654,Beef Burger,Burgers,3,14,42,18,sarah,T2
13-03-2026,ORD-38404,Soda,Drinks,3,3,9,N/A,sarah,NA
2026/03/13,ORD-97124,Tiramisu,Desserts,2,8,16,6.00,john,T1
03/13/2026,ORD-29081,Soda,Drinks,3,3,9.00,1.5,John,
03/13/26,ORD-34471,Tiramisu,Desserts,3,8,24,9,Sarah,t3
03/13/26,ORD-34508,Bruschetta,Appetizers,2,7,"14,00",5.0%,MARY,nan
13/03/2026,ORD-58671,Coffee,Drinks,1,4,4,1,john,t3
13/03/26,ORD-50556,Caesar Salad,Salads,3,12,36,12,,T5
2026-03-13,ORD-77339,Tiramisu,Desserts,3,8,24,9,MARY,T1
2026/03/13,ORD-61647,Caesar Salad,Salads,2,12,24,8,,T2
13 Mar 2026,ORD-23249,Beef Burger,Burgers,3,14,42,18,John,-
13-03-2026,ORD-64095,Beef Burger,Burgers,3,14,"42,00",18,,T1
13.03.2026,ORD-66300,French Fries,Sides,3,5,15,4.50,sarah,
2026-03-13,ORD-73799,Pepperoni Pizza,Pizza,1,18,18,6,MARY,NULL
2026-03-13,ORD-61047,Coffee,Drinks,1,4,4,1,nan,T1
2026-03-13,ORD-47683,Coffee,Drinks,2,4,8,2.00,MARY,null
2026/03/13,ORD-18149,French Fries,Sides,3,5,15,4.5,John,T2
13.03.2026,ORD-27394,Coffee,Drinks,1,4,4,1,nan,T5
13.03.2026,ORD-75664,Caesar Salad,Salads,2,12,24,8,nan,t3
13.03.2026,ORD-70290,Margherita Pizza,Pizza,3,15,45,15.00,sarah,t3
13 Mar 2026,ORD-45144,Beef Burger,Burgers,3,14,42,18,MARY,T1
13.03.2026,ORD-83466,Chicken Wings,Appetizers,3,10,30.0%,£12.00,John,T2
03/13/2026,ORD-46215,BRUSCHETTA,Appetizers,1,7,7,2.5,,n/a
03/13/26,ORD-21538,CAESAR SALAD,Salads,1,12,12.0%,4.00,MARY,T5
13 Mar 2026,ORD-25213,Pepperoni Pizza,Pizza,1,18,18,6,null,T1
13 Mar 2026,ORD-90788,French Fries,Sides,1,5,5,1.5,sarah,
14-03-2026,ORD-13719,Chicken Wings,Appetizers,1,10,10.00,4,MARY,T5
03/14/26,ORD-39009,Chicken Wings,Appetizers,3,10,30.0%,12,john,NONE
none,ORD-88782,Coffee,Drinks,2,4,8,"2,00",John,T5
14 Mar 2026,ORD-86941,Bruschetta,Appetizers,2,7,14,5.0,MARY,null
14.03.2026,ORD-87079,Soda,Drinks,1,3,3,0.5,sarah,T5
03/14/2026,ORD-88014,Coffee,Drinks,2,4,,2,john,
03/14/26,ORD-51158,Bruschetta,Appetizers,1,7,$7.00,2.50 TRY,Sarah,
14 Mar 2026,ORD-34841,Tiramisu,Desserts,1,8,"8,00",3,John,t3
14/03/2026,ORD-24984,Beef Burger,Burgers,2,14,28,12.00 EUR,,
14/03/2026,ORD-66020,Margherita Pizza,Pizza,1,15,15,"5,00",sarah,T1
14.03.2026,ORD-87543,Beef Burger,Burgers,3,14,42,18.00,sarah,T1
2026-03-14,ORD-21705,Chicken Wings,Appetizers,3,10,30,12,null,T2
03/14/2026,ORD-59337,Tiramisu,Desserts,1,8,8,3,sarah,--
14-03-2026,ORD-77462,Margherita Pizza,Pizza,3,15,45,15,MARY,T2
2026/03/14,ORD-77610,Tiramisu,Desserts,3,8,24,9,,
14 Mar 2026,ORD-30713,French Fries ,Sides,1,5,5.0%,,john,t3
03/14/26,ORD-31171,Beef Burger,Burgers,1,14,14,6,MARY,T1
14-03-2026,ORD-14119,Margherita Pizza,Pizza,2,15,null,10,MARY,T2
14/03/2026,ORD-61328,Chicken Wings,Appetizers,2,10,20,,Sarah,T5
2026/03/14,ORD-96973,beef burger,Burgers,1,14,14.00,6.00,Sarah,
2026-03-14,ORD-47992,Coffee,Drinks,2,4,8.00,2.00 EUR,--,
03/14/2026,ORD-26176,Coffee,Drinks,2,4,,2,Sarah,T1
14/03/2026,ORD-65363,French Fries,Sides,1,5,5,"1,50",sarah,t3
none,ORD-99744,Tiramisu,Desserts,1,8,8,3,,
14-03-2026,ORD-60250,French Fries,Sides,1,5,5,1.5,,T2
14-03-2026,ORD-51885,Chicken Wings,Appetizers,3,10,30,"12,00",,NULL
03/14/26,ORD-78695,Tiramisu,Desserts,3,8,24,9,John,T2
14/03/26,ORD-25267,Caesar Salad ,Salads,2,12,24.00,8.00 USD,Sarah,T1
14.03.2026,ORD-42553,Pepperoni Pizza,Pizza,2,18,36.00 USD,12,,T1
14-03-2026,ORD-70146,Pepperoni Pizza,Pizza,3,18,"54,00",18.00 USD,sarah,T5
03/14/26,ORD-90489,Soda,Drinks,1,3,3,0.5,john,T5
14.03.2026,ORD-18769,Pepperoni Pizza,Pizza,3,18,54.00 EUR,18.0%,sarah,t3
2026/03/14,ORD-36700,Pepperoni Pizza,Pizza,1,18,18.00,6,John,t3
14/03/2026,ORD-70396,Chicken Wings,Appetizers,1,10,10,4,john,
14 Mar 2026,ORD-71402,Soda,Drinks,3,3,9,1.5,,T1
2026/03/14,ORD-96828,Caesar Salad,Salads,3,12,36,12,John,T2
14/03/26,ORD-75343,Soda,Drinks,1,3,3.00,0.5,john,n/a
14/03/2026,ORD-15222,Tiramisu,Desserts,2,8,16,6.0%,Sarah,--
14/03/26,ORD-15019,Bruschetta,Appetizers,3,7,"21,00",7.5,Sarah,
14-03-2026,ORD-59709,CAESAR SALAD,Salads,1,12,12,4,John,T2
03/14/26,ORD-40591,French Fries,Sides,1,5,5,1.5,,t3
03/14/26,ORD-14572,Coffee,Drinks,3,4,12.00,"3,00",none,
03/14/26,ORD-53168,French Fries,Sides,2,5,10,3.0,Sarah,T2
14/03/26,ORD-47681,Bruschetta,Appetizers,1,7,7,"2,50",,
14-03-2026,ORD-93563,Coffee,Drinks,3,4,12.00,3.00,,none
14 Mar 2026,ORD-33424,Margherita Pizza,Pizza,1,15,15,5.00,John,
03/14/2026,ORD-33087,Pepperoni Pizza,Pizza,2,18,36,12.00,-,
14.03.2026,ORD-77681,Bruschetta,Appetizers,1,7,7,2.50,Sarah,
03/14/2026,ORD-78255,Chicken Wings,Appetizers,1,10,10,4.00,,T2
2026-03-14,ORD-12862,Bruschetta ,Appetizers,1,7,7.00,2.5,sarah,NONE
14/03/2026,ORD-32188,Chicken Wings,Appetizers,2,10,20,8,,
14-03-2026,ORD-90274,Margherita Pizza,Pizza,2,15,30.00,10,MARY,NULL
2026-03-14,ORD-11560,Tiramisu,Desserts,2,8,16.00,6,John,T5
14/03/2026,ORD-81576,Caesar Salad,Salads,3,12,36.0%,12,Sarah,T5
2026-03-14,ORD-13479,Caesar Salad,Salads,3,12,36.00,12,,T2
2026/03/14,ORD-90639,Chicken Wings,Appetizers,1,10,10,4,Sarah,t3
NULL,ORD-64880,Coffee,Drinks,2,4,-,2.00,NONE,T2
03/14/26,ORD-20132,Chicken Wings,Appetizers,3,10,30,12,John,T2
14.03.2026,ORD-67021,French Fries,Sides,1,5,"5,00",1.5,Sarah,T2
"Mar 14, 2026",ORD-47115,Tiramisu,Desserts,3,8,24,9,john,T1
14 Mar 2026,ORD-25759,Pepperoni Pizza,Pizza,3,18,54,18.00 TRY,Sarah,t3
03/14/2026,ORD-99921,Caesar Salad,Salads,3,12,36,12.0%,MARY,T5
2026/03/14,ORD-56892,Coffee,Drinks,1,4,4,1.00,MARY,t3
14/03/26,ORD-43554,beef burger,Burgers,1,14,14,6,John,nan
14/03/2026,ORD-57783,Soda,Drinks,3,3,9.00,,NA,T1
2026-03-14,ORD-20991,Pepperoni Pizza,Pizza,1,18,18.00 EUR,6,sarah,NULL
03/14/2026,ORD-90162,Bruschetta,Appetizers,1,7,7,2.50,John,T5
14/03/26,ORD-24824,  Caesar Salad  ,Salads,3,12,36.0%,"12,00",John,
14.03.2026,ORD-75682,Caesar Salad,Salads,2,12,24,8,sarah,
03/14/2026,ORD-76495,Tiramisu,Desserts,2,8,16,6.00,sarah,T2
2026/03/14,ORD-93705,Soda,Drinks,1,3,3,0.5,john,
14.03.2026,ORD-76198,Margherita Pizza,Pizza,3,15,45,15,,null
"Mar 14, 2026",ORD-46610,Caesar Salad ,Salads,3,12,36,12,NONE,T1
14-03-2026,ORD-97358,Beef Burger ,Burgers,2,14,28.00 USD,12,NONE,T2
14/03/2026,ORD-87657,Bruschetta,Appetizers,1,7,7,€2.50,John,t3
14 Mar 2026,ORD-90825,Caesar Salad,Salads,3,12,"36,00",£12.00,Sarah,null
03/14/2026,ORD-28081,French Fries,Sides,2,5,10,3.0,Sarah,-
2026-03-15,ORD-44582,Caesar Salad,Salads,2,12,24,8,sarah,T2
15.03.2026,ORD-55315,Tiramisu,Desserts,1,8,8,3,john,nan
15-03-2026,ORD-94725,Tiramisu,Desserts,3,8,24,9,sarah,T5
2026-03-15,ORD-31584,French Fries,Sides,2,5,10.00,3.0,john,T5
15.03.2026,ORD-53122,Margherita Pizza,Pizza,2,15,30,10.00 USD,MARY,nan
15-03-2026,ORD-24671,French Fries,Sides,1,5,5,1.50 EUR,none,T5
2026-03-15,ORD-85376,Bruschetta,Appetizers,1,7,NONE,2.50,MARY,T5
15/03/2026,ORD-44640,BRUSCHETTA,Appetizers,2,7,£14.00,5.0%,John,-
15.03.2026,ORD-39643,Coffee,Drinks,1,4,4,1.00,sarah,T2
2026/03/15,ORD-87467,Coffee,Drinks,3,4,12,3.0%,Sarah,T1
15 Mar 2026,ORD-41525,Tiramisu,Desserts,3,8,24,9.00,john,
2026-03-15,ORD-69911,French Fries,Sides,3,5,15,4.5,John,
2026/03/15,ORD-89716,Bruschetta,Appetizers,1,7,£7.00,2.5,sarah,t3
15-03-2026,ORD-18161,  Pepperoni Pizza  ,Pizza,3,18,54,£18.00,MARY,T2
2026/03/15,ORD-16139,Tiramisu,Desserts,2,8,16,6,MARY,N/A
NA,ORD-17235,Coffee,Drinks,3,4,12,3,john,N/A
NONE,ORD-50547,Chicken Wings,Appetizers,3,10,30,12.0%,MARY,T1
nan,ORD-96662,Soda,Drinks,2,3,6,1.0,John,T5
15.03.2026,ORD-19345,bruschetta,Appetizers,2,7,14.00,5.0,sarah,T1
15.03.2026,ORD-27809,Pepperoni Pizza,Pizza,3,18,54,18,john,
"Mar 15, 2026",ORD-68795,Margherita Pizza,Pizza,1,15,15.00 EUR,5,,T2
15-03-2026,ORD-52599,French Fries,Sides,3,5,15,4.5,--,T2
"Mar 15, 2026",ORD-20504,Pepperoni Pizza,Pizza,3,18,"54,00",18,,--
15-03-2026,ORD-71003,Soda,Drinks,2,3,6,1.0,NULL,T2
2026/03/15,ORD-91578,Tiramisu,Desserts,3,8,24.00,9,john,nan
2026/03/15,ORD-82225,  Beef Burger  ,Burgers,3,14,42,18.0%,,T2
15-03-2026,ORD-11686,Tiramisu,Desserts,2,8,$16.00,6.0%,nan,
2026/03/15,ORD-86321,Pepperoni Pizza,Pizza,1,18,18,6,NULL,T1
15.03.2026,ORD-95531,Pepperoni Pizza,Pizza,1,18,18,₺6.00,MARY,T2
15/03/2026,ORD-70862,Soda ,Drinks,3,3,9,1.5,John,
,ORD-27769,Caesar Salad,Salads,1,12,-,4.00,MARY,T2
2026-03-15,ORD-86285,Bruschetta,Appetizers,3,7,21,7.5%,John,
N/A,ORD-54092,Soda,Drinks,1,3,3,0.5,John,T1
03/15/26,ORD-47783,Coffee,Drinks,3,4,12.00 EUR,3,John,T2
15-03-2026,ORD-43943,Margherita Pizza,Pizza,2,15,30,none,sarah,T1
N/A,ORD-84028,French Fries,Sides,1,5,5,1.5,,t3
2026/03/15,ORD-95053,Pepperoni Pizza,Pizza,2,18,36.00,12,John,
15.03.2026,ORD-18707,Soda,Drinks,1,3,3,"0,50",sarah,NONE
15/03/2026,ORD-32645,French Fries,Sides,1,5,5,1.50,MARY,t3
15 Mar 2026,ORD-18755,Pepperoni Pizza ,Pizza,1,18,18,6,Sarah,T2
15 Mar 2026,ORD-89408,Tiramisu,Desserts,3,8,24.00,9,John,T2
2026/03/15,ORD-21185,Beef Burger ,Burgers,1,14,€14.00,6,sarah,t3
15/03/2026,ORD-89849,Margherita Pizza,Pizza,1,15,15,5,Sarah,T2
2026-03-15,ORD-74755,Chicken Wings,Appetizers,2,10,20,£8.00,john,
15/03/2026,ORD-41773,Chicken Wings,Appetizers,3,10,30,12,john,T2
15 Mar 2026,ORD-75686,Chicken Wings,Appetizers,2,10,20.00,8.00,MARY,T5
03/15/26,ORD-66538,Margherita Pizza,Pizza,3,15,null,15,sarah,T2
,ORD-23854,Tiramisu,Desserts,3,8,24,NONE,Sarah,
n/a,ORD-31296,Pepperoni Pizza,Pizza,1,18,18.00,6,john,T1
15 Mar 2026,ORD-93465,Pepperoni Pizza,Pizza,2,18,36,12.00,Sarah,
15.03.2026,ORD-23809,Tiramisu,Desserts,3,8,24,9,MARY,N/A
15.03.2026,ORD-93457,Margherita Pizza,Pizza,1,15,15.0%,5.00,,t3
"Mar 15, 2026",ORD-85063,Bruschetta,Appetizers,3,7,21.00,7.50,sarah,
15-03-2026,ORD-14487,Beef Burger,Burgers,1,14,14,€6.00,null,T2
03/15/2026,ORD-27034,Pepperoni Pizza,Pizza,2,18,36,12,MARY,T5
null,ORD-35859,Margherita Pizza,Pizza,1,15,15,5.00,,
2026/03/15,ORD-63299,Soda,Drinks,1,3,3,0.5,N/A,T5
15.03.2026,ORD-71427,Tiramisu,Desserts,3,8,24,9.00,John,T2
15/03/26,ORD-84149,French Fries,Sides,3,5,15,4.5,,t3
"Mar 15, 2026",ORD-52951,French Fries,Sides,3,5,15,4.5,John,t3
15 Mar 2026,ORD-74914,Soda,Drinks,2,3,"6,00",1.0,MARY,t3
03/15/2026,ORD-22685,French Fries,Sides,1,5,5,1.5,John,T5
15/03/2026,ORD-80728,Coffee,Drinks,1,4,4,1,John,t3
16-03-2026,ORD-34270,Caesar Salad,Salads,1,12,12,4,sarah,
NULL,ORD-32531,Coffee,Drinks,3,4,"12,00",3,MARY,T1
16-03-2026,ORD-82454,Margherita Pizza,Pizza,3,15,45,15.00,MARY,
16/03/2026,ORD-75757,Soda,Drinks,3,3,9.0%,1.5%,,NONE
16/03/26,ORD-11162,Soda,Drinks,2,3,6,1.00,Sarah,null
"Mar 16, 2026",ORD-20747,Tiramisu,Desserts,3,8,24.00,$9.00,Sarah,T1
16/03/2026,ORD-63365,Coffee,Drinks,1,4,4,1,none,T1
2026/03/16,ORD-50549,Caesar Salad,Salads,3,12,36,12,Sarah,
16-03-2026,ORD-85141,Tiramisu,Desserts,2,8,16,6.00 USD,Sarah,t3
16.03.2026,ORD-75848,Pepperoni Pizza,Pizza,1,18,18,6,john,
-,ORD-48026,Margherita Pizza,Pizza,1,15,15,5.00,sarah,NA
2026/03/16,ORD-72381,Soda,Drinks,3,3,9,1.5,John,
16/03/26,ORD-10648,Beef Burger,Burgers,2,14,28,12,Sarah,t3
16/03/2026,ORD-90059,French Fries,Sides,1,5,5,1.50,MARY,
null,ORD-36851,Margherita Pizza,Pizza,2,15,30,10.00 EUR,Sarah,T1
03/16/2026,ORD-12863,Chicken Wings,Appetizers,1,10,10.00,"4,00",John,T1
N/A,ORD-81639,Tiramisu,Desserts,3,8,"24,00",9,,T2
"Mar 16, 2026",ORD-43070,  Pepperoni Pizza  ,Pizza,2,18,36,12,MARY,t3
16/03/26,ORD-85855,Soda,Drinks,2,3,6.00 TRY,1.0,MARY,NONE
03/16/26,ORD-82027,French Fries,Sides,3,5,15,4.5,,T1
nan,ORD-52048,Coffee,Drinks,2,4,8,2.00 EUR,sarah,T1
03/16/26,ORD-60043,Margherita Pizza,Pizza,2,15,30.00,10,Sarah,T2
03/16/2026,ORD-27749,Margherita Pizza,Pizza,1,15,15,5,Sarah,T2
03/16/2026,ORD-26274,Soda,Drinks,1,3,3,0.50,John,T5
03/16/26,ORD-77168,French Fries,Sides,3,5,15,"4,50",sarah,n/a
16-03-2026,ORD-20703,Margherita Pizza,Pizza,1,15,15,5,n/a,NA
03/16/26,ORD-55589,Margherita Pizza,Pizza,1,15,"15,00",€5.00,NA,T2
16.03.2026,ORD-59502,Caesar Salad,Salads,1,12,12,4,MARY,T2
2026/03/16,ORD-70813,Coffee,Drinks,2,4,8.00 EUR,2,N/A,T5
16/03/26,ORD-38328,Pepperoni Pizza,Pizza,3,18,54,"18,00",Sarah,T1
"Mar 16, 2026",ORD-71280,Soda,Drinks,2,3,6.00 EUR,1.0,Sarah,T1
2026-03-16,ORD-70664,Pepperoni Pizza,Pizza,2,18,36,12.00,Sarah,t3
03/16/2026,ORD-95912,Pepperoni Pizza,Pizza,2,18,36,12,null,T5
16-03-2026,ORD-75606,Beef Burger,Burgers,1,14,14,6,John,T5
NULL,ORD-56128,Bruschetta,Appetizers,3,7,21.00 TRY,7.5,John,T2
03/16/2026,ORD-86969,  Chicken Wings  ,Appetizers,3,10,30.00 USD,12,John,
16.03.2026,ORD-72142,Beef Burger,Burgers,2,14,28,12,John,T1
16/03/26,ORD-53984,pepperoni pizza,Pizza,2,18,36,12,sarah,
16 Mar 2026,ORD-96095,Beef Burger,Burgers,3,14,42,18,-,T1
16-03-2026,ORD-37579,French Fries,Sides,3,5,15,none,,T1
2026/03/16,ORD-98492,Chicken Wings ,Appetizers,2,10,20,8,Sarah,T2
2026/03/17,ORD-86250,Margherita Pizza,Pizza,2,15,30,10,John,T1
2026-03-17,ORD-73895,Margherita Pizza,Pizza,2,15,30,10,Sarah,T5
"Mar 17, 2026",ORD-41031,coffee,Drinks,3,4,12,3,,T2
03/17/26,ORD-79405,Soda,Drinks,1,3,"3,00",0.5,Sarah,T1
2026/03/17,ORD-95193,French Fries,Sides,2,5,10,3.00 TRY,,T2
17-03-2026,ORD-63397,Bruschetta,Appetizers,3,7,21,n/a,,T5
17-03-2026,ORD-74807,Tiramisu,Desserts,1,8,8,3.00,MARY,t3
"Mar 17, 2026",ORD-36808,Tiramisu,Desserts,1,8,8,€3.00,John,t3
17/03/26,ORD-61163,Beef Burger,Burgers,1,14,14,6,MARY,
03/17/26,ORD-28997,Tiramisu,Desserts,1,8,8.00,3,,t3
2026/03/17,ORD-22867,Chicken Wings,Appetizers,3,10,30,12,NONE,
"Mar 17, 2026",ORD-56532,Coffee,Drinks,1,4,4,"1,00",MARY,T1
03/17/2026,ORD-28276,Caesar Salad,Salads,2,12,,8,john,T2
17/03/26,ORD-15017,Caesar Salad,Salads,2,12,24,8,NONE,
17 Mar 2026,ORD-10330,French Fries,Sides,1,5,5.00,1.5,,T1
NONE,ORD-89189,SODA,Drinks,3,3,9,1.50 EUR,John,
"Mar 17, 2026",ORD-73023,Tiramisu,Desserts,3,8,24.00,9.00,,T5
17/03/2026,ORD-31846,Chicken Wings,Appetizers,2,10,$20.00,NULL,MARY,t3
18/03/2026,ORD-39779,French Fries,Sides,3,5,15.00,4.5%,sarah,
03/18/2026,ORD-78738,Tiramisu,Desserts,1,8,8,3.0%,sarah,
03/18/26,ORD-98593,Caesar  Salad,Salads,2,12,"24,00",8,N/A,T5
18 Mar 2026,ORD-46017,Coffee,Drinks,1,4,4,1.00,john,t3
"Mar 18, 2026",ORD-69457,Beef Burger,Burgers,2,14,28,12.00 EUR,John,T2
18-03-2026,ORD-62266,Tiramisu,Desserts,1,8,8,3,Sarah,N/A
2026-03-18,ORD-40323,French Fries,Sides,2,5,10.00 TRY,3.0,NONE,T5
NULL,ORD-37689,Beef Burger,Burgers,1,14,14,6,,T2
18/03/26,ORD-46569,Coffee,Drinks,3,4,12,3,,nan
03/18/2026,ORD-25625,Beef Burger,Burgers,3,14,42,"18,00",Sarah,
2026/03/18,ORD-45637,Bruschetta,Appetizers,3,7,21.00,7.5,NONE,T5
18/03/26,ORD-47951,Bruschetta,Appetizers,3,7,21.00 EUR,7.50,MARY,T2
"Mar 18, 2026",ORD-78154,French Fries,Sides,3,5,15,4.50,null,T1
18/03/2026,ORD-93905,Coffee,Drinks,2,4,8.00,null,john,T5
18/03/26,ORD-28610,Chicken Wings,Appetizers,1,10,10,4.00,sarah,t3
2026-03-18,ORD-28870,Bruschetta,Appetizers,3,7,21,7.5,,T1
18.03.2026,ORD-37906,Margherita Pizza,Pizza,1,15,€15.00,5,john,T1
18 Mar 2026,ORD-70550,Tiramisu,Desserts,2,8,16.0%,6.00,MARY,none
-,ORD-34870,French Fries,Sides,3,5,15,4.5,john,
2026-03-18,ORD-57304,Beef Burger,Burgers,3,14,n/a,18,Sarah,t3
03/18/26,ORD-60368,Coffee,Drinks,2,4,8.00,2.00 USD,Sarah,T1
18/03/2026,ORD-55028,Chicken Wings,Appetizers,3,10,NA,12,sarah,T2
18.03.2026,ORD-81169,Coffee,Drinks,1,4,4,1,Sarah,
18 Mar 2026,ORD-62135,Margherita Pizza,Pizza,3,15,"45,00",15.00 USD,John,
03/18/2026,ORD-63789,Tiramisu,Desserts,3,8,24,9,NULL,T2
03/18/2026,ORD-99727,Coffee,Drinks,2,4,8,2.00 USD,nan,t3
2026-03-18,ORD-10131,Coffee,Drinks,3,4,12,3,,T5
2026-03-18,ORD-43451,  French Fries  ,Sides,1,5,5,1.5,MARY,T2
2026/03/18,ORD-86047,Caesar Salad,Salads,2,12,₺24.00,8,john,null
"Mar 18, 2026",ORD-15367,Soda,Drinks,2,3,6.0%,1.0,,T2
18.03.2026,ORD-63027,Bruschetta,Appetizers,2,7,14,5.0,,T1
2026/03/18,ORD-31542,Caesar Salad,Salads,2,12,24.00,8,sarah,
18/03/2026,ORD-17237,Bruschetta,Appetizers,1,7,7,2.5,,
,ORD-90616,Bruschetta,Appetizers,2,7,£14.00,5.0,john,T5
18/03/2026,ORD-87888,French Fries,Sides,1,5,5,NULL,--,NONE
2026/03/18,ORD-77657,Soda,Drinks,1,3,3,€0.50,NULL,T5
03/18/26,ORD-86049,Caesar Salad,Salads,1,12,12,4,sarah,
--,ORD-43263,Soda,Drinks,2,3,6.00,1.00,Sarah,T2
18 Mar 2026,ORD-34348,Coffee,Drinks,3,4,n/a,3,John,T5
2026-03-18,ORD-42953,Soda,Drinks,1,3,3.00,0.5,MARY,t3
n/a,ORD-67274,Caesar Salad,Salads,3,12,36,12.00,MARY,t3
18.03.2026,ORD-20315,Caesar Salad,Salads,2,12,NULL,8.00,MARY,T2
19.03.2026,ORD-51676,Margherita Pizza,Pizza,1,15,15,5,-,t3
"Mar 19, 2026",ORD-35711,Beef Burger,Burgers,2,14,28.00 TRY,12.0%,Sarah,T5
03/19/26,ORD-92951,Coffee,Drinks,2,4,8,,sarah,null
03/19/26,ORD-83133,French  Fries,Sides,2,5,10.00,3.0,MARY,-
03/19/26,ORD-71399,Tiramisu,Desserts,2,8,16,6,,t3
"Mar 19, 2026",ORD-76627,French Fries,Sides,2,5,10,--,john,
19/03/2026,ORD-15117,Bruschetta,Appetizers,2,7,14.00,5.0,john,t3
19-03-2026,ORD-29556,Coffee,Drinks,1,4,4.00,1,,T1
19-03-2026,ORD-93434,Caesar Salad,Salads,1,12,12,4,NULL,T2
2026-03-19,ORD-56978,Soda,Drinks,1,3,3,0.5,Sarah,T1
2026/03/19,ORD-61040,Chicken Wings,Appetizers,3,10,30.0%,12.00 USD,sarah,
"Mar 19, 2026",ORD-55788,Coffee,Drinks,2,4,8,$2.00,,
NA,ORD-47891,Coffee,Drinks,3,4,12.00 EUR,3.00,MARY,NULL
2026/03/19,ORD-94837,Margherita Pizza,Pizza,1,15,15,£5.00,MARY,T5
03/19/2026,ORD-98540,Bruschetta,Appetizers,2,7,£14.00,5.0,,--
19/03/26,ORD-67644,French Fries,Sides,3,5,15.00 TRY,4.50,john,t3
2026/03/19,ORD-94211,Chicken Wings,Appetizers,2,10,20,N/A,john,
19/03/26,ORD-31000,Coffee,Drinks,1,4,4,1,John,t3
"Mar 19, 2026",ORD-90943,Chicken Wings,Appetizers,1,10,10,4,john,T2
03/19/2026,ORD-98726,Bruschetta,Appetizers,2,7,none,5.0,john,nan
19/03/2026,ORD-89280,French Fries,Sides,2,5,10.0%,3.0,MARY,T5
2026/03/19,ORD-41388,Bruschetta,Appetizers,2,7,14.00,5.00 USD,John,n/a
03/19/26,ORD-34257,Caesar Salad,Salads,1,12,12.00 USD,4.00,sarah,T1
2026-03-19,ORD-87412,Pepperoni Pizza,Pizza,2,18,36,12,MARY,T5
19.03.2026,ORD-25503,Caesar Salad,Salads,3,12,36,12,nan,T2
N/A,ORD-24884,Beef Burger,Burgers,3,14,42,18,sarah,t3
2026-03-19,ORD-76589,French Fries,Sides,1,5,5.0%,1.50,John,T1
2026-03-19,ORD-36446,Chicken Wings,Appetizers,1,10,10,4,john,
19 Mar 2026,ORD-91116,Tiramisu,Desserts,1,8,8.00,3,Sarah,T2
19.03.2026,ORD-56310,French Fries,Sides,1,5,5,1.5,sarah,T5
2026-03-19,ORD-19514,French Fries,Sides,1,5,5,1.5,John,null
19 Mar 2026,ORD-74795,Margherita Pizza,Pizza,1,15,15,5,John,
19/03/2026,ORD-96528,Caesar Salad,Salads,1,12,12.00,4.00,MARY,-
19.03.2026,ORD-22246,Caesar Salad,Salads,2,12,24,8,Sarah,t3
"Mar 20, 2026",ORD-30054,French Fries,Sides,3,5,,4.5,n/a,t3
20.03.2026,ORD-33460,soda,Drinks,1,3,3,NULL,sarah,T5
2026/03/20,ORD-30409,Soda,Drinks,2,3,6,1.0%,n/a,t3
20 Mar 2026,ORD-51300,Chicken Wings,Appetizers,1,10,10,4,Sarah,T5
2026-03-20,ORD-97869,Margherita Pizza,Pizza,2,15,null,10,Sarah,
03/20/2026,ORD-74563,Chicken Wings,Appetizers,1,10,10,4,null,t3
20-03-2026,ORD-30314,Coffee,Drinks,2,4,8,2,nan,T1
20 Mar 2026,ORD-34996,Coffee,Drinks,2,4,8.0%,2,MARY,T5
20 Mar 2026,ORD-72604,Pepperoni Pizza,Pizza,1,18,18,6.0%,,null
20/03/26,ORD-98773,Margherita Pizza,Pizza,3,15,45,15,John,
20.03.2026,ORD-67129,french fries,Sides,3,5,15.0%,4.5,NULL,NULL
20/03/2026,ORD-89189,Bruschetta,Appetizers,1,7,$7.00,2.50,,T1
03/20/26,ORD-42472,Beef Burger,Burgers,2,14,"28,00",12,Sarah,NA
03/20/26,ORD-31774,Margherita Pizza,Pizza,3,15,45,15,sarah,t3
2026/03/20,ORD-71235,French Fries,Sides,3,5,15,"4,50",-,t3
03/20/2026,ORD-77555,French Fries,Sides,2,5,10,3.0,Sarah,T5
2026-03-20,ORD-26732,French Fries,Sides,1,5,5,1.5,MARY,T2
20/03/26,ORD-41576,Pepperoni Pizza,Pizza,1,18,nan,6,john,NONE
"Mar 20, 2026",ORD-48626,Chicken  Wings,Appetizers,2,10,20,8,john,T2
"Mar 20, 2026",ORD-31325,Bruschetta,Appetizers,2,7,14.00 EUR,5.0,NULL,T5
20-03-2026,ORD-35322,Caesar Salad,Salads,2,12,24,8.0%,Sarah,null
03/20/2026,ORD-94073,Coffee,Drinks,2,4,8,₺2.00,nan,
2026/03/20,ORD-81545,Coffee,Drinks,1,4,4,1,MARY,T5
20/03/26,ORD-79043,Coffee,Drinks,2,4,8,2,none,
03/20/26,ORD-87899,  Chicken Wings  ,Appetizers,1,10,€10.00,"4,00",Sarah,t3
20-03-2026,ORD-66856,French Fries,Sides,3,5,15.00,4.5,John,T2
20 Mar 2026,ORD-65465,CAESAR SALAD,Salads,3,12,36.00,"12,00",MARY,t3
2026-03-20,ORD-38615,Tiramisu,Desserts,1,8,8.0%,3.00,Sarah,T1
03/20/26,ORD-27798,Coffee,Drinks,1,4,4,1,,t3
20/03/26,ORD-86853,French  Fries,Sides,2,5,10.0%,3.00,NA,T2
03/20/2026,ORD-58679,Coffee,Drinks,2,4,-,2.0%,sarah,nan
03/20/26,ORD-95483,Chicken Wings,Appetizers,2,10,20.00,8,Sarah,NONE
2026-03-20,ORD-77653,French Fries,Sides,3,5,15,4.5,nan,N/A
20/03/2026,ORD-66028,Pepperoni Pizza,Pizza,3,18,54,"18,00",Sarah,NULL
20/03/2026,ORD-84703,Beef Burger,Burgers,1,14,"14,00",6.0%,sarah,T1
20 Mar 2026,ORD-37681,Bruschetta,Appetizers,3,7,21,7.50,NA,T5
"Mar 20, 2026",ORD-51561,Coffee,Drinks,3,4,12,3,NONE,T5
20 Mar 2026,ORD-22670,Tiramisu,Desserts,2,8,16,6,john,null
03/20/26,ORD-29973,Chicken Wings,Appetizers,3,10,30,12,Sarah,-
20/03/26,ORD-89425,Pepperoni Pizza,Pizza,2,18,36.00 EUR,12,John,t3
03/20/2026,ORD-53181,Coffee,Drinks,1,4,4.00,1,John,t3
03/20/26,ORD-47209,Coffee,Drinks,1,4,4,1.0%,john,-
"Mar 20, 2026",ORD-37782,Soda,Drinks,2,3,6,1.0,john,T1
03/21/26,ORD-77084,Pepperoni Pizza,Pizza,2,18,36,12,NULL,NONE
21/03/2026,ORD-82281,Caesar Salad,Salads,3,12,36,"12,00",sarah,T1
03/21/26,ORD-78090,Coffee,Drinks,2,4,8,2.00,,
21-03-2026,ORD-83462,Soda,Drinks,1,3,"3,00",0.5,John,
"Mar 21, 2026",ORD-20866,Beef Burger,Burgers,1,14,14,6,Sarah,t3
21/03/26,ORD-95225,Coffee,Drinks,3,4,12,3.00,Sarah,T5
03/21/2026,ORD-63243,Coffee,Drinks,3,4,12,3,sarah,NA
03/21/26,ORD-51754,Bruschetta,Appetizers,1,7,7,2.50,john,t3
21 Mar 2026,ORD-93034,COFFEE,Drinks,3,4,12,"3,00",Sarah,
21/03/2026,ORD-48352,Bruschetta,Appetizers,1,7,7,2.5,sarah,N/A
21 Mar 2026,ORD-89082,French Fries,Sides,1,5,5,1.50,Sarah,T1
21.03.2026,ORD-14480,French Fries,Sides,1,5,5,1.5,sarah,t3
21.03.2026,ORD-63504,Coffee,Drinks,1,4,4,1,Sarah,N/A
2026-03-21,ORD-60449,Pepperoni Pizza,Pizza,2,18,"36,00",₺12.00,sarah,T5
03/21/2026,ORD-35449,Soda,Drinks,3,3,9,1.5,MARY,T1
21.03.2026,ORD-72796,Margherita Pizza,Pizza,3,15,45,15,john,T5
21/03/2026,ORD-15019,Bruschetta,Appetizers,1,7,7.00,2.5,john,T1
21.03.2026,ORD-21245,Tiramisu ,Desserts,2,8,16,6.00,john,null
21-03-2026,ORD-60323,Soda,Drinks,3,3,9,1.5,sarah,T5
"Mar 21, 2026",ORD-25181,Beef Burger ,Burgers,3,14,42,18,John,T5
2026/03/21,ORD-15601,Beef Burger,Burgers,2,14,28.00,nan,MARY,-
21/03/26,ORD-77983,Pepperoni Pizza,Pizza,2,18,36,12,sarah,t3
21/03/26,ORD-60407,French Fries,Sides,1,5,5,1.50,,t3
none,ORD-27380,Margherita Pizza,Pizza,2,15,30,10.00 TRY,MARY,T2
21.03.2026,ORD-89866,Margherita Pizza,Pizza,3,15,45,15,John,
21.03.2026,ORD-83711,Tiramisu,Desserts,3,8,24,9.00,Sarah,T2
21/03/26,ORD-16899,Bruschetta,Appetizers,3,7,21.00,7.5,Sarah,
21/03/26,ORD-28576,Soda,Drinks,3,3,9,1.50,,T1
21/03/26,ORD-85630,Tiramisu,Desserts,2,8,16,€6.00,sarah,T1
03/21/26,ORD-74842,Pepperoni Pizza,Pizza,2,18,36,12.00 EUR,,T2
2026/03/21,ORD-15098,Caesar Salad,Salads,3,12,36,12,john,T1
21/03/2026,ORD-99968,Bruschetta,Appetizers,3,7,nan,7.5,,T5
21.03.2026,ORD-63532,Bruschetta,Appetizers,2,7,14.00,"5,00",NONE,
"Mar 21, 2026",ORD-62610,Pepperoni Pizza,Pizza,2,18,36.00,null,,-
21/03/26,ORD-48903,Pepperoni Pizza,Pizza,1,18,18.00,6,,T5
21/03/2026,ORD-60420,Beef Burger,Burgers,1,14,14,"6,00",Sarah,T1
03/21/26,ORD-71624,Caesar Salad,Salads,3,12,"36,00",12,Sarah,
NULL,ORD-52276,Margherita Pizza,Pizza,3,15,45,15.00,,T2
21/03/2026,ORD-74873,Coffee,Drinks,1,4,4.00,1.0%,john,T1
03/21/26,ORD-86311,CAESAR SALAD,Salads,3,12,36,12,,T5
03/21/26,ORD-31793,Soda,Drinks,1,3,3,0.5,MARY,
03/21/2026,ORD-95451,Soda ,Drinks,1,3,n/a,"0,50",MARY,-
21/03/2026,ORD-82221,Soda,Drinks,3,3,NA,1.5,nan,
2026/03/21,ORD-43002,Pepperoni Pizza,Pizza,1,18,£18.00,6,,T5
21 Mar 2026,ORD-49090,Pepperoni Pizza,Pizza,2,18,36,12,John,T1
21/03/2026,ORD-55876,Pepperoni Pizza ,Pizza,1,18,18,n/a,null,T2
21.03.2026,ORD-71548,Caesar Salad,Salads,3,12,36,NULL,,T5
21.03.2026,ORD-62349,SODA,Drinks,1,3,NA,0.5,-,--
21.03.2026,ORD-32458,Chicken Wings,Appetizers,1,10,10,N/A,sarah,T2
03/21/2026,ORD-57074,Pepperoni Pizza,Pizza,1,18,18,6.00,John,NULL
2026-03-21,ORD-47168,French Fries,Sides,2,5,10.00,3.0,NONE,
2026/03/21,ORD-94937,Caesar Salad,Salads,2,12,24,8,John,
21.03.2026,ORD-79368,Chicken Wings,Appetizers,3,10,30,"12,00",john,n/a
21 Mar 2026,ORD-44781,Margherita Pizza,Pizza,2,15,30,10,John,t3
21/03/26,ORD-98246,French Fries,Sides,1,5,5,1.50 TRY,john,NONE
2026-03-21,ORD-89933,Coffee,Drinks,1,4,4,1,N/A,T2
NA,ORD-51988,Tiramisu,Desserts,1,8,8,3,sarah,T2
2026/03/21,ORD-19821,Margherita Pizza,Pizza,3,15,45,15,john,t3
"Mar 21, 2026",ORD-15074,Pepperoni Pizza,Pizza,3,18,54,18.00,Sarah,
2026/03/21,ORD-82061,Margherita Pizza,Pizza,3,15,45.00,15,,T1
03/21/2026,ORD-31344,French Fries,Sides,2,5,10.00,3.0,,T5
21/03/2026,ORD-87259,Coffee,Drinks,1,4,4,1,,
21.03.2026,ORD-40048,  Caesar Salad  ,Salads,1,12,12,4,John,n/a
2026/03/22,ORD-51580,Pepperoni Pizza,Pizza,1,18,18,6.00,John,T5
,ORD-67408,Soda ,Drinks,1,3,3.00,0.5,MARY,T5
03/22/2026,ORD-72592,Bruschetta,Appetizers,2,7,€14.00,5.0,MARY,t3
22 Mar 2026,ORD-80653,Chicken Wings,Appetizers,1,10,10,4,MARY,T5
2026/03/22,ORD-30246,Soda,Drinks,1,3,3,0.5,Sarah,T2
2026/03/22,ORD-28276,Tiramisu,Desserts,2,8,16.0%,6,Sarah,T1
03/22/26,ORD-81546,Pepperoni Pizza,Pizza,3,18,54.00,18,,null
22/03/2026,ORD-20350,Caesar Salad,Salads,1,12,12.00,4,john,t3
"Mar 22, 2026",ORD-41179,Chicken Wings,Appetizers,2,10,20,8.00,John,t3
"Mar 22, 2026",ORD-80336,Soda,Drinks,3,3,9,1.5%,John,T2
2026/03/22,ORD-24061,Bruschetta,Appetizers,3,7,21,7.5,John,t3
"Mar 22, 2026",ORD-66840,Margherita Pizza,Pizza,3,15,45,15,MARY,
03/22/2026,ORD-20923,Caesar Salad,Salads,3,12,36,12,sarah,T1
22/03/2026,ORD-72190,Margherita Pizza,Pizza,1,15,15.00,5,sarah,N/A
22.03.2026,ORD-63336,Margherita Pizza,Pizza,3,15,45,15.00 TRY,MARY,T5
22/03/26,ORD-56752,Caesar Salad,Salads,2,12,24,8.00 USD,,
22.03.2026,ORD-71550,  Caesar Salad  ,Salads,3,12,36.00,12,sarah,t3
none,ORD-72236,Beef Burger,Burgers,3,14,€42.00,18,John,t3
03/22/26,ORD-29568,Coffee,Drinks,1,4,4,1.0%,john,T1
"Mar 22, 2026",ORD-48439,Chicken Wings,Appetizers,1,10,10,4,,T2
22 Mar 2026,ORD-70996,Bruschetta,Appetizers,3,7,21,7.50,null,T1
22.03.2026,ORD-56640,Margherita Pizza,Pizza,2,15,30,10.00,john,T5
22.03.2026,ORD-22924,French Fries,Sides,2,5,10,3.0,MARY,n/a
2026/03/22,ORD-76089,Soda,Drinks,3,3,9.00,1.5,John,t3
"Mar 22, 2026",ORD-68321,Beef Burger,Burgers,2,14,28,"12,00",Sarah,T1
03/22/2026,ORD-95587,Bruschetta,Appetizers,1,7,7.00,2.5,Sarah,t3
22/03/2026,ORD-28547,Tiramisu,Desserts,2,8,16.00 EUR,6,nan,T1
03/22/2026,ORD-48981,Bruschetta,Appetizers,1,7,7,2.5%,john,N/A
22/03/26,ORD-29070,French Fries,Sides,1,5,5.00,1.5%,John,T5
22/03/2026,ORD-48073,Pepperoni Pizza,Pizza,3,18,54.0%,18,NA,t3
22.03.2026,ORD-31078,Beef Burger,Burgers,3,14,42,18,,
2026/03/22,ORD-96264,Pepperoni Pizza,Pizza,3,18,54,18,John,T5
22/03/26,ORD-76934,Coffee,Drinks,3,4,12.00,3,John,T1
03/22/26,ORD-24175,Caesar Salad,Salads,1,12,12,4.0%,sarah,
03/22/26,ORD-31277,Pepperoni Pizza,Pizza,2,18,36.00,12,--,t3
22 Mar 2026,ORD-62551,Caesar Salad,Salads,3,12,36,12.00,Sarah,nan
2026-03-22,ORD-87309,French Fries,Sides,1,5,5,1.5,sarah,
03/22/26,ORD-61116,French Fries,Sides,2,5,10,3.0,MARY,T5
03/22/2026,ORD-19832,Margherita Pizza,Pizza,2,15,30,10.00 TRY,,t3
"Mar 22, 2026",ORD-25157,French Fries,Sides,3,5,15,4.5,sarah,-
22/03/26,ORD-90991,French Fries,Sides,1,5,5,1.5,Sarah,
n/a,ORD-52498,Margherita Pizza,Pizza,2,15,30,10.00,MARY,T1
23/03/26,ORD-24673,Chicken Wings,Appetizers,1,10,10.0%,4,sarah,T1
"Mar 23, 2026",ORD-75389,Bruschetta,Appetizers,3,7,21.00 EUR,7.5,MARY,-
nan,ORD-21589,  Bruschetta  ,Appetizers,2,7,14.0%,5.0,,
23-03-2026,ORD-17411,Beef Burger,Burgers,2,14,28,12,sarah,T2
03/23/26,ORD-96586,Chicken Wings,Appetizers,2,10,20,8.0%,Sarah,T1
2026/03/23,ORD-34302,Coffee,Drinks,1,4,4,1,john,T1
N/A,ORD-85508,Beef Burger,Burgers,1,14,14,6,john,t3
23/03/26,ORD-58467,Pepperoni Pizza ,Pizza,3,18,54.00,18,sarah,
03/23/2026,ORD-63280,Pepperoni Pizza,Pizza,3,18,54,18,john,T1
23.03.2026,ORD-60092,French Fries,Sides,3,5,15,4.5,Sarah,T5
"Mar 23, 2026",ORD-43154,  Beef Burger  ,Burgers,2,14,28,12.0%,MARY,T2
2026/03/23,ORD-76480,Bruschetta,Appetizers,3,7,21.0%,7.5,Sarah,--
03/23/2026,ORD-27692,Coffee ,Drinks,3,4,£12.00,3,john,T2
03/23/26,ORD-76083,Bruschetta,Appetizers,2,7,14.00,5.0,sarah,T1
03/23/2026,ORD-33332,Bruschetta,Appetizers,1,7,7,2.5,Sarah,T2
23 Mar 2026,ORD-24569,Bruschetta,Appetizers,2,7,14,"5,00",sarah,
23-03-2026,ORD-94244,Coffee,Drinks,1,4,4,1,Sarah,T1
03/23/26,ORD-39668,Tiramisu,Desserts,1,8,8,3,,T1
2026-03-24,ORD-31024,Beef Burger,Burgers,1,14,14.0%,6,Sarah,NULL
2026-03-24,ORD-51652,Margherita Pizza,Pizza,1,15,15,n/a,sarah,T1
03/24/2026,ORD-56195,Chicken Wings,Appetizers,1,10,€10.00,4,n/a,T2
03/24/26,ORD-23297,Bruschetta,Appetizers,1,7,7.00 USD,2.5,MARY,
03/24/2026,ORD-75139,Beef Burger,Burgers,1,14,14.00 EUR,6.00 TRY,MARY,T1
24 Mar 2026,ORD-95257,French Fries,Sides,3,5,15.00,4.5%,John,T1
24-03-2026,ORD-92119,French Fries,Sides,3,5,₺15.00,4.5%,Sarah,T1
null,ORD-18248,Chicken Wings,Appetizers,3,10,30.00,12,NULL,
24-03-2026,ORD-91041,Coffee,Drinks,1,4,4.00,-,Sarah,t3
2026-03-24,ORD-50918,French Fries,Sides,1,5,5,1.50,John,t3
03/24/2026,ORD-59934,French Fries,Sides,2,5,10,3.00 USD,--,T2
2026/03/24,ORD-71924,French Fries,Sides,3,5,"15,00",4.5,john,
24-03-2026,ORD-31975,Coffee,Drinks,1,4,4,1,Sarah,T1
03/24/2026,ORD-21846,Soda,Drinks,3,3,9.00 TRY,1.5,Sarah,T5
24-03-2026,ORD-95279,Pepperoni Pizza,Pizza,2,18,36,12,John,T2
03/24/2026,ORD-67865,Beef Burger,Burgers,1,14,14,6,MARY,T5
NONE,ORD-60751,Bruschetta,Appetizers,3,7,21,$7.50,sarah,
25.03.2026,ORD-62758,Caesar Salad,Salads,3,12,36.00,12,n/a,none
25.03.2026,ORD-94288,Margherita Pizza,Pizza,3,15,45.00,15.0%,john,
25-03-2026,ORD-71729,Margherita Pizza,Pizza,1,15,15,5,MARY,T2
2026/03/25,ORD-97619,Pepperoni Pizza,Pizza,2,18,36,12,John,
"Mar 25, 2026",ORD-31788,Chicken Wings,Appetizers,1,10,10.00,4,MARY,t3
25.03.2026,ORD-92353,  Margherita Pizza  ,Pizza,1,15,15.00,"5,00",--,t3
25.03.2026,ORD-53082,Pepperoni Pizza,Pizza,1,18,18.00,6,Sarah,T5
03/25/26,ORD-64150,Beef Burger,Burgers,3,14,42,18,sarah,T1
03/25/26,ORD-97501,Beef Burger,Burgers,3,14,42,18,john,
03/25/26,ORD-69109,Caesar Salad,Salads,1,12,12,4,sarah,T1
25.03.2026,ORD-67006,Soda,Drinks,3,3,9.0%,1.50,Sarah,T1
03/25/26,ORD-25948,Margherita Pizza,Pizza,2,15,30.0%,10.00 USD,,T1
03/25/26,ORD-76920,Margherita Pizza,Pizza,2,15,30,10,John,T1
03/25/2026,ORD-20417,Caesar Salad,Salads,1,12,12,4,john,T2
03/25/2026,ORD-52488,Chicken Wings ,Appetizers,1,10,10,4,sarah,
25 Mar 2026,ORD-34452,Chicken Wings,Appetizers,3,10,30.00 EUR,12,,T5
2026/03/25,ORD-27480,Bruschetta,Appetizers,3,7,21.00,7.5,,T1
25/03/2026,ORD-44343,Soda,Drinks,3,3,9,1.50,sarah,T2
03/25/2026,ORD-33340,Tiramisu,Desserts,1,8,₺8.00,3.0%,Sarah,T2
2026/03/26,ORD-54180,Soda,Drinks,3,3,9,1.5,sarah,t3
"Mar 26, 2026",ORD-86669,Coffee,Drinks,2,4,8,2,john,n/a
26-03-2026,ORD-94026,Margherita Pizza,Pizza,1,15,15,nan,NULL,
03/26/26,ORD-97293,beef burger,Burgers,1,14,14,-,MARY,T2
03/26/26,ORD-40728,Chicken Wings,Appetizers,3,10,30.00,12,John,T5
26/03/26,ORD-68740,Bruschetta,Appetizers,3,7,"21,00",7.5,,
26 Mar 2026,ORD-23661,Bruschetta,Appetizers,1,7,7,2.50 EUR,Sarah,t3
26/03/26,ORD-68963,Chicken Wings,Appetizers,1,10,10,NULL,,
03/26/2026,ORD-41739,Bruschetta,Appetizers,2,7,14,5.00,MARY,T1
03/26/26,ORD-18888,Chicken Wings,Appetizers,1,10,nan,4,Sarah,T2
--,ORD-89540,Coffee,Drinks,2,4,8.00 TRY,2.00 TRY,john,T2
2026-03-26,ORD-41016,Pepperoni Pizza,Pizza,1,18,18,6,sarah,T1
2026-03-26,ORD-21499,Coffee,Drinks,1,4,4,1.00 TRY,Sarah,T1
03/26/26,ORD-37180,Coffee,Drinks,1,4,4,-,sarah,T1
26.03.2026,ORD-83911,Caesar Salad,Salads,1,12,12.0%,4,MARY,T1
"Mar 26, 2026",ORD-19769,Beef Burger,Burgers,1,14,14.00,6,John,nan
26/03/26,ORD-72801,Caesar Salad,Salads,3,12,36.00 USD,12,sarah,
03/26/26,ORD-71885,Chicken Wings,Appetizers,2,10,20.00,8.00,none,--
26.03.2026,ORD-32109,Chicken Wings,Appetizers,3,10,$30.00,12,Sarah,NULL
26-03-2026,ORD-48430,Tiramisu,Desserts,3,8,"24,00",9,N/A,T5
03/26/2026,ORD-89418,Beef Burger,Burgers,1,14,14,6.00 TRY,,NONE
26 Mar 2026,ORD-45437,Bruschetta,Appetizers,3,7,21.00,7.5,MARY,
26/03/26,ORD-44016,Coffee,Drinks,3,4,12,3,john,NONE
26-03-2026,ORD-61491,Bruschetta,Appetizers,2,7,14.00,5.00,,T5
2026-03-26,ORD-13966,Beef Burger,Burgers,1,14,14,6,Sarah,t3
none,ORD-85545,French  Fries,Sides,1,5,5,1.5,MARY,T2
2026/03/26,ORD-94302,CAESAR SALAD,Salads,1,12,€12.00,4.00,sarah,T5
26.03.2026,ORD-95269,french fries,Sides,3,5,"15,00","4,50",john,t3
NA,ORD-66815,Caesar Salad,Salads,2,12,24.00,8,Sarah,T5
26/03/26,ORD-27089,French Fries,Sides,3,5,15,4.50 EUR,John,T2
2026/03/26,ORD-68770,Pepperoni Pizza,Pizza,2,18,36.00,12.00 TRY,john,T5
26/03/2026,ORD-76751,Pepperoni Pizza,Pizza,3,18,"54,00",18,sarah,T1
"Mar 26, 2026",ORD-29653,PEPPERONI PIZZA,Pizza,1,18,18,6,MARY,t3
26/03/26,ORD-27436,Pepperoni Pizza,Pizza,1,18,18,6,john,NA
2026-03-26,ORD-79303,French Fries,Sides,2,5,10,3.0,NULL,N/A
26.03.2026,ORD-92478,TIRAMISU,Desserts,2,8,16,6.0%,MARY,T5
26 Mar 2026,ORD-24504,Bruschetta,Appetizers,2,7,14,5.0,John,T5
2026-03-26,ORD-55240,coffee,Drinks,2,4,8.00,2,,t3
03/26/26,ORD-92251,Bruschetta,Appetizers,1,7,7,2.5,,T1
26 Mar 2026,ORD-57758,Bruschetta,Appetizers,1,7,7.00 EUR,2.5,MARY,t3
26 Mar 2026,ORD-62449,Caesar Salad,Salads,1,12,12,--,sarah,t3
26/03/26,ORD-33174,  Pepperoni Pizza  ,Pizza,2,18,€36.00,12,John,T5
26/03/26,ORD-80269,Coffee,Drinks,3,4,12,3.00 TRY,--,
26/03/2026,ORD-77887,French Fries ,Sides,2,5,--,3.0,john,T1
03/27/26,ORD-29847,Caesar Salad,Salads,2,12,24,8.0%,N/A,
27/03/2026,ORD-66624,Pepperoni Pizza,Pizza,3,18,54,18,john,T2
27.03.2026,ORD-45988,Margherita Pizza,Pizza,1,15,15,"5,00",john,t3
03/27/2026,ORD-72313,Pepperoni Pizza,Pizza,2,18,36.00,12.00,MARY,
27.03.2026,ORD-47237,Bruschetta,Appetizers,2,7,14,5.0,john,
2026-03-27,ORD-62824,Tiramisu,Desserts,2,8,16,6,john,N/A
03/27/2026,ORD-49787,Beef Burger,Burgers,3,14,42,18,MARY,T2
27.03.2026,ORD-76864,Soda,Drinks,3,3,9,1.5,NULL,T5
27/03/2026,ORD-34748,Bruschetta,Appetizers,3,7,21,7.50,John,T2
2026-03-27,ORD-24663,Caesar Salad,Salads,1,12,12,4,,t3
27/03/26,ORD-98290,Caesar Salad,Salads,2,12,24.00,8.0%,MARY,t3
27-03-2026,ORD-33779,Pepperoni Pizza,Pizza,2,18,36,12,John,T2
27 Mar 2026,ORD-64067,Tiramisu,Desserts,1,8,8,3,Sarah,T2
27.03.2026,ORD-48241,Bruschetta,Appetizers,1,7,7,2.5,john,t3
"Mar 27, 2026",ORD-50112,Bruschetta,Appetizers,3,7,21,7.5,Sarah,t3
03/27/26,ORD-79684,caesar salad,Salads,2,12,"24,00",8,sarah,T1
"Mar 27, 2026",ORD-43259,Pepperoni Pizza,Pizza,1,18,18.00,6,sarah,none
2026/03/27,ORD-45678,Coffee,Drinks,1,4,"4,00",1,john,none
03/27/2026,ORD-68935,Coffee,Drinks,2,4,"8,00",2.00,sarah,T2
27 Mar 2026,ORD-37864,Chicken Wings,Appetizers,2,10,20,8,-,NA
27/03/26,ORD-84011,French Fries,Sides,2,5,10.00,3.0,John,t3
03/27/2026,ORD-70309,Chicken Wings,Appetizers,1,10,10.00 TRY,4,john,
N/A,ORD-51585,Caesar Salad,Salads,3,12,36,12,,T1
27/03/2026,ORD-38220,Soda,Drinks,3,3,N/A,1.5,MARY,t3
27 Mar 2026,ORD-59000,Caesar Salad,Salads,2,12,24,₺8.00,john,T1
27 Mar 2026,ORD-94537,Soda,Drinks,3,3,9,1.5,sarah,
"Mar 27, 2026",ORD-95988,Bruschetta,Appetizers,3,7,21.00 USD,7.5,-,t3
27.03.2026,ORD-33530,French Fries,Sides,2,5,10,3.0,,T1
03/27/26,ORD-66933,Caesar Salad,Salads,1,12,12,4.0%,john,T2
03/27/2026,ORD-30631,Margherita Pizza,Pizza,2,15,30.00 EUR,10,John,none
27.03.2026,ORD-48928,Caesar Salad,Salads,3,12,36,12,,T2
27 Mar 2026,ORD-21143,Chicken Wings ,Appetizers,1,10,10.00,4,john,T5
03/27/2026,ORD-95243,Caesar Salad,Salads,2,12,24.00,8,n/a,T1
27-03-2026,ORD-14332,Margherita Pizza,Pizza,3,15,45,15.00,john,T2
27-03-2026,ORD-80640,French Fries,Sides,2,5,10,3.0,NONE,T1
03/27/26,ORD-58221,Beef Burger,Burgers,3,14,42,,John,T2
03/27/2026,ORD-70783,Coffee,Drinks,3,4,12,3,N/A,T2
"Mar 27, 2026",ORD-67055,Bruschetta,Appetizers,1,7,7,"2,50",-,--
03/27/26,ORD-53462,Coffee,Drinks,2,4,8,2,sarah,T1
27 Mar 2026,ORD-33363,Chicken Wings,Appetizers,2,10,20.00,8,MARY,T5
27.03.2026,ORD-79027,French Fries,Sides,3,5,15,4.5,NA,T1
27/03/2026,ORD-66623,Caesar Salad,Salads,3,12,36,12,MARY,n/a
27/03/2026,ORD-13743,French Fries,Sides,1,5,5.00,1.50,John,t3
03/27/2026,ORD-67582,Bruschetta,Appetizers,3,7,21.00,7.5,,T2
2026-03-27,ORD-26538,Bruschetta,Appetizers,3,7,21,"7,50",MARY,T5
2026/03/27,ORD-40445,Soda,Drinks,3,3,9.00,1.5,MARY,
27.03.2026,ORD-83970,Soda,Drinks,3,3,9,1.50,john,
2026-03-27,ORD-60871,Coffee,Drinks,2,4,8,2,John,T5
27-03-2026,ORD-92892,French Fries,Sides,2,5,10.00,3.0,Sarah,T5
27/03/26,ORD-21096,Tiramisu,Desserts,1,8,8,3,john,
2026-03-27,ORD-62225,Coffee ,Drinks,1,4,4,1,nan,
NONE,ORD-58009,Tiramisu,Desserts,3,8,24.00 USD,9,Sarah,n/a
"Mar 27, 2026",ORD-64963,French Fries,Sides,2,5,10,3.0,MARY,nan
03/27/26,ORD-66155,Pepperoni Pizza,Pizza,1,18,£18.00,6.00,sarah,T1
27-03-2026,ORD-37192,Soda,Drinks,2,3,-,1.0,,
03/27/26,ORD-95446,French Fries,Sides,2,5,"10,00",3.0,Sarah,t3
2026-03-27,ORD-28794,Caesar Salad,Salads,1,12,12,4,sarah,t3
27/03/26,ORD-54770,Beef Burger,Burgers,1,14,14,6,Sarah,T2
27 Mar 2026,ORD-37515,Tiramisu,Desserts,2,8,16,6.0%,Sarah,NONE
27/03/2026,ORD-93444,Margherita Pizza,Pizza,3,15,45,15,John,T2
03/27/26,ORD-46922,Beef Burger,Burgers,2,14,28,12.00,Sarah,T2
2026-03-27,ORD-90923,French Fries,Sides,1,5,$5.00,1.5,,T2
27.03.2026,ORD-69588,Margherita Pizza,Pizza,3,15,45,15.00,Sarah,T5
"Mar 27, 2026",ORD-97933,Beef Burger,Burgers,2,14,28,12,Sarah,T1
03/27/26,ORD-67754,margherita pizza,Pizza,2,15,30,10.00,,
27-03-2026,ORD-59893,Soda,Drinks,1,3,3,0.50,MARY,T5
2026/03/27,ORD-94336,French Fries,Sides,1,5,5,1.5,N/A,T1
27-03-2026,ORD-93396,Caesar Salad,Salads,3,12,36,12.0%,john,T5
27 Mar 2026,ORD-60085,Soda,Drinks,3,3,9.0%,1.50 USD,sarah,NONE
"Mar 27, 2026",ORD-35862,Soda,Drinks,1,3,"3,00",0.5,sarah,T5
27.03.2026,ORD-52830,Margherita Pizza,Pizza,2,15,30.0%,10.00,MARY,T5
27-03-2026,ORD-30549,Beef  Burger,Burgers,3,14,42,18.0%,John,T5
27/03/26,ORD-49047,Soda,Drinks,3,3,9,1.5,john,T2
03/27/2026,ORD-14575,Coffee,Drinks,1,4,4,1,john,T1
--,ORD-48803,French Fries,Sides,2,5,₺10.00,3.0,john,T1
27/03/26,ORD-73854,BRUSCHETTA,Appetizers,1,7,7.00 TRY,2.5,NONE,T5
27-03-2026,ORD-73843,Tiramisu,Desserts,1,8,8.00,NA,sarah,NULL
27-03-2026,ORD-91497,French Fries,Sides,3,5,15,4.5,john,T2
27/03/2026,ORD-16614,Caesar Salad,Salads,1,12,12,4.00,John,T1
03/27/26,ORD-76763,Caesar Salad,Salads,2,12,24.00,$8.00,MARY,T1
2026/03/27,ORD-17604,Margherita Pizza,Pizza,1,15,15,5.00,,T1
27/03/2026,ORD-96536,French Fries,Sides,3,5,15,4.50,Sarah,
03/27/26,ORD-76736,French Fries,Sides,3,5,15,4.5,MARY,T1
2026/03/27,ORD-69615,Caesar Salad,Salads,2,12,"24,00",8,,
28.03.2026,ORD-16962,Coffee,Drinks,3,4,12,3,Sarah,null
2026/03/28,ORD-49759,  Tiramisu  ,Desserts,2,8,16.00,6,John,t3
"Mar 28, 2026",ORD-40070,Caesar Salad,Salads,2,12,24.00,NA,John,t3
28-03-2026,ORD-29552,Chicken Wings,Appetizers,3,10,none,12,John,T2
28.03.2026,ORD-99880,Soda,Drinks,2,3,6,1.0,MARY,T2
28 Mar 2026,ORD-33902,  Chicken Wings  ,Appetizers,3,10,30.0%,12,John,T2
03/28/26,ORD-81841,Pepperoni Pizza,Pizza,3,18,54,18,John,T1
2026-03-28,ORD-77991,caesar salad,Salads,2,12,24.00,8,Sarah,T5
03/28/2026,ORD-43875,Chicken Wings,Appetizers,1,10,10.00,4,John,
2026-03-28,ORD-30316,Beef Burger,Burgers,2,14,28,12,MARY,T1
03/28/2026,ORD-54938,Chicken Wings,Appetizers,3,10,30,12.00,John,T1
2026/03/28,ORD-20520,Beef Burger,Burgers,1,14,"14,00",6,John,T2
28-03-2026,ORD-87759,Margherita Pizza,Pizza,2,15,30,"10,00",john,t3
2026/03/28,ORD-50552,French Fries,Sides,3,5,15,n/a,John,
28/03/26,ORD-28614,Tiramisu,Desserts,2,8,16,6,John,--
2026-03-28,ORD-87793,Margherita Pizza,Pizza,1,15,15.00,5,John,t3
2026/03/28,ORD-64290,Caesar Salad,Salads,1,12,"12,00",4.00,Sarah,T1
28/03/26,ORD-28745,Pepperoni Pizza,Pizza,1,18,18,6,MARY,T5
28/03/26,ORD-40788,Pepperoni Pizza,Pizza,3,18,54,18,-,T5
2026-03-28,ORD-40399,Beef Burger,Burgers,3,14,42.00,18.00 TRY,NONE,
28 Mar 2026,ORD-90250,Bruschetta,Appetizers,2,7,--,5.0,MARY,t3
2026/03/28,ORD-54108,Soda,Drinks,3,3,9,1.5,John,T2
28 Mar 2026,ORD-17805,Beef Burger,Burgers,2,14,28.00,12,sarah,
03/28/2026,ORD-50136,Tiramisu,Desserts,3,8,24,9,john,t3
28/03/2026,ORD-39659,Tiramisu,Desserts,1,8,8,3.0%,sarah,N/A
28/03/2026,ORD-95715,CAESAR SALAD,Salads,1,12,12,4,Sarah,T1
03/28/2026,ORD-16927,Margherita Pizza,Pizza,3,15,£45.00,15,Sarah,T5
null,ORD-72804,Caesar Salad,Salads,3,12,36,12,nan,
2026-03-28,ORD-48031,French Fries,Sides,3,5,$15.00,4.5,Sarah,T1
03/28/2026,ORD-28772,Beef Burger,Burgers,1,14,14,6.00,NA,T2
28/03/2026,ORD-85692,Beef Burger,Burgers,2,14,28,12.00,john,T5
28.03.2026,ORD-33187,Soda,Drinks,1,3,3,0.5,Sarah,t3
n/a,ORD-54894,French Fries,Sides,1,5,NULL,1.5,john,T5
28/03/2026,ORD-92705,Pepperoni Pizza,Pizza,1,18,"18,00",6,--,T1
03/28/26,ORD-96534,beef burger,Burgers,3,14,42,18,Sarah,T5
2026/03/28,ORD-26319,Bruschetta,Appetizers,2,7,14.00,5.0,MARY,NA
2026/03/28,ORD-98016,Soda,Drinks,2,3,6,1.0,John,T2
03/28/26,ORD-26840,Coffee,Drinks,2,4,8,2,Sarah,
28-03-2026,ORD-93863,Soda,Drinks,2,3,6.00,1.0,John,
2026-03-28,ORD-24561,Margherita Pizza,Pizza,1,15,₺15.00,5.00,,t3
03/28/2026,ORD-22572,Beef Burger,Burgers,2,14,28.00,"12,00",Sarah,null
28 Mar 2026,ORD-77163,French Fries,Sides,2,5,10,3.0,john,
29-03-2026,ORD-22411,  Margherita Pizza  ,Pizza,3,15,45,15,john,T2
03/29/2026,ORD-65375,Bruschetta ,Appetizers,2,7,14,5.0,John,T1
29.03.2026,ORD-35121,Soda,Drinks,1,3,£3.00,0.50,john,T1
29/03/2026,ORD-84183,Soda ,Drinks,1,3,"3,00",n/a,,T5
2026-03-29,ORD-27015,French Fries,Sides,1,5,5,1.5,sarah,t3
2026/03/29,ORD-75939,Pepperoni Pizza,Pizza,3,18,54,18,NULL,T5
03/29/2026,ORD-35754,French Fries,Sides,1,5,5,1.5,MARY,null
,ORD-14975,Margherita Pizza,Pizza,1,15,15,5,john,T5
2026/03/29,ORD-81526,Margherita Pizza,Pizza,3,15,45,15,MARY,N/A
03/29/26,ORD-31151,Chicken Wings,Appetizers,2,10,20,8,John,T2
29/03/26,ORD-39375,COFFEE,Drinks,2,4,8.00 EUR,$2.00,,none
29.03.2026,ORD-84646,Chicken Wings,Appetizers,3,10,30,12,MARY,N/A
29-03-2026,ORD-45688,Soda,Drinks,3,3,9,1.5,-,T1
2026/03/29,ORD-61767,Coffee,Drinks,2,4,8,2,John,T5
N/A,ORD-91983,Beef Burger,Burgers,3,14,42,18.00,,NA
03/29/2026,ORD-39622,Chicken Wings,Appetizers,3,10,30,12,Sarah,T5
29-03-2026,ORD-31046,Soda,Drinks,1,3,3.00,0.5,john,T5
2026-03-29,ORD-11775,Pepperoni Pizza ,Pizza,2,18,36,12,Sarah,
29.03.2026,ORD-93298,Caesar Salad,Salads,2,12,24,8,john,
29-03-2026,ORD-80372,Pepperoni Pizza,Pizza,3,18,54,18,,t3
03/29/26,ORD-58062,Soda,Drinks,2,3,6,1.0,john,t3
2026-03-29,ORD-20800,Pepperoni Pizza,Pizza,2,18,36,12,NULL,--
29/03/2026,ORD-65302,French Fries,Sides,3,5,15,4.5,Sarah,t3
29.03.2026,ORD-95171,Soda,Drinks,2,3,6,"1,00",,T5
2026/03/29,ORD-20269,french fries,Sides,2,5,10.00,3.00,,t3
29/03/2026,ORD-77140,Bruschetta,Appetizers,3,7,21,7.5,john,
29/03/26,ORD-90616,Bruschetta,Appetizers,2,7,"14,00",5.0,nan,t3
2026/03/29,ORD-45384,Bruschetta,Appetizers,2,7,14,5.00,john,N/A
29/03/2026,ORD-38416,Bruschetta,Appetizers,1,7,£7.00,2.5,MARY,t3
29.03.2026,ORD-43593,Chicken Wings,Appetizers,2,10,20,8,john,T5
03/29/26,ORD-94069,Pepperoni Pizza,Pizza,2,18,36,12.0%,sarah,t3
NULL,ORD-11327,Beef Burger,Burgers,1,14,14,NONE,n/a,t3
29 Mar 2026,ORD-53816,Margherita Pizza,Pizza,3,15,"45,00",15.00,John,T1
n/a,ORD-64868,Beef  Burger,Burgers,2,14,28,12,Sarah,T5
03/29/2026,ORD-17482,Chicken Wings ,Appetizers,2,10,20.00,8,John,
"Mar 29, 2026",ORD-45857,French Fries,Sides,2,5,10,3.00,john,NA
null,ORD-85185,Tiramisu,Desserts,2,8,16.00,£6.00,sarah,t3
2026-03-29,ORD-98353,Caesar Salad,Salads,1,12,12,4,sarah,NA
2026/03/29,ORD-73097,Chicken Wings,Appetizers,1,10,10.0%,4,,T2
03/29/26,ORD-54123,FRENCH FRIES,Sides,2,5,10,3.00,none,
29-03-2026,ORD-50350,BRUSCHETTA,Appetizers,2,7,"14,00",5.00,john,t3
29/03/26,ORD-88222,Soda,Drinks,1,3,3,0.5,n/a,
"Mar 29, 2026",ORD-88794,French Fries,Sides,1,5,5,1.50 USD,john,T1
--,ORD-87577,French Fries,Sides,2,5,10,3.0,MARY,t3
29 Mar 2026,ORD-30958,Tiramisu,Desserts,1,8,8,3,none,T1
NULL,ORD-17242,Chicken Wings,Appetizers,2,10,20,8,N/A,T2
29-03-2026,ORD-53934,Coffee,Drinks,1,4,4,1.00,Sarah,none
03/29/2026,ORD-59466,Chicken Wings,Appetizers,1,10,10,4.00 TRY,sarah,T2
03/29/2026,ORD-99701,Margherita Pizza,Pizza,2,15,30,10,John,T5
03/29/2026,ORD-25454,Coffee,Drinks,1,4,4,1.00,sarah,-
2026-03-29,ORD-97048,Coffee,Drinks,3,4,12,3.00,sarah,T2
"Mar 29, 2026",ORD-65764,French Fries,Sides,1,5,NONE,1.50,sarah,N/A
"Mar 29, 2026",ORD-83406,Caesar Salad,Salads,3,12,nan,12.0%,john,t3
"Mar 29, 2026",ORD-68730,Soda,Drinks,2,3,6,₺1.00,John,T2
29/03/26,ORD-49485,Pepperoni Pizza,Pizza,3,18,54,18.00,Sarah,
"Mar 29, 2026",ORD-21195,Caesar Salad,Salads,1,12,12,4.00,sarah,T5
n/a,ORD-91358,Pepperoni Pizza,Pizza,2,18,36,12.00,john,T1
03/29/26,ORD-30534,Margherita Pizza,Pizza,3,15,45.00,15.00,NA,
03/29/2026,ORD-51517,Caesar Salad,Salads,1,12,12,4,,T1
03/29/2026,ORD-21735,Caesar Salad,Salads,2,12,24,8,john,t3
29-03-2026,ORD-75781,French Fries,Sides,3,5,15.00,4.5,MARY,T2
29/03/26,ORD-31085,Coffee,Drinks,1,4,4,1.00 USD,,nan
30-03-2026,ORD-39071,Coffee,Drinks,1,4,4.00,1,MARY,T2
"Mar 30, 2026",ORD-50067,Soda,Drinks,3,3,9.0%,1.5,MARY,N/A
03/30/26,ORD-17463,Beef Burger,Burgers,1,14,14,6,sarah,T1
"Mar 30, 2026",ORD-19095,Tiramisu,Desserts,3,8,24.00,N/A,n/a,T1
03/30/2026,ORD-14241,Tiramisu,Desserts,3,8,24,9.00 EUR,john,T2
30-03-2026,ORD-86077,Chicken Wings,Appetizers,1,10,10.00,"4,00",MARY,
30.03.2026,ORD-19714,Soda,Drinks,3,3,9,1.50,,t3
30/03/26,ORD-74237,Pepperoni Pizza ,Pizza,2,18,36,"12,00",Sarah,t3
30-03-2026,ORD-58640,Chicken Wings,Appetizers,3,10,30.0%,12.00 USD,,
"Mar 30, 2026",ORD-46558,  Caesar Salad  ,Salads,2,12,24.00,8,MARY,NA
"Mar 30, 2026",ORD-73949,Coffee,Drinks,3,4,12,3,john,T1
03/30/26,ORD-50824,Bruschetta,Appetizers,2,7,"14,00",5.0,MARY,
30.03.2026,ORD-17528,Bruschetta,Appetizers,1,7,7,2.5,MARY,T2
2026/03/30,ORD-21811,Bruschetta,Appetizers,3,7,21,7.50 TRY,sarah,T1
03/30/2026,ORD-21255,Margherita Pizza,Pizza,2,15,30,10,sarah,T1
30-03-2026,ORD-61639,Pepperoni Pizza,Pizza,2,18,36,12,N/A,nan
2026-03-30,ORD-46799,Margherita Pizza,Pizza,2,15,30,10.00,john,
03/30/26,ORD-88500,Bruschetta,Appetizers,2,7,14,5.00,sarah,T1
30 Mar 2026,ORD-20453,Chicken Wings,Appetizers,1,10,10,4,N/A,n/a
30 Mar 2026,ORD-41600,Tiramisu,Desserts,2,8,16,6.00,Sarah,T1
03/30/26,ORD-22951,Soda,Drinks,1,3,3.00,$0.50,N/A,T2
2026/03/30,ORD-67882,Soda,Drinks,3,3,9.00 TRY,1.5,NULL,T1
30/03/2026,ORD-58343,Beef Burger,Burgers,3,14,42.00,18,,
03/30/26,ORD-41572,Beef Burger,Burgers,2,14,28.0%,12,MARY,T1
2026/03/30,ORD-26882,BEEF BURGER,Burgers,3,14,42,18,-,T5
2026/03/30,ORD-28545,Pepperoni Pizza,Pizza,3,18,54,18,--,T2
"Mar 30, 2026",ORD-74367,Tiramisu,Desserts,3,8,24,9,MARY,
30-03-2026,ORD-16051,Beef Burger,Burgers,3,14,42,18,sarah,null
30-03-2026,ORD-23733,Soda,Drinks,3,3,9,"1,50",sarah,t3
30.03.2026,ORD-69245,Coffee,Drinks,2,4,8,nan,sarah,T2
2026-03-30,ORD-66395,Margherita Pizza,Pizza,2,15,30,10,sarah,T2
03/30/2026,ORD-33411,COFFEE,Drinks,3,4,12.00,3,Sarah,T2
2026/03/30,ORD-50824,Beef Burger,Burgers,3,14,42,18,John,T2
30/03/2026,ORD-64306,Pepperoni Pizza,Pizza,2,18,36,12,John,T2
30.03.2026,ORD-34751,Chicken Wings,Appetizers,2,10,$20.00,8,MARY,T1
"Mar 30, 2026",ORD-79223,Coffee,Drinks,2,4,8,2.00 EUR,john,T2
30/03/26,ORD-10300,French Fries,Sides,2,5,10,3.0,John,T1
2026-03-30,ORD-30452,Chicken Wings,Appetizers,2,10,20.00,8,MARY,t3
30 Mar 2026,ORD-79253,Caesar Salad,Salads,3,12,36.0%,12,MARY,nan
2026-03-30,ORD-86354,French Fries,Sides,1,5,5,1.50 EUR,Sarah,T2
30 Mar 2026,ORD-31402,Margherita Pizza,Pizza,2,15,30,"10,00",John,t3
03/30/26,ORD-75068,French Fries,Sides,2,5,10,3.00,John,
"Mar 30, 2026",ORD-28030,Pepperoni Pizza,Pizza,1,18,18,6,MARY,T5
30/03/2026,ORD-59181,French Fries,Sides,2,5,NONE,3.0,sarah,T1
NONE,ORD-24742,Caesar Salad,Salads,3,12,36.00,12,MARY,t3
30-03-2026,ORD-35210,Chicken Wings,Appetizers,3,10,30.00,12,Sarah,T5
2026-03-30,ORD-45960,Margherita Pizza,Pizza,3,15,45.00,15,john,T2
2026/03/31,ORD-28881,Caesar Salad,Salads,2,12,$24.00,8,MARY,
03/31/2026,ORD-24396,Beef Burger,Burgers,2,14,28,12,john,T5
31/03/26,ORD-11988,Soda,Drinks,1,3,3,nan,john,T2
03/31/2026,ORD-79131,Caesar Salad,Salads,3,12,36,12.00 EUR,,NONE
31/03/2026,ORD-18732,Margherita Pizza ,Pizza,2,15,30.0%,10,NULL,T2
,ORD-12222,Tiramisu,Desserts,1,8,8,3,john,T1
31.03.2026,ORD-14407,Pepperoni  Pizza,Pizza,3,18,54,18.00,-,t3
31.03.2026,ORD-46241,Pepperoni Pizza,Pizza,2,18,36,null,Sarah,T5
31.03.2026,ORD-18575,bruschetta,Appetizers,3,7,21.00,7.5,Sarah,T1
31.03.2026,ORD-30815,Beef Burger,Burgers,3,14,42,18,sarah,-
31-03-2026,ORD-15867,Caesar Salad,Salads,1,12,12.00 TRY,4,MARY,T2
31/03/26,ORD-62001,Caesar Salad,Salads,3,12,36,null,Sarah,T5
31.03.2026,ORD-54098,Pepperoni Pizza,Pizza,1,18,18,6.00 EUR,null,T1
31/03/26,ORD-39402,French Fries,Sides,3,5,15,£4.50,sarah,
31 Mar 2026,ORD-15656,Tiramisu,Desserts,3,8,24,9,,
03/31/26,ORD-41021,Coffee,Drinks,1,4,4.00 TRY,1,,t3
"Mar 31, 2026",ORD-15316,Coffee,Drinks,1,4,"4,00",1,MARY,
31-03-2026,ORD-88415,Bruschetta,Appetizers,1,7,7,2.5,sarah,none
31.03.2026,ORD-19369,Chicken  Wings,Appetizers,3,10,30,12.0%,john,T5
2026-03-31,ORD-84121,Tiramisu,Desserts,2,8,16,£6.00,John,T2
2026/03/31,ORD-18167,Caesar Salad,Salads,3,12,36.00,12,sarah,T1
31 Mar 2026,ORD-88711,Bruschetta,Appetizers,2,7,14.00,5.0,john,T1
31/03/2026,ORD-46803,Pepperoni Pizza,Pizza,1,18,18,6.00,Sarah,nan
03/31/26,ORD-18828,Chicken Wings,Appetizers,1,10,10,4,,T5
31.03.2026,ORD-93693,Beef Burger,Burgers,1,14,14.00,6,,T1
31/03/2026,ORD-57241,Chicken Wings,Appetizers,2,10,20,8.00,John,T5
31-03-2026,ORD-41383,Caesar Salad,Salads,2,12,24,8,,nan
31 Mar 2026,ORD-36631,Beef Burger,Burgers,1,14,14,6,MARY,t3
03/31/2026,ORD-87566,French  Fries,Sides,1,5,5.00 USD,1.5,Sarah,NA
31/03/26,ORD-13599,Beef Burger,Burgers,3,14,42,18,sarah,T5
2026/03/31,ORD-80009,Beef Burger,Burgers,2,14,28,12,Sarah,nan
03/31/26,ORD-52281,Tiramisu,Desserts,2,8,16,6,John,
03/31/2026,ORD-23936,  Coffee  ,Drinks,3,4,12,3,Sarah,
31.03.2026,ORD-17987,Tiramisu ,Desserts,3,8,24.00,9.00,john,T2
31/03/26,ORD-56678,Pepperoni Pizza,Pizza,3,18,54,₺18.00,sarah,
31/03/26,ORD-44372,Beef Burger,Burgers,1,14,14,6,,T5
"Mar 31, 2026",ORD-29514,Beef Burger,Burgers,3,14,42,18,sarah,T1
31/03/2026,ORD-85482,Soda,Drinks,2,3,6.00,1.0,sarah,T5
31 Mar 2026,ORD-76504,Caesar Salad,Salads,3,12,36,--,john,t3
2026/03/31,ORD-68855,Bruschetta,Appetizers,2,7,14.00,5.0,john,T5
31 Mar 2026,ORD-47028,Beef Burger,Burgers,3,14,42,18,sarah,T5
03/31/26,ORD-87114,pepperoni pizza,Pizza,2,18,$36.00,12,,
2026-03-31,ORD-29805,Chicken Wings,Appetizers,1,10,10,4.00,sarah,T2
03/31/2026,ORD-93937,French Fries,Sides,3,5,15.00,4.5,sarah,T1
01.04.2026,ORD-65471,Margherita Pizza,Pizza,1,15,NONE,5.00,N/A,t3
04/01/2026,ORD-55356,Coffee,Drinks,1,4,4,1,John,T5
01/04/26,ORD-29391,Margherita Pizza,Pizza,1,15,15,5,John,T2
01/04/26,ORD-98584,  French Fries  ,Sides,2,5,10,3.0,,
01/04/2026,ORD-36684,Coffee,Drinks,1,4,4.00 EUR,1.00,--,T1
01.04.2026,ORD-11141,Bruschetta,Appetizers,1,7,7,2.5,Sarah,
2026/04/01,ORD-16632,Beef Burger,Burgers,1,14,14,6.00,Sarah,T2
2026/04/01,ORD-95190,Bruschetta,Appetizers,3,7,21,7.50,John,
01/04/2026,ORD-37554,Beef Burger,Burgers,2,14,28,"12,00",MARY,T2
01/04/26,ORD-26463,Beef Burger,Burgers,1,14,14.00,6,Sarah,t3
01-04-2026,ORD-52323,Margherita Pizza,Pizza,1,15,15,5,sarah,t3
01/04/2026,ORD-30730,Coffee,Drinks,2,4,8,2,sarah,t3
2026/04/01,ORD-93703,Caesar  Salad,Salads,3,12,£36.00,12,Sarah,t3
04/01/2026,ORD-57157,Tiramisu,Desserts,1,8,"8,00",3,john,--
01-04-2026,ORD-96608,Margherita Pizza,Pizza,1,15,15,5,Sarah,T1
"Apr 01, 2026",ORD-88879,Coffee,Drinks,3,4,12,3.00 EUR,sarah,T2
04/01/2026,ORD-98796,Chicken Wings,Appetizers,3,10,30,12,john,NULL
04/01/2026,ORD-97917,Soda,Drinks,2,3,6.00 TRY,1.00,MARY,-
01 Apr 2026,ORD-44296,Caesar Salad,Salads,2,12,24,8,nan,T2
02.04.2026,ORD-79340,French Fries,Sides,3,5,15,4.50 EUR,-,T2
02.04.2026,ORD-96426,Coffee,Drinks,1,4,4,nan,Sarah,T2
02 Apr 2026,ORD-67125,Bruschetta,Appetizers,1,7,7,2.5,-,T2
02/04/2026,ORD-78988,Coffee,Drinks,1,4,NONE,1,sarah,
02-04-2026,ORD-94261,Beef Burger,Burgers,2,14,28,12.00,john,t3
2026/04/02,ORD-25975,Tiramisu,Desserts,1,8,N/A,3,sarah,T5
02/04/26,ORD-12663,Caesar Salad,Salads,1,12,12,4,Sarah,T1
02/04/2026,ORD-39583,French Fries,Sides,2,5,10,3.0,,t3
02.04.2026,ORD-51555,Bruschetta ,Appetizers,1,7,7,"2,50",n/a,T2
02 Apr 2026,ORD-83459,MARGHERITA PIZZA,Pizza,1,15,15.00,5.00,John,T1
,ORD-22282,Bruschetta,Appetizers,2,7,14.0%,5.0,,null
02 Apr 2026,ORD-36154,CHICKEN WINGS,Appetizers,1,10,10,4,nan,T1
02/04/2026,ORD-75788,Beef Burger,Burgers,2,14,28,"12,00",Sarah,n/a
02.04.2026,ORD-53174,French Fries,Sides,3,5,15.00,4.50,john,T5
"Apr 02, 2026",ORD-10570,French Fries,Sides,1,5,NA,1.5,MARY,T1
02/04/26,ORD-83547,Chicken Wings,Appetizers,2,10,20,8.0%,,T2
2026-04-02,ORD-47073,French Fries,Sides,1,5,5,"1,50",,T5
04/02/26,ORD-38578,Coffee,Drinks,3,4,12.0%,3,John,T1
"Apr 02, 2026",ORD-12608,French Fries,Sides,3,5,15.00,4.5,MARY,N/A
02/04/2026,ORD-20433,Coffee,Drinks,3,4,"12,00",3.00 TRY,Sarah,T1
2026-04-02,ORD-60536,Tiramisu,Desserts,2,8,16,6.00,NONE,
2026/04/02,ORD-82141,beef burger,Burgers,1,14,14.00,6.00,john,T1
02-04-2026,ORD-10908,Beef Burger,Burgers,1,14,14,none,John,T2
04/02/26,ORD-86629,Pepperoni Pizza,Pizza,2,18,null,12,john,
2026/04/02,ORD-70496,Pepperoni Pizza,Pizza,1,18,"18,00",6,MARY,T1
2026/04/02,ORD-64848,Margherita Pizza,Pizza,3,15,45,15,,T5
2026-04-02,ORD-25792,Chicken Wings,Appetizers,2,10,20,8,Sarah,T5
02.04.2026,ORD-81014,  French Fries  ,Sides,2,5,10,3.0%,john,
02.04.2026,ORD-76020,Pepperoni Pizza,Pizza,2,18,36,12,john,t3
02/04/26,ORD-54038,Coffee,Drinks,2,4,8,"2,00",,T5
"Apr 03, 2026",ORD-94669,Tiramisu,Desserts,3,8,24,9,MARY,
04/03/26,ORD-41141,Bruschetta,Appetizers,2,7,14,5.0,MARY,T2
"Apr 03, 2026",ORD-97693,Coffee,Drinks,1,4,4,1,sarah,
"Apr 03, 2026",ORD-61580,Chicken Wings,Appetizers,1,10,10,4,john,T1
04/03/2026,ORD-94203,Soda,Drinks,3,3,₺9.00,€1.50,john,T1
"Apr 03, 2026",ORD-84272,  Coffee  ,Drinks,3,4,12.00,-,-,T2
03.04.2026,ORD-70865,Bruschetta,Appetizers,2,7,14.00 USD,5.0,john,T1
04/03/26,ORD-49691,MARGHERITA PIZZA,Pizza,3,15,45,15,MARY,
--,ORD-51203,Chicken Wings,Appetizers,2,10,20,€8.00,Sarah,T1
03 Apr 2026,ORD-10900,Bruschetta,Appetizers,2,7,14,€5.00,sarah,T2
03.04.2026,ORD-78713,Beef Burger,Burgers,2,14,28.0%,12,sarah,T2
04/03/2026,ORD-67730,French Fries,Sides,3,5,15,4.5,Sarah,T1
03.04.2026,ORD-91457,Pepperoni Pizza,Pizza,1,18,18,6.00,MARY,T5
04/03/26,ORD-81585,French Fries,Sides,1,5,5.00 USD,1.5,Sarah,t3
2026-04-03,ORD-66407,Caesar Salad,Salads,1,12,12,4,sarah,t3
"Apr 03, 2026",ORD-20823,  French Fries  ,Sides,1,5,NULL,1.5,MARY,T5
N/A,ORD-87239,Chicken Wings,Appetizers,1,10,10,4,,T2
03 Apr 2026,ORD-43062,Caesar Salad,Salads,2,12,24,8,john,
03-04-2026,ORD-39175,Soda,Drinks,1,3,3,$0.50,John,
03/04/2026,ORD-22579,Caesar Salad,Salads,1,12,12,4,N/A,t3
03.04.2026,ORD-45196,Tiramisu,Desserts,1,8,"8,00",3,,
"Apr 03, 2026",ORD-92893,French Fries,Sides,3,5,15,4.5,john,
03/04/2026,ORD-59057,Caesar Salad,Salads,3,12,36,€12.00,john,T1
03.04.2026,ORD-27539,Caesar Salad,Salads,3,12,36.00,12,none,T1
04/03/2026,ORD-65713,Chicken  Wings,Appetizers,3,10,--,12,Sarah,NULL
03 Apr 2026,ORD-52342,Bruschetta,Appetizers,1,7,7,2.5,john,T5
2026/04/03,ORD-89447,Pepperoni Pizza,Pizza,2,18,36,12.00,MARY,none
"Apr 03, 2026",ORD-91693,Chicken Wings,Appetizers,2,10,20.00,8,N/A,n/a
03 Apr 2026,ORD-33527,Margherita Pizza ,Pizza,1,15,15.00,5,MARY,t3
"Apr 03, 2026",ORD-69157,Coffee,Drinks,2,4,8,2,John,none
2026/04/03,ORD-38694,Soda,Drinks,2,3,"6,00",1.0%,MARY,t3
04/03/26,ORD-88954,Beef Burger,Burgers,2,14,"28,00",12.00 TRY,sarah,T5
03-04-2026,ORD-75480,Caesar Salad,Salads,1,12,12.00 TRY,4.0%,NA,t3
2026/04/03,ORD-70842,margherita pizza,Pizza,2,15,30,$10.00,,T5
04/03/26,ORD-91515,Tiramisu,Desserts,1,8,8,3,--,
03-04-2026,ORD-77716,Bruschetta,Appetizers,1,7,7,2.5,john,T1
04/03/2026,ORD-48012,  French Fries  ,Sides,2,5,10,3.0,nan,
03 Apr 2026,ORD-13945,Beef Burger,Burgers,1,14,14,₺6.00,MARY,T1
04/03/2026,ORD-17690,Beef Burger,Burgers,1,14,14.0%,6,MARY,t3
03.04.2026,ORD-18265,Bruschetta,Appetizers,1,7,7.0%,2.5,sarah,T5
2026/04/03,ORD-80316,Chicken Wings,Appetizers,2,10,20,8,John,NULL
03/04/2026,ORD-30338,Pepperoni Pizza ,Pizza,3,18,54,18,john,NULL
04/03/26,ORD-81390,Pepperoni  Pizza,Pizza,3,18,54,€18.00,john,T1
04/03/26,ORD-38826,Tiramisu,Desserts,2,8,"16,00",6,Sarah,
03/04/26,ORD-28904,Pepperoni Pizza,Pizza,1,18,18,6,none,T1
03.04.2026,ORD-92088,Caesar Salad,Salads,3,12,$36.00,12,sarah,
2026/04/03,ORD-87306,Tiramisu,Desserts,2,8,16,6,sarah,T5
04/03/2026,ORD-37100,Coffee,Drinks,2,4,8,2,NA,T5
03/04/2026,ORD-27187,caesar salad,Salads,2,12,24,8,MARY,T5
03.04.2026,ORD-47551,Tiramisu,Desserts,3,8,24,9.0%,MARY,T5
04/03/2026,ORD-73718,Coffee,Drinks,3,4,12.00,3,MARY,T1
04/03/26,ORD-76037,Beef Burger,Burgers,2,14,28,12,sarah,t3
03/04/2026,ORD-90828,beef burger,Burgers,2,14,N/A,12.00,john,T5
03/04/26,ORD-54475,Pepperoni  Pizza,Pizza,2,18,36.0%,12,John,
03.04.2026,ORD-68147,Margherita Pizza,Pizza,3,15,45.00 EUR,15,john,
2026-04-03,ORD-41206,Coffee,Drinks,3,4,12,3,,
2026-04-03,ORD-87108,French Fries,Sides,3,5,15,4.50,sarah,
2026-04-03,ORD-64304,Margherita Pizza,Pizza,2,15,30,10,John,T5
2026-04-03,ORD-79946,Caesar Salad,Salads,2,12,24,8.00,Sarah,t3
03-04-2026,ORD-63585,MARGHERITA PIZZA,Pizza,2,15,30,10,Sarah,T5
nan,ORD-99464,Tiramisu ,Desserts,1,8,8,3,john,T5
04/03/2026,ORD-96983,Beef Burger,Burgers,2,14,28,12,Sarah,
2026-04-03,ORD-70398,chicken wings,Appetizers,1,10,10,4,,T1
2026-04-03,ORD-79921,Beef Burger,Burgers,3,14,42,18,john,T1
03-04-2026,ORD-11210,Pepperoni Pizza,Pizza,3,18,54.00,18,,
03 Apr 2026,ORD-33057,Caesar Salad,Salads,3,12,36,12,Sarah,T2
"Apr 03, 2026",ORD-28911,pepperoni pizza,Pizza,1,18,18,6,Sarah,T1
03.04.2026,ORD-74164,SODA,Drinks,1,3,3,0.5,john,null
03-04-2026,ORD-53265,Tiramisu,Desserts,3,8,24,9.00,,T1
03 Apr 2026,ORD-75927,Tiramisu,Desserts,1,8,8,nan,null,NA
04/03/26,ORD-19842,Tiramisu,Desserts,2,8,16,₺6.00,Sarah,T2
04/03/26,ORD-79226,Beef Burger,Burgers,1,14,14,NULL,John,nan
03 Apr 2026,ORD-67638,Pepperoni Pizza,Pizza,1,18,₺18.00,6.0%,john,T2
2026/04/03,ORD-90106,Bruschetta,Appetizers,1,7,7,2.5,sarah,T1
,ORD-19211,Bruschetta,Appetizers,3,7,21.0%,7.5,John,t3
04/03/26,ORD-46061,Margherita Pizza,Pizza,3,15,45,15.00,,T2
03-04-2026,ORD-81702,Beef Burger,Burgers,1,14,14.00 EUR,6,,T1
03/04/26,ORD-12472,Bruschetta,Appetizers,1,7,7,2.5%,john,T1
"Apr 03, 2026",ORD-62384,Tiramisu,Desserts,2,8,16,6,MARY,
"Apr 03, 2026",ORD-83571,French Fries,Sides,2,5,10,3.0,nan,t3
2026-04-03,ORD-85694,Pepperoni Pizza,Pizza,2,18,36.00,12,,null
04/03/2026,ORD-88236,Pepperoni Pizza,Pizza,1,18,18,6.00 USD,John,T2
03/04/26,ORD-17087,Beef Burger,Burgers,3,14,N/A,18,Sarah,T2
N/A,ORD-37098,Pepperoni Pizza,Pizza,2,18,36,12.00,MARY,T2
2026-04-03,ORD-46196,Coffee,Drinks,1,4,4,1,Sarah,T1
04/03/2026,ORD-78715,Bruschetta,Appetizers,2,7,n/a,5.0,John,null
03.04.2026,ORD-33932,Caesar Salad,Salads,1,12,12,nan,MARY,NA
2026-04-03,ORD-55579,Tiramisu,Desserts,2,8,16,6.0%,MARY,n/a
03-04-2026,ORD-81822,Chicken Wings,Appetizers,1,10,10,4.00,john,T2
03/04/2026,ORD-65286,Tiramisu,Desserts,3,8,24.0%,9.00,,T2
03-04-2026,ORD-41979,Soda,Drinks,3,3,9,1.50 USD,,
03-04-2026,ORD-77739,Coffee ,Drinks,2,4,₺8.00,2,john,T1
04/04/26,ORD-25881,French Fries,Sides,3,5,15.00,€4.50,MARY,T5
2026/04/04,ORD-54787,Margherita  Pizza,Pizza,2,15,30,10.00,MARY,t3
04.04.2026,ORD-34860,French Fries,Sides,1,5,€5.00,1.5,John,t3
04 Apr 2026,ORD-50043,Tiramisu,Desserts,1,8,8,3,Sarah,T1
04/04/2026,ORD-81193,Caesar Salad,Salads,3,12,"36,00",12,John,T2
04-04-2026,ORD-11420,Margherita Pizza,Pizza,1,15,15,5,John,NULL
"Apr 04, 2026",ORD-93305,Coffee ,Drinks,2,4,8.00,2,Sarah,
04/04/2026,ORD-83483,Caesar Salad,Salads,3,12,36,12,John,T1
04 Apr 2026,ORD-35224,Bruschetta,Appetizers,1,7,7.00 EUR,2.50,sarah,t3
04/04/2026,ORD-22778,Tiramisu,Desserts,3,8,24,9,john,t3
04 Apr 2026,ORD-45786,Caesar Salad,Salads,3,12,36,12,MARY,nan
"Apr 04, 2026",ORD-52974,SODA,Drinks,2,3,6,$1.00,MARY,
04/04/2026,ORD-34490,Soda,Drinks,1,3,3,0.50 USD,Sarah,T1
NA,ORD-78823,Chicken Wings,Appetizers,1,10,10,4,MARY,T2
04/04/2026,ORD-95512,Chicken Wings,Appetizers,3,10,30,12,null,t3
04/04/26,ORD-38307,Coffee,Drinks,3,4,12.00,3.00,sarah,
"Apr 04, 2026",ORD-35473,beef burger,Burgers,2,14,NA,12,john,T5
"Apr 04, 2026",ORD-33702,French Fries,Sides,2,5,10,3.0%,MARY,T1
04/04/2026,ORD-37178,Beef Burger,Burgers,3,14,42,18,NONE,T2
04/04/2026,ORD-21091,Bruschetta,Appetizers,2,7,14,5.00,john,NONE
04 Apr 2026,ORD-91925,Margherita Pizza,Pizza,2,15,30,10,sarah,t3
n/a,ORD-20337,Tiramisu,Desserts,1,8,NA,₺3.00,N/A,t3
2026-04-04,ORD-31519,Beef Burger,Burgers,3,14,42,18.00 EUR,john,--
04/04/2026,ORD-56869,French  Fries,Sides,2,5,10,3.00 EUR,MARY,
04 Apr 2026,ORD-65152,French Fries,Sides,1,5,5,1.50 EUR,john,T5
04/04/2026,ORD-35034,Soda,Drinks,2,3,$6.00,1.0%,null,
04/04/2026,ORD-42536,Beef Burger,Burgers,3,14,42,18,N/A,T5
2026/04/04,ORD-21294,Pepperoni Pizza,Pizza,1,18,18,null,MARY,T2
N/A,ORD-16414,BEEF BURGER,Burgers,1,14,14.00,6,sarah,T1
2026/04/04,ORD-98941,Bruschetta,Appetizers,2,7,14,5.0,John,t3
04 Apr 2026,ORD-33500,Beef Burger,Burgers,2,14,28,12,--,T5
2026-04-04,ORD-98858,Bruschetta,Appetizers,2,7,14,5.0,John,T5
2026-04-04,ORD-18502,Margherita Pizza,Pizza,3,15,45,15,MARY,T5
04/04/2026,ORD-49237,Caesar Salad,Salads,2,12,24.00,8,John,NONE
04.04.2026,ORD-72225,Soda,Drinks,1,3,3,0.5,MARY,t3
2026-04-04,ORD-36335,Coffee,Drinks,1,4,4,1,-,
04/04/2026,ORD-84848,Soda,Drinks,1,3,3,NA,,nan
04/04/26,ORD-80005,Pepperoni Pizza,Pizza,3,18,"54,00",18,john,t3
04 Apr 2026,ORD-72977,Margherita Pizza,Pizza,1,15,15.00 EUR,5,John,
04/04/2026,ORD-34470,Coffee,Drinks,2,4,8,€2.00,sarah,T5
04/04/26,ORD-39934,Chicken Wings,Appetizers,1,10,10,4,MARY,T5
04 Apr 2026,ORD-79210,Chicken Wings,Appetizers,3,10,30,12,MARY,t3
04/04/2026,ORD-67357,Bruschetta,Appetizers,2,7,"14,00",5.0,Sarah,T2
04 Apr 2026,ORD-25441,Caesar Salad,Salads,2,12,24.00,8,John,T2
04/04/2026,ORD-89275,Caesar Salad,Salads,2,12,24,8,sarah,T1
04/04/26,ORD-82007,Chicken Wings,Appetizers,1,10,10,4,,T5
04/04/26,ORD-24737,Pepperoni Pizza,Pizza,2,18,36,12,john,T1
2026-04-04,ORD-41085,Tiramisu,Desserts,2,8,16,6,MARY,T1
n/a,ORD-91649,Beef Burger,Burgers,2,14,28,12.00,john,T1
04/04/26,ORD-24065,Beef Burger,Burgers,2,14,28.00 TRY,12.0%,Sarah,T1
04/04/2026,ORD-36367,Chicken Wings,Appetizers,3,10,30.0%,12.00,sarah,T2
04 Apr 2026,ORD-29913,Bruschetta,Appetizers,3,7,21,7.5,john,t3
04.04.2026,ORD-70650,Soda,Drinks,3,3,9,1.5,,t3
04 Apr 2026,ORD-98551,Pepperoni Pizza,Pizza,3,18,54,18,MARY,
04.04.2026,ORD-51242,French Fries,Sides,2,5,10.00,"3,00",Sarah,
"Apr 04, 2026",ORD-90406,Tiramisu,Desserts,2,8,16,6.00 USD,John,t3
04 Apr 2026,ORD-36768,Caesar Salad,Salads,2,12,$24.00,8,Sarah,T5
2026-04-04,ORD-91620,Chicken Wings,Appetizers,3,10,30,12,,T5
04 Apr 2026,ORD-91127,FRENCH FRIES,Sides,1,5,5,$1.50,,null
04-04-2026,ORD-93426,Margherita Pizza,Pizza,3,15,45,15.00,NULL,T5
04/04/2026,ORD-31022,Caesar Salad ,Salads,2,12,24.0%,8,sarah,T5
04.04.2026,ORD-41717,Chicken Wings,Appetizers,3,10,30.00,12,john,T2
04/04/26,ORD-85998,  Chicken Wings  ,Appetizers,1,10,10.00,4,MARY,t3
04/04/26,ORD-26865,French Fries,Sides,3,5,15,4.5,John,
04/04/26,ORD-64016,Chicken Wings,Appetizers,3,10,30.00 USD,12.00,john,
04/04/2026,ORD-58505,Chicken Wings,Appetizers,2,10,20,8,,T1
04.04.2026,ORD-97976,Soda,Drinks,3,3,9.00,1.5%,null,T2
2026-04-04,ORD-17961,Soda,Drinks,1,3,3,0.50,MARY,T1
2026-04-04,ORD-58243,Margherita Pizza,Pizza,3,15,45,15.00,n/a,T5
2026/04/04,ORD-13817,Caesar Salad,Salads,1,12,12,4.00,Sarah,NA
2026-04-04,ORD-94375,  Chicken Wings  ,Appetizers,3,10,30,12,John,NONE
04/04/26,ORD-63278,Bruschetta,Appetizers,3,7,21,7.5,sarah,
04/04/2026,ORD-78046,Soda,Drinks,3,3,9,1.50,John,
04-04-2026,ORD-63335,Bruschetta,Appetizers,3,7,21.00,7.5,John,
04/04/2026,ORD-44166,tiramisu,Desserts,2,8,16.00,6,john,T5
2026/04/04,ORD-18662,Caesar Salad,Salads,1,12,-,4,,t3
04/04/2026,ORD-59241,Margherita Pizza,Pizza,2,15,30.00,10.0%,MARY,t3
"Apr 04, 2026",ORD-16969,Bruschetta,Appetizers,1,7,7,€2.50,MARY,n/a
2026/04/04,ORD-71529,Soda,Drinks,3,3,9.00,1.5,,T1
04/04/2026,ORD-77955,Beef Burger,Burgers,3,14,42,"18,00",NA,t3
"Apr 04, 2026",ORD-42649,  Coffee  ,Drinks,1,4,4,1,sarah,T5
04/04/2026,ORD-14813,Pepperoni Pizza ,Pizza,2,18,36.00,12,sarah,T1
04.04.2026,ORD-84646,Margherita Pizza,Pizza,3,15,45.00,15,Sarah,T2
04/04/2026,ORD-22730,Tiramisu ,Desserts,1,8,8,3,NA,
2026-04-04,ORD-78956,Tiramisu,Desserts,2,8,16,6,,T5
2026/04/04,ORD-85245,Coffee,Drinks,2,4,8,2,john,none
04/04/26,ORD-54190,Pepperoni Pizza,Pizza,2,18,36.00 TRY,12,John,T1
04/04/26,ORD-20391,Caesar Salad,Salads,3,12,36,12.00,MARY,t3
2026-04-04,ORD-55956,Bruschetta,Appetizers,3,7,21.00,7.50,NULL,T5
04.04.2026,ORD-41356,Margherita Pizza,Pizza,3,15,45,15,,t3
04 Apr 2026,ORD-10846,soda,Drinks,1,3,3,0.50,n/a,T5
04/04/26,ORD-38891,Coffee,Drinks,1,4,4.00,1,,T1
04.04.2026,ORD-66508,French Fries,Sides,3,5,15,4.5,John,T2
2026-04-05,ORD-22108,Chicken Wings,Appetizers,1,10,NA,4,sarah,NONE
NONE,ORD-83690,French Fries,Sides,2,5,10,3.0,,
05-04-2026,ORD-60497,  Pepperoni Pizza  ,Pizza,1,18,18,€6.00,MARY,t3
05/04/2026,ORD-79697,Coffee,Drinks,1,4,4,1,Sarah,
05-04-2026,ORD-68533,Caesar Salad,Salads,2,12,24,8,N/A,NONE
"Apr 05, 2026",ORD-22025,margherita pizza,Pizza,1,15,15,5,sarah,-
05.04.2026,ORD-47021,French Fries,Sides,1,5,5.0%,1.50,John,T5
05/04/26,ORD-89731,Beef Burger,Burgers,3,14,42,18,sarah,T5
05 Apr 2026,ORD-27867,Bruschetta,Appetizers,3,7,21,7.5,john,
05/04/2026,ORD-84965,Margherita Pizza,Pizza,1,15,15.00,5.00 TRY,,
2026/04/05,ORD-75633,Tiramisu,Desserts,1,8,8,3.00,John,T5
05/04/2026,ORD-88741,Coffee,Drinks,3,4,12,3.00,MARY,T5
05/04/26,ORD-30279,Chicken Wings,Appetizers,1,10,10.00,4,sarah,t3
04/05/26,ORD-43239,Coffee,Drinks,3,4,12.00,3.00 EUR,NA,T2
04/05/2026,ORD-87448,Chicken Wings,Appetizers,3,10,30,12,,t3
05/04/26,ORD-91935,French Fries,Sides,2,5,10,3.0,John,T2
2026/04/05,ORD-19435,Caesar Salad,Salads,3,12,36,12.00,John,NA
"Apr 05, 2026",ORD-91673,Pepperoni Pizza ,Pizza,1,18,18.0%,6.00,MARY,
05/04/2026,ORD-88194,Margherita Pizza,Pizza,1,15,15,5,John,t3
n/a,ORD-44337,Soda,Drinks,1,3,3,0.5,MARY,T5
05/04/26,ORD-80343,Chicken Wings,Appetizers,3,10,30,12,john,T1
04/05/26,ORD-91781,Pepperoni Pizza,Pizza,2,18,36,12,sarah,T2
05-04-2026,ORD-15595,Soda,Drinks,1,3,3.00,0.50,Sarah,n/a
05/04/2026,ORD-47233,Chicken Wings,Appetizers,1,10,10,4,null,T1
05.04.2026,ORD-16591,French Fries,Sides,1,5,5,1.5,sarah,T2
04/05/2026,ORD-95768,beef burger,Burgers,3,14,42.00 EUR,18,Sarah,none
04/05/26,ORD-78288,Margherita Pizza,Pizza,3,15,45.0%,15,john,T2
"Apr 05, 2026",ORD-22181,Soda,Drinks,3,3,9,£1.50,MARY,T5
05.04.2026,ORD-14956,Pepperoni Pizza,Pizza,1,18,18,6.00,sarah,T1
04/05/26,ORD-22633,  Soda  ,Drinks,1,3,3,"0,50",Sarah,T1
05.04.2026,ORD-66626,Beef Burger,Burgers,3,14,,"18,00",,nan
2026/04/05,ORD-30171,Chicken Wings,Appetizers,1,10,10,4,,
04/05/2026,ORD-45317,Soda,Drinks,3,3,9,1.5,MARY,t3
04/05/2026,ORD-44826,Coffee,Drinks,3,4,12,3,MARY,T5
05/04/2026,ORD-53874,Bruschetta,Appetizers,3,7,21,7.50,Sarah,
05/04/26,ORD-21160,Coffee,Drinks,1,4,4,1.00 EUR,john,T1
05 Apr 2026,ORD-44086,Margherita Pizza,Pizza,2,15,30,10,john,nan
05.04.2026,ORD-10254,Beef Burger,Burgers,2,14,28.00,12,-,
05/04/26,ORD-58701,Bruschetta,Appetizers,3,7,21.00 TRY,7.5,,T1
2026-04-05,ORD-48619,Chicken Wings,Appetizers,2,10,nan,"8,00",MARY,null
05/04/26,ORD-61881,Soda,Drinks,3,3,9,1.5,,T5
04/05/26,ORD-79919,Beef Burger,Burgers,2,14,28.00,£12.00,MARY,T1
"Apr 05, 2026",ORD-55846,Margherita Pizza,Pizza,3,15,"45,00",15,John,t3
05 Apr 2026,ORD-35043,Coffee,Drinks,3,4,12,3,,t3
"Apr 05, 2026",ORD-23867,Chicken Wings,Appetizers,1,10,10,4,MARY,T1
04/05/2026,ORD-17898,BRUSCHETTA,Appetizers,3,7,21,7.5,Sarah,
05-04-2026,ORD-50033,Bruschetta,Appetizers,2,7,14,5.0,Sarah,t3
05.04.2026,ORD-90392,Soda,Drinks,2,3,6.00,1.0,Sarah,T2
2026/04/05,ORD-11276,Beef Burger,Burgers,1,14,14,6,john,T5
04/05/2026,ORD-65289,Margherita Pizza,Pizza,3,15,45,15,sarah,T5
05/04/2026,ORD-15037,Soda,Drinks,3,3,9.0%,1.5,Sarah,nan
2026-04-05,ORD-33583,coffee,Drinks,2,4,8,2.00,,T5
05.04.2026,ORD-63724,Margherita Pizza,Pizza,2,15,30,10.00,-,
05/04/26,ORD-59426,Tiramisu,Desserts,1,8,8,n/a,sarah,T1
05 Apr 2026,ORD-13733,  Margherita Pizza  ,Pizza,3,15,45,15,--,T2
05/04/2026,ORD-13160,Coffee,Drinks,2,4,8,2,Sarah,
04/05/2026,ORD-14418,Pepperoni Pizza,Pizza,2,18,36,12,,none
2026/04/05,ORD-44751,Chicken Wings,Appetizers,3,10,30,none,john,
N/A,ORD-66008,French Fries,Sides,3,5,15,4.5,Sarah,
04/05/2026,ORD-33500,Beef Burger,Burgers,2,14,₺28.00,£12.00,Sarah,--
05 Apr 2026,ORD-58858,French Fries,Sides,1,5,5,1.5,Sarah,T2
05 Apr 2026,ORD-24386,Pepperoni Pizza,Pizza,1,18,18.00,6,John,-
05-04-2026,ORD-56394,Caesar Salad,Salads,3,12,36,12,MARY,
04/05/26,ORD-44089,Coffee,Drinks,1,4,4,1,John,T1
2026-04-05,ORD-56678,Coffee,Drinks,1,4,NULL,1,John,
05 Apr 2026,ORD-62835,Caesar Salad ,Salads,2,12,24.00,8,,none
-,ORD-97930,margherita pizza,Pizza,2,15,30,10,--,
04/05/26,ORD-67521,Caesar Salad,Salads,2,12,24.00,8.0%,sarah,T1
05 Apr 2026,ORD-51457,Chicken  Wings,Appetizers,3,10,30,12,,N/A
05/04/2026,ORD-64719,Bruschetta,Appetizers,1,7,7.0%,2.5,null,T5
05.04.2026,ORD-87243,chicken wings,Appetizers,1,10,10,4.00,,
04/05/2026,ORD-68900,Margherita Pizza,Pizza,2,15,30,10,n/a,NA
05/04/2026,ORD-88404,BRUSCHETTA,Appetizers,3,7,21,7.50,John,
"Apr 05, 2026",ORD-58781,Caesar Salad,Salads,2,12,24,8.00,John,T5
05.04.2026,ORD-54083,Bruschetta,Appetizers,1,7,7.00,2.50 TRY,sarah,
05/04/26,ORD-76718,Beef Burger,Burgers,1,14,14,6,john,none
05 Apr 2026,ORD-44164,Margherita Pizza,Pizza,3,15,45,15,Sarah,
05-04-2026,ORD-78630,Beef Burger,Burgers,1,14,14,6,,t3
04/05/26,ORD-40509,Margherita Pizza,Pizza,3,15,45.00,15,sarah,t3
2026/04/05,ORD-34086,Tiramisu,Desserts,3,8,24,9,,T5
04/05/2026,ORD-54584,margherita pizza,Pizza,1,15,15,€5.00,,T5
05-04-2026,ORD-57203,Beef Burger,Burgers,3,14,42.0%,18.00,Sarah,t3
04/05/26,ORD-56906,Soda,Drinks,1,3,3,0.5,nan,n/a
"Apr 05, 2026",ORD-95084,Margherita Pizza,Pizza,1,15,15,5,MARY,t3
05.04.2026,ORD-82044,Tiramisu,Desserts,3,8,24.00 TRY,9,John,T1
05/04/26,ORD-71518,Tiramisu,Desserts,2,8,16,6,john,nan
05/04/26,ORD-94651,Coffee ,Drinks,3,4,12,3.00 EUR,John,
04/05/2026,ORD-12131,Beef Burger,Burgers,2,14,"28,00",12.00,Sarah,t3
05-04-2026,ORD-32195,Beef Burger,Burgers,2,14,28,12.00,john,T2
"Apr 05, 2026",ORD-86358,Bruschetta,Appetizers,3,7,21,7.5,sarah,t3
N/A,ORD-82728,French Fries,Sides,2,5,none,£3.00,Sarah,T2
2026/04/05,ORD-90580,pepperoni pizza,Pizza,1,18,18.0%,6.00,MARY,-
"Apr 06, 2026",ORD-86446,Caesar Salad,Salads,2,12,24,8,Sarah,
,ORD-47565,Coffee,Drinks,2,4,8,2,sarah,t3
04/06/2026,ORD-46041,Pepperoni Pizza,Pizza,1,18,18,6.00,John,T5
06/04/26,ORD-66829,Caesar Salad,Salads,1,12,12,4,sarah,t3
04/06/2026,ORD-30513,Caesar Salad,Salads,1,12,12,4,,NULL
06-04-2026,ORD-41638,Margherita  Pizza,Pizza,2,15,30.00 USD,10,MARY,n/a
2026/04/06,ORD-77237,Beef Burger,Burgers,3,14,42,18.0%,NA,t3
04/06/26,ORD-88604,bruschetta,Appetizers,1,7,7,2.50,sarah,T5
04/06/2026,ORD-85173,Soda,Drinks,3,3,9,1.5,John,T5
06-04-2026,ORD-49419,Bruschetta,Appetizers,2,7,14,5.0,N/A,T2
06/04/26,ORD-77842,Beef Burger,Burgers,3,14,42,18,MARY,T1
04/06/2026,ORD-79488,Caesar Salad,Salads,3,12,36.00,12.00,john,T2
06-04-2026,ORD-44834,Chicken Wings,Appetizers,3,10,30.00 USD,12,Sarah,t3
"Apr 06, 2026",ORD-59415,  Soda  ,Drinks,3,3,9.00 EUR,1.5,john,T1
04/06/2026,ORD-39614,Bruschetta,Appetizers,2,7,14,5.00,John,t3
04/06/2026,ORD-41505,Margherita Pizza,Pizza,3,15,45,"15,00",John,T1
"Apr 07, 2026",ORD-97263,Beef Burger,Burgers,2,14,28.00,12.00,Sarah,T2
04/07/26,ORD-53611,Soda,Drinks,3,3,9,1.50,sarah,
"Apr 07, 2026",ORD-48102,Beef Burger,Burgers,1,14,14,6,John,t3
07/04/26,ORD-32054,Chicken Wings,Appetizers,1,10,10,4,,T1
2026-04-07,ORD-46377,Chicken Wings,Appetizers,3,10,30.00,"12,00",,t3
07.04.2026,ORD-50427,Caesar Salad,Salads,3,12,36,"12,00",John,T1
2026-04-07,ORD-10622,Chicken Wings,Appetizers,3,10,30,12,--,nan
04/07/26,ORD-43193,Caesar Salad,Salads,1,12,12.0%,4,sarah,T2
none,ORD-99470,Caesar Salad,Salads,3,12,36,12.00,,n/a
07-04-2026,ORD-99666,Margherita Pizza,Pizza,1,15,N/A,5,sarah,NA
04/07/2026,ORD-76833,Chicken Wings,Appetizers,1,10,10.0%,4,Sarah,
07-04-2026,ORD-27227,Tiramisu,Desserts,3,8,24,9,MARY,T2
04/07/2026,ORD-63988,Coffee,Drinks,1,4,4,1,John,T1
"Apr 07, 2026",ORD-98724,Soda,Drinks,1,3,3,0.5,John,T2
04/07/2026,ORD-22222,Bruschetta,Appetizers,1,7,7,2.5,john,T1
2026/04/07,ORD-78917,Soda,Drinks,3,3,9,1.5,john,
2026-04-07,ORD-16255,Pepperoni Pizza,Pizza,2,18,36.00,12,MARY,T5
07.04.2026,ORD-41597,Caesar Salad,Salads,2,12,24,8,Sarah,T5
04/07/26,ORD-38220,Chicken Wings,Appetizers,1,10,10.00,4,Sarah,
--,ORD-17172,Tiramisu,Desserts,2,8,16,6,John,
04/08/26,ORD-99588,Soda,Drinks,1,3,--,0.5,,
"Apr 08, 2026",ORD-43467,Coffee,Drinks,3,4,12,"3,00",nan,t3
04/08/26,ORD-84100,Tiramisu,Desserts,3,8,£24.00,9,MARY,T2
08.04.2026,ORD-26721,Coffee,Drinks,2,4,8,2,John,t3
"Apr 08, 2026",ORD-28274,Coffee,Drinks,2,4,"8,00",2,,T1
08-04-2026,ORD-58001,Tiramisu,Desserts,3,8,"24,00","9,00",,T5
null,ORD-97148,Coffee,Drinks,1,4,£4.00,1,,--
04/08/2026,ORD-59614,  Margherita Pizza  ,Pizza,2,15,30.0%,10,MARY,t3
08-04-2026,ORD-93942,Coffee,Drinks,2,4,8,2,Sarah,T5
04/08/26,ORD-74972,Bruschetta,Appetizers,3,7,21.00,7.50,,T2
2026/04/08,ORD-27137,Caesar Salad,Salads,3,12,36,12,sarah,
08/04/2026,ORD-30959,Coffee,Drinks,2,4,8,2,,t3
"Apr 08, 2026",ORD-71052,Soda,Drinks,3,3,9,1.5,MARY,T5
04/08/26,ORD-37890,Margherita Pizza,Pizza,2,15,30,10,sarah,T1
08/04/26,ORD-80276,Bruschetta,Appetizers,2,7,14,5.0,sarah,T5
08/04/26,ORD-10821,Tiramisu,Desserts,3,8,24,9,John,T1
08.04.2026,ORD-26998,Soda,Drinks,1,3,3,0.5,null,nan
08/04/2026,ORD-90671,Pepperoni Pizza,Pizza,2,18,£36.00,12,john,T5
N/A,ORD-40463,Tiramisu,Desserts,1,8,8,3,John,T5
04/08/2026,ORD-51027,Pepperoni Pizza,Pizza,2,18,36,12,null,T5
08/04/2026,ORD-49403,Coffee,Drinks,1,4,$4.00,"1,00",sarah,
2026-04-08,ORD-32663,French Fries,Sides,3,5,"15,00",4.5,,T1
2026/04/08,ORD-19225,Margherita Pizza,Pizza,1,15,15,5,Sarah,T1
08/04/26,ORD-30683,Coffee,Drinks,3,4,£12.00,$3.00,John,t3
08 Apr 2026,ORD-93740,Caesar Salad,Salads,1,12,12,4,Sarah,T2
"Apr 08, 2026",ORD-97914,Bruschetta,Appetizers,2,7,14,5.00 EUR,John,T1
"Apr 08, 2026",ORD-92745,FRENCH FRIES,Sides,1,5,5.00,1.5,,t3
08/04/26,ORD-28229,French Fries,Sides,3,5,15.00,4.5,john,t3
04/08/26,ORD-39446,Bruschetta,Appetizers,3,7,21,7.5,MARY,t3
2026-04-08,ORD-84722,Margherita Pizza,Pizza,2,15,30,10,sarah,T5
04/08/2026,ORD-36094,Coffee,Drinks,3,4,12,3,n/a,T2
08/04/2026,ORD-47454,Chicken Wings,Appetizers,1,10,"10,00",4,john,T1
08-04-2026,ORD-49726,Pepperoni Pizza,Pizza,2,18,36,12,MARY,t3
08/04/2026,ORD-82935,Beef Burger,Burgers,2,14,28,12.00,,none
08 Apr 2026,ORD-71368,French Fries,Sides,3,5,15,4.5,sarah,t3
04/08/26,ORD-35079,Soda,Drinks,1,3,3.00,nan,,t3
08-04-2026,ORD-81349,Beef Burger,Burgers,3,14,42.00,18,Sarah,t3
nan,ORD-29393,Chicken Wings ,Appetizers,2,10,20,8.0%,Sarah,N/A
08/04/2026,ORD-82702,Coffee,Drinks,3,4,12,3.00,john,
04/08/2026,ORD-67146,Caesar Salad,Salads,2,12,24,8.00,sarah,none
2026-04-08,ORD-57171,Margherita Pizza,Pizza,3,15,45,15,Sarah,T2
2026-04-08,ORD-41763,Pepperoni Pizza,Pizza,2,18,36,12,Sarah,-
08/04/26,ORD-17258,  Pepperoni Pizza  ,Pizza,1,18,18.00,6,N/A,T1
null,ORD-89162,Beef Burger,Burgers,2,14,28,12,john,t3
09/04/26,ORD-78043,Chicken Wings,Appetizers,3,10,30,12,,
"Apr 09, 2026",ORD-10382,Soda,Drinks,1,3,NA,"0,50",sarah,t3
09-04-2026,ORD-36316,Tiramisu,Desserts,2,8,16.00,6,,T5
"Apr 09, 2026",ORD-24819,French Fries,Sides,1,5,5,1.5,sarah,T5
09.04.2026,ORD-78063,pepperoni pizza,Pizza,3,18,54.00,18,MARY,
04/09/2026,ORD-86834,Pepperoni Pizza,Pizza,3,18,54,NULL,john,T5
2026-04-09,ORD-43330,  Soda  ,Drinks,2,3,£6.00,1.0,sarah,
09.04.2026,ORD-24251,Beef Burger,Burgers,3,14,42,18.00,john,t3
09/04/2026,ORD-27416,Pepperoni Pizza,Pizza,3,18,54,18,john,T1
"Apr 09, 2026",ORD-98564,Caesar Salad,Salads,2,12,24,8.00 USD,,T5
"Apr 09, 2026",ORD-17333,  Tiramisu  ,Desserts,1,8,8,3,sarah,
09 Apr 2026,ORD-69983,Caesar Salad,Salads,3,12,36,12,,none
2026-04-09,ORD-65316,Beef Burger,Burgers,3,14,42,18,sarah,T5
09/04/2026,ORD-68785,French Fries,Sides,1,5,5,1.5,-,NULL
09 Apr 2026,ORD-73882,Soda,Drinks,2,3,6,$1.00,MARY,
09-04-2026,ORD-28939,Chicken Wings,Appetizers,1,10,10,4,MARY,T1
"Apr 09, 2026",ORD-13094,Beef Burger,Burgers,1,14,14,6,john,T5
2026/04/09,ORD-70054,Margherita Pizza,Pizza,1,15,15,5,,T1
2026-04-09,ORD-85550,Soda,Drinks,2,3,6,1.00 USD,,T2
2026-04-09,ORD-64298,Coffee,Drinks,1,4,4,1,sarah,t3
04/09/26,ORD-13017,Bruschetta,Appetizers,1,7,7.00,2.50,,t3
04/09/26,ORD-88879,Margherita Pizza ,Pizza,2,15,30,10,sarah,T2
04/09/26,ORD-40116,Pepperoni Pizza,Pizza,2,18,36,12,John,T2
09/04/2026,ORD-98629,Margherita Pizza,Pizza,1,15,"15,00",5.00,null,T1
04/09/26,ORD-25148,Soda,Drinks,3,3,9,1.5,n/a,
09-04-2026,ORD-56385,Caesar Salad,Salads,1,12,12.00,4,MARY,t3
2026/04/09,ORD-32213,French Fries,Sides,1,5,5,1.5,,T2
09 Apr 2026,ORD-31095,Beef Burger,Burgers,2,14,28,12.0%,john,NA
09/04/26,ORD-15075,Caesar Salad,Salads,3,12,36,"12,00",Sarah,t3
10 Apr 2026,ORD-53699,Margherita Pizza,Pizza,2,15,30,10,Sarah,t3
04/10/2026,ORD-69375,Pepperoni Pizza,Pizza,3,18,54.0%,18,John,T1
10 Apr 2026,ORD-24544,Soda,Drinks,2,3,6.00,1.0,NONE,T1
2026/04/10,ORD-84276,French Fries,Sides,1,5,€5.00,1.50,MARY,T2
10 Apr 2026,ORD-29717,French Fries,Sides,3,5,,4.5,john,T1
10/04/2026,ORD-49503,Tiramisu,Desserts,2,8,16,6,john,T2
n/a,ORD-42486,Beef Burger,Burgers,2,14,28,12,MARY,
NONE,ORD-86599,French Fries,Sides,3,5,£15.00,4.50,Sarah,N/A
10-04-2026,ORD-43919,Soda,Drinks,1,3,3,0.50,,t3
10-04-2026,ORD-42177,Tiramisu,Desserts,2,8,16,6,,
04/10/2026,ORD-17626,Bruschetta,Appetizers,1,7,7,2.5,sarah,
04/10/2026,ORD-44750,Chicken Wings,Appetizers,2,10,20,,John,T2
10 Apr 2026,ORD-31846,Caesar Salad,Salads,2,12,24,-,N/A,T1
"Apr 10, 2026",ORD-17894,Margherita Pizza,Pizza,2,15,30.00,10.00,Sarah,
10/04/2026,ORD-16138,Chicken Wings,Appetizers,1,10,10,4.00,john,T5
10 Apr 2026,ORD-23551,French Fries,Sides,1,5,5,1.5,John,T1
10 Apr 2026,ORD-49474,French Fries,Sides,2,5,10,3.0,john,t3
04/10/26,ORD-62731,Pepperoni Pizza,Pizza,1,18,18.00,6,sarah,n/a
10 Apr 2026,ORD-91353,  Tiramisu  ,Desserts,2,8,16,6,MARY,T1
,ORD-55599,Soda,Drinks,3,3,9,₺1.50,,
04/10/26,ORD-25557,Margherita  Pizza,Pizza,1,15,15,5,MARY,-
10/04/26,ORD-66627,Caesar Salad,Salads,2,12,24,8.00,MARY,T2
2026/04/10,ORD-56127,Bruschetta,Appetizers,2,7,14,5.0,John,N/A
10-04-2026,ORD-93101,Caesar Salad,Salads,2,12,24,8,Sarah,T1
"Apr 10, 2026",ORD-82715,Beef Burger,Burgers,2,14,28,12,Sarah,T1
04/10/26,ORD-57547,French Fries,Sides,1,5,5.00,1.50,john,T5
2026/04/10,ORD-51788,Bruschetta,Appetizers,2,7,14.00,5.0,John,T5
10/04/2026,ORD-65478,Beef Burger,Burgers,1,14,14.00,6,MARY,
2026-04-10,ORD-29092,Beef Burger,Burgers,2,14,"28,00",12,MARY,T5
10/04/2026,ORD-41284,Chicken Wings,Appetizers,1,10,10.00,4,MARY,T5
2026-04-10,ORD-73554,Coffee,Drinks,1,4,n/a,"1,00",john,T5
10/04/2026,ORD-33367,Soda,Drinks,3,3,9,1.5%,,nan
10 Apr 2026,ORD-19330,  Soda  ,Drinks,1,3,3,0.5,John,T5
2026-04-10,ORD-32399,Beef Burger,Burgers,3,14,42.00,18,NONE,nan
10/04/26,ORD-22423,Bruschetta,Appetizers,3,7,21,7.5,Sarah,t3
"Apr 10, 2026",ORD-31528,Caesar Salad,Salads,2,12,24.00,8.00,Sarah,T2
2026-04-10,ORD-76454,Caesar Salad,Salads,3,12,36,12.00,null,T2
2026/04/10,ORD-77238,Beef Burger,Burgers,1,14,14.00 EUR,6,MARY,
"Apr 10, 2026",ORD-31799,Pepperoni Pizza,Pizza,2,18,36,"12,00",sarah,T2
04/10/26,ORD-16189,Margherita Pizza,Pizza,1,15,₺15.00,5.00,John,T5
04/10/2026,ORD-29912,French Fries,Sides,3,5,15,4.50,Sarah,T5
10.04.2026,ORD-48267,Pepperoni Pizza,Pizza,1,18,18,£6.00,,T2
10.04.2026,ORD-82511,Caesar Salad,Salads,2,12,24,8,NA,T2
"Apr 10, 2026",ORD-48767,SODA,Drinks,1,3,€3.00,"0,50",John,T1
10/04/2026,ORD-80298,Coffee,Drinks,2,4,8,2,John,
10.04.2026,ORD-47666,Beef Burger,Burgers,1,14,£14.00,6,john,t3
10/04/2026,ORD-93676,French Fries,Sides,1,5,5,1.5,Sarah,T5
04/10/2026,ORD-18960,Soda,Drinks,1,3,3,0.5,Sarah,t3
10 Apr 2026,ORD-29372,Soda,Drinks,2,3,6,1.0,NONE,N/A
"Apr 10, 2026",ORD-77200,Bruschetta,Appetizers,1,7,7,2.5,none,T2
10/04/2026,ORD-50409,Beef Burger,Burgers,2,14,28,12.0%,Sarah,n/a
04/10/26,ORD-88776,Tiramisu,Desserts,1,8,8,3,Sarah,
10 Apr 2026,ORD-60818,Margherita Pizza,Pizza,2,15,30.0%,10,NA,
10.04.2026,ORD-34085,Pepperoni Pizza,Pizza,3,18,54.00,18,Sarah,T5
04/10/2026,ORD-29303,Caesar Salad,Salads,1,12,12,4,John,T5
10/04/26,ORD-96816,Coffee,Drinks,3,4,12,3,,T2
10/04/2026,ORD-33036,CHICKEN WINGS,Appetizers,1,10,10.0%,4.00,Sarah,t3
04/10/26,ORD-74824,Pepperoni Pizza,Pizza,1,18,18,"6,00",Sarah,T1
04/10/26,ORD-53357,Beef Burger,Burgers,3,14,null,NONE,sarah,T5
04/10/2026,ORD-45829,Margherita Pizza,Pizza,1,15,15,5.00,John,T2
10 Apr 2026,ORD-12860,Tiramisu,Desserts,2,8,NONE,6.00,MARY,null
10/04/2026,ORD-50322,Tiramisu,Desserts,2,8,,6,John,t3
10 Apr 2026,ORD-27708,Caesar Salad,Salads,2,12,$24.00,8.00,N/A,T2
04/10/26,ORD-41334,Coffee,Drinks,2,4,8,2,John,t3
"Apr 10, 2026",ORD-82583,Bruschetta,Appetizers,1,7,7,2.5,MARY,
10/04/2026,ORD-73664,Margherita Pizza,Pizza,3,15,45.00,15,John,t3
04/10/2026,ORD-69821,Coffee,Drinks,2,4,8.00,2,--,--
N/A,ORD-85054,Margherita Pizza,Pizza,1,15,15,5,Sarah,T1
NONE,ORD-88102,French Fries ,Sides,2,5,10,$3.00,John,
"Apr 10, 2026",ORD-32439,CAESAR SALAD,Salads,2,12,24,8,NA,T5
NA,ORD-67838,Pepperoni Pizza,Pizza,2,18,36,12.0%,John,N/A
10-04-2026,ORD-28931,Caesar Salad,Salads,2,12,24,8.00,sarah,T1
10-04-2026,ORD-42977,Chicken Wings,Appetizers,3,10,30,12,,T5
04/10/2026,ORD-36354,CHICKEN WINGS,Appetizers,2,10,20,"8,00",Sarah,
10/04/2026,ORD-31916,Beef Burger,Burgers,1,14,14.00,6,,-
10 Apr 2026,ORD-48214,Chicken Wings,Appetizers,2,10,20,N/A,nan,T1
04/10/26,ORD-55386,  Tiramisu  ,Desserts,2,8,16,6,sarah,T2
2026/04/10,ORD-28813,Margherita Pizza,Pizza,3,15,45,15,John,
10/04/26,ORD-22953,  French Fries  ,Sides,2,5,10,3.0,,T2
10/04/26,ORD-59703,Caesar Salad,Salads,3,12,36,$12.00,,T5
"Apr 10, 2026",ORD-26262,Soda,Drinks,3,3,9,1.5,sarah,n/a
04/10/2026,ORD-53672,Beef Burger,Burgers,3,14,42.00,18,MARY,t3
10 Apr 2026,ORD-23625,Chicken Wings,Appetizers,3,10,30,12,sarah,T5
04/10/26,ORD-46285,CAESAR SALAD,Salads,1,12,12.0%,"4,00",john,T2
10-04-2026,ORD-62841,Coffee,Drinks,3,4,"12,00",3,MARY,nan
10 Apr 2026,ORD-55608,  Beef Burger  ,Burgers,1,14,14,₺6.00,john,T2
10 Apr 2026,ORD-82154,Caesar Salad,Salads,2,12,24,€8.00,John,T2
10 Apr 2026,ORD-97582,Coffee,Drinks,2,4,,2,john,T5
04/10/2026,ORD-42117,Caesar Salad,Salads,3,12,36,12,john,T2
10/04/2026,ORD-80310,Caesar Salad,Salads,3,12,36,12,MARY,T5
2026/04/10,ORD-53712,French  Fries,Sides,3,5,15.00,4.5,Sarah,
"Apr 10, 2026",ORD-62968,Bruschetta,Appetizers,3,7,21,7.50 USD,john,T1
2026-04-11,ORD-32767,Margherita Pizza,Pizza,2,15,30.00,10,,T1
11/04/2026,ORD-70022,Coffee,Drinks,3,4,12,3.0%,,NONE
2026/04/11,ORD-41243,Caesar  Salad,Salads,1,12,"12,00",4,Sarah,T5
11.04.2026,ORD-89078,Pepperoni Pizza,Pizza,2,18,36,12.00,n/a,T5
04/11/2026,ORD-78556,Pepperoni Pizza,Pizza,3,18,54,18.00,MARY,t3
11-04-2026,ORD-44236,Tiramisu,Desserts,1,8,8.00,£3.00,,-
04/11/2026,ORD-48169,Bruschetta,Appetizers,1,7,--,2.5,john,T2
04/11/2026,ORD-53672,Chicken Wings,Appetizers,2,10,20.00,8,sarah,T2
11.04.2026,ORD-18383,Tiramisu,Desserts,1,8,8.00,3,,T2
"Apr 11, 2026",ORD-11217,Tiramisu,Desserts,1,8,"8,00",3,null,T1
11/04/2026,ORD-70960,  Caesar Salad  ,Salads,3,12,"36,00",12,sarah,T1
"Apr 11, 2026",ORD-42274,Tiramisu,Desserts,3,8,24,9.00,,t3
11/04/26,ORD-39718,Caesar Salad,Salads,2,12,24,8,--,T5
11 Apr 2026,ORD-81134,Pepperoni Pizza,Pizza,1,18,18.00,6,N/A,
2026/04/11,ORD-97715,Bruschetta,Appetizers,1,7,7.00,2.5,Sarah,T5
04/11/26,ORD-95045,Margherita Pizza,Pizza,3,15,45.00,15,,T1
2026-04-11,ORD-66400,French Fries,Sides,3,5,15.00,4.5,sarah,-
04/11/2026,ORD-38340,Bruschetta,Appetizers,3,7,--,7.5,John,NONE
11/04/2026,ORD-34234,Coffee,Drinks,1,4,none,1.00,-,
11/04/2026,ORD-25190,Beef Burger,Burgers,1,14,14,6,,n/a
2026/04/11,ORD-67648,Tiramisu,Desserts,3,8,"24,00",9,sarah,
11.04.2026,ORD-32545,Beef Burger,Burgers,2,14,28,12.0%,john,T2
04/11/2026,ORD-81104,Bruschetta,Appetizers,2,7,14.0%,5.0,none,T1
2026-04-11,ORD-88668,Beef Burger,Burgers,1,14,14,6,john,
11/04/26,ORD-87084,Caesar Salad,Salads,2,12,24,8,sarah,t3
11-04-2026,ORD-24235,Tiramisu,Desserts,2,8,16.00,6,N/A,NULL
null,ORD-44338,BRUSCHETTA,Appetizers,2,7,14,5.0,John,T2
"Apr 11, 2026",ORD-33034,French Fries,Sides,2,5,-,3.0%,john,
11-04-2026,ORD-38186,Beef Burger,Burgers,2,14,28,12,,t3
"Apr 11, 2026",ORD-73189,Margherita Pizza,Pizza,1,15,15.00,5,NULL,
11/04/2026,ORD-18582,Soda,Drinks,2,3,NA,1.00,N/A,t3
2026/04/11,ORD-58338,Beef Burger,Burgers,3,14,42,18,Sarah,n/a
2026/04/11,ORD-73650,Caesar Salad,Salads,1,12,12,4,MARY,n/a
"Apr 11, 2026",ORD-46482,French Fries,Sides,3,5,$15.00,4.5,,t3
11-04-2026,ORD-21841,Coffee,Drinks,1,4,4.00,1,none,T5
"Apr 11, 2026",ORD-91634,Soda,Drinks,2,3,6,1.0,john,nan
04/11/26,ORD-44422,Coffee,Drinks,3,4,12,3,sarah,T2
2026-04-11,ORD-47983,Soda,Drinks,3,3,9,1.5,Sarah,T2
04/11/26,ORD-23022,Pepperoni Pizza,Pizza,3,18,54.0%,18.00 USD,NULL,N/A
04/11/26,ORD-25445,Soda,Drinks,1,3,"3,00",0.5%,null,NULL
11/04/26,ORD-98769,Margherita Pizza,Pizza,1,15,15,5,MARY,null
"Apr 11, 2026",ORD-59912,Caesar Salad,Salads,1,12,12,4,MARY,T2
2026/04/11,ORD-29694,Coffee,Drinks,3,4,12,3,Sarah,t3
11/04/2026,ORD-92057,French Fries,Sides,3,5,15,4.5,john,T5
04/11/26,ORD-16972,Pepperoni Pizza,Pizza,1,18,18,6,John,T2
nan,ORD-38266,Soda,Drinks,3,3,9,1.5,,T5
11.04.2026,ORD-46429,Pepperoni Pizza,Pizza,3,18,54,₺18.00,MARY,T1
11.04.2026,ORD-95655,Caesar Salad,Salads,3,12,36,none,John,
11/04/2026,ORD-70499,Bruschetta,Appetizers,1,7,"7,00",£2.50,-,t3
2026-04-11,ORD-72834,Soda,Drinks,1,3,3.00 USD,0.5,Sarah,t3
none,ORD-61259,French Fries,Sides,3,5,15,4.5,john,
"Apr 12, 2026",ORD-31909,Coffee,Drinks,3,4,12,3,John,t3
12.04.2026,ORD-51572,Tiramisu,Desserts,2,8,16.0%,6,John,
12/04/26,ORD-19282,Coffee,Drinks,1,4,4.0%,₺1.00,sarah,T1
12/04/26,ORD-54295,Tiramisu,Desserts,2,8,16,6,none,n/a
12/04/2026,ORD-77349,French Fries,Sides,3,5,15.00,4.5,,T5
NONE,ORD-97196,Bruschetta,Appetizers,3,7,"21,00",7.5,John,T1
2026/04/12,ORD-49915,French Fries,Sides,2,5,10,3.0,-,t3
2026/04/12,ORD-97240,French Fries,Sides,3,5,15.00,4.5,MARY,
12 Apr 2026,ORD-34873,Caesar Salad,Salads,3,12,36.00 EUR,12,MARY,t3
12/04/26,ORD-57934,  Beef Burger  ,Burgers,2,14,"28,00",12.00,Sarah,T1
"Apr 12, 2026",ORD-13337,Soda,Drinks,3,3,9,1.5,Sarah,T2
12.04.2026,ORD-46566,Coffee,Drinks,1,4,4,"1,00",Sarah,
2026/04/12,ORD-26242,Caesar Salad,Salads,3,12,nan,12,John,NA
04/12/2026,ORD-99443,Pepperoni Pizza,Pizza,2,18,36,12,NULL,T5
2026/04/12,ORD-70908,Margherita Pizza,Pizza,1,15,15,5,Sarah,T1
"Apr 12, 2026",ORD-95516,Tiramisu,Desserts,3,8,24,9.00 TRY,sarah,T1
NONE,ORD-83885,Soda,Drinks,3,3,9,1.50 TRY,john,T5
12/04/26,ORD-98921,Beef Burger,Burgers,2,14,28,₺12.00,John,T5
12.04.2026,ORD-28002,Pepperoni Pizza,Pizza,3,18,54,18.00,MARY,
12.04.2026,ORD-26752,  French Fries  ,Sides,1,5,5,"1,50",John,T1
2026/04/12,ORD-11986,Chicken Wings,Appetizers,3,10,£30.00,12.00,,T2
12.04.2026,ORD-39721,Beef Burger,Burgers,3,14,42,18,sarah,T5
12.04.2026,ORD-87877,Bruschetta,Appetizers,3,7,21.00,7.50,MARY,n/a
2026-04-12,ORD-88333,Soda,Drinks,2,3,6,1.00,Sarah,T5
2026-04-12,ORD-54380,Pepperoni Pizza,Pizza,3,18,54,18.00,John,T1
12.04.2026,ORD-19372,Beef Burger,Burgers,1,14,14.00,6,sarah,T1
12.04.2026,ORD-40337,Margherita Pizza,Pizza,3,15,45,15,MARY,
12-04-2026,ORD-91902,Bruschetta,Appetizers,1,7,7,2.5,n/a,T2
2026-04-12,ORD-10789,Coffee,Drinks,1,4,4,1,-,n/a
04/12/2026,ORD-97268,French Fries,Sides,2,5,10.00 EUR,"3,00",John,
2026/04/12,ORD-93445,Margherita  Pizza,Pizza,1,15,15.00,"5,00",,null
04/12/2026,ORD-70648,Soda,Drinks,3,3,9,1.5,sarah,T2
2026-04-12,ORD-15685,Bruschetta,Appetizers,2,7,14,5.0,john,t3
12/04/26,ORD-68231,French Fries,Sides,2,5,10,3.0%,John,T1
12/04/2026,ORD-37521,Tiramisu,Desserts,1,8,none,3.00,Sarah,T2
04/12/26,ORD-72034,Coffee,Drinks,3,4,12,£3.00,sarah,T1
2026-04-12,ORD-51473,Chicken Wings,Appetizers,2,10,20.00,$8.00,,t3
12.04.2026,ORD-10946,Beef Burger,Burgers,3,14,42,18,null,T2
2026/04/12,ORD-65658,Caesar Salad,Salads,3,12,n/a,12.00 EUR,sarah,N/A
12-04-2026,ORD-11970,Soda,Drinks,3,3,9.00,1.5,john,T2
12-04-2026,ORD-90763,Pepperoni Pizza,Pizza,2,18,36.0%,12.00 USD,sarah,T2
N/A,ORD-85892,Caesar Salad,Salads,2,12,24.0%,"8,00",NULL,T5
12-04-2026,ORD-74724,Soda,Drinks,2,3,6.00,1.0,NULL,t3
12/04/26,ORD-20968,Chicken  Wings,Appetizers,3,10,30,12,,T5
"Apr 12, 2026",ORD-86723,Bruschetta,Appetizers,3,7,21,7.5,,T5
04/12/26,ORD-11122,French Fries,Sides,2,5,10.0%,3.0,sarah,
12/04/26,ORD-51545,Caesar Salad,Salads,2,12,24.0%,8,John,NONE
04/12/26,ORD-71379,Beef Burger,Burgers,2,14,28,12,--,t3
04/12/2026,ORD-14880,French Fries,Sides,1,5,5,1.5,MARY,T5
04/12/2026,ORD-99606,Bruschetta,Appetizers,1,7,7,2.5,Sarah,T2
2026/04/12,ORD-83949,Chicken Wings,Appetizers,1,10,10,4,Sarah,T5
2026-04-12,ORD-67865,Caesar Salad,Salads,1,12,12,4,sarah,T5
12 Apr 2026,ORD-68305,Tiramisu,Desserts,3,8,24,9.00,n/a,none
12.04.2026,ORD-49860,Coffee,Drinks,3,4,12,3.00,Sarah,--
2026/04/12,ORD-49294,PEPPERONI PIZZA,Pizza,3,18,NONE,18.0%,MARY,
nan,ORD-58593,Tiramisu,Desserts,1,8,8,£3.00,john,t3
12 Apr 2026,ORD-77617,French Fries,Sides,2,5,10,3.0,Sarah,t3
04/12/2026,ORD-77209,Pepperoni Pizza,Pizza,3,18,54,18,john,T2
04/12/2026,ORD-71667,Pepperoni Pizza,Pizza,3,18,54,18.00,none,nan
12/04/2026,ORD-80345,Coffee,Drinks,2,4,"8,00",$2.00,MARY,T1
2026-04-12,ORD-17938,Chicken Wings,Appetizers,1,10,10,4,MARY,
null,ORD-95173,French Fries,Sides,2,5,10,3.0,John,none
12/04/2026,ORD-87535,Soda,Drinks,2,3,6,"1,00",John,T5
12/04/26,ORD-27709,Pepperoni Pizza,Pizza,1,18,18,6,MARY,null
"Apr 12, 2026",ORD-60038,Coffee,Drinks,3,4,12.00,₺3.00,sarah,T1
04/12/26,ORD-15318,Bruschetta,Appetizers,1,7,£7.00,2.5,Sarah,T2
12.04.2026,ORD-34626,Chicken Wings,Appetizers,3,10,30,n/a,MARY,T5
2026/04/12,ORD-91247,Pepperoni Pizza,Pizza,1,18,18,6.00,sarah,T2
"Apr 13, 2026",ORD-79136,Beef Burger,Burgers,1,14,14,6,Sarah,
null,ORD-36506,French Fries,Sides,3,5,15,4.5,sarah,
13-04-2026,ORD-23731,French Fries,Sides,2,5,10.00,"3,00",Sarah,T2
13/04/2026,ORD-17939,Beef Burger,Burgers,3,14,42,18,john,T2
"Apr 13, 2026",ORD-90967,Tiramisu ,Desserts,1,8,8,3.0%,John,T5
04/13/26,ORD-75147,French Fries,Sides,1,5,5.00,1.50,MARY,T2
13 Apr 2026,ORD-90236,Chicken Wings,Appetizers,1,10,10.00 USD,4,nan,
13.04.2026,ORD-79866,French Fries,Sides,1,5,5.0%,£1.50,sarah,T5
,ORD-24434,Bruschetta,Appetizers,2,7,14,5.0,MARY,T2
"Apr 13, 2026",ORD-26692,Coffee,Drinks,1,4,4,1.00,NA,
2026/04/13,ORD-95830,Margherita Pizza,Pizza,3,15,45,15,john,
04/13/2026,ORD-45701,Soda,Drinks,3,3,€9.00,1.50,,
13 Apr 2026,ORD-47688,Tiramisu,Desserts,1,8,"8,00","3,00",john,
"Apr 13, 2026",ORD-81515,Bruschetta,Appetizers,1,7,NULL,2.5,john,NONE
13/04/26,ORD-77457,French Fries,Sides,2,5,10,₺3.00,Sarah,t3
13/04/26,ORD-14362,Beef Burger,Burgers,1,14,14,6.0%,John,-
13/04/2026,ORD-62353,Margherita Pizza,Pizza,1,15,£15.00,5.00 USD,Sarah,T5
2026/04/13,ORD-91823,Margherita Pizza,Pizza,2,15,30,10,-,
04/13/2026,ORD-27885,Soda,Drinks,2,3,6.00,1.0,Sarah,n/a
04/13/2026,ORD-24646,Margherita Pizza,Pizza,1,15,15.0%,"5,00",john,T1
13.04.2026,ORD-93534,Caesar Salad,Salads,2,12,24.00,8,NONE,t3
04/13/26,ORD-49942,Bruschetta,Appetizers,2,7,14.00,"5,00",MARY,T2
13/04/26,ORD-46681,Margherita Pizza,Pizza,2,15,30,10.00,,
"Apr 13, 2026",ORD-79011,CHICKEN WINGS,Appetizers,1,10,10.00,NULL,sarah,-
13-04-2026,ORD-39668,Coffee,Drinks,1,4,4,1,John,T2
13.04.2026,ORD-16012,Margherita Pizza,Pizza,3,15,45,"15,00",MARY,
13-04-2026,ORD-12835,Soda,Drinks,1,3,3,0.50,John,t3
13.04.2026,ORD-47874,Chicken  Wings,Appetizers,2,10,20,8.00,,T1
"Apr 13, 2026",ORD-98043,Tiramisu,Desserts,1,8,8,N/A,John,T5
13/04/26,ORD-97999,  Pepperoni Pizza  ,Pizza,3,18,54,18.00,,T5
04/13/26,ORD-36549,FRENCH FRIES,Sides,1,5,5,1.50,john,nan
04/13/2026,ORD-89176,Margherita Pizza,Pizza,2,15,30.00,10.00 USD,MARY,T5
-,ORD-89120,Soda,Drinks,3,3,9,1.5,sarah,T1
2026/04/14,ORD-26961,Pepperoni Pizza,Pizza,3,18,54.00 EUR,18,,NONE
04/14/26,ORD-34229,CAESAR SALAD,Salads,2,12,24,8.00,,null
"Apr 14, 2026",ORD-15088,Beef Burger,Burgers,1,14,14.00,6,sarah,null
14.04.2026,ORD-72759,Coffee,Drinks,3,4,12.00,3.00,,t3
14/04/26,ORD-36675,Coffee,Drinks,2,4,8,2.00,MARY,T5
14 Apr 2026,ORD-49566,Coffee,Drinks,1,4,€4.00,1,sarah,NULL
14.04.2026,ORD-14067,Chicken Wings,Appetizers,3,10,"30,00",₺12.00,MARY,
14.04.2026,ORD-27929,Chicken Wings,Appetizers,1,10,N/A,-,none,T1
14/04/26,ORD-64260,Bruschetta,Appetizers,3,7,£21.00,7.50,sarah,T5
04/14/2026,ORD-98062,Margherita Pizza,Pizza,2,15,30,10,sarah,
2026-04-14,ORD-87462,Margherita Pizza,Pizza,3,15,45,15,MARY,NONE
14/04/2026,ORD-98618,Bruschetta,Appetizers,1,7,$7.00,2.5,--,
04/14/2026,ORD-75493,Tiramisu,Desserts,1,8,8,3,Sarah,
14 Apr 2026,ORD-77520,Margherita Pizza,Pizza,2,15,30,"10,00",none,nan
04/14/2026,ORD-44131,Coffee,Drinks,1,4,4,1.0%,Sarah,t3
04/14/26,ORD-23735,Soda,Drinks,2,3,6.00,1.00 USD,MARY,
"Apr 14, 2026",ORD-12095,Soda,Drinks,1,3,3,0.5,MARY,t3
04/14/2026,ORD-68550,Caesar Salad,Salads,3,12,"36,00",12.00,sarah,T2
14 Apr 2026,ORD-19501,Coffee,Drinks,2,4,8,2,sarah,
"Apr 14, 2026",ORD-43560,Chicken Wings ,Appetizers,3,10,€30.00,12,MARY,T2
04/14/2026,ORD-40646,  Pepperoni Pizza  ,Pizza,1,18,18,"6,00",null,T2
14/04/2026,ORD-51366,Chicken Wings,Appetizers,3,10,30.00 USD,12,sarah,T5
14/04/2026,ORD-23310,Soda,Drinks,1,3,3,£0.50,john,T1
"Apr 14, 2026",ORD-86410,Caesar Salad,Salads,3,12,36,"12,00",,t3
14-04-2026,ORD-69417,MARGHERITA PIZZA,Pizza,3,15,45,NA,John,
04/14/26,ORD-70175,Pepperoni Pizza,Pizza,2,18,36.0%,12,Sarah,T5
2026/04/14,ORD-56956,Chicken Wings,Appetizers,2,10,20,8,MARY,null
04/14/26,ORD-72326,French Fries,Sides,3,5,15,4.5,MARY,T1
04/14/26,ORD-27964,Tiramisu,Desserts,3,8,24,9,John,T1
04/14/2026,ORD-17872,Bruschetta,Appetizers,3,7,"21,00",nan,n/a,
2026-04-14,ORD-51840,Beef Burger,Burgers,3,14,42,18,,T1
14/04/26,ORD-29585,Chicken Wings,Appetizers,2,10,20,8.00,sarah,T2
14.04.2026,ORD-57896,Bruschetta,Appetizers,2,7,14,"5,00",,
04/14/26,ORD-13970,coffee,Drinks,1,4,null,1.00 EUR,sarah,t3
04/14/2026,ORD-34436,Margherita Pizza,Pizza,2,15,"30,00",10,sarah,T2
14-04-2026,ORD-44931,Bruschetta,Appetizers,3,7,21,7.5%,MARY,null
04/14/2026,ORD-48352,Beef Burger,Burgers,2,14,28,12,MARY,T2
14.04.2026,ORD-64260,Pepperoni Pizza,Pizza,2,18,36,12,john,T2
"Apr 14, 2026",ORD-81018,Caesar Salad,Salads,2,12,24.00,NA,John,T2
14-04-2026,ORD-27812,Chicken Wings,Appetizers,1,10,10.00 EUR,4,MARY,
2026/04/14,ORD-58646,French Fries,Sides,2,5,10,3.0,John,T1
14-04-2026,ORD-49995,Margherita Pizza,Pizza,3,15,45,15.00,MARY,
"Apr 14, 2026",ORD-54299,Coffee,Drinks,1,4,4,-,sarah,
14-04-2026,ORD-84884,Margherita Pizza,Pizza,3,15,45,15,John,t3
14/04/26,ORD-10730,Margherita Pizza,Pizza,3,15,45.00 TRY,15,john,T1
04/14/2026,ORD-73858,Tiramisu,Desserts,2,8,"16,00",6,Sarah,t3
14.04.2026,ORD-58603,  Coffee  ,Drinks,1,4,"4,00",1,Sarah,t3
"Apr 14, 2026",ORD-56783,Bruschetta,Appetizers,3,7,21,7.50,Sarah,
"Apr 14, 2026",ORD-73816,  Tiramisu  ,Desserts,2,8,16,$6.00,,T5
15/04/26,ORD-39302,Caesar Salad,Salads,1,12,12,4,John,t3
15 Apr 2026,ORD-37866,Chicken Wings,Appetizers,3,10,30,12.00,sarah,
15/04/2026,ORD-98446,Caesar Salad,Salads,1,12,12,4,NULL,T1
2026-04-15,ORD-32852,Caesar Salad,Salads,1,12,NONE,4,Sarah,
15/04/26,ORD-34746,Bruschetta,Appetizers,1,7,7.00,2.5%,Sarah,t3
2026/04/15,ORD-70653,Margherita Pizza,Pizza,1,15,€15.00,5,MARY,T5
15.04.2026,ORD-65052,Soda,Drinks,2,3,6,1.00,NONE,T5
"Apr 15, 2026",ORD-45200,Margherita Pizza,Pizza,2,15,30,10,none,N/A
15-04-2026,ORD-65961,Pepperoni Pizza,Pizza,2,18,36,12,MARY,t3
15/04/26,ORD-92254,Beef Burger,Burgers,2,14,28.00,12,sarah,t3
2026/04/15,ORD-82454,Bruschetta ,Appetizers,3,7,21,7.5,John,T2
15.04.2026,ORD-47266,Margherita Pizza,Pizza,1,15,15,5,,T2
15/04/26,ORD-26922,Caesar Salad,Salads,3,12,36.00,12,john,N/A
2026-04-15,ORD-74078,Caesar  Salad,Salads,3,12,36.00 USD,£12.00,nan,NULL
"Apr 15, 2026",ORD-74253,Margherita Pizza,Pizza,2,15,null,10.00,john,nan
15 Apr 2026,ORD-43088,Caesar Salad,Salads,3,12,,12,john,
16-04-2026,ORD-35628,Chicken Wings,Appetizers,2,10,20.00,8,MARY,t3
16/04/26,ORD-54023,Margherita Pizza,Pizza,1,15,15,5,nan,T2
2026-04-16,ORD-48864,Tiramisu,Desserts,2,8,16,n/a,nan,T2
04/16/2026,ORD-57977,Soda,Drinks,3,3,9,1.5%,John,t3
2026/04/16,ORD-50077,Tiramisu,Desserts,3,8,€24.00,9,Sarah,T1
16/04/2026,ORD-47673,TIRAMISU,Desserts,1,8,8.00 USD,none,Sarah,nan
04/16/26,ORD-11121,Tiramisu,Desserts,2,8,16.00,6,john,none
16 Apr 2026,ORD-79118,Chicken Wings,Appetizers,3,10,30.00,12,john,T2
16 Apr 2026,ORD-14317,Tiramisu,Desserts,2,8,16.00 EUR,6,,
"Apr 16, 2026",ORD-47416,Tiramisu,Desserts,3,8,24,"9,00",Sarah,T1
2026-04-16,ORD-41170,Coffee,Drinks,2,4,"8,00",2.00,sarah,T5
16.04.2026,ORD-63614,Tiramisu,Desserts,3,8,24,9.00 EUR,John,T1
"Apr 16, 2026",ORD-24376,Bruschetta,Appetizers,3,7,21,7.5,sarah,
04/16/26,ORD-96543,Margherita Pizza,Pizza,2,15,30,10,John,T5
16-04-2026,ORD-63369,Beef Burger,Burgers,2,14,28,€12.00,sarah,t3
16/04/2026,ORD-37871,Chicken Wings,Appetizers,1,10,10,"4,00",Sarah,
2026-04-16,ORD-33993,Soda,Drinks,2,3,6,1.0,MARY,T5
"Apr 16, 2026",ORD-62921,Soda ,Drinks,3,3,9,-,john,T1
16 Apr 2026,ORD-80028,CAESAR SALAD,Salads,3,12,36,12,John,t3
"Apr 16, 2026",ORD-36035,Bruschetta,Appetizers,3,7,21,7.5,--,T5
"Apr 16, 2026",ORD-66693,MARGHERITA PIZZA,Pizza,1,15,15,5.0%,,t3
2026-04-16,ORD-82199,Soda,Drinks,2,3,6,1.00,MARY,t3
16-04-2026,ORD-24856,Beef Burger,Burgers,2,14,28,12,sarah,T5
04/16/2026,ORD-76699,Coffee,Drinks,2,4,8,2,,
16-04-2026,ORD-66369,Soda,Drinks,2,3,"6,00",1.0,Sarah,t3
"Apr 16, 2026",ORD-59040,Caesar Salad,Salads,1,12,12,4,sarah,T5
"Apr 16, 2026",ORD-46839,Chicken Wings,Appetizers,2,10,£20.00,8,john,T5
17-04-2026,ORD-28442,Beef Burger,Burgers,1,14,14,6,,T5
17 Apr 2026,ORD-53931,Chicken Wings,Appetizers,2,10,20.0%,8.00,Sarah,T2
17.04.2026,ORD-51297,Margherita Pizza,Pizza,2,15,30,10.00,john,
17 Apr 2026,ORD-98577,Chicken Wings,Appetizers,3,10,NA,12,sarah,null
17-04-2026,ORD-28064,Pepperoni Pizza,Pizza,1,18,18,6,MARY,T5
17.04.2026,ORD-55057,Beef Burger,Burgers,1,14,14,6,n/a,T1
17/04/2026,ORD-59134,Chicken Wings,Appetizers,1,10,10.00,4.00,MARY,T2
17-04-2026,ORD-24305,Chicken Wings,Appetizers,1,10,10,4,Sarah,t3
17.04.2026,ORD-37423,Bruschetta,Appetizers,2,7,14,5.0,,T5
17/04/26,ORD-70974,  Coffee  ,Drinks,2,4,--,2,Sarah,T5
04/17/2026,ORD-22234,Soda,Drinks,1,3,3,0.5,john,T1
"Apr 17, 2026",ORD-89827,Soda,Drinks,3,3,9,1.5,,NONE
04/17/2026,ORD-80581,French Fries,Sides,1,5,5,1.5,MARY,T2
17/04/26,ORD-57756,Beef Burger,Burgers,2,14,28.00 USD,12,MARY,T5
17/04/26,ORD-69005,Caesar Salad,Salads,2,12,24.00,"8,00",john,T2
04/17/26,ORD-69705,Caesar Salad ,Salads,2,12,24.00,8,sarah,T1
nan,ORD-50187,TIRAMISU,Desserts,3,8,24.00,9,john,
17 Apr 2026,ORD-32259,Beef Burger,Burgers,3,14,42,18,sarah,T1
NONE,ORD-17931,French Fries,Sides,1,5,5,1.50 TRY,none,n/a
17 Apr 2026,ORD-18369,Soda,Drinks,1,3,3.0%,0.5,MARY,T1
17 Apr 2026,ORD-14473,Caesar Salad,Salads,2,12,24.00 EUR,£8.00,n/a,T2
17-04-2026,ORD-91048,Chicken Wings,Appetizers,1,10,10,4.00 USD,nan,NONE
04/17/26,ORD-56135,Soda,Drinks,2,3,6,1.00,sarah,t3
17.04.2026,ORD-18077,Soda,Drinks,3,3,"9,00",1.5,John,T2
2026-04-17,ORD-92972,Caesar Salad,Salads,2,12,24,8,,T5
2026/04/17,ORD-30605,Pepperoni  Pizza,Pizza,1,18,18,6.00,sarah,T2
17-04-2026,ORD-46700,Tiramisu,Desserts,3,8,24,9.0%,MARY,t3
17/04/26,ORD-56685,Beef Burger,Burgers,3,14,42,18.00,sarah,t3
17.04.2026,ORD-16669,French Fries,Sides,3,5,15,4.50 USD,MARY,T5
17.04.2026,ORD-66237,Chicken Wings,Appetizers,3,10,30,12,NA,none
17.04.2026,ORD-84201,Margherita Pizza,Pizza,1,15,15,5,MARY,T2
17 Apr 2026,ORD-31471,Tiramisu,Desserts,1,8,8,3,john,
17.04.2026,ORD-83400,beef burger,Burgers,3,14,42.00,18,,n/a
17/04/2026,ORD-15984,Chicken Wings,Appetizers,3,10,30,12,Sarah,
04/17/2026,ORD-76831,  Soda  ,Drinks,3,3,9.0%,1.5,John,
04/17/26,ORD-90824,Beef Burger,Burgers,3,14,42,18,Sarah,T1
04/17/2026,ORD-55389,Caesar Salad,Salads,1,12,12,4,sarah,
"Apr 17, 2026",ORD-73465,Margherita Pizza,Pizza,1,15,15,5,John,T5
17.04.2026,ORD-25759,Chicken Wings,Appetizers,2,10,NONE,8,sarah,nan
04/17/26,ORD-99028,Chicken Wings,Appetizers,3,10,30,12.00,MARY,NULL
2026-04-17,ORD-37037,Coffee,Drinks,2,4,8,none,Sarah,n/a
17-04-2026,ORD-79309,Chicken Wings,Appetizers,2,10,20,8,Sarah,-
"Apr 17, 2026",ORD-17217,Soda,Drinks,1,3,3.00,0.5,MARY,T1
17-04-2026,ORD-66444,Margherita Pizza,Pizza,1,15,15,"5,00",--,NA
17.04.2026,ORD-89612,Pepperoni Pizza,Pizza,1,18,18,6.00,MARY,n/a
04/17/26,ORD-98308,Margherita Pizza,Pizza,2,15,30,10,john,T2
17-04-2026,ORD-47048,Pepperoni Pizza ,Pizza,1,18,18.00,£6.00,none,n/a
17-04-2026,ORD-75504,Caesar Salad,Salads,3,12,36,12,John,T2
17.04.2026,ORD-32029,Coffee,Drinks,3,4,12,3,sarah,T1
17.04.2026,ORD-56917,Tiramisu,Desserts,3,8,24,9,MARY,NULL
04/17/2026,ORD-66578,French Fries,Sides,3,5,15,4.50,MARY,t3
17/04/26,ORD-56138,Margherita Pizza,Pizza,2,15,"30,00",£10.00,,T2
17-04-2026,ORD-31541,Bruschetta,Appetizers,3,7,21.00,7.5,MARY,t3
"Apr 17, 2026",ORD-70245,Coffee,Drinks,2,4,8,2,,
"Apr 18, 2026",ORD-36072,Tiramisu,Desserts,3,8,24,9,Sarah,t3
2026-04-18,ORD-21323,Bruschetta,Appetizers,1,7,7,2.5,sarah,T5
"Apr 18, 2026",ORD-57315,Bruschetta,Appetizers,2,7,14,5.00,sarah,t3
18 Apr 2026,ORD-22760,Chicken  Wings,Appetizers,2,10,20,8,null,t3
2026/04/18,ORD-73653,Pepperoni Pizza,Pizza,3,18,54,NA,Sarah,
NA,ORD-84776,Margherita Pizza,Pizza,3,15,45.00,15,,t3
18.04.2026,ORD-91930,Caesar Salad,Salads,1,12,"12,00",$4.00,MARY,T5
18.04.2026,ORD-22042,Bruschetta,Appetizers,1,7,7,2.5,,T5
2026/04/18,ORD-39929,Tiramisu,Desserts,2,8,16,6,,t3
2026-04-18,ORD-15735,French Fries,Sides,3,5,15,4.5,Sarah,T1
18-04-2026,ORD-19856,Tiramisu,Desserts,3,8,24,9.0%,sarah,T2
2026-04-18,ORD-28026,French Fries,Sides,1,5,5.0%,1.5,,none
"Apr 18, 2026",ORD-44834,Chicken Wings,Appetizers,1,10,10.00 TRY,4,John,
"Apr 18, 2026",ORD-21825,Margherita  Pizza,Pizza,3,15,"45,00",15,John,
2026-04-18,ORD-62991,Beef Burger,Burgers,2,14,"28,00",12.00,John,T2
04/18/2026,ORD-46321,Margherita Pizza,Pizza,2,15,30,10,john,T1
18/04/26,ORD-34331,Soda,Drinks,1,3,3,0.5,John,t3
04/18/2026,ORD-83472,  Chicken Wings  ,Appetizers,2,10,20,8.00,,--
2026/04/18,ORD-35880,Coffee,Drinks,1,4,4.00,"1,00",sarah,T1
18/04/2026,ORD-92816,Beef Burger,Burgers,1,14,14,6,john,T2
2026-04-18,ORD-17966,Caesar  Salad,Salads,1,12,12,4,MARY,T1
18 Apr 2026,ORD-65839,Tiramisu,Desserts,2,8,16,6,MARY,T5
"Apr 18, 2026",ORD-90870,Tiramisu,Desserts,2,8,16,6.00,null,T5
18/04/2026,ORD-22711,Bruschetta,Appetizers,1,7,7.00,£2.50,Sarah,T1
NA,ORD-53472,French Fries,Sides,1,5,5.00,1.5%,John,T1
18-04-2026,ORD-27486,Tiramisu,Desserts,2,8,£16.00,"6,00",MARY,N/A
2026/04/18,ORD-50362,Margherita Pizza ,Pizza,2,15,"30,00",10.00,MARY,T5
18 Apr 2026,ORD-83892,Tiramisu,Desserts,1,8,8,3.00 USD,MARY,T2
18/04/26,ORD-36374,Pepperoni Pizza,Pizza,2,18,36,"12,00",NULL,NA
2026-04-18,ORD-17246,Caesar Salad,Salads,2,12,24,8,none,null
"Apr 18, 2026",ORD-10602,Chicken Wings,Appetizers,3,10,30,12,MARY,
04/18/2026,ORD-38928,Chicken Wings,Appetizers,1,10,10.0%,4,sarah,
2026-04-18,ORD-37022,Tiramisu,Desserts,2,8,16.00,6,john,T1
2026-04-18,ORD-36373,Soda,Drinks,3,3,9,1.50,John,T5
18/04/2026,ORD-82655,Caesar  Salad,Salads,3,12,₺36.00,12,MARY,T1
18/04/2026,ORD-24930,Beef Burger,Burgers,1,14,14,6,sarah,T2
18 Apr 2026,ORD-17604,Pepperoni Pizza,Pizza,1,18,18,6.00,,T2
,ORD-45109,Chicken Wings,Appetizers,2,10,€20.00,£8.00,,T2
04/18/26,ORD-37805,French Fries,Sides,3,5,15.00 USD,4.50,sarah,t3
04/18/26,ORD-20850,French Fries,Sides,1,5,"5,00",1.5,MARY,t3
18.04.2026,ORD-44303,Chicken Wings,Appetizers,3,10,30,12,John,T1
2026/04/18,ORD-54532,Caesar Salad,Salads,2,12,24,8,John,n/a
18 Apr 2026,ORD-29756,Bruschetta,Appetizers,3,7,21,NA,Sarah,T1
04/18/26,ORD-92258,Bruschetta,Appetizers,2,7,14,5.00,MARY,T2
18-04-2026,ORD-63311,Coffee,Drinks,1,4,€4.00,1,sarah,T5
18/04/2026,ORD-97793,Coffee,Drinks,3,4,12,3,Sarah,t3
18/04/2026,ORD-26321,Beef Burger,Burgers,2,14,28,12.00 TRY,john,T1
2026-04-18,ORD-14651,Chicken Wings,Appetizers,2,10,20.00,8.00,-,t3
04/18/26,ORD-79431,Caesar Salad,Salads,2,12,24.00,8,--,
18/04/26,ORD-72356,Tiramisu,Desserts,1,8,8,3,john,-
04/18/26,ORD-62337,French Fries,Sides,1,5,5.00 TRY,1.5,sarah,T1
18-04-2026,ORD-78412,French Fries,Sides,3,5,15.00 EUR,£4.50,Sarah,
18/04/26,ORD-61898,Margherita  Pizza,Pizza,2,15,30.00,10,,T2
2026/04/18,ORD-98820,Tiramisu,Desserts,3,8,24,9,John,T5
2026-04-18,ORD-13327,Soda,Drinks,1,3,3,$0.50,sarah,
04/18/2026,ORD-48340,Margherita Pizza,Pizza,3,15,45,15,sarah,
04/18/26,ORD-62739,Beef Burger,Burgers,3,14,42.00,18,none,T5
18.04.2026,ORD-64941,Soda,Drinks,3,3,9,1.5,john,T5
18-04-2026,ORD-59456,MARGHERITA PIZZA,Pizza,1,15,15,5.00 TRY,Sarah,T5
"Apr 18, 2026",ORD-17441,Coffee,Drinks,3,4,12,3,Sarah,
19/04/2026,ORD-84633,Pepperoni Pizza,Pizza,3,18,54,18.00 USD,,T1
"Apr 19, 2026",ORD-10602,Tiramisu,Desserts,3,8,24,9,,t3
19 Apr 2026,ORD-97989,Caesar Salad,Salads,1,12,12,4,MARY,T1
2026/04/19,ORD-27259,TIRAMISU,Desserts,1,8,8,3,MARY,T1
19.04.2026,ORD-95815,Beef Burger,Burgers,2,14,28,12,Sarah,T5
19/04/26,ORD-48885,French Fries,Sides,1,5,5.00 EUR,1.50,john,
19/04/2026,ORD-77552,Margherita Pizza,Pizza,1,15,15,5,,
2026-04-19,ORD-94098,Soda,Drinks,1,3,3.00,"0,50",john,NONE
2026/04/19,ORD-15876,Caesar Salad,Salads,1,12,12,4,sarah,T2
19 Apr 2026,ORD-73629,Bruschetta,Appetizers,2,7,14,5.00,Sarah,
19.04.2026,ORD-75662,Beef Burger,Burgers,3,14,42.00,18,n/a,T2
2026/04/19,ORD-49305,Soda,Drinks,2,3,6.00,"1,00",Sarah,
19-04-2026,ORD-52627,Beef  Burger,Burgers,3,14,42,18.00,N/A,T5
19/04/26,ORD-96406,Bruschetta,Appetizers,1,7,7.00,2.5,Sarah,
2026-04-19,ORD-51695,Chicken Wings,Appetizers,3,10,30,€12.00,Sarah,T5
19.04.2026,ORD-63927,Pepperoni Pizza,Pizza,1,18,18.00,6.00,John,T5
19/04/26,ORD-82681,Soda,Drinks,3,3,9,€1.50,Sarah,t3
19/04/26,ORD-31259,Bruschetta,Appetizers,1,7,7,2.5,John,N/A
04/19/2026,ORD-54722,Chicken Wings,Appetizers,2,10,20,nan,Sarah,T1
2026-04-19,ORD-83538,MARGHERITA PIZZA,Pizza,2,15,30,10.00,john,
19 Apr 2026,ORD-47068,  Margherita Pizza  ,Pizza,2,15,30,10.00 TRY,MARY,t3
2026-04-19,ORD-43292,Soda,Drinks,3,3,9,1.5,john,t3
19-04-2026,ORD-90780,Soda,Drinks,2,3,6.00,1.0,Sarah,T1
19/04/26,ORD-56672,Bruschetta,Appetizers,1,7,7,n/a,,n/a
2026/04/19,ORD-55917,Tiramisu,Desserts,3,8,24,9,NONE,t3
2026/04/19,ORD-99052,Margherita Pizza,Pizza,1,15,15.00,5,,T2
19/04/26,ORD-81805,French Fries,Sides,1,5,5.0%,1.5,NONE,t3
19 Apr 2026,ORD-59670,Beef Burger,Burgers,1,14,14.00,6,John,N/A
2026/04/19,ORD-54350,Coffee ,Drinks,1,4,4,$1.00,john,T1
19/04/2026,ORD-61371,FRENCH FRIES,Sides,1,5,5,1.5,Sarah,T2
19 Apr 2026,ORD-68088,Soda,Drinks,2,3,6,1.0,,
2026-04-19,ORD-14862,Chicken Wings,Appetizers,1,10,10.00,4,sarah,t3
19/04/26,ORD-17359,Tiramisu,Desserts,1,8,8,3.00,-,
04/19/26,ORD-62273,Caesar Salad ,Salads,1,12,12.00,4,john,T1
19 Apr 2026,ORD-48488,Soda,Drinks,2,3,6.00,1.0,n/a,T5
19 Apr 2026,ORD-50358,Beef Burger,Burgers,3,14,42,null,MARY,T1
19.04.2026,ORD-44711,Soda,Drinks,2,3,,1.0,-,T1
NA,ORD-75010,Beef Burger,Burgers,2,14,28,12,john,T2
19.04.2026,ORD-68495,Tiramisu,Desserts,3,8,24.00,9.00,NONE,T2
19/04/2026,ORD-65209,Chicken Wings,Appetizers,1,10,"10,00",4,MARY,T1
19 Apr 2026,ORD-59175,Tiramisu,Desserts,1,8,8.00,3,john,NA
19/04/26,ORD-66995,Soda,Drinks,2,3,6,1.0,sarah,T5
19/04/26,ORD-74246,Chicken Wings,Appetizers,1,10,10,4,john,T2
19/04/26,ORD-42466,CAESAR SALAD,Salads,1,12,12,4,MARY,T2
19 Apr 2026,ORD-81464,Caesar Salad,Salads,2,12,24,8,john,T1
19/04/26,ORD-29304,Pepperoni Pizza,Pizza,3,18,54,18,,T2
19 Apr 2026,ORD-20985,Bruschetta,Appetizers,2,7,14,5.0,sarah,T1
19 Apr 2026,ORD-16987,  Caesar Salad  ,Salads,2,12,24,8,,N/A
"Apr 19, 2026",ORD-63575,MARGHERITA PIZZA,Pizza,2,15,30,10,n/a,T1
2026-04-19,ORD-87158,Bruschetta,Appetizers,2,7,14,5.00,MARY,
NA,ORD-25235,Caesar Salad,Salads,2,12,24.00,8.00 USD,Sarah,T1
19-04-2026,ORD-31227,Beef Burger,Burgers,3,14,--,18,sarah,null
19-04-2026,ORD-39350,Caesar Salad,Salads,1,12,12,4,john,t3
04/19/2026,ORD-17740,Bruschetta,Appetizers,3,7,21,7.5%,--,T1
19 Apr 2026,ORD-48866,Beef Burger,Burgers,2,14,28,12.0%,john,T5
19/04/2026,ORD-41086,COFFEE,Drinks,2,4,8,2.00,,T5
NULL,ORD-48992,Margherita Pizza,Pizza,3,15,45,15.00,Sarah,T2
2026-04-19,ORD-60896,Beef Burger,Burgers,2,14,28,12,,T1
04/19/26,ORD-95268,Bruschetta,Appetizers,1,7,7,2.5,Sarah,T1
04/19/26,ORD-70234,French Fries,Sides,3,5,NULL,4.50,John,T1
19 Apr 2026,ORD-29440,SODA,Drinks,1,3,3,0.50,sarah,t3
19-04-2026,ORD-52657,Coffee,Drinks,2,4,8.0%,2,MARY,T2
"Apr 19, 2026",ORD-70996,Margherita Pizza,Pizza,2,15,30,10,MARY,T2
19.04.2026,ORD-32187,Soda,Drinks,1,3,3,0.50,n/a,
04/19/26,ORD-63342,Chicken Wings,Appetizers,3,10,30.00,12,john,nan
19/04/2026,ORD-68169,Caesar Salad,Salads,1,12,12,4.00,john,T1
19/04/2026,ORD-33304,Soda,Drinks,3,3,9,1.5,John,
2026-04-19,ORD-67788,Tiramisu,Desserts,1,8,"8,00",3,,T5
19-04-2026,ORD-50177,Beef Burger,Burgers,1,14,14,6.00,Sarah,t3
04/19/2026,ORD-77436,French Fries,Sides,3,5,15,4.5,,
04/19/26,ORD-63317,Margherita Pizza,Pizza,1,15,15,5.00,Sarah,T1
2026/04/19,ORD-52111,Caesar Salad,Salads,1,12,12.00 TRY,4.00 EUR,MARY,nan
19/04/26,ORD-91231,Bruschetta,Appetizers,2,7,"14,00",5.0,sarah,T5
19.04.2026,ORD-23393,Coffee,Drinks,1,4,4,1.00 USD,john,t3
04/19/2026,ORD-77645,Soda ,Drinks,1,3,"3,00",0.50,john,T2
19.04.2026,ORD-27752,Pepperoni Pizza,Pizza,2,18,36,12,sarah,T2
04/19/2026,ORD-57942,Soda,Drinks,3,3,9.00,1.50,MARY,t3
20/04/26,ORD-30483,Beef Burger,Burgers,2,14,28,12,sarah,T1
20/04/2026,ORD-61034,Coffee,Drinks,2,4,"8,00",NULL,sarah,
NULL,ORD-91187,Soda,Drinks,1,3,3,0.5,John,T1
04/20/2026,ORD-79229,Margherita Pizza,Pizza,2,15,30,10.0%,John,t3
20/04/26,ORD-22226,Margherita Pizza,Pizza,1,15,15,5.0%,NONE,T5
20.04.2026,ORD-35601,Bruschetta,Appetizers,3,7,21,7.5,sarah,t3
2026-04-20,ORD-77376,Tiramisu,Desserts,2,8,16,6,MARY,t3
04/20/26,ORD-98283,Tiramisu,Desserts,3,8,NONE,9.00,John,null
20 Apr 2026,ORD-25695,Tiramisu,Desserts,3,8,null,9,john,T2
20/04/26,ORD-71488,TIRAMISU,Desserts,1,8,8,3,Sarah,NONE
04/20/2026,ORD-30785,Caesar Salad,Salads,2,12,24,8,,NA
"Apr 20, 2026",ORD-33406,Soda,Drinks,2,3,6,1.0,-,T5
20.04.2026,ORD-99347,Beef Burger,Burgers,2,14,28,$12.00,,T2
20.04.2026,ORD-20044,Soda,Drinks,3,3,9,1.50,john,
04/20/2026,ORD-44995,Margherita Pizza,Pizza,2,15,30.0%,10,john,T2
"Apr 20, 2026",ORD-53363,Pepperoni Pizza,Pizza,1,18,18.0%,6,Sarah,-
20.04.2026,ORD-12568,Tiramisu,Desserts,3,8,€24.00,,John,t3
20-04-2026,ORD-13133,Caesar Salad,Salads,1,12,12.00,4.00,Sarah,
2026-04-20,ORD-77066,Beef Burger,Burgers,2,14,28,12,,T5
20/04/26,ORD-38569,Bruschetta,Appetizers,1,7,7,2.5,,N/A
20 Apr 2026,ORD-58633,Margherita Pizza,Pizza,1,15,15,5,MARY,T5
20/04/26,ORD-79502,Margherita Pizza,Pizza,3,15,45,15,,
"Apr 20, 2026",ORD-77069,Margherita Pizza,Pizza,2,15,30,"10,00",,t3
20 Apr 2026,ORD-60518,Tiramisu,Desserts,3,8,24,£9.00,,
20-04-2026,ORD-28789,Caesar Salad,Salads,1,12,NONE,--,nan,
2026-04-20,ORD-37559,Coffee,Drinks,3,4,12,3,nan,T2
20-04-2026,ORD-41381,Bruschetta,Appetizers,3,7,21.00,7.50 EUR,john,t3
20/04/2026,ORD-48570,Bruschetta,Appetizers,2,7,14.00 USD,5.0,john,t3
20/04/26,ORD-64280,Chicken Wings,Appetizers,2,10,20.00,8.00,John,T2
04/20/2026,ORD-91370,Soda,Drinks,1,3,3,0.5,John,t3
20/04/26,ORD-92764,French Fries,Sides,2,5,10.0%,"3,00",sarah,
20/04/2026,ORD-36841,Tiramisu,Desserts,3,8,24,9,,n/a
20.04.2026,ORD-63021,Coffee,Drinks,2,4,8,2.00,MARY,T1
2026/04/20,ORD-29973,Bruschetta,Appetizers,3,7,21.00,7.5,,t3
20 Apr 2026,ORD-60416,Bruschetta,Appetizers,1,7,7.00,2.5,NULL,
20/04/26,ORD-83336,Soda,Drinks,3,3,9,1.5,,
--,ORD-86923,Chicken Wings,Appetizers,1,10,10,4,John,T1
2026/04/20,ORD-15009,Soda,Drinks,1,3,3.00,"0,50",N/A,-
20/04/2026,ORD-83566,Caesar Salad,Salads,3,12,36,12,john,N/A
04/20/2026,ORD-43379,Caesar Salad,Salads,1,12,12,4,Sarah,
04/20/2026,ORD-70854,Coffee,Drinks,1,4,4.00 EUR,1,John,null
NA,ORD-71133,Bruschetta,Appetizers,3,7,21.00,7.50 EUR,,T2
04/20/2026,ORD-48115,Beef Burger,Burgers,1,14,"14,00",6.00,MARY,T5
20/04/26,ORD-80653,Tiramisu,Desserts,3,8,24,9,john,T2
20/04/2026,ORD-77166,Soda,Drinks,3,3,--,1.50 EUR,Sarah,t3
"Apr 20, 2026",ORD-88290,french fries,Sides,2,5,10.0%,3.00,john,t3
04/20/2026,ORD-51879,Soda,Drinks,3,3,9,1.50,Sarah,
20.04.2026,ORD-51477,Bruschetta,Appetizers,1,7,7.00 TRY,2.5%,MARY,T2
2026-04-20,ORD-78533,Soda,Drinks,3,3,9,1.5,John,T5
2026/04/21,ORD-88808,French Fries,Sides,3,5,15,4.5,Sarah,
2026/04/21,ORD-90859,Beef Burger,Burgers,1,14,14,6,Sarah,T1
21-04-2026,ORD-27252,Pepperoni Pizza,Pizza,2,18,36.0%,12,,T5
2026/04/21,ORD-72223,Bruschetta,Appetizers,3,7,21.00,7.5,John,T5
21-04-2026,ORD-32623,Bruschetta,Appetizers,3,7,21,"7,50",sarah,T2
21.04.2026,ORD-22201,Beef Burger,Burgers,3,14,42.0%,18,MARY,
04/21/26,ORD-59723,Caesar Salad,Salads,3,12,36,"12,00",sarah,t3
2026-04-21,ORD-56030,French Fries,Sides,3,5,15.00,4.5,null,T2
2026-04-21,ORD-68005,Soda,Drinks,1,3,n/a,0.5,John,T2
21/04/2026,ORD-42463,Chicken Wings,Appetizers,3,10,30,12,john,T5
21.04.2026,ORD-21668,Margherita Pizza,Pizza,3,15,45,15,Sarah,none
21-04-2026,ORD-62671,Chicken Wings,Appetizers,3,10,"30,00",12,Sarah,T2
04/21/2026,ORD-36841,French Fries,Sides,1,5,5.00,1.5,John,T5
21.04.2026,ORD-13114,French Fries,Sides,3,5,15.00 EUR,4.50,John,T2
21/04/26,ORD-87977,Caesar Salad,Salads,2,12,24,8,Sarah,T2
22/04/2026,ORD-93419,Tiramisu,Desserts,1,8,null,3,john,-
22-04-2026,ORD-92166,Chicken Wings,Appetizers,2,10,20.00 USD,8,sarah,
04/22/2026,ORD-99619,bruschetta,Appetizers,2,7,14,5.0,sarah,T2
22-04-2026,ORD-31469,Pepperoni Pizza,Pizza,2,18,36.00,12,null,
04/22/2026,ORD-73708,Beef Burger,Burgers,3,14,42,18.00 USD,john,T1
"Apr 22, 2026",ORD-63591,Pepperoni Pizza,Pizza,2,18,"36,00",12.0%,,T1
22.04.2026,ORD-14540,Tiramisu,Desserts,1,8,NULL,3,MARY,t3
04/22/2026,ORD-29461,Bruschetta,Appetizers,2,7,14.00 TRY,"5,00",Sarah,T1
2026-04-22,ORD-55205,Beef Burger,Burgers,3,14,42,18,MARY,-
04/22/2026,ORD-85838,Tiramisu,Desserts,1,8,8.00,3,John,T5
04/22/26,ORD-48174,Beef Burger,Burgers,1,14,14,6.00,,T2
22 Apr 2026,ORD-99939,Tiramisu,Desserts,3,8,24.00,9.00,sarah,T2
2026/04/22,ORD-91211,Tiramisu,Desserts,3,8,24.00 TRY,9,n/a,--
22/04/2026,ORD-40516,CAESAR SALAD,Salads,3,12,36,12,,t3
04/22/2026,ORD-14045,Margherita Pizza,Pizza,2,15,30,--,,T5
2026-04-22,ORD-10682,Soda,Drinks,1,3,3,0.5,MARY,NA
22.04.2026,ORD-98669,French Fries,Sides,3,5,15,4.50,MARY,T5
2026-04-22,ORD-46480,French Fries,Sides,1,5,5,1.5,MARY,NULL
04/22/2026,ORD-36247,Pepperoni Pizza,Pizza,3,18,54,18,John,T5
22.04.2026,ORD-47794,Caesar Salad,Salads,1,12,12,4,,
22/04/26,ORD-32402,Caesar Salad,Salads,1,12,12.00,4,MARY,NA
22/04/26,ORD-59289,Beef Burger,Burgers,3,14,42.00 EUR,18,Sarah,T2
22 Apr 2026,ORD-82065,Bruschetta,Appetizers,1,7,7,2.5,Sarah,
22-04-2026,ORD-26154,CAESAR SALAD,Salads,3,12,36,12,NA,-
04/22/2026,ORD-32975,Margherita Pizza,Pizza,3,15,45,15.00 TRY,N/A,
22-04-2026,ORD-43953,Pepperoni Pizza ,Pizza,1,18,18,6,john,T1
"Apr 22, 2026",ORD-21994,Chicken Wings,Appetizers,1,10,10,4.00,sarah,T5
22/04/26,ORD-30731,Margherita Pizza,Pizza,3,15,45,15.0%,MARY,n/a
2026/04/22,ORD-91691,French Fries,Sides,2,5,10,nan,,T2
nan,ORD-87985,Soda,Drinks,3,3,9,1.5,-,t3
22 Apr 2026,ORD-65902,Pepperoni Pizza,Pizza,1,18,18,6.0%,MARY,T1
04/22/26,ORD-73848,Margherita Pizza,Pizza,1,15,15,5,,T1
null,ORD-61715,Margherita Pizza,Pizza,1,15,15,5,NA,T5
04/22/2026,ORD-39163,Soda,Drinks,3,3,9,1.5%,,
2026/04/22,ORD-22464,French Fries,Sides,3,5,15.0%,4.50,john,T2
22.04.2026,ORD-73910,Chicken Wings ,Appetizers,1,10,₺10.00,4.0%,--,T1
04/22/26,ORD-95082,Coffee,Drinks,1,4,4.0%,1,--,
22/04/26,ORD-63885,Pepperoni Pizza,Pizza,2,18,36,12,sarah,T1
23-04-2026,ORD-30143,Bruschetta,Appetizers,3,7,21,7.5,Sarah,NULL
04/23/2026,ORD-74699,Margherita Pizza,Pizza,1,15,15.00,5,,T2
04/23/2026,ORD-85826,Caesar Salad,Salads,1,12,12,4.00,Sarah,T2
2026/04/23,ORD-12940,tiramisu,Desserts,2,8,16,6,sarah,T5
23-04-2026,ORD-18767,Caesar Salad,Salads,1,12,12,4.00,john,T5
04/23/2026,ORD-63579,Chicken Wings,Appetizers,2,10,20.00,8.0%,John,t3
2026/04/23,ORD-87289,Beef Burger,Burgers,2,14,28,12,,t3
,ORD-49172,Coffee,Drinks,1,4,4.00,1,John,T2
"Apr 23, 2026",ORD-85361,Coffee,Drinks,1,4,4,£1.00,NULL,
23-04-2026,ORD-75037,French Fries,Sides,1,5,5,1.5,-,
04/23/2026,ORD-34690,Beef Burger,Burgers,2,14,28,12,sarah,t3
23 Apr 2026,ORD-17031,Margherita Pizza,Pizza,1,15,"15,00",5,NA,T2
"Apr 23, 2026",ORD-57393,Caesar Salad,Salads,1,12,12,4.00,John,t3
23-04-2026,ORD-63161,Pepperoni Pizza,Pizza,1,18,18,6,sarah,T5
2026-04-23,ORD-44549,Caesar Salad,Salads,3,12,36.0%,12.00 EUR,John,
23 Apr 2026,ORD-79805,Beef Burger,Burgers,1,14,14,6,MARY,T5
2026-04-23,ORD-64466,French Fries,Sides,1,5,5,1.5,Sarah,T2
23.04.2026,ORD-67130,Margherita Pizza,Pizza,1,15,15.0%,5,John,T1
"Apr 23, 2026",ORD-91611,Bruschetta,Appetizers,1,7,7,2.5%,MARY,T1
23-04-2026,ORD-92218,Bruschetta,Appetizers,2,7,14.00,5.0,,t3
23/04/26,ORD-11213,beef burger,Burgers,1,14,14,6,MARY,T5
"Apr 23, 2026",ORD-90716,tiramisu,Desserts,1,8,8,3.00,MARY,T5
23/04/26,ORD-27358,Chicken Wings,Appetizers,1,10,10,₺4.00,Sarah,--
04/23/2026,ORD-87986,Chicken Wings,Appetizers,1,10,10,-,john,T5
2026-04-23,ORD-66484,Soda,Drinks,2,3,6,1.0,sarah,T1
2026-04-23,ORD-97718,French Fries ,Sides,2,5,10,3.0,n/a,T2
04/23/2026,ORD-77749,Coffee,Drinks,1,4,4,1,Sarah,
none,ORD-80202,Caesar Salad,Salads,3,12,36,12,Sarah,T1
23/04/26,ORD-55900,Coffee,Drinks,3,4,12,3,John,NONE
2026/04/23,ORD-87822,Chicken Wings,Appetizers,2,10,20,--,Sarah,
23.04.2026,ORD-68445,Tiramisu,Desserts,3,8,24,9,john,T2
04/23/2026,ORD-34418,SODA,Drinks,2,3,6.00,₺1.00,N/A,T1
23-04-2026,ORD-75428,Bruschetta,Appetizers,3,7,21,7.50,sarah,NONE
04/23/2026,ORD-50251,Chicken Wings,Appetizers,3,10,30,12,MARY,t3
23/04/26,ORD-80448,Pepperoni Pizza,Pizza,1,18,18.00,6,MARY,
24/04/26,ORD-67758,Margherita Pizza,Pizza,2,15,30,10,MARY,
24 Apr 2026,ORD-99780,BEEF BURGER,Burgers,2,14,28.00,12,sarah,T2
2026/04/24,ORD-90415,Bruschetta,Appetizers,1,7,7,2.5,,
04/24/2026,ORD-19389,Margherita Pizza,Pizza,2,15,30,10,john,t3
04/24/2026,ORD-28970,Margherita Pizza,Pizza,3,15,45.00,15,John,t3
24/04/26,ORD-46968,Pepperoni Pizza,Pizza,3,18,54,18,sarah,T5
2026/04/24,ORD-45049,Pepperoni Pizza,Pizza,1,18,18,6.0%,,t3
NA,ORD-97544,Caesar Salad,Salads,2,12,24,8,Sarah,t3
-,ORD-89033,Chicken Wings,Appetizers,1,10,10.00,₺4.00,Sarah,T2
"Apr 24, 2026",ORD-11302,  Pepperoni Pizza  ,Pizza,2,18,36.00,12,sarah,null
04/24/26,ORD-55931,Chicken Wings,Appetizers,2,10,20,₺8.00,sarah,T1
2026/04/24,ORD-11260,coffee,Drinks,3,4,12,3,sarah,
24/04/26,ORD-35257,  Soda  ,Drinks,1,3,3,0.5,Sarah,t3
24.04.2026,ORD-76864,Pepperoni  Pizza,Pizza,2,18,36,12,Sarah,T2
24/04/2026,ORD-45907,Beef Burger,Burgers,3,14,42,18,,t3
24/04/2026,ORD-54386,Coffee,Drinks,1,4,N/A,1,MARY,T5
24.04.2026,ORD-35437,Soda,Drinks,2,3,6,1.0,,t3
--,ORD-68119,Margherita  Pizza,Pizza,3,15,45,15.00,sarah,
04/24/2026,ORD-20233,Margherita Pizza,Pizza,2,15,30,10,,T2
24.04.2026,ORD-28626,Coffee,Drinks,2,4,8.00,2.00,,T1
24 Apr 2026,ORD-60998,  Margherita Pizza  ,Pizza,2,15,30,10.00,Sarah,T1
2026/04/24,ORD-19776,Soda,Drinks,3,3,£9.00,1.5,John,T5
24/04/26,ORD-67175,Chicken Wings,Appetizers,3,10,30.00,12.00,sarah,T1
24/04/26,ORD-60298,Beef Burger,Burgers,2,14,28,12,,
24 Apr 2026,ORD-43303,Caesar Salad,Salads,3,12,36,12,MARY,t3
2026/04/24,ORD-61613,Coffee,Drinks,3,4,12,3,MARY,
24.04.2026,ORD-12360,Margherita Pizza,Pizza,3,15,45,15.0%,John,T2
04/24/2026,ORD-13311,Chicken Wings,Appetizers,1,10,10.00 USD,4,sarah,T1
24/04/26,ORD-86810,Beef Burger,Burgers,2,14,28.00,12.0%,John,T1
24/04/2026,ORD-84570,Pepperoni Pizza,Pizza,2,18,36.0%,12.00,John,N/A
24-04-2026,ORD-33785,Caesar Salad,Salads,2,12,24,8,John,T5
2026/04/24,ORD-83859,Chicken Wings,Appetizers,1,10,nan,4,Sarah,T2
2026-04-24,ORD-71006,Coffee,Drinks,1,4,4,1,sarah,
NONE,ORD-10520,Margherita Pizza,Pizza,1,15,15,5,,
24/04/2026,ORD-14792,Caesar Salad,Salads,1,12,12.00,4,MARY,T2
2026-04-24,ORD-16153,Soda,Drinks,3,3,£9.00,1.5%,--,t3
24-04-2026,ORD-10990,Caesar Salad,Salads,2,12,24,8.00,nan,t3
24 Apr 2026,ORD-78688,Caesar Salad,Salads,3,12,£36.00,12.00 EUR,,T2
04/24/26,ORD-93625,Beef Burger,Burgers,3,14,42,18,MARY,T2
2026/04/24,ORD-56556,Caesar Salad,Salads,1,12,12,none,MARY,T2
24/04/26,ORD-91732,Beef Burger,Burgers,2,14,N/A,12,MARY,T2
24 Apr 2026,ORD-88404,Pepperoni Pizza,Pizza,2,18,₺36.00,12.00,Sarah,T2
04/24/26,ORD-53123,SODA,Drinks,3,3,9,1.50,MARY,
04/24/26,ORD-55297,Bruschetta,Appetizers,1,7,7,2.5,Sarah,NULL
24-04-2026,ORD-95169,tiramisu,Desserts,2,8,16,6,sarah,T2
24 Apr 2026,ORD-22608,Beef Burger,Burgers,2,14,28,12,sarah,n/a
24 Apr 2026,ORD-97320,Coffee,Drinks,3,4,12.00,3,sarah,T1
24/04/2026,ORD-50173,Chicken Wings,Appetizers,2,10,20,"8,00",Sarah,T2
24 Apr 2026,ORD-53453,Bruschetta,Appetizers,2,7,14.00,5.00,sarah,--
24/04/26,ORD-89859,Pepperoni Pizza,Pizza,2,18,36,12,,NULL
04/24/2026,ORD-14404,Margherita  Pizza,Pizza,3,15,45,"15,00",John,t3
04/24/2026,ORD-31934,Tiramisu,Desserts,3,8,24,9.00,John,T5
24/04/26,ORD-18136,Bruschetta,Appetizers,3,7,21.00 TRY,7.5,john,T1
04/24/2026,ORD-47704,Chicken Wings,Appetizers,1,10,10,4,Sarah,NULL
24/04/2026,ORD-29208,Margherita Pizza,Pizza,1,15,€15.00,5.00,sarah,T2
"Apr 24, 2026",ORD-26312,Tiramisu,Desserts,3,8,24,9,john,t3
04/24/26,ORD-12753,Coffee,Drinks,2,4,8,n/a,Sarah,NONE
-,ORD-47165,Margherita Pizza,Pizza,3,15,45.00,15,John,T1
2026/04/24,ORD-32429,Beef Burger,Burgers,3,14,42.0%,18,John,T5
NA,ORD-11142,Beef Burger,Burgers,2,14,28,12,Sarah,--
24.04.2026,ORD-55465,Chicken Wings,Appetizers,3,10,30.00,12,sarah,T2
24-04-2026,ORD-32494,French Fries,Sides,3,5,15,4.5,MARY,none
24 Apr 2026,ORD-42039,Bruschetta,Appetizers,3,7,21,7.50,,t3
04/24/2026,ORD-62100,Coffee,Drinks,3,4,12,3,,T2
04/24/2026,ORD-87593,Beef Burger,Burgers,3,14,42,18,John,-
24/04/26,ORD-11128,Coffee,Drinks,3,4,12,3.0%,MARY,NULL
24/04/2026,ORD-53035,Caesar Salad,Salads,3,12,,12,sarah,
24/04/26,ORD-89375,  Beef Burger  ,Burgers,2,14,28.00,12,john,T2
24/04/26,ORD-15892,Soda,Drinks,1,3,3,0.5,Sarah,nan
24/04/2026,ORD-49368,French Fries,Sides,1,5,null,1.5,NA,T5
2026-04-24,ORD-81505,Beef Burger,Burgers,1,14,14,6.00 TRY,John,
2026/04/24,ORD-53851,Chicken Wings,Appetizers,2,10,20,8,Sarah,T2
04/24/2026,ORD-50450,Chicken Wings,Appetizers,2,10,20.00 USD,8.00,John,T5
04/24/26,ORD-79450,Chicken Wings,Appetizers,2,10,20,8,sarah,T1
24.04.2026,ORD-10164,Pepperoni Pizza,Pizza,2,18,36,12,,T1
04/24/2026,ORD-41862,Tiramisu,Desserts,1,8,8,3,MARY,t3
24/04/2026,ORD-57604,Pepperoni Pizza,Pizza,3,18,NONE,18.00,,t3
2026/04/24,ORD-46066,  Chicken Wings  ,Appetizers,1,10,10,4.00 USD,NONE,T2
2026/04/24,ORD-48222,Bruschetta,Appetizers,3,7,21.00,7.5,MARY,
04/24/26,ORD-33211,French Fries,Sides,1,5,5,1.5,Sarah,T2
25.04.2026,ORD-81403,Beef Burger,Burgers,1,14,14.00,6,,T2
25.04.2026,ORD-15569,Tiramisu,Desserts,1,8,"8,00",3.00 USD,John,T1
2026/04/25,ORD-43772,Caesar Salad,Salads,1,12,12.00,4,sarah,
04/25/2026,ORD-73029,Pepperoni Pizza,Pizza,1,18,18,6,john,t3
25/04/2026,ORD-91473,Chicken Wings,Appetizers,1,10,10.0%,4,MARY,t3
25/04/26,ORD-37499,Beef Burger,Burgers,2,14,28,12,,none
25-04-2026,ORD-33084,Soda,Drinks,3,3,9.00,₺1.50,MARY,t3
25/04/26,ORD-16366,Caesar Salad,Salads,3,12,36,12,John,
2026/04/25,ORD-65517,Pepperoni Pizza,Pizza,1,18,18,6,john,T1
,ORD-22921,Bruschetta,Appetizers,1,7,"7,00",2.5,--,T5
04/25/2026,ORD-69535,Caesar Salad,Salads,2,12,24,8.00,MARY,T5
04/25/26,ORD-54892,  Chicken Wings  ,Appetizers,1,10,10,4,John,t3
2026-04-25,ORD-57556,Pepperoni Pizza,Pizza,2,18,36,12,MARY,
25-04-2026,ORD-84862,Bruschetta,Appetizers,2,7,14.00 USD,5.0,sarah,nan
04/25/26,ORD-42248,  Caesar Salad  ,Salads,1,12,12,4,-,T1
25-04-2026,ORD-64107,Beef Burger,Burgers,1,14,14.00,6,-,T1
04/25/26,ORD-75788,Tiramisu,Desserts,2,8,$16.00,6,null,NULL
04/25/2026,ORD-67457,Bruschetta,Appetizers,2,7,14,5.0,NONE,T1
25-04-2026,ORD-21491,Soda,Drinks,3,3,9,1.5,sarah,
04/25/26,ORD-74330,French Fries,Sides,1,5,5.00,1.5%,sarah,T1
25.04.2026,ORD-97315,Caesar Salad,Salads,3,12,36,12,sarah,T5
25 Apr 2026,ORD-37035,Tiramisu,Desserts,1,8,8,3.00,MARY,
25 Apr 2026,ORD-44002,Tiramisu,Desserts,1,8,8,3,sarah,T2
25/04/26,ORD-79309,Caesar Salad,Salads,1,12,12,NONE,sarah,t3
25/04/26,ORD-62977,Beef Burger,Burgers,1,14,14.00,6,MARY,
25/04/2026,ORD-22526,Chicken Wings,Appetizers,1,10,N/A,4.00,,T5
25/04/26,ORD-99889,Tiramisu,Desserts,1,8,8.00,3,n/a,t3
04/25/26,ORD-10231,Beef Burger,Burgers,3,14,42.00,18,--,T1
25/04/2026,ORD-86194,COFFEE,Drinks,3,4,12,3,john,T1
25 Apr 2026,ORD-32245,Tiramisu,Desserts,3,8,24,9.00,John,--
2026-04-25,ORD-60221,French Fries,Sides,3,5,15,NULL,John,NA
25/04/2026,ORD-55960,Beef Burger,Burgers,3,14,42,18,John,T1
2026/04/25,ORD-18279,French Fries,Sides,2,5,10.00,3.00 USD,NA,t3
null,ORD-12184,Pepperoni Pizza ,Pizza,3,18,54.00,18.00 EUR,NA,t3
"Apr 25, 2026",ORD-75247,Chicken Wings,Appetizers,3,10,30,12,NA,
"Apr 25, 2026",ORD-18807,Coffee,Drinks,3,4,€12.00,3,,T2
"Apr 25, 2026",ORD-25331,French Fries,Sides,3,5,15.00,4.5,Sarah,T1
25.04.2026,ORD-60336,Tiramisu,Desserts,1,8,8,3.00,sarah,--
25 Apr 2026,ORD-74470,  Pepperoni Pizza  ,Pizza,3,18,54,18,MARY,T5
2026-04-25,ORD-86684,Soda,Drinks,3,3,9.00,1.50,NULL,T2
25/04/26,ORD-94453,Bruschetta,Appetizers,2,7,14,5.0,-,T2
2026/04/25,ORD-65158,Coffee,Drinks,3,4,12,3,john,
"Apr 25, 2026",ORD-22193,Bruschetta,Appetizers,2,7,14,5.0,John,T5
04/25/26,ORD-34786,Bruschetta,Appetizers,1,7,7,2.5%,john,
2026-04-25,ORD-55794,Tiramisu,Desserts,2,8,16,"6,00",Sarah,t3
25.04.2026,ORD-18357,Caesar Salad,Salads,2,12,24.00,8.00,sarah,none
2026/04/25,ORD-68992,  Bruschetta  ,Appetizers,1,7,7,2.5,John,T1
"Apr 25, 2026",ORD-80491,Margherita Pizza,Pizza,2,15,30,10,john,T2
04/25/26,ORD-98107,French Fries,Sides,3,5,15,4.50,sarah,t3
25/04/2026,ORD-57397,Pepperoni Pizza,Pizza,3,18,54.00,18.0%,john,T1
25/04/26,ORD-48901,Chicken Wings,Appetizers,3,10,30,12,John,T1
04/25/26,ORD-73032,Caesar Salad,Salads,2,12,24,8,John,T2
2026-04-25,ORD-36283,Bruschetta,Appetizers,3,7,21,7.5,,T5
25 Apr 2026,ORD-25774,Chicken Wings,Appetizers,3,10,30,12.00 TRY,john,T1
2026-04-25,ORD-32037,Bruschetta,Appetizers,2,7,-,5.00,John,nan
04/25/26,ORD-73186,Margherita Pizza,Pizza,1,15,15,5,Sarah,
25-04-2026,ORD-31015,Beef Burger,Burgers,2,14,28.0%,12,MARY,T1
25-04-2026,ORD-45918,bruschetta,Appetizers,1,7,7,2.5,Sarah,T2
25/04/2026,ORD-58296,Soda,Drinks,3,3,9,1.5,,T5
04/25/26,ORD-98702,French Fries,Sides,3,5,15.00,4.5,,
25/04/26,ORD-29705,Soda,Drinks,3,3,9.00,NA,Sarah,N/A
25/04/2026,ORD-67075,Margherita Pizza,Pizza,2,15,30,"10,00",NULL,T2
2026-04-25,ORD-83791,Beef Burger,Burgers,3,14,42.00 TRY,18,nan,T5
2026-04-25,ORD-10915,Beef  Burger,Burgers,1,14,14.00,6,Sarah,T1
04/25/26,ORD-66821,Coffee,Drinks,1,4,4,1,John,T1
25 Apr 2026,ORD-30379,Beef  Burger,Burgers,3,14,NA,18,MARY,T1
25 Apr 2026,ORD-75317,Margherita Pizza,Pizza,1,15,15,5,sarah,
"Apr 25, 2026",ORD-89072,Soda,Drinks,2,3,6,1.0,john,T5
2026-04-25,ORD-36609,Bruschetta,Appetizers,2,7,14,5.00,,T1
"Apr 25, 2026",ORD-98748,Caesar Salad,Salads,1,12,12,4,John,T1
"Apr 25, 2026",ORD-89854,Bruschetta,Appetizers,3,7,21,7.5,john,T5
25/04/2026,ORD-89083,Chicken Wings,Appetizers,1,10,10,4.00,john,T2
2026-04-25,ORD-62135,Tiramisu,Desserts,2,8,n/a,6,sarah,
NULL,ORD-65485,Caesar Salad,Salads,2,12,24,n/a,MARY,T1
2026-04-25,ORD-83106,Tiramisu,Desserts,3,8,,9,nan,null
25.04.2026,ORD-15247,Chicken Wings,Appetizers,1,10,10,4,Sarah,T2
2026-04-25,ORD-72244,Bruschetta,Appetizers,1,7,7,2.5,Sarah,T1
25.04.2026,ORD-89204,Tiramisu,Desserts,2,8,16,6,MARY,t3
25/04/2026,ORD-20174,Pepperoni Pizza,Pizza,1,18,18,6,sarah,null
25.04.2026,ORD-92059,Soda,Drinks,3,3,9,1.5,null,t3
25/04/26,ORD-39663,Pepperoni Pizza,Pizza,3,18,54.00,18,John,T5
2026/04/25,ORD-10697,Soda,Drinks,2,3,6,1.0,sarah,
2026-04-25,ORD-94347,Margherita Pizza,Pizza,3,15,45,15,john,T2
25-04-2026,ORD-63779,Chicken Wings,Appetizers,1,10,10,4.00 EUR,MARY,
25 Apr 2026,ORD-98701,French Fries,Sides,3,5,15.00,4.5,John,T2
"Apr 25, 2026",ORD-82189,Caesar Salad,Salads,1,12,12,4,Sarah,T1
"Apr 25, 2026",ORD-91172,Coffee,Drinks,1,4,"4,00",1,,
25 Apr 2026,ORD-99683,Tiramisu,Desserts,3,8,24,9,null,T2
25/04/2026,ORD-89971,Soda,Drinks,2,3,6,"1,00",John,T5
25 Apr 2026,ORD-93588,Caesar Salad,Salads,2,12,24,8.00,John,T2
25-04-2026,ORD-90282,Coffee,Drinks,2,4,$8.00,2,sarah,T5
25-04-2026,ORD-40736,Margherita Pizza,Pizza,2,15,30,₺10.00,john,
04/25/26,ORD-71458,Margherita Pizza,Pizza,2,15,30,10.00 TRY,john,t3
"Apr 25, 2026",ORD-21278,Tiramisu,Desserts,3,8,24,9.00,,T2
n/a,ORD-92809,Tiramisu,Desserts,2,8,16.00 EUR,6,john,
n/a,ORD-89082,Soda,Drinks,3,3,9.00,1.5,,T2
26/04/2026,ORD-37323,Chicken Wings,Appetizers,1,10,10.00,4,Sarah,NONE
26/04/2026,ORD-66629,Chicken Wings,Appetizers,2,10,20.00,8,Sarah,
null,ORD-89394,beef burger,Burgers,1,14,€14.00,6,,T5
2026/04/26,ORD-76673,French Fries,Sides,3,5,15,n/a,MARY,
04/26/2026,ORD-73873,Bruschetta,Appetizers,3,7,21,7.50,john,t3
"Apr 26, 2026",ORD-28047,Tiramisu,Desserts,1,8,8,3,sarah,T1
04/26/26,ORD-30743,Margherita Pizza,Pizza,2,15,30.00,n/a,,t3
26 Apr 2026,ORD-38042,Coffee,Drinks,1,4,4.00 USD,1,sarah,--
26 Apr 2026,ORD-22919,Margherita Pizza,Pizza,3,15,45,15,none,t3
04/26/2026,ORD-55314,CHICKEN WINGS,Appetizers,1,10,10.00,4,sarah,T2
none,ORD-67797,French Fries,Sides,1,5,5.00 EUR,1.5,sarah,n/a
26/04/2026,ORD-94656,Tiramisu,Desserts,3,8,24,€9.00,,N/A
26/04/26,ORD-44022,Soda,Drinks,2,3,6,1.0,NA,t3
04/26/26,ORD-27293,  French Fries  ,Sides,2,5,10,3.00 EUR,Sarah,
26-04-2026,ORD-62400,Soda,Drinks,2,3,6,1.0,sarah,
2026-04-26,ORD-18292,Chicken Wings,Appetizers,2,10,20,8.00 EUR,John,-
04/26/26,ORD-64821,Tiramisu,Desserts,1,8,8,3,john,T2
04/26/26,ORD-24452,French Fries,Sides,1,5,5,1.5,John,
26-04-2026,ORD-77894,  French Fries  ,Sides,1,5,5,1.5,John,
26-04-2026,ORD-73548,Coffee,Drinks,3,4,12.0%,3,sarah,T2
04/26/2026,ORD-78780,Margherita Pizza,Pizza,1,15,15,5,sarah,-
26 Apr 2026,ORD-41690,Pepperoni Pizza,Pizza,1,18,18.00 TRY,6,MARY,
04/26/2026,ORD-11558,Pepperoni Pizza,Pizza,1,18,18.0%,6,,T1
04/26/2026,ORD-16538,Bruschetta,Appetizers,1,7,7,2.5,Sarah,T5
26/04/2026,ORD-53841,Margherita Pizza,Pizza,2,15,30,10,--,T5
"Apr 26, 2026",ORD-34248,Margherita Pizza,Pizza,1,15,15,"5,00",john,t3
NULL,ORD-69781,  Coffee  ,Drinks,1,4,4,1.00,MARY,
"Apr 26, 2026",ORD-32386,Margherita Pizza,Pizza,2,15,30,10.00 USD,,T2
2026/04/26,ORD-61554,French Fries,Sides,1,5,5.00,1.5,MARY,t3
2026-04-26,ORD-96685,French Fries,Sides,3,5,15.00,4.5,john,T2
nan,ORD-63213,Soda,Drinks,1,3,3.00,0.5,MARY,T1
26 Apr 2026,ORD-62821,Soda,Drinks,1,3,3,0.5,Sarah,
2026-04-26,ORD-17569,BRUSCHETTA,Appetizers,1,7,7.0%,2.5,John,NA
04/26/2026,ORD-72062,Soda,Drinks,2,3,6.00,1.0,Sarah,
04/26/26,ORD-45275,Bruschetta,Appetizers,2,7,14,5.0,MARY,T2
2026/04/26,ORD-72356,Soda,Drinks,1,3,3.00 EUR,0.5,,T1
N/A,ORD-87043,Bruschetta,Appetizers,2,7,14.00,5.00,--,
04/26/26,ORD-80836,French Fries,Sides,3,5,15,4.5,MARY,-
2026/04/26,ORD-75809,  Coffee  ,Drinks,1,4,4,1.00,,T5
--,ORD-32474,Caesar Salad,Salads,2,12,24,8,none,
26/04/26,ORD-72655,Beef Burger,Burgers,2,14,28,12.00,N/A,-
04/26/2026,ORD-49313,Chicken Wings,Appetizers,3,10,30.00,12,John,t3
2026-04-26,ORD-99962,  Soda  ,Drinks,3,3,9,1.5,nan,
"Apr 26, 2026",ORD-81573,Tiramisu,Desserts,1,8,"8,00",3.00,,T1
NA,ORD-16180,Bruschetta,Appetizers,1,7,7,2.5,sarah,
04/26/2026,ORD-48881,Soda,Drinks,3,3,9,€1.50,Sarah,
26.04.2026,ORD-50699,Soda,Drinks,3,3,£9.00,1.5,john,T1
2026/04/26,ORD-60041,Pepperoni Pizza,Pizza,2,18,36,12.00 EUR,MARY,null
26/04/2026,ORD-29333,COFFEE,Drinks,2,4,8,2,Sarah,T1
04/26/2026,ORD-62830,Coffee,Drinks,3,4,12,3,Sarah,T2
26/04/2026,ORD-49493,Bruschetta,Appetizers,2,7,14,5.0,MARY,t3
"Apr 26, 2026",ORD-86732,Beef Burger,Burgers,3,14,42.00,18.00 EUR,NULL,t3
26/04/2026,ORD-43389,Caesar Salad,Salads,3,12,36,"12,00",sarah,
26/04/26,ORD-92316,Pepperoni Pizza,Pizza,2,18,36,12,sarah,T5
2026/04/26,ORD-28893,Beef Burger,Burgers,3,14,42.00,,john,
26 Apr 2026,ORD-77494,Beef Burger,Burgers,3,14,42.00 EUR,18,-,T1
26/04/26,ORD-75272,Bruschetta,Appetizers,3,7,21,7.5,john,--
26-04-2026,ORD-28309,Margherita Pizza,Pizza,1,15,15.0%,5,John,n/a
26/04/2026,ORD-21136,Tiramisu,Desserts,2,8,16.0%,6,Sarah,T5
2026/04/26,ORD-47208,Beef Burger,Burgers,3,14,42.00,18,john,T1
26 Apr 2026,ORD-78173,Soda,Drinks,1,3,$3.00,0.50,sarah,n/a
26/04/2026,ORD-18533,Caesar Salad,Salads,3,12,36,12.00 EUR,John,t3
26/04/2026,ORD-22833,Margherita Pizza,Pizza,1,15,none,5,,T5
2026/04/26,ORD-10335,Chicken Wings,Appetizers,2,10,20.0%,8.00,N/A,T1
26/04/26,ORD-46572,Tiramisu,Desserts,3,8,24.00,9.0%,john,T5
2026-04-26,ORD-69864,Beef Burger,Burgers,1,14,14.0%,6.00 EUR,sarah,T5
26.04.2026,ORD-19682,Coffee ,Drinks,3,4,12,3,MARY,T1
26/04/26,ORD-70749,Coffee,Drinks,2,4,8.00,2,John,T5
26/04/26,ORD-97684,Bruschetta,Appetizers,3,7,null,7.5,john,T1
26/04/26,ORD-89098,French Fries,Sides,1,5,5,NA,Sarah,t3
2026/04/26,ORD-37290,French Fries,Sides,3,5,15,4.5,MARY,T1
26/04/2026,ORD-36808,Tiramisu,Desserts,2,8,16,6,John,t3
2026-04-27,ORD-52868,Soda,Drinks,3,3,9,1.5,sarah,T2
27.04.2026,ORD-95055,Pepperoni Pizza,Pizza,1,18,18.00,6.00 TRY,Sarah,T2
27.04.2026,ORD-97058,Chicken Wings,Appetizers,1,10,10.00 EUR,€4.00,MARY,
27-04-2026,ORD-49122,Margherita Pizza,Pizza,1,15,NULL,5,sarah,
27.04.2026,ORD-76019,Soda,Drinks,2,3,6.00,1.0,MARY,null
2026/04/27,ORD-88664,Bruschetta,Appetizers,3,7,"21,00",7.50 EUR,nan,T1
27/04/2026,ORD-72316,Chicken Wings,Appetizers,2,10,20,8,,
04/27/26,ORD-72176,soda,Drinks,1,3,3,0.5,sarah,T2
04/27/26,ORD-36245,Chicken Wings,Appetizers,2,10,"20,00",8,sarah,T5
04/27/2026,ORD-45595,Margherita Pizza,Pizza,1,15,,5,MARY,T5
27/04/2026,ORD-35984,Coffee,Drinks,1,4,"4,00",1,none,NONE
27-04-2026,ORD-98789,Tiramisu,Desserts,1,8,8,3,John,T5
27/04/2026,ORD-75401,Bruschetta,Appetizers,1,7,7,2.50 TRY,,null
2026/04/27,ORD-11928,Soda,Drinks,2,3,6,1.0,John,T5
27/04/26,ORD-62890,Tiramisu,Desserts,3,8,24.00,9,sarah,nan
27.04.2026,ORD-82998,Coffee,Drinks,3,4,12,3.00 TRY,john,
27/04/2026,ORD-98489,Caesar Salad,Salads,3,12,36,12,sarah,T5
04/27/2026,ORD-17775,Coffee,Drinks,3,4,12,3.00,sarah,T2
27/04/26,ORD-72714,Pepperoni Pizza,Pizza,2,18,36.00,12,MARY,t3
04/27/26,ORD-97783,Caesar Salad,Salads,1,12,12,4,MARY,t3
"Apr 27, 2026",ORD-43031,Pepperoni Pizza,Pizza,2,18,36,12.00,,T2
"Apr 27, 2026",ORD-25799,Beef Burger,Burgers,1,14,14.00,6,,t3
04/27/2026,ORD-54083,Soda,Drinks,3,3,9.00 EUR,1.5,,
"Apr 27, 2026",ORD-97854,Chicken Wings,Appetizers,3,10,30.00,12,john,T1
27-04-2026,ORD-37259,Caesar Salad,Salads,3,12,36,12,John,
2026/04/27,ORD-17329,Beef Burger,Burgers,3,14,42,null,,T5
27-04-2026,ORD-63829,COFFEE,Drinks,3,4,12.0%,3,john,T1
"Apr 27, 2026",ORD-81412,Soda,Drinks,3,3,9.00 EUR,1.5,,T1
2026/04/27,ORD-22071,Pepperoni Pizza,Pizza,3,18,54,18,john,T5
28/04/26,ORD-25362,Bruschetta,Appetizers,2,7,14,5.00 TRY,John,t3
28.04.2026,ORD-93427,Chicken Wings,Appetizers,3,10,30,12.00,Sarah,T1
2026-04-28,ORD-64198,Tiramisu,Desserts,2,8,€16.00,6,MARY,
28-04-2026,ORD-44024,French Fries,Sides,1,5,5.00 USD,1.5,,T1
28/04/26,ORD-65096,Margherita Pizza,Pizza,2,15,30,10.00,Sarah,T5
04/28/26,ORD-12339,Beef Burger,Burgers,3,14,42,18.00,Sarah,T5
2026/04/28,ORD-22960,Pepperoni Pizza,Pizza,1,18,18,6,John,t3
04/28/2026,ORD-90794,Bruschetta,Appetizers,1,7,7.00,2.50,n/a,t3
"Apr 28, 2026",ORD-39986,Tiramisu,Desserts,3,8,24,9,Sarah,t3
04/28/2026,ORD-24059,Bruschetta,Appetizers,1,7,7,2.50,sarah,null
28.04.2026,ORD-65980,Pepperoni Pizza,Pizza,3,18,54.00 TRY,18,,T1
28/04/26,ORD-46831,French Fries,Sides,3,5,"15,00",4.5,MARY,t3
28/04/2026,ORD-87542,Soda,Drinks,2,3,6,1.00 EUR,Sarah,T5
28/04/2026,ORD-18809,Bruschetta,Appetizers,2,7,14,5.0,--,T5
28/04/26,ORD-99953,Pepperoni Pizza,Pizza,1,18,18.0%,6.00 TRY,,T1
28 Apr 2026,ORD-71165,Chicken Wings,Appetizers,1,10,10,4,Sarah,T5
04/28/2026,ORD-56155,Tiramisu,Desserts,1,8,8,"3,00",sarah,T1
2026/04/28,ORD-99351,Coffee,Drinks,2,4,€8.00,2,,T1
28.04.2026,ORD-49115,Soda ,Drinks,3,3,9.00 USD,1.5,Sarah,T1
04/28/2026,ORD-90973,Beef  Burger,Burgers,3,14,42,18.00,,T5
2026-04-28,ORD-92989,Caesar Salad,Salads,2,12,24,8.0%,John,T1
n/a,ORD-91002,Chicken Wings,Appetizers,1,10,10.00 USD,4.00,john,T1
28-04-2026,ORD-58891,  Bruschetta  ,Appetizers,2,7,14,5.0,john,
28.04.2026,ORD-54322,Soda,Drinks,1,3,null,0.5,,T1
28/04/2026,ORD-14786,Pepperoni Pizza,Pizza,3,18,NA,18,MARY,T5
28/04/26,ORD-97889,Caesar Salad,Salads,1,12,12,4,John,n/a
04/28/26,ORD-95908,Coffee,Drinks,3,4,12,3.00,john,t3
28/04/2026,ORD-57463,Coffee,Drinks,2,4,8,2,John,
2026/04/28,ORD-90515,Pepperoni Pizza,Pizza,2,18,36,12,sarah,nan
28-04-2026,ORD-83262,Coffee,Drinks,1,4,4,1,john,T2
04/28/26,ORD-51304,Chicken Wings,Appetizers,3,10,₺30.00,12,sarah,T5
28 Apr 2026,ORD-53364,  Chicken Wings  ,Appetizers,3,10,30,12,MARY,T1
28-04-2026,ORD-32001,Bruschetta,Appetizers,1,7,,2.5,john,T2
2026/04/28,ORD-97274,Tiramisu,Desserts,2,8,16,6.00,john,T1
2026-04-28,ORD-84077,Beef Burger,Burgers,1,14,14,6,John,T2
04/28/2026,ORD-61658,Tiramisu,Desserts,1,8,8,₺3.00,john,T2
04/28/2026,ORD-19229,French Fries,Sides,1,5,5,1.5,Sarah,T1
28/04/26,ORD-62252,Caesar Salad,Salads,3,12,"36,00",12.00,John,T1
--,ORD-90671,Bruschetta,Appetizers,1,7,7,2.5,MARY,T2
04/28/26,ORD-23718,Caesar Salad,Salads,1,12,£12.00,4,john,t3
28/04/26,ORD-52058,French Fries,Sides,3,5,15.0%,4.5,John,t3
28 Apr 2026,ORD-22181,Caesar Salad,Salads,2,12,24,8,sarah,T1
28/04/2026,ORD-30190,Caesar Salad,Salads,3,12,36.00,12.0%,john,-
04/28/2026,ORD-63411,Tiramisu,Desserts,3,8,24,9.0%,John,T1
"Apr 29, 2026",ORD-71965,French Fries,Sides,2,5,10,3.0,N/A,T5
29/04/26,ORD-66787,Caesar Salad,Salads,1,12,12.00,4.0%,null,t3
04/29/26,ORD-94119,Margherita Pizza ,Pizza,3,15,45.00 EUR,15,MARY,
04/29/26,ORD-11820,French Fries,Sides,2,5,10,3.0,sarah,T2
2026-04-29,ORD-63309,Pepperoni Pizza,Pizza,3,18,54.00,18,,t3
2026-04-29,ORD-76940,Bruschetta,Appetizers,3,7,21.00,7.5,john,T1
29/04/2026,ORD-64171,Margherita Pizza,Pizza,1,15,$15.00,5.00,sarah,T2
29 Apr 2026,ORD-79792,Soda,Drinks,1,3,none,0.5,MARY,T5
04/29/26,ORD-56445,Margherita Pizza,Pizza,1,15,15.00,5,,T1
2026/04/29,ORD-36714,Beef Burger,Burgers,1,14,14,6.00,NULL,T5
,ORD-61269,Beef Burger,Burgers,2,14,28,nan,Sarah,t3
29.04.2026,ORD-24634,CAESAR SALAD,Salads,1,12,12.00 USD,4.00,,T5
-,ORD-64276,Caesar Salad,Salads,2,12,24,8.0%,john,
29.04.2026,ORD-85292,BEEF BURGER,Burgers,1,14,14,6,Sarah,T2
"Apr 29, 2026",ORD-87520,Pepperoni Pizza,Pizza,3,18,54.00 TRY,18.00,sarah,T5
04/29/26,ORD-90129,Bruschetta,Appetizers,3,7,21.00,7.5%,nan,t3
29 Apr 2026,ORD-15091,Tiramisu,Desserts,1,8,8,3,John,
04/29/26,ORD-38075,Soda,Drinks,1,3,3,0.5,-,T1
30 Apr 2026,ORD-79953,Pepperoni Pizza,Pizza,2,18,36.00,12.00 EUR,Sarah,T2
04/30/2026,ORD-36337,Chicken Wings,Appetizers,2,10,20,"8,00",John,t3
30-04-2026,ORD-10673,Soda,Drinks,3,3,n/a,"1,50",MARY,-
30 Apr 2026,ORD-34550,Bruschetta,Appetizers,3,7,21,7.5,sarah,nan
30/04/2026,ORD-18417,Margherita Pizza,Pizza,3,15,45,15,john,
30.04.2026,ORD-25569,Margherita Pizza,Pizza,1,15,15,5.00,John,
30 Apr 2026,ORD-85097,Bruschetta,Appetizers,1,7,7,2.5,,
04/30/26,ORD-80810,Coffee,Drinks,1,4,4.00 EUR,1,NA,T5
30.04.2026,ORD-18947,Bruschetta,Appetizers,2,7,14,5.0,Sarah,T1
2026/04/30,ORD-35957,Bruschetta,Appetizers,1,7,7,2.5,,T2
04/30/2026,ORD-56297,Caesar Salad,Salads,3,12,36,12,john,T2
2026/04/30,ORD-29666,French Fries ,Sides,2,5,10.00,3.00,Sarah,
04/30/2026,ORD-23310,Beef Burger,Burgers,3,14,42,"18,00",NA,T5
04/30/26,ORD-36390,Caesar Salad,Salads,2,12,24,8,sarah,NONE
2026/04/30,ORD-32460,Pepperoni Pizza,Pizza,3,18,,18,N/A,t3
04/30/2026,ORD-75528,MARGHERITA PIZZA,Pizza,3,15,45,15,sarah,T2
null,ORD-12840,Coffee,Drinks,2,4,"8,00",2,John,T1
-,ORD-90709,Chicken Wings,Appetizers,2,10,20,8,john,null
30-04-2026,ORD-37610,French Fries,Sides,2,5,10,3.0,Sarah,T1
null,ORD-30395,Pepperoni Pizza,Pizza,3,18,54,18.00,John,T1
"May 01, 2026",ORD-47532,Coffee,Drinks,1,4,4,1,,NONE
01 May 2026,ORD-26558,French Fries,Sides,3,5,15.0%,4.5,John,T5
2026-05-01,ORD-99038,Beef Burger,Burgers,2,14,28,12,null,T2
05/01/2026,ORD-52629,Bruschetta,Appetizers,2,7,14.0%,5.0,NA,T1
01.05.2026,ORD-65988,Bruschetta,Appetizers,1,7,"7,00",$2.50,sarah,T5
05/01/26,ORD-22486,French Fries,Sides,1,5,5,£1.50,MARY,T1
01 May 2026,ORD-99724,  Tiramisu  ,Desserts,1,8,8,3.00,Sarah,
01 May 2026,ORD-91443,Caesar Salad,Salads,3,12,"36,00",12.00,MARY,t3
01 May 2026,ORD-92879,Beef Burger,Burgers,2,14,28,12,sarah,t3
01.05.2026,ORD-23870,Beef Burger,Burgers,1,14,14.00,6,MARY,NULL
01-05-2026,ORD-54060,Margherita Pizza,Pizza,2,15,30,10,john,t3
05/01/2026,ORD-57934,Pepperoni Pizza,Pizza,3,18,54.00,18.00,MARY,T2
"May 01, 2026",ORD-52990,Pepperoni Pizza,Pizza,3,18,54,18.00,Sarah,T1
N/A,ORD-23704,French Fries,Sides,2,5,10.0%,NA,MARY,NULL
01/05/2026,ORD-22750,Beef Burger,Burgers,3,14,42,18.0%,NULL,T1
05/01/2026,ORD-25514,Bruschetta,Appetizers,1,7,7,2.5,john,
05/01/26,ORD-62233,Coffee,Drinks,2,4,8.00,2,john,T2
"May 01, 2026",ORD-33104,French  Fries,Sides,3,5,15.0%,4.5,sarah,T5
2026/05/01,ORD-92352,Soda,Drinks,1,3,"3,00",0.5,john,t3
05/01/26,ORD-30450,pepperoni pizza,Pizza,2,18,₺36.00,12,sarah,T2
2026/05/01,ORD-92184,Chicken Wings,Appetizers,2,10,€20.00,£8.00,null,T1
01/05/26,ORD-16985,Beef Burger ,Burgers,2,14,28.0%,12,nan,T1
01/05/2026,ORD-67633,Chicken Wings,Appetizers,1,10,10,4,sarah,T2
2026/05/01,ORD-95504,Soda,Drinks,2,3,6.00,1.0%,Sarah,T2
2026/05/01,ORD-15909,Margherita Pizza,Pizza,2,15,30,10,,-
"May 01, 2026",ORD-27701,Tiramisu,Desserts,3,8,24,9.00,,T2
05/01/26,ORD-33786,Tiramisu,Desserts,3,8,24,9.00 TRY,-,-
01 May 2026,ORD-62194,Tiramisu,Desserts,3,8,24.00 TRY,9,sarah,T2
01/05/26,ORD-92023,COFFEE,Drinks,2,4,$8.00,2,John,t3
"May 01, 2026",ORD-16382,Margherita Pizza,Pizza,2,15,₺30.00,10,john,
2026/05/01,ORD-59541,Bruschetta,Appetizers,1,7,$7.00,2.50,nan,T2
NULL,ORD-76935,pepperoni pizza,Pizza,3,18,54,18.0%,,t3
01.05.2026,ORD-89883,  Caesar Salad  ,Salads,3,12,36.00,12,,T1
01/05/26,ORD-54207,Pepperoni Pizza,Pizza,3,18,54,18,sarah,T5
2026-05-01,ORD-14204,Tiramisu,Desserts,2,8,16,6,,T5
01 May 2026,ORD-65262,French Fries,Sides,3,5,15,4.5,Sarah,T2
01 May 2026,ORD-16136,Bruschetta,Appetizers,3,7,21,7.5,-,
2026/05/01,ORD-94055,French Fries,Sides,2,5,NONE,3.00,Sarah,
01/05/26,ORD-57767,Pepperoni Pizza,Pizza,2,18,36,12,Sarah,T2
01-05-2026,ORD-18821,Beef Burger,Burgers,2,14,28,"12,00",john,T1
"May 01, 2026",ORD-61626,Soda,Drinks,1,3,3.00,0.5,Sarah,T1
01/05/26,ORD-53878,Tiramisu,Desserts,2,8,16,6,,T5
01/05/2026,ORD-76570,Caesar Salad,Salads,1,12,12.00,4,Sarah,t3
01.05.2026,ORD-83318,FRENCH FRIES,Sides,2,5,10.00,3.0,john,T2
01/05/2026,ORD-41525,Soda,Drinks,1,3,3,0.5,,t3
2026/05/01,ORD-90372,Tiramisu,Desserts,1,8,8,3.0%,N/A,T2
2026/05/01,ORD-65267,Caesar Salad,Salads,3,12,36.00,12,NULL,n/a
01 May 2026,ORD-24365,French  Fries,Sides,3,5,15,4.50,null,T1
01/05/26,ORD-33741,Caesar Salad,Salads,3,12,36,12,-,
"May 01, 2026",ORD-76356,French Fries,Sides,1,5,5.0%,1.5,john,T2
01 May 2026,ORD-39076,Soda,Drinks,1,3,"3,00",0.50,N/A,T1
01-05-2026,ORD-85440,Coffee,Drinks,1,4,4,1,sarah,T5
05/01/26,ORD-26223,  Bruschetta  ,Appetizers,2,7,14,5.00,,T5
01 May 2026,ORD-12352,Tiramisu,Desserts,3,8,24,9.00,sarah,T1
01/05/2026,ORD-16395,Tiramisu,Desserts,3,8,24,9,Sarah,T2
"May 01, 2026",ORD-54702,Chicken Wings ,Appetizers,3,10,30,12.00 EUR,Sarah,t3
01.05.2026,ORD-17094,Coffee,Drinks,2,4,£8.00,2,NULL,T5
01 May 2026,ORD-16534,Tiramisu,Desserts,1,8,8,"3,00",MARY,n/a
2026-05-01,ORD-68518,Beef Burger,Burgers,2,14,28.00 TRY,12,john,T1
2026-05-01,ORD-92675,Bruschetta,Appetizers,2,7,14,5.00,Sarah,T2
01-05-2026,ORD-57725,Bruschetta,Appetizers,1,7,"7,00","2,50",MARY,T2
2026-05-01,ORD-37338,Pepperoni Pizza,Pizza,3,18,"54,00",18.00,Sarah,T5
01/05/2026,ORD-88152,Beef  Burger,Burgers,3,14,42,18,MARY,t3
05/01/2026,ORD-35578,Beef Burger,Burgers,2,14,28.00,12,,T2
01.05.2026,ORD-57883,Beef Burger,Burgers,3,14,42.00,18,sarah,T1
2026-05-01,ORD-41186,Margherita Pizza,Pizza,3,15,45.00 USD,15,--,T2
2026/05/01,ORD-46141,Bruschetta,Appetizers,1,7,7.00,2.50 EUR,john,none
2026/05/01,ORD-13668,Tiramisu,Desserts,1,8,8,3,Sarah,T2
05/02/2026,ORD-51214,BEEF BURGER,Burgers,3,14,42.00 TRY,18.00,MARY,T2
02 May 2026,ORD-80570,BRUSCHETTA,Appetizers,2,7,14,5.0,Sarah,-
--,ORD-55106,Margherita Pizza,Pizza,2,15,30.00 EUR,10,MARY,t3
N/A,ORD-63819,Bruschetta,Appetizers,2,7,"14,00",5.0,,
NA,ORD-58229,Tiramisu,Desserts,2,8,16.00,6,MARY,nan
02.05.2026,ORD-22730,Beef Burger,Burgers,3,14,€42.00,$18.00,John,
02/05/26,ORD-18669,Beef Burger,Burgers,1,14,14,6,--,T2
02/05/2026,ORD-60373,Coffee,Drinks,2,4,"8,00",2.0%,n/a,t3
"May 02, 2026",ORD-77253,SODA,Drinks,3,3,9.00,1.5,john,T2
2026/05/02,ORD-60276,Bruschetta,Appetizers,2,7,"14,00",5.0,john,T1
02/05/2026,ORD-15169,Margherita Pizza,Pizza,1,15,15.0%,5,,
2026/05/02,ORD-80399,Chicken Wings,Appetizers,2,10,20,8,sarah,t3
2026-05-02,ORD-24875,Beef Burger,Burgers,3,14,42,18,-,
05/02/2026,ORD-37874,French Fries,Sides,1,5,5.00,1.5,NA,
02-05-2026,ORD-30831,Caesar Salad,Salads,2,12,24,8,sarah,NONE
02 May 2026,ORD-30603,Pepperoni Pizza ,Pizza,2,18,36.00,12,sarah,--
02/05/26,ORD-54626,Coffee,Drinks,3,4,,3,Sarah,
02.05.2026,ORD-75091,Tiramisu,Desserts,1,8,8.00,3,sarah,T2
2026/05/02,ORD-71245,Bruschetta,Appetizers,1,7,7,2.5,Sarah,t3
"May 02, 2026",ORD-56449,  Tiramisu  ,Desserts,3,8,24,9,,T1
"May 02, 2026",ORD-15231,Beef Burger,Burgers,1,14,14.00 EUR,6,MARY,T5
"May 02, 2026",ORD-38006,Pepperoni Pizza,Pizza,1,18,18,6,,
"May 02, 2026",ORD-30968,COFFEE,Drinks,1,4,4,1,Sarah,
"May 02, 2026",ORD-33522,Soda,Drinks,2,3,6,1.00,john,T2
2026-05-02,ORD-69623,Coffee,Drinks,3,4,12.0%,3,MARY,t3
02/05/26,ORD-71477,French Fries,Sides,3,5,15,4.50 USD,John,T5
2026/05/02,ORD-95124,Bruschetta,Appetizers,2,7,14,5.0,sarah,N/A
02 May 2026,ORD-35157,bruschetta,Appetizers,2,7,"14,00",5.0,Sarah,T5
2026/05/02,ORD-51306,French Fries,Sides,1,5,5,1.5,MARY,T2
05/02/26,ORD-30996,PEPPERONI PIZZA,Pizza,1,18,₺18.00,6,Sarah,T2
2026/05/02,ORD-89663,Caesar Salad,Salads,3,12,36,12,sarah,T1
02/05/26,ORD-92581,Beef Burger,Burgers,1,14,14.00 USD,6,MARY,
2026-05-02,ORD-55470,Tiramisu,Desserts,3,8,24,₺9.00,sarah,
02.05.2026,ORD-30223,Coffee,Drinks,1,4,4,1.00 TRY,Sarah,T2
none,ORD-16972,French Fries,Sides,2,5,10.00,3.0,,nan
02/05/2026,ORD-17085,Margherita Pizza,Pizza,2,15,30,10.00,--,t3
05/02/2026,ORD-44348,Beef Burger,Burgers,3,14,42,18,NONE,nan
2026/05/02,ORD-63273,Coffee,Drinks,3,4,12,3.00,nan,t3
"May 02, 2026",ORD-35969,Beef Burger,Burgers,2,14,28.0%,12,Sarah,T5
05/02/2026,ORD-89932,Soda,Drinks,1,3,3,0.50 USD,MARY,nan
2026-05-02,ORD-38935,Pepperoni Pizza,Pizza,1,18,"18,00",6,sarah,T1
05/02/26,ORD-73365,Soda,Drinks,3,3,9,1.5%,Sarah,T2
05/02/26,ORD-57258,Pepperoni Pizza,Pizza,3,18,54,18,John,
"May 02, 2026",ORD-46408,Caesar Salad,Salads,3,12,36,12.00 USD,john,--
02-05-2026,ORD-50418,french fries,Sides,3,5,15,4.5%,MARY,T5
"May 02, 2026",ORD-90770,Soda,Drinks,2,3,6.00 TRY,1.00,john,t3
02/05/2026,ORD-14183,Tiramisu,Desserts,3,8,24,9.00,Sarah,T1
02.05.2026,ORD-44843,Coffee,Drinks,2,4,8.0%,2,,T1
02/05/2026,ORD-63252,Bruschetta,Appetizers,1,7,7.00 EUR,2.5,john,T2
2026-05-02,ORD-89722,Tiramisu ,Desserts,3,8,€24.00,9.00 USD,--,NONE
05/02/26,ORD-28369,Margherita Pizza,Pizza,3,15,45.0%,15.00,nan,
2026-05-02,ORD-86179,soda,Drinks,1,3,3,0.5,,NA
02.05.2026,ORD-81210,Chicken Wings ,Appetizers,1,10,10,4,MARY,T5
02/05/2026,ORD-71545,Chicken  Wings,Appetizers,3,10,30,12,,T5
02 May 2026,ORD-29735,Soda,Drinks,3,3,NULL,1.50,nan,T2
02.05.2026,ORD-78642,Bruschetta,Appetizers,3,7,21,7.5,Sarah,T5
02 May 2026,ORD-11551,Bruschetta,Appetizers,3,7,21,7.5,John,t3
02 May 2026,ORD-89576,Tiramisu,Desserts,2,8,16,6.00,n/a,T1
02.05.2026,ORD-62165,Chicken Wings,Appetizers,1,10,$10.00,4.00 USD,sarah,null
02/05/26,ORD-98527,Caesar Salad,Salads,1,12,12,4,Sarah,T2
05/02/2026,ORD-29050,Bruschetta,Appetizers,1,7,7,2.5,,
2026-05-02,ORD-37782,  Chicken Wings  ,Appetizers,1,10,10.00,4.00,sarah,
05/02/2026,ORD-58685,Margherita Pizza,Pizza,2,15,30,10.00,,T2
02 May 2026,ORD-32873,Beef Burger ,Burgers,1,14,14.00,6.00,,N/A
"May 02, 2026",ORD-81357,Beef Burger,Burgers,1,14,"14,00",6,,T5
02/05/2026,ORD-74342,coffee,Drinks,2,4,8,2,john,t3
03.05.2026,ORD-41427,Tiramisu,Desserts,1,8,"8,00",3,sarah,NA
03/05/2026,ORD-13654,Coffee,Drinks,3,4,12.00 TRY,3.00 USD,null,T5
03-05-2026,ORD-37780,French Fries,Sides,3,5,15.00 USD,4.5,Sarah,T2
03/05/2026,ORD-19439,Chicken Wings,Appetizers,2,10,20,8,nan,T2
05/03/2026,ORD-34078,Soda,Drinks,1,3,-,0.50,John,
,ORD-29059,French Fries,Sides,1,5,5,1.5,MARY,NONE
2026-05-03,ORD-73297,Chicken Wings,Appetizers,1,10,10,4.0%,John,T1
2026/05/03,ORD-27184,Tiramisu,Desserts,3,8,"24,00",9,john,T1
2026-05-03,ORD-96606,Chicken Wings,Appetizers,3,10,30,12,MARY,t3
"May 03, 2026",ORD-31477,Bruschetta,Appetizers,3,7,21,7.5,Sarah,
03/05/26,ORD-30218,Chicken Wings,Appetizers,1,10,10,4.00,John,T2
"May 03, 2026",ORD-94762,  Pepperoni Pizza  ,Pizza,1,18,18,6.0%,MARY,nan
,ORD-10795,Margherita Pizza,Pizza,1,15,15,5.00,john,T5
2026-05-03,ORD-92082,Bruschetta,Appetizers,1,7,7,2.50,MARY,T2
03/05/2026,ORD-90049,Pepperoni Pizza,Pizza,1,18,"18,00",6,,
03-05-2026,ORD-87907,SODA,Drinks,3,3,9,1.5,-,NONE
05/03/26,ORD-70984,Tiramisu,Desserts,3,8,24,9,,
03/05/26,ORD-55961,Caesar Salad,Salads,3,12,36,£12.00,john,T1
2026/05/03,ORD-45124,Beef Burger,Burgers,3,14,42.00,18.00,John,
03/05/2026,ORD-37260,Coffee,Drinks,2,4,8,2,sarah,T5
03-05-2026,ORD-58209,Chicken Wings,Appetizers,3,10,30,12,,T1
"May 03, 2026",ORD-62877,Tiramisu,Desserts,3,8,--,9.00 USD,MARY,t3
05/03/26,ORD-89630,Coffee,Drinks,3,4,12.00,3,Sarah,T1
"May 03, 2026",ORD-65367,Caesar Salad,Salads,2,12,24,NULL,none,T2
03 May 2026,ORD-95539,Tiramisu,Desserts,1,8,8,3,MARY,T5
2026/05/03,ORD-63782,Coffee,Drinks,3,4,12.00 USD,3,,
03/05/26,ORD-89102,Bruschetta,Appetizers,1,7,7,2.5,MARY,T2
03-05-2026,ORD-16895,Soda,Drinks,2,3,"6,00",₺1.00,john,T1
03/05/2026,ORD-73010,Bruschetta,Appetizers,3,7,21.00,7.5,john,T2
03/05/26,ORD-76240,Coffee,Drinks,1,4,4,1,,
2026/05/03,ORD-75240,coffee,Drinks,3,4,12,3,Sarah,T2
03/05/26,ORD-30065,French Fries,Sides,1,5,5,1.5,MARY,
"May 03, 2026",ORD-39133,french fries,Sides,2,5,10,"3,00",sarah,T1
05/03/26,ORD-82649,Caesar Salad,Salads,2,12,"24,00",8,MARY,--
2026/05/03,ORD-26853,  Coffee  ,Drinks,2,4,8,2,sarah,
03/05/2026,ORD-79490,Caesar Salad,Salads,3,12,36,12.00,MARY,
05/03/26,ORD-26095,Coffee,Drinks,3,4,12.0%,"3,00",sarah,T1
03-05-2026,ORD-85634,Margherita Pizza,Pizza,2,15,30,10,,T5
03/05/2026,ORD-67449,Coffee,Drinks,2,4,8,2.00,John,T5
05/03/26,ORD-70540,Chicken Wings,Appetizers,2,10,NA,8,Sarah,T1
03.05.2026,ORD-56448,Pepperoni Pizza,Pizza,1,18,18,6,john,
03-05-2026,ORD-26640,Caesar Salad,Salads,2,12,24,8,john,T5
05/03/2026,ORD-64112,Caesar Salad,Salads,3,12,36.00,12.00,Sarah,
03.05.2026,ORD-40111,Pepperoni Pizza,Pizza,3,18,54,18,-,t3
03.05.2026,ORD-27221,Tiramisu,Desserts,1,8,"8,00",3.00,Sarah,T2
03 May 2026,ORD-37503,Margherita Pizza,Pizza,1,15,₺15.00,5,Sarah,T5
NA,ORD-91798,Beef Burger,Burgers,2,14,28,12,,T5
05/03/26,ORD-88769,Tiramisu,Desserts,3,8,24.0%,9,N/A,t3
"May 03, 2026",ORD-48627,Margherita Pizza,Pizza,2,15,30.00,10,john,T1
2026-05-03,ORD-42133,French Fries,Sides,3,5,15,4.5,john,
2026-05-03,ORD-20955,Tiramisu,Desserts,3,8,"24,00",9,,T5
"May 03, 2026",ORD-48695,  Tiramisu  ,Desserts,1,8,8.00,3.0%,N/A,t3
03 May 2026,ORD-84465,Bruschetta,Appetizers,2,7,14,5.00,nan,
2026/05/03,ORD-21317,Caesar Salad,Salads,2,12,24,8,sarah,T5
"May 03, 2026",ORD-48807,Coffee,Drinks,1,4,4,1,MARY,
05/03/2026,ORD-80305,Bruschetta,Appetizers,3,7,21,7.5,Sarah,-
03/05/26,ORD-80617,Chicken Wings,Appetizers,1,10,10,4,MARY,
"May 03, 2026",ORD-23431,Beef Burger,Burgers,2,14,28,12,Sarah,T5
05/03/26,ORD-20352,Margherita Pizza,Pizza,1,15,15,5.0%,John,t3
2026/05/03,ORD-88978,Beef Burger,Burgers,3,14,42,18,john,T1
"May 03, 2026",ORD-55395,Pepperoni Pizza,Pizza,2,18,"36,00",12,,T5
05/03/2026,ORD-25780,Chicken Wings,Appetizers,2,10,20,8.00,MARY,T5
03/05/26,ORD-18723,Bruschetta,Appetizers,2,7,14,5.0,Sarah,T5
2026-05-03,ORD-51627,Soda,Drinks,1,3,3,0.5%,john,T2
"May 03, 2026",ORD-39129,Margherita Pizza,Pizza,3,15,none,15,,T1
03/05/26,ORD-48613,Caesar Salad,Salads,2,12,₺24.00,8,MARY,t3
05/03/2026,ORD-87512,Caesar  Salad,Salads,2,12,24.00,£8.00,,NULL
03.05.2026,ORD-69118,Caesar Salad,Salads,3,12,36,"12,00",John,T5
03/05/2026,ORD-22135,Caesar Salad,Salads,1,12,12,4,,T5
03 May 2026,ORD-37885,Margherita Pizza,Pizza,1,15,15,5,John,T1
2026/05/03,ORD-30301,Tiramisu,Desserts,3,8,24,9,,T5
03/05/26,ORD-32263,Beef Burger,Burgers,1,14,14,6,Sarah,nan
"May 03, 2026",ORD-40815,Beef Burger,Burgers,3,14,42,18.00,john,T5
03/05/26,ORD-21972,  Pepperoni Pizza  ,Pizza,1,18,18,6.0%,John,T5
05/03/2026,ORD-36027,Tiramisu,Desserts,2,8,16,6.00,NA,T2
03/05/26,ORD-59400,Chicken Wings,Appetizers,3,10,30,12,john,T2
03/05/2026,ORD-43448,Margherita Pizza,Pizza,2,15,30,10.0%,John,T2
2026-05-03,ORD-66357,Soda,Drinks,2,3,6,"1,00",Sarah,T1
03 May 2026,ORD-54906,Margherita Pizza,Pizza,2,15,30.0%,"10,00",,
03/05/26,ORD-30190,  Bruschetta  ,Appetizers,3,7,21,7.5,John,t3
05/03/26,ORD-84375,  Chicken Wings  ,Appetizers,3,10,30,12,N/A,t3
"May 03, 2026",ORD-68741,Beef Burger,Burgers,1,14,14.00,6,NONE,T1
05/03/26,ORD-94574,Coffee,Drinks,1,4,4,1,MARY,T2
03.05.2026,ORD-61557,Caesar Salad,Salads,3,12,36,12,,T1
2026-05-03,ORD-39571,Bruschetta,Appetizers,1,7,7.00,"2,50",Sarah,NONE
03-05-2026,ORD-15649,French Fries,Sides,3,5,15.00 USD,4.50,sarah,T2
03/05/26,ORD-58630,French Fries,Sides,1,5,5.00 USD,1.5,Sarah,-
05/03/26,ORD-36916,Caesar Salad,Salads,3,12,36.00,"12,00",John,nan
03.05.2026,ORD-37624,Beef Burger,Burgers,2,14,28,€12.00,Sarah,
03 May 2026,ORD-85626,Bruschetta,Appetizers,1,7,7,€2.50,,T2
2026/05/03,ORD-90946,Soda,Drinks,3,3,n/a,1.5,John,T5
"May 03, 2026",ORD-52066,French Fries,Sides,1,5,null,1.50,sarah,
03 May 2026,ORD-84883,Caesar Salad,Salads,2,12,24.00 USD,8.00,MARY,T5
03/05/2026,ORD-10096,Beef Burger,Burgers,2,14,28.00,12,Sarah,-
05/03/2026,ORD-59614,Bruschetta,Appetizers,2,7,14,5.00,Sarah,
03/05/26,ORD-88832,Pepperoni Pizza,Pizza,1,18,18,6,,t3
05/04/2026,ORD-13106,Margherita Pizza,Pizza,1,15,15,£5.00,sarah,NA
04-05-2026,ORD-77492,Pepperoni Pizza,Pizza,3,18,54,18.00,John,T1
04 May 2026,ORD-97421,Chicken Wings,Appetizers,2,10,20,8,none,
2026-05-04,ORD-31888,French Fries,Sides,3,5,15.00,4.5,Sarah,NA
04 May 2026,ORD-22464,Soda,Drinks,2,3,€6.00,1.0,sarah,null
05/04/26,ORD-35033,Beef Burger,Burgers,1,14,14.00,6,,T1
2026/05/04,ORD-90685,Soda,Drinks,1,3,3.00 TRY,0.5,,t3
04.05.2026,ORD-99074,Margherita Pizza,Pizza,1,15,15,5,John,
04/05/2026,ORD-33116,Bruschetta,Appetizers,1,7,7,₺2.50,NULL,T5
04.05.2026,ORD-84248,Margherita Pizza,Pizza,2,15,30.00 USD,10.00 USD,NA,null
04 May 2026,ORD-50202,CHICKEN WINGS,Appetizers,1,10,₺10.00,4.00,Sarah,T1
2026-05-04,ORD-66741,Beef Burger,Burgers,3,14,42,18.0%,MARY,n/a
04.05.2026,ORD-58028,Tiramisu,Desserts,2,8,16,6,john,T1
2026-05-04,ORD-48980,French Fries,Sides,2,5,10,€3.00,MARY,t3
04/05/26,ORD-84883,Bruschetta,Appetizers,2,7,14.00,5.00,john,T2
05/04/2026,ORD-74670,French Fries,Sides,2,5,10,3.00,John,T2
05 May 2026,ORD-24800,French Fries,Sides,3,5,15,4.5,sarah,t3
05.05.2026,ORD-50433,Pepperoni  Pizza,Pizza,1,18,18,6.00,,T5
05.05.2026,ORD-89118,Tiramisu,Desserts,3,8,24,9,MARY,n/a
05/05/2026,ORD-90757,beef burger,Burgers,1,14,14.00,6,john,T2
05/05/2026,ORD-63141,Chicken Wings,Appetizers,3,10,30,12,John,T1
NONE,ORD-78056,Pepperoni Pizza,Pizza,2,18,--,12,John,T1
2026/05/05,ORD-33466,Coffee,Drinks,1,4,4,1,--,T2
05/05/2026,ORD-62119,Caesar Salad,Salads,3,12,36,12.00,John,nan
05.05.2026,ORD-73545,Tiramisu,Desserts,3,8,24,null,Sarah,T2
05-05-2026,ORD-40371,Chicken Wings,Appetizers,1,10,10.00,4,Sarah,T1
2026-05-05,ORD-80721,Chicken Wings,Appetizers,3,10,"30,00",12.00,MARY,
"May 05, 2026",ORD-95656,Tiramisu,Desserts,3,8,24,"9,00",john,T5
2026/05/05,ORD-93952,TIRAMISU,Desserts,2,8,16,6,,NULL
"May 05, 2026",ORD-78903,Chicken Wings,Appetizers,3,10,30.0%,12,MARY,t3
05/05/2026,ORD-88095,Caesar Salad,Salads,3,12,36.0%,12,NONE,T5
05/05/2026,ORD-77895,Pepperoni Pizza,Pizza,2,18,36,12,n/a,T1
NA,ORD-27996,Beef Burger,Burgers,1,14,14.00,6,sarah,
2026-05-05,ORD-94802,Bruschetta,Appetizers,3,7,21.0%,7.50,john,n/a
"May 05, 2026",ORD-66680,Soda,Drinks,3,3,9.00,1.5,null,
2026/05/05,ORD-47981,Soda,Drinks,2,3,6,1.0,-,T1
2026-05-05,ORD-98191,Margherita Pizza,Pizza,1,15,none,5,sarah,t3
05/05/2026,ORD-32610,Tiramisu,Desserts,3,8,24,9.00 EUR,MARY,
2026/05/05,ORD-40335,Tiramisu,Desserts,1,8,8,3,Sarah,T5
05 May 2026,ORD-10981,Tiramisu,Desserts,2,8,16.00,6,Sarah,T2
05/05/26,ORD-21362,Tiramisu,Desserts,1,8,8,3,Sarah,T5
05/05/2026,ORD-64752,Soda,Drinks,3,3,9.00,1.5,Sarah,T2
"May 05, 2026",ORD-88076,coffee,Drinks,2,4,8.0%,2,MARY,T5
05/05/2026,ORD-77791,Bruschetta,Appetizers,3,7,21,7.50 EUR,John,t3
2026/05/05,ORD-38284,Coffee,Drinks,3,4,12,3,,T2
05/05/2026,ORD-99548,Chicken Wings,Appetizers,1,10,N/A,4,john,T1
05/05/2026,ORD-28850,Pepperoni Pizza,Pizza,3,18,54.00 USD,18,,t3
05/05/2026,ORD-85030,Margherita Pizza,Pizza,2,15,"30,00",10,MARY,NULL
"May 05, 2026",ORD-20506,Beef Burger,Burgers,1,14,14,6.00 TRY,sarah,T2
05 May 2026,ORD-46713,Pepperoni Pizza,Pizza,3,18,54,18,John,
2026/05/05,ORD-33616,Pepperoni Pizza,Pizza,2,18,36,$12.00,,t3
-,ORD-21635,Coffee,Drinks,1,4,4,1.00,NA,N/A
"May 05, 2026",ORD-96287,Bruschetta,Appetizers,3,7,21,7.5,,
"May 05, 2026",ORD-27695,Caesar Salad,Salads,2,12,24.0%,8,john,
2026-05-05,ORD-15893,Coffee,Drinks,3,4,12,3,John,
05/05/26,ORD-27997,French Fries,Sides,1,5,5,1.5,MARY,T2
"May 05, 2026",ORD-35024,French Fries,Sides,2,5,10.00 TRY,3.0,John,T5
05/05/2026,ORD-29243,COFFEE,Drinks,2,4,8,2,John,NONE
05/06/2026,ORD-94124,Margherita Pizza,Pizza,2,15,30,10,Sarah,t3
06/05/26,ORD-22411,Soda,Drinks,3,3,9,1.5,john,null
06.05.2026,ORD-77601,Caesar Salad,Salads,1,12,12,4.00 EUR,john,T1
-,ORD-58008,French Fries,Sides,3,5,15,4.5,john,-
05/06/2026,ORD-90711,Beef Burger,Burgers,2,14,28,12,sarah,t3
06/05/26,ORD-28210,Tiramisu,Desserts,2,8,16,6,sarah,t3
"May 06, 2026",ORD-93382,Coffee,Drinks,3,4,12,3,john,T2
"May 06, 2026",ORD-84539,Beef Burger,Burgers,3,14,42,none,MARY,T5
06-05-2026,ORD-34859,Chicken  Wings,Appetizers,1,10,10,4.00,sarah,T5
06.05.2026,ORD-54299,Chicken Wings ,Appetizers,3,10,n/a,12,,T5
06.05.2026,ORD-71285,Beef Burger,Burgers,2,14,28,12.0%,,T1
06/05/26,ORD-43513,Chicken Wings,Appetizers,1,10,10,4,NULL,
n/a,ORD-49792,Pepperoni Pizza,Pizza,2,18,36,12,,T2
05/06/2026,ORD-75146,Chicken Wings,Appetizers,1,10,10.0%,4,--,t3
06/05/2026,ORD-25040,COFFEE,Drinks,2,4,8,"2,00",john,
05/06/26,ORD-67234,CAESAR SALAD,Salads,2,12,24.00,"8,00",John,T5
05/06/2026,ORD-15072,Pepperoni Pizza,Pizza,2,18,36,12.00,sarah,T5
06/05/2026,ORD-92538,French Fries,Sides,1,5,5,1.5,none,T1
06 May 2026,ORD-49353,Margherita Pizza,Pizza,3,15,45,15,John,T2
05/06/2026,ORD-40946,Caesar Salad,Salads,3,12,36.00 TRY,€12.00,MARY,T2
"May 06, 2026",ORD-97880,Margherita Pizza,Pizza,3,15,45,"15,00",John,
06 May 2026,ORD-98632,French Fries,Sides,3,5,15.00 EUR,4.5,sarah,T1
2026/05/06,ORD-50073,Chicken Wings,Appetizers,2,10,20,8,john,t3
06/05/2026,ORD-16622,Chicken Wings,Appetizers,3,10,30.00,12,John,null
06-05-2026,ORD-88154,Chicken Wings,Appetizers,2,10,20,8,John,T5
2026-05-06,ORD-86732,Coffee,Drinks,3,4,"12,00",3.00,MARY,T5
2026/05/06,ORD-84283,CHICKEN WINGS,Appetizers,3,10,30,12.00,John,T5
"May 06, 2026",ORD-60895,Tiramisu,Desserts,2,8,16,6,MARY,
2026-05-06,ORD-59720,Bruschetta,Appetizers,3,7,21,7.50,john,T5
2026-05-06,ORD-78376,Pepperoni Pizza,Pizza,3,18,54,18,,t3
06-05-2026,ORD-59166,SODA,Drinks,1,3,3,0.5,,
06/05/2026,ORD-63752,Margherita Pizza ,Pizza,2,15,£30.00,10.00 TRY,Sarah,T5
2026/05/06,ORD-70355,French Fries,Sides,3,5,"15,00",4.5,none,N/A
06/05/26,ORD-68192,Coffee,Drinks,3,4,12,3,sarah,
06-05-2026,ORD-12110,Caesar Salad,Salads,3,12,36,12,,T5
06/05/2026,ORD-65893,Coffee,Drinks,3,4,--,3.00 EUR,n/a,
2026/05/07,ORD-16585,Coffee,Drinks,2,4,8.00,2,,
2026-05-07,ORD-37676,Caesar Salad,Salads,2,12,24.00,8.00,,t3
05/07/2026,ORD-84092,Tiramisu,Desserts,2,8,16,6,,T2
2026/05/07,ORD-71185,Pepperoni Pizza,Pizza,3,18,54,18,john,T5
--,ORD-58758,French Fries,Sides,1,5,5,-,,
07-05-2026,ORD-88899,Chicken Wings,Appetizers,3,10,30.00,$12.00,john,T5
07.05.2026,ORD-20789,Pepperoni Pizza,Pizza,2,18,36,12,john,nan
07.05.2026,ORD-80145,Beef Burger,Burgers,1,14,"14,00",6,Sarah,t3
07-05-2026,ORD-86896,Beef Burger,Burgers,1,14,14.00,6.00,john,T2
2026-05-07,ORD-24090,Tiramisu,Desserts,1,8,8,3,,T1
05/07/2026,ORD-97646,Soda,Drinks,2,3,6.00 USD,1.00 USD,sarah,nan
07/05/26,ORD-18379,Tiramisu,Desserts,3,8,"24,00",9,Sarah,T5
"May 07, 2026",ORD-76086,Coffee,Drinks,2,4,8,2.00 TRY,Sarah,t3
"May 07, 2026",ORD-25086,French Fries,Sides,1,5,5,1.5,John,t3
n/a,ORD-25674,French Fries,Sides,2,5,10,3.0,Sarah,T1
07/05/26,ORD-92146,Coffee,Drinks,1,4,4,1,N/A,T1
2026-05-07,ORD-63804,  Soda  ,Drinks,1,3,NA,€0.50,Sarah,T5
05/07/2026,ORD-53642,Caesar Salad,Salads,1,12,12,4,John,T1
07 May 2026,ORD-32593,Margherita Pizza ,Pizza,2,15,30,10,MARY,
2026-05-07,ORD-56971,Caesar Salad,Salads,3,12,36,$12.00,MARY,
07 May 2026,ORD-17684,pepperoni pizza,Pizza,3,18,54,18.00,John,
07-05-2026,ORD-47543,Beef Burger,Burgers,2,14,28.0%,12,John,T5
07/05/2026,ORD-25353,Soda,Drinks,1,3,3,0.5,,
05/08/26,ORD-25130,Caesar Salad,Salads,3,12,36,12,sarah,T1
2026-05-08,ORD-21817,Bruschetta ,Appetizers,3,7,21,7.5,,null
08/05/2026,ORD-83779,Pepperoni Pizza,Pizza,1,18,18.00,6,John,T5
08-05-2026,ORD-14597,Caesar Salad,Salads,1,12,12.00 EUR,4,,--
08/05/26,ORD-99271,Coffee,Drinks,1,4,4.00,1,john,
08/05/2026,ORD-81321,Soda,Drinks,2,3,6,1.0,Sarah,t3
05/08/2026,ORD-34762,Chicken Wings,Appetizers,2,10,20.00 USD,€8.00,john,
05/08/2026,ORD-55761,Margherita Pizza ,Pizza,1,15,15,"5,00",MARY,T5
08-05-2026,ORD-70926,Beef Burger,Burgers,2,14,28.00,12,sarah,
08.05.2026,ORD-15920,Pepperoni Pizza,Pizza,2,18,36,12,Sarah,
"May 08, 2026",ORD-52849,CHICKEN WINGS,Appetizers,2,10,20,8,Sarah,
05/08/26,ORD-40860,french fries,Sides,2,5,10.00,none,John,t3
"May 08, 2026",ORD-52093,tiramisu,Desserts,3,8,24,9,MARY,T5
05/08/2026,ORD-17413,Beef Burger ,Burgers,3,14,42.00,18,Sarah,t3
08 May 2026,ORD-36025,Margherita Pizza,Pizza,2,15,30.00,10,Sarah,
08 May 2026,ORD-78956,Coffee,Drinks,1,4,4,1.00 TRY,john,T1
"May 08, 2026",ORD-12945,Margherita Pizza,Pizza,3,15,45,"15,00",Sarah,T5
08.05.2026,ORD-37427,Margherita Pizza,Pizza,1,15,15.00,5.0%,,T1
08/05/26,ORD-23310,Soda,Drinks,2,3,6,1.0,NONE,T5
08-05-2026,ORD-45641,French  Fries,Sides,2,5,₺10.00,3.0,Sarah,T2
08 May 2026,ORD-10493,Beef Burger,Burgers,1,14,14,6,john,T5
"May 08, 2026",ORD-39271,Tiramisu,Desserts,2,8,16,6,NA,T5
05/08/26,ORD-45051,French Fries,Sides,1,5,5,1.5,MARY,T2
2026/05/08,ORD-41089,Chicken Wings,Appetizers,1,10,10,₺4.00,John,t3
08.05.2026,ORD-23309,Beef Burger,Burgers,2,14,28,£12.00,John,
08.05.2026,ORD-19590,  Margherita Pizza  ,Pizza,3,15,45.00 TRY,15,,T1
08.05.2026,ORD-96846,Chicken Wings,Appetizers,1,10,10,4,NULL,T5
"May 08, 2026",ORD-83609,French Fries,Sides,2,5,10.00,3.0,john,T2
08-05-2026,ORD-93524,Coffee,Drinks,1,4,4,1,,T2
08/05/26,ORD-27031,Beef Burger,Burgers,2,14,28,12,MARY,t3
08.05.2026,ORD-82798,French Fries,Sides,2,5,10,3.0,sarah,T1
08/05/2026,ORD-82105,Tiramisu,Desserts,1,8,8,3,john,T2
08.05.2026,ORD-37017,Margherita Pizza,Pizza,3,15,"45,00",15.00,sarah,NULL
08.05.2026,ORD-45479,French Fries,Sides,1,5,5,1.50,sarah,t3
08-05-2026,ORD-76967,Soda,Drinks,2,3,6.00,1.0,sarah,
08 May 2026,ORD-98810,Beef Burger,Burgers,2,14,28.00,12.00,john,t3
null,ORD-77612,Bruschetta,Appetizers,3,7,21,7.5,sarah,t3
08 May 2026,ORD-86314,French Fries,Sides,1,5,5,1.50,--,t3
"May 08, 2026",ORD-74792,French Fries,Sides,1,5,5,1.5,John,T2
05/08/26,ORD-10996,Caesar Salad,Salads,2,12,24,8.00,john,T5
05/08/2026,ORD-19674,Coffee,Drinks,1,4,"4,00",1.00 EUR,john,NA
09.05.2026,ORD-21001,Margherita Pizza,Pizza,1,15,15.00,5,MARY,null
N/A,ORD-97732,Caesar Salad,Salads,3,12,£36.00,12.00,john,t3
09 May 2026,ORD-99224,Margherita Pizza,Pizza,2,15,30,10,sarah,T2
09.05.2026,ORD-30511,Coffee,Drinks,3,4,"12,00",3,john,nan
2026/05/09,ORD-66065,Pepperoni Pizza,Pizza,1,18,18.00 TRY,"6,00",MARY,
05/09/2026,ORD-65576,Tiramisu,Desserts,3,8,£24.00,9,sarah,t3
09/05/2026,ORD-26222,Soda,Drinks,2,3,6,1.0,John,T2
NONE,ORD-44093,Beef Burger,Burgers,1,14,14,6,,T1
N/A,ORD-39100,Coffee,Drinks,2,4,8.00,2.0%,null,n/a
05/09/2026,ORD-27815,Beef  Burger,Burgers,1,14,"14,00",6.00,John,T1
09.05.2026,ORD-56588,French Fries,Sides,1,5,5.00 EUR,1.5,NULL,T1
2026/05/09,ORD-79044,tiramisu,Desserts,2,8,16,6,Sarah,
"May 09, 2026",ORD-32599,Coffee,Drinks,1,4,4,1,john,T5
09 May 2026,ORD-68985,Beef Burger,Burgers,3,14,42,n/a,john,
09 May 2026,ORD-11144,Tiramisu,Desserts,2,8,16,6,,
09-05-2026,ORD-99124,French Fries,Sides,1,5,5,1.5,john,
05/09/2026,ORD-50256,Pepperoni Pizza,Pizza,3,18,54,nan,John,t3
09/05/2026,ORD-14350,Soda,Drinks,1,3,3,0.5,John,N/A
2026/05/09,ORD-75379,Caesar Salad,Salads,2,12,£24.00,8,sarah,T2
09/05/2026,ORD-97317,Caesar Salad,Salads,2,12,24.0%,NULL,,t3
09/05/26,ORD-29155,Chicken Wings,Appetizers,3,10,30,12,john,T2
05/09/26,ORD-10593,Soda ,Drinks,1,3,3.00,0.5,MARY,T1
N/A,ORD-47698,Coffee,Drinks,1,4,4,1,MARY,t3
09.05.2026,ORD-32128,Bruschetta,Appetizers,3,7,21,7.5,John,T5
09/05/26,ORD-27679,Margherita Pizza,Pizza,2,15,30,10.00,,t3
"May 09, 2026",ORD-30985,Soda,Drinks,2,3,6,1.0,John,
09 May 2026,ORD-58004,Coffee,Drinks,2,4,8.00 TRY,2,NA,t3
09/05/2026,ORD-15129,Tiramisu,Desserts,1,8,8.00 TRY,3,null,T1
09 May 2026,ORD-56639,Caesar Salad,Salads,2,12,24.00 EUR,8.00,sarah,T5
09/05/2026,ORD-42936,French Fries,Sides,3,5,15,4.5,John,NA
09-05-2026,ORD-96105,Caesar Salad,Salads,2,12,24,8,MARY,T2
N/A,ORD-20819,Beef Burger,Burgers,1,14,14,--,sarah,T2
05/09/26,ORD-16194,Margherita Pizza,Pizza,2,15,30,10,John,T2
09.05.2026,ORD-71839,French Fries,Sides,1,5,5.00,1.5,N/A,T1
09 May 2026,ORD-92886,CAESAR SALAD,Salads,1,12,12.00,£4.00,john,nan
2026-05-09,ORD-79713,Soda,Drinks,3,3,9,1.50,Sarah,T5
"May 09, 2026",ORD-81998,Bruschetta,Appetizers,3,7,21.00 USD,7.5,MARY,T2
09/05/26,ORD-23292,French Fries,Sides,2,5,10.00,3.0,NULL,t3
09.05.2026,ORD-96502,Coffee,Drinks,1,4,4,1,Sarah,NA
05/09/26,ORD-74568,Pepperoni Pizza,Pizza,3,18,54,18.00,NA,T1
,ORD-34758,French Fries,Sides,3,5,15,₺4.50,,T2
09 May 2026,ORD-29587,Caesar Salad,Salads,3,12,36,12.00 USD,,T2
09-05-2026,ORD-59096,French Fries,Sides,2,5,10,3.0,sarah,T2
"May 09, 2026",ORD-81723,French Fries,Sides,1,5,5,1.5,john,T2
09 May 2026,ORD-46111,Pepperoni Pizza,Pizza,1,18,18,£6.00,john,-
09-05-2026,ORD-55205,  Chicken Wings  ,Appetizers,2,10,20.00,8.00,john,T5
2026-05-09,ORD-77498,Soda,Drinks,1,3,3,0.5,,T5
09/05/2026,ORD-52111,Tiramisu,Desserts,1,8,"8,00",3,John,
N/A,ORD-44586,Tiramisu,Desserts,1,8,8,₺3.00,john,t3
2026-05-09,ORD-25294,Tiramisu,Desserts,3,8,24,9,john,
09-05-2026,ORD-47228,French Fries,Sides,2,5,10.00,3.0,MARY,t3
2026/05/09,ORD-55312,tiramisu,Desserts,2,8,16,6,sarah,t3
"May 09, 2026",ORD-15052,Tiramisu,Desserts,3,8,24.0%,9,MARY,T2
09/05/2026,ORD-13465,Chicken Wings,Appetizers,2,10,20,NONE,Sarah,t3
05/09/26,ORD-89460,Chicken Wings,Appetizers,1,10,10.00,4,john,T2
"May 09, 2026",ORD-66400,Soda,Drinks,3,3,9,1.50,John,T1
"May 09, 2026",ORD-18677,Coffee,Drinks,1,4,4.00,1,sarah,T5
09-05-2026,ORD-24042,Soda,Drinks,2,3,6.00,1.0,MARY,T2
09/05/2026,ORD-74141,Soda,Drinks,2,3,6,1.0,,T1
2026-05-09,ORD-25359,Margherita Pizza ,Pizza,2,15,30,10,Sarah,t3
09.05.2026,ORD-60823,Tiramisu,Desserts,3,8,"24,00",9,,T2
05/09/2026,ORD-90926,coffee,Drinks,3,4,"12,00",€3.00,sarah,N/A
09/05/2026,ORD-95188,French Fries,Sides,1,5,5,1.5,sarah,
09/05/2026,ORD-95039,  Chicken Wings  ,Appetizers,3,10,₺30.00,12,sarah,T2
"May 09, 2026",ORD-64937,Coffee,Drinks,3,4,12,3.00,NONE,NONE
09.05.2026,ORD-51818,Coffee,Drinks,3,4,12,3,John,T5
09.05.2026,ORD-29132,Margherita Pizza,Pizza,1,15,15,5,Sarah,T1
05/09/2026,ORD-15719,Caesar Salad,Salads,2,12,24,8,Sarah,t3
09/05/2026,ORD-78075,Chicken Wings,Appetizers,3,10,30,12.00 TRY,MARY,T2
09 May 2026,ORD-30413,Bruschetta,Appetizers,3,7,21,7.5,Sarah,
"May 09, 2026",ORD-61516,Beef Burger,Burgers,2,14,28.00 EUR,12,John,none
09-05-2026,ORD-47222,Coffee,Drinks,1,4,4,1.0%,n/a,
NONE,ORD-96205,Caesar Salad,Salads,1,12,12,£4.00,john,T5
09-05-2026,ORD-43561,Beef Burger,Burgers,1,14,14,6,--,
"May 09, 2026",ORD-26199,Margherita Pizza,Pizza,2,15,€30.00,£10.00,Sarah,
09.05.2026,ORD-62754,Bruschetta,Appetizers,2,7,14,5.0,MARY,T2
05/09/26,ORD-47882,French Fries,Sides,3,5,15,4.50,,t3
09 May 2026,ORD-88707,Caesar Salad,Salads,1,12,12,4.00,John,T2
05/09/2026,ORD-12494,Bruschetta,Appetizers,1,7,7,"2,50",John,t3
2026-05-09,ORD-54530,Caesar  Salad,Salads,2,12,24,8,john,--
09-05-2026,ORD-10711,Caesar Salad,Salads,3,12,36,12,John,
2026-05-09,ORD-91418,Pepperoni Pizza,Pizza,3,18,54.00,18,Sarah,t3
09 May 2026,ORD-98298,Pepperoni Pizza,Pizza,2,18,36,"12,00",n/a,t3
09/05/26,ORD-63927,Chicken Wings,Appetizers,3,10,30,12,NA,NULL
09.05.2026,ORD-69285,French  Fries,Sides,3,5,15.00 EUR,4.5,sarah,
2026-05-09,ORD-83351,Chicken Wings,Appetizers,3,10,30,12,Sarah,NA
09 May 2026,ORD-10296,French Fries,Sides,3,5,15,4.5,sarah,t3
09.05.2026,ORD-17105,french fries,Sides,3,5,15,4.5,John,T5
09/05/26,ORD-22100,  Bruschetta  ,Appetizers,1,7,7,2.50,sarah,
10/05/26,ORD-21078,Beef Burger,Burgers,1,14,14.00,6,john,T1
"May 10, 2026",ORD-27007,Caesar Salad,Salads,2,12,24.00,8.00,john,T1
10/05/2026,ORD-70509,Tiramisu,Desserts,3,8,24.00,9,,
2026/05/10,ORD-78370,Bruschetta ,Appetizers,1,7,7.00,2.5,sarah,T2
NONE,ORD-34067,Beef Burger,Burgers,3,14,42,18,,
10/05/2026,ORD-91727,French Fries,Sides,3,5,null,4.5,,
"May 10, 2026",ORD-88905,Chicken Wings,Appetizers,3,10,30.00 USD,12,MARY,t3
"May 10, 2026",ORD-34451,Caesar Salad,Salads,2,12,24.00,8,sarah,T1
2026/05/10,ORD-38791,Coffee,Drinks,2,4,8,2.00,,t3
10/05/2026,ORD-31438,Coffee,Drinks,2,4,none,2,Sarah,
2026-05-10,ORD-92980,Chicken Wings,Appetizers,2,10,n/a,-,Sarah,--
"May 10, 2026",ORD-89069,Beef Burger,Burgers,3,14,42,18.00 EUR,,t3
10 May 2026,ORD-13265,Beef Burger,Burgers,2,14,28,12,,T2
"May 10, 2026",ORD-19912,Chicken Wings,Appetizers,3,10,30.00,12,john,T1
2026/05/10,ORD-86938,Pepperoni Pizza,Pizza,1,18,18.00,6,,n/a
10/05/2026,ORD-41318,Bruschetta,Appetizers,2,7,14,£5.00,Sarah,
"May 10, 2026",ORD-92695,Caesar Salad,Salads,2,12,₺24.00,8.00,john,t3
10/05/2026,ORD-84221,Beef Burger,Burgers,1,14,14.00,6.00,MARY,T5
10/05/26,ORD-51729,beef burger,Burgers,2,14,28,12,sarah,T1
05/10/2026,ORD-31641,Margherita Pizza,Pizza,3,15,45,15,,
05/10/26,ORD-64342,Beef Burger,Burgers,2,14,28.00 EUR,₺12.00,sarah,-
10/05/26,ORD-14411,Chicken Wings,Appetizers,3,10,30,12.00 EUR,none,n/a
10/05/26,ORD-66635,French Fries,Sides,3,5,15,"4,50",sarah,T5
2026-05-10,ORD-92662,Bruschetta,Appetizers,1,7,7,₺2.50,john,T1
10/05/2026,ORD-32870,Bruschetta,Appetizers,1,7,7.00,"2,50",john,
10.05.2026,ORD-23389,Caesar Salad,Salads,1,12,12,4,MARY,T5
10.05.2026,ORD-24065,Caesar Salad,Salads,3,12,36,12.00,,T2
10/05/26,ORD-27751,Margherita Pizza ,Pizza,1,15,15,5,john,T5
10/05/26,ORD-65345,Tiramisu,Desserts,1,8,null,$3.00,MARY,t3
2026/05/10,ORD-28515,Chicken Wings,Appetizers,2,10,nan,8.00,Sarah,T1
2026/05/10,ORD-63450,Tiramisu,Desserts,2,8,16,6,--,t3
2026-05-10,ORD-43991,Tiramisu,Desserts,3,8,€24.00,9,John,--
10 May 2026,ORD-49235,Pepperoni Pizza,Pizza,2,18,36,12.00,John,N/A
10 May 2026,ORD-28060,Beef  Burger,Burgers,2,14,28,12.00,MARY,T2
10/05/26,ORD-17834,French Fries,Sides,3,5,15,4.50,sarah,
10/05/2026,ORD-69042,Caesar Salad,Salads,3,12,36,12.00,John,-
05/10/2026,ORD-50270,Bruschetta,Appetizers,1,7,7,£2.50,Sarah,T1
10/05/2026,ORD-30457,Coffee,Drinks,2,4,N/A,2,john,
2026-05-10,ORD-46421,Beef Burger,Burgers,2,14,28.00 USD,12,,t3
2026-05-10,ORD-36517,Caesar Salad,Salads,1,12,12,4,sarah,T5
"May 10, 2026",ORD-51574,Chicken Wings,Appetizers,2,10,20,null,sarah,T5
11 May 2026,ORD-83352,Chicken Wings,Appetizers,3,10,30,12.00 EUR,MARY,t3
05/11/26,ORD-79785,Tiramisu,Desserts,3,8,"24,00",9,sarah,T2
2026/05/11,ORD-62478,Caesar Salad,Salads,3,12,36.0%,"12,00",Sarah,T5
05/11/2026,ORD-84407,Bruschetta,Appetizers,3,7,21.00 USD,7.5,john,T2
05/11/2026,ORD-84950,Soda,Drinks,1,3,3,0.5,sarah,T1
05/11/26,ORD-62885,Beef Burger,Burgers,2,14,NA,12.00,,T2
11-05-2026,ORD-78232,Pepperoni Pizza,Pizza,2,18,36,12,John,t3
05/11/26,ORD-97961,Caesar Salad,Salads,3,12,36,12,John,
11/05/26,ORD-58822,Pepperoni Pizza,Pizza,3,18,54,18,nan,t3
11-05-2026,ORD-91108,Beef Burger,Burgers,2,14,28,"12,00",john,NA
11/05/2026,ORD-93593,French Fries,Sides,3,5,15,4.50,sarah,
11/05/2026,ORD-57009,Caesar Salad,Salads,2,12,24.0%,8,MARY,T5
"May 11, 2026",ORD-10792,FRENCH FRIES,Sides,3,5,15.00,4.5,none,T2
05/11/2026,ORD-79488,Coffee,Drinks,1,4,4.00 EUR,1,,
05/11/26,ORD-45700,Margherita Pizza,Pizza,1,15,15,5,,T5
11/05/2026,ORD-10115,Margherita Pizza,Pizza,3,15,N/A,15,MARY,T2
N/A,ORD-11640,Coffee,Drinks,3,4,12,3,john,
2026/05/11,ORD-59521,Pepperoni Pizza,Pizza,1,18,18,6.00,,T2
05/11/26,ORD-80415,Soda,Drinks,2,3,6,€1.00,,--
11/05/26,ORD-56913,Margherita Pizza,Pizza,1,15,15,5,--,T2
11-05-2026,ORD-54985,Beef Burger,Burgers,2,14,28,12,john,t3
"May 11, 2026",ORD-94529,Bruschetta,Appetizers,2,7,14,5.00 EUR,NONE,T1
"May 11, 2026",ORD-13448,French Fries,Sides,3,5,15.00,4.50 EUR,john,T2
05/11/2026,ORD-50545,Chicken Wings,Appetizers,2,10,20,8,MARY,T5
11-05-2026,ORD-40205,Margherita Pizza,Pizza,2,15,30.00,10,Sarah,T1
05/11/26,ORD-58634,chicken wings,Appetizers,1,10,10,4,john,T5
11/05/26,ORD-26598,Margherita Pizza,Pizza,3,15,45,15,john,T1
05/11/2026,ORD-41069,Caesar Salad,Salads,2,12,24.00,8.00 USD,,
11 May 2026,ORD-79563,Tiramisu,Desserts,2,8,16,£6.00,John,T2
--,ORD-69082,Coffee,Drinks,2,4,8.00,₺2.00,MARY,n/a
12/05/2026,ORD-43769,Bruschetta,Appetizers,1,7,7,2.5,sarah,t3
"May 12, 2026",ORD-18226,  Chicken Wings  ,Appetizers,1,10,10.00,4,-,--
12/05/26,ORD-88496,French Fries ,Sides,1,5,5,1.5,Sarah,T5
12/05/26,ORD-15236,Coffee,Drinks,3,4,12,3,N/A,t3
12-05-2026,ORD-27531,Pepperoni Pizza,Pizza,2,18,36.0%,"12,00",John,T5
2026/05/12,ORD-76789,Caesar  Salad,Salads,1,12,12,4.0%,--,
2026/05/12,ORD-47694,  French Fries  ,Sides,3,5,15,4.5,john,t3
12 May 2026,ORD-59458,Pepperoni Pizza,Pizza,2,18,36.0%,12.00,sarah,T1
12-05-2026,ORD-45468,Bruschetta,Appetizers,3,7,21.0%,7.5,John,t3
05/12/26,ORD-97236,Caesar Salad,Salads,1,12,12,4.00 TRY,john,T2
12 May 2026,ORD-37140,beef burger,Burgers,2,14,€28.00,12.00,NULL,t3
2026-05-12,ORD-68810,Tiramisu,Desserts,3,8,24,9,,T5
12-05-2026,ORD-92034,Chicken Wings,Appetizers,1,10,10,4.00 TRY,Sarah,t3
12.05.2026,ORD-33951,BEEF BURGER,Burgers,1,14,14.00 EUR,€6.00,John,T5
2026/05/12,ORD-59500,Chicken Wings,Appetizers,1,10,10,4.00,sarah,
NULL,ORD-77135,French Fries,Sides,2,5,10.00 TRY,3.0,NULL,t3
12-05-2026,ORD-59422,Coffee,Drinks,2,4,8,2,John,T2
12.05.2026,ORD-46233,Chicken Wings,Appetizers,1,10,10.00,4,sarah,NONE
2026/05/12,ORD-30141,Caesar Salad,Salads,2,12,"24,00",8,Sarah,T2
12-05-2026,ORD-41496,French Fries,Sides,2,5,10,3.0,john,NA
2026-05-12,ORD-38965,Chicken Wings,Appetizers,1,10,€10.00,4,John,T5
2026/05/12,ORD-57765,Chicken Wings,Appetizers,2,10,20,8,MARY,T2
05/12/2026,ORD-43805,Caesar Salad,Salads,2,12,24.00 TRY,8,john,T2
12-05-2026,ORD-63674,French  Fries,Sides,3,5,"15,00",4.5,Sarah,T5
12 May 2026,ORD-34019,Beef Burger,Burgers,1,14,--,6,,
2026/05/12,ORD-12212,Caesar Salad ,Salads,1,12,12,4,sarah,T5
2026-05-12,ORD-21260,Beef Burger,Burgers,1,14,14,6,John,none
2026/05/12,ORD-46038,Caesar Salad,Salads,3,12,36,12,john,T5
12-05-2026,ORD-65045,Bruschetta,Appetizers,2,7,14,5.00,sarah,t3
12 May 2026,ORD-46609,Tiramisu,Desserts,3,8,24.00 USD,£9.00,John,T2
12/05/26,ORD-71910,French Fries,Sides,1,5,N/A,1.5,MARY,
12.05.2026,ORD-28963,French Fries,Sides,1,5,5,1.50 USD,none,T1
"May 12, 2026",ORD-56607,Chicken Wings,Appetizers,3,10,30,"12,00",John,T1
12.05.2026,ORD-21786,Margherita Pizza,Pizza,1,15,15,5,John,T5
2026/05/12,ORD-50578,Margherita Pizza ,Pizza,2,15,30.00,10,John,T5
12.05.2026,ORD-49912,Chicken Wings ,Appetizers,3,10,"30,00",12,john,NULL
05/12/26,ORD-55226,Coffee,Drinks,3,4,12.00 USD,3,,t3
12-05-2026,ORD-21252,Coffee,Drinks,2,4,8,2,nan,
05/12/26,ORD-38032,Bruschetta,Appetizers,3,7,21,7.5,Sarah,T5
2026-05-12,ORD-73900,FRENCH FRIES,Sides,2,5,€10.00,3.0,,
12/05/2026,ORD-99819,  Chicken Wings  ,Appetizers,3,10,--,12.00 EUR,NA,NULL
05/12/26,ORD-71120,Margherita Pizza ,Pizza,3,15,45.0%,15,none,
05/12/2026,ORD-91207,Soda,Drinks,3,3,9,1.50,Sarah,
2026-05-12,ORD-15605,Pepperoni Pizza,Pizza,2,18,36,12,nan,T1
12/05/2026,ORD-69634,Tiramisu,Desserts,3,8,24,9,,
12/05/2026,ORD-24573,Caesar Salad,Salads,2,12,24.0%,8,MARY,T1
2026/05/12,ORD-33871,Bruschetta,Appetizers,2,7,14.00,5.0,sarah,T2
12/05/26,ORD-45260,caesar salad,Salads,3,12,N/A,₺12.00,Sarah,T2
12 May 2026,ORD-95410,Tiramisu,Desserts,2,8,16,6,john,
2026-05-13,ORD-78527,French Fries,Sides,3,5,15,4.5,,NA
2026-05-13,ORD-23036,Chicken Wings,Appetizers,2,10,20,8.0%,John,nan
05/13/26,ORD-73796,Margherita Pizza,Pizza,3,15,45,"15,00",Sarah,t3
13/05/2026,ORD-69108,Pepperoni Pizza,Pizza,2,18,36,12.00,john,T5
13/05/26,ORD-61411,Beef Burger,Burgers,1,14,14,£6.00,,T5
13/05/2026,ORD-59315,Chicken Wings,Appetizers,3,10,30,12,john,T2
2026-05-13,ORD-24843,Soda,Drinks,2,3,6.00,"1,00",MARY,
13-05-2026,ORD-20438,Coffee,Drinks,3,4,12,3,nan,T2
13 May 2026,ORD-26469,Chicken Wings,Appetizers,3,10,30,12,MARY,nan
13/05/2026,ORD-42822,Bruschetta,Appetizers,2,7,14,"5,00",MARY,T1
2026/05/13,ORD-36796,Beef Burger,Burgers,2,14,28.00,12.00,Sarah,T2
2026/05/13,ORD-29659,  Beef Burger  ,Burgers,2,14,-,12.00,,T1
13/05/26,ORD-50959,Chicken Wings,Appetizers,3,10,30,12,sarah,t3
05/13/2026,ORD-64416,Coffee,Drinks,1,4,4,1,nan,NONE
2026/05/13,ORD-69852,French Fries,Sides,3,5,15,4.5,John,t3
13 May 2026,ORD-31818,Caesar Salad,Salads,3,12,36.00,12,John,t3
13.05.2026,ORD-25937,TIRAMISU,Desserts,2,8,16,6,John,T2
"May 13, 2026",ORD-35794,Caesar Salad,Salads,2,12,24,8,nan,T1
13 May 2026,ORD-83440,Tiramisu,Desserts,3,8,24.00,£9.00,John,t3
13.05.2026,ORD-81866,Bruschetta,Appetizers,3,7,21,7.5,nan,
13/05/26,ORD-54006,Chicken Wings,Appetizers,1,10,10,4,MARY,
"May 13, 2026",ORD-48085,Beef Burger,Burgers,3,14,42,18,MARY,NULL
2026-05-13,ORD-69593,Margherita Pizza,Pizza,2,15,30.0%,10,,none
13.05.2026,ORD-35386,Beef Burger,Burgers,3,14,42,18,John,T2
13.05.2026,ORD-59345,Soda,Drinks,2,3,6,1.0,,T2
13.05.2026,ORD-67565,Coffee,Drinks,3,4,12,3.00 TRY,,T1
13.05.2026,ORD-67706,COFFEE,Drinks,3,4,12,3,Sarah,T5
2026/05/13,ORD-24158,Soda,Drinks,3,3,9,1.5,sarah,T2
13/05/2026,ORD-34741,Coffee,Drinks,2,4,8,2.00,sarah,t3
13/05/2026,ORD-83620,Coffee,Drinks,3,4,12,3,MARY,
13/05/26,ORD-84430,Chicken Wings,Appetizers,3,10,30.00 TRY,12,john,
13.05.2026,ORD-89790,Caesar Salad,Salads,2,12,24,8.0%,,T1
05/13/26,ORD-68710,Pepperoni Pizza,Pizza,1,18,18,6,john,T1
13/05/26,ORD-80579,French Fries,Sides,3,5,15,4.5,,T5
13.05.2026,ORD-34393,Coffee,Drinks,1,4,4,1.0%,sarah,T2
05/13/26,ORD-11696,Pepperoni Pizza ,Pizza,3,18,54,"18,00",John,T2
13-05-2026,ORD-64053,Coffee,Drinks,3,4,12,3,John,T1
13.05.2026,ORD-87063,Beef Burger,Burgers,3,14,42,18.00,john,T1
13/05/2026,ORD-54717,Soda,Drinks,1,3,3,0.5,MARY,
2026/05/13,ORD-83454,Bruschetta,Appetizers,1,7,7,2.5,MARY,T5
2026-05-13,ORD-10404,Margherita  Pizza,Pizza,3,15,NA,15,MARY,--
n/a,ORD-38255,Margherita Pizza,Pizza,3,15,45.00,15.00 TRY,John,
13/05/2026,ORD-97782,Bruschetta,Appetizers,1,7,7,€2.50,MARY,t3
n/a,ORD-98877,Margherita Pizza,Pizza,3,15,45,NONE,,
13/05/26,ORD-18261,Tiramisu,Desserts,3,8,24,9,n/a,none
14/05/2026,ORD-98639,Chicken  Wings,Appetizers,1,10,"10,00",4.00,sarah,T2
"May 14, 2026",ORD-99062,Pepperoni Pizza,Pizza,1,18,18,6,NA,T5
"May 14, 2026",ORD-26125,Margherita Pizza,Pizza,3,15,45,15,null,T2
14.05.2026,ORD-84464,pepperoni pizza,Pizza,1,18,18,6,N/A,T2
n/a,ORD-77310,Bruschetta,Appetizers,2,7,14.00,5.0,John,T2
14.05.2026,ORD-30904,Margherita Pizza,Pizza,3,15,45,15.00,john,T1
2026-05-14,ORD-44054,Bruschetta,Appetizers,2,7,14,5.00,john,T2
14-05-2026,ORD-18697,Pepperoni Pizza,Pizza,3,18,54.00,18,MARY,t3
14-05-2026,ORD-82962,Bruschetta,Appetizers,1,7,7,2.5,John,t3
14/05/2026,ORD-86640,Tiramisu,Desserts,1,8,8,3.00,John,t3
05/14/2026,ORD-41320,Margherita Pizza,Pizza,1,15,--,5.00,MARY,t3
2026-05-14,ORD-16008,Coffee,Drinks,3,4,12,3.00,john,T2
nan,ORD-80425,Margherita Pizza,Pizza,3,15,45.00 USD,15.00,N/A,T2
2026-05-14,ORD-32118,Caesar  Salad,Salads,2,12,24,8,MARY,T2
2026/05/14,ORD-32702,Beef Burger ,Burgers,1,14,14,6.00,-,T2
14/05/26,ORD-56693,Caesar  Salad,Salads,3,12,36.00,12,n/a,T5
05/14/26,ORD-69571,Tiramisu,Desserts,1,8,8,£3.00,,T1
2026-05-14,ORD-57175,Margherita Pizza,Pizza,3,15,45,15,,T2
05/14/26,ORD-88631,Beef Burger,Burgers,1,14,£14.00,6,MARY,NONE
14-05-2026,ORD-75925,Pepperoni Pizza,Pizza,1,18,18,6.00,,T1
null,ORD-48058,  Margherita Pizza  ,Pizza,3,15,45.00,15.00,MARY,t3
14.05.2026,ORD-77652,Chicken Wings,Appetizers,1,10,10,4,MARY,T5
14 May 2026,ORD-42586,Soda,Drinks,3,3,9,1.50,John,T1
2026/05/14,ORD-81832,Tiramisu,Desserts,2,8,16.00,6.00,,T2
05/14/2026,ORD-13806,Pepperoni Pizza,Pizza,2,18,36,nan,,T1
14/05/2026,ORD-76914,Chicken  Wings,Appetizers,1,10,10.00,4,,
2026/05/14,ORD-83357,Coffee,Drinks,2,4,8,none,sarah,
14-05-2026,ORD-22492,Margherita Pizza ,Pizza,1,15,15.0%,5,,--
2026-05-14,ORD-66919,CHICKEN WINGS,Appetizers,2,10,20.00,8,John,
15-05-2026,ORD-54621,Caesar  Salad,Salads,3,12,36,12,Sarah,t3
15/05/2026,ORD-32643,French Fries,Sides,1,5,5,1.5,sarah,T5
15 May 2026,ORD-23009,French Fries,Sides,1,5,5,"1,50",MARY,T2
15 May 2026,ORD-69203,Caesar Salad,Salads,3,12,36.00,12,-,t3
05/15/2026,ORD-25943,Caesar Salad,Salads,3,12,36,€12.00,,T2
05/15/26,ORD-87381,Caesar Salad,Salads,3,12,36,12,john,t3
15/05/26,ORD-70471,Chicken Wings,Appetizers,3,10,30.00,12.0%,John,
2026-05-15,ORD-34208,Soda,Drinks,2,3,NA,1.00 USD,MARY,T5
15.05.2026,ORD-80687,Pepperoni Pizza,Pizza,1,18,18.0%,6,john,
"May 15, 2026",ORD-13757,Coffee,Drinks,3,4,NULL,3.00,john,T2
15-05-2026,ORD-84017,caesar salad,Salads,1,12,12,4.00 TRY,-,T1
15/05/2026,ORD-80105,Beef Burger,Burgers,1,14,14,6.00 USD,NA,t3
15 May 2026,ORD-16176,Margherita Pizza,Pizza,3,15,45,15,NA,T5
2026-05-15,ORD-43589,French Fries,Sides,1,5,5,1.5,MARY,T2
15/05/26,ORD-86467,Chicken Wings,Appetizers,1,10,10.00,4,John,
15.05.2026,ORD-12578,Coffee,Drinks,3,4,"12,00",3,john,t3
05/15/26,ORD-80510,Caesar Salad ,Salads,2,12,24,8,MARY,T5
"May 15, 2026",ORD-90121,Coffee,Drinks,1,4,4.0%,1,sarah,none
15 May 2026,ORD-67260,Bruschetta,Appetizers,1,7,7,€2.50,John,T1
15/05/2026,ORD-43961,Pepperoni Pizza,Pizza,1,18,18.00,6,,null
15-05-2026,ORD-57558,french fries,Sides,3,5,15,4.50,,NA
2026/05/15,ORD-90844,Beef  Burger,Burgers,2,14,NA,12.00,Sarah,T5
15-05-2026,ORD-11492,French Fries,Sides,1,5,5,1.5,Sarah,T2
05/15/2026,ORD-81730,Margherita Pizza ,Pizza,3,15,45,"15,00",Sarah,-
15 May 2026,ORD-89904,Caesar Salad,Salads,1,12,12,4.00,,
15/05/26,ORD-58314,Coffee,Drinks,2,4,8.00,2,MARY,
2026/05/15,ORD-55358,Beef Burger,Burgers,2,14,28,12,,
15-05-2026,ORD-76858,Coffee,Drinks,2,4,8.00 EUR,2,john,T2
15.05.2026,ORD-12412,Tiramisu,Desserts,2,8,NULL,6,MARY,t3
--,ORD-98363,Soda,Drinks,1,3,NULL,-,John,T5
15/05/26,ORD-98779,French Fries,Sides,3,5,15.00,4.5,NULL,T2
15/05/26,ORD-82217,Tiramisu,Desserts,2,8,"16,00",6,Sarah,T2
15 May 2026,ORD-21875,Margherita Pizza,Pizza,1,15,15,5,sarah,T1
"May 15, 2026",ORD-79968,Coffee,Drinks,2,4,8,2.00,Sarah,T2
15/05/26,ORD-85296,Soda,Drinks,3,3,9.00,1.5,Sarah,T2
2026/05/15,ORD-10912,Chicken Wings,Appetizers,1,10,"10,00",€4.00,NULL,T5
2026/05/15,ORD-58122,Beef Burger,Burgers,1,14,14,6,sarah,none
NULL,ORD-68212,Bruschetta,Appetizers,2,7,14,5.0,,T5
,ORD-10444,French Fries,Sides,2,5,10,3.0,sarah,T5
2026/05/15,ORD-59939,French Fries,Sides,2,5,10,3.0,sarah,T2
15-05-2026,ORD-21765,French Fries,Sides,1,5,5,1.50 EUR,,t3
16 May 2026,ORD-32535,Caesar Salad,Salads,1,12,"12,00",4,John,t3
"May 16, 2026",ORD-70216,Caesar Salad,Salads,3,12,36.00,12,sarah,t3
-,ORD-29338,Caesar Salad,Salads,2,12,24,8,John,
NA,ORD-70552,BRUSCHETTA,Appetizers,1,7,null,2.5%,,n/a
16-05-2026,ORD-71055,Coffee ,Drinks,1,4,4,1,Sarah,t3
nan,ORD-33587,Coffee,Drinks,2,4,8.0%,2.0%,MARY,T2
16-05-2026,ORD-77787,Chicken Wings,Appetizers,3,10,30,12,MARY,
null,ORD-28832,Soda,Drinks,3,3,9,1.5,,NA
"May 16, 2026",ORD-91979,Caesar Salad,Salads,1,12,12,4,john,NONE
16 May 2026,ORD-91266,Beef Burger,Burgers,2,14,28,"12,00",nan,T5
16-05-2026,ORD-83073,Beef Burger,Burgers,3,14,"42,00",18.00,john,t3
16.05.2026,ORD-62104,Bruschetta,Appetizers,3,7,21,7.5,john,T5
NULL,ORD-49016,Bruschetta,Appetizers,3,7,21,7.5,-,T5
16-05-2026,ORD-19928,Coffee,Drinks,1,4,4.00 USD,$1.00,sarah,NA
16 May 2026,ORD-37731,BRUSCHETTA,Appetizers,3,7,21,7.50,sarah,T1
05/16/26,ORD-76989,Tiramisu,Desserts,2,8,16,6,NULL,T5
16 May 2026,ORD-32869,Bruschetta,Appetizers,1,7,7,2.50,N/A,
"May 16, 2026",ORD-48732,Beef Burger,Burgers,2,14,28,12,sarah,
2026-05-16,ORD-37242,Margherita Pizza,Pizza,2,15,none,10.0%,john,T2
"May 16, 2026",ORD-47323,Tiramisu,Desserts,1,8,8.00,3,,NONE
2026-05-16,ORD-12074,Tiramisu,Desserts,3,8,24,9.00,sarah,T1
05/16/26,ORD-19479,Beef Burger,Burgers,1,14,14,6,,T2
16-05-2026,ORD-61411,Margherita Pizza,Pizza,2,15,30,10,john,T5
16/05/26,ORD-92405,Beef Burger,Burgers,3,14,42,18,,t3
16/05/26,ORD-68756,Coffee,Drinks,2,4,8,2,NONE,T5
16-05-2026,ORD-58836,Soda,Drinks,3,3,9,1.5,MARY,
16/05/26,ORD-67916,Beef Burger,Burgers,1,14,₺14.00,£6.00,Sarah,
16/05/2026,ORD-81471,Bruschetta,Appetizers,3,7,21.0%,7.5,n/a,null
2026/05/16,ORD-75801,Bruschetta,Appetizers,2,7,14,n/a,,T1
16.05.2026,ORD-16294,Beef Burger,Burgers,1,14,14.00,6,Sarah,T1
05/16/26,ORD-63927,Soda,Drinks,1,3,$3.00,0.5,sarah,
2026-05-16,ORD-35470,Beef  Burger,Burgers,2,14,28.00,12,NULL,T5
16/05/26,ORD-36072,Beef Burger,Burgers,3,14,42,18,john,
null,ORD-54417,Soda,Drinks,1,3,3,0.5,John,--
2026-05-16,ORD-20441,French Fries,Sides,2,5,10.00,3.0%,,T1
16/05/2026,ORD-55999,Pepperoni Pizza,Pizza,2,18,36,12,,t3
16.05.2026,ORD-49271,Caesar Salad,Salads,2,12,24,8.00,MARY,T1
"May 16, 2026",ORD-60351,  Beef Burger  ,Burgers,3,14,42.00 EUR,18,,--
16/05/26,ORD-42117,Tiramisu,Desserts,3,8,24,9,sarah,T1
2026/05/16,ORD-18093,Beef Burger,Burgers,2,14,28.00,12,Sarah,t3
16 May 2026,ORD-78357,Caesar Salad,Salads,2,12,24,8.00,john,T5
2026/05/16,ORD-85237,Pepperoni Pizza,Pizza,1,18,18.00,6,Sarah,T5
16/05/26,ORD-31763,Chicken Wings,Appetizers,1,10,10,4,John,--
16/05/26,ORD-98537,French Fries,Sides,3,5,15.00,4.5,,null
05/16/26,ORD-20912,Pepperoni Pizza,Pizza,3,18,--,18,n/a,t3
05/16/26,ORD-67153,Margherita Pizza,Pizza,3,15,45,15,NULL,t3
16/05/2026,ORD-40451,Soda,Drinks,1,3,3,0.5,,T2
2026-05-16,ORD-39258,Beef Burger,Burgers,3,14,42,18,MARY,t3
2026/05/16,ORD-42213,Soda,Drinks,1,3,3,0.5,MARY,T1
"May 17, 2026",ORD-24974,  Bruschetta  ,Appetizers,1,7,7.00,2.5,John,-
17/05/26,ORD-68019,caesar salad,Salads,3,12,36,12.00 TRY,john,
17/05/2026,ORD-94269,Tiramisu,Desserts,1,8,8,3.00 TRY,Sarah,
17.05.2026,ORD-44409,Beef Burger ,Burgers,2,14,28,12.00,,T2
2026-05-17,ORD-25833,Beef Burger,Burgers,2,14,28.0%,12.00,sarah,T1
17.05.2026,ORD-59250,Margherita Pizza,Pizza,2,15,30.00,10,John,t3
17/05/26,ORD-80363,Bruschetta,Appetizers,1,7,$7.00,2.5,Sarah,
05/17/2026,ORD-52944,pepperoni pizza,Pizza,1,18,18,6,,n/a
05/17/26,ORD-49350,Bruschetta,Appetizers,1,7,7,2.5,NA,
17 May 2026,ORD-72107,COFFEE,Drinks,3,4,12,3,,t3
17 May 2026,ORD-75700,Bruschetta,Appetizers,1,7,7,2.5,N/A,T5
17/05/2026,ORD-87893,  Pepperoni Pizza  ,Pizza,1,18,18,6,Sarah,T1
05/17/26,ORD-86253,Tiramisu,Desserts,2,8,16,₺6.00,sarah,
"May 17, 2026",ORD-53835,Soda,Drinks,2,3,6.00,--,,T1
2026/05/17,ORD-49461,Beef Burger,Burgers,3,14,€42.00,18.00 EUR,,T1
17-05-2026,ORD-31712,PEPPERONI PIZZA,Pizza,3,18,nan,18,,T2
2026-05-17,ORD-49925,Chicken Wings,Appetizers,3,10,null,"12,00",john,T5
N/A,ORD-70142,Tiramisu,Desserts,1,8,8,3.00,john,
17 May 2026,ORD-73386,Bruschetta,Appetizers,1,7,7,2.5,john,NA
17 May 2026,ORD-92512,Pepperoni Pizza,Pizza,3,18,54,18,sarah,
05/17/2026,ORD-79050,Soda,Drinks,1,3,"3,00",0.5,John,t3
05/17/2026,ORD-23395,Beef Burger,Burgers,2,14,28.00 TRY,12,Sarah,T1
17-05-2026,ORD-32567,Pepperoni Pizza,Pizza,3,18,54.00,18,,n/a
"May 17, 2026",ORD-32488,French Fries,Sides,1,5,5,1.5,Sarah,T5
05/17/2026,ORD-84128,Pepperoni Pizza,Pizza,2,18,36,12,John,T2
17-05-2026,ORD-30952,chicken wings,Appetizers,3,10,30,12,Sarah,null
05/17/2026,ORD-27524,Soda,Drinks,2,3,6.0%,1.00 EUR,Sarah,nan
17/05/2026,ORD-65213,Tiramisu,Desserts,2,8,$16.00,"6,00",NA,T1
17 May 2026,ORD-37079,Soda,Drinks,3,3,,1.5,john,t3
17/05/2026,ORD-69751,Beef Burger,Burgers,1,14,14,6,sarah,T5
17/05/2026,ORD-91652,Soda,Drinks,3,3,9.00 EUR,1.5%,,
"May 17, 2026",ORD-17784,Chicken Wings,Appetizers,1,10,10,4,sarah,
17-05-2026,ORD-68582,Bruschetta,Appetizers,1,7,7,2.5,sarah,T1
2026/05/17,ORD-25108,Pepperoni Pizza ,Pizza,2,18,36,12,Sarah,NONE
17/05/2026,ORD-37346,Margherita Pizza,Pizza,3,15,45,15.0%,MARY,T2
17-05-2026,ORD-72783,French  Fries,Sides,1,5,5.00,1.50,null,T2
17-05-2026,ORD-63540,Chicken Wings,Appetizers,2,10,20,8.00,sarah,T2
17.05.2026,ORD-97914,Soda,Drinks,2,3,6,1.0,,T5
05/17/26,ORD-59895,Pepperoni Pizza,Pizza,2,18,36,12,,
17/05/26,ORD-92129,  Pepperoni Pizza  ,Pizza,2,18,€36.00,12,,t3
17/05/26,ORD-60353,Caesar Salad,Salads,3,12,36,12,N/A,
2026-05-17,ORD-43640,CAESAR SALAD,Salads,3,12,₺36.00,12,null,t3
05/17/26,ORD-47493,Bruschetta,Appetizers,1,7,7,2.5,,t3
n/a,ORD-68726,Caesar Salad,Salads,3,12,36,"12,00",john,T1
17 May 2026,ORD-36680,Pepperoni Pizza,Pizza,2,18,36.00,12,john,N/A
2026/05/17,ORD-67974,Coffee,Drinks,2,4,8.0%,2,MARY,T5
17 May 2026,ORD-40078,French Fries,Sides,1,5,5,1.5%,sarah,
"May 17, 2026",ORD-62699,  Bruschetta  ,Appetizers,2,7,14,5.0,Sarah,-
17/05/2026,ORD-15243,Margherita Pizza,Pizza,3,15,NA,15,Sarah,
"May 17, 2026",ORD-12658,Caesar Salad,Salads,2,12,24,8.00,,T1
17/05/26,ORD-15212,Beef Burger,Burgers,3,14,42,18,sarah,T1
2026-05-17,ORD-52240,Margherita Pizza,Pizza,2,15,30,10,MARY,
2026-05-17,ORD-63836,Soda,Drinks,1,3,3,£0.50,NULL,T2
17/05/2026,ORD-94591,Bruschetta,Appetizers,2,7,N/A,5.00,MARY,t3
none,ORD-20880,Caesar Salad,Salads,3,12,36.00 EUR,12,MARY,nan
17.05.2026,ORD-72102,Beef Burger,Burgers,1,14,14.00,6,,
2026-05-17,ORD-27468,Coffee,Drinks,1,4,4,1.00,MARY,
17/05/2026,ORD-34977,Soda,Drinks,2,3,6,1.00,john,T1
2026/05/17,ORD-41929,Coffee,Drinks,1,4,4,1,john,NULL
17/05/2026,ORD-96985,Pepperoni Pizza,Pizza,3,18,54,18,,T5
17/05/2026,ORD-91251,Coffee,Drinks,3,4,12.0%,3,MARY,T1
17-05-2026,ORD-32458,Pepperoni Pizza,Pizza,1,18,18.0%,"6,00",MARY,t3
05/17/26,ORD-88945,Bruschetta,Appetizers,2,7,14.00,5.0,MARY,T1
05/17/2026,ORD-45707,Coffee,Drinks,2,4,8.00 USD,2.0%,N/A,none
17/05/2026,ORD-10196,French Fries,Sides,3,5,15,4.5,Sarah,T5
05/17/2026,ORD-94176,Soda,Drinks,2,3,6,€1.00,Sarah,T2
17.05.2026,ORD-68334,French Fries,Sides,1,5,5.00,1.50,,
17-05-2026,ORD-58041,Coffee,Drinks,1,4,4,1,,
17/05/2026,ORD-28707,Soda,Drinks,3,3,9,NULL,Sarah,null
17/05/26,ORD-79698,French Fries,Sides,1,5,5.0%,1.5,John,NULL
17-05-2026,ORD-16238,Soda,Drinks,1,3,3,0.50,,T2
2026-05-17,ORD-44441,Coffee,Drinks,3,4,12,3,John,
18 May 2026,ORD-41195,BEEF BURGER,Burgers,1,14,14.00,6,sarah,T2
05/18/26,ORD-58365,Chicken Wings,Appetizers,2,10,20,8.00 USD,,t3
18/05/2026,ORD-12745,Tiramisu,Desserts,1,8,8,3.00 EUR,sarah,t3
2026-05-18,ORD-87528,Coffee,Drinks,3,4,12.00,3,MARY,T2
18.05.2026,ORD-41220,Pepperoni Pizza,Pizza,2,18,N/A,12,,T5
2026-05-18,ORD-97739,Bruschetta,Appetizers,2,7,14,5.0,John,T5
18-05-2026,ORD-75970,Coffee,Drinks,3,4,12,3.00 EUR,sarah,T1
18/05/2026,ORD-31061,Beef Burger,Burgers,1,14,14,6,john,t3
18.05.2026,ORD-47666,Chicken Wings,Appetizers,3,10,30,12,John,T2
05/18/26,ORD-34061,Caesar Salad,Salads,2,12,24.00,8.00,john,NULL
18/05/26,ORD-53216,Chicken Wings,Appetizers,3,10,₺30.00,12,null,T2
2026-05-18,ORD-93717,Chicken Wings,Appetizers,1,10,10,4,Sarah,T1
"May 18, 2026",ORD-83371,Pepperoni Pizza,Pizza,1,18,€18.00,6,Sarah,T1
18/05/2026,ORD-45804,PEPPERONI PIZZA,Pizza,3,18,54.00,18,null,n/a
NONE,ORD-23220,Tiramisu,Desserts,3,8,24.0%,9,John,n/a
"May 18, 2026",ORD-95383,Pepperoni Pizza,Pizza,2,18,36,12,sarah,NONE
05/18/26,ORD-71074,Tiramisu,Desserts,3,8,24,9,John,T1
18 May 2026,ORD-53889,Margherita Pizza,Pizza,3,15,45,15,john,T5
18 May 2026,ORD-79557,Margherita Pizza,Pizza,1,15,15,5,John,t3
2026/05/18,ORD-40708,Beef Burger,Burgers,2,14,28.00 EUR,12,N/A,T5
n/a,ORD-47057,Caesar Salad,Salads,3,12,36.00,12.00,John,T2
18 May 2026,ORD-12877,Beef Burger,Burgers,2,14,28,12,sarah,T2
2026/05/18,ORD-37131,French Fries,Sides,3,5,"15,00",€4.50,Sarah,t3
18.05.2026,ORD-78331,Tiramisu,Desserts,3,8,24.00 USD,9,john,--
05/18/26,ORD-32395,Caesar Salad,Salads,2,12,24,8.00,sarah,
NULL,ORD-30867,Beef Burger,Burgers,2,14,28,none,,T5
"May 19, 2026",ORD-70959,Tiramisu,Desserts,2,8,--,6.00,john,T5
05/19/26,ORD-81329,Soda,Drinks,3,3,9.00 USD,"1,50",,T2
19-05-2026,ORD-19680,Bruschetta,Appetizers,2,7,14,5.00,,
05/19/2026,ORD-95810,Margherita Pizza,Pizza,3,15,45,15,--,T5
"May 19, 2026",ORD-97050,  Coffee  ,Drinks,1,4,$4.00,$1.00,Sarah,T2
NONE,ORD-72251,Chicken Wings,Appetizers,1,10,10.00,4,john,n/a
05/19/26,ORD-32660,Tiramisu,Desserts,2,8,16,£6.00,MARY,T1
05/19/26,ORD-81191,Beef Burger,Burgers,3,14,£42.00,18.00 TRY,Sarah,T1
05/19/26,ORD-29565,French Fries,Sides,3,5,15.00,4.5,sarah,n/a
19 May 2026,ORD-79553,Beef Burger ,Burgers,1,14,14.00,6.0%,john,T1
19/05/26,ORD-70546,Pepperoni Pizza ,Pizza,3,18,54,18,john,T5
2026-05-19,ORD-76675,Bruschetta,Appetizers,1,7,7,-,John,T1
19 May 2026,ORD-23381,Coffee,Drinks,1,4,4,1.00,MARY,T1
05/19/2026,ORD-20016,French Fries,Sides,1,5,5,1.50,Sarah,t3
19-05-2026,ORD-29039,Beef Burger,Burgers,1,14,$14.00,6,sarah,
05/19/26,ORD-63865,Soda,Drinks,3,3,9,1.5,john,T1
05/19/2026,ORD-55459,Chicken Wings,Appetizers,2,10,20,8,John,t3
19.05.2026,ORD-39251,French Fries,Sides,1,5,5,1.5,Sarah,T2
19 May 2026,ORD-88179,Chicken Wings,Appetizers,2,10,20,8,NA,T5
2026/05/19,ORD-57595,Margherita Pizza,Pizza,3,15,45,15,Sarah,
19/05/2026,ORD-26257,Chicken Wings ,Appetizers,3,10,"30,00","12,00",MARY,
2026/05/19,ORD-16051,Soda,Drinks,3,3,9,1.50,,T2
2026-05-19,ORD-20522,Beef Burger,Burgers,1,14,14.00,"6,00",sarah,T5
19/05/26,ORD-60919,Margherita Pizza,Pizza,2,15,30,10,,t3
19-05-2026,ORD-29148,Coffee,Drinks,1,4,4.0%,1,-,T1
"May 19, 2026",ORD-92586,Bruschetta,Appetizers,2,7,14,5.00,sarah,T2
19-05-2026,ORD-76510,Chicken Wings,Appetizers,3,10,30,12.00,Sarah,T1
2026/05/19,ORD-24621,Coffee,Drinks,1,4,₺4.00,1,John,T2
2026-05-19,ORD-11220,Soda,Drinks,3,3,-,1.5,sarah,
05/19/26,ORD-89504,Bruschetta,Appetizers,1,7,"7,00",2.5,,t3
19-05-2026,ORD-97044,Beef Burger,Burgers,3,14,42,18,,T2
19.05.2026,ORD-72460,Pepperoni Pizza,Pizza,1,18,18.0%,6.00,,-
20-05-2026,ORD-75558,Soda,Drinks,2,3,6,1.0%,none,T5
20-05-2026,ORD-16455,Tiramisu,Desserts,1,8,8,3,john,T5
20-05-2026,ORD-10952,Soda,Drinks,3,3,9,1.5,MARY,T1
05/20/2026,ORD-13062,French Fries,Sides,3,5,15.00 EUR,4.5,MARY,T2
2026-05-20,ORD-71313,Soda,Drinks,2,3,£6.00,null,MARY,N/A
20/05/26,ORD-32029,Caesar Salad,Salads,1,12,12,₺4.00,John,
20-05-2026,ORD-95207,Pepperoni Pizza,Pizza,2,18,36,12,n/a,t3
20-05-2026,ORD-96103,Bruschetta,Appetizers,2,7,14,"5,00",NULL,t3
20.05.2026,ORD-32383,Bruschetta,Appetizers,2,7,14,5.0,,--
20-05-2026,ORD-22452,Pepperoni Pizza,Pizza,1,18,"18,00",6,John,T5
05/20/2026,ORD-86510,Coffee,Drinks,3,4,null,£3.00,MARY,--
20/05/2026,ORD-82650,Pepperoni Pizza,Pizza,2,18,36.00,12,John,T5
"May 20, 2026",ORD-93126,Beef Burger,Burgers,3,14,42,18,John,t3
"May 20, 2026",ORD-57908,Chicken Wings,Appetizers,1,10,10.00,4,NULL,NULL
05/20/2026,ORD-49686,Chicken Wings,Appetizers,3,10,£30.00,12,john,
20/05/26,ORD-22064,Margherita Pizza,Pizza,3,15,45,15,john,t3
2026/05/20,ORD-88545,Margherita  Pizza,Pizza,2,15,30,10,,T2
05/20/2026,ORD-12726,Tiramisu,Desserts,3,8,24,"9,00",,T2
20/05/2026,ORD-28011,Coffee,Drinks,1,4,4.00,1,--,T5
20/05/26,ORD-33003,Margherita  Pizza,Pizza,1,15,15,5,John,t3
20.05.2026,ORD-72889,Chicken Wings,Appetizers,1,10,"10,00",4.00,John,T1
20 May 2026,ORD-11867,Bruschetta,Appetizers,2,7,14.00,5.0,NULL,
20/05/26,ORD-65699,Bruschetta,Appetizers,2,7,14,5.0,john,t3
05/20/2026,ORD-38722,  Soda  ,Drinks,3,3,9,1.5,John,
2026/05/20,ORD-86378,Coffee,Drinks,3,4,12,3,MARY,
20.05.2026,ORD-21483,Coffee,Drinks,3,4,"12,00",3.00,John,T1
2026-05-20,ORD-31294,Chicken Wings,Appetizers,2,10,20,8.00,John,t3
20.05.2026,ORD-60046,Tiramisu,Desserts,3,8,24.00,9,none,
20/05/2026,ORD-64730,Margherita Pizza,Pizza,1,15,£15.00,5.00,John,T1
2026-05-20,ORD-89293,Caesar Salad,Salads,3,12,36.00,"12,00",,t3
20/05/2026,ORD-93876,Bruschetta ,Appetizers,1,7,"7,00",2.5,N/A,T5
N/A,ORD-25416,Beef Burger,Burgers,1,14,£14.00,6,john,T5
20/05/26,ORD-75240,French Fries,Sides,1,5,5,1.5%,sarah,T5
"May 20, 2026",ORD-66340,Bruschetta,Appetizers,3,7,,7.5,MARY,T1
20 May 2026,ORD-75900,Tiramisu,Desserts,1,8,8,3,John,T5
05/20/2026,ORD-69946,Pepperoni Pizza,Pizza,1,18,18,6,none,T5
20-05-2026,ORD-68768,Soda,Drinks,3,3,9,1.50,NA,T1
20.05.2026,ORD-10599,Coffee,Drinks,2,4,8,2,Sarah,n/a
20/05/26,ORD-63120,Tiramisu,Desserts,1,8,8,"3,00",MARY,t3
20/05/2026,ORD-50269,Coffee,Drinks,2,4,8,2,Sarah,
NONE,ORD-99311,Caesar Salad,Salads,3,12,36,12,John,t3
05/20/26,ORD-83845,Tiramisu,Desserts,2,8,16,6,john,t3
05/20/2026,ORD-88556,Chicken Wings,Appetizers,3,10,30.00 USD,"12,00",sarah,T1
20 May 2026,ORD-27085,Bruschetta,Appetizers,2,7,14.00,5.00 TRY,NA,none
21/05/26,ORD-56403,Soda,Drinks,1,3,3.0%,0.5,Sarah,t3
21/05/2026,ORD-77561,Caesar Salad,Salads,2,12,24,8,sarah,T2
21.05.2026,ORD-24330,Caesar Salad,Salads,1,12,12,--,,T2
2026-05-21,ORD-57984,French Fries,Sides,2,5,nan,3.0,john,T5
21/05/2026,ORD-55566,Tiramisu,Desserts,3,8,24,nan,John,T5
21/05/26,ORD-36251,Pepperoni Pizza,Pizza,3,18,$54.00,18,john,t3
21 May 2026,ORD-79435,Beef Burger,Burgers,2,14,28.00 TRY,12,john,T2
21.05.2026,ORD-71370,BRUSCHETTA,Appetizers,1,7,7,2.5,Sarah,null
21.05.2026,ORD-58525,Bruschetta,Appetizers,1,7,7,2.50 EUR,,NONE
21/05/2026,ORD-71510,Chicken Wings,Appetizers,2,10,20,8,john,T5
2026-05-21,ORD-86951,Chicken Wings,Appetizers,3,10,30,12,N/A,NA
2026/05/21,ORD-93940,Bruschetta,Appetizers,3,7,21,7.5,Sarah,T1
21/05/2026,ORD-70279,Pepperoni Pizza,Pizza,1,18,18,6,NULL,T2
n/a,ORD-59825,Beef Burger,Burgers,2,14,28,12,John,T5
,ORD-45991,Bruschetta,Appetizers,3,7,21,7.5,MARY,t3
05/21/26,ORD-12045,French  Fries,Sides,3,5,15,"4,50",sarah,T1
2026-05-21,ORD-83822,Caesar Salad,Salads,1,12,12,4,sarah,
2026/05/21,ORD-53029,Bruschetta,Appetizers,1,7,"7,00",2.5,NONE,T2
"May 21, 2026",ORD-41539,Tiramisu,Desserts,2,8,16,6,sarah,
"May 21, 2026",ORD-72489,Margherita Pizza,Pizza,3,15,45,15,Sarah,NULL
21.05.2026,ORD-43773,Pepperoni Pizza,Pizza,3,18,54.0%,18.00,sarah,
21/05/26,ORD-45073,Beef Burger,Burgers,1,14,14,6,Sarah,t3
2026/05/21,ORD-86495,Caesar Salad ,Salads,3,12,36,12,John,t3
05/21/2026,ORD-78512,Beef Burger,Burgers,2,14,28,12.00,john,
05/22/2026,ORD-66219,Margherita Pizza,Pizza,1,15,15.0%,5,,NONE
22 May 2026,ORD-58066,Coffee,Drinks,2,4,8,2.00 EUR,sarah,T5
22/05/26,ORD-14849,Beef Burger,Burgers,3,14,NULL,18,john,T5
22-05-2026,ORD-11657,Tiramisu,Desserts,2,8,16.00,6,Sarah,n/a
22/05/2026,ORD-51367,CAESAR SALAD,Salads,2,12,24.0%,,Sarah,t3
22/05/26,ORD-39626,Chicken Wings,Appetizers,3,10,30,12,john,t3
"May 22, 2026",ORD-44503,Chicken  Wings,Appetizers,1,10,10,4,Sarah,t3
22/05/26,ORD-94599,Chicken Wings,Appetizers,2,10,20,8.00,MARY,t3
22/05/2026,ORD-62837,  Margherita Pizza  ,Pizza,3,15,45,15,John,T1
null,ORD-35901,Margherita Pizza,Pizza,1,15,15,5,,T1
2026-05-22,ORD-35514,Margherita Pizza,Pizza,2,15,30,10.0%,-,T1
22-05-2026,ORD-59638,BEEF BURGER,Burgers,1,14,14.00,6.00 EUR,John,t3
2026/05/22,ORD-53703,MARGHERITA PIZZA,Pizza,3,15,,15,MARY,
22/05/26,ORD-39386,Soda,Drinks,2,3,£6.00,1.0,Sarah,T5
22/05/26,ORD-19161,Pepperoni Pizza,Pizza,3,18,54,18.00,none,
2026-05-22,ORD-38930,Bruschetta,Appetizers,2,7,14,5.0,john,t3
"May 22, 2026",ORD-79613,Pepperoni Pizza,Pizza,1,18,none,6,sarah,T5
22.05.2026,ORD-71196,soda,Drinks,3,3,9,1.50,john,T2
22 May 2026,ORD-98477,Coffee,Drinks,3,4,12,3,null,t3
2026/05/22,ORD-51885,French Fries,Sides,3,5,15,4.5,Sarah,
22/05/26,ORD-67695,French Fries,Sides,3,5,15,"4,50",john,--
"May 22, 2026",ORD-16154,COFFEE,Drinks,1,4,4,1.00,N/A,T5
22 May 2026,ORD-83436,Pepperoni Pizza,Pizza,2,18,36,12,John,T5
05/22/2026,ORD-89305,Soda,Drinks,1,3,£3.00,0.5,Sarah,T2
22 May 2026,ORD-12314,Pepperoni Pizza,Pizza,3,18,54,18,N/A,T1
05/22/2026,ORD-33066,TIRAMISU,Desserts,1,8,8,3,John,T1
05/22/26,ORD-38029,Tiramisu,Desserts,2,8,16,6.0%,,t3
22/05/26,ORD-83080,Pepperoni Pizza,Pizza,2,18,36,"12,00",MARY,T5
05/22/2026,ORD-18326,PEPPERONI PIZZA,Pizza,2,18,36,12,john,T1
"May 22, 2026",ORD-44631,Coffee,Drinks,2,4,none,2,-,
05/22/26,ORD-86624,Soda,Drinks,2,3,6,1.00,Sarah,T2
22 May 2026,ORD-56250,SODA,Drinks,3,3,9,1.5%,sarah,
05/22/2026,ORD-80194,Soda,Drinks,3,3,"9,00",1.5,MARY,t3
22-05-2026,ORD-91075,French Fries,Sides,2,5,10,3.0,sarah,t3
05/22/2026,ORD-76970,Coffee,Drinks,1,4,4.00,1,MARY,T5
05/22/26,ORD-95253,Caesar Salad,Salads,2,12,24,8,sarah,T1
"May 22, 2026",ORD-33688,Soda,Drinks,2,3,6.00,"1,00",john,T1
22/05/26,ORD-82496,tiramisu,Desserts,2,8,16,"6,00",Sarah,T2
"May 22, 2026",ORD-57243,Caesar Salad,Salads,3,12,36,12,Sarah,t3
05/22/2026,ORD-50780,Caesar Salad,Salads,3,12,36.00,12,John,t3
05/22/2026,ORD-22364,Coffee,Drinks,1,4,4,£1.00,MARY,T5
05/22/26,ORD-83287,Tiramisu,Desserts,3,8,24,9.00 USD,MARY,T5
22/05/2026,ORD-11818,French Fries,Sides,1,5,5,1.5,n/a,T5
"May 22, 2026",ORD-95412,Tiramisu,Desserts,3,8,24,9,MARY,T5
05/22/26,ORD-30149,Bruschetta,Appetizers,2,7,14.00,5.0,NA,T5
22/05/2026,ORD-62250,CAESAR SALAD,Salads,1,12,12,4,Sarah,T1
22-05-2026,ORD-43654,Coffee,Drinks,1,4,4.00,1.0%,John,T5
2026/05/22,ORD-99097,Bruschetta,Appetizers,1,7,7.00 EUR,2.5,john,NULL
2026-05-22,ORD-15297,Beef Burger,Burgers,2,14,28.0%,NA,,t3
"May 22, 2026",ORD-57266,Bruschetta,Appetizers,2,7,14,5.0,john,
nan,ORD-76382,bruschetta,Appetizers,2,7,14.0%,5.0,john,T5
2026-05-22,ORD-74836,Bruschetta,Appetizers,1,7,7,,,T1
05/22/2026,ORD-54119,Caesar Salad,Salads,1,12,12,4,Sarah,T2
22.05.2026,ORD-87323,Coffee,Drinks,2,4,8.0%,2,sarah,T2
22.05.2026,ORD-49355,Margherita Pizza,Pizza,2,15,30,10,,T5
05/22/2026,ORD-46345,Pepperoni Pizza,Pizza,2,18,36,12,sarah,T1
22/05/26,ORD-18654,  Soda  ,Drinks,3,3,9.00,1.5,Sarah,
22-05-2026,ORD-98912,beef burger,Burgers,1,14,14,6,john,nan
22/05/2026,ORD-14966,Caesar Salad,Salads,2,12,none,8,john,
"May 22, 2026",ORD-45533,Bruschetta,Appetizers,1,7,7,2.5,John,T5
05/22/2026,ORD-37605,Chicken Wings,Appetizers,2,10,20,8,john,nan
05/22/2026,ORD-81479,Beef Burger ,Burgers,2,14,28,12,John,T2
22.05.2026,ORD-77438,Margherita Pizza,Pizza,1,15,15,5.00 TRY,john,t3
"May 22, 2026",ORD-78307,Tiramisu,Desserts,2,8,16,£6.00,sarah,nan
05/22/2026,ORD-23374,French Fries,Sides,1,5,5,n/a,MARY,T1
22 May 2026,ORD-82032,Soda,Drinks,1,3,3,0.5,john,
2026-05-22,ORD-63055,Coffee,Drinks,2,4,8,2,John,
22/05/26,ORD-89396,Caesar Salad,Salads,1,12,12,4,MARY,T1
"May 22, 2026",ORD-50711,Tiramisu,Desserts,3,8,24,9,Sarah,t3
05/22/26,ORD-31510,Margherita Pizza,Pizza,3,15,45,15.00,MARY,T1
05/22/26,ORD-46257,French Fries,Sides,2,5,€10.00,3.0,John,T2
05/22/26,ORD-20013,Beef Burger,Burgers,3,14,42,18,,T1
22/05/26,ORD-57322,Margherita Pizza,Pizza,3,15,45,15,--,
22 May 2026,ORD-11477,Margherita Pizza,Pizza,2,15,30,10,MARY,
05/22/26,ORD-93288,  Margherita Pizza  ,Pizza,2,15,30,none,none,T5
22.05.2026,ORD-62662,Soda,Drinks,1,3,3,0.50,John,T2
22/05/2026,ORD-84439,Margherita Pizza,Pizza,1,15,15,"5,00",MARY,T2
22.05.2026,ORD-80325,Chicken Wings,Appetizers,2,10,20.0%,8.0%,john,T1
23/05/2026,ORD-79164,Bruschetta,Appetizers,3,7,21,7.5,Sarah,T2
"May 23, 2026",ORD-99465,Bruschetta,Appetizers,3,7,null,7.50,Sarah,T5
05/23/26,ORD-42010,Margherita  Pizza,Pizza,1,15,15,5.00,,T1
23/05/26,ORD-99093,Coffee,Drinks,1,4,4,nan,John,T5
"May 23, 2026",ORD-80207,Chicken  Wings,Appetizers,2,10,20,"8,00",john,null
23-05-2026,ORD-20047,Pepperoni Pizza,Pizza,2,18,36.00 USD,12,john,T5
2026/05/23,ORD-63614,Pepperoni Pizza,Pizza,3,18,54,18.00 TRY,john,
2026/05/23,ORD-68343,Pepperoni Pizza ,Pizza,3,18,54,18,-,T2
"May 23, 2026",ORD-14821,Tiramisu,Desserts,3,8,24.00,9,,T5
23.05.2026,ORD-39721,  Beef Burger  ,Burgers,1,14,14,6,MARY,
05/23/2026,ORD-43687,Chicken Wings,Appetizers,1,10,NONE,4,,T5
23.05.2026,ORD-78158,Tiramisu,Desserts,2,8,16,6,sarah,T1
2026-05-23,ORD-26026,bruschetta,Appetizers,1,7,7,2.5,john,t3
05/23/26,ORD-60079,Chicken Wings,Appetizers,3,10,30.00,12,,
"May 23, 2026",ORD-13604,Coffee,Drinks,1,4,4.0%,1,MARY,NULL
2026-05-23,ORD-24058,Pepperoni Pizza,Pizza,2,18,36,12,MARY,T5
NONE,ORD-51998,Coffee,Drinks,2,4,8,2,N/A,t3
23/05/2026,ORD-49472,Beef Burger,Burgers,2,14,28,12.00 EUR,sarah,T2
23/05/2026,ORD-56344,Tiramisu,Desserts,3,8,24,9,Sarah,T2
23 May 2026,ORD-90284,Margherita Pizza,Pizza,1,15,15,5,John,T2
23-05-2026,ORD-14702,Caesar Salad,Salads,2,12,"24,00",8,,T2
2026-05-23,ORD-28191,COFFEE,Drinks,2,4,8.00,2,MARY,t3
2026/05/23,ORD-98528,Bruschetta,Appetizers,3,7,21,7.5,Sarah,T1
2026/05/23,ORD-17367,Coffee,Drinks,1,4,4,1,Sarah,T2
2026/05/23,ORD-15848,Coffee,Drinks,3,4,N/A,3,,t3
,ORD-15082,Beef Burger ,Burgers,3,14,42.0%,18,MARY,T1
23.05.2026,ORD-91603,French Fries,Sides,3,5,15,4.50 TRY,,T1
23-05-2026,ORD-14607,Coffee,Drinks,3,4,12.00,3,,-
05/23/26,ORD-40334,Beef Burger,Burgers,2,14,28.00,12,null,T2
23/05/2026,ORD-12184,coffee,Drinks,2,4,8,2,--,
05/23/2026,ORD-86697,Pepperoni Pizza,Pizza,3,18,54,18.00,sarah,T1
05/23/26,ORD-62923,French Fries,Sides,3,5,15,4.5,MARY,T1
none,ORD-28280,Soda,Drinks,1,3,3,0.5,Sarah,T1
"May 23, 2026",ORD-54147,Margherita Pizza,Pizza,3,15,45.00 TRY,15,john,T2
23.05.2026,ORD-82647,Beef Burger,Burgers,1,14,14,"6,00",sarah,T2
2026-05-23,ORD-39298,Pepperoni Pizza,Pizza,3,18,54,18,sarah,n/a
23 May 2026,ORD-39437,MARGHERITA PIZZA,Pizza,3,15,45,15.00,--,T5
23/05/26,ORD-49956,Tiramisu,Desserts,3,8,24,9,john,T5
23.05.2026,ORD-55813,Bruschetta,Appetizers,1,7,7,2.5,NULL,T1
23-05-2026,ORD-53954,Caesar Salad,Salads,3,12,36,"12,00",John,
24-05-2026,ORD-36168,Beef Burger,Burgers,2,14,"28,00",12,,T5
2026-05-24,ORD-67029,Soda,Drinks,1,3,3.00 USD,0.5,john,
2026/05/24,ORD-47725,French Fries,Sides,1,5,5,1.5,Sarah,t3
05/24/2026,ORD-99641,Tiramisu,Desserts,1,8,8,3,john,T1
"May 24, 2026",ORD-15566,Bruschetta,Appetizers,3,7,21,none,--,
2026-05-24,ORD-48777,  Pepperoni Pizza  ,Pizza,3,18,54,£18.00,John,N/A
24 May 2026,ORD-86938,Soda,Drinks,3,3,9,1.5,John,T1
24/05/26,ORD-50298,  Tiramisu  ,Desserts,3,8,24,9,John,T1
"May 24, 2026",ORD-77479,French Fries,Sides,2,5,10,"3,00",,T1
24-05-2026,ORD-52828,Bruschetta,Appetizers,2,7,14,5.0,sarah,T1
24/05/26,ORD-56939,Soda,Drinks,3,3,9.00,1.50 TRY,John,T1
24.05.2026,ORD-58537,chicken wings,Appetizers,3,10,30,12,sarah,T5
05/24/26,ORD-15597,Bruschetta,Appetizers,2,7,"14,00",£5.00,sarah,T5
24.05.2026,ORD-11629,Margherita Pizza,Pizza,2,15,30,"10,00",,T5
24/05/26,ORD-72574,Soda,Drinks,3,3,9.00 EUR,1.5%,John,N/A
24-05-2026,ORD-56401,French Fries,Sides,2,5,10,3.00 TRY,john,
"May 24, 2026",ORD-11235,Pepperoni Pizza,Pizza,1,18,18.0%,6,john,T2
2026-05-24,ORD-59295,Caesar Salad,Salads,2,12,24,8.00 TRY,MARY,
2026-05-24,ORD-16543,soda,Drinks,2,3,6.00,1.0,john,T2
05/24/26,ORD-23818,Bruschetta,Appetizers,3,7,£21.00,7.5,,
05/24/2026,ORD-36265,Coffee ,Drinks,2,4,8.00,2.0%,John,T5
24-05-2026,ORD-11516,Bruschetta,Appetizers,1,7,7,2.5,MARY,T2
05/24/26,ORD-65574,BRUSCHETTA,Appetizers,3,7,21,7.5,sarah,T1
05/24/26,ORD-46440,Tiramisu,Desserts,2,8,16,6,sarah,
2026/05/24,ORD-44759,tiramisu,Desserts,3,8,24.00,9,Sarah,t3
"May 24, 2026",ORD-39556,soda,Drinks,1,3,3.00,0.5,Sarah,
05/24/26,ORD-98307,Beef Burger,Burgers,1,14,14,6.0%,,
24 May 2026,ORD-57987,Margherita Pizza,Pizza,3,15,45,"15,00",Sarah,
24/05/26,ORD-98929,French Fries ,Sides,2,5,10,null,MARY,t3
05/24/2026,ORD-71813,Chicken Wings,Appetizers,1,10,10,4,John,T2
05/24/2026,ORD-29469,Coffee,Drinks,1,4,4.00,1,MARY,t3
24.05.2026,ORD-70214,Tiramisu,Desserts,2,8,16,6.00,Sarah,t3
24.05.2026,ORD-68868,Tiramisu,Desserts,3,8,24,9,john,T1
"May 24, 2026",ORD-25849,Pepperoni Pizza,Pizza,3,18,54,"18,00",Sarah,
n/a,ORD-97393,Soda,Drinks,2,3,6,1.0,Sarah,T1
NULL,ORD-71480,Soda,Drinks,1,3,3,0.50 EUR,john,T2
24-05-2026,ORD-40174,Beef Burger,Burgers,3,14,NONE,18,sarah,
05/24/2026,ORD-98979,Caesar Salad,Salads,3,12,36,12,Sarah,T5
2026/05/24,ORD-96472,Chicken Wings,Appetizers,3,10,30.0%,12,Sarah,T5
05/24/26,ORD-19042,Caesar Salad,Salads,3,12,36,12.00,sarah,NONE
05/24/2026,ORD-76105,Coffee,Drinks,1,4,₺4.00,1,Sarah,
05/24/26,ORD-27174,Bruschetta,Appetizers,3,7,"21,00",7.5,sarah,NULL
24/05/26,ORD-85983,Coffee,Drinks,2,4,8.0%,NULL,John,
2026/05/24,ORD-39807,Bruschetta,Appetizers,1,7,7.00,-,n/a,T1
05/24/26,ORD-94671,Soda,Drinks,3,3,9,1.5,Sarah,null
2026/05/24,ORD-27149,Margherita Pizza,Pizza,2,15,30,£10.00,john,T5
2026-05-24,ORD-54116,Coffee,Drinks,1,4,4.0%,"1,00",,t3
05/24/2026,ORD-50782,Caesar Salad ,Salads,1,12,12,4,John,T5
24.05.2026,ORD-30090,Coffee,Drinks,3,4,12,NULL,MARY,
24-05-2026,ORD-85885,Bruschetta,Appetizers,1,7,7,2.5,N/A,
05/24/2026,ORD-26789,Beef Burger ,Burgers,2,14,28,12.0%,MARY,t3
24/05/26,ORD-27349,Soda,Drinks,2,3,6,1.0,John,null
05/24/2026,ORD-22206,Pepperoni Pizza,Pizza,3,18,54,"18,00",nan,T5
24-05-2026,ORD-32607,Coffee,Drinks,1,4,4,1,MARY,T5
24.05.2026,ORD-43716,french fries,Sides,3,5,15,"4,50",sarah,t3
24 May 2026,ORD-15866,Tiramisu,Desserts,1,8,$8.00,3,John,
"May 24, 2026",ORD-54941,Caesar Salad,Salads,2,12,24,"8,00",John,none
24 May 2026,ORD-17653,Bruschetta,Appetizers,3,7,21,7.5,nan,T1
24.05.2026,ORD-21851,Margherita Pizza,Pizza,3,15,45,15.00,Sarah,
24-05-2026,ORD-22569,Coffee,Drinks,1,4,"4,00",1.00 USD,john,--
24/05/2026,ORD-94259,Coffee,Drinks,2,4,"8,00",2.00,MARY,t3
nan,ORD-51167,Margherita Pizza,Pizza,1,15,15,5,sarah,N/A
24/05/26,ORD-10736,  Caesar Salad  ,Salads,1,12,12,4,nan,
"May 24, 2026",ORD-31817,Soda,Drinks,3,3,9,1.5,John,T2
24.05.2026,ORD-17663,Beef Burger,Burgers,3,14,42,18.00 EUR,john,T1
none,ORD-34991,Beef Burger,Burgers,1,14,14,6,N/A,t3
2026-05-24,ORD-48379,French Fries,Sides,1,5,5,$1.50,John,T2
24 May 2026,ORD-18372,Tiramisu,Desserts,1,8,8.00,3.00,,
24/05/26,ORD-66028,Margherita Pizza,Pizza,2,15,30,10,nan,NA
2026/05/24,ORD-76654,French Fries,Sides,2,5,10,3.00,John,T5
"May 24, 2026",ORD-65014,French Fries,Sides,3,5,15,4.5,,T2
2026-05-24,ORD-27140,chicken wings,Appetizers,1,10,10,4,MARY,T5
24.05.2026,ORD-86265,  Coffee  ,Drinks,1,4,"4,00",1.00 EUR,NONE,N/A
05/24/2026,ORD-24122,Caesar Salad,Salads,1,12,12,4.0%,,NULL
2026-05-25,ORD-78399,Caesar Salad,Salads,2,12,24,8.00,Sarah,T1
25 May 2026,ORD-64271,Chicken Wings,Appetizers,2,10,"20,00",8.00,John,t3
05/25/26,ORD-86592,Margherita Pizza,Pizza,3,15,45.00,£15.00,john,T5
25 May 2026,ORD-41959,Soda,Drinks,3,3,9.0%,1.5,MARY,T1
25.05.2026,ORD-26898,Beef Burger,Burgers,1,14,14,6.00,,t3
2026/05/25,ORD-73139,Coffee,Drinks,3,4,12,3.00,-,NONE
25.05.2026,ORD-80296,Chicken Wings,Appetizers,2,10,20,8.00,,t3
25 May 2026,ORD-44421,Pepperoni Pizza,Pizza,2,18,36,12.00,MARY,T1
05/25/26,ORD-81374,Chicken Wings,Appetizers,3,10,30,12.0%,john,
05/25/2026,ORD-56419,soda,Drinks,1,3,3,0.50,sarah,T1
25/05/2026,ORD-29567,Beef Burger,Burgers,3,14,42,18.00,Sarah,T5
2026-05-25,ORD-44463,Bruschetta,Appetizers,2,7,14,5.00,MARY,--
25/05/26,ORD-90792,tiramisu,Desserts,3,8,24,9.00,John,T1
"May 25, 2026",ORD-31273,French Fries,Sides,1,5,5,1.50 EUR,john,
25/05/2026,ORD-20578,Beef Burger,Burgers,1,14,14.00,6,john,t3
25-05-2026,ORD-89130,French Fries,Sides,3,5,NULL,4.5,sarah,T5
25-05-2026,ORD-89334,French Fries ,Sides,3,5,15,4.5,Sarah,T5
2026/05/25,ORD-52814,French Fries,Sides,2,5,10.0%,3.0,,T1
2026/05/25,ORD-89245,Tiramisu,Desserts,2,8,16.0%,6,john,
2026-05-25,ORD-68184,Soda,Drinks,1,3,3.00,null,,T2
25 May 2026,ORD-69890,Coffee,Drinks,1,4,4,1,,
"May 25, 2026",ORD-80974,French Fries,Sides,2,5,--,"3,00",Sarah,
26 May 2026,ORD-34933,Beef Burger,Burgers,3,14,42,18,john,T2
NA,ORD-24252,tiramisu,Desserts,3,8,24,9,sarah,--
26-05-2026,ORD-31995,Pepperoni Pizza,Pizza,2,18,36,12,,none
26/05/2026,ORD-22382,french fries,Sides,1,5,5,nan,Sarah,none
26 May 2026,ORD-17464,Tiramisu,Desserts,2,8,16,6,MARY,T1
"May 26, 2026",ORD-39458,Coffee,Drinks,2,4,₺8.00,2.0%,MARY,
--,ORD-18617,Chicken  Wings,Appetizers,2,10,20.00,8,MARY,T2
2026-05-26,ORD-50071,Beef  Burger,Burgers,1,14,14.00 TRY,6,sarah,none
26 May 2026,ORD-99543,Pepperoni Pizza,Pizza,2,18,36.00,12,John,T5
26 May 2026,ORD-77050,Soda,Drinks,2,3,6,1.0,MARY,null
2026-05-26,ORD-19845,Caesar Salad,Salads,3,12,36,12,sarah,N/A
05/26/26,ORD-44780,Tiramisu,Desserts,1,8,8,3,,t3
26 May 2026,ORD-78084,chicken wings,Appetizers,1,10,10,4.00,MARY,T1
26-05-2026,ORD-68655,Soda,Drinks,3,3,9,n/a,Sarah,T1
26/05/2026,ORD-79219,Beef Burger,Burgers,1,14,14,6,Sarah,T2
26/05/26,ORD-55282,Beef Burger,Burgers,1,14,14,6,Sarah,
26 May 2026,ORD-31771,Tiramisu,Desserts,1,8,8.00,3,John,
26 May 2026,ORD-75093,French Fries ,Sides,2,5,10,3.0,-,T2
26/05/26,ORD-65247,Beef Burger,Burgers,2,14,28,12,,
26.05.2026,ORD-44868,Beef Burger,Burgers,2,14,28,12,N/A,T5
2026-05-26,ORD-28698,Tiramisu,Desserts,3,8,24.00,9,Sarah,T2
26/05/26,ORD-85209,Coffee,Drinks,2,4,8,2,,none
27-05-2026,ORD-20048,Coffee,Drinks,2,4,8,2,john,T1
05/27/2026,ORD-26733,Chicken Wings,Appetizers,1,10,₺10.00,4,sarah,T1
27-05-2026,ORD-93205,Soda,Drinks,3,3,9.00 EUR,1.5,--,T1
2026-05-27,ORD-86870,Tiramisu,Desserts,3,8,24,9,MARY,
-,ORD-57431,Caesar Salad,Salads,3,12,36,N/A,null,T2
27 May 2026,ORD-97461,Soda,Drinks,3,3,9,1.50,,
27-05-2026,ORD-99093,Caesar Salad,Salads,2,12,24,8,john,
05/27/2026,ORD-65111,Tiramisu,Desserts,3,8,24.0%,9,john,T1
2026-05-27,ORD-24273,Chicken Wings,Appetizers,1,10,10,4,Sarah,T1
"May 27, 2026",ORD-13577,Bruschetta,Appetizers,2,7,14.00 TRY,5.0,Sarah,none
27/05/26,ORD-51663,Beef Burger,Burgers,2,14,28,12,John,T2
27/05/26,ORD-59266,Bruschetta,Appetizers,3,7,21,7.5,,N/A
27/05/26,ORD-83105,Caesar Salad,Salads,3,12,36.0%,12,Sarah,t3
27/05/2026,ORD-14549,Caesar Salad,Salads,1,12,12,4,john,
27.05.2026,ORD-15566,Bruschetta,Appetizers,1,7,7.00 USD,"2,50",MARY,
05/27/2026,ORD-52076,Bruschetta,Appetizers,1,7,7.0%,2.5,null,t3
null,ORD-36419,Coffee,Drinks,1,4,4,1,,t3
27/05/26,ORD-15575,Caesar Salad,Salads,2,12,24,8,,T5
27 May 2026,ORD-82604,  Beef Burger  ,Burgers,1,14,14.0%,6,john,t3
27 May 2026,ORD-86911,Margherita Pizza,Pizza,3,15,45,15,Sarah,T2
27.05.2026,ORD-71977,Margherita Pizza,Pizza,3,15,45,15,John,T2
05/27/26,ORD-92870,French Fries,Sides,1,5,5,1.5%,,T2
27-05-2026,ORD-79871,Caesar Salad,Salads,2,12,24,8.00,,T1
27/05/26,ORD-45368,Chicken Wings,Appetizers,2,10,20.00,n/a,sarah,T2
27 May 2026,ORD-13723,Coffee,Drinks,2,4,8,2,-,T1
27.05.2026,ORD-43380,Bruschetta,Appetizers,1,7,7,2.5,john,T2
27 May 2026,ORD-34986,Tiramisu,Desserts,1,8,8,3,john,
27/05/2026,ORD-17029,Chicken Wings,Appetizers,1,10,10,4,,T5
27-05-2026,ORD-57337,Bruschetta,Appetizers,1,7,7.00,2.50,john,T1
27-05-2026,ORD-72690,Pepperoni Pizza ,Pizza,2,18,36,12.00 EUR,,none
27-05-2026,ORD-56201,Chicken Wings,Appetizers,3,10,NONE,12.0%,Sarah,t3
05/27/26,ORD-78502,Chicken Wings,Appetizers,2,10,20.00 EUR,8,sarah,T1
2026-05-27,ORD-93825,French Fries,Sides,1,5,5,1.5,sarah,T5
27-05-2026,ORD-11853,Soda,Drinks,1,3,3,0.5,sarah,
27 May 2026,ORD-19958,Bruschetta,Appetizers,3,7,21,7.5,Sarah,
NONE,ORD-49639,French Fries,Sides,2,5,10,3.0,,T2
2026/05/27,ORD-50788,Soda,Drinks,2,3,,1.0,Sarah,T1
27/05/26,ORD-65184,Pepperoni Pizza,Pizza,1,18,18,6,sarah,T2
nan,ORD-63245,Pepperoni Pizza,Pizza,2,18,36,12,Sarah,T2
27/05/2026,ORD-73229,Chicken Wings,Appetizers,3,10,30,12.00,sarah,t3
27 May 2026,ORD-43142,Beef Burger,Burgers,1,14,14,6,john,T2
05/27/2026,ORD-33398,Beef Burger,Burgers,1,14,14,6.00,John,NONE
2026-05-27,ORD-11633,French Fries,Sides,1,5,5,1.5%,MARY,T1
27 May 2026,ORD-37945,margherita pizza,Pizza,2,15,30,10,MARY,-
27.05.2026,ORD-24958,Tiramisu,Desserts,1,8,8,3,John,
"May 27, 2026",ORD-43265,Soda,Drinks,1,3,3,0.50,john,T2
"May 27, 2026",ORD-93228,Chicken Wings,Appetizers,3,10,30,12,MARY,T5
"May 27, 2026",ORD-88312,Pepperoni Pizza,Pizza,1,18,18,6,MARY,t3
2026/05/27,ORD-10284,Coffee,Drinks,3,4,12,3,sarah,
27-05-2026,ORD-83672,Margherita Pizza,Pizza,3,15,nan,15,sarah,N/A
28/05/2026,ORD-81745,Tiramisu,Desserts,3,8,24,9,MARY,T2
05/28/2026,ORD-92514,Margherita Pizza,Pizza,3,15,45,15.00 EUR,John,null
2026/05/28,ORD-32967,Tiramisu,Desserts,3,8,24,9,Sarah,t3
05/28/2026,ORD-95770,  Soda  ,Drinks,2,3,6,1.0,,T2
2026/05/28,ORD-28806,Chicken Wings,Appetizers,1,10,10,4,MARY,T1
28 May 2026,ORD-87743,Pepperoni Pizza,Pizza,1,18,18,6,MARY,NULL
2026-05-28,ORD-56185,Caesar Salad,Salads,1,12,12,4,none,T1
05/28/26,ORD-61928,Soda,Drinks,2,3,6.00,"1,00",,
2026/05/28,ORD-24719,Tiramisu,Desserts,2,8,16,6,MARY,T5
05/28/2026,ORD-68648,French Fries,Sides,1,5,5,1.5,,T5
28/05/2026,ORD-74662,Tiramisu,Desserts,3,8,24,9,sarah,t3
28/05/26,ORD-33594,Pepperoni Pizza,Pizza,1,18,18,"6,00",john,t3
2026/05/28,ORD-29796,Chicken Wings,Appetizers,2,10,20,8,,
28-05-2026,ORD-88057,Caesar Salad,Salads,1,12,12,4,John,T1
28/05/26,ORD-17296,Caesar Salad,Salads,2,12,24,8.00 USD,sarah,T1
"May 28, 2026",ORD-92187,Beef Burger,Burgers,3,14,42,18.00,NA,T2
28 May 2026,ORD-11134,Caesar Salad,Salads,2,12,24,8,Sarah,n/a
28/05/26,ORD-25924,Bruschetta,Appetizers,2,7,14.00,5.0%,NA,none
05/28/26,ORD-88144,Caesar Salad,Salads,2,12,24,8.00 TRY,MARY,T2
28/05/2026,ORD-15940,Pepperoni Pizza,Pizza,3,18,54,18,,T5
28-05-2026,ORD-70313,Caesar Salad,Salads,1,12,12,4,,T2
05/28/26,ORD-53641,Beef Burger,Burgers,3,14,42,18,Sarah,T1
28.05.2026,ORD-17883,Coffee,Drinks,3,4,12,3.00,,null
2026/05/28,ORD-47210,Beef Burger,Burgers,1,14,14,6.0%,John,T5
28-05-2026,ORD-15023,Coffee,Drinks,1,4,4,1,John,T1
05/28/26,ORD-16816,Margherita Pizza,Pizza,1,15,15.00,5.00,John,T2
2026-05-28,ORD-65366,Margherita Pizza,Pizza,1,15,15,5.00,,T5
28/05/26,ORD-95782,Bruschetta,Appetizers,3,7,21,7.50 TRY,MARY,T2
28 May 2026,ORD-77618,Coffee,Drinks,2,4,8.0%,2,MARY,NA
05/28/26,ORD-93981,Chicken Wings,Appetizers,1,10,10,4.00,MARY,T2
2026/05/28,ORD-74016,Chicken Wings ,Appetizers,1,10,10.0%,4.00,sarah,nan
"May 28, 2026",ORD-19498,Chicken Wings,Appetizers,1,10,10,--,Sarah,T2
N/A,ORD-88028,Bruschetta,Appetizers,1,7,7.00,"2,50",sarah,t3
"May 28, 2026",ORD-60914,Margherita Pizza,Pizza,3,15,45,15,n/a,T5
none,ORD-10262,French Fries,Sides,1,5,5,1.5,MARY,
28/05/26,ORD-93618,Chicken Wings,Appetizers,2,10,"20,00",8,,T2
2026/05/28,ORD-16161,Coffee,Drinks,3,4,12,3,John,
28-05-2026,ORD-45900,Coffee,Drinks,1,4,4,1,sarah,T2
05/28/2026,ORD-37092,Coffee,Drinks,2,4,"8,00",$2.00,John,nan
nan,ORD-73421,Pepperoni Pizza,Pizza,2,18,36.00,12,Sarah,T5
28/05/2026,ORD-64273,Caesar Salad,Salads,1,12,12,4,john,t3
2026-05-28,ORD-88616,Chicken Wings,Appetizers,2,10,20,8,John,
NULL,ORD-63547,French  Fries,Sides,3,5,15,4.5,john,
29/05/2026,ORD-75763,Margherita  Pizza,Pizza,1,15,15.00,5,Sarah,T1
05/29/26,ORD-25033,Margherita Pizza,Pizza,3,15,45,15,John,t3
05/29/2026,ORD-61757,Soda,Drinks,1,3,3,₺0.50,sarah,T5
29.05.2026,ORD-36007,Pepperoni Pizza,Pizza,1,18,18.00,6,sarah,T1
29 May 2026,ORD-52874,Tiramisu,Desserts,2,8,16,6.00,,-
29 May 2026,ORD-61407,French Fries,Sides,1,5,5,1.5,,T1
"May 29, 2026",ORD-34459,French Fries ,Sides,1,5,5.00,1.5,John,T1
null,ORD-63226,Pepperoni Pizza,Pizza,1,18,null,6.00,Sarah,
05/29/2026,ORD-40546,Caesar Salad,Salads,1,12,12,4,sarah,nan
null,ORD-75923,Beef Burger,Burgers,1,14,14.00 EUR,6,sarah,T2
29/05/2026,ORD-74316,Chicken Wings,Appetizers,3,10,30.00,12,Sarah,t3
2026-05-29,ORD-17863,Tiramisu,Desserts,1,8,8,3,John,T5
2026/05/29,ORD-30111,Bruschetta,Appetizers,1,7,7,2.5,,T5
29/05/2026,ORD-52202,French Fries,Sides,2,5,10,3.0,Sarah,T2
29.05.2026,ORD-49849,Coffee,Drinks,3,4,12.00,3,Sarah,n/a
29.05.2026,ORD-90636,Coffee,Drinks,1,4,4,1.00,sarah,null
05/29/26,ORD-55835,Caesar Salad,Salads,2,12,24,8,,T5
--,ORD-30976,  Chicken Wings  ,Appetizers,2,10,20.0%,8,Sarah,--
29/05/2026,ORD-84651,Soda,Drinks,3,3,9,1.50,--,-
05/29/2026,ORD-98282,Bruschetta,Appetizers,2,7,14,5.0,n/a,
29 May 2026,ORD-11193,Tiramisu,Desserts,2,8,16,6,NONE,T5
05/29/2026,ORD-25748,PEPPERONI PIZZA,Pizza,2,18,"36,00",12,,T1
05/29/2026,ORD-15294,Coffee,Drinks,2,4,8,2,John,
05/29/2026,ORD-16068,Tiramisu,Desserts,2,8,16,6.00,Sarah,T1
29/05/2026,ORD-68196,Margherita  Pizza,Pizza,3,15,45.0%,15,none,
29/05/2026,ORD-44241,Pepperoni Pizza,Pizza,3,18,54,"18,00",Sarah,t3
N/A,ORD-26718,Soda,Drinks,1,3,3,0.5,,
29/05/2026,ORD-54408,Pepperoni Pizza,Pizza,2,18,36,12,,T2
05/29/26,ORD-84642,Tiramisu,Desserts,1,8,8,3.00,John,T2
29.05.2026,ORD-50512,Caesar Salad,Salads,1,12,12,4,sarah,n/a
NA,ORD-66205,Soda,Drinks,1,3,3,0.5,Sarah,T5
29 May 2026,ORD-95095,Soda,Drinks,1,3,3,none,,T5
2026/05/29,ORD-44062,Caesar Salad,Salads,3,12,36,12.00,,T1
29 May 2026,ORD-65387,Coffee,Drinks,3,4,12.0%,3,Sarah,t3
05/29/26,ORD-14148,Caesar Salad,Salads,2,12,24.00,8,Sarah,t3
29/05/26,ORD-44171,Bruschetta,Appetizers,3,7,21,7.5,,
05/29/2026,ORD-62686,Beef Burger,Burgers,1,14,14,6.00,-,T1
29/05/2026,ORD-82055,Bruschetta,Appetizers,2,7,14,5.0,Sarah,null
05/29/26,ORD-53138,Pepperoni Pizza,Pizza,1,18,18,6,,--
29/05/26,ORD-85246,Tiramisu,Desserts,2,8,16,6,null,T5
29-05-2026,ORD-94983,Bruschetta,Appetizers,3,7,21.00,7.5%,Sarah,
05/29/2026,ORD-14738,Pepperoni Pizza,Pizza,2,18,36.00 USD,12,John,--
2026/05/29,ORD-15728,Caesar Salad,Salads,3,12,36,12,john,t3
29/05/2026,ORD-59332,  Soda  ,Drinks,3,3,9.0%,1.5,sarah,t3
29/05/26,ORD-68907,Margherita Pizza,Pizza,3,15,45,15.00,john,T2
"May 29, 2026",ORD-55182,  Tiramisu  ,Desserts,3,8,24,"9,00",sarah,t3
29.05.2026,ORD-57074,Soda,Drinks,2,3,6,"1,00",,T1
2026-05-29,ORD-31659,French Fries,Sides,2,5,10.0%,3.0,NA,T2
29/05/26,ORD-69659,Bruschetta,Appetizers,2,7,14.00 USD,5.0,null,NULL
"May 29, 2026",ORD-74383,Pepperoni Pizza,Pizza,2,18,"36,00",12,--,T5
29-05-2026,ORD-19979,Soda,Drinks,2,3,6,1.0,john,NA
05/29/2026,ORD-59422,Beef Burger,Burgers,3,14,42,18.00,MARY,t3
2026-05-29,ORD-51930,Pepperoni  Pizza,Pizza,3,18,54,18,--,T2
29 May 2026,ORD-79626,Pepperoni Pizza,Pizza,3,18,54,18,john,t3
05/29/26,ORD-83902,Beef Burger,Burgers,1,14,14,$6.00,,nan
N/A,ORD-31454,Pepperoni Pizza,Pizza,3,18,54,18,nan,t3
29-05-2026,ORD-17623,Pepperoni Pizza,Pizza,1,18,"18,00",6,John,
,ORD-95748,Tiramisu,Desserts,2,8,NONE,6,sarah,t3
29.05.2026,ORD-31064,Beef Burger,Burgers,1,14,14,6,John,t3
29 May 2026,ORD-95254,Beef Burger,Burgers,2,14,€28.00,12.0%,John,T2
29-05-2026,ORD-48925,Tiramisu,Desserts,3,8,24,9.00,null,T1
2026-05-29,ORD-49880,Coffee,Drinks,2,4,8,2,MARY,T1
29/05/2026,ORD-38922,Caesar Salad,Salads,3,12,36,12,john,T1
29-05-2026,ORD-81539,Pepperoni Pizza,Pizza,2,18,36.00,12,John,t3
2026/05/29,ORD-91768,Bruschetta,Appetizers,2,7,14,5.0,nan,
29 May 2026,ORD-47166,Pepperoni Pizza,Pizza,3,18,54.00,"18,00",John,
29.05.2026,ORD-67303,TIRAMISU,Desserts,1,8,8,3,John,T2
29 May 2026,ORD-97633,Pepperoni Pizza,Pizza,3,18,"54,00",18,sarah,T2
2026-05-29,ORD-62497,Pepperoni Pizza,Pizza,1,18,18.00,6,Sarah,t3
29 May 2026,ORD-47613,Pepperoni Pizza,Pizza,2,18,36,12,john,NA
"May 29, 2026",ORD-80429,Beef Burger,Burgers,1,14,14.00,6,Sarah,NA
05/29/2026,ORD-88869,Soda,Drinks,1,3,3,0.5,john,
"May 29, 2026",ORD-25424,Beef Burger,Burgers,3,14,42.00 USD,18.00,,T5
29/05/26,ORD-78040,Tiramisu,Desserts,1,8,8,3,john,t3
29-05-2026,ORD-62250,Caesar Salad,Salads,3,12,36,12,,
2026/05/29,ORD-67306,Soda,Drinks,3,3,9.00,nan,MARY,t3
29/05/2026,ORD-40183,Pepperoni Pizza,Pizza,1,18,₺18.00,"6,00",john,t3
05/30/2026,ORD-42510,Beef Burger,Burgers,2,14,28,12,,T1
30 May 2026,ORD-25588,Bruschetta,Appetizers,3,7,21,7.5,,t3
30-05-2026,ORD-47634,Chicken Wings,Appetizers,3,10,30,12,MARY,NA
2026/05/30,ORD-64119,Coffee,Drinks,1,4,4,1,sarah,T2
30-05-2026,ORD-80719,Bruschetta,Appetizers,3,7,21,7.5,sarah,T2
2026-05-30,ORD-50549,Caesar Salad,Salads,2,12,24.0%,8,john,none
2026-05-30,ORD-73276,Coffee,Drinks,3,4,12.00,NULL,sarah,T1
30/05/26,ORD-66652,Tiramisu,Desserts,1,8,8,3,John,T2
2026-05-30,ORD-50994,Pepperoni Pizza,Pizza,2,18,36,12,sarah,T2
05/30/2026,ORD-12398,  Bruschetta  ,Appetizers,2,7,14,5.0,john,t3
30/05/2026,ORD-87190,Margherita Pizza,Pizza,2,15,30,10,john,-
2026-05-30,ORD-94404,Pepperoni Pizza,Pizza,1,18,18,null,Sarah,N/A
2026-05-30,ORD-58415,Soda,Drinks,2,3,6.00,1.0,sarah,T2
"May 30, 2026",ORD-55182,CHICKEN WINGS,Appetizers,1,10,10,4,null,t3
30/05/2026,ORD-70276,Tiramisu,Desserts,3,8,24.00,€9.00,MARY,T2
30-05-2026,ORD-37157,Chicken Wings,Appetizers,1,10,10,4.00,John,T2
"May 30, 2026",ORD-85155,Beef Burger,Burgers,2,14,28,12,Sarah,t3
05/30/2026,ORD-73945,Tiramisu,Desserts,3,8,24,9,john,T2
05/30/26,ORD-77521,tiramisu,Desserts,1,8,8,3,NA,
"May 30, 2026",ORD-56249,Bruschetta,Appetizers,3,7,21.00 EUR,7.5%,John,T1
"May 30, 2026",ORD-47028,caesar salad,Salads,1,12,12,4,sarah,T2
30/05/2026,ORD-40528,Soda,Drinks,3,3,9,n/a,,
"May 30, 2026",ORD-54376,French Fries,Sides,3,5,"15,00",4.5,MARY,T2
30/05/2026,ORD-69384,Beef Burger,Burgers,1,14,14.00,6,MARY,t3
"May 30, 2026",ORD-87984,Beef Burger ,Burgers,2,14,null,12,,
30-05-2026,ORD-98099,Bruschetta,Appetizers,1,7,7,2.5,sarah,--
05/30/26,ORD-79269,Bruschetta,Appetizers,3,7,21,7.5,,T1
05/30/26,ORD-77961,Caesar Salad,Salads,1,12,12,4,John,T2
2026/05/30,ORD-81492,Pepperoni Pizza,Pizza,3,18,54,18.00,sarah,
30-05-2026,ORD-38215,Tiramisu,Desserts,1,8,8,3.00,John,T1
30/05/26,ORD-67368,Bruschetta,Appetizers,3,7,"21,00",7.5,Sarah,T5
2026/05/30,ORD-71136,BEEF BURGER,Burgers,3,14,42,"18,00",none,
n/a,ORD-58894,Tiramisu,Desserts,2,8,€16.00,NONE,John,T2
30.05.2026,ORD-75024,Margherita Pizza,Pizza,3,15,45,15,,NA
"May 30, 2026",ORD-80029,Coffee,Drinks,3,4,₺12.00,3,Sarah,t3
2026/05/30,ORD-84177,Beef Burger,Burgers,2,14,28.00,12,MARY,
"May 30, 2026",ORD-39731,Bruschetta,Appetizers,1,7,7.00,2.5,Sarah,NULL
2026-05-30,ORD-86737,Tiramisu,Desserts,1,8,8,,John,T2
30/05/2026,ORD-21345,Caesar Salad,Salads,3,12,36,12,sarah,
05/30/2026,ORD-37251,Tiramisu,Desserts,1,8,8,nan,MARY,T1
30/05/2026,ORD-98183,Pepperoni Pizza,Pizza,3,18,54,18.00,john,t3
n/a,ORD-75469,Soda,Drinks,3,3,9,1.5,,
30 May 2026,ORD-31849,Tiramisu,Desserts,3,8,24.00,9,sarah,-
2026-05-30,ORD-68768,Bruschetta,Appetizers,3,7,21,7.5,MARY,T1
05/30/2026,ORD-48767,TIRAMISU,Desserts,1,8,8.00 TRY,3.00,Sarah,
05/30/26,ORD-75984,margherita pizza,Pizza,1,15,15.00,5.00,MARY,n/a
30-05-2026,ORD-38857,Chicken Wings ,Appetizers,1,10,10.00,4.0%,John,T5
30/05/2026,ORD-78262,Caesar Salad,Salads,2,12,n/a,8,Sarah,T1
30-05-2026,ORD-75911,Soda,Drinks,3,3,£9.00,-,Sarah,N/A
30.05.2026,ORD-56254,Margherita Pizza,Pizza,2,15,£30.00,10,john,NULL
30 May 2026,ORD-14899,Caesar Salad,Salads,1,12,12.00,4,sarah,T5
30 May 2026,ORD-85614,Pepperoni Pizza,Pizza,2,18,36,12,sarah,NULL
30 May 2026,ORD-24913,Pepperoni Pizza,Pizza,1,18,18,6,,
"May 30, 2026",ORD-73874,Coffee,Drinks,2,4,8,"2,00",John,T5
30.05.2026,ORD-73311,Margherita Pizza,Pizza,2,15,30,10,,T5
30 May 2026,ORD-69716,Caesar Salad,Salads,3,12,36.00,12,MARY,T2
2026-05-30,ORD-39124,  Margherita Pizza  ,Pizza,3,15,45,15,john,T5
N/A,ORD-21833,Coffee,Drinks,3,4,12.00,3,john,T1
2026/05/30,ORD-59303,Pepperoni Pizza,Pizza,2,18,36,12,NULL,null
N/A,ORD-41390,French Fries,Sides,2,5,10.00,3.0,,T5
30/05/26,ORD-52280,Caesar Salad,Salads,3,12,36,"12,00",John,T2
30.05.2026,ORD-72759,Tiramisu,Desserts,1,8,8,3,sarah,T5
30 May 2026,ORD-26041,Coffee,Drinks,3,4,12,"3,00",null,T5
30.05.2026,ORD-81504,Margherita Pizza,Pizza,1,15,15,5,John,T1
30 May 2026,ORD-75100,Caesar Salad,Salads,3,12,36.00,12,sarah,T5
30-05-2026,ORD-95469,Caesar Salad,Salads,3,12,36.00 TRY,12,sarah,t3
30/05/2026,ORD-67315,Caesar Salad,Salads,2,12,24.00 TRY,8,MARY,T1
05/30/26,ORD-83311,Beef Burger,Burgers,1,14,14.00,6.00 USD,,
2026/05/30,ORD-65641,pepperoni pizza,Pizza,3,18,54,"18,00",MARY,
05/30/26,ORD-39439,French Fries,Sides,2,5,10.00,,sarah,
2026/05/30,ORD-73895,Margherita Pizza ,Pizza,2,15,30,10,John,T2
2026/05/30,ORD-21995,coffee,Drinks,2,4,8,2,sarah,
30/05/2026,ORD-72877,French Fries,Sides,2,5,10,3.0,Sarah,
30-05-2026,ORD-13587,Bruschetta,Appetizers,1,7,7,2.5,sarah,T2
05/30/2026,ORD-44797,Chicken Wings,Appetizers,2,10,20,8,MARY,T2
30/05/26,ORD-21205,Chicken Wings,Appetizers,1,10,10,4,null,T1
30.05.2026,ORD-52526,Coffee,Drinks,1,4,4,1,john,
05/30/26,ORD-41128,TIRAMISU,Desserts,1,8,8,3.00,john,
30/05/2026,ORD-25120,French Fries,Sides,1,5,5,1.5,John,t3
30/05/2026,ORD-56832,Pepperoni Pizza,Pizza,3,18,54,₺18.00,nan,
05/30/26,ORD-40491,Beef Burger,Burgers,3,14,42.00,18,,T1
"May 30, 2026",ORD-60836,Beef Burger,Burgers,1,14,14,"6,00",sarah,
05/30/2026,ORD-43505,Tiramisu,Desserts,1,8,8,3,sarah,T5
"May 30, 2026",ORD-68355,Tiramisu,Desserts,2,8,16,6,john,T1
05/30/26,ORD-94278,PEPPERONI PIZZA,Pizza,2,18,36,£12.00,,T1
30/05/2026,ORD-15954,French Fries,Sides,2,5,10,3.0,MARY,T1
30-05-2026,ORD-68843,Soda,Drinks,1,3,3,0.5,sarah,n/a
2026/05/30,ORD-37161,Soda,Drinks,2,3,₺6.00,1.0,MARY,T2
--,ORD-60265,Tiramisu,Desserts,2,8,16.00 TRY,6,sarah,T5
05/30/26,ORD-45180,Pepperoni Pizza,Pizza,1,18,18,6,Sarah,
30/05/2026,ORD-49382,Chicken Wings,Appetizers,3,10,30,12,John,T5
05/30/26,ORD-60026,Caesar Salad,Salads,1,12,12,4,Sarah,T2
2026/05/30,ORD-81667,Pepperoni Pizza,Pizza,1,18,18,6,John,t3
30-05-2026,ORD-81992,  Pepperoni Pizza  ,Pizza,2,18,36,12,sarah,T5
05/30/26,ORD-24559,Margherita Pizza,Pizza,1,15,15,5.00,sarah,T2
2026-05-30,ORD-92940,Bruschetta,Appetizers,1,7,7,2.5,MARY,T5
2026/05/30,ORD-41624,Bruschetta,Appetizers,1,7,7,2.5,,
31/05/2026,ORD-91211,Soda,Drinks,3,3,9,1.5,john,T5
05/31/2026,ORD-78776,Pepperoni  Pizza,Pizza,3,18,54.0%,18,Sarah,T5
31/05/26,ORD-16934,Bruschetta,Appetizers,3,7,£21.00,7.5,Sarah,
31-05-2026,ORD-78855,Chicken Wings,Appetizers,3,10,30.00,12,,
31/05/2026,ORD-69621,Caesar Salad,Salads,2,12,24.00,8.00,John,-
31-05-2026,ORD-48518,Pepperoni Pizza,Pizza,1,18,18.0%,6.0%,none,-
31/05/26,ORD-56245,Chicken Wings,Appetizers,1,10,10,4,John,T2
"May 31, 2026",ORD-34474,  Margherita Pizza  ,Pizza,1,15,15,5,John,none
31.05.2026,ORD-91965,Pepperoni Pizza,Pizza,2,18,36.00,12.00,sarah,
2026/05/31,ORD-93250,Chicken Wings,Appetizers,2,10,20,8,sarah,
31.05.2026,ORD-77971,Soda,Drinks,3,3,9,1.5,John,
"May 31, 2026",ORD-47227,Margherita Pizza,Pizza,2,15,30,10,Sarah,
31-05-2026,ORD-15026,Coffee,Drinks,3,4,12.0%,3,John,
2026/05/31,ORD-91998,Pepperoni  Pizza,Pizza,1,18,18,6,Sarah,T1
31 May 2026,ORD-40257,Soda,Drinks,3,3,9,1.5,sarah,T2
31.05.2026,ORD-46415,Soda,Drinks,3,3,9,1.5,,T1
2026-05-31,ORD-95966,French Fries,Sides,3,5,"15,00",4.50,Sarah,T1
31 May 2026,ORD-73968,Margherita Pizza,Pizza,2,15,30,10.00,john,
05/31/26,ORD-61286,Pepperoni Pizza ,Pizza,1,18,18,6,MARY,none
2026/05/31,ORD-63179,Margherita Pizza,Pizza,3,15,,15,-,T2
05/31/2026,ORD-45013,French Fries,Sides,2,5,10.00,3.0,john,
2026-05-31,ORD-59079,Beef Burger,Burgers,3,14,42,18,,T2
2026-05-31,ORD-43068,TIRAMISU,Desserts,1,8,8,3,MARY,
31.05.2026,ORD-23117,Pepperoni Pizza,Pizza,3,18,54,18,NONE,t3
2026/05/31,ORD-43245,Tiramisu,Desserts,1,8,8,3,sarah,T5
05/31/26,ORD-20476,Chicken Wings,Appetizers,1,10,10,4,sarah,t3
2026-05-31,ORD-58334,TIRAMISU,Desserts,2,8,16.00,6,john,t3
05/31/26,ORD-99997,Beef Burger,Burgers,3,14,42.00,18,John,t3
2026-05-31,ORD-49328,Coffee,Drinks,2,4,8,2,Sarah,t3
nan,ORD-21094,Beef Burger ,Burgers,2,14,"28,00",12,John,t3
31/05/26,ORD-51448,Pepperoni Pizza,Pizza,1,18,18,6,John,T1
2026/05/31,ORD-81448,Chicken Wings,Appetizers,2,10,20,8,sarah,-
31 May 2026,ORD-92202,Chicken Wings,Appetizers,3,10,30.00,12,Sarah,
31/05/2026,ORD-77566,Pepperoni Pizza,Pizza,2,18,36,12.00 EUR,John,
31-05-2026,ORD-27476,French Fries,Sides,1,5,5.00,$1.50,John,T5
31/05/26,ORD-11029,Margherita Pizza,Pizza,1,15,15,5,john,-
05/31/2026,ORD-71970,Soda,Drinks,3,3,"9,00",1.50,John,
2026-05-31,ORD-55279,French Fries,Sides,3,5,15.0%,4.5%,MARY,
31.05.2026,ORD-51660,Bruschetta,Appetizers,1,7,7,2.5,,T5
31/05/2026,ORD-33961,French Fries,Sides,1,5,5,1.50,Sarah,T2
"May 31, 2026",ORD-78429,Beef Burger,Burgers,3,14,42,18,sarah,T5
2026-05-31,ORD-58934,Pepperoni Pizza,Pizza,1,18,18,6,sarah,T2
"May 31, 2026",ORD-10100,French Fries,Sides,2,5,"10,00",3.0,Sarah,T5
31 May 2026,ORD-86617,Coffee,Drinks,3,4,12,3,John,T5
31/05/26,ORD-17054,Tiramisu,Desserts,2,8,16,6,sarah,
31-05-2026,ORD-86730,Margherita Pizza,Pizza,1,15,15,5.00,-,T1
2026-05-31,ORD-23604,Chicken Wings,Appetizers,3,10,30,12,sarah,n/a
"May 31, 2026",ORD-47192,Coffee,Drinks,1,4,4,1,nan,T2
05/31/26,ORD-65083,Soda,Drinks,3,3,9,1.5,sarah,T2
31 May 2026,ORD-55682,Bruschetta,Appetizers,2,7,14,5.0,MARY,--
31 May 2026,ORD-56028,Margherita Pizza,Pizza,2,15,₺30.00,"10,00",,
31-05-2026,ORD-23371,Coffee,Drinks,1,4,4,1,john,T2
31/05/2026,ORD-80906,Margherita Pizza,Pizza,2,15,30.00,10.00 USD,Sarah,t3
31.05.2026,ORD-37867,Tiramisu ,Desserts,1,8,8,3,john,T5
31-05-2026,ORD-75961,Bruschetta ,Appetizers,3,7,21.00,7.5,sarah,T5
31 May 2026,ORD-76230,Caesar Salad,Salads,2,12,24,8,sarah,NA
31.05.2026,ORD-87378,Coffee,Drinks,1,4,4,1,N/A,
31 May 2026,ORD-70834,Caesar Salad,Salads,3,12,NA,12,John,T2
n/a,ORD-24520,Soda,Drinks,3,3,9,€1.50,MARY,t3
31-05-2026,ORD-90750,Pepperoni Pizza,Pizza,2,18,36,12.0%,MARY,T2
2026-05-31,ORD-92331,TIRAMISU,Desserts,3,8,24,9,MARY,t3
31-05-2026,ORD-75647,French Fries,Sides,3,5,15,4.5,NA,T5
2026/05/31,ORD-38057,Margherita Pizza,Pizza,2,15,30,10.00,-,T1
05/31/26,ORD-95092,Bruschetta,Appetizers,3,7,21,7.5,,t3
-,ORD-86081,French Fries,Sides,1,5,"5,00",1.5,sarah,
"May 31, 2026",ORD-59221,Caesar Salad,Salads,1,12,12,4,N/A,T5
31/05/2026,ORD-79447,Tiramisu,Desserts,1,8,8,3.00,,
31-05-2026,ORD-36640,Pepperoni Pizza,Pizza,2,18,36.00 EUR,12,sarah,T2
05/31/26,ORD-58245,Soda,Drinks,2,3,6,1.00,sarah,T5
2026-05-31,ORD-79278,Soda,Drinks,1,3,3,0.50,john,T1
31/05/2026,ORD-38270,Chicken  Wings,Appetizers,1,10,10,4,,T1
31 May 2026,ORD-61790,Tiramisu,Desserts,2,8,16.00,6.00,John,NULL
01.06.2026,ORD-96345,CAESAR SALAD,Salads,2,12,24,-,sarah,T5
2026-06-01,ORD-87505,Caesar Salad,Salads,1,12,12,4,MARY,T2
06/01/26,ORD-76838,Tiramisu,Desserts,2,8,16,6,Sarah,T1
01 Jun 2026,ORD-63637,French Fries ,Sides,1,5,5,1.5,John,t3
06/01/2026,ORD-83834,Coffee,Drinks,1,4,4.00,1,Sarah,T5
06/01/2026,ORD-65429,Pepperoni Pizza,Pizza,1,18,"18,00",6,MARY,T2
01/06/26,ORD-11825,Tiramisu,Desserts,3,8,€24.00,9,MARY,NONE
2026/06/01,ORD-64279,French Fries,Sides,1,5,5,"1,50",MARY,t3
06/01/2026,ORD-59702,Chicken Wings,Appetizers,1,10,10,4,nan,T2
01.06.2026,ORD-12986,Soda,Drinks,2,3,6.00 TRY,1.0,NA,NA
2026/06/01,ORD-63111,Tiramisu,Desserts,3,8,24,9,john,T2
2026-06-01,ORD-71025,Coffee,Drinks,1,4,null,1,Sarah,T5
"Jun 01, 2026",ORD-30977,Pepperoni  Pizza,Pizza,1,18,18,6,Sarah,none
01 Jun 2026,ORD-57936,Pepperoni Pizza,Pizza,3,18,54,18,MARY,
06/01/26,ORD-93001,Chicken Wings,Appetizers,3,10,30.00,12,,T1
06/01/26,ORD-75946,Tiramisu,Desserts,1,8,8,3,sarah,T1
01 Jun 2026,ORD-30394,Coffee,Drinks,2,4,€8.00,"2,00",Sarah,T2
2026-06-02,ORD-75400,  Bruschetta  ,Appetizers,3,7,21.00 EUR,"7,50",john,T2
02 Jun 2026,ORD-62788,Coffee,Drinks,1,4,4,1.00,sarah,T2
"Jun 02, 2026",ORD-17161,Caesar Salad,Salads,2,12,24,8.00 EUR,John,T1
"Jun 02, 2026",ORD-81501,CHICKEN WINGS,Appetizers,2,10,20,8.00,Sarah,t3
06/02/26,ORD-87545,Chicken Wings,Appetizers,2,10,20,-,john,T5
02.06.2026,ORD-93664,French Fries ,Sides,1,5,5,1.5,MARY,T1
2026/06/02,ORD-38773,soda,Drinks,1,3,3.00 EUR,0.5,Sarah,T1
02-06-2026,ORD-97172,Bruschetta,Appetizers,3,7,£21.00,7.50 EUR,Sarah,
02 Jun 2026,ORD-30756,French Fries,Sides,2,5,10,3.00,sarah,NULL
,ORD-46926,Margherita Pizza,Pizza,3,15,45.00,15,MARY,t3
02-06-2026,ORD-93404,Bruschetta,Appetizers,1,7,7,2.50,john,NONE
NA,ORD-10377,Chicken Wings,Appetizers,1,10,10,4,,T5
02-06-2026,ORD-16268,Caesar Salad,Salads,2,12,24,8,--,
2026/06/02,ORD-28296,Bruschetta,Appetizers,2,7,€14.00,5.0,MARY,T5
02 Jun 2026,ORD-41482,Pepperoni Pizza,Pizza,2,18,36,12,Sarah,
2026-06-02,ORD-71554,Coffee,Drinks,3,4,12,3,,t3
02 Jun 2026,ORD-21257,French Fries,Sides,2,5,10.00,3.0,John,NA
"Jun 02, 2026",ORD-99731,Pepperoni Pizza,Pizza,2,18,36,12.0%,John,t3
06/02/26,ORD-71472,Soda,Drinks,3,3,9,1.5,john,T5
02-06-2026,ORD-95166,French Fries,Sides,3,5,15,4.5,John,T5
06/02/2026,ORD-50521,Pepperoni Pizza,Pizza,1,18,18,6,Sarah,T5
2026-06-02,ORD-44099,Tiramisu,Desserts,1,8,8,3.00 TRY,sarah,T2
02/06/26,ORD-80600,Tiramisu,Desserts,3,8,$24.00,9,sarah,T5
06/02/26,ORD-61827,French Fries,Sides,1,5,5,1.50,sarah,T1
2026/06/02,ORD-87769,TIRAMISU,Desserts,3,8,24.00 EUR,"9,00",sarah,t3
2026-06-02,ORD-53605,Soda,Drinks,1,3,3,0.5,MARY,
"Jun 02, 2026",ORD-93998,Soda,Drinks,1,3,3,0.50,,T5
02 Jun 2026,ORD-32252,Chicken Wings,Appetizers,2,10,20,8,John,t3
02/06/2026,ORD-93136,Caesar Salad ,Salads,2,12,24.00,8,John,t3
02-06-2026,ORD-19853,Beef Burger,Burgers,2,14,28,"12,00",John,t3
06/03/2026,ORD-86429,Tiramisu,Desserts,1,8,8,"3,00",sarah,null
03-06-2026,ORD-35872,Coffee,Drinks,1,4,4,1,n/a,T5
03.06.2026,ORD-87710,Tiramisu,Desserts,2,8,16.00,6.00,john,t3
03 Jun 2026,ORD-60883,Chicken Wings,Appetizers,2,10,20,8,null,
NONE,ORD-86380,Caesar Salad,Salads,3,12,36,12,,T1
03 Jun 2026,ORD-19399,  Caesar Salad  ,Salads,2,12,24,8,,
03/06/2026,ORD-61786,Soda,Drinks,1,3,3,0.5,john,T5
03 Jun 2026,ORD-88942,French Fries,Sides,2,5,10.00 USD,3.0,sarah,T2
2026/06/03,ORD-68997,Tiramisu,Desserts,3,8,24,"9,00",John,T2
03 Jun 2026,ORD-55805,  Beef Burger  ,Burgers,2,14,28,12,John,T5
"Jun 03, 2026",ORD-32861,Pepperoni Pizza ,Pizza,1,18,18,--,Sarah,T5
06/03/2026,ORD-88919,Caesar Salad,Salads,3,12,36,12.00 EUR,sarah,T5
03.06.2026,ORD-64394,  Margherita Pizza  ,Pizza,1,15,15,5,Sarah,
2026/06/03,ORD-88820,French Fries,Sides,1,5,5,1.5,,NA
03.06.2026,ORD-67163,Pepperoni Pizza,Pizza,2,18,36.0%,12,John,
,ORD-47582,Margherita Pizza,Pizza,3,15,45,15,,T1
"Jun 03, 2026",ORD-31431,Beef Burger,Burgers,2,14,28,12,MARY,T2
03-06-2026,ORD-96899,Chicken Wings,Appetizers,1,10,10.0%,4.00 USD,Sarah,t3
04/06/2026,ORD-89947,Chicken Wings,Appetizers,1,10,10.00,4,nan,none
04 Jun 2026,ORD-12297,Soda,Drinks,1,3,3.00,0.5,null,
2026/06/04,ORD-67602,French Fries,Sides,1,5,,1.5,sarah,T5
04.06.2026,ORD-74446,Soda,Drinks,1,3,3,0.5,Sarah,T1
04.06.2026,ORD-34242,Chicken Wings,Appetizers,3,10,30,12,john,t3
2026/06/04,ORD-32634,Soda,Drinks,2,3,6,1.0,,T1
--,ORD-10502,Margherita Pizza,Pizza,1,15,15,5.00 USD,John,T5
"Jun 04, 2026",ORD-35099,Tiramisu,Desserts,3,8,24,9,Sarah,T1
06/04/26,ORD-74302,Chicken Wings,Appetizers,3,10,30,12,John,T5
06/04/26,ORD-22913,Soda,Drinks,1,3,3,0.5,none,T1
2026-06-04,ORD-35322,Beef Burger,Burgers,2,14,28,12,,T5
2026/06/04,ORD-86449,Soda,Drinks,1,3,£3.00,0.5,john,T2
04 Jun 2026,ORD-37908,Caesar Salad,Salads,1,12,12,4.00,john,T1
2026/06/04,ORD-96583,SODA,Drinks,1,3,3,0.5,sarah,NULL
04-06-2026,ORD-79152,Beef Burger,Burgers,3,14,42,18,MARY,
04 Jun 2026,ORD-30710,Pepperoni Pizza,Pizza,2,18,36.0%,₺12.00,Sarah,T2
06/04/2026,ORD-52282,french fries,Sides,1,5,5,1.50,-,T2
04/06/2026,ORD-66528,French Fries,Sides,2,5,10,3.0,john,T1
nan,ORD-18555,Tiramisu,Desserts,2,8,16.0%,"6,00",,n/a
04 Jun 2026,ORD-17882,Tiramisu,Desserts,3,8,24,9.00,n/a,
n/a,ORD-14178,Chicken Wings,Appetizers,1,10,10,4.00,n/a,nan
04 Jun 2026,ORD-63113,Pepperoni Pizza,Pizza,3,18,54,18,John,
06/04/2026,ORD-21507,Beef Burger,Burgers,1,14,14,6.00 TRY,john,T5
2026-06-04,ORD-73881,Coffee,Drinks,1,4,4,1.0%,Sarah,T2
04/06/26,ORD-13234,Pepperoni Pizza,Pizza,1,18,18,6.0%,John,T5
2026/06/04,ORD-92903,Chicken Wings,Appetizers,3,10,30,12,John,t3
04.06.2026,ORD-19307,FRENCH FRIES,Sides,3,5,15,4.5,Sarah,-
04/06/2026,ORD-88112,Tiramisu,Desserts,3,8,24,9,Sarah,T5
06/04/2026,ORD-96250,Coffee,Drinks,2,4,8,2,sarah,T2
06/04/26,ORD-65004,Bruschetta,Appetizers,3,7,21.0%,7.50,n/a,t3
04/06/26,ORD-54197,French Fries,Sides,2,5,10,3.0,John,
04-06-2026,ORD-27855,Caesar  Salad,Salads,2,12,"24,00",8,john,T1
04/06/26,ORD-75024,Soda,Drinks,2,3,6.00,$1.00,n/a,t3
04/06/2026,ORD-48777,Soda,Drinks,1,3,3,0.5%,Sarah,T5
04 Jun 2026,ORD-75296,Beef Burger,Burgers,1,14,,6,john,T1
04/06/26,ORD-66022,Caesar Salad,Salads,1,12,12,4,John,none
04 Jun 2026,ORD-28045,Beef Burger,Burgers,2,14,28.00 USD,12,sarah,T5
06/04/26,ORD-59086,Chicken Wings,Appetizers,1,10,10,4,sarah,T2
"Jun 04, 2026",ORD-60339,Pepperoni Pizza,Pizza,1,18,18.00,6.0%,sarah,n/a
04 Jun 2026,ORD-44601,beef burger,Burgers,2,14,28,12,john,t3
04-06-2026,ORD-77895,Caesar Salad,Salads,1,12,12,4,Sarah,NONE
"Jun 04, 2026",ORD-20111,Pepperoni Pizza,Pizza,3,18,"54,00","18,00",Sarah,
04/06/2026,ORD-69062,Pepperoni Pizza,Pizza,1,18,18,6.00,John,T1
04 Jun 2026,ORD-50553,Beef Burger,Burgers,1,14,14,6.00,NONE,T5
04.06.2026,ORD-93482,Caesar Salad,Salads,3,12,36,12.00,MARY,
04/06/26,ORD-71480,Coffee,Drinks,3,4,12,3,,T5
"Jun 05, 2026",ORD-36780,Chicken Wings ,Appetizers,3,10,30,nan,MARY,T5
05.06.2026,ORD-50036,Caesar Salad,Salads,1,12,12.00,4.00,N/A,T5
05 Jun 2026,ORD-79879,  Tiramisu  ,Desserts,2,8,16,6,none,NONE
2026/06/05,ORD-27849,Caesar Salad,Salads,2,12,24,"8,00",,
2026/06/05,ORD-24485,Chicken Wings,Appetizers,2,10,20,8,,T1
05/06/2026,ORD-67367,Margherita Pizza,Pizza,1,15,15,5.0%,nan,NA
06/05/26,ORD-15654,Coffee,Drinks,2,4,8,2,Sarah,T5
"Jun 05, 2026",ORD-81941,Coffee,Drinks,1,4,4,1,,t3
05/06/26,ORD-64392,Chicken Wings,Appetizers,2,10,20.00,8,MARY,N/A
,ORD-97636,Pepperoni Pizza,Pizza,2,18,36.00,12,MARY,t3
2026/06/05,ORD-29430,Soda,Drinks,3,3,nan,1.5,john,T5
05/06/26,ORD-71919,Beef Burger,Burgers,2,14,NONE,12,john,T1
06/05/2026,ORD-90369,Soda,Drinks,3,3,9,1.5,,T5
05/06/26,ORD-96082,Bruschetta,Appetizers,2,7,14.0%,5.0,John,t3
05/06/2026,ORD-88437,Tiramisu,Desserts,3,8,24,9,john,null
05.06.2026,ORD-96968,Soda,Drinks,2,3,6.00,1.0,MARY,T1
05.06.2026,ORD-85243,Chicken Wings,Appetizers,2,10,20.00,8,Sarah,
05 Jun 2026,ORD-49131,Coffee,Drinks,3,4,12,"3,00",,t3
06/05/2026,ORD-58341,Coffee,Drinks,3,4,12,nan,,NONE
"Jun 05, 2026",ORD-15242,Caesar Salad,Salads,1,12,12,4.00 USD,NULL,T1
05 Jun 2026,ORD-98408,Caesar Salad,Salads,3,12,36.0%,₺12.00,Sarah,T1
05.06.2026,ORD-68125,Caesar Salad,Salads,1,12,12,4,MARY,T1
05/06/2026,ORD-44299,Pepperoni Pizza,Pizza,2,18,36.00,£12.00,NULL,T2
05 Jun 2026,ORD-19873,Tiramisu,Desserts,2,8,16,none,sarah,T1
05/06/2026,ORD-14621,SODA,Drinks,1,3,3,0.5,MARY,T5
05.06.2026,ORD-49320,French Fries,Sides,1,5,5,1.5,,
2026-06-05,ORD-58532,Margherita Pizza,Pizza,2,15,30.0%,10.00,null,T1
2026-06-05,ORD-74415,French Fries,Sides,1,5,5,1.5,john,T2
"Jun 05, 2026",ORD-29903,Soda,Drinks,2,3,6,1.0,,
06/05/26,ORD-65704,Tiramisu,Desserts,2,8,16.00,6.00,John,T5
05.06.2026,ORD-20776,Coffee,Drinks,2,4,"8,00",2,Sarah,T2
05-06-2026,ORD-81840,Coffee,Drinks,2,4,8.00 EUR,2,john,T5
06/05/26,ORD-18758,Bruschetta,Appetizers,1,7,7,2.5,,null
06/05/26,ORD-79579,French Fries,Sides,3,5,15,4.5%,john,
null,ORD-46474,Caesar Salad,Salads,1,12,12,4.00 USD,John,N/A
05.06.2026,ORD-69240,Margherita Pizza,Pizza,1,15,15,5.0%,John,T1
05/06/2026,ORD-25784,Tiramisu,Desserts,2,8,16.00,6,,
06/05/26,ORD-44900,Coffee,Drinks,3,4,12,3,,T2
2026-06-05,ORD-64658,Margherita Pizza,Pizza,1,15,"15,00",5,MARY,
05.06.2026,ORD-77428,Tiramisu,Desserts,2,8,"16,00",6,NA,t3
06/05/26,ORD-17226,Chicken  Wings,Appetizers,3,10,30,12,N/A,T2
05 Jun 2026,ORD-23326,Beef Burger,Burgers,3,14,42.0%,,,T5
2026-06-05,ORD-20740,Soda,Drinks,2,3,6,1.0,Sarah,NA
05/06/26,ORD-78378,French Fries,Sides,2,5,10,3.00,sarah,T5
2026-06-05,ORD-22500,Pepperoni Pizza,Pizza,2,18,nan,12,john,
,ORD-95894,Caesar Salad,Salads,1,12,12,4,john,T2
06/05/26,ORD-38161,Coffee,Drinks,1,4,4.00 USD,1.00,MARY,T2
"Jun 05, 2026",ORD-11320,Bruschetta,Appetizers,3,7,21,7.5,John,t3
05-06-2026,ORD-51158,Bruschetta,Appetizers,2,7,14,5.0,MARY,T1
2026/06/05,ORD-83307,Margherita Pizza,Pizza,1,15,15,5.00,john,T5
"Jun 05, 2026",ORD-31091,Pepperoni Pizza,Pizza,1,18,18,6,-,T2
05/06/2026,ORD-78918,Margherita Pizza,Pizza,1,15,15,5,sarah,T1
06/05/26,ORD-93742,Coffee,Drinks,1,4,nan,1,MARY,T5
2026-06-05,ORD-89270,Tiramisu,Desserts,1,8,8,3,,T1
n/a,ORD-66982,Pepperoni Pizza,Pizza,1,18,18,6,,T5
"Jun 05, 2026",ORD-85785,Tiramisu,Desserts,2,8,16.00,£6.00,sarah,t3
"Jun 05, 2026",ORD-48772,Caesar Salad,Salads,1,12,12,4,NONE,
"Jun 05, 2026",ORD-30335,French Fries ,Sides,2,5,€10.00,3.0,John,N/A
2026/06/05,ORD-17796,Tiramisu,Desserts,1,8,8,3,MARY,
06/05/26,ORD-99794,Chicken Wings,Appetizers,2,10,20.0%,8,Sarah,T5
05/06/2026,ORD-92701,Tiramisu,Desserts,1,8,8,3.00,,T1
2026-06-05,ORD-65478,Tiramisu,Desserts,2,8,16.00,"6,00",Sarah,t3
05.06.2026,ORD-97997,  French Fries  ,Sides,2,5,10,$3.00,MARY,T5
05/06/26,ORD-79468,Bruschetta,Appetizers,2,7,14,5.0,sarah,T1
2026/06/05,ORD-72180,Chicken Wings,Appetizers,2,10,20.00,8,NA,T2
06/05/2026,ORD-12623,French Fries,Sides,1,5,5,1.50,John,T5
"Jun 05, 2026",ORD-25925,Caesar Salad,Salads,1,12,12,"4,00",,t3
06/05/26,ORD-33225,Caesar Salad,Salads,2,12,24,NA,sarah,t3
05.06.2026,ORD-81655,French Fries,Sides,3,5,15.00,4.5,john,t3
05/06/26,ORD-41579,Soda,Drinks,1,3,3.00,$0.50,John,T5
"Jun 05, 2026",ORD-30291,Bruschetta,Appetizers,3,7,"21,00",7.5,,NONE
05/06/2026,ORD-76287,Beef Burger,Burgers,3,14,42,18,none,t3
06/05/2026,ORD-37470,Pepperoni Pizza,Pizza,1,18,18.00,6.00,sarah,T1
05.06.2026,ORD-49513,Coffee,Drinks,2,4,8,2.00,MARY,
05/06/26,ORD-28097,Soda,Drinks,3,3,9.00 USD,"1,50",sarah,T1
06/05/26,ORD-63755,CHICKEN WINGS,Appetizers,1,10,10.00,4,sarah,
05/06/2026,ORD-61770,Soda,Drinks,1,3,3,0.5,John,t3
05/06/26,ORD-55829,Caesar Salad,Salads,3,12,36,12,sarah,
05-06-2026,ORD-48822,French Fries,Sides,2,5,10,3.0,,T2
2026-06-05,ORD-57604,Tiramisu,Desserts,2,8,16,6,Sarah,-
05/06/2026,ORD-75737,Coffee,Drinks,1,4,4,1,sarah,T1
-,ORD-49598,Caesar Salad,Salads,3,12,36,12,john,T1
n/a,ORD-71828,chicken wings,Appetizers,3,10,30,12,MARY,t3
06/05/2026,ORD-68424,Bruschetta,Appetizers,1,7,7,2.5,john,t3
05-06-2026,ORD-47189,Margherita Pizza,Pizza,2,15,--,€10.00,,T1
05.06.2026,ORD-14210,French Fries,Sides,3,5,15.00,4.50 TRY,MARY,T2
05 Jun 2026,ORD-12076,Tiramisu,Desserts,2,8,16,6,N/A,t3
05 Jun 2026,ORD-91672,Bruschetta,Appetizers,1,7,7.00,2.50,NULL,T5
05-06-2026,ORD-98809,Bruschetta,Appetizers,2,7,14,5.0,Sarah,
06/05/2026,ORD-66414,French  Fries,Sides,1,5,$5.00,1.5,-,
06/05/26,ORD-46807,Beef Burger ,Burgers,3,14,42,18,,t3
2026/06/05,ORD-21282,Margherita Pizza,Pizza,1,15,15.00,5,,T5
2026-06-05,ORD-47274,Soda,Drinks,3,3,9,1.5,Sarah,T2
06/05/26,ORD-90631,Caesar Salad,Salads,1,12,12,£4.00,MARY,T1
05/06/2026,ORD-35482,  Margherita Pizza  ,Pizza,3,15,45,15.0%,Sarah,T1
05/06/2026,ORD-20806,Pepperoni Pizza,Pizza,1,18,"18,00",6,sarah,T1
"Jun 05, 2026",ORD-34998,Bruschetta,Appetizers,2,7,"14,00",5.0%,null,T5
2026/06/05,ORD-50538,Soda,Drinks,1,3,3,0.5,John,T2
05 Jun 2026,ORD-92726,Soda ,Drinks,1,3,3,0.5,john,T1
05/06/2026,ORD-38773,French Fries,Sides,3,5,15,4.5,Sarah,T1
2026/06/06,ORD-11740,Coffee,Drinks,1,4,-,"1,00",n/a,
06/06/2026,ORD-64308,Tiramisu,Desserts,2,8,16,6,,T1
06/06/26,ORD-85992,Pepperoni Pizza,Pizza,2,18,36.00,12.00,john,T2
2026/06/06,ORD-46226,French Fries,Sides,3,5,15,4.5,John,T5
2026/06/06,ORD-22025,Tiramisu,Desserts,2,8,16,6,John,t3
2026/06/06,ORD-67501,Bruschetta,Appetizers,2,7,14.0%,5.0,null,T5
06/06/26,ORD-24008,Coffee,Drinks,2,4,8.00,2,john,
06/06/26,ORD-74279,Beef Burger,Burgers,3,14,42,18,Sarah,
06/06/26,ORD-43273,Margherita Pizza,Pizza,3,15,45,15,,
06-06-2026,ORD-68521,Chicken  Wings,Appetizers,3,10,30,12,John,T1
2026/06/06,ORD-84369,Coffee,Drinks,1,4,4,1,MARY,T1
06 Jun 2026,ORD-15291,Margherita Pizza,Pizza,3,15,45,15,Sarah,T5
2026-06-06,ORD-31155,Pepperoni Pizza,Pizza,3,18,54.0%,18,john,
06/06/26,ORD-82302,Coffee,Drinks,2,4,8.00,2,none,
06 Jun 2026,ORD-73834,Beef Burger ,Burgers,2,14,28,12,John,T2
06.06.2026,ORD-91371,Pepperoni Pizza,Pizza,3,18,54,18,,T5
06/06/2026,ORD-29060,Bruschetta,Appetizers,2,7,14.00,5.0,john,t3
06 Jun 2026,ORD-48601,Tiramisu,Desserts,3,8,₺24.00,9,n/a,
06/06/2026,ORD-86142,Caesar Salad,Salads,1,12,12,4.0%,sarah,none
06/06/26,ORD-88089,Soda,Drinks,2,3,6,1.0,John,
06/06/26,ORD-74492,Pepperoni Pizza,Pizza,2,18,36,12,John,
06/06/26,ORD-12938,Soda,Drinks,3,3,9,1.5,Sarah,
06.06.2026,ORD-65529,Tiramisu,Desserts,1,8,8.00 USD,3,sarah,NULL
06-06-2026,ORD-17883,Caesar Salad,Salads,1,12,"12,00",4.0%,,
06/06/2026,ORD-95308,French Fries,Sides,1,5,5.00,"1,50",john,
"Jun 06, 2026",ORD-23877,  Chicken Wings  ,Appetizers,1,10,10.00,4,MARY,T2
06 Jun 2026,ORD-22388,French Fries,Sides,2,5,10,3.00,John,T1
--,ORD-80845,Tiramisu,Desserts,2,8,--,$6.00,MARY,N/A
06/06/26,ORD-38451,Pepperoni Pizza,Pizza,1,18,18,6,john,
06/06/2026,ORD-94324,Tiramisu,Desserts,2,8,16,£6.00,MARY,N/A
06.06.2026,ORD-87622,French Fries,Sides,3,5,15,4.50,John,T5
06/06/26,ORD-36970,Coffee,Drinks,2,4,8,2,John,n/a
06.06.2026,ORD-82241,Caesar Salad,Salads,2,12,24.0%,8,MARY,
2026-06-06,ORD-60130,Beef Burger,Burgers,2,14,28,12.00,,t3
06/06/2026,ORD-52998,Caesar Salad,Salads,1,12,12,4,MARY,
06/06/2026,ORD-92321,Caesar Salad,Salads,2,12,24,8,n/a,
2026/06/06,ORD-99821,Chicken Wings,Appetizers,3,10,₺30.00,12,John,t3
,ORD-12179,Beef Burger,Burgers,2,14,28,12,Sarah,T5
06/06/2026,ORD-76638,Chicken Wings,Appetizers,3,10,30,"12,00",,T5
"Jun 06, 2026",ORD-46487,  French Fries  ,Sides,2,5,"10,00",3.0%,John,T1
06/06/2026,ORD-77740,Pepperoni Pizza,Pizza,3,18,-,18,John,-
06/06/26,ORD-80863,Chicken Wings,Appetizers,3,10,30,12,MARY,T5
06/06/2026,ORD-60276,Coffee,Drinks,3,4,12,3,MARY,T2
06/06/2026,ORD-83167,Caesar Salad,Salads,1,12,12,4,John,--
06.06.2026,ORD-88723,Bruschetta,Appetizers,1,7,7,2.5,null,T5
06/06/26,ORD-18673,Pepperoni Pizza ,Pizza,3,18,54,n/a,Sarah,t3
06/06/2026,ORD-53609,Tiramisu,Desserts,3,8,24.00,9.00,NULL,T5
06/06/2026,ORD-54030,Coffee,Drinks,1,4,4,1,Sarah,
06/06/2026,ORD-18058,Pepperoni Pizza,Pizza,2,18,36.00,12,,T1
,ORD-83801,Pepperoni Pizza,Pizza,2,18,36,12,MARY,T2
06.06.2026,ORD-45466,Tiramisu,Desserts,3,8,24,9,Sarah,
NONE,ORD-84742,Soda,Drinks,1,3,3.00,$0.50,nan,T5
2026/06/06,ORD-46005,Pepperoni Pizza,Pizza,1,18,18.00,6,MARY,T2
06 Jun 2026,ORD-44802,Margherita Pizza,Pizza,2,15,30,10,nan,T1
06.06.2026,ORD-44513,Chicken Wings,Appetizers,1,10,10,"4,00",Sarah,
06/06/26,ORD-21915,Chicken Wings,Appetizers,1,10,10,4.0%,MARY,t3
"Jun 06, 2026",ORD-62287,Bruschetta,Appetizers,1,7,7,2.5,,t3
"Jun 06, 2026",ORD-26120,Soda,Drinks,1,3,3,0.50,sarah,T1
"Jun 06, 2026",ORD-26629,Coffee,Drinks,2,4,8,2,sarah,t3
06/06/2026,ORD-59076,Pepperoni Pizza,Pizza,2,18,36,12,john,NULL
06/06/2026,ORD-81033,Soda,Drinks,3,3,9,1.5,null,T1
2026/06/06,ORD-89606,French Fries,Sides,1,5,5,"1,50",John,n/a
--,ORD-60781,  Soda  ,Drinks,3,3,9,1.5,john,n/a
06/06/26,ORD-53279,Bruschetta,Appetizers,1,7,$7.00,2.50,sarah,T2
06/06/2026,ORD-80693,Caesar Salad,Salads,3,12,36.00,"12,00",MARY,T5
06/06/2026,ORD-11412,Chicken Wings,Appetizers,1,10,10,€4.00,sarah,
2026-06-06,ORD-20337,chicken wings,Appetizers,3,10,30,12,John,T1
06/06/2026,ORD-35088,Bruschetta,Appetizers,3,7,21.0%,"7,50",john,n/a
2026/06/06,ORD-24189,margherita pizza,Pizza,1,15,15,€5.00,john,T1
2026-06-06,ORD-88488,Pepperoni Pizza,Pizza,3,18,54,£18.00,n/a,T5
06/06/26,ORD-43921,French Fries,Sides,3,5,15,4.5,MARY,
06/06/2026,ORD-33933,Pepperoni Pizza,Pizza,3,18,54,18.0%,,T5
06/06/2026,ORD-17317,Soda,Drinks,1,3,3,0.5%,john,T2
06/06/2026,ORD-83367,Margherita Pizza,Pizza,1,15,15,5,sarah,T5
2026/06/06,ORD-64211,Margherita Pizza,Pizza,3,15,45,15,John,t3
null,ORD-24706,Margherita Pizza,Pizza,3,15,45,15,John,T2
2026-06-06,ORD-74747,Pepperoni Pizza,Pizza,3,18,54.00,"18,00",John,
06/06/26,ORD-33695,Chicken Wings,Appetizers,2,10,$20.00,8,MARY,T2
06/06/26,ORD-59355,French Fries,Sides,2,5,10,"3,00",MARY,
07/06/26,ORD-81582,Tiramisu,Desserts,1,8,8.00 EUR,€3.00,john,T2
07/06/26,ORD-30867,Margherita Pizza,Pizza,2,15,30,10,,T2
"Jun 07, 2026",ORD-19444,Margherita Pizza,Pizza,1,15,NONE,5,,T5
"Jun 07, 2026",ORD-59533,Tiramisu ,Desserts,2,8,16,£6.00,,T1
07 Jun 2026,ORD-65478,Beef Burger,Burgers,3,14,42,18.00,,
07-06-2026,ORD-67096,Tiramisu,Desserts,3,8,24,9,,T5
2026-06-07,ORD-53849,Bruschetta,Appetizers,1,7,7,2.5,Sarah,-
2026/06/07,ORD-21980,French  Fries,Sides,1,5,5,1.50 TRY,sarah,
2026-06-07,ORD-44500,Coffee,Drinks,2,4,"8,00",2.00,Sarah,T1
2026/06/07,ORD-95516,Margherita Pizza,Pizza,2,15,₺30.00,none,NA,T5
07 Jun 2026,ORD-81287,Margherita Pizza,Pizza,2,15,30,10.00 TRY,Sarah,T5
07-06-2026,ORD-82308,French Fries,Sides,2,5,10,3.00,john,T1
"Jun 07, 2026",ORD-79197,Caesar Salad,Salads,3,12,36,12,John,
06/07/2026,ORD-33410,  Caesar Salad  ,Salads,2,12,24.00,8,,N/A
"Jun 07, 2026",ORD-74577,Margherita Pizza,Pizza,3,15,45,15,,NA
07 Jun 2026,ORD-37712,Beef Burger,Burgers,1,14,14,6.00,John,
07/06/26,ORD-16541,french fries,Sides,3,5,15,4.5,-,T2
"Jun 07, 2026",ORD-93203,Beef Burger,Burgers,1,14,14,"6,00",Sarah,N/A
07-06-2026,ORD-71877,Tiramisu,Desserts,3,8,24,9,n/a,t3
2026/06/07,ORD-95133,French Fries,Sides,2,5,10.0%,3.00,john,T5
2026-06-07,ORD-64807,Caesar Salad,Salads,1,12,12,4.0%,Sarah,T5
07-06-2026,ORD-62333,Soda,Drinks,3,3,9,1.5,Sarah,NA
07.06.2026,ORD-65580,BEEF BURGER,Burgers,2,14,"28,00",12.0%,Sarah,T5
"Jun 07, 2026",ORD-64071,Caesar Salad,Salads,1,12,12.00,4,john,n/a
2026/06/07,ORD-32724,French Fries,Sides,1,5,5,₺1.50,NONE,n/a
06/07/2026,ORD-26762,Beef Burger,Burgers,2,14,null,12,John,T1
07 Jun 2026,ORD-89344,Pepperoni Pizza,Pizza,3,18,54,18.0%,john,T1
07-06-2026,ORD-19299,Coffee,Drinks,3,4,"12,00",€3.00,sarah,
2026/06/07,ORD-79696,French Fries,Sides,1,5,5.00,1.5,NULL,
07/06/26,ORD-36410,Bruschetta,Appetizers,3,7,21,₺7.50,Sarah,T2
,ORD-41219,Beef Burger,Burgers,3,14,"42,00",18,john,NONE
06/07/26,ORD-77247,Margherita Pizza,Pizza,2,15,30,10.00,,T2
07.06.2026,ORD-51347,Caesar Salad,Salads,1,12,12,4,MARY,--
2026/06/07,ORD-47149,  Margherita Pizza  ,Pizza,2,15,30,10,sarah,T2
07/06/26,ORD-67360,Bruschetta,Appetizers,2,7,14,-,sarah,
07/06/26,ORD-44552,Beef Burger,Burgers,1,14,14.00,6,sarah,t3
07.06.2026,ORD-46863,Tiramisu,Desserts,3,8,24,9,Sarah,
07/06/26,ORD-48279,Margherita Pizza,Pizza,3,15,45.00,15,-,t3
"Jun 07, 2026",ORD-43129,Soda,Drinks,3,3,9,1.5,,
07.06.2026,ORD-88152,Chicken Wings,Appetizers,1,10,10,4,john,t3
06/07/2026,ORD-82763,Chicken Wings,Appetizers,3,10,30,12,John,T5
07/06/26,ORD-86366,French Fries,Sides,3,5,15,4.5,sarah,T2
07.06.2026,ORD-39195,Soda,Drinks,3,3,9,--,none,T2
07/06/26,ORD-80188,Soda,Drinks,1,3,3,0.5,John,T5
2026/06/08,ORD-76322,French Fries,Sides,1,5,5,1.5,john,t3
06/08/26,ORD-92650,French Fries,Sides,3,5,15,4.5,nan,
08.06.2026,ORD-31679,Coffee,Drinks,3,4,12,null,MARY,T5
"Jun 08, 2026",ORD-51104,french fries,Sides,1,5,5,1.5,john,T5
2026/06/08,ORD-62737,Caesar Salad,Salads,1,12,12.00,4,Sarah,T1
06/08/2026,ORD-48258,French Fries,Sides,3,5,15.00,4.5,MARY,
08/06/26,ORD-80629,Bruschetta,Appetizers,3,7,21,N/A,,T1
08-06-2026,ORD-43586,Beef Burger,Burgers,2,14,28,€12.00,,t3
08/06/26,ORD-56756,Tiramisu,Desserts,2,8,16,6,,T2
08.06.2026,ORD-13528,Coffee,Drinks,2,4,"8,00",2,NULL,N/A
2026-06-08,ORD-10012,french fries,Sides,3,5,15.00,4.50,--,T1
08/06/2026,ORD-95899,Beef Burger,Burgers,1,14,14,6,sarah,T2
"Jun 08, 2026",ORD-98908,French Fries,Sides,3,5,15,4.5,MARY,t3
08/06/26,ORD-58561,Bruschetta,Appetizers,2,7,14,5.0,N/A,T5
08 Jun 2026,ORD-22525,Caesar Salad,Salads,3,12,36,12.00,john,T2
08 Jun 2026,ORD-97776,Chicken Wings,Appetizers,2,10,20.00,8,John,T2
-,ORD-96016,French Fries,Sides,3,5,"15,00",4.5,John,
08/06/2026,ORD-12668,Chicken Wings,Appetizers,2,10,$20.00,8,MARY,t3
2026-06-08,ORD-11194,pepperoni pizza,Pizza,3,18,54,18,,T1
06/08/2026,ORD-60606,Soda,Drinks,3,3,9.00,1.50,--,
08.06.2026,ORD-97624,Caesar Salad,Salads,1,12,12,4,john,
06/08/26,ORD-45352,Soda,Drinks,2,3,6,1.0%,John,T2
08 Jun 2026,ORD-33430,Beef Burger,Burgers,1,14,14.0%,6,,T5
"Jun 08, 2026",ORD-97979,Tiramisu,Desserts,2,8,16.00,6.00,MARY,t3
08-06-2026,ORD-73754,  Coffee  ,Drinks,3,4,12.00,,Sarah,
06/08/26,ORD-90106,Beef Burger,Burgers,3,14,null,18,John,
06/08/2026,ORD-32822,Pepperoni Pizza,Pizza,1,18,"18,00",6,MARY,t3
"Jun 08, 2026",ORD-17455,Chicken  Wings,Appetizers,3,10,30,12,MARY,t3
06/08/26,ORD-41650,Chicken Wings,Appetizers,3,10,30.00,12,John,T2
08/06/26,ORD-22273,French Fries,Sides,3,5,15,4.50,john,
nan,ORD-55227,Coffee,Drinks,1,4,4,1,john,T5
08 Jun 2026,ORD-57176,Margherita Pizza,Pizza,1,15,15,5,john,
06/08/26,ORD-52372,FRENCH FRIES,Sides,2,5,10.00 TRY,3.0,sarah,T1
08/06/2026,ORD-92464,MARGHERITA PIZZA,Pizza,1,15,15.00,5,John,t3
06/08/2026,ORD-62254,Tiramisu,Desserts,1,8,8,3.00,MARY,
08/06/2026,ORD-89818,French Fries,Sides,2,5,10.00,3.0,,t3
08/06/26,ORD-22395,Coffee,Drinks,1,4,4,1,John,T1
06/08/26,ORD-96047,tiramisu,Desserts,3,8,24,9,john,nan
"Jun 08, 2026",ORD-71701,Tiramisu,Desserts,3,8,"24,00",9,Sarah,T1
06/08/2026,ORD-19647,Pepperoni Pizza,Pizza,3,18,54.00,"18,00",john,
08 Jun 2026,ORD-20562,Chicken Wings,Appetizers,2,10,20,8,sarah,T2
2026-06-08,ORD-41459,Chicken Wings,Appetizers,2,10,20,8.0%,John,T2
N/A,ORD-22688,Beef Burger,Burgers,3,14,42.0%,nan,John,T5
2026/06/09,ORD-77502,Caesar Salad,Salads,3,12,36,12,John,-
09.06.2026,ORD-31409,Caesar Salad,Salads,2,12,24.00,8.00,John,T5
09-06-2026,ORD-28268,Chicken Wings,Appetizers,2,10,20,8,,t3
09 Jun 2026,ORD-37799,Soda,Drinks,3,3,9,1.5,john,
09.06.2026,ORD-66404,French Fries,Sides,1,5,NA,1.5,,T2
09/06/26,ORD-45525,Margherita  Pizza,Pizza,3,15,45,15,,T2
2026/06/09,ORD-92142,Coffee,Drinks,3,4,12,3.00,,T5
06/09/2026,ORD-58336,Caesar Salad,Salads,3,12,36.00,12,sarah,t3
09.06.2026,ORD-21004,Soda,Drinks,1,3,3,0.5,John,NONE
06/09/2026,ORD-95522,Caesar Salad,Salads,3,12,36.00,12,Sarah,T1
"Jun 09, 2026",ORD-24361,Tiramisu,Desserts,1,8,8,3.00,Sarah,T5
09/06/2026,ORD-59325,Pepperoni Pizza,Pizza,2,18,36.0%,12,sarah,T2
2026-06-09,ORD-77183,Tiramisu ,Desserts,3,8,24,9,john,NA
06/09/26,ORD-33292,Pepperoni Pizza,Pizza,2,18,36,12.00,john,T2
2026/06/09,ORD-20347,Chicken Wings ,Appetizers,1,10,10,4,Sarah,t3
10 Jun 2026,ORD-91348,Pepperoni Pizza,Pizza,2,18,36,12,MARY,NONE
10.06.2026,ORD-13909,Bruschetta,Appetizers,1,7,7.00,2.5,,T1
06/10/2026,ORD-82879,Bruschetta,Appetizers,3,7,21,7.50,Sarah,NULL
06/10/2026,ORD-63582,Beef Burger,Burgers,2,14,28.0%,12,John,T1
2026-06-10,ORD-15611,Caesar Salad,Salads,3,12,36.0%,12,,t3
2026-06-10,ORD-31611,Coffee,Drinks,3,4,12,none,none,N/A
10 Jun 2026,ORD-70587,Bruschetta,Appetizers,2,7,14,5.00,john,none
06/10/2026,ORD-57119,Coffee,Drinks,3,4,12,3.00 EUR,john,T5
10/06/2026,ORD-44713,Caesar Salad,Salads,2,12,24,8,MARY,T2
10.06.2026,ORD-87813,Soda ,Drinks,2,3,6,1.00,--,NA
10-06-2026,ORD-87483,Beef Burger,Burgers,3,14,42,18.00,John,T5
2026/06/10,ORD-84311,Chicken Wings,Appetizers,2,10,20.00,8.00 TRY,John,T5
2026-06-10,ORD-37316,Chicken Wings ,Appetizers,3,10,30,12,john,T2
2026-06-10,ORD-91860,Chicken Wings,Appetizers,1,10,10,4.00 USD,John,T2
2026/06/10,ORD-69279,Tiramisu,Desserts,2,8,16.00,₺6.00,John,T2
2026-06-11,ORD-66467,Tiramisu,Desserts,3,8,24,9.0%,Sarah,t3
11.06.2026,ORD-85045,Coffee,Drinks,2,4,8,2.00,MARY,T2
06/11/26,ORD-72041,Soda,Drinks,1,3,3,0.5,Sarah,T2
11/06/2026,ORD-19458,French Fries,Sides,1,5,5,1.5,,t3
11-06-2026,ORD-30126,French Fries ,Sides,3,5,15.00,4.50,John,null
2026/06/11,ORD-59837,Margherita Pizza,Pizza,3,15,45.00,15.0%,john,T5
11.06.2026,ORD-65305,Chicken Wings,Appetizers,3,10,30.00,12,,T1
06/11/2026,ORD-17044,Soda,Drinks,3,3,9,n/a,john,t3
11.06.2026,ORD-17933,French Fries,Sides,3,5,15.00 USD,4.50,John,T2
null,ORD-80656,  Chicken Wings  ,Appetizers,2,10,20,8,,T1
11/06/2026,ORD-71077,Coffee,Drinks,2,4,8,2,MARY,
11-06-2026,ORD-22029,Coffee,Drinks,1,4,4,1,--,t3
11/06/26,ORD-43388,Chicken Wings,Appetizers,2,10,20,8,Sarah,t3
n/a,ORD-77765,FRENCH FRIES,Sides,3,5,15.00,4.5,NULL,T5
06/11/2026,ORD-33479,Pepperoni  Pizza,Pizza,2,18,36,12,MARY,N/A
11/06/26,ORD-66267,coffee,Drinks,1,4,NA,1,,
11 Jun 2026,ORD-88976,Tiramisu,Desserts,2,8,16,"6,00",MARY,T2
2026-06-11,ORD-66514,Caesar Salad,Salads,2,12,24,8,MARY,t3
11-06-2026,ORD-76709,Caesar Salad,Salads,2,12,24,8.0%,sarah,none
11-06-2026,ORD-21763,Chicken Wings,Appetizers,3,10,30.00,12,MARY,
2026/06/11,ORD-99377,COFFEE,Drinks,2,4,8.00 EUR,"2,00",John,T2
11 Jun 2026,ORD-69818,Beef Burger,Burgers,3,14,42,18,john,T5
12-06-2026,ORD-73370,French Fries,Sides,2,5,NA,3.0,,t3
12-06-2026,ORD-78507,Margherita Pizza,Pizza,3,15,45.0%,15,,none
06/12/2026,ORD-26156,French Fries,Sides,2,5,10,3.0,John,
12.06.2026,ORD-43148,Margherita Pizza,Pizza,3,15,45.00,15,NONE,T5
12/06/26,ORD-32477,Chicken Wings,Appetizers,2,10,20.0%,8,N/A,T5
2026/06/12,ORD-90204,Tiramisu,Desserts,1,8,8.00,3,MARY,T1
12.06.2026,ORD-11040,French Fries,Sides,3,5,15,4.5,Sarah,T5
12.06.2026,ORD-21551,Pepperoni Pizza,Pizza,3,18,54,18.00 TRY,,T5
"Jun 12, 2026",ORD-10345,French Fries,Sides,2,5,10,3.0,MARY,
12 Jun 2026,ORD-42979,Caesar Salad,Salads,2,12,24.0%,8,--,
06/12/2026,ORD-94513,Bruschetta,Appetizers,1,7,7,2.5,john,T5
"Jun 12, 2026",ORD-78115,  Caesar Salad  ,Salads,3,12,36.00,12,John,T2
06/12/26,ORD-72117,Margherita Pizza,Pizza,2,15,30,10,John,t3
12.06.2026,ORD-80066,chicken wings,Appetizers,2,10,20,8,john,T1
2026/06/12,ORD-22622,Tiramisu,Desserts,1,8,8.00,"3,00",,t3
06/12/2026,ORD-44721,Beef Burger,Burgers,2,14,28,12.00 TRY,MARY,
12 Jun 2026,ORD-87172,Margherita Pizza,Pizza,3,15,45.00 USD,15,MARY,t3
2026/06/12,ORD-62781,coffee,Drinks,1,4,4,1,MARY,T5
06/12/26,ORD-42860,Coffee,Drinks,2,4,8.00 EUR,$2.00,sarah,T5
12-06-2026,ORD-75624,Margherita Pizza,Pizza,3,15,$45.00,NULL,MARY,
12/06/2026,ORD-15486,Chicken Wings,Appetizers,3,10,30,12,MARY,t3
12-06-2026,ORD-11613,Soda,Drinks,2,3,6,1.0,MARY,T1
12/06/2026,ORD-25541,Beef Burger,Burgers,1,14,₺14.00,6.00,sarah,T2
null,ORD-84859,Pepperoni Pizza,Pizza,3,18,54,18,sarah,t3
12 Jun 2026,ORD-60070,Coffee,Drinks,3,4,12,3,Sarah,none
12 Jun 2026,ORD-33697,Tiramisu,Desserts,1,8,8,3,sarah,NULL
12/06/26,ORD-16759,French Fries,Sides,1,5,5,1.5%,,t3
"Jun 12, 2026",ORD-35392,Soda,Drinks,3,3,9,1.50 USD,John,t3
12/06/2026,ORD-42752,Bruschetta,Appetizers,2,7,14,NONE,Sarah,t3
2026/06/12,ORD-58664,Caesar Salad,Salads,2,12,24,8.00,,nan
06/12/2026,ORD-77919,French Fries,Sides,3,5,15,4.5,MARY,
12-06-2026,ORD-11589,Bruschetta,Appetizers,1,7,7,NULL,John,T2
2026/06/12,ORD-17668,Soda,Drinks,2,3,"6,00",1.0,NA,
12 Jun 2026,ORD-54050,Caesar Salad,Salads,3,12,NA,12,,t3
12/06/26,ORD-26722,BRUSCHETTA,Appetizers,2,7,14,5.0,john,t3
2026/06/12,ORD-92871,Coffee,Drinks,3,4,12,3,sarah,T5
12/06/2026,ORD-91681,French Fries,Sides,2,5,10,3.00,Sarah,t3
12 Jun 2026,ORD-83552,Chicken Wings,Appetizers,2,10,20,8,,T2
06/12/2026,ORD-14923,Chicken Wings,Appetizers,1,10,10,4.00,,T2
2026/06/12,ORD-17087,Soda,Drinks,2,3,₺6.00,1.00,John,t3
12 Jun 2026,ORD-77496,Margherita Pizza,Pizza,1,15,15,5,Sarah,T2
12/06/26,ORD-93648,Chicken Wings,Appetizers,1,10,10,,,T2
-,ORD-49724,Pepperoni Pizza,Pizza,3,18,54,18,null,t3
12.06.2026,ORD-46940,French Fries,Sides,1,5,5.00,1.5,Sarah,T2
"Jun 12, 2026",ORD-55621,  Chicken Wings  ,Appetizers,2,10,20.00,8,MARY,none
12.06.2026,ORD-85351,Tiramisu,Desserts,1,8,8,3,john,t3
"Jun 12, 2026",ORD-23256,Bruschetta,Appetizers,3,7,NULL,7.50,sarah,T2
12 Jun 2026,ORD-11605,Bruschetta,Appetizers,3,7,21.00 TRY,7.5,john,T5
"Jun 12, 2026",ORD-82729,Pepperoni Pizza,Pizza,2,18,36.00,12,John,
2026/06/12,ORD-20646,Coffee,Drinks,3,4,12,3,john,T1
06/12/2026,ORD-34233,Margherita Pizza,Pizza,3,15,45,15,John,T5
12.06.2026,ORD-89156,Beef Burger,Burgers,1,14,"14,00",6,Sarah,
"Jun 12, 2026",ORD-36632,Bruschetta,Appetizers,2,7,£14.00,5.00,John,
12-06-2026,ORD-49329,Margherita Pizza,Pizza,1,15,15,5,MARY,T1
06/12/2026,ORD-36395,French Fries,Sides,1,5,"5,00",1.5,john,t3
12.06.2026,ORD-61762,Margherita Pizza,Pizza,1,15,15,5,MARY,T2
"Jun 12, 2026",ORD-50126,Soda,Drinks,3,3,9,1.50 EUR,Sarah,T1
06/12/2026,ORD-96921,Margherita Pizza,Pizza,1,15,15,5,,t3
06/12/26,ORD-70966,Soda,Drinks,1,3,3,0.50,MARY,
12/06/2026,ORD-96748,Coffee ,Drinks,1,4,4.0%,1,sarah,NULL
"Jun 12, 2026",ORD-37811,  French Fries  ,Sides,3,5,15,4.5,Sarah,T2
12/06/26,ORD-42086,Coffee,Drinks,1,4,4,1,,T5
2026/06/12,ORD-70817,Coffee,Drinks,2,4,8,2,,
2026/06/12,ORD-82606,Pepperoni Pizza,Pizza,3,18,54,18.00,sarah,T1
12/06/26,ORD-70462,Beef Burger,Burgers,3,14,42.00,18.00,,T5
2026-06-13,ORD-93636,Chicken Wings,Appetizers,3,10,30,12,sarah,T1
13-06-2026,ORD-21259,Caesar Salad,Salads,3,12,36,12.00 TRY,Sarah,nan
13/06/26,ORD-85410,beef burger,Burgers,2,14,28,12.00,sarah,
2026-06-13,ORD-37694,French Fries,Sides,3,5,15.00,4.5%,John,NONE
13/06/2026,ORD-49215,Bruschetta,Appetizers,2,7,14.00,5.00,sarah,t3
2026/06/13,ORD-48574,French Fries,Sides,2,5,10,3.0,,t3
13/06/2026,ORD-92832,Pepperoni Pizza,Pizza,1,18,€18.00,6,,t3
13 Jun 2026,ORD-86812,Pepperoni Pizza,Pizza,1,18,18.00,6,John,T5
2026/06/13,ORD-17189,Margherita Pizza,Pizza,1,15,15.00,5,,
06/13/26,ORD-50492,Chicken Wings,Appetizers,2,10,20,8,MARY,-
--,ORD-12823,  Coffee  ,Drinks,3,4,12,"3,00",,
06/13/2026,ORD-59809,Soda,Drinks,2,3,6,1.0,--,
06/13/2026,ORD-47326,Beef Burger,Burgers,1,14,14,6,john,T5
2026-06-13,ORD-89076,Beef Burger,Burgers,1,14,14,6.0%,Sarah,T5
13 Jun 2026,ORD-22778,Margherita Pizza,Pizza,2,15,30,10.0%,,T5
13/06/26,ORD-45949,Tiramisu,Desserts,2,8,-,6,MARY,nan
"Jun 13, 2026",ORD-61986,Margherita Pizza,Pizza,3,15,45,15,MARY,
06/13/2026,ORD-93564,FRENCH FRIES,Sides,1,5,5.00 TRY,1.5,MARY,N/A
13 Jun 2026,ORD-58188,Chicken Wings,Appetizers,2,10,20,8,John,T2
13/06/26,ORD-24024,pepperoni pizza,Pizza,2,18,36,12,MARY,T2
13 Jun 2026,ORD-16225,Chicken Wings,Appetizers,2,10,20,8,,T5
2026-06-13,ORD-69383,Coffee,Drinks,3,4,12,3,john,T5
06/13/2026,ORD-84438,Bruschetta,Appetizers,3,7,21,₺7.50,MARY,T1
06/13/2026,ORD-22031,Caesar Salad,Salads,2,12,24,8,sarah,
13.06.2026,ORD-28724,Bruschetta,Appetizers,1,7,"7,00",2.5,MARY,t3
13-06-2026,ORD-78653,Chicken Wings,Appetizers,1,10,10.00,4.00,Sarah,T5
13/06/26,ORD-57262,Pepperoni Pizza,Pizza,2,18,36,$12.00,john,T5
13 Jun 2026,ORD-39206,Beef Burger,Burgers,2,14,28,"12,00",John,
13 Jun 2026,ORD-59890,Bruschetta,Appetizers,1,7,7,2.5,sarah,t3
n/a,ORD-95481,Soda,Drinks,3,3,9,$1.50,john,
"Jun 13, 2026",ORD-49680,French Fries,Sides,1,5,5,1.5,null,T2
2026-06-13,ORD-35456,Beef Burger,Burgers,2,14,28,12,john,null
13-06-2026,ORD-80532,CHICKEN WINGS,Appetizers,3,10,30.00,12,Sarah,T2
13.06.2026,ORD-82999,Beef Burger,Burgers,3,14,42,18,,t3
"Jun 13, 2026",ORD-97308,Beef Burger,Burgers,1,14,14,6,Sarah,T5
13/06/2026,ORD-87022,Pepperoni Pizza,Pizza,3,18,54,18.0%,,
13/06/26,ORD-39598,Chicken Wings,Appetizers,1,10,10,4,MARY,T2
"Jun 13, 2026",ORD-88856,Beef Burger,Burgers,2,14,-,12,john,T2
13/06/26,ORD-95333,Margherita Pizza,Pizza,3,15,45,15,sarah,t3
13 Jun 2026,ORD-18723,Chicken Wings,Appetizers,2,10,20.00,8,Sarah,t3
06/13/2026,ORD-91148,Pepperoni Pizza,Pizza,3,18,54,"18,00",MARY,
13.06.2026,ORD-67455,French Fries,Sides,2,5,10,3.0,John,NULL
13 Jun 2026,ORD-35941,FRENCH FRIES,Sides,2,5,£10.00,3.0,John,T1
13/06/26,ORD-75645,Caesar Salad,Salads,2,12,24.00,8.00,,T5
13-06-2026,ORD-36448,Pepperoni Pizza,Pizza,1,18,NA,6,null,NA
06/13/26,ORD-73402,Tiramisu,Desserts,2,8,16,6,john,t3
null,ORD-54494,Chicken Wings,Appetizers,1,10,10.0%,4,MARY,T1
13-06-2026,ORD-45407,Coffee,Drinks,2,4,8.00 USD,2,,T5
13 Jun 2026,ORD-31309,Chicken Wings,Appetizers,1,10,10.00,4,,null
13/06/26,ORD-66129,  Soda  ,Drinks,3,3,9.00,1.5,,T2
13.06.2026,ORD-69220,Coffee,Drinks,2,4,8,2,sarah,--
06/13/2026,ORD-20211,Caesar Salad,Salads,1,12,12,4.00,sarah,
n/a,ORD-57612,French Fries,Sides,3,5,15.00 USD,4.5,,T1
13-06-2026,ORD-88548,Soda,Drinks,1,3,3,0.5,Sarah,T5
13/06/2026,ORD-24380,Soda,Drinks,3,3,9,£1.50,john,t3
13-06-2026,ORD-68542,Margherita Pizza,Pizza,1,15,15.00,5,john,T1
06/13/2026,ORD-67617,Caesar Salad,Salads,1,12,12.00,4.00,john,
13 Jun 2026,ORD-54653,Tiramisu,Desserts,3,8,24.00,9,,T1
06/13/26,ORD-91886,Margherita  Pizza,Pizza,2,15,30,10.00,John,t3
13/06/26,ORD-92269,Caesar Salad,Salads,3,12,36.00,£12.00,,
13-06-2026,ORD-61697,Caesar Salad,Salads,1,12,12,"4,00",John,T1
13-06-2026,ORD-88310,Caesar Salad,Salads,1,12,NA,4.00,-,
13-06-2026,ORD-70282,Tiramisu,Desserts,2,8,null,6,john,
13 Jun 2026,ORD-49000,Pepperoni Pizza,Pizza,2,18,36,12,,T2
"Jun 13, 2026",ORD-64792,French Fries,Sides,1,5,5,1.5,N/A,T5
06/13/2026,ORD-56474,Chicken Wings,Appetizers,1,10,10,£4.00,sarah,t3
13 Jun 2026,ORD-54292,Chicken Wings,Appetizers,3,10,30,12.00,Sarah,T5
06/13/26,ORD-15212,Caesar Salad,Salads,2,12,24.00 USD,8.0%,,T1
13-06-2026,ORD-87816,Caesar Salad,Salads,2,12,24,8,sarah,T1
13/06/2026,ORD-70988,Chicken Wings,Appetizers,3,10,null,12,Sarah,T5
13/06/26,ORD-22430,Bruschetta,Appetizers,3,7,21.00,7.5,John,t3
2026-06-13,ORD-61999,Pepperoni Pizza,Pizza,3,18,54,18,Sarah,T2
13/06/26,ORD-22321,Pepperoni Pizza,Pizza,2,18,36,12,sarah,T1
13.06.2026,ORD-99909,Tiramisu,Desserts,3,8,24.00,9,John,
13/06/2026,ORD-76815,Soda,Drinks,3,3,9,1.5,john,T2
13.06.2026,ORD-19222,Pepperoni Pizza,Pizza,3,18,54.0%,18.00,nan,
2026/06/13,ORD-35476,Tiramisu,Desserts,3,8,24,9,sarah,T5
"Jun 14, 2026",ORD-98572,Coffee,Drinks,3,4,₺12.00,3,john,T1
06/14/26,ORD-31460,Margherita Pizza,Pizza,2,15,30,10.00 EUR,john,T1
14-06-2026,ORD-51672,French Fries,Sides,2,5,10.00,3.0,,T2
06/14/26,ORD-10649,Beef Burger,Burgers,2,14,28,12,sarah,T5
14/06/2026,ORD-88428,French  Fries,Sides,2,5,10,3.0,John,--
14-06-2026,ORD-15873,Soda,Drinks,2,3,6.00,1.0,,t3
14/06/2026,ORD-63267,Soda,Drinks,2,3,6.00,1.0,NULL,T1
06/14/26,ORD-54698,Bruschetta,Appetizers,2,7,14.00,5.00 USD,Sarah,t3
2026/06/14,ORD-71775,Beef Burger,Burgers,2,14,28,12.00 EUR,Sarah,T2
14/06/26,ORD-52216,Bruschetta,Appetizers,2,7,14,€5.00,null,
14-06-2026,ORD-83853,soda,Drinks,1,3,₺3.00,0.5,,
"Jun 14, 2026",ORD-24810,Bruschetta,Appetizers,2,7,$14.00,5.0,Sarah,t3
2026/06/14,ORD-64769,French Fries,Sides,2,5,10,$3.00,Sarah,-
06/14/26,ORD-39217,Tiramisu,Desserts,1,8,8,3,sarah,t3
06/14/26,ORD-73013,Pepperoni Pizza,Pizza,2,18,36.00 TRY,12.00 EUR,John,T1
14-06-2026,ORD-33402,french fries,Sides,1,5,5,1.5%,n/a,
06/14/2026,ORD-52619,French Fries,Sides,1,5,5,-,Sarah,t3
2026/06/14,ORD-20552,SODA,Drinks,1,3,3.00 USD,0.5,null,t3
nan,ORD-11676,Pepperoni Pizza,Pizza,2,18,36,12.00,John,t3
2026-06-14,ORD-95115,Tiramisu,Desserts,3,8,24.00,9,MARY,t3
2026/06/14,ORD-52550,Soda,Drinks,2,3,6,1.00,,
06/14/26,ORD-92880,Beef Burger,Burgers,1,14,14,6,john,T1
NA,ORD-27757,Chicken Wings,Appetizers,1,10,10,4,John,t3
14-06-2026,ORD-46742,Chicken Wings,Appetizers,3,10,30.00,12,none,t3
06/14/26,ORD-45126,Pepperoni Pizza,Pizza,3,18,"54,00",18,Sarah,NULL
NA,ORD-89715,Beef Burger,Burgers,2,14,28,₺12.00,MARY,T5
06/14/2026,ORD-41882,French Fries,Sides,3,5,15,4.5%,MARY,T2
14 Jun 2026,ORD-18808,Bruschetta,Appetizers,1,7,"7,00",2.5,John,t3
14-06-2026,ORD-63842,pepperoni pizza,Pizza,2,18,36,12,,t3
14-06-2026,ORD-81850,Beef Burger,Burgers,2,14,28,n/a,John,T2
"Jun 14, 2026",ORD-16631,Bruschetta,Appetizers,2,7,14.00,5.00 USD,John,T2
14/06/2026,ORD-55469,Soda,Drinks,3,3,9,1.50,,T2
n/a,ORD-93476,Margherita Pizza,Pizza,3,15,45,15.00,N/A,T5
14/06/2026,ORD-15300,French Fries,Sides,1,5,5.00,1.5,Sarah,t3
--,ORD-10914,Coffee,Drinks,2,4,8.00,2,john,T5
2026-06-14,ORD-93665,French Fries,Sides,1,5,5,1.50,,T5
"Jun 14, 2026",ORD-20193,Pepperoni Pizza,Pizza,1,18,"18,00",6.00,john,t3
06/14/26,ORD-88558,Beef Burger,Burgers,3,14,42.00,18,Sarah,T1
14/06/2026,ORD-41161,Bruschetta,Appetizers,1,7,7.00,2.5,sarah,T5
14.06.2026,ORD-65429,Caesar Salad,Salads,3,12,36,12,John,T1
"Jun 14, 2026",ORD-74185,Tiramisu,Desserts,3,8,24,9,sarah,
2026-06-14,ORD-51579,Beef Burger,Burgers,1,14,14,6,john,
NULL,ORD-18835,Chicken Wings,Appetizers,1,10,10,4,,T2
NONE,ORD-94960,Pepperoni Pizza,Pizza,2,18,36,12,john,N/A
14/06/26,ORD-25833,Caesar Salad,Salads,3,12,36,-,john,t3
2026-06-14,ORD-25994,Coffee,Drinks,3,4,12,$3.00,John,T5
2026/06/14,ORD-37249,Tiramisu,Desserts,1,8,8,3,Sarah,T1
06/14/26,ORD-17423,Beef Burger,Burgers,2,14,28,12,John,
06/14/26,ORD-46887,Bruschetta,Appetizers,2,7,14,5.0,N/A,T5
06/14/2026,ORD-21763,Margherita Pizza,Pizza,3,15,45.00 TRY,15,John,T1
14/06/2026,ORD-39879,Beef Burger,Burgers,3,14,42,18.00,john,null
14/06/26,ORD-86649,Chicken Wings,Appetizers,1,10,10,4,none,T2
14/06/2026,ORD-62589,Tiramisu,Desserts,3,8,24,9,Sarah,T1
2026-06-14,ORD-71404,Chicken Wings,Appetizers,2,10,20,8.00,sarah,null
06/14/26,ORD-85055,Tiramisu,Desserts,1,8,8,3,john,
14/06/26,ORD-15721,Beef Burger,Burgers,3,14,42,18.00,john,T2
14/06/2026,ORD-30005,Chicken Wings,Appetizers,2,10,20.00 TRY,8,,
14/06/2026,ORD-95955,Coffee,Drinks,3,4,12,3.00,sarah,nan
2026-06-14,ORD-37848,Beef Burger,Burgers,2,14,-,12,,T2
15.06.2026,ORD-69052,Margherita Pizza,Pizza,2,15,30,10.00,Sarah,T5
2026/06/15,ORD-81601,French Fries,Sides,3,5,15.00 EUR,4.5%,john,t3
"Jun 15, 2026",ORD-75121,Coffee,Drinks,2,4,null,2.00,Sarah,T2
06/15/26,ORD-27655,Soda,Drinks,1,3,3,0.5,Sarah,t3
15-06-2026,ORD-68530,French Fries,Sides,2,5,10,3.0,-,T5
15/06/2026,ORD-17732,Pepperoni Pizza,Pizza,3,18,54.00,18,sarah,T2
2026-06-15,ORD-53326,Margherita Pizza,Pizza,2,15,30,£10.00,MARY,T5
15/06/2026,ORD-23888,Coffee,Drinks,2,4,8.00,2,Sarah,T2
06/15/26,ORD-74478,Chicken Wings,Appetizers,1,10,10,4.0%,sarah,n/a
15-06-2026,ORD-52861,Bruschetta,Appetizers,2,7,14,5.0,MARY,T5
,ORD-96982,Pepperoni Pizza,Pizza,3,18,54,18,john,T2
15.06.2026,ORD-77523,Soda,Drinks,2,3,6.00,1.00,Sarah,
nan,ORD-89943,Margherita Pizza,Pizza,3,15,45,15,sarah,t3
15 Jun 2026,ORD-68528,  Coffee  ,Drinks,2,4,8.0%,2,John,NONE
2026/06/15,ORD-30526,Beef Burger,Burgers,2,14,28.00 EUR,12.00 USD,John,T2
15 Jun 2026,ORD-90380,Tiramisu,Desserts,1,8,8,3.00 TRY,john,nan
15-06-2026,ORD-47824,Chicken Wings,Appetizers,2,10,20,8,john,t3
15.06.2026,ORD-43941,  Bruschetta  ,Appetizers,2,7,-,5.0,sarah,N/A
16/06/2026,ORD-22328,Beef Burger,Burgers,2,14,28.0%,12,John,t3
16.06.2026,ORD-50544,Soda ,Drinks,2,3,6,1.00,NA,T5
2026/06/16,ORD-89213,coffee,Drinks,3,4,12,3,,T5
16.06.2026,ORD-38086,Soda,Drinks,2,3,6.00,1.0,Sarah,T1
16-06-2026,ORD-98472,Soda,Drinks,3,3,9,1.5%,John,t3
16.06.2026,ORD-40495,Coffee,Drinks,3,4,12.00,3,sarah,T1
16 Jun 2026,ORD-48714,Beef Burger,Burgers,1,14,14,6.00,John,
16/06/26,ORD-51503,Tiramisu,Desserts,2,8,₺16.00,6,john,T5
16 Jun 2026,ORD-82723,Chicken Wings,Appetizers,2,10,20.00,8.00,Sarah,T5
06/16/2026,ORD-41544,Caesar Salad,Salads,3,12,"36,00",12,sarah,-
16 Jun 2026,ORD-80678,Chicken Wings,Appetizers,1,10,10,4,John,T1
"Jun 16, 2026",ORD-57223,Chicken Wings,Appetizers,2,10,20,8,MARY,T1
16.06.2026,ORD-43903,Beef Burger,Burgers,1,14,14.00,"6,00",john,t3
2026-06-16,ORD-63426,Margherita Pizza,Pizza,1,15,15,₺5.00,john,t3
2026/06/16,ORD-82213,Tiramisu,Desserts,1,8,8,3,,T1
06/16/26,ORD-64419,Pepperoni Pizza,Pizza,1,18,18,6,john,T2
16.06.2026,ORD-78501,Pepperoni Pizza,Pizza,3,18,54,18,john,T5
16.06.2026,ORD-50625,Coffee,Drinks,1,4,4,1,sarah,t3
16/06/2026,ORD-83968,Bruschetta,Appetizers,2,7,14,5.00,sarah,none
2026/06/16,ORD-51098,Margherita Pizza,Pizza,1,15,15.00,5,john,
16/06/26,ORD-21364,Bruschetta,Appetizers,3,7,$21.00,7.5,John,NA
06/16/26,ORD-94565,Caesar Salad,Salads,1,12,12.00,4,John,-
2026/06/16,ORD-68410,Chicken Wings,Appetizers,1,10,10,4,,T2
"Jun 16, 2026",ORD-86201,Soda,Drinks,1,3,3,0.5,Sarah,T1
2026-06-16,ORD-16029,Bruschetta,Appetizers,1,7,7.00 TRY,2.50,NONE,NA
"Jun 16, 2026",ORD-16285,Coffee,Drinks,3,4,12,3.00,MARY,T5
16/06/2026,ORD-25791,Tiramisu,Desserts,1,8,8,3,John,t3
2026-06-16,ORD-74570,French Fries,Sides,1,5,5,1.50,sarah,T5
16.06.2026,ORD-94335,Pepperoni Pizza,Pizza,1,18,£18.00,6,,T5
16 Jun 2026,ORD-94240,Coffee,Drinks,1,4,"4,00",1.00,,T2
06/16/26,ORD-41916,Beef Burger,Burgers,3,14,42,18.00 EUR,john,t3
"Jun 16, 2026",ORD-32671,Beef Burger,Burgers,1,14,14.00,6,john,
16 Jun 2026,ORD-99869,Coffee,Drinks,2,4,8,"2,00",John,T1
16 Jun 2026,ORD-62112,French Fries,Sides,3,5,15,4.5,john,T1
"Jun 16, 2026",ORD-64358,Caesar Salad,Salads,1,12,€12.00,4,MARY,T2
2026-06-16,ORD-50831,Margherita Pizza,Pizza,3,15,45,NONE,sarah,T1
,ORD-97690,Pepperoni Pizza,Pizza,2,18,36,12.00,sarah,t3
16-06-2026,ORD-62437,Chicken Wings,Appetizers,1,10,10,£4.00,John,T1
06/16/2026,ORD-35767,French Fries,Sides,1,5,5,1.5,John,
NA,ORD-87910,Chicken Wings,Appetizers,3,10,30,12.00,John,T5
06/16/2026,ORD-70000,Bruschetta,Appetizers,2,7,$14.00,5.00,Sarah,
2026-06-16,ORD-91295,Soda,Drinks,1,3,$3.00,0.5,John,NONE
16 Jun 2026,ORD-88202,Coffee,Drinks,1,4,4,"1,00",Sarah,T5
"Jun 16, 2026",ORD-12783,Soda,Drinks,1,3,3.00,0.5,John,T1
2026/06/16,ORD-33465,Coffee,Drinks,3,4,12,3.0%,john,T5
"Jun 16, 2026",ORD-81759,Caesar Salad,Salads,3,12,36.0%,12,john,
NULL,ORD-77017,MARGHERITA PIZZA,Pizza,2,15,30,₺10.00,,
17 Jun 2026,ORD-61626,Margherita Pizza,Pizza,3,15,45,15,John,
2026/06/17,ORD-88791,pepperoni pizza,Pizza,2,18,36,"12,00",MARY,
06/17/2026,ORD-49587,Soda,Drinks,2,3,6,1.00 TRY,,t3
2026/06/17,ORD-30355,Soda,Drinks,1,3,3,0.5,MARY,t3
"Jun 17, 2026",ORD-47033,Beef Burger,Burgers,1,14,14.00,6,MARY,T5
17-06-2026,ORD-43454,Coffee,Drinks,3,4,₺12.00,3,Sarah,T2
2026-06-17,ORD-76884,Bruschetta,Appetizers,2,7,14.0%,5.0,john,t3
06/17/26,ORD-93724,Pepperoni Pizza,Pizza,1,18,18.00 TRY,6,Sarah,NA
17/06/26,ORD-87129,Bruschetta,Appetizers,1,7,7.0%,2.5,Sarah,T5
17 Jun 2026,ORD-35678,Caesar Salad,Salads,3,12,€36.00,12,MARY,
06/17/2026,ORD-57454,Bruschetta,Appetizers,3,7,21,7.5,NULL,-
06/17/2026,ORD-57037,Caesar Salad,Salads,3,12,36,12.00,john,T1
06/17/26,ORD-70592,Tiramisu,Desserts,1,8,8.0%,3,MARY,T5
2026/06/17,ORD-91921,Chicken Wings ,Appetizers,3,10,30,12,null,T2
17/06/2026,ORD-79726,Pepperoni Pizza,Pizza,3,18,54.00 USD,18.00 TRY,n/a,T2
17/06/26,ORD-24667,Coffee,Drinks,3,4,"12,00",3.00,John,t3
--,ORD-56362,Beef Burger,Burgers,1,14,14,6.0%,,T5
17.06.2026,ORD-35279,Margherita Pizza,Pizza,1,15,15.00,5.00,Sarah,T5
17 Jun 2026,ORD-10211,Caesar Salad,Salads,1,12,12,4.00,sarah,nan
06/17/26,ORD-43430,Chicken Wings,Appetizers,2,10,20,8,,
06/17/26,ORD-90979,Coffee,Drinks,2,4,8,2,John,NA
2026-06-17,ORD-16421,Soda,Drinks,3,3,9,NONE,John,
18/06/2026,ORD-63482,Margherita Pizza,Pizza,2,15,30,₺10.00,null,
06/18/26,ORD-82347,Coffee,Drinks,1,4,4.0%,1,,
18/06/26,ORD-78793,Bruschetta,Appetizers,2,7,14,5.00,-,T1
18/06/26,ORD-87965,Tiramisu,Desserts,3,8,24.00,9,MARY,T5
18-06-2026,ORD-23694,Soda,Drinks,1,3,3,0.5,Sarah,T1
06/18/2026,ORD-38217,Bruschetta,Appetizers,1,7,7.0%,2.5,John,T2
18 Jun 2026,ORD-59581,Bruschetta,Appetizers,1,7,₺7.00,2.5,Sarah,n/a
06/18/26,ORD-77450,Soda,Drinks,3,3,9,1.5,sarah,t3
2026-06-18,ORD-33423,Beef Burger,Burgers,2,14,28,12,John,t3
06/18/2026,ORD-52758,Caesar Salad,Salads,2,12,n/a,8,MARY,T5
"Jun 18, 2026",ORD-55042,Soda,Drinks,1,3,"3,00",0.5%,,T5
18/06/2026,ORD-98372,Coffee ,Drinks,1,4,£4.00,-,MARY,T1
NULL,ORD-32941,Soda,Drinks,1,3,3.00,0.5,Sarah,T1
18/06/2026,ORD-45533,  Caesar Salad  ,Salads,2,12,24.00,8,john,t3
18/06/26,ORD-13957,French Fries,Sides,3,5,15,4.5,Sarah,T5
06/18/2026,ORD-87092,French Fries,Sides,2,5,10.00,N/A,john,t3
06/18/26,ORD-56501,Bruschetta,Appetizers,3,7,$21.00,7.5,sarah,T2
2026-06-18,ORD-32123,Pepperoni Pizza,Pizza,1,18,$18.00,6.00,john,T5
18-06-2026,ORD-87868,Beef Burger,Burgers,2,14,28,12,john,T1
2026-06-18,ORD-69719,Tiramisu ,Desserts,3,8,24,9.0%,sarah,
06/18/26,ORD-99452,margherita pizza,Pizza,1,15,15,5,N/A,t3
18.06.2026,ORD-68803,Soda,Drinks,3,3,9,1.5,john,NA
18 Jun 2026,ORD-76108,french fries,Sides,3,5,15,4.5,,
18/06/26,ORD-81232,Beef Burger,Burgers,3,14,42,18,none,T1
2026-06-18,ORD-76305,French Fries,Sides,1,5,5,1.5,john,T1
06/18/26,ORD-24979,Pepperoni Pizza,Pizza,2,18,36,12,MARY,T2
06/18/2026,ORD-54123,Chicken Wings,Appetizers,3,10,null,12.00,John,T1
2026-06-18,ORD-10924,Soda,Drinks,1,3,3.0%,0.5,Sarah,t3
2026-06-18,ORD-55471,Pepperoni Pizza,Pizza,1,18,18.00,6,john,T2
"Jun 18, 2026",ORD-74466,  Margherita Pizza  ,Pizza,3,15,45,15,sarah,NA
18/06/26,ORD-36020,Soda,Drinks,3,3,9.00,1.5,,T1
2026/06/18,ORD-74006,Margherita Pizza,Pizza,3,15,45,15,Sarah,T5
2026/06/18,ORD-46668,Coffee,Drinks,2,4,8.00,2,sarah,nan
06/18/26,ORD-63042,Beef Burger,Burgers,1,14,€14.00,6,Sarah,T1
2026/06/18,ORD-74464,Coffee,Drinks,2,4,8,none,N/A,T1
19 Jun 2026,ORD-79389,Soda,Drinks,1,3,3,0.5,John,T1
2026/06/19,ORD-27498,Soda,Drinks,2,3,6,$1.00,Sarah,
2026-06-19,ORD-49373,Caesar Salad,Salads,1,12,12,4,Sarah,T1
19.06.2026,ORD-53252,Soda,Drinks,1,3,3,0.5,John,
"Jun 19, 2026",ORD-13190,  Bruschetta  ,Appetizers,1,7,7,n/a,--,t3
2026-06-19,ORD-55978,Bruschetta,Appetizers,1,7,nan,2.5,john,T1
19/06/2026,ORD-83603,Chicken Wings,Appetizers,2,10,20,8,Sarah,
"Jun 19, 2026",ORD-68017,French Fries,Sides,3,5,15.0%,4.5,,
2026-06-19,ORD-34121,Soda,Drinks,3,3,9,1.5,N/A,--
"Jun 19, 2026",ORD-66541,Coffee,Drinks,2,4,8,2,n/a,
06/19/26,ORD-32240,Pepperoni Pizza,Pizza,2,18,36,12,,T5
06/19/26,ORD-54203,Soda,Drinks,2,3,6,1.0,,t3
06/19/2026,ORD-98357,Soda,Drinks,1,3,3,"0,50",John,T5
06/19/2026,ORD-52635,Bruschetta,Appetizers,3,7,21,7.50,none,N/A
--,ORD-75117,Beef Burger,Burgers,3,14,42,"18,00",Sarah,t3
06/19/26,ORD-29134,Tiramisu,Desserts,2,8,16,$6.00,MARY,t3
19.06.2026,ORD-81472,French Fries,Sides,3,5,15,4.50 EUR,MARY,T2
06/19/2026,ORD-87542,BEEF BURGER,Burgers,3,14,42,18.00,NULL,t3
2026-06-19,ORD-37628,Soda,Drinks,3,3,9,1.5,sarah,T5
2026/06/19,ORD-70755,Soda,Drinks,3,3,9,1.5,,T2
19 Jun 2026,ORD-19372,Beef Burger,Burgers,1,14,14,6.00,Sarah,t3
19-06-2026,ORD-75578,French Fries,Sides,3,5,"15,00",4.5,John,t3
19 Jun 2026,ORD-36158,Caesar Salad,Salads,2,12,24.00,8,sarah,-
"Jun 19, 2026",ORD-71418,Caesar Salad,Salads,1,12,12,"4,00",NONE,
19.06.2026,ORD-76768,Tiramisu,Desserts,2,8,16,6,NULL,T1
19/06/26,ORD-70103,Margherita Pizza,Pizza,2,15,30,10,John,--
19/06/26,ORD-79822,French Fries,Sides,3,5,15,4.50,John,
2026/06/19,ORD-60418,Coffee,Drinks,3,4,12,3,NONE,t3
19/06/26,ORD-85281,Caesar Salad,Salads,3,12,₺36.00,12,,T1
06/19/2026,ORD-58965,Bruschetta,Appetizers,2,7,14,5.0,MARY,null
19/06/2026,ORD-41512,french fries,Sides,1,5,5,1.5,john,n/a
19.06.2026,ORD-50545,Soda,Drinks,1,3,3,0.5,Sarah,T5
19.06.2026,ORD-82328,Bruschetta,Appetizers,3,7,21,-,Sarah,T2
19 Jun 2026,ORD-69208,Tiramisu,Desserts,1,8,8,3,sarah,T2
19/06/2026,ORD-62432,Caesar Salad,Salads,2,12,24,8,MARY,T2
19/06/2026,ORD-23909,Bruschetta,Appetizers,1,7,7.00,2.5,,NONE
2026/06/19,ORD-44892,Bruschetta,Appetizers,1,7,7,2.5,john,T5
19/06/2026,ORD-61182,Soda,Drinks,3,3,9,1.5,John,T1
19.06.2026,ORD-27372,Soda,Drinks,1,3,3,0.5,,nan
19.06.2026,ORD-19914,Coffee,Drinks,3,4,12,3.00 USD,john,T1
n/a,ORD-82494,Chicken Wings,Appetizers,3,10,30.00,12.00,,T1
19/06/2026,ORD-63196,Coffee,Drinks,3,4,12,3,sarah,t3
06/19/2026,ORD-40605,Soda,Drinks,2,3,6,"1,00",john,t3
19-06-2026,ORD-30596,Pepperoni Pizza,Pizza,2,18,36,₺12.00,,null
2026-06-19,ORD-19155,Coffee,Drinks,3,4,12.00 EUR,-,,
19 Jun 2026,ORD-81456,Margherita Pizza,Pizza,2,15,30,10,Sarah,
06/19/2026,ORD-35961,  Margherita Pizza  ,Pizza,3,15,45,15,sarah,T5
2026/06/19,ORD-10062,Beef Burger,Burgers,1,14,14,6.0%,sarah,none
19.06.2026,ORD-21843,Beef Burger,Burgers,1,14,14,6,,t3
06/19/26,ORD-36431,Pepperoni Pizza,Pizza,3,18,54,18,NULL,T1
19.06.2026,ORD-98204,Coffee,Drinks,2,4,8,2,,T2
06/19/26,ORD-28111,Soda,Drinks,2,3,--,1.00,john,t3
19.06.2026,ORD-29141,Pepperoni Pizza,Pizza,3,18,54,18,,
19/06/2026,ORD-49540,Beef Burger,Burgers,3,14,42.00,18.00 TRY,Sarah,NA
06/19/2026,ORD-85239,Coffee,Drinks,3,4,12,£3.00,,T1
19-06-2026,ORD-75669,Beef Burger,Burgers,2,14,28,₺12.00,,T2
"Jun 19, 2026",ORD-12587,Pepperoni Pizza,Pizza,2,18,36,12.00,sarah,
"Jun 19, 2026",ORD-10189,Tiramisu,Desserts,1,8,8,3,John,NONE
19.06.2026,ORD-56570,Chicken Wings,Appetizers,2,10,20,₺8.00,john,T1
06/19/2026,ORD-30728,Pepperoni Pizza,Pizza,1,18,18,6,,--
19.06.2026,ORD-16924,Coffee,Drinks,2,4,8,2,john,
19 Jun 2026,ORD-27720,Tiramisu,Desserts,1,8,8,3,none,t3
06/19/2026,ORD-11094,Bruschetta,Appetizers,2,7,14,5.0,--,
19.06.2026,ORD-45452,Tiramisu,Desserts,2,8,,6,Sarah,null
06/19/2026,ORD-96006,Beef Burger,Burgers,2,14,28.00 USD,12,John,
"Jun 19, 2026",ORD-81026,Pepperoni Pizza,Pizza,1,18,18.00,6,sarah,T5
19/06/2026,ORD-98254,Caesar Salad,Salads,2,12,24.00 EUR,8,MARY,
2026-06-19,ORD-35579,Coffee,Drinks,1,4,4,1.00,Sarah,T1
2026/06/19,ORD-95099,Bruschetta,Appetizers,2,7,14.00,5.00 EUR,John,NA
19 Jun 2026,ORD-13757,Coffee,Drinks,3,4,12,3,john,T2
19.06.2026,ORD-78955,Pepperoni Pizza,Pizza,1,18,18.00 USD,$6.00,Sarah,T2
06/19/26,ORD-54165,French Fries,Sides,2,5,10,3.0,,n/a
19/06/2026,ORD-15214,Beef Burger,Burgers,1,14,14,6,Sarah,t3
"Jun 19, 2026",ORD-77847,Pepperoni Pizza,Pizza,3,18,54,$18.00,,T2
19/06/2026,ORD-55833,Coffee,Drinks,2,4,8,2.00 USD,John,
19/06/26,ORD-52415,Beef Burger,Burgers,2,14,28.00 EUR,12,Sarah,T2
2026/06/19,ORD-30877,bruschetta,Appetizers,2,7,14.00,5.0,john,T5
-,ORD-69629,Margherita Pizza,Pizza,1,15,15.00,"5,00",Sarah,
2026/06/19,ORD-91137,Chicken Wings,Appetizers,2,10,20,8,john,
06/19/2026,ORD-62623,Coffee,Drinks,2,4,8.0%,2.0%,MARY,T5
19/06/2026,ORD-58198,Chicken Wings,Appetizers,2,10,20,8,MARY,
20-06-2026,ORD-35334,Caesar Salad,Salads,1,12,12,£4.00,sarah,
2026-06-20,ORD-14814,  Tiramisu  ,Desserts,2,8,16.0%,6,,T1
-,ORD-37639,Chicken Wings,Appetizers,2,10,20,8,MARY,t3
20 Jun 2026,ORD-28632,Chicken Wings,Appetizers,2,10,20,8.00,MARY,nan
20-06-2026,ORD-54050,Chicken Wings,Appetizers,2,10,20,8,Sarah,t3
20-06-2026,ORD-93559,Caesar Salad ,Salads,1,12,12.00,4,MARY,t3
2026/06/20,ORD-32532,Beef Burger,Burgers,1,14,14,6,,T5
20/06/26,ORD-99721,Caesar Salad,Salads,1,12,12,4,MARY,
20-06-2026,ORD-35470,Beef Burger,Burgers,1,14,14.00,6.00,sarah,
20.06.2026,ORD-99536,Pepperoni Pizza,Pizza,3,18,54,18,none,T5
06/20/26,ORD-25844,Coffee,Drinks,1,4,4,1,John,
2026-06-20,ORD-59118,Coffee,Drinks,2,4,8,2,MARY,T2
none,ORD-37876,Margherita Pizza,Pizza,1,15,15,"5,00",null,NULL
20/06/26,ORD-10408,Tiramisu,Desserts,3,8,24,9,MARY,
06/20/26,ORD-95672,Caesar Salad,Salads,2,12,24,8,john,T1
06/20/2026,ORD-69102,Bruschetta,Appetizers,1,7,₺7.00,2.5,john,
--,ORD-15132,Bruschetta,Appetizers,2,7,14.0%,5.00 EUR,sarah,T5
20.06.2026,ORD-69980,Soda,Drinks,1,3,3,"0,50",none,T5
20 Jun 2026,ORD-75684,Caesar Salad,Salads,3,12,36,12,sarah,
20 Jun 2026,ORD-62037,Chicken Wings,Appetizers,3,10,30,12.0%,sarah,NONE
20/06/2026,ORD-80773,French Fries,Sides,3,5,15,4.5,Sarah,T2
06/20/26,ORD-99549,Soda,Drinks,3,3,9,1.5,Sarah,-
20.06.2026,ORD-74038,Soda,Drinks,1,3,3,0.5,Sarah,t3
2026-06-20,ORD-52636,Margherita Pizza,Pizza,1,15,15.0%,5.00,sarah,
"Jun 20, 2026",ORD-89123,Chicken Wings,Appetizers,2,10,20,8,sarah,T5
06/20/26,ORD-91213,  Beef Burger  ,Burgers,1,14,nan,6.00,,NULL
20-06-2026,ORD-91455,Margherita Pizza,Pizza,1,15,15,5.00,john,T1
06/20/2026,ORD-88921,caesar salad,Salads,1,12,12,4.00,sarah,T1
20-06-2026,ORD-83994,Caesar Salad,Salads,2,12,24,8.00,john,t3
"Jun 20, 2026",ORD-53450,Margherita Pizza,Pizza,1,15,15,5.0%,MARY,T2
2026-06-20,ORD-55067,Pepperoni Pizza,Pizza,1,18,18.00 EUR,6,john,t3
"Jun 20, 2026",ORD-15294,CHICKEN WINGS,Appetizers,3,10,30,12,MARY,t3
20/06/26,ORD-79318,Beef Burger,Burgers,1,14,14,6,sarah,
20/06/26,ORD-33564,Tiramisu,Desserts,3,8,24.00 TRY,9,john,T1
06/20/26,ORD-99095,Coffee,Drinks,1,4,4.00,1,,T1
20/06/2026,ORD-20663,French Fries,Sides,2,5,10.00,3.00,MARY,T1
20/06/26,ORD-76128,Chicken Wings ,Appetizers,2,10,20,8,john,T2
20.06.2026,ORD-70591,Soda,Drinks,1,3,3.00,₺0.50,,t3
06/20/26,ORD-46164,Bruschetta,Appetizers,1,7,7,2.50,MARY,T5
"Jun 20, 2026",ORD-60253,Pepperoni Pizza,Pizza,3,18,54,18.00,john,T5
06/20/26,ORD-86864,Coffee,Drinks,3,4,12.00 TRY,£3.00,Sarah,
20.06.2026,ORD-46451,Coffee,Drinks,1,4,4.00,1,none,T2
"Jun 20, 2026",ORD-71393,Chicken Wings,Appetizers,3,10,30.00,12.00,Sarah,NA
null,ORD-28985,Coffee,Drinks,3,4,12,3,MARY,
20 Jun 2026,ORD-72816,Margherita  Pizza,Pizza,2,15,30,10,,T1
2026-06-20,ORD-23915,Margherita Pizza,Pizza,1,15,15,5,NA,T5
2026/06/20,ORD-95122,Pepperoni  Pizza,Pizza,3,18,"54,00",₺18.00,,none
20.06.2026,ORD-11136,Caesar Salad,Salads,1,12,12,4,sarah,t3
20 Jun 2026,ORD-72529,French Fries,Sides,1,5,5.00 TRY,1.5,sarah,none
2026-06-20,ORD-96865,beef burger,Burgers,2,14,28,12,null,T1
06/20/26,ORD-19891,  Bruschetta  ,Appetizers,2,7,14,5.0,John,t3
20/06/26,ORD-75219,Coffee,Drinks,2,4,8,2,john,
20/06/2026,ORD-84277,Caesar Salad,Salads,2,12,24,8,MARY,T2
06/20/26,ORD-38032,French Fries,Sides,1,5,5,1.5,MARY,
2026-06-20,ORD-28640,French Fries,Sides,1,5,"5,00",1.5,MARY,t3
06/20/26,ORD-38667,Pepperoni Pizza,Pizza,1,18,18,6,,t3
2026-06-20,ORD-87594,Coffee,Drinks,2,4,8.00,2,john,T1
null,ORD-42942,Margherita Pizza,Pizza,2,15,30.00,10,MARY,
06/21/26,ORD-14163,French Fries,Sides,2,5,10.00,3.0,john,T1
2026/06/21,ORD-48310,Bruschetta,Appetizers,1,7,7,2.5,john,T1
21.06.2026,ORD-35166,Margherita  Pizza,Pizza,1,15,15.0%,5,John,T1
"Jun 21, 2026",ORD-38722,French Fries,Sides,1,5,5,1.50 TRY,,t3
06/21/2026,ORD-67237,Beef Burger,Burgers,2,14,28,12,NA,
21.06.2026,ORD-12716,Pepperoni Pizza,Pizza,2,18,36,12,N/A,t3
21 Jun 2026,ORD-51140,tiramisu,Desserts,2,8,16,6,MARY,t3
21.06.2026,ORD-14181,Tiramisu,Desserts,1,8,8.00,3,NA,T5
2026-06-21,ORD-57637,French Fries,Sides,1,5,5.00 USD,1.5,,n/a
21 Jun 2026,ORD-25933,Caesar Salad,Salads,1,12,₺12.00,4,John,T2
2026/06/21,ORD-56728,Coffee,Drinks,3,4,12.0%,3,,
2026/06/21,ORD-97468,French Fries,Sides,2,5,10,3.0,NONE,T2
2026/06/21,ORD-56502,Pepperoni Pizza,Pizza,3,18,54,18,MARY,T1
2026-06-21,ORD-41217,Bruschetta,Appetizers,3,7,21,7.5,sarah,
nan,ORD-14645,French Fries ,Sides,2,5,10,"3,00",Sarah,t3
21-06-2026,ORD-89370,Pepperoni Pizza,Pizza,2,18,36,12,Sarah,
21.06.2026,ORD-37743,Chicken Wings,Appetizers,2,10,20,8,Sarah,t3
06/21/2026,ORD-76660,Beef Burger,Burgers,2,14,28,12.00 USD,Sarah,N/A
06/21/2026,ORD-41152,Tiramisu,Desserts,3,8,24,9.00,sarah,T2
06/21/2026,ORD-80391,Beef Burger,Burgers,2,14,28,12,Sarah,T5
"Jun 21, 2026",ORD-70563,pepperoni pizza,Pizza,1,18,--,6,,
21.06.2026,ORD-70749,Bruschetta,Appetizers,2,7,14,5.0%,Sarah,none
06/21/26,ORD-83944,Margherita Pizza,Pizza,3,15,45,15,sarah,t3
06/21/26,ORD-65875,Beef Burger,Burgers,3,14,42,18,Sarah,T5
"Jun 21, 2026",ORD-72975,Soda,Drinks,1,3,"3,00",0.50,sarah,
06/21/26,ORD-76727,Coffee,Drinks,3,4,12.00,3,john,
"Jun 21, 2026",ORD-26664,Soda,Drinks,2,3,6,1.0,sarah,
"Jun 21, 2026",ORD-76107,Beef Burger,Burgers,1,14,14.00 USD,6,,T2
21 Jun 2026,ORD-52464,Caesar Salad,Salads,1,12,12,4,,
21/06/26,ORD-57023,French Fries,Sides,3,5,15,4.5,Sarah,t3
06/21/2026,ORD-76076,Margherita Pizza,Pizza,2,15,30.00,10,sarah,
06/21/2026,ORD-34275,Soda,Drinks,1,3,3,0.50,MARY,
2026-06-21,ORD-70324,Beef Burger,Burgers,3,14,42,18.00,--,T2
2026-06-21,ORD-75463,Soda,Drinks,2,3,6,1.0,NULL,T2
06/21/2026,ORD-88512,Bruschetta,Appetizers,3,7,21,7.5%,john,
06/21/26,ORD-29053,  Chicken Wings  ,Appetizers,3,10,30.00 TRY,12.0%,MARY,t3
2026-06-21,ORD-25192,Soda,Drinks,3,3,9,1.5,john,
21-06-2026,ORD-38663,Caesar Salad,Salads,2,12,24,N/A,,T5
2026/06/21,ORD-93681,Beef Burger,Burgers,2,14,28,€12.00,MARY,
21.06.2026,ORD-50718,Beef Burger,Burgers,3,14,£42.00,18,Sarah,T1
21-06-2026,ORD-37707,Chicken Wings,Appetizers,1,10,10,4.00,john,NULL
06/21/26,ORD-54451,Beef Burger,Burgers,1,14,14,6,john,t3
2026-06-21,ORD-34087,Soda,Drinks,3,3,9,1.50,N/A,T2
"Jun 21, 2026",ORD-57747,Margherita Pizza,Pizza,1,15,15,₺5.00,MARY,
21 Jun 2026,ORD-36029,Coffee,Drinks,3,4,12.0%,3,Sarah,T5
06/21/2026,ORD-28634,Caesar Salad,Salads,3,12,36,--,John,t3
21/06/2026,ORD-29956,Beef Burger,Burgers,3,14,42,18,Sarah,
21 Jun 2026,ORD-44691,Margherita Pizza,Pizza,3,15,45,15,MARY,t3
21 Jun 2026,ORD-39523,Caesar Salad,Salads,2,12,24,8,john,
21.06.2026,ORD-82965,Caesar Salad,Salads,3,12,₺36.00,12,John,T5
21-06-2026,ORD-84852,Chicken Wings,Appetizers,3,10,30,12,,NA
06/21/26,ORD-64543,Soda,Drinks,1,3,3,0.50,-,T2
06/21/2026,ORD-57175,French Fries,Sides,3,5,15.0%,£4.50,,
06/21/26,ORD-16435,Soda,Drinks,2,3,6.00,1.00,john,
21/06/2026,ORD-52403,French Fries,Sides,1,5,5,1.5,n/a,NONE
06/21/2026,ORD-53791,Chicken Wings,Appetizers,3,10,30,12,Sarah,t3
21 Jun 2026,ORD-33499,Chicken Wings,Appetizers,1,10,10,"4,00",MARY,t3
21/06/26,ORD-84072,Pepperoni Pizza,Pizza,3,18,"54,00",18.00,john,t3
"Jun 21, 2026",ORD-88529,Tiramisu,Desserts,1,8,8,"3,00",sarah,t3
-,ORD-47101,Margherita Pizza,Pizza,3,15,45,15,,t3
2026-06-21,ORD-18821,Soda,Drinks,3,3,9,1.5,,-
"Jun 21, 2026",ORD-14938,Margherita Pizza,Pizza,2,15,30,10.00,john,T2
2026-06-21,ORD-67389,Pepperoni Pizza,Pizza,1,18,18,6,null,T2
21/06/26,ORD-47441,Pepperoni Pizza,Pizza,3,18,54,18.00 EUR,John,n/a
21/06/26,ORD-22258,Beef Burger,Burgers,1,14,£14.00,6,sarah,n/a
2026/06/21,ORD-17338,Margherita Pizza,Pizza,2,15,$30.00,10,-,
2026-06-21,ORD-63136,Tiramisu,Desserts,3,8,24,9.00,john,
"Jun 21, 2026",ORD-18518,French Fries,Sides,1,5,5.00,1.5,NA,T5
06/21/2026,ORD-56741,Margherita Pizza,Pizza,2,15,30.00 EUR,10,MARY,null
21-06-2026,ORD-23056,Caesar Salad,Salads,2,12,24.00,8,sarah,T5
2026/06/21,ORD-52263,Tiramisu,Desserts,3,8,24.00,N/A,MARY,null
2026-06-21,ORD-90402,  Chicken Wings  ,Appetizers,2,10,20.0%,8,Sarah,T5
21-06-2026,ORD-32822,Caesar Salad,Salads,3,12,36,12,sarah,t3
06/21/2026,ORD-56998,Tiramisu,Desserts,3,8,24,$9.00,-,t3
2026-06-21,ORD-52021,Bruschetta,Appetizers,3,7,21,7.5%,john,T2
21/06/26,ORD-49349,French Fries,Sides,2,5,10.00,3.00 TRY,sarah,T1
2026-06-21,ORD-83918,Soda,Drinks,2,3,6,1.0,John,-
06/21/2026,ORD-24324,Pepperoni Pizza,Pizza,1,18,18.00 EUR,"6,00",john,
21-06-2026,ORD-37523,Coffee,Drinks,3,4,12.0%,3,Sarah,T5
21-06-2026,ORD-65781,Tiramisu,Desserts,1,8,8.00,3,NA,T5
"Jun 21, 2026",ORD-84457,Coffee,Drinks,3,4,12,3,Sarah,t3
21/06/2026,ORD-82013,Coffee,Drinks,1,4,4,1,John,
2026/06/21,ORD-58643,Soda,Drinks,1,3,nan,0.5,Sarah,
"Jun 21, 2026",ORD-88759,Bruschetta,Appetizers,3,7,21,7.5,,t3
21/06/2026,ORD-52584,Soda,Drinks,1,3,3,$0.50,MARY,n/a
21/06/26,ORD-53551,Beef Burger,Burgers,1,14,14.00,6,Sarah,
21.06.2026,ORD-21723,Pepperoni Pizza,Pizza,2,18,36.0%,12,John,n/a
06/21/2026,ORD-25983,Margherita Pizza,Pizza,1,15,15,5.00,MARY,
"Jun 21, 2026",ORD-22216,Tiramisu,Desserts,1,8,8,3,MARY,t3
22/06/2026,ORD-85238,Pepperoni Pizza,Pizza,2,18,36,12,sarah,
06/22/26,ORD-52956,Bruschetta,Appetizers,1,7,7,N/A,,
22.06.2026,ORD-93262,Margherita Pizza,Pizza,1,15,15.00 TRY,--,john,T5
-,ORD-78317,Soda,Drinks,1,3,N/A,0.5,john,
"Jun 22, 2026",ORD-83956,Coffee,Drinks,2,4,8.00,2,-,
22-06-2026,ORD-25363,Pepperoni Pizza,Pizza,2,18,36.00,12,,null
"Jun 22, 2026",ORD-83789,Margherita Pizza,Pizza,3,15,45,15,John,T2
22/06/26,ORD-25477,French Fries,Sides,3,5,15,4.5,sarah,t3
NULL,ORD-61756,Soda,Drinks,3,3,9,1.5,john,t3
2026/06/22,ORD-23887,Beef Burger,Burgers,3,14,42,18.00,N/A,T1
06/22/2026,ORD-80262,Chicken Wings,Appetizers,3,10,30,12,Sarah,none
22/06/2026,ORD-61764,Beef Burger,Burgers,3,14,42,18,,T1
22.06.2026,ORD-97014,Coffee,Drinks,3,4,12,3,null,t3
2026-06-22,ORD-40484,Coffee,Drinks,3,4,₺12.00,3,sarah,T1
06/22/26,ORD-86100,Pepperoni Pizza,Pizza,3,18,54,18,sarah,T2
22/06/26,ORD-20919,Caesar Salad,Salads,2,12,₺24.00,8,John,t3
06/22/2026,ORD-27332,Margherita Pizza,Pizza,2,15,30,10,n/a,T1
22/06/2026,ORD-41697,French Fries,Sides,2,5,10.0%,3.0,MARY,t3
22 Jun 2026,ORD-75674,Caesar Salad,Salads,2,12,"24,00",8,,T5
22/06/26,ORD-30648,Soda,Drinks,3,3,9,1.5,sarah,t3
-,ORD-28155,Caesar Salad,Salads,2,12,24.00,8,sarah,--
22 Jun 2026,ORD-75639,Caesar Salad,Salads,3,12,"36,00",12,john,T2
22/06/2026,ORD-59462,Coffee,Drinks,2,4,8,2.00,john,T2
22-06-2026,ORD-46482,Coffee,Drinks,2,4,8,2,MARY,
2026-06-22,ORD-25087,Bruschetta,Appetizers,3,7,21,7.5,MARY,t3
2026/06/22,ORD-46790,French Fries,Sides,2,5,10,,,T2
2026/06/22,ORD-65321,Chicken Wings,Appetizers,2,10,20.00,8,,T1
06/22/26,ORD-27753,Beef Burger,Burgers,1,14,14.00 EUR,6,MARY,T5
22-06-2026,ORD-45330,Pepperoni Pizza,Pizza,2,18,36.0%,12.00 EUR,,T2
22/06/26,ORD-48200,Coffee,Drinks,2,4,8,null,John,T1
2026-06-22,ORD-53424,Chicken Wings,Appetizers,3,10,30,12.0%,sarah,T2
06/22/26,ORD-35522,Coffee,Drinks,3,4,12,3.00 TRY,Sarah,T5
06/22/2026,ORD-32911,Coffee,Drinks,2,4,8,2.0%,john,T2
06/22/26,ORD-58366,Pepperoni Pizza,Pizza,3,18,"54,00",18,NULL,NA
23 Jun 2026,ORD-91292,Beef Burger,Burgers,1,14,14,₺6.00,john,T1
23-06-2026,ORD-30862,Soda,Drinks,3,3,9,1.50,MARY,t3
NA,ORD-48752,Beef Burger,Burgers,2,14,28,12,sarah,T5
23 Jun 2026,ORD-57358,Caesar  Salad,Salads,2,12,$24.00,8.0%,,
23/06/2026,ORD-99567,Beef Burger,Burgers,3,14,42,18,,n/a
2026-06-23,ORD-56047,Caesar Salad,Salads,1,12,12,null,n/a,T2
nan,ORD-64899,Margherita Pizza,Pizza,2,15,$30.00,10,John,
23/06/2026,ORD-37140,Tiramisu,Desserts,1,8,-,3,,NA
06/23/2026,ORD-62602,Caesar Salad,Salads,3,12,36,"12,00",,t3
2026-06-23,ORD-61478,Bruschetta,Appetizers,2,7,14,5.0,,T1
23.06.2026,ORD-12959,Tiramisu,Desserts,1,8,"8,00",3,,-
23/06/2026,ORD-31965,Soda,Drinks,3,3,€9.00,1.50,sarah,T1
23 Jun 2026,ORD-10309,Caesar Salad,Salads,1,12,12,4.00,Sarah,
23/06/26,ORD-89400,  Coffee  ,Drinks,1,4,4,1.00 USD,John,T5
23 Jun 2026,ORD-60954,French Fries,Sides,3,5,15,4.5,sarah,T5
23-06-2026,ORD-11761,Margherita Pizza,Pizza,1,15,15.00,5,John,T2
23/06/26,ORD-61133,Margherita Pizza,Pizza,3,15,45.00 EUR,"15,00",John,T1
23.06.2026,ORD-63428,Caesar Salad,Salads,2,12,24,8,NULL,T5
23/06/2026,ORD-77667,CAESAR SALAD,Salads,1,12,12,4,null,
06/23/26,ORD-83990,Margherita Pizza,Pizza,1,15,15,5,john,NONE
24-06-2026,ORD-47243,Pepperoni Pizza,Pizza,3,18,"54,00",18,,
24 Jun 2026,ORD-97761,Margherita Pizza,Pizza,2,15,30,10,sarah,none
06/24/2026,ORD-40206,Soda,Drinks,1,3,3,0.5,sarah,T5
2026-06-24,ORD-49355,Soda,Drinks,3,3,9,1.5,Sarah,t3
2026-06-24,ORD-95671,Beef Burger,Burgers,3,14,42,18,John,
24/06/26,ORD-59733,French Fries,Sides,1,5,5,1.5,sarah,t3
24 Jun 2026,ORD-86248,Soda,Drinks,3,3,9,1.5,John,T2
06/24/2026,ORD-71781,Soda,Drinks,1,3,3.00,0.5,Sarah,T2
24/06/2026,ORD-68875,Caesar Salad,Salads,2,12,24.00,8.0%,Sarah,T5
2026-06-24,ORD-81013,Caesar Salad,Salads,3,12,36,12.00,,T5
2026-06-24,ORD-93855,Coffee,Drinks,3,4,12,3,sarah,T1
06/24/2026,ORD-76840,Soda,Drinks,1,3,3,0.5,sarah,t3
24-06-2026,ORD-46303,Tiramisu,Desserts,1,8,8,3,,n/a
2026/06/24,ORD-58092,Chicken Wings,Appetizers,3,10,30,12,Sarah,T5
06/24/26,ORD-77673,Margherita Pizza,Pizza,1,15,15.0%,5,sarah,NULL
24.06.2026,ORD-16473,Margherita Pizza,Pizza,2,15,30.0%,"10,00",John,nan
2026/06/24,ORD-43446,Coffee,Drinks,2,4,8.00,"2,00",john,t3
"Jun 24, 2026",ORD-86038,Pepperoni Pizza,Pizza,2,18,36,£12.00,,t3
24 Jun 2026,ORD-59686,Coffee,Drinks,2,4,8.00,2,John,T5
06/24/2026,ORD-92703,Bruschetta,Appetizers,1,7,7.00,2.50,sarah,T1
"Jun 24, 2026",ORD-14610,Caesar Salad,Salads,2,12,24,8.00,n/a,T1
06/24/2026,ORD-88292,Soda,Drinks,2,3,₺6.00,1.00,,T2
2026-06-24,ORD-95441,FRENCH FRIES,Sides,3,5,15,4.5,John,
2026/06/24,ORD-93132,Caesar Salad,Salads,3,12,36.0%,12,John,t3
n/a,ORD-89693,Chicken Wings,Appetizers,2,10,20,8,MARY,null
24/06/2026,ORD-94933,Bruschetta,Appetizers,3,7,21,7.5,John,T2
24-06-2026,ORD-38360,Beef Burger,Burgers,3,14,42,18.00 TRY,-,
24 Jun 2026,ORD-34012,Chicken Wings,Appetizers,2,10,20.00,8.00,John,-
24-06-2026,ORD-47282,BRUSCHETTA,Appetizers,2,7,₺14.00,5.0,,NONE
24/06/26,ORD-50271,Chicken Wings,Appetizers,2,10,20,8,john,N/A
06/24/2026,ORD-75086,Pepperoni Pizza,Pizza,2,18,36,12.00,John,T1
"Jun 24, 2026",ORD-25017,BRUSCHETTA,Appetizers,2,7,14,5.00,MARY,NONE
24/06/2026,ORD-25466,Beef  Burger,Burgers,3,14,42.00,18,Sarah,
2026-06-25,ORD-35161,Tiramisu,Desserts,2,8,16.00,6,John,
25.06.2026,ORD-69759,Coffee,Drinks,2,4,8.00 TRY,2,john,T1
25/06/26,ORD-63676,Caesar Salad,Salads,1,12,12.00,4,MARY,
2026-06-25,ORD-48233,Tiramisu,Desserts,2,8,"16,00",6,N/A,T2
25-06-2026,ORD-40350,Coffee,Drinks,2,4,8,2,Sarah,T2
2026-06-25,ORD-23063,Tiramisu ,Desserts,1,8,8,3.00,,T2
25/06/26,ORD-94923,Coffee,Drinks,2,4,8,2,Sarah,T1
2026-06-25,ORD-74520,Soda,Drinks,1,3,3,0.5,sarah,T5
06/25/26,ORD-78150,Caesar Salad,Salads,2,12,24.00,8,john,T1
25/06/26,ORD-10282,French Fries,Sides,2,5,10,3.0,MARY,T1
25/06/2026,ORD-56081,Soda,Drinks,3,3,9.00 USD,1.50,John,
"Jun 25, 2026",ORD-30711,Tiramisu,Desserts,2,8,$16.00,"6,00",john,
25 Jun 2026,ORD-40116,Beef Burger,Burgers,3,14,42,18,sarah,
06/25/26,ORD-80057,Beef Burger,Burgers,2,14,28,12,Sarah,NONE
25 Jun 2026,ORD-43293,Margherita  Pizza,Pizza,3,15,45.00,₺15.00,Sarah,T2
NONE,ORD-15809,Tiramisu,Desserts,3,8,24,9.00,sarah,
25/06/26,ORD-91481,Tiramisu,Desserts,2,8,16,6,john,t3
06/25/2026,ORD-95529,Caesar Salad,Salads,1,12,12.0%,4,sarah,T5
06/25/2026,ORD-61118,Chicken Wings,Appetizers,3,10,30.00 EUR,NONE,john,T1
"Jun 25, 2026",ORD-17212,French Fries,Sides,3,5,15,4.5,,
06/25/26,ORD-25715,Margherita Pizza,Pizza,2,15,30.00,10,John,T5
25.06.2026,ORD-64673,Coffee,Drinks,3,4,12.00 EUR,£3.00,MARY,T1
2026/06/25,ORD-71239,Coffee,Drinks,2,4,₺8.00,2,Sarah,t3
06/25/26,ORD-53814,bruschetta,Appetizers,3,7,21,7.5,,t3
25/06/26,ORD-60778,Beef Burger,Burgers,3,14,NONE,18,Sarah,T2
25-06-2026,ORD-99227,FRENCH FRIES,Sides,2,5,10,3.0,n/a,T5
26 Jun 2026,ORD-38012,Pepperoni Pizza,Pizza,3,18,54,18,--,
06/26/2026,ORD-91147,Caesar Salad,Salads,3,12,36,12,NA,T1
26/06/2026,ORD-84531,French Fries,Sides,2,5,10.00 USD,3.0,-,-
26/06/26,ORD-27577,chicken wings,Appetizers,1,10,10.00,₺4.00,MARY,T1
06/26/2026,ORD-34598,Bruschetta,Appetizers,3,7,21,7.5,,t3
06/26/2026,ORD-69415,Bruschetta,Appetizers,1,7,7,2.5,john,t3
06/26/26,ORD-88838,Bruschetta,Appetizers,1,7,7,2.50 TRY,sarah,
2026-06-26,ORD-66625,french fries,Sides,2,5,10.00,3.0,,T1
06/26/26,ORD-26157,Coffee,Drinks,2,4,8.00,"2,00",,
26/06/2026,ORD-49110,BEEF BURGER,Burgers,3,14,42,18,sarah,NULL
06/26/2026,ORD-74361,BRUSCHETTA,Appetizers,1,7,7,2.5,,
06/26/26,ORD-64533,Beef Burger,Burgers,1,14,14,6,MARY,T1
26.06.2026,ORD-76802,Caesar Salad,Salads,2,12,24,8,MARY,
06/26/26,ORD-38552,French Fries,Sides,3,5,"15,00",4.5,NONE,null
26/06/26,ORD-13944,Pepperoni Pizza,Pizza,1,18,18,6,John,t3
2026-06-26,ORD-43463,  Margherita Pizza  ,Pizza,1,15,15,5,John,-
26-06-2026,ORD-93166,Pepperoni Pizza,Pizza,2,18,36,12,John,
"Jun 26, 2026",ORD-15305,Beef Burger,Burgers,2,14,€28.00,12.00,john,t3
"Jun 26, 2026",ORD-36905,French Fries,Sides,2,5,10,3.0,MARY,T2
06/26/2026,ORD-10097,  Bruschetta  ,Appetizers,3,7,21.00 EUR,₺7.50,sarah,T2
"Jun 26, 2026",ORD-52119,Bruschetta,Appetizers,3,7,21,7.5,John,T2
26.06.2026,ORD-92539,french fries,Sides,3,5,15,4.50,,T5
26.06.2026,ORD-47181,Soda,Drinks,2,3,6,1.0,Sarah,T2
26/06/2026,ORD-35902,French Fries,Sides,1,5,"5,00",1.5%,sarah,T1
06/26/26,ORD-73357,Caesar Salad,Salads,3,12,36,12,nan,T5
"Jun 26, 2026",ORD-69099,Chicken Wings,Appetizers,1,10,10,4.00,,T2
26.06.2026,ORD-97286,CAESAR SALAD,Salads,1,12,12,4,sarah,
26-06-2026,ORD-49281,Bruschetta,Appetizers,3,7,21,$7.50,,T5
2026-06-26,ORD-17323,Tiramisu,Desserts,3,8,24,9,,--
26 Jun 2026,ORD-94542,Beef Burger,Burgers,3,14,42,18.00,nan,T1
26/06/2026,ORD-97181,Pepperoni Pizza,Pizza,3,18,54,18,N/A,null
2026-06-26,ORD-70875,Chicken Wings,Appetizers,1,10,10.00,4,john,T2
06/26/26,ORD-47552,Pepperoni Pizza,Pizza,3,18,$54.00,18,john,t3
26/06/2026,ORD-97380,Coffee,Drinks,3,4,12,3.0%,john,N/A
2026/06/26,ORD-34956,Caesar Salad,Salads,1,12,12,4,MARY,T2
26.06.2026,ORD-28925,BRUSCHETTA,Appetizers,2,7,14,"5,00",sarah,t3
26 Jun 2026,ORD-69375,Tiramisu,Desserts,1,8,8.00,3.00,,t3
26 Jun 2026,ORD-11341,Soda,Drinks,1,3,null,£0.50,,N/A
06/26/2026,ORD-42346,Tiramisu,Desserts,2,8,16,6,Sarah,t3
26.06.2026,ORD-40127,Caesar Salad,Salads,1,12,12,4,sarah,t3
2026-06-26,ORD-14156,Beef Burger,Burgers,1,14,14,6,john,t3
26.06.2026,ORD-57689,Margherita Pizza,Pizza,2,15,30,10.00,john,T5
NONE,ORD-16446,Bruschetta,Appetizers,2,7,14.0%,5.0,John,T2
--,ORD-90619,Chicken Wings,Appetizers,1,10,10,4,Sarah,T1
26 Jun 2026,ORD-98291,coffee,Drinks,2,4,8,2.00,MARY,
06/26/26,ORD-24126,Soda,Drinks,3,3,9,1.5,Sarah,t3
"Jun 26, 2026",ORD-75048,Beef  Burger,Burgers,1,14,14.00,6.00,MARY,T5
-,ORD-60269,Margherita Pizza,Pizza,1,15,15.00,5.00,sarah,T1
06/26/2026,ORD-60320,Soda,Drinks,1,3,"3,00",0.5,John,T1
2026-06-26,ORD-93794,Soda,Drinks,3,3,"9,00",1.5,,T1
26-06-2026,ORD-64223,Chicken Wings,Appetizers,2,10,20,8,sarah,T5
26.06.2026,ORD-40642,Beef  Burger,Burgers,3,14,42,"18,00",John,T5
"Jun 26, 2026",ORD-37794,PEPPERONI PIZZA,Pizza,2,18,36.00,12,MARY,t3
"Jun 26, 2026",ORD-89236,  Chicken Wings  ,Appetizers,3,10,30,12.00,NONE,T1
2026-06-26,ORD-74119,Pepperoni Pizza,Pizza,2,18,36,12,MARY,T5
06/26/2026,ORD-51207,Pepperoni Pizza,Pizza,2,18,36.0%,12,sarah,t3
2026/06/26,ORD-31310,Caesar Salad,Salads,3,12,36,12,sarah,T5
2026/06/26,ORD-65874,Chicken Wings,Appetizers,1,10,N/A,4,,T2
06/26/26,ORD-20044,Tiramisu,Desserts,3,8,24,9,,t3
06/26/2026,ORD-20221,Beef Burger,Burgers,2,14,28,12.00,John,
nan,ORD-11109,French Fries,Sides,3,5,15.00,4.5,sarah,t3
26/06/26,ORD-21996,Pepperoni Pizza,Pizza,3,18,54,£18.00,nan,--
06/26/2026,ORD-47394,Beef Burger,Burgers,2,14,"28,00",12,MARY,T1
06/26/2026,ORD-20145,Soda,Drinks,2,3,6,1.0%,Sarah,
"Jun 26, 2026",ORD-48535,Coffee,Drinks,1,4,4,1,MARY,
2026/06/26,ORD-14000,Chicken Wings,Appetizers,2,10,20,8,sarah,T5
06/26/2026,ORD-62412,Coffee,Drinks,1,4,4,"1,00",MARY,--
"Jun 26, 2026",ORD-83546,French Fries,Sides,1,5,"5,00",1.5%,Sarah,n/a
"Jun 27, 2026",ORD-32940,Soda,Drinks,1,3,3.00,0.5,john,t3
"Jun 27, 2026",ORD-28311,Coffee,Drinks,3,4,12,3.00,John,
27-06-2026,ORD-36727,Pepperoni Pizza,Pizza,3,18,54,18,sarah,N/A
06/27/2026,ORD-74594,Soda,Drinks,3,3,9,1.50,NA,T2
06/27/26,ORD-46691,Margherita Pizza,Pizza,3,15,45,NA,sarah,t3
27.06.2026,ORD-63311,Beef  Burger,Burgers,1,14,14,NULL,NONE,NULL
27-06-2026,ORD-53798,Caesar Salad,Salads,2,12,24,8,Sarah,
27 Jun 2026,ORD-66537,Bruschetta,Appetizers,3,7,21,nan,sarah,t3
27-06-2026,ORD-29733,Chicken Wings,Appetizers,2,10,20,8.00 USD,sarah,T1
2026/06/27,ORD-58987,Chicken Wings,Appetizers,3,10,$30.00,12.0%,Sarah,T5
27/06/26,ORD-21804,Bruschetta,Appetizers,1,7,7,2.5,john,T2
27/06/26,ORD-67879,Pepperoni Pizza,Pizza,2,18,36.00,12,,t3
2026/06/27,ORD-72651,Bruschetta,Appetizers,2,7,14,5.0,sarah,
06/27/2026,ORD-28806,Soda ,Drinks,2,3,6,£1.00,john,t3
27/06/2026,ORD-73510,Coffee,Drinks,2,4,8.0%,2,Sarah,
06/27/2026,ORD-78173,Margherita  Pizza,Pizza,3,15,45,15,,T5
27-06-2026,ORD-54297,Pepperoni Pizza,Pizza,2,18,36,12.00,MARY,nan
06/27/2026,ORD-30150,Soda,Drinks,1,3,3,0.5,MARY,T5
"Jun 27, 2026",ORD-91860,Bruschetta,Appetizers,1,7,7,2.5,NULL,T2
2026/06/27,ORD-93387,Margherita Pizza,Pizza,1,15,15,5,N/A,n/a
06/27/2026,ORD-96488,Chicken Wings,Appetizers,3,10,none,12.00,John,t3
27.06.2026,ORD-20245,Margherita Pizza,Pizza,3,15,"45,00",15.0%,,T5
06/27/2026,ORD-87084,chicken wings,Appetizers,2,10,20,₺8.00,MARY,NA
27 Jun 2026,ORD-24186,French Fries,Sides,3,5,15,4.5,john,nan
2026-06-27,ORD-21932,Coffee,Drinks,3,4,12.00,3.00 EUR,sarah,T1
--,ORD-83545,Coffee,Drinks,2,4,£8.00,--,MARY,T1
27-06-2026,ORD-92144,Soda,Drinks,3,3,9,1.50,MARY,T1
27 Jun 2026,ORD-59117,Pepperoni Pizza,Pizza,2,18,36,12,john,t3
2026/06/27,ORD-23664,Soda,Drinks,3,3,9,NA,john,t3
06/27/26,ORD-33039,French Fries,Sides,3,5,15.00,4.5,John,t3
2026/06/27,ORD-99653,Margherita Pizza,Pizza,1,15,15,5.00,nan,
27.06.2026,ORD-85333,Chicken Wings,Appetizers,2,10,20,8.0%,john,T1
27.06.2026,ORD-48011,Soda,Drinks,1,3,3.00,0.5,,T1
27.06.2026,ORD-63764,Soda,Drinks,1,3,$3.00,0.5,,NONE
27.06.2026,ORD-67536,Beef Burger,Burgers,2,14,28.00,12.00,Sarah,
NA,ORD-89643,Chicken Wings,Appetizers,2,10,20,8,Sarah,t3
"Jun 27, 2026",ORD-36673,Margherita Pizza,Pizza,2,15,30,10.00 USD,NA,T5
"Jun 27, 2026",ORD-36498,Caesar Salad,Salads,2,12,24,8,sarah,
2026/06/27,ORD-63068,Margherita Pizza,Pizza,3,15,45,15,,t3
06/27/2026,ORD-24095,Beef Burger,Burgers,2,14,28,12,Sarah,T2
27/06/2026,ORD-69679,Soda,Drinks,2,3,6,£1.00,MARY,T5
27/06/2026,ORD-40527,Chicken Wings,Appetizers,2,10,20,8.00,john,T1
06/28/26,ORD-48573,Soda,Drinks,1,3,3,€0.50,,T2
06/28/2026,ORD-42787,Coffee,Drinks,3,4,12.00,"3,00",Sarah,T1
2026-06-28,ORD-61677,Pepperoni Pizza ,Pizza,3,18,54,18,sarah,T1
06/28/2026,ORD-24252,Beef Burger,Burgers,2,14,28,12,Sarah,T5
,ORD-53095,Beef Burger,Burgers,2,14,28,$12.00,sarah,
nan,ORD-94984,Margherita Pizza,Pizza,3,15,45.0%,15,nan,NONE
28/06/26,ORD-96755,French Fries,Sides,1,5,5,1.5,N/A,t3
28.06.2026,ORD-93632,Caesar Salad,Salads,2,12,24,8,john,t3
06/28/26,ORD-50955,Pepperoni Pizza,Pizza,1,18,NONE,6,sarah,t3
06/28/2026,ORD-82076,  French Fries  ,Sides,1,5,5,1.50,sarah,
28/06/26,ORD-33289,Coffee,Drinks,3,4,12.00,3.0%,john,t3
06/28/2026,ORD-91119,Bruschetta,Appetizers,3,7,21,7.5,sarah,T1
"Jun 28, 2026",ORD-21271,Chicken Wings,Appetizers,3,10,30,12,John,--
n/a,ORD-27356,Soda,Drinks,1,3,3.00,0.5,John,t3
06/28/2026,ORD-19522,French Fries,Sides,3,5,15,4.5,john,T1
28 Jun 2026,ORD-40267,Chicken Wings,Appetizers,2,10,20.0%,8,,
2026-06-28,ORD-12231,  Coffee  ,Drinks,2,4,8,2.00 TRY,sarah,T5
06/28/26,ORD-27140,Tiramisu,Desserts,2,8,16,£6.00,john,T1
06/28/26,ORD-72700,Caesar Salad,Salads,3,12,36,NA,sarah,t3
28/06/2026,ORD-73306,Margherita Pizza,Pizza,2,15,30,10,,NA
28.06.2026,ORD-93352,Chicken Wings,Appetizers,1,10,10,€4.00,nan,t3
28/06/26,ORD-74776,Coffee,Drinks,1,4,4,1,Sarah,T1
"Jun 28, 2026",ORD-73100,Soda,Drinks,2,3,"6,00",1.0,john,NULL
"Jun 28, 2026",ORD-80605,French Fries,Sides,2,5,10,3.0,sarah,T1
28/06/26,ORD-77460,Beef Burger,Burgers,1,14,14,6.00,Sarah,
28/06/2026,ORD-21937,Pepperoni Pizza,Pizza,1,18,NONE,₺6.00,Sarah,T1
06/28/2026,ORD-18773,Pepperoni Pizza,Pizza,1,18,,6,MARY,t3
28 Jun 2026,ORD-83273,French  Fries,Sides,3,5,$15.00,4.5,sarah,--
2026-06-28,ORD-96750,Bruschetta,Appetizers,1,7,7,2.50,John,
06/28/26,ORD-87513,bruschetta,Appetizers,2,7,14.00,5.0,John,T1
28/06/2026,ORD-32831,Beef Burger,Burgers,1,14,14,6,Sarah,nan
"Jun 28, 2026",ORD-90210,Pepperoni Pizza,Pizza,1,18,"18,00",6,john,NA
28.06.2026,ORD-53894,Pepperoni Pizza,Pizza,1,18,18,6,sarah,T1
28-06-2026,ORD-95065,french fries,Sides,1,5,5,1.5,John,
"Jun 28, 2026",ORD-35642,french fries,Sides,3,5,$15.00,"4,50",MARY,-
"Jun 28, 2026",ORD-30870,Soda,Drinks,2,3,6.00 TRY,1.00,nan,T5
2026-06-28,ORD-74116,Pepperoni Pizza,Pizza,2,18,36,12,nan,t3
2026-06-28,ORD-53940,Coffee,Drinks,2,4,8,2,john,T1
28.06.2026,ORD-74017,MARGHERITA PIZZA,Pizza,1,15,15,5,MARY,T1
28.06.2026,ORD-79716,Coffee,Drinks,3,4,12,3.0%,John,T5
"Jun 28, 2026",ORD-90092,French Fries,Sides,1,5,5,1.5,Sarah,T1
28/06/26,ORD-18338,Beef Burger,Burgers,3,14,42,18,John,NA
28-06-2026,ORD-81157,Beef Burger,Burgers,2,14,28,12.00 EUR,john,t3
"Jun 28, 2026",ORD-70498,Soda,Drinks,2,3,6.00,1.00,john,
28.06.2026,ORD-90929,Bruschetta ,Appetizers,2,7,14,5.00,-,
28.06.2026,ORD-74242,Beef Burger,Burgers,1,14,$14.00,6.00,john,t3
28 Jun 2026,ORD-59302,Tiramisu,Desserts,1,8,8,"3,00",MARY,T2
2026-06-28,ORD-75166,Caesar Salad,Salads,1,12,12.00,4.00 EUR,john,
28.06.2026,ORD-36541,  Coffee  ,Drinks,1,4,"4,00",1,Sarah,
"Jun 28, 2026",ORD-27882,MARGHERITA PIZZA,Pizza,2,15,30,10,Sarah,T2
28-06-2026,ORD-30405,Beef Burger,Burgers,3,14,42,18,sarah,T2
06/28/26,ORD-61963,Tiramisu,Desserts,1,8,"8,00",3,MARY,
28-06-2026,ORD-30523,Bruschetta,Appetizers,2,7,₺14.00,€5.00,nan,t3
28/06/2026,ORD-61333,Caesar Salad,Salads,2,12,24,8,John,T5
28.06.2026,ORD-33082,Chicken Wings,Appetizers,2,10,20,£8.00,Sarah,T2
28.06.2026,ORD-35296,Tiramisu,Desserts,2,8,16,"6,00",John,
28/06/26,ORD-60259,Chicken Wings,Appetizers,3,10,£30.00,12,MARY,T1
28/06/26,ORD-87420,Soda,Drinks,1,3,3.0%,0.5,Sarah,T2
28/06/26,ORD-30563,Tiramisu,Desserts,2,8,16,6,John,T5
"Jun 28, 2026",ORD-82000,Beef Burger,Burgers,3,14,42,18.00,MARY,t3
28/06/2026,ORD-71585,Coffee,Drinks,3,4,12,3,MARY,T2
28/06/2026,ORD-95441,Soda,Drinks,2,3,6,1.0,john,t3
"Jun 28, 2026",ORD-59753,Soda,Drinks,3,3,9,1.5,john,null
-,ORD-61723,Chicken Wings,Appetizers,2,10,20.00 TRY,8,--,NONE
28 Jun 2026,ORD-71272,Caesar Salad,Salads,1,12,12,4,John,T1
28.06.2026,ORD-51683,Beef Burger,Burgers,1,14,$14.00,6,,T5
28 Jun 2026,ORD-47907,Tiramisu,Desserts,3,8,24,9,,
28 Jun 2026,ORD-94908,Bruschetta,Appetizers,3,7,21.00,7.5%,John,T5
"Jun 28, 2026",ORD-90935,Tiramisu,Desserts,1,8,8,none,Sarah,T2
28-06-2026,ORD-92225,French Fries,Sides,3,5,n/a,4.5,John,T2
28-06-2026,ORD-22842,Caesar Salad,Salads,3,12,36,12,,T2
28-06-2026,ORD-57934,Chicken  Wings,Appetizers,3,10,30,12,-,T5
2026/06/28,ORD-80165,Margherita Pizza,Pizza,2,15,30.00,10,John,T5
-,ORD-53080,French Fries,Sides,2,5,10,3.0,sarah,T2
28.06.2026,ORD-20289,Bruschetta,Appetizers,1,7,7.00,2.5,Sarah,
28/06/26,ORD-59760,Beef Burger,Burgers,3,14,42,"18,00",john,
28/06/2026,ORD-35469,Soda,Drinks,3,3,9,1.5,sarah,T5
28-06-2026,ORD-95710,Chicken Wings,Appetizers,3,10,30.00,12,Sarah,null
,ORD-26487,Caesar Salad,Salads,1,12,12.00,4,sarah,T5
2026-06-28,ORD-52642,French Fries,Sides,1,5,5,1.5,john,T1
2026/06/28,ORD-75006,Chicken Wings,Appetizers,1,10,"10,00",4.00,John,T1
2026-06-28,ORD-16687,Beef Burger,Burgers,1,14,14,"6,00",john,T5
"Jun 28, 2026",ORD-50438,Soda,Drinks,3,3,9,1.50,john,T2
28/06/2026,ORD-23754,Coffee,Drinks,1,4,4,1,MARY,t3
28-06-2026,ORD-75500,Tiramisu,Desserts,1,8,8,€3.00,sarah,T1
2026-06-28,ORD-81613,Beef Burger,Burgers,2,14,28.00,"12,00",MARY,T1
28/06/26,ORD-70152,Chicken Wings,Appetizers,2,10,N/A,8,Sarah,n/a
06/28/2026,ORD-41490,French Fries,Sides,2,5,10.00,3.00,MARY,-
06/28/2026,ORD-91681,Coffee,Drinks,2,4,8,2,,
2026-06-28,ORD-84787,Coffee,Drinks,3,4,12,3,,
2026-06-28,ORD-57466,Caesar Salad,Salads,3,12,36,12,,t3
28.06.2026,ORD-28292,Margherita Pizza,Pizza,1,15,15,5.00,,NA
28/06/2026,ORD-43576,Coffee,Drinks,3,4,12,3,,t3
28-06-2026,ORD-32968,Tiramisu,Desserts,1,8,8,"3,00",,T2
"Jun 28, 2026",ORD-55985,Bruschetta,Appetizers,1,7,7.00 TRY,2.5,john,t3
06/28/26,ORD-57379,Chicken Wings,Appetizers,2,10,20,8,john,
06/28/2026,ORD-32317,French Fries,Sides,1,5,5,1.5,john,t3
28 Jun 2026,ORD-14008,Bruschetta,Appetizers,2,7,14,5.00,MARY,null
2026/06/29,ORD-88109,Bruschetta,Appetizers,3,7,21,7.5,,T2
29 Jun 2026,ORD-58228,Soda,Drinks,3,3,,1.5,NA,T1
2026-06-29,ORD-71359,Pepperoni Pizza,Pizza,3,18,54,18,N/A,none
29/06/2026,ORD-77494,French Fries,Sides,3,5,15,4.5,Sarah,T2
29-06-2026,ORD-86324,Bruschetta ,Appetizers,1,7,7,2.5,sarah,T1
29/06/26,ORD-23620,Pepperoni Pizza,Pizza,1,18,$18.00,6,sarah,t3
06/29/2026,ORD-34276,coffee,Drinks,3,4,€12.00,3,MARY,T2
29/06/26,ORD-29086,French Fries,Sides,3,5,15.00,4.5%,sarah,T2
2026-06-29,ORD-96375,french fries,Sides,3,5,15,4.5,John,NONE
"Jun 29, 2026",ORD-59786,Soda,Drinks,3,3,9,1.5%,null,none
"Jun 29, 2026",ORD-53941,French Fries,Sides,2,5,10.00 USD,3.0,john,t3
29/06/26,ORD-71928,Coffee,Drinks,2,4,8,2,sarah,
2026/06/29,ORD-66103,Margherita Pizza,Pizza,1,15,15,5,sarah,t3
2026-06-29,ORD-88366,Caesar Salad,Salads,2,12,24,8,MARY,T1
NONE,ORD-13082,Chicken Wings,Appetizers,3,10,30,12.00 EUR,John,T5
29-06-2026,ORD-13995,French Fries,Sides,3,5,15,4.5,John,T2
29 Jun 2026,ORD-40795,French Fries,Sides,2,5,10,3.0,john,T5
29-06-2026,ORD-31748,Tiramisu,Desserts,2,8,16,6,John,
29/06/26,ORD-90403,French Fries,Sides,2,5,€10.00,3.0,,T2
29/06/26,ORD-94437,Margherita Pizza,Pizza,3,15,--,15.00 EUR,sarah,T1
2026-06-29,ORD-23986,Pepperoni Pizza,Pizza,1,18,18,6,,
NONE,ORD-60504,Caesar  Salad,Salads,2,12,24.00,8.00 TRY,Sarah,t3
06/29/26,ORD-68762,Soda,Drinks,1,3,3,0.5,--,T2
29/06/26,ORD-99218,Caesar Salad,Salads,2,12,24,8,John,T5
29-06-2026,ORD-60584,French Fries,Sides,1,5,5.00,"1,50",sarah,N/A
29 Jun 2026,ORD-79352,Coffee,Drinks,1,4,4.0%,1,john,T2
29/06/2026,ORD-31278,Coffee,Drinks,1,4,4,1.00 TRY,MARY,
29/06/2026,ORD-60201,French Fries,Sides,3,5,15,€4.50,Sarah,T5
29/06/26,ORD-81172,Coffee,Drinks,1,4,4,1.00 EUR,MARY,T5
06/29/26,ORD-10625,Beef Burger,Burgers,3,14,42.00,18,NONE,T2
06/29/2026,ORD-73307,Coffee,Drinks,3,4,12.00,3,nan,n/a
29-06-2026,ORD-88511,Caesar Salad,Salads,3,12,36.00,12,,N/A
29 Jun 2026,ORD-90241,Chicken Wings,Appetizers,1,10,10.0%,4.0%,NONE,-
06/29/2026,ORD-16846,Caesar Salad,Salads,3,12,36,12,John,
06/29/2026,ORD-38796,Margherita Pizza,Pizza,2,15,30,10.0%,MARY,T5
06/30/2026,ORD-67882,Pepperoni Pizza,Pizza,3,18,"54,00",18.00,MARY,NA
30/06/26,ORD-87855,French Fries,Sides,2,5,10.0%,3.0,john,
30 Jun 2026,ORD-10910,Pepperoni  Pizza,Pizza,3,18,54,18,,T5
30/06/2026,ORD-62984,Coffee,Drinks,2,4,8,2,sarah,n/a
,ORD-83497,  Caesar Salad  ,Salads,3,12,36.00,--,Sarah,T2
N/A,ORD-19295,  Chicken Wings  ,Appetizers,3,10,30,12,null,t3
06/30/2026,ORD-30686,Soda,Drinks,2,3,6,1.00,sarah,NA
30/06/26,ORD-85564,Coffee,Drinks,1,4,4,1,sarah,T2
30-06-2026,ORD-63882,Caesar Salad,Salads,3,12,36.00,12,,T5
30-06-2026,ORD-63002,Coffee,Drinks,3,4,12,3,MARY,T2
30/06/26,ORD-57037,Beef Burger,Burgers,3,14,,18,john,T5
"Jun 30, 2026",ORD-15997,  Coffee  ,Drinks,3,4,12,3,--,t3
30/06/26,ORD-52414,Chicken Wings,Appetizers,1,10,10,4,John,
"Jun 30, 2026",ORD-71999,Margherita Pizza,Pizza,3,15,45,15,,T1
06/30/26,ORD-94857,CAESAR SALAD,Salads,3,12,36,12,,T5
30/06/2026,ORD-89689,Beef Burger,Burgers,3,14,42.0%,18.00,null,T5
22.04.2026,ORD-98669,French Fries,Sides,3,5,15,4.50,MARY,T5
02/02/26,ORD-81148,SODA,Drinks,1,3,3,0.5,,T1
13/05/26,ORD-84430,Chicken Wings,Appetizers,3,10,30.00 TRY,12,john,
11/01/2026,ORD-13619,Pepperoni Pizza,Pizza,3,18,54,NONE,MARY,null
"Apr 07, 2026",ORD-97263,Beef Burger,Burgers,2,14,28.00,12.00,Sarah,T2
01/18/26,ORD-45643,Soda,Drinks,2,3,6.00,nan,,
16-02-2026,ORD-80939,Coffee,Drinks,2,4,8,2,John,
20/03/2026,ORD-89189,Bruschetta,Appetizers,1,7,$7.00,2.50,,T1
2026/04/03,ORD-90106,Bruschetta,Appetizers,1,7,7,2.5,sarah,T1
10.03.2026,ORD-82058,Bruschetta,Appetizers,1,7,7,2.50,,T5
,,,,,,SUBTOTAL,,,
,,,,,,,,,
GRAND TOTAL,,,,,,,,,
,,,,,,,,,
Date,Order ID,Item Name,Category,Qty,Price,Amount,Cost,Waiter,Table
