Date,Invoice Number,Customer,Product,Quantity,Unit Price,Revenue,Cost
2026-01-01,INV-98696,Customer Gamma,Widget A,32,119.37,3819.84,2995.2
2026-01-01,INV-38657,Customer Alpha,Gadget Y,76,216.74,16472.24,10006.05
2026-01-01,INV-95181,Customer Epsilon,Widget B,78,23.0,1794.0,1165.58
2026-01-01,INV-10851,Customer Delta,Gadget Y,29,230.11,6673.19,4468.02
2026-01-01,INV-54118,Customer Delta,Widget B,44,146.16,6431.04,4204.8
2026-01-01,INV-89131,Customer Alpha,Widget A,49,57.39,2812.11,2283.08
2026-01-01,INV-59615,Customer Alpha,Widget C,94,235.12,22101.28,13950.47
2026-01-01,INV-57400,Customer Epsilon,Widget A,38,416.41,15823.58,11940.95
2026-01-02,INV-20458,Customer Alpha,Widget A,85,121.67,10341.95,6953.38
2026-01-02,INV-57819,Customer Alpha,Widget B,49,146.21,7164.29,5437.13
2026-01-02,INV-99593,Customer Gamma,Widget B,46,112.66,5182.36,3455.31
2026-01-02,INV-31417,Customer Epsilon,Widget A,82,93.86,7696.52,6020.85
2026-01-02,INV-83000,Customer Delta,Gadget X,35,494.87,17320.45,13163.54
2026-01-02,INV-14207,Customer Gamma,Widget B,99,390.24,38633.76,25392.5
2026-01-02,INV-84341,Customer Delta,Widget C,35,42.43,1485.05,1230.04
2026-01-02,INV-94259,Customer Beta,Widget C,84,254.62,21388.08,17563.27
2026-01-02,INV-80644,Customer Beta,Gadget X,34,78.42,2666.28,2096.36
2026-01-02,INV-38746,Customer Epsilon,Widget C,55,449.93,24746.15,17318.6
2026-01-02,INV-24371,Customer Epsilon,Widget B,64,54.55,3491.2,2135.84
2026-01-03,INV-71348,Customer Delta,Widget B,77,41.13,3167.01,2202.35
2026-01-03,INV-25014,Customer Gamma,Gadget Y,71,431.78,30656.38,18481.82
2026-01-03,INV-66985,Customer Gamma,Gadget Y,99,324.07,32082.93,20144.49
2026-01-03,INV-44522,Customer Delta,Widget B,1,477.37,477.37,390.95
2026-01-03,INV-49117,Customer Beta,Gadget Y,65,457.19,29717.35,24297.79
2026-01-03,INV-80697,Customer Epsilon,Gadget Y,26,84.89,2207.14,1745.03
2026-01-03,INV-57576,Customer Alpha,Gadget Y,77,168.84,13000.68,7863.71
2026-01-03,INV-20322,Customer Beta,Widget C,8,128.03,1024.24,759.82
2026-01-03,INV-26483,Customer Delta,Widget A,9,489.21,4402.89,3228.1
2026-01-04,INV-65461,Customer Epsilon,Gadget X,22,139.88,3077.36,2517.61
2026-01-04,INV-50857,Customer Epsilon,Widget B,97,367.67,35663.99,23191.86
2026-01-04,INV-42493,Customer Gamma,Gadget X,57,450.81,25696.17,18318.07
2026-01-04,INV-87128,Customer Alpha,Widget B,44,20.31,893.64,659.94
2026-01-04,INV-18834,Customer Alpha,Widget B,10,356.84,3568.4,2193.56
2026-01-04,INV-73624,Customer Gamma,Widget A,10,261.94,2619.4,1754.0
2026-01-04,INV-85525,Customer Epsilon,Widget B,17,364.44,6195.48,5083.98
2026-01-04,INV-22704,Customer Beta,Gadget X,61,405.67,24745.87,16025.49
2026-01-04,INV-17100,Customer Gamma,Gadget X,55,211.44,11629.2,9488.95
2026-01-05,INV-42591,Customer Delta,Widget A,94,176.26,16568.44,13510.21
2026-01-05,INV-46509,Customer Beta,Widget B,69,229.82,15857.58,11187.05
2026-01-05,INV-82132,Customer Beta,Gadget X,10,227.13,2271.3,1851.88
2026-01-05,INV-22224,Customer Alpha,Widget A,84,499.65,41970.6,33954.5
2026-01-05,INV-62565,Customer Beta,Widget B,53,247.96,13141.88,8587.39
2026-01-05,INV-69638,Customer Beta,Widget A,49,11.06,541.94,378.06
2026-01-05,INV-82845,Customer Delta,Widget C,90,479.09,43118.1,36601.04
2026-01-05,INV-85914,Customer Beta,Gadget X,25,155.39,3884.75,3271.65
2026-01-06,INV-79615,Customer Alpha,Widget C,7,296.25,2073.75,1504.95
2026-01-06,INV-87992,Customer Alpha,Widget B,66,49.25,3250.5,2101.31
2026-01-06,INV-42271,Customer Beta,Widget A,52,68.74,3574.48,2940.27
2026-01-06,INV-86503,Customer Epsilon,Gadget Y,6,313.5,1881.0,1325.74
2026-01-06,INV-51180,Customer Epsilon,Gadget Y,41,468.01,19188.41,12492.9
2026-01-06,INV-69929,Customer Gamma,Widget B,51,74.13,3780.63,2878.48
2026-01-07,INV-23104,Customer Alpha,Widget A,59,314.37,18547.83,13739.28
2026-01-07,INV-55745,Customer Epsilon,Widget A,28,257.88,7220.64,4571.49
2026-01-07,INV-81200,Customer Beta,Widget A,48,149.64,7182.72,5096.47
2026-01-07,INV-82692,Customer Epsilon,Widget C,84,269.18,22611.12,17341.96
2026-01-07,INV-82512,Customer Alpha,Widget C,18,139.59,2512.62,2066.45
2026-01-07,INV-36685,Customer Gamma,Widget B,37,306.37,11335.69,8835.07
2026-01-07,INV-16658,Customer Epsilon,Widget C,63,133.05,8382.15,6932.37
2026-01-07,INV-27146,Customer Delta,Widget A,36,31.6,1137.6,777.42
2026-01-07,INV-83519,Customer Beta,Widget C,95,226.5,21517.5,16706.55
2026-01-07,INV-29536,Customer Alpha,Widget A,10,473.07,4730.7,3655.67
2026-01-07,INV-26704,Customer Alpha,Gadget Y,48,295.43,14180.64,9033.4
2026-01-07,INV-15229,Customer Gamma,Widget A,47,450.5,21173.5,16918.27
2026-01-07,INV-83385,Customer Beta,Widget C,88,132.27,11639.76,7282.98
2026-01-07,INV-31299,Customer Epsilon,Gadget X,96,85.73,8230.08,6851.3
2026-01-07,INV-63964,Customer Delta,Widget B,4,97.89,391.56,325.43
2026-01-08,INV-71694,Customer Beta,Widget C,90,62.97,5667.3,4636.09
2026-01-08,INV-39831,Customer Beta,Widget B,59,181.33,10698.47,8613.7
2026-01-08,INV-19099,Customer Alpha,Widget B,85,104.63,8893.55,6065.98
2026-01-08,INV-80282,Customer Gamma,Widget C,83,259.61,21547.63,16589.08
2026-01-08,INV-86099,Customer Alpha,Widget C,15,439.75,6596.25,4388.51
2026-01-08,INV-51114,Customer Alpha,Widget C,14,302.32,4232.48,2905.27
2026-01-08,INV-34914,Customer Epsilon,Gadget X,66,66.67,4400.22,3629.64
2026-01-08,INV-80575,Customer Alpha,Widget C,91,223.67,20353.97,14857.99
2026-01-08,INV-53279,Customer Gamma,Widget B,56,44.29,2480.24,1900.01
2026-01-08,INV-49363,Customer Gamma,Gadget Y,85,425.53,36170.05,28210.42
2026-01-08,INV-48752,Customer Gamma,Gadget Y,86,210.11,18069.46,12659.47
2026-01-08,INV-98777,Customer Beta,Gadget Y,25,216.02,5400.5,4509.91
2026-01-09,INV-49829,Customer Epsilon,Gadget Y,39,208.98,8150.22,6588.89
2026-01-09,INV-52237,Customer Beta,Widget C,56,395.02,22121.12,16627.68
2026-01-09,INV-32241,Customer Delta,Gadget X,57,341.06,19440.42,14148.61
2026-01-09,INV-22240,Customer Gamma,Widget A,66,335.29,22129.14,16703.41
2026-01-09,INV-16057,Customer Gamma,Widget B,29,405.22,11751.38,7483.73
2026-01-09,INV-64321,Customer Delta,Widget B,79,426.37,33683.23,20823.21
2026-01-09,INV-41979,Customer Beta,Gadget Y,92,351.21,32311.32,23380.29
2026-01-09,INV-65724,Customer Alpha,Widget B,97,431.62,41867.14,34388.26
2026-01-09,INV-42662,Customer Beta,Widget B,90,263.8,23742.0,14543.27
2026-01-09,INV-83259,Customer Delta,Widget A,18,402.69,7248.42,5558.77
2026-01-10,INV-81810,Customer Epsilon,Gadget X,93,447.09,41579.37,29383.52
2026-01-10,INV-42406,Customer Beta,Gadget X,96,432.13,41484.48,29558.42
2026-01-10,INV-20155,Customer Epsilon,Widget C,63,317.11,19977.93,13358.23
2026-01-10,INV-20561,Customer Beta,Widget C,35,174.57,6109.95,5030.06
2026-01-10,INV-38043,Customer Beta,Widget B,30,197.69,5930.7,3784.98
2026-01-10,INV-18161,Customer Delta,Widget A,53,172.13,9122.89,6536.38
2026-01-10,INV-12560,Customer Delta,Widget B,50,453.37,22668.5,16911.15
2026-01-10,INV-61116,Customer Delta,Gadget Y,62,12.89,799.18,549.79
2026-01-10,INV-38906,Customer Epsilon,Gadget X,96,369.97,35517.12,28412.53
2026-01-10,INV-54057,Customer Beta,Gadget X,35,223.56,7824.6,4751.54
2026-01-10,INV-80008,Customer Beta,Gadget X,60,460.58,27634.8,23356.39
2026-01-10,INV-94246,Customer Delta,Widget A,76,286.55,21777.8,13214.24
2026-01-10,INV-52906,Customer Beta,Gadget X,60,99.05,5943.0,3952.33
2026-01-10,INV-46471,Customer Delta,Widget B,42,175.38,7365.96,6039.42
2026-01-10,INV-16826,Customer Gamma,Gadget X,11,240.45,2644.95,2082.25
2026-01-11,INV-14067,Customer Alpha,Widget B,100,479.07,47907.0,29226.36
2026-01-11,INV-72070,Customer Beta,Widget B,3,314.45,943.35,622.27
2026-01-11,INV-58351,Customer Epsilon,Widget A,28,237.87,6660.36,4422.88
2026-01-11,INV-31465,Customer Epsilon,Widget B,78,482.23,37613.94,29323.43
2026-01-11,INV-98781,Customer Alpha,Widget C,75,22.58,1693.5,1148.17
2026-01-11,INV-92213,Customer Delta,Gadget X,92,107.18,9860.56,7375.94
2026-01-11,INV-88697,Customer Alpha,Widget B,90,388.52,34966.8,28413.09
2026-01-11,INV-58571,Customer Epsilon,Widget A,6,180.13,1080.78,764.21
2026-01-11,INV-74251,Customer Epsilon,Widget A,83,177.2,14707.6,11948.36
2026-01-11,INV-30052,Customer Delta,Widget A,47,321.44,15107.68,12194.57
2026-01-11,INV-90728,Customer Beta,Gadget X,94,265.66,24972.04,19044.04
2026-01-11,INV-45179,Customer Delta,Gadget Y,60,223.43,13405.8,10493.48
2026-01-11,INV-70910,Customer Beta,Widget C,12,146.67,1760.04,1254.38
2026-01-11,INV-52600,Customer Epsilon,Gadget Y,86,195.7,16830.2,10218.88
2026-01-11,INV-46655,Customer Delta,Widget B,28,183.86,5148.08,3421.35
2026-01-11,INV-21221,Customer Gamma,Gadget Y,72,14.97,1077.84,902.17
2026-01-12,INV-94659,Customer Delta,Gadget X,72,381.5,27468.0,21223.21
2026-01-12,INV-41890,Customer Delta,Gadget X,3,55.6,166.8,109.32
2026-01-12,INV-65771,Customer Epsilon,Widget C,48,241.9,11611.2,8507.88
2026-01-12,INV-42951,Customer Gamma,Gadget Y,46,354.4,16302.4,10885.59
2026-01-12,INV-80236,Customer Alpha,Widget B,93,104.37,9706.41,6113.96
2026-01-12,INV-87278,Customer Beta,Widget B,28,371.92,10413.76,6968.11
2026-01-12,INV-48829,Customer Epsilon,Gadget Y,37,490.45,18146.65,14665.34
2026-01-12,INV-26591,Customer Gamma,Widget B,23,158.11,3636.53,2825.6
2026-01-12,INV-26551,Customer Alpha,Widget C,7,281.15,1968.05,1523.97
2026-01-12,INV-67733,Customer Alpha,Gadget X,2,291.29,582.58,417.91
2026-01-12,INV-24953,Customer Beta,Widget C,7,133.71,935.97,763.22
2026-01-12,INV-17026,Customer Delta,Widget A,63,46.3,2916.9,2209.15
2026-01-13,INV-83147,Customer Epsilon,Widget B,39,51.74,2017.86,1335.92
2026-01-13,INV-78494,Customer Epsilon,Gadget X,77,397.46,30604.42,20089.41
2026-01-13,INV-66207,Customer Delta,Gadget X,57,155.7,8874.9,6630.72
2026-01-13,INV-23006,Customer Epsilon,Widget C,80,39.51,3160.8,2655.16
2026-01-13,INV-32782,Customer Beta,Widget B,34,333.61,11342.74,7251.01
2026-01-13,INV-87832,Customer Alpha,Gadget Y,21,11.31,237.51,169.26
2026-01-13,INV-69510,Customer Gamma,Gadget X,5,123.42,617.1,479.33
2026-01-13,INV-96662,Customer Beta,Widget A,34,396.04,13465.36,10183.37
2026-01-13,INV-44816,Customer Delta,Widget B,15,276.84,4152.6,3163.9
2026-01-14,INV-84607,Customer Alpha,Widget A,22,398.39,8764.58,6562.58
2026-01-14,INV-62757,Customer Delta,Widget C,16,239.66,3834.56,2592.25
2026-01-14,INV-15224,Customer Epsilon,Widget C,70,251.96,17637.2,10937.01
2026-01-14,INV-98381,Customer Gamma,Gadget X,78,132.68,10349.04,6445.71
2026-01-14,INV-45325,Customer Epsilon,Gadget Y,3,499.79,1499.37,1151.62
2026-01-14,INV-95394,Customer Alpha,Gadget Y,98,380.57,37295.86,26764.45
2026-01-14,INV-74451,Customer Gamma,Gadget X,24,498.5,11964.0,8482.13
2026-01-14,INV-23710,Customer Delta,Widget A,45,210.09,9454.05,6431.26
2026-01-14,INV-62488,Customer Gamma,Widget B,53,349.9,18544.7,12463.05
2026-01-15,INV-62976,Customer Alpha,Gadget X,41,133.68,5480.88,3447.37
2026-01-15,INV-17104,Customer Alpha,Gadget Y,85,435.99,37059.15,26515.6
2026-01-15,INV-67939,Customer Epsilon,Widget B,47,315.09,14809.23,10731.11
2026-01-15,INV-67424,Customer Beta,Widget A,35,279.12,9769.2,8127.18
2026-01-15,INV-41365,Customer Alpha,Gadget X,4,486.84,1947.36,1464.84
2026-01-15,INV-39451,Customer Gamma,Widget B,71,16.7,1185.7,832.36
2026-01-16,INV-48254,Customer Alpha,Gadget X,83,417.75,34673.25,25124.02
2026-01-16,INV-41946,Customer Gamma,Gadget Y,54,419.01,22626.54,19120.81
2026-01-16,INV-76616,Customer Epsilon,Gadget X,19,197.96,3761.24,3123.59
2026-01-16,INV-54548,Customer Alpha,Widget B,36,388.61,13989.96,11382.27
2026-01-16,INV-86931,Customer Gamma,Gadget Y,1,148.59,148.59,100.24
2026-01-16,INV-53573,Customer Delta,Gadget Y,20,228.81,4576.2,3299.83
2026-01-16,INV-34727,Customer Epsilon,Gadget Y,49,233.12,11422.88,7772.63
2026-01-16,INV-15720,Customer Epsilon,Widget B,50,124.45,6222.5,4939.96
2026-01-17,INV-95461,Customer Delta,Gadget X,50,494.32,24716.0,19725.8
2026-01-17,INV-53515,Customer Delta,Widget B,5,71.86,359.3,302.29
2026-01-17,INV-28894,Customer Delta,Widget A,13,267.72,3480.36,2485.78
2026-01-17,INV-54375,Customer Beta,Gadget X,10,240.05,2400.5,2021.94
2026-01-17,INV-98389,Customer Delta,Gadget Y,84,49.35,4145.4,2827.75
2026-01-17,INV-73956,Customer Delta,Gadget Y,41,317.13,13002.33,10686.09
2026-01-17,INV-47667,Customer Alpha,Gadget Y,80,43.53,3482.4,2638.93
2026-01-17,INV-23173,Customer Alpha,Widget B,56,489.39,27405.84,21653.15
2026-01-17,INV-52516,Customer Beta,Gadget X,89,156.74,13949.86,8470.87
2026-01-17,INV-79621,Customer Gamma,Widget A,46,193.67,8908.82,5669.51
2026-01-17,INV-20350,Customer Epsilon,Gadget X,88,398.33,35053.04,22521.43
2026-01-17,INV-86435,Customer Delta,Gadget Y,80,344.74,27579.2,19978.84
2026-01-17,INV-97404,Customer Beta,Widget B,60,322.57,19354.2,13836.17
2026-01-17,INV-67898,Customer Delta,Widget A,37,342.03,12655.11,8092.87
2026-01-17,INV-42780,Customer Epsilon,Widget C,39,323.08,12600.12,8896.66
2026-01-18,INV-59986,Customer Beta,Widget C,50,428.13,21406.5,13414.67
2026-01-18,INV-12875,Customer Gamma,Gadget Y,74,154.98,11468.52,8886.04
2026-01-18,INV-16428,Customer Gamma,Gadget X,2,287.31,574.62,443.29
2026-01-18,INV-56179,Customer Delta,Gadget Y,37,390.11,14434.07,9490.83
2026-01-18,INV-96400,Customer Beta,Widget B,80,132.81,10624.8,8381.84
2026-01-18,INV-67779,Customer Alpha,Widget B,81,326.71,26463.51,17921.97
2026-01-18,INV-48680,Customer Epsilon,Widget A,47,368.86,17336.42,10792.5
2026-01-18,INV-57953,Customer Delta,Widget C,23,108.39,2492.97,1985.97
2026-01-18,INV-73156,Customer Epsilon,Gadget Y,35,416.93,14592.55,9692.99
2026-01-18,INV-39571,Customer Gamma,Widget C,15,239.48,3592.2,2222.94
2026-01-18,INV-44663,Customer Epsilon,Gadget X,47,54.25,2549.75,1781.37
2026-01-18,INV-44362,Customer Alpha,Gadget Y,59,190.61,11245.99,8853.44
2026-01-18,INV-40647,Customer Delta,Gadget Y,82,470.74,38600.68,24205.97
2026-01-18,INV-89964,Customer Alpha,Gadget X,80,443.28,35462.4,26254.65
2026-01-18,INV-49608,Customer Alpha,Widget B,82,413.69,33922.58,28065.74
2026-01-18,INV-74569,Customer Alpha,Gadget X,18,32.22,579.96,353.37
2026-01-18,INV-69459,Customer Alpha,Widget A,31,444.76,13787.56,8740.16
2026-01-18,INV-64379,Customer Epsilon,Widget C,54,297.8,16081.2,12569.87
2026-01-18,INV-14288,Customer Delta,Widget A,79,209.98,16588.42,13899.11
2026-01-19,INV-23022,Customer Delta,Widget B,57,475.77,27118.89,22071.05
2026-01-19,INV-34878,Customer Epsilon,Widget C,83,185.75,15417.25,10784.9
2026-01-19,INV-88269,Customer Delta,Widget A,12,334.76,4017.12,3054.72
2026-01-19,INV-84000,Customer Alpha,Widget A,43,129.35,5562.05,3512.33
2026-01-19,INV-40539,Customer Alpha,Widget B,98,281.56,27592.88,20600.73
2026-01-19,INV-28964,Customer Beta,Widget C,77,11.39,877.03,714.43
2026-01-19,INV-13379,Customer Epsilon,Widget B,33,401.27,13241.91,8309.05
2026-01-19,INV-52437,Customer Alpha,Widget B,46,397.09,18266.14,12046.21
2026-01-19,INV-78955,Customer Beta,Widget A,34,35.68,1213.12,952.82
2026-01-19,INV-87812,Customer Alpha,Widget A,61,229.65,14008.65,9673.11
2026-01-19,INV-96363,Customer Delta,Widget A,65,118.56,7706.4,5808.9
2026-01-19,INV-72781,Customer Gamma,Gadget Y,59,325.24,19189.16,11662.93
2026-01-19,INV-68138,Customer Delta,Gadget X,88,62.9,5535.2,4306.94
2026-01-19,INV-46046,Customer Alpha,Widget A,42,308.07,12938.94,7975.83
2026-01-19,INV-88301,Customer Epsilon,Gadget Y,71,358.95,25485.45,17718.15
2026-01-19,INV-24996,Customer Gamma,Gadget Y,59,257.72,15205.48,10758.63
2026-01-20,INV-62262,Customer Delta,Gadget X,30,212.77,6383.1,5150.23
2026-01-20,INV-59060,Customer Alpha,Gadget X,41,219.11,8983.51,6883.86
2026-01-20,INV-66606,Customer Delta,Widget B,9,54.7,492.3,305.89
2026-01-20,INV-83608,Customer Gamma,Widget A,17,282.62,4804.54,3587.15
2026-01-20,INV-97207,Customer Gamma,Gadget Y,86,69.89,6010.54,4137.65
2026-01-20,INV-85748,Customer Alpha,Gadget X,37,304.2,11255.4,7742.72
2026-01-20,INV-24184,Customer Beta,Gadget Y,20,331.8,6636.0,4353.62
2026-01-20,INV-39643,Customer Epsilon,Widget C,48,66.29,3181.92,2130.75
2026-01-20,INV-94239,Customer Epsilon,Gadget X,99,411.03,40691.97,30657.06
2026-01-20,INV-45054,Customer Alpha,Gadget Y,78,465.25,36289.5,29298.88
2026-01-20,INV-54541,Customer Beta,Widget A,35,354.32,12401.2,8398.67
2026-01-21,INV-28595,Customer Beta,Widget A,19,287.5,5462.5,3824.82
2026-01-21,INV-69460,Customer Alpha,Widget A,96,269.94,25914.24,17985.74
2026-01-21,INV-84395,Customer Beta,Widget C,48,162.7,7809.6,5319.09
2026-01-21,INV-16522,Customer Alpha,Gadget Y,7,86.23,603.61,476.01
2026-01-21,INV-67939,Customer Gamma,Widget A,57,334.35,19057.95,13748.7
2026-01-21,INV-66349,Customer Gamma,Gadget X,28,379.92,10637.76,6685.35
2026-01-21,INV-97442,Customer Gamma,Widget A,87,342.46,29794.02,21501.1
2026-01-21,INV-11007,Customer Alpha,Widget C,29,203.68,5906.72,4429.04
2026-01-21,INV-47938,Customer Gamma,Widget B,28,386.0,10808.0,8549.56
2026-01-21,INV-26932,Customer Alpha,Widget C,1,253.72,253.72,179.55
2026-01-21,INV-97562,Customer Epsilon,Gadget X,91,122.75,11170.25,8262.42
2026-01-21,INV-12456,Customer Alpha,Widget C,51,432.26,22045.26,13460.3
2026-01-21,INV-93904,Customer Alpha,Gadget X,41,292.12,11976.92,8903.04
2026-01-21,INV-32527,Customer Gamma,Gadget X,15,208.47,3127.05,2631.57
2026-01-21,INV-23875,Customer Delta,Gadget Y,89,460.69,41001.41,25504.21
2026-01-21,INV-50668,Customer Delta,Widget B,76,206.22,15672.72,9711.79
2026-01-22,INV-24945,Customer Gamma,Widget B,100,92.39,9239.0,6722.49
2026-01-22,INV-94599,Customer Epsilon,Gadget Y,25,453.9,11347.5,7799.63
2026-01-22,INV-88957,Customer Beta,Widget B,14,81.76,1144.64,743.24
2026-01-22,INV-70811,Customer Alpha,Widget B,23,476.13,10950.99,8289.76
2026-01-22,INV-94278,Customer Epsilon,Gadget Y,58,343.76,19938.08,16359.43
2026-01-22,INV-71462,Customer Gamma,Gadget Y,81,164.91,13357.71,9483.18
2026-01-22,INV-19724,Customer Gamma,Gadget X,36,299.8,10792.8,7425.29
2026-01-22,INV-47627,Customer Delta,Widget C,58,28.43,1648.94,1141.37
2026-01-22,INV-86064,Customer Alpha,Widget A,79,301.1,23786.9,16558.55
2026-01-22,INV-34672,Customer Alpha,Gadget Y,58,455.43,26414.94,19624.03
2026-01-22,INV-69050,Customer Epsilon,Widget C,61,255.67,15595.87,13091.65
2026-01-22,INV-15130,Customer Gamma,Widget A,92,51.32,4721.44,3595.53
2026-01-22,INV-57696,Customer Delta,Widget B,57,266.79,15207.03,11442.55
2026-01-22,INV-88366,Customer Gamma,Widget C,50,210.3,10515.0,7198.48
2026-01-22,INV-60667,Customer Gamma,Widget A,9,171.55,1543.95,1141.74
2026-01-23,INV-28537,Customer Epsilon,Widget C,20,173.35,3467.0,2585.29
2026-01-23,INV-87993,Customer Gamma,Widget C,84,352.26,29589.84,20653.4
2026-01-23,INV-26750,Customer Gamma,Widget A,72,194.57,14009.04,11178.03
2026-01-23,INV-12389,Customer Alpha,Gadget Y,83,338.52,28097.16,20430.07
2026-01-23,INV-73736,Customer Gamma,Widget C,24,476.07,11425.68,7831.54
2026-01-23,INV-23256,Customer Beta,Widget B,18,85.92,1546.56,1042.3
2026-01-23,INV-54140,Customer Epsilon,Gadget Y,95,443.0,42085.0,25648.15
2026-01-23,INV-91885,Customer Beta,Gadget Y,77,194.59,14983.43,9597.81
2026-01-23,INV-41133,Customer Delta,Widget B,6,211.32,1267.92,975.15
2026-01-23,INV-40671,Customer Epsilon,Gadget X,37,378.67,14010.79,11151.89
2026-01-23,INV-35430,Customer Beta,Gadget Y,40,483.14,19325.6,15384.97
2026-01-23,INV-60052,Customer Epsilon,Widget C,57,236.22,13464.54,9027.21
2026-01-23,INV-89254,Customer Epsilon,Gadget Y,54,483.47,26107.38,20996.15
2026-01-23,INV-82684,Customer Gamma,Widget B,7,324.18,2269.26,1857.46
2026-01-24,INV-68893,Customer Alpha,Gadget Y,37,51.1,1890.7,1210.2
2026-01-24,INV-69130,Customer Beta,Gadget Y,56,54.94,3076.64,2546.31
2026-01-24,INV-40903,Customer Alpha,Widget C,54,36.1,1949.4,1414.29
2026-01-24,INV-22987,Customer Alpha,Gadget X,48,120.02,5760.96,3915.56
2026-01-24,INV-71925,Customer Beta,Widget C,18,28.77,517.86,429.49
2026-01-24,INV-12490,Customer Delta,Widget B,58,311.52,18068.16,14932.69
2026-01-24,INV-79176,Customer Beta,Widget C,20,278.91,5578.2,4361.09
2026-01-24,INV-16258,Customer Alpha,Gadget X,100,151.17,15117.0,10208.33
2026-01-25,INV-75513,Customer Epsilon,Gadget X,59,40.78,2406.02,1946.88
2026-01-25,INV-28818,Customer Epsilon,Gadget Y,3,319.66,958.98,713.25
2026-01-25,INV-64600,Customer Delta,Widget C,1,311.26,311.26,205.48
2026-01-25,INV-78951,Customer Alpha,Widget B,68,487.58,33155.44,20454.25
2026-01-25,INV-71621,Customer Epsilon,Gadget Y,65,281.53,18299.45,12765.94
2026-01-25,INV-18855,Customer Delta,Widget A,48,134.29,6445.92,3893.73
2026-01-25,INV-86271,Customer Beta,Widget C,94,331.98,31206.12,19532.41
2026-01-25,INV-94252,Customer Beta,Widget C,6,182.63,1095.78,750.21
2026-01-25,INV-27675,Customer Delta,Widget B,90,244.48,22003.2,14204.59
2026-01-25,INV-36144,Customer Delta,Widget A,5,153.79,768.95,469.79
2026-01-25,INV-81176,Customer Gamma,Widget A,40,262.54,10501.6,8897.8
2026-01-25,INV-56789,Customer Gamma,Gadget X,5,379.11,1895.55,1227.89
2026-01-26,INV-62431,Customer Gamma,Widget C,16,401.68,6426.88,4558.19
2026-01-26,INV-75211,Customer Delta,Gadget X,44,487.12,21433.28,15518.78
2026-01-26,INV-20345,Customer Epsilon,Widget C,35,402.56,14089.6,11014.83
2026-01-26,INV-20494,Customer Epsilon,Gadget X,24,277.28,6654.72,4527.23
2026-01-26,INV-31842,Customer Gamma,Widget C,40,228.5,9140.0,7123.86
2026-01-26,INV-56210,Customer Gamma,Gadget X,58,30.75,1783.5,1458.03
2026-01-27,INV-77251,Customer Alpha,Widget C,10,338.88,3388.8,2377.42
2026-01-27,INV-67432,Customer Alpha,Widget B,19,425.85,8091.15,6226.32
2026-01-27,INV-57467,Customer Beta,Widget A,9,125.64,1130.76,860.84
2026-01-27,INV-58623,Customer Epsilon,Gadget X,5,306.5,1532.5,1179.67
2026-01-27,INV-58096,Customer Delta,Widget C,98,47.67,4671.66,2963.81
2026-01-27,INV-13396,Customer Gamma,Gadget X,84,146.56,12311.04,10342.87
2026-01-27,INV-44311,Customer Delta,Widget B,67,199.62,13374.54,9902.75
2026-01-27,INV-74382,Customer Delta,Widget C,28,498.22,13950.16,9366.06
2026-01-27,INV-68341,Customer Alpha,Widget B,18,427.88,7701.84,5491.49
2026-01-27,INV-81063,Customer Gamma,Widget A,86,180.24,15500.64,9552.03
2026-01-27,INV-93584,Customer Gamma,Widget C,21,358.79,7534.59,6267.51
2026-01-27,INV-28202,Customer Gamma,Widget B,66,119.88,7912.08,6695.86
2026-01-27,INV-71263,Customer Delta,Widget B,4,186.84,747.36,555.34
2026-01-27,INV-62187,Customer Beta,Gadget Y,79,443.28,35019.12,21587.08
2026-01-27,INV-19666,Customer Epsilon,Gadget X,53,386.89,20505.17,16523.78
2026-01-27,INV-77811,Customer Gamma,Widget B,83,46.34,3846.22,2755.66
2026-01-27,INV-26912,Customer Beta,Widget C,100,280.14,28014.0,20924.96
2026-01-27,INV-49862,Customer Epsilon,Gadget X,8,417.38,3339.04,2435.91
2026-01-28,INV-78012,Customer Gamma,Widget B,91,120.48,10963.68,9175.18
2026-01-28,INV-45972,Customer Alpha,Widget C,33,106.19,3504.27,2940.39
2026-01-28,INV-32103,Customer Gamma,Widget B,79,271.4,21440.6,15558.23
2026-01-28,INV-89316,Customer Epsilon,Gadget Y,20,93.89,1877.8,1419.84
2026-01-28,INV-15958,Customer Epsilon,Widget C,6,414.37,2486.22,1509.37
2026-01-28,INV-91016,Customer Gamma,Gadget Y,84,113.3,9517.2,7071.61
2026-01-28,INV-49596,Customer Delta,Widget A,81,277.33,22463.73,17083.15
2026-01-28,INV-17852,Customer Beta,Gadget X,88,208.99,18391.12,13119.97
2026-01-28,INV-89516,Customer Delta,Widget B,54,247.28,13353.12,8692.96
2026-01-28,INV-55268,Customer Gamma,Widget B,92,166.47,15315.24,12972.1
2026-01-29,INV-71141,Customer Gamma,Widget B,66,285.21,18823.86,12796.06
2026-01-29,INV-48038,Customer Gamma,Widget A,58,131.48,7625.84,4760.07
2026-01-29,INV-30932,Customer Epsilon,Gadget X,54,131.65,7109.1,5803.35
2026-01-29,INV-75308,Customer Epsilon,Widget C,93,163.23,15180.39,12004.35
2026-01-29,INV-21802,Customer Delta,Gadget Y,64,440.75,28208.0,20432.26
2026-01-29,INV-56254,Customer Epsilon,Gadget X,59,483.68,28537.12,18657.17
2026-01-29,INV-95755,Customer Alpha,Widget A,37,252.5,9342.5,7666.31
2026-01-29,INV-27555,Customer Gamma,Gadget X,69,14.01,966.69,605.99
2026-01-29,INV-16705,Customer Gamma,Widget C,98,207.59,20343.82,12436.39
2026-01-29,INV-60639,Customer Epsilon,Gadget Y,25,187.64,4691.0,3153.06
2026-01-29,INV-91689,Customer Delta,Gadget Y,98,279.43,27384.14,22080.59
2026-01-29,INV-54444,Customer Alpha,Gadget Y,17,487.79,8292.43,5792.06
2026-01-29,INV-62610,Customer Gamma,Gadget Y,97,80.69,7826.93,5875.02
2026-01-29,INV-72094,Customer Alpha,Gadget Y,6,29.07,174.42,135.77
2026-01-29,INV-52987,Customer Delta,Gadget Y,20,307.07,6141.4,4476.32
2026-01-29,INV-49221,Customer Gamma,Gadget Y,21,202.55,4253.55,3207.71
2026-01-29,INV-83783,Customer Gamma,Gadget Y,65,415.86,27030.9,19815.95
2026-01-30,INV-64596,Customer Alpha,Gadget X,48,172.31,8270.88,5189.16
2026-01-30,INV-88238,Customer Gamma,Gadget Y,93,437.33,40671.69,30801.29
2026-01-30,INV-85711,Customer Gamma,Gadget X,84,393.62,33064.08,26254.22
2026-01-30,INV-91230,Customer Alpha,Widget B,75,245.42,18406.5,13456.22
2026-01-30,INV-24404,Customer Beta,Gadget X,88,128.68,11323.84,8415.23
2026-01-30,INV-36724,Customer Alpha,Widget B,57,163.71,9331.47,5952.15
2026-01-30,INV-18163,Customer Epsilon,Gadget X,100,309.62,30962.0,22227.66
2026-01-30,INV-72701,Customer Epsilon,Widget B,27,284.83,7690.41,6533.24
2026-01-30,INV-79878,Customer Delta,Gadget Y,41,478.78,19629.98,14033.78
2026-01-30,INV-99226,Customer Epsilon,Widget C,46,341.18,15694.28,12820.87
2026-01-30,INV-83149,Customer Epsilon,Widget C,62,104.21,6461.02,4274.8
2026-01-30,INV-74094,Customer Beta,Widget C,39,387.88,15127.32,11742.21
2026-01-30,INV-45842,Customer Delta,Widget C,45,284.64,12808.8,10677.69
2026-01-30,INV-61712,Customer Alpha,Widget C,74,341.54,25273.96,17563.47
2026-01-31,INV-55398,Customer Gamma,Widget B,6,150.94,905.64,705.07
2026-01-31,INV-80592,Customer Gamma,Gadget X,96,244.75,23496.0,15284.55
2026-01-31,INV-86917,Customer Epsilon,Widget C,90,143.09,12878.1,8078.52
2026-01-31,INV-93616,Customer Beta,Widget B,7,338.22,2367.54,1734.84
2026-01-31,INV-23178,Customer Alpha,Widget B,13,212.52,2762.76,2153.13
2026-01-31,INV-95575,Customer Alpha,Widget B,71,489.18,34731.78,22210.46
2026-01-31,INV-52096,Customer Delta,Gadget X,84,107.73,9049.32,7610.28
2026-01-31,INV-80143,Customer Alpha,Widget C,99,53.84,5330.16,3963.15
2026-01-31,INV-14763,Customer Beta,Widget A,54,442.3,23884.2,15380.16
2026-01-31,INV-47941,Customer Delta,Gadget X,24,468.94,11254.56,9459.83
2026-01-31,INV-53914,Customer Alpha,Widget A,39,288.3,11243.7,7047.83
2026-01-31,INV-27589,Customer Delta,Widget C,83,276.22,22926.26,16586.65
2026-01-31,INV-31298,Customer Delta,Gadget Y,35,104.48,3656.8,2297.06
2026-01-31,INV-48669,Customer Gamma,Gadget X,92,101.24,9314.08,7303.68
2026-01-31,INV-63148,Customer Beta,Gadget Y,23,309.37,7115.51,5405.52
2026-01-31,INV-34219,Customer Epsilon,Gadget X,42,52.5,2205.0,1691.93
2026-02-01,INV-68554,Customer Gamma,Gadget X,32,13.35,427.2,297.29
2026-02-01,INV-44282,Customer Gamma,Widget C,39,295.41,11520.99,8562.62
2026-02-01,INV-30934,Customer Beta,Widget C,8,337.22,2697.76,1932.54
2026-02-01,INV-93717,Customer Epsilon,Gadget X,91,387.22,35237.02,27223.16
2026-02-01,INV-72676,Customer Gamma,Widget C,79,118.22,9339.38,7838.92
2026-02-01,INV-81989,Customer Delta,Widget B,96,494.53,47474.88,32919.38
2026-02-01,INV-99173,Customer Epsilon,Gadget X,86,414.55,35651.3,28181.1
2026-02-01,INV-20237,Customer Alpha,Gadget Y,68,228.91,15565.88,12078.21
2026-02-01,INV-36497,Customer Alpha,Gadget Y,8,416.1,3328.8,2748.66
2026-02-02,INV-86434,Customer Gamma,Widget B,67,226.5,15175.5,11686.26
2026-02-02,INV-27294,Customer Alpha,Gadget X,66,228.29,15067.14,9249.85
2026-02-02,INV-98181,Customer Delta,Gadget Y,59,286.32,16892.88,12495.65
2026-02-02,INV-38560,Customer Alpha,Widget C,51,134.68,6868.68,4126.39
2026-02-02,INV-80931,Customer Alpha,Gadget Y,6,217.61,1305.66,1012.01
2026-02-02,INV-27750,Customer Alpha,Widget A,61,25.55,1558.55,1094.44
2026-02-02,INV-59479,Customer Gamma,Gadget X,49,229.78,11259.22,9337.03
2026-02-02,INV-27431,Customer Alpha,Gadget X,88,482.43,42453.84,34754.34
2026-02-02,INV-26691,Customer Alpha,Widget C,23,496.49,11419.27,7973.67
2026-02-03,INV-65591,Customer Alpha,Widget A,39,236.87,9237.93,7203.49
2026-02-03,INV-46129,Customer Delta,Gadget Y,30,131.28,3938.4,2703.87
2026-02-03,INV-12050,Customer Alpha,Widget B,5,406.64,2033.2,1433.02
2026-02-03,INV-88352,Customer Beta,Widget B,9,59.44,534.96,325.47
2026-02-03,INV-80747,Customer Beta,Widget A,95,31.68,3009.6,2136.04
2026-02-03,INV-85511,Customer Alpha,Widget B,18,256.91,4624.38,3109.04
2026-02-03,INV-41051,Customer Epsilon,Widget C,77,388.54,29917.58,24071.55
2026-02-03,INV-46064,Customer Beta,Widget C,85,265.41,22559.85,15868.37
2026-02-03,INV-92050,Customer Epsilon,Widget A,76,441.06,33520.56,27751.48
2026-02-03,INV-94320,Customer Epsilon,Gadget X,64,32.97,2110.08,1447.73
2026-02-03,INV-49306,Customer Epsilon,Gadget X,41,351.19,14398.79,10108.88
2026-02-03,INV-39536,Customer Beta,Gadget X,97,273.58,26537.26,17521.01
2026-02-04,INV-83044,Customer Delta,Widget B,8,285.57,2284.56,1923.48
2026-02-04,INV-94765,Customer Beta,Gadget Y,50,129.0,6450.0,4197.88
2026-02-04,INV-34966,Customer Delta,Widget A,48,55.31,2654.88,2073.85
2026-02-04,INV-19539,Customer Gamma,Widget A,49,340.1,16664.9,12510.85
2026-02-04,INV-37379,Customer Epsilon,Widget B,93,339.01,31527.93,20627.28
2026-02-04,INV-25376,Customer Gamma,Widget C,2,113.79,227.58,147.36
2026-02-04,INV-41369,Customer Beta,Gadget X,90,306.16,27554.4,17941.45
2026-02-04,INV-95029,Customer Gamma,Gadget Y,100,148.7,14870.0,10655.29
2026-02-04,INV-71080,Customer Gamma,Widget C,34,186.23,6331.82,5196.54
2026-02-04,INV-58589,Customer Delta,Widget A,98,421.47,41304.06,34223.83
2026-02-04,INV-29126,Customer Delta,Widget C,6,285.64,1713.84,1123.11
2026-02-04,INV-64732,Customer Gamma,Widget A,71,468.03,33230.13,24749.33
2026-02-04,INV-42208,Customer Beta,Widget C,26,171.63,4462.38,3101.18
2026-02-04,INV-74044,Customer Epsilon,Gadget X,84,472.3,39673.2,27151.98
2026-02-05,INV-81636,Customer Beta,Gadget X,94,399.54,37556.76,24123.32
2026-02-05,INV-78674,Customer Beta,Gadget X,70,495.26,34668.2,29097.34
2026-02-05,INV-28021,Customer Alpha,Widget A,86,33.77,2904.22,1747.17
2026-02-05,INV-69770,Customer Alpha,Widget B,91,84.0,7644.0,5004.37
2026-02-05,INV-73334,Customer Alpha,Widget C,80,322.49,25799.2,21503.01
2026-02-05,INV-12192,Customer Alpha,Gadget X,1,270.78,270.78,190.31
2026-02-05,INV-98346,Customer Gamma,Gadget Y,69,488.96,33738.24,20387.53
2026-02-05,INV-41584,Customer Beta,Gadget X,14,459.84,6437.76,4706.62
2026-02-05,INV-62022,Customer Epsilon,Widget B,68,133.68,9090.24,6259.63
2026-02-05,INV-39603,Customer Gamma,Widget A,52,234.91,12215.32,8071.91
2026-02-05,INV-14152,Customer Alpha,Widget C,84,495.92,41657.28,31762.58
2026-02-05,INV-93459,Customer Delta,Widget A,49,194.81,9545.69,6863.36
2026-02-05,INV-53420,Customer Beta,Widget A,11,254.93,2804.23,1986.73
2026-02-05,INV-84289,Customer Alpha,Gadget Y,68,460.38,31305.84,20581.76
2026-02-05,INV-46749,Customer Gamma,Gadget X,6,462.84,2777.04,2141.4
2026-02-05,INV-51220,Customer Epsilon,Gadget Y,85,26.12,2220.2,1847.63
2026-02-05,INV-62205,Customer Beta,Widget A,76,80.65,6129.4,4935.23
2026-02-05,INV-61007,Customer Gamma,Widget A,21,286.34,6013.14,4459.79
2026-02-05,INV-20279,Customer Gamma,Gadget Y,50,380.25,19012.5,12072.7
2026-02-05,INV-19963,Customer Gamma,Gadget Y,7,57.87,405.09,266.56
2026-02-06,INV-13883,Customer Epsilon,Gadget Y,77,204.38,15737.26,12485.76
2026-02-06,INV-59207,Customer Delta,Widget C,63,121.79,7672.77,5664.49
2026-02-06,INV-91083,Customer Beta,Gadget X,88,297.08,26143.04,18169.89
2026-02-06,INV-59807,Customer Beta,Widget C,92,46.02,4233.84,2823.94
2026-02-06,INV-50405,Customer Delta,Widget B,41,186.74,7656.34,4768.98
2026-02-06,INV-34561,Customer Gamma,Gadget X,98,142.19,13934.62,8822.38
2026-02-06,INV-13442,Customer Delta,Gadget X,72,281.82,20291.04,14244.53
2026-02-06,INV-52523,Customer Gamma,Widget A,71,55.6,3947.6,2958.77
2026-02-06,INV-83339,Customer Alpha,Gadget X,38,212.77,8085.26,6426.1
2026-02-06,INV-28198,Customer Epsilon,Widget B,67,93.1,6237.7,4336.34
2026-02-06,INV-66973,Customer Gamma,Widget C,35,251.63,8807.05,5423.53
2026-02-06,INV-42990,Customer Delta,Widget C,39,247.27,9643.53,5971.57
2026-02-06,INV-27758,Customer Delta,Widget B,77,312.17,24037.09,17173.67
2026-02-06,INV-53193,Customer Alpha,Widget C,51,172.79,8812.29,6653.7
2026-02-06,INV-87908,Customer Gamma,Gadget X,56,409.58,22936.48,18690.41
2026-02-07,INV-51180,Customer Gamma,Widget C,78,474.17,36985.26,24048.29
2026-02-07,INV-74357,Customer Delta,Widget B,41,152.81,6265.21,4847.64
2026-02-07,INV-61502,Customer Beta,Gadget Y,42,194.27,8159.34,6561.12
2026-02-07,INV-33583,Customer Alpha,Widget C,73,107.9,7876.7,6689.81
2026-02-07,INV-67469,Customer Alpha,Gadget Y,94,236.19,22201.86,17252.88
2026-02-07,INV-49692,Customer Alpha,Widget C,53,339.76,18007.28,11430.93
2026-02-07,INV-59412,Customer Gamma,Widget B,85,85.53,7270.05,5131.07
2026-02-07,INV-76402,Customer Delta,Widget A,77,244.83,18851.91,13200.13
2026-02-07,INV-80373,Customer Epsilon,Gadget X,5,397.45,1987.25,1370.97
2026-02-08,INV-90304,Customer Beta,Widget A,85,335.7,28534.5,18307.3
2026-02-08,INV-53463,Customer Epsilon,Widget A,83,341.96,28382.68,19865.16
2026-02-08,INV-77999,Customer Alpha,Gadget X,2,58.32,116.64,76.46
2026-02-08,INV-61266,Customer Epsilon,Gadget Y,89,291.87,25976.43,18480.79
2026-02-08,INV-13219,Customer Epsilon,Gadget X,89,255.23,22715.47,15588.31
2026-02-08,INV-25213,Customer Alpha,Gadget X,38,213.83,8125.54,6828.96
2026-02-08,INV-78303,Customer Gamma,Widget B,40,178.1,7124.0,5671.18
2026-02-09,INV-51800,Customer Delta,Widget C,13,224.7,2921.1,2261.49
2026-02-09,INV-54967,Customer Gamma,Widget A,6,406.99,2441.94,1535.42
2026-02-09,INV-30989,Customer Beta,Widget A,95,129.52,12304.4,7919.28
2026-02-09,INV-63090,Customer Epsilon,Widget C,55,479.65,26380.75,17357.58
2026-02-09,INV-90492,Customer Beta,Widget B,82,332.08,27230.56,19031.32
2026-02-09,INV-38153,Customer Delta,Widget B,76,220.48,16756.48,10072.53
2026-02-09,INV-85674,Customer Gamma,Widget B,97,354.84,34419.48,27501.23
2026-02-09,INV-24936,Customer Epsilon,Widget A,24,189.24,4541.76,2948.82
2026-02-09,INV-60939,Customer Delta,Widget C,68,483.3,32864.4,22293.6
2026-02-09,INV-70012,Customer Delta,Gadget Y,76,65.97,5013.72,3449.42
2026-02-09,INV-90541,Customer Beta,Gadget Y,87,355.93,30965.91,20882.21
2026-02-09,INV-50026,Customer Alpha,Gadget Y,87,75.63,6579.81,4141.76
2026-02-09,INV-64819,Customer Beta,Widget A,48,349.78,16789.44,12217.78
2026-02-09,INV-93296,Customer Beta,Gadget Y,74,198.02,14653.48,9472.57
2026-02-09,INV-34523,Customer Beta,Gadget Y,72,91.76,6606.72,4441.09
2026-02-09,INV-11256,Customer Delta,Widget C,80,36.27,2901.6,2001.41
2026-02-09,INV-76248,Customer Beta,Gadget X,25,409.46,10236.5,8608.46
2026-02-09,INV-68176,Customer Delta,Gadget X,88,250.95,22083.6,17170.79
2026-02-09,INV-38905,Customer Beta,Gadget X,11,287.04,3157.44,2522.7
2026-02-09,INV-69942,Customer Alpha,Widget C,36,120.17,4326.12,2907.88
2026-02-10,INV-81186,Customer Epsilon,Gadget Y,15,290.63,4359.45,2907.63
2026-02-10,INV-81611,Customer Epsilon,Widget C,97,30.39,2947.83,2298.56
2026-02-10,INV-42444,Customer Delta,Widget B,14,370.63,5188.82,3961.24
2026-02-10,INV-21401,Customer Alpha,Widget C,58,138.78,8049.24,6564.56
2026-02-10,INV-87060,Customer Alpha,Gadget X,100,407.83,40783.0,26609.67
2026-02-10,INV-37082,Customer Epsilon,Widget C,81,219.8,17803.8,13424.74
2026-02-10,INV-80617,Customer Alpha,Widget B,73,181.9,13278.7,8900.33
2026-02-10,INV-77425,Customer Gamma,Widget B,91,153.39,13958.49,10373.72
2026-02-10,INV-46349,Customer Beta,Widget A,97,394.99,38314.03,31788.85
2026-02-10,INV-42447,Customer Beta,Widget B,32,81.66,2613.12,1778.29
2026-02-10,INV-64293,Customer Delta,Gadget X,19,292.94,5565.86,3713.43
2026-02-10,INV-22202,Customer Delta,Gadget X,10,320.48,3204.8,2628.04
2026-02-10,INV-58374,Customer Epsilon,Gadget X,96,146.33,14047.68,11716.95
2026-02-10,INV-22208,Customer Delta,Gadget X,42,295.16,12396.72,10130.93
2026-02-10,INV-66314,Customer Gamma,Gadget X,9,399.88,3598.92,2517.19
2026-02-10,INV-81737,Customer Delta,Widget B,35,168.2,5887.0,3949.58
2026-02-10,INV-99463,Customer Beta,Gadget Y,73,427.69,31221.37,24885.8
2026-02-10,INV-12134,Customer Alpha,Widget A,13,316.83,4118.79,3332.82
2026-02-10,INV-66072,Customer Beta,Widget A,57,233.69,13320.33,11295.1
2026-02-10,INV-45916,Customer Beta,Widget B,84,157.91,13264.44,10858.35
2026-02-11,INV-31695,Customer Gamma,Widget C,11,192.2,2114.2,1746.22
2026-02-11,INV-40689,Customer Delta,Widget A,81,159.7,12935.7,10023.36
2026-02-11,INV-20215,Customer Alpha,Gadget X,91,56.64,5154.24,3367.55
2026-02-11,INV-11056,Customer Epsilon,Widget B,29,264.53,7671.37,5456.39
2026-02-11,INV-40008,Customer Alpha,Widget C,55,350.08,19254.4,13852.1
2026-02-11,INV-58177,Customer Alpha,Gadget X,94,404.92,38062.48,23819.51
2026-02-11,INV-27451,Customer Beta,Widget C,49,389.0,19061.0,15025.59
2026-02-12,INV-67684,Customer Epsilon,Widget A,73,14.15,1032.95,787.63
2026-02-12,INV-90750,Customer Beta,Widget C,81,376.65,30508.65,25321.37
2026-02-12,INV-26142,Customer Beta,Gadget X,12,449.33,5391.96,3423.91
2026-02-12,INV-28327,Customer Delta,Gadget Y,45,481.99,21689.55,14719.09
2026-02-12,INV-88644,Customer Gamma,Widget B,83,51.28,4256.24,3142.59
2026-02-12,INV-96298,Customer Gamma,Gadget Y,100,471.23,47123.0,28589.81
2026-02-12,INV-61347,Customer Beta,Widget C,67,307.39,20595.13,13328.38
2026-02-12,INV-75481,Customer Alpha,Widget C,31,252.49,7827.19,4916.93
2026-02-12,INV-57329,Customer Alpha,Gadget Y,68,445.48,30292.64,18266.97
2026-02-13,INV-32645,Customer Delta,Widget B,73,216.22,15784.06,11626.37
2026-02-13,INV-38277,Customer Alpha,Gadget X,3,297.81,893.43,539.14
2026-02-13,INV-75673,Customer Alpha,Widget A,51,258.24,13170.24,9971.75
2026-02-13,INV-80471,Customer Delta,Gadget X,90,207.12,18640.8,14169.51
2026-02-13,INV-36633,Customer Beta,Gadget Y,36,50.96,1834.56,1136.98
2026-02-13,INV-95175,Customer Epsilon,Widget B,42,201.46,8461.32,6418.53
2026-02-13,INV-41278,Customer Gamma,Widget A,90,224.37,20193.3,16929.19
2026-02-13,INV-90254,Customer Beta,Widget A,12,463.07,5556.84,3495.23
2026-02-13,INV-33022,Customer Alpha,Gadget Y,40,336.38,13455.2,10286.68
2026-02-13,INV-75065,Customer Alpha,Widget A,91,77.23,7027.93,4236.7
2026-02-13,INV-31884,Customer Epsilon,Widget C,67,393.66,26375.22,20577.72
2026-02-13,INV-25473,Customer Beta,Widget C,96,392.75,37704.0,25155.77
2026-02-13,INV-85582,Customer Gamma,Widget A,55,143.27,7879.85,4853.74
2026-02-13,INV-84302,Customer Delta,Widget A,59,260.28,15356.52,9426.75
2026-02-13,INV-85223,Customer Gamma,Widget B,21,135.01,2835.21,1774.07
2026-02-14,INV-42053,Customer Epsilon,Widget B,1,31.58,31.58,25.76
2026-02-14,INV-14635,Customer Delta,Widget A,47,197.66,9290.02,5922.58
2026-02-14,INV-51934,Customer Delta,Gadget Y,29,167.68,4862.72,3423.67
2026-02-14,INV-16903,Customer Alpha,Widget C,74,192.68,14258.32,10344.56
2026-02-14,INV-19034,Customer Beta,Widget B,67,490.89,32889.63,27578.61
2026-02-14,INV-82494,Customer Gamma,Gadget X,100,423.97,42397.0,28907.34
2026-02-14,INV-49834,Customer Alpha,Gadget X,48,108.33,5199.84,3852.83
2026-02-14,INV-35614,Customer Beta,Gadget Y,60,190.45,11427.0,9632.55
2026-02-15,INV-93354,Customer Alpha,Widget B,53,21.72,1151.16,846.55
2026-02-15,INV-50306,Customer Gamma,Widget A,1,381.88,381.88,265.05
2026-02-15,INV-17850,Customer Beta,Widget A,68,491.73,33437.64,23572.0
2026-02-15,INV-78125,Customer Gamma,Widget B,12,31.51,378.12,248.75
2026-02-15,INV-22527,Customer Gamma,Gadget X,59,487.53,28764.27,17869.1
2026-02-15,INV-84425,Customer Beta,Gadget Y,82,411.78,33765.96,20891.26
2026-02-15,INV-44208,Customer Delta,Widget A,85,482.47,41009.95,27033.47
2026-02-15,INV-69343,Customer Delta,Widget C,90,417.63,37586.7,25617.7
2026-02-15,INV-86638,Customer Beta,Widget C,10,472.34,4723.4,2994.77
2026-02-15,INV-63282,Customer Beta,Widget A,14,90.54,1267.56,908.22
2026-02-15,INV-50410,Customer Epsilon,Widget A,46,482.67,22202.82,14474.22
2026-02-15,INV-49874,Customer Gamma,Gadget X,16,54.31,868.96,696.82
2026-02-16,INV-56627,Customer Gamma,Widget B,19,54.69,1039.11,687.95
2026-02-16,INV-32789,Customer Epsilon,Gadget X,7,341.82,2392.74,1591.27
2026-02-16,INV-22415,Customer Delta,Widget A,58,282.42,16380.36,12081.01
2026-02-16,INV-39135,Customer Alpha,Gadget X,18,69.51,1251.18,770.0
2026-02-16,INV-94500,Customer Beta,Widget B,52,192.4,10004.8,7579.38
2026-02-16,INV-12857,Customer Epsilon,Widget A,76,136.82,10398.32,8351.79
2026-02-17,INV-53456,Customer Delta,Widget B,17,55.07,936.19,760.02
2026-02-17,INV-66774,Customer Alpha,Widget A,60,34.81,2088.6,1735.7
2026-02-17,INV-56392,Customer Delta,Gadget X,4,197.54,790.16,558.38
2026-02-17,INV-14541,Customer Beta,Widget B,36,147.13,5296.68,4347.81
2026-02-17,INV-64000,Customer Epsilon,Gadget Y,79,130.43,10303.97,6942.57
2026-02-17,INV-64949,Customer Delta,Gadget Y,8,52.98,423.84,294.89
2026-02-17,INV-12559,Customer Epsilon,Widget B,32,319.07,10210.24,8173.73
2026-02-18,INV-84141,Customer Delta,Widget C,70,392.9,27503.0,18867.29
2026-02-18,INV-88265,Customer Gamma,Gadget Y,50,142.51,7125.5,4321.73
2026-02-18,INV-71824,Customer Alpha,Widget B,100,147.66,14766.0,11844.75
2026-02-18,INV-30922,Customer Gamma,Gadget Y,99,296.15,29318.85,19297.39
2026-02-18,INV-17328,Customer Beta,Widget A,85,128.16,10893.6,7989.61
2026-02-18,INV-32768,Customer Epsilon,Widget B,50,183.85,9192.5,7444.14
2026-02-18,INV-57026,Customer Beta,Widget B,76,165.82,12602.32,9886.85
2026-02-18,INV-83873,Customer Alpha,Gadget Y,91,353.27,32147.57,26903.97
2026-02-18,INV-74517,Customer Epsilon,Widget B,25,419.98,10499.5,8426.9
2026-02-18,INV-40490,Customer Gamma,Gadget Y,23,250.31,5757.13,3584.18
2026-02-18,INV-90495,Customer Beta,Gadget Y,3,267.96,803.88,482.47
2026-02-18,INV-52413,Customer Beta,Widget B,44,361.3,15897.2,13189.83
2026-02-18,INV-24538,Customer Alpha,Widget A,19,297.44,5651.36,4686.71
2026-02-18,INV-61851,Customer Gamma,Gadget Y,10,193.06,1930.6,1612.98
2026-02-18,INV-30644,Customer Alpha,Gadget Y,44,157.86,6945.84,4404.45
2026-02-18,INV-83659,Customer Delta,Gadget X,84,165.47,13899.48,10797.06
2026-02-18,INV-59595,Customer Gamma,Gadget Y,29,336.11,9747.19,7832.97
2026-02-19,INV-85082,Customer Beta,Widget C,23,367.13,8443.99,7069.28
2026-02-19,INV-90134,Customer Epsilon,Gadget X,5,99.22,496.1,337.13
2026-02-19,INV-20198,Customer Epsilon,Widget B,14,468.98,6565.72,4170.29
2026-02-19,INV-21629,Customer Gamma,Widget B,41,92.26,3782.66,3106.81
2026-02-19,INV-18885,Customer Delta,Widget C,2,139.95,279.9,185.4
2026-02-19,INV-67438,Customer Gamma,Widget C,14,363.0,5082.0,3110.37
2026-02-19,INV-81568,Customer Beta,Gadget X,53,251.61,13335.33,9263.76
2026-02-19,INV-39567,Customer Alpha,Gadget X,62,396.48,24581.76,18301.46
2026-02-19,INV-12631,Customer Delta,Widget B,10,401.61,4016.1,2443.21
2026-02-19,INV-59212,Customer Gamma,Widget C,14,46.36,649.04,417.03
2026-02-19,INV-54295,Customer Alpha,Widget B,71,471.5,33476.5,28271.25
2026-02-19,INV-95673,Customer Epsilon,Gadget Y,62,355.21,22023.02,15588.57
2026-02-19,INV-36941,Customer Epsilon,Widget B,56,86.98,4870.88,3045.83
2026-02-19,INV-80795,Customer Delta,Widget B,90,281.52,25336.8,21064.85
2026-02-20,INV-82045,Customer Gamma,Widget C,31,57.0,1767.0,1233.76
2026-02-20,INV-48607,Customer Beta,Gadget X,7,186.81,1307.67,924.39
2026-02-20,INV-93648,Customer Delta,Gadget Y,26,57.52,1495.52,974.69
2026-02-20,INV-62096,Customer Alpha,Widget C,61,423.45,25830.45,17489.5
2026-02-20,INV-60793,Customer Delta,Gadget X,85,139.85,11887.25,9039.86
2026-02-20,INV-44510,Customer Gamma,Widget B,49,191.01,9359.49,6658.75
2026-02-20,INV-18079,Customer Delta,Gadget X,34,120.86,4109.24,2741.44
2026-02-20,INV-64262,Customer Alpha,Widget B,11,337.39,3711.29,2976.62
2026-02-20,INV-78495,Customer Beta,Gadget Y,71,39.88,2831.48,1972.91
2026-02-20,INV-40886,Customer Epsilon,Gadget X,88,434.78,38260.64,27498.16
2026-02-20,INV-14551,Customer Gamma,Gadget X,11,203.45,2237.95,1820.54
2026-02-20,INV-91300,Customer Epsilon,Gadget Y,67,402.22,26948.74,20733.92
2026-02-20,INV-31910,Customer Alpha,Widget B,97,230.03,22312.91,18681.83
2026-02-21,INV-67067,Customer Beta,Widget B,6,217.45,1304.7,1105.17
2026-02-21,INV-18783,Customer Beta,Widget B,77,136.36,10499.72,8690.63
2026-02-21,INV-46202,Customer Delta,Widget A,72,204.7,14738.4,10044.69
2026-02-21,INV-78493,Customer Delta,Gadget Y,2,395.41,790.82,597.67
2026-02-21,INV-86372,Customer Alpha,Gadget X,54,83.32,4499.28,3336.88
2026-02-21,INV-80206,Customer Alpha,Widget A,73,391.98,28614.54,22789.66
2026-02-21,INV-89817,Customer Delta,Widget C,34,197.69,6721.46,4848.84
2026-02-21,INV-89777,Customer Alpha,Gadget X,23,144.95,3333.85,2120.21
2026-02-21,INV-41139,Customer Alpha,Gadget X,51,445.89,22740.39,15528.81
2026-02-21,INV-49722,Customer Delta,Widget A,35,449.55,15734.25,9520.14
2026-02-21,INV-39878,Customer Gamma,Widget C,63,430.54,27124.02,20918.4
2026-02-22,INV-64627,Customer Delta,Widget C,100,414.65,41465.0,27671.87
2026-02-22,INV-63368,Customer Alpha,Gadget Y,25,226.44,5661.0,4689.34
2026-02-22,INV-30836,Customer Epsilon,Gadget X,48,412.3,19790.4,14423.59
2026-02-22,INV-78719,Customer Gamma,Widget A,91,258.33,23508.03,14902.03
2026-02-22,INV-17553,Customer Alpha,Gadget Y,23,104.45,2402.35,1941.66
2026-02-22,INV-36097,Customer Alpha,Widget B,59,34.77,2051.43,1415.68
2026-02-22,INV-26236,Customer Gamma,Widget C,60,257.51,15450.6,11724.73
2026-02-22,INV-72204,Customer Beta,Widget A,48,249.51,11976.48,8521.58
2026-02-22,INV-43903,Customer Epsilon,Gadget Y,45,178.68,8040.6,6508.17
2026-02-23,INV-38091,Customer Alpha,Widget C,50,34.33,1716.5,1396.3
2026-02-23,INV-77276,Customer Beta,Widget B,87,111.3,9683.1,7387.21
2026-02-23,INV-88792,Customer Alpha,Widget A,61,456.64,27855.04,21221.16
2026-02-23,INV-94245,Customer Beta,Widget A,33,308.09,10166.97,8497.06
2026-02-23,INV-38601,Customer Delta,Widget C,49,427.28,20936.72,14964.51
2026-02-23,INV-86609,Customer Gamma,Gadget X,87,265.11,23064.57,17434.54
2026-02-23,INV-59051,Customer Alpha,Widget A,66,499.72,32981.52,27757.95
2026-02-24,INV-93964,Customer Alpha,Widget C,62,41.28,2559.36,2168.01
2026-02-24,INV-95389,Customer Gamma,Widget C,34,331.5,11271.0,9445.63
2026-02-24,INV-17441,Customer Beta,Widget C,20,263.47,5269.4,3478.2
2026-02-24,INV-13336,Customer Delta,Gadget Y,85,166.6,14161.0,8991.99
2026-02-24,INV-14629,Customer Gamma,Gadget X,34,454.39,15449.26,10832.24
2026-02-24,INV-99957,Customer Epsilon,Gadget Y,25,178.15,4453.75,3466.54
2026-02-24,INV-32280,Customer Delta,Gadget Y,86,185.66,15966.76,10778.34
2026-02-24,INV-43902,Customer Beta,Gadget Y,38,57.83,2197.54,1388.81
2026-02-24,INV-39131,Customer Beta,Gadget Y,88,450.8,39670.4,30292.66
2026-02-24,INV-53426,Customer Beta,Widget C,96,437.0,41952.0,29581.12
2026-02-24,INV-71674,Customer Gamma,Widget C,75,154.09,11556.75,9393.37
2026-02-24,INV-35499,Customer Epsilon,Widget A,75,472.71,35453.25,21903.16
2026-02-24,INV-17086,Customer Alpha,Gadget Y,88,197.02,17337.76,11695.86
2026-02-24,INV-69974,Customer Beta,Widget B,26,177.91,4625.66,3917.0
2026-02-25,INV-33176,Customer Beta,Widget C,100,49.6,4960.0,3388.46
2026-02-25,INV-32099,Customer Alpha,Widget C,1,231.51,231.51,151.02
2026-02-25,INV-26961,Customer Beta,Gadget Y,63,394.75,24869.25,19769.51
2026-02-25,INV-72573,Customer Delta,Gadget Y,82,220.41,18073.62,12782.68
2026-02-25,INV-11845,Customer Alpha,Gadget X,5,271.55,1357.75,1062.66
2026-02-25,INV-42613,Customer Epsilon,Widget C,25,18.78,469.5,282.18
2026-02-25,INV-87158,Customer Gamma,Widget B,40,73.18,2927.2,2037.0
2026-02-25,INV-48119,Customer Beta,Widget C,9,413.68,3723.12,2511.43
2026-02-25,INV-27536,Customer Epsilon,Gadget X,77,266.82,20545.14,14554.51
2026-02-26,INV-62873,Customer Gamma,Gadget X,97,102.33,9926.01,8308.28
2026-02-26,INV-12872,Customer Beta,Widget A,29,366.31,10622.99,6722.24
2026-02-26,INV-14897,Customer Epsilon,Gadget Y,22,70.35,1547.7,1203.77
2026-02-26,INV-16286,Customer Gamma,Gadget X,99,272.02,26929.98,16485.1
2026-02-26,INV-59840,Customer Alpha,Widget A,7,347.98,2435.86,1715.32
2026-02-26,INV-99881,Customer Epsilon,Widget A,33,242.45,8000.85,5106.8
2026-02-26,INV-45386,Customer Gamma,Widget A,54,334.22,18047.88,13817.83
2026-02-26,INV-23751,Customer Epsilon,Gadget Y,90,77.21,6948.9,5612.37
2026-02-26,INV-75239,Customer Epsilon,Gadget Y,16,148.53,2376.48,1892.13
2026-02-26,INV-36433,Customer Epsilon,Widget B,26,391.2,10171.2,8217.06
2026-02-26,INV-37222,Customer Delta,Widget C,38,88.58,3366.04,2480.89
2026-02-26,INV-24474,Customer Gamma,Gadget X,31,11.34,351.54,269.95
2026-02-26,INV-19836,Customer Delta,Gadget Y,20,475.23,9504.6,7555.03
2026-02-26,INV-48800,Customer Gamma,Widget A,83,123.27,10231.41,8667.71
2026-02-26,INV-15170,Customer Delta,Widget C,7,58.91,412.37,265.43
2026-02-27,INV-16014,Customer Gamma,Widget C,55,371.88,20453.4,12757.8
2026-02-27,INV-67372,Customer Beta,Widget A,85,327.13,27806.05,18968.32
2026-02-27,INV-33969,Customer Gamma,Gadget Y,94,55.55,5221.7,4196.89
2026-02-27,INV-60556,Customer Delta,Widget A,52,481.53,25039.56,16725.38
2026-02-27,INV-27368,Customer Delta,Gadget X,84,444.2,37312.8,23943.43
2026-02-27,INV-84572,Customer Beta,Widget A,14,213.85,2993.9,2238.5
2026-02-27,INV-13777,Customer Beta,Gadget X,79,196.08,15490.32,10682.89
2026-02-27,INV-16025,Customer Delta,Widget B,63,65.34,4116.42,2893.11
2026-02-27,INV-98857,Customer Gamma,Widget A,84,163.98,13774.32,10690.83
2026-02-27,INV-97797,Customer Epsilon,Gadget Y,93,286.86,26677.98,22528.86
2026-02-27,INV-66734,Customer Epsilon,Widget C,67,347.24,23265.08,17554.89
2026-02-27,INV-29484,Customer Delta,Widget B,45,335.22,15084.9,11469.82
2026-02-27,INV-76265,Customer Epsilon,Gadget Y,7,15.71,109.97,91.67
2026-02-27,INV-41574,Customer Delta,Gadget X,22,46.68,1026.96,742.4
2026-02-28,INV-62858,Customer Alpha,Widget C,65,119.13,7743.45,5891.44
2026-02-28,INV-21536,Customer Alpha,Widget B,59,227.65,13431.35,9982.97
2026-02-28,INV-95638,Customer Delta,Gadget X,41,68.17,2794.97,2024.52
2026-02-28,INV-10022,Customer Alpha,Widget A,52,212.05,11026.6,8151.78
2026-02-28,INV-83706,Customer Epsilon,Widget A,80,322.39,25791.2,21213.98
2026-02-28,INV-39218,Customer Delta,Widget B,44,188.04,8273.76,5076.52
2026-02-28,INV-96136,Customer Gamma,Gadget X,72,386.03,27794.16,20845.28
2026-02-28,INV-10287,Customer Delta,Widget C,15,57.74,866.1,662.33
2026-02-28,INV-78417,Customer Gamma,Widget C,82,482.57,39570.74,26630.95
2026-02-28,INV-63636,Customer Alpha,Widget C,6,449.47,2696.82,1950.09
2026-02-28,INV-61497,Customer Gamma,Widget A,79,106.0,8374.0,5277.18
2026-02-28,INV-64325,Customer Delta,Widget B,25,361.23,9030.75,5661.75
2026-02-28,INV-96305,Customer Epsilon,Widget A,16,388.35,6213.6,4427.97
2026-02-28,INV-16366,Customer Epsilon,Gadget Y,18,482.29,8681.22,5218.15
2026-02-28,INV-33226,Customer Delta,Gadget Y,75,246.64,18498.0,13449.59
2026-03-01,INV-52184,Customer Alpha,Widget B,50,332.19,16609.5,12482.71
2026-03-01,INV-42537,Customer Delta,Gadget Y,54,489.96,26457.84,21932.96
2026-03-01,INV-27481,Customer Delta,Widget C,44,485.54,21363.76,15236.88
2026-03-01,INV-49179,Customer Delta,Widget B,78,353.01,27534.78,21672.81
2026-03-01,INV-38487,Customer Gamma,Gadget Y,92,371.04,34135.68,25205.63
2026-03-01,INV-98129,Customer Beta,Widget B,80,360.05,28804.0,22226.69
2026-03-01,INV-25126,Customer Beta,Widget B,65,275.82,17928.3,13611.51
2026-03-01,INV-64719,Customer Epsilon,Widget C,62,295.58,18325.96,15314.43
2026-03-01,INV-13312,Customer Gamma,Gadget Y,55,406.07,22333.85,16318.95
2026-03-01,INV-31094,Customer Beta,Gadget X,7,338.42,2368.94,1539.75
2026-03-02,INV-80932,Customer Beta,Widget C,8,348.39,2787.12,1877.92
2026-03-02,INV-83647,Customer Gamma,Widget A,58,60.22,3492.76,2853.62
2026-03-02,INV-47701,Customer Epsilon,Widget B,50,126.42,6321.0,5032.0
2026-03-02,INV-99803,Customer Delta,Widget A,50,214.12,10706.0,8532.98
2026-03-02,INV-91338,Customer Epsilon,Widget C,7,16.35,114.45,75.86
2026-03-02,INV-87120,Customer Beta,Gadget X,82,355.27,29132.14,22196.01
2026-03-02,INV-48558,Customer Epsilon,Gadget Y,26,390.31,10148.06,8535.25
2026-03-02,INV-77350,Customer Beta,Gadget X,88,46.49,4091.12,3439.07
2026-03-02,INV-27048,Customer Delta,Widget A,6,219.97,1319.82,975.54
2026-03-02,INV-30290,Customer Epsilon,Widget B,33,12.77,421.41,301.98
2026-03-02,INV-91968,Customer Beta,Widget A,42,302.47,12703.74,10079.34
2026-03-02,INV-19552,Customer Gamma,Gadget Y,63,397.06,25014.78,18449.4
2026-03-02,INV-76209,Customer Epsilon,Widget C,29,478.92,13888.68,10140.84
2026-03-02,INV-38992,Customer Delta,Widget B,70,273.15,19120.5,11911.81
2026-03-03,INV-91039,Customer Gamma,Widget C,47,153.85,7230.95,6056.48
2026-03-03,INV-11153,Customer Delta,Gadget Y,72,413.61,29779.92,25172.47
2026-03-03,INV-91412,Customer Gamma,Widget A,58,127.77,7410.66,5636.3
2026-03-03,INV-24860,Customer Alpha,Widget B,88,443.97,39069.36,27166.61
2026-03-03,INV-77746,Customer Gamma,Gadget X,70,364.75,25532.5,15477.2
2026-03-03,INV-95397,Customer Epsilon,Widget C,66,228.32,15069.12,9206.67
2026-03-03,INV-80513,Customer Gamma,Widget B,66,50.35,3323.1,2073.58
2026-03-03,INV-37941,Customer Alpha,Gadget Y,81,42.08,3408.48,2616.29
2026-03-03,INV-67047,Customer Alpha,Gadget X,27,273.5,7384.5,5728.05
2026-03-03,INV-21471,Customer Beta,Widget A,4,235.02,940.08,642.01
2026-03-03,INV-85361,Customer Alpha,Widget A,23,399.17,9180.91,6789.48
2026-03-04,INV-51471,Customer Delta,Widget C,50,231.05,11552.5,8099.6
2026-03-04,INV-91048,Customer Delta,Widget A,87,67.97,5913.39,3556.75
2026-03-04,INV-75907,Customer Epsilon,Widget A,6,353.43,2120.58,1310.83
2026-03-04,INV-67367,Customer Gamma,Widget A,88,157.66,13874.08,8624.49
2026-03-04,INV-38818,Customer Delta,Gadget X,85,25.1,2133.5,1363.48
2026-03-04,INV-49066,Customer Delta,Widget B,70,154.54,10817.8,8205.42
2026-03-04,INV-15475,Customer Alpha,Widget C,71,438.64,31143.44,19786.78
2026-03-04,INV-21157,Customer Epsilon,Widget A,77,203.1,15638.7,11523.87
2026-03-04,INV-37752,Customer Beta,Widget C,96,373.3,35836.8,28005.9
2026-03-04,INV-43127,Customer Epsilon,Gadget X,19,88.87,1688.53,1106.32
2026-03-04,INV-17128,Customer Alpha,Widget B,24,338.78,8130.72,6031.56
2026-03-04,INV-18829,Customer Delta,Gadget Y,83,279.34,23185.22,15595.84
2026-03-05,INV-56810,Customer Beta,Widget A,93,294.49,27387.57,22947.63
2026-03-05,INV-35362,Customer Beta,Widget B,13,149.72,1946.36,1201.78
2026-03-05,INV-86568,Customer Delta,Widget C,58,170.89,9911.62,7580.96
2026-03-05,INV-66139,Customer Epsilon,Widget B,73,188.6,13767.8,9349.48
2026-03-05,INV-93995,Customer Alpha,Widget B,41,130.63,5355.83,3510.11
2026-03-05,INV-72908,Customer Gamma,Gadget X,47,75.81,3563.07,2790.75
2026-03-05,INV-24264,Customer Delta,Gadget X,46,389.64,17923.44,12936.11
2026-03-05,INV-28350,Customer Epsilon,Widget B,11,422.48,4647.28,3786.04
2026-03-05,INV-19882,Customer Beta,Gadget Y,34,369.44,12560.96,9504.31
2026-03-05,INV-63101,Customer Epsilon,Widget A,81,25.29,2048.49,1527.09
2026-03-05,INV-80736,Customer Beta,Gadget Y,5,280.28,1401.4,1031.24
2026-03-05,INV-87280,Customer Beta,Gadget X,47,202.32,9509.04,7824.6
2026-03-05,INV-57692,Customer Beta,Widget C,60,255.55,15333.0,9546.92
2026-03-06,INV-68487,Customer Epsilon,Widget B,88,91.26,8030.88,5850.77
2026-03-06,INV-29162,Customer Beta,Widget B,73,474.87,34665.51,26514.03
2026-03-06,INV-18239,Customer Gamma,Gadget X,6,117.22,703.32,507.73
2026-03-06,INV-57349,Customer Gamma,Widget C,30,30.98,929.4,605.68
2026-03-06,INV-95003,Customer Delta,Gadget X,59,441.96,26075.64,15905.52
2026-03-07,INV-44513,Customer Epsilon,Widget A,82,416.53,34155.46,27622.14
2026-03-07,INV-57880,Customer Epsilon,Gadget Y,73,95.19,6948.87,5304.9
2026-03-07,INV-39215,Customer Alpha,Gadget Y,67,133.28,8929.76,7529.29
2026-03-07,INV-73191,Customer Delta,Gadget Y,46,410.45,18880.7,12957.03
2026-03-07,INV-40145,Customer Alpha,Gadget Y,65,442.2,28743.0,20406.8
2026-03-07,INV-30625,Customer Epsilon,Widget A,83,147.6,12250.8,7810.62
2026-03-07,INV-64344,Customer Epsilon,Widget C,92,410.31,37748.52,28888.09
2026-03-07,INV-87436,Customer Alpha,Widget C,62,340.86,21133.32,15210.82
2026-03-07,INV-87640,Customer Delta,Widget B,3,129.4,388.2,245.33
2026-03-07,INV-29249,Customer Beta,Widget B,81,261.19,21156.39,17405.35
2026-03-07,INV-63143,Customer Beta,Widget A,34,462.0,15708.0,11453.65
2026-03-07,INV-96736,Customer Epsilon,Gadget Y,82,19.12,1567.84,1222.74
2026-03-07,INV-73133,Customer Alpha,Widget C,28,230.11,6443.08,5464.98
2026-03-07,INV-33839,Customer Beta,Widget B,53,304.41,16133.73,12885.27
2026-03-07,INV-69437,Customer Epsilon,Gadget Y,34,92.18,3134.12,2417.65
2026-03-08,INV-78512,Customer Delta,Widget B,50,74.78,3739.0,2258.88
2026-03-08,INV-90576,Customer Delta,Gadget Y,20,306.7,6134.0,3952.48
2026-03-08,INV-73208,Customer Alpha,Gadget Y,69,256.63,17707.47,11144.71
2026-03-08,INV-98940,Customer Epsilon,Widget B,70,415.49,29084.3,23972.51
2026-03-08,INV-79444,Customer Epsilon,Gadget X,54,191.48,10339.92,6316.24
2026-03-08,INV-87207,Customer Beta,Gadget X,62,396.88,24606.56,17109.17
2026-03-08,INV-40475,Customer Alpha,Gadget Y,55,75.6,4158.0,2990.79
2026-03-09,INV-10932,Customer Epsilon,Widget C,70,210.24,14716.8,9525.53
2026-03-09,INV-36924,Customer Epsilon,Gadget Y,16,264.68,4234.88,2937.98
2026-03-09,INV-86725,Customer Delta,Widget C,47,62.23,2924.81,2066.43
2026-03-09,INV-46118,Customer Gamma,Widget C,69,217.55,15010.95,10378.74
2026-03-09,INV-33425,Customer Beta,Gadget X,53,280.53,14868.09,10993.33
2026-03-09,INV-85713,Customer Epsilon,Widget C,72,247.04,17786.88,15067.75
2026-03-09,INV-25608,Customer Delta,Widget C,95,77.65,7376.75,6019.12
2026-03-10,INV-54359,Customer Beta,Gadget X,13,115.08,1496.04,1047.44
2026-03-10,INV-61000,Customer Epsilon,Gadget Y,90,345.44,31089.6,19058.34
2026-03-10,INV-21552,Customer Alpha,Widget A,19,241.12,4581.28,3436.24
2026-03-10,INV-60374,Customer Gamma,Widget A,29,191.71,5559.59,4182.24
2026-03-10,INV-88311,Customer Epsilon,Gadget X,84,265.29,22284.36,17335.04
2026-03-10,INV-96099,Customer Beta,Widget A,82,252.24,20683.68,12465.59
2026-03-10,INV-77608,Customer Gamma,Gadget Y,25,26.47,661.75,496.23
2026-03-10,INV-95854,Customer Epsilon,Widget B,22,340.27,7485.94,5164.81
2026-03-10,INV-56285,Customer Beta,Widget A,12,498.44,5981.28,4754.63
2026-03-10,INV-18993,Customer Delta,Gadget X,76,108.15,8219.4,4963.22
2026-03-10,INV-86406,Customer Epsilon,Widget A,37,365.81,13534.97,10012.88
2026-03-10,INV-69606,Customer Gamma,Widget C,36,120.88,4351.68,3658.74
2026-03-11,INV-83220,Customer Alpha,Gadget Y,34,95.77,3256.18,2365.81
2026-03-11,INV-77277,Customer Epsilon,Widget A,38,176.58,6710.04,4222.31
2026-03-11,INV-59424,Customer Epsilon,Widget C,74,132.57,9810.18,6972.02
2026-03-11,INV-70142,Customer Delta,Gadget Y,99,129.2,12790.8,8760.61
2026-03-11,INV-60157,Customer Epsilon,Gadget X,4,246.17,984.68,654.28
2026-03-11,INV-80208,Customer Beta,Widget B,41,212.09,8695.69,5985.02
2026-03-11,INV-54825,Customer Gamma,Widget A,32,150.77,4824.64,3375.96
2026-03-11,INV-85197,Customer Epsilon,Widget A,23,243.51,5600.73,3855.46
2026-03-11,INV-75404,Customer Beta,Widget C,96,344.72,33093.12,27383.96
2026-03-11,INV-40042,Customer Beta,Widget B,95,128.61,12217.95,8141.45
2026-03-11,INV-25712,Customer Beta,Widget B,80,184.45,14756.0,11727.1
2026-03-11,INV-15539,Customer Delta,Widget A,79,13.25,1046.75,852.34
2026-03-11,INV-85303,Customer Gamma,Gadget X,80,164.55,13164.0,10854.12
2026-03-11,INV-46735,Customer Delta,Widget C,24,492.35,11816.4,9795.82
2026-03-11,INV-65466,Customer Beta,Gadget X,97,292.57,28379.29,17411.75
2026-03-11,INV-99959,Customer Epsilon,Gadget X,5,256.21,1281.05,894.72
2026-03-11,INV-11103,Customer Delta,Widget B,16,352.14,5634.24,4028.58
2026-03-12,INV-44039,Customer Delta,Widget B,75,59.37,4452.75,3074.18
2026-03-12,INV-90358,Customer Epsilon,Widget B,34,126.2,4290.8,3080.09
2026-03-12,INV-58799,Customer Gamma,Widget C,24,254.4,6105.6,3984.72
2026-03-12,INV-85483,Customer Delta,Widget C,36,230.86,8310.96,6173.82
2026-03-12,INV-66651,Customer Alpha,Widget B,93,142.28,13232.04,8719.27
2026-03-13,INV-33148,Customer Beta,Widget B,95,83.28,7911.6,6340.49
2026-03-13,INV-77765,Customer Delta,Gadget X,18,497.83,8960.94,7279.4
2026-03-13,INV-84427,Customer Gamma,Gadget Y,63,157.02,9892.26,7325.56
2026-03-13,INV-43330,Customer Delta,Widget A,13,348.37,4528.81,2785.26
2026-03-13,INV-57226,Customer Alpha,Gadget X,58,374.85,21741.3,14456.71
2026-03-13,INV-56018,Customer Epsilon,Gadget Y,33,178.63,5894.79,4143.69
2026-03-13,INV-32877,Customer Beta,Gadget Y,74,292.19,21622.06,16482.12
2026-03-13,INV-68580,Customer Gamma,Widget C,42,339.86,14274.12,10304.11
2026-03-13,INV-28985,Customer Delta,Widget A,79,150.4,11881.6,9005.4
2026-03-13,INV-19351,Customer Gamma,Widget B,54,319.32,17243.28,12810.19
2026-03-13,INV-48188,Customer Beta,Widget A,44,121.83,5360.52,3640.97
2026-03-13,INV-57600,Customer Epsilon,Widget C,83,203.77,16912.91,13901.11
2026-03-13,INV-13027,Customer Epsilon,Gadget Y,58,212.85,12345.3,7974.71
2026-03-13,INV-20494,Customer Beta,Widget B,85,133.31,11331.35,8906.09
2026-03-13,INV-72021,Customer Beta,Widget B,51,60.47,3083.97,1899.57
2026-03-13,INV-20911,Customer Alpha,Gadget Y,4,387.76,1551.04,1133.8
2026-03-13,INV-61097,Customer Gamma,Widget A,80,86.08,6886.4,5259.2
2026-03-14,INV-27206,Customer Beta,Widget B,95,149.25,14178.75,10727.93
2026-03-14,INV-52624,Customer Beta,Gadget Y,4,27.23,108.92,75.07
2026-03-14,INV-27709,Customer Delta,Gadget X,70,468.08,32765.6,24152.71
2026-03-14,INV-93342,Customer Beta,Gadget Y,76,302.82,23014.32,17439.37
2026-03-14,INV-55504,Customer Delta,Gadget Y,68,323.5,21998.0,16134.35
2026-03-14,INV-57943,Customer Epsilon,Gadget X,30,404.31,12129.3,8617.44
2026-03-14,INV-27865,Customer Gamma,Gadget X,20,158.75,3175.0,1905.07
2026-03-14,INV-74478,Customer Gamma,Widget C,61,272.2,16604.2,12817.49
2026-03-14,INV-88250,Customer Gamma,Gadget X,2,385.28,770.56,616.06
2026-03-14,INV-83472,Customer Alpha,Widget B,71,193.09,13709.39,9636.8
2026-03-14,INV-61081,Customer Delta,Gadget X,32,90.0,2880.0,2258.72
2026-03-14,INV-77713,Customer Beta,Gadget X,34,48.81,1659.54,1255.16
2026-03-14,INV-45235,Customer Gamma,Gadget Y,37,327.74,12126.38,8888.47
2026-03-14,INV-93478,Customer Beta,Gadget X,9,99.38,894.42,601.41
2026-03-15,INV-52027,Customer Delta,Gadget Y,35,353.23,12363.05,8938.47
2026-03-15,INV-23405,Customer Beta,Widget A,7,485.16,3396.12,2056.46
2026-03-15,INV-40514,Customer Gamma,Widget C,17,360.45,6127.65,4790.45
2026-03-15,INV-50838,Customer Beta,Widget A,2,251.85,503.7,345.28
2026-03-15,INV-20515,Customer Gamma,Gadget X,60,351.5,21090.0,12821.33
2026-03-15,INV-71623,Customer Alpha,Widget B,35,390.07,13652.45,8435.11
2026-03-15,INV-25985,Customer Beta,Widget B,33,410.45,13544.85,10931.55
2026-03-15,INV-14392,Customer Delta,Widget B,99,487.74,48286.26,31955.39
2026-03-15,INV-37321,Customer Delta,Widget B,95,387.79,36840.05,26903.73
2026-03-15,INV-30789,Customer Delta,Gadget X,88,480.99,42327.12,35303.1
2026-03-15,INV-49166,Customer Epsilon,Widget A,67,69.85,4679.95,3371.0
2026-03-15,INV-24801,Customer Gamma,Widget B,7,433.19,3032.33,1984.5
2026-03-15,INV-86637,Customer Delta,Widget B,42,17.38,729.96,582.94
2026-03-15,INV-72294,Customer Delta,Widget A,32,14.38,460.16,280.93
2026-03-15,INV-75525,Customer Beta,Gadget Y,48,387.69,18609.12,12322.6
2026-03-15,INV-91937,Customer Epsilon,Widget A,44,466.12,20509.28,17417.37
2026-03-15,INV-24076,Customer Alpha,Widget A,46,325.84,14988.64,11621.17
2026-03-15,INV-94495,Customer Delta,Widget B,30,165.2,4956.0,3665.4
2026-03-15,INV-56945,Customer Delta,Widget C,94,104.55,9827.7,7590.06
2026-03-16,INV-81137,Customer Alpha,Widget C,63,356.25,22443.75,16602.9
2026-03-16,INV-71393,Customer Beta,Gadget X,73,101.45,7405.85,5087.2
2026-03-16,INV-68901,Customer Epsilon,Widget C,71,88.57,6288.47,4608.09
2026-03-16,INV-93627,Customer Gamma,Widget C,70,189.89,13292.3,7977.77
2026-03-16,INV-57720,Customer Delta,Gadget Y,94,100.91,9485.54,5735.72
2026-03-16,INV-80642,Customer Beta,Gadget Y,42,363.29,15258.18,11665.98
2026-03-16,INV-30202,Customer Beta,Gadget X,68,344.78,23445.04,18555.19
2026-03-16,INV-22616,Customer Gamma,Gadget Y,42,210.8,8853.6,6024.93
2026-03-16,INV-14099,Customer Alpha,Gadget Y,6,419.24,2515.44,1590.87
2026-03-17,INV-60934,Customer Delta,Widget A,25,58.39,1459.75,1084.23
2026-03-17,INV-58018,Customer Epsilon,Gadget X,80,353.64,28291.2,18784.92
2026-03-17,INV-37359,Customer Epsilon,Widget B,92,44.73,4115.16,3426.09
2026-03-17,INV-83140,Customer Alpha,Gadget X,60,402.5,24150.0,14856.48
2026-03-17,INV-79339,Customer Gamma,Gadget X,91,38.57,3509.87,2647.26
2026-03-17,INV-78089,Customer Alpha,Widget A,39,48.19,1879.41,1229.09
2026-03-17,INV-35312,Customer Alpha,Widget A,93,123.2,11457.6,7978.3
2026-03-17,INV-83156,Customer Beta,Gadget Y,73,316.41,23097.93,14891.8
2026-03-17,INV-70125,Customer Alpha,Gadget X,99,322.93,31970.07,22043.07
2026-03-17,INV-76151,Customer Alpha,Gadget X,22,398.31,8762.82,6462.5
2026-03-17,INV-56179,Customer Beta,Widget C,69,499.23,34446.87,24483.22
2026-03-18,INV-52395,Customer Gamma,Gadget Y,48,212.05,10178.4,7718.38
2026-03-18,INV-82120,Customer Beta,Gadget Y,73,277.36,20247.28,14046.87
2026-03-18,INV-14543,Customer Gamma,Widget C,58,229.27,13297.66,9298.69
2026-03-18,INV-49562,Customer Epsilon,Widget C,3,263.63,790.89,670.95
2026-03-18,INV-46170,Customer Gamma,Widget A,29,115.26,3342.54,2268.67
2026-03-18,INV-22358,Customer Epsilon,Gadget Y,72,289.63,20853.36,15492.02
2026-03-18,INV-86304,Customer Delta,Widget A,46,86.49,3978.54,2650.69
2026-03-18,INV-62402,Customer Beta,Widget B,33,407.43,13445.19,8376.03
2026-03-18,INV-73246,Customer Beta,Gadget Y,94,47.83,4496.02,3062.57
2026-03-18,INV-22499,Customer Delta,Widget B,89,354.4,31541.6,25387.17
2026-03-18,INV-20286,Customer Gamma,Gadget Y,5,368.09,1840.45,1369.43
2026-03-18,INV-25799,Customer Gamma,Widget A,45,441.1,19849.5,14064.88
2026-03-18,INV-17094,Customer Epsilon,Widget B,2,320.6,641.2,486.06
2026-03-18,INV-52838,Customer Epsilon,Widget C,6,166.47,998.82,740.35
2026-03-18,INV-61495,Customer Beta,Gadget Y,20,34.75,695.0,544.11
2026-03-19,INV-61684,Customer Epsilon,Gadget Y,65,54.14,3519.1,2491.47
2026-03-19,INV-16463,Customer Beta,Widget B,44,50.45,2219.8,1649.0
2026-03-19,INV-27088,Customer Delta,Gadget Y,34,51.69,1757.46,1274.96
2026-03-19,INV-84885,Customer Delta,Widget B,72,107.07,7709.04,5387.31
2026-03-19,INV-41760,Customer Epsilon,Widget B,79,498.57,39387.03,28794.36
2026-03-19,INV-85499,Customer Gamma,Widget A,100,220.73,22073.0,17022.36
2026-03-19,INV-34967,Customer Alpha,Widget A,86,212.66,18288.76,12643.33
2026-03-19,INV-32184,Customer Gamma,Widget C,77,331.15,25498.55,20205.57
2026-03-19,INV-40603,Customer Epsilon,Widget C,57,315.36,17975.52,12764.7
2026-03-19,INV-24728,Customer Gamma,Widget B,20,381.29,7625.8,6201.23
2026-03-19,INV-47707,Customer Beta,Widget A,80,464.1,37128.0,30340.56
2026-03-19,INV-71759,Customer Gamma,Widget A,89,404.1,35964.9,24322.33
2026-03-19,INV-81620,Customer Gamma,Widget A,27,372.61,10060.47,6569.17
2026-03-19,INV-28526,Customer Gamma,Gadget Y,71,246.68,17514.28,13704.59
2026-03-19,INV-43483,Customer Delta,Widget A,75,453.96,34047.0,24912.18
2026-03-19,INV-45557,Customer Alpha,Widget B,37,108.34,4008.58,3103.17
2026-03-19,INV-96556,Customer Delta,Widget A,84,473.14,39743.76,24507.97
2026-03-19,INV-95119,Customer Gamma,Widget C,14,19.35,270.9,221.29
2026-03-19,INV-51347,Customer Beta,Gadget X,49,259.18,12699.82,9873.12
2026-03-20,INV-70029,Customer Epsilon,Gadget Y,12,101.34,1216.08,881.86
2026-03-20,INV-53721,Customer Alpha,Gadget Y,6,131.22,787.32,576.6
2026-03-20,INV-56125,Customer Delta,Gadget X,96,86.93,8345.28,5730.66
2026-03-20,INV-46159,Customer Gamma,Widget C,31,498.04,15439.24,13040.71
2026-03-20,INV-13862,Customer Gamma,Widget A,50,446.3,22315.0,17934.89
2026-03-20,INV-96105,Customer Gamma,Gadget Y,29,84.34,2445.86,2016.11
2026-03-20,INV-90274,Customer Alpha,Widget B,94,197.28,18544.32,15580.04
2026-03-20,INV-50944,Customer Delta,Widget B,31,290.72,9012.32,6368.25
2026-03-20,INV-28163,Customer Gamma,Gadget Y,58,275.69,15990.02,10420.53
2026-03-20,INV-50501,Customer Epsilon,Gadget Y,88,402.05,35380.4,28857.91
2026-03-20,INV-29025,Customer Beta,Gadget Y,56,497.89,27881.84,23530.72
2026-03-20,INV-25517,Customer Beta,Gadget Y,41,43.23,1772.43,1299.62
2026-03-20,INV-64269,Customer Gamma,Widget B,19,366.27,6959.13,5507.17
2026-03-20,INV-93472,Customer Gamma,Gadget X,57,375.35,21394.95,17232.02
2026-03-20,INV-13433,Customer Beta,Widget C,100,102.09,10209.0,6461.14
2026-03-20,INV-88166,Customer Epsilon,Gadget Y,35,306.75,10736.25,8085.37
2026-03-20,INV-72469,Customer Beta,Widget B,88,22.78,2004.64,1242.61
2026-03-20,INV-34114,Customer Epsilon,Widget B,78,239.69,18695.82,14253.55
2026-03-20,INV-14224,Customer Delta,Gadget X,61,77.38,4720.18,3060.16
2026-03-20,INV-97993,Customer Alpha,Gadget X,35,475.6,16646.0,10913.76
2026-03-21,INV-90879,Customer Alpha,Widget B,23,464.28,10678.44,9038.31
2026-03-21,INV-15482,Customer Gamma,Gadget X,59,444.92,26250.28,18556.03
2026-03-21,INV-84964,Customer Delta,Gadget Y,93,163.32,15188.76,11435.26
2026-03-21,INV-15047,Customer Epsilon,Gadget Y,68,324.28,22051.04,17112.23
2026-03-21,INV-42207,Customer Alpha,Gadget Y,58,233.88,13565.04,11115.76
2026-03-21,INV-60777,Customer Epsilon,Gadget Y,51,492.08,25096.08,15303.91
2026-03-21,INV-49918,Customer Alpha,Gadget Y,25,152.68,3817.0,2670.03
2026-03-21,INV-17149,Customer Delta,Widget C,22,217.01,4774.22,3596.34
2026-03-21,INV-75622,Customer Beta,Gadget Y,60,416.65,24999.0,17822.4
2026-03-21,INV-81618,Customer Beta,Widget A,100,296.87,29687.0,24449.68
2026-03-21,INV-69464,Customer Delta,Widget B,53,168.5,8930.5,5413.92
2026-03-22,INV-31495,Customer Alpha,Gadget X,33,168.8,5570.4,4245.45
2026-03-22,INV-21181,Customer Alpha,Widget A,15,356.05,5340.75,4051.06
2026-03-22,INV-30958,Customer Delta,Gadget Y,94,397.62,37376.28,27206.82
2026-03-22,INV-53934,Customer Epsilon,Gadget X,49,31.51,1543.99,992.36
2026-03-22,INV-16725,Customer Beta,Gadget Y,21,435.72,9150.12,5899.24
2026-03-22,INV-47851,Customer Gamma,Gadget X,40,367.78,14711.2,12360.96
2026-03-22,INV-43175,Customer Alpha,Widget B,17,480.61,8170.37,4909.44
2026-03-22,INV-10753,Customer Delta,Widget A,64,429.15,27465.6,20211.26
2026-03-22,INV-69472,Customer Delta,Gadget Y,31,116.27,3604.37,2756.87
2026-03-22,INV-81741,Customer Delta,Gadget X,11,304.6,3350.6,2015.87
2026-03-22,INV-16411,Customer Epsilon,Widget C,81,283.2,22939.2,18496.18
2026-03-23,INV-14250,Customer Alpha,Widget B,84,181.02,15205.68,9676.04
2026-03-23,INV-24272,Customer Epsilon,Gadget Y,39,172.24,6717.36,4177.7
2026-03-23,INV-87983,Customer Beta,Gadget X,21,339.32,7125.72,5364.05
2026-03-23,INV-57210,Customer Epsilon,Gadget Y,23,483.48,11120.04,8755.18
2026-03-23,INV-59668,Customer Alpha,Widget A,99,156.65,15508.35,10733.99
2026-03-23,INV-25993,Customer Delta,Widget A,71,41.81,2968.51,2130.51
2026-03-23,INV-37400,Customer Gamma,Widget C,68,212.74,14466.32,9438.71
2026-03-23,INV-79330,Customer Alpha,Gadget Y,14,289.97,4059.58,3429.69
2026-03-23,INV-47642,Customer Delta,Widget A,93,347.44,32311.92,26931.11
2026-03-23,INV-91689,Customer Epsilon,Gadget X,41,137.23,5626.43,4184.86
2026-03-24,INV-75239,Customer Epsilon,Widget B,73,253.23,18485.79,14461.36
2026-03-24,INV-35369,Customer Beta,Gadget X,79,124.03,9798.37,6590.6
2026-03-24,INV-37175,Customer Alpha,Widget A,4,237.79,951.16,760.15
2026-03-24,INV-93558,Customer Delta,Gadget Y,53,32.29,1711.37,1176.42
2026-03-24,INV-18891,Customer Alpha,Widget B,82,108.58,8903.56,5969.01
2026-03-24,INV-24920,Customer Gamma,Widget C,65,279.5,18167.5,14384.27
2026-03-24,INV-13816,Customer Gamma,Widget C,51,364.95,18612.45,14033.76
2026-03-24,INV-72797,Customer Beta,Widget B,43,418.57,17998.51,14949.02
2026-03-24,INV-70374,Customer Alpha,Gadget X,83,76.52,6351.16,4057.42
2026-03-24,INV-17342,Customer Gamma,Gadget Y,60,394.15,23649.0,16636.79
2026-03-24,INV-80239,Customer Gamma,Gadget Y,73,365.23,26661.79,18100.04
2026-03-24,INV-56346,Customer Beta,Widget A,74,345.89,25595.86,20473.71
2026-03-24,INV-59183,Customer Beta,Widget A,36,421.96,15190.56,10402.31
2026-03-24,INV-25315,Customer Beta,Gadget Y,74,306.79,22702.46,14684.97
2026-03-24,INV-75149,Customer Gamma,Widget C,91,25.5,2320.5,1632.4
2026-03-24,INV-78825,Customer Gamma,Widget B,58,416.43,24152.94,16319.11
2026-03-25,INV-22137,Customer Alpha,Widget B,48,394.62,18941.76,15048.24
2026-03-25,INV-30195,Customer Epsilon,Gadget X,4,401.52,1606.08,1327.01
2026-03-25,INV-52904,Customer Gamma,Widget B,62,368.9,22871.8,16717.16
2026-03-25,INV-14791,Customer Alpha,Widget B,67,341.59,22886.53,14491.28
2026-03-25,INV-50760,Customer Delta,Gadget X,92,433.76,39905.92,25099.19
2026-03-25,INV-23513,Customer Epsilon,Widget A,12,173.31,2079.72,1710.15
2026-03-25,INV-37504,Customer Gamma,Gadget Y,3,293.0,879.0,595.99
2026-03-25,INV-67817,Customer Beta,Widget C,25,150.42,3760.5,2756.71
2026-03-25,INV-91650,Customer Gamma,Widget A,20,87.17,1743.4,1095.93
2026-03-25,INV-51744,Customer Epsilon,Gadget Y,14,111.22,1557.08,1070.62
2026-03-25,INV-32449,Customer Beta,Widget C,91,403.96,36760.36,27332.09
2026-03-25,INV-16648,Customer Gamma,Widget A,79,447.2,35328.8,25971.77
2026-03-25,INV-60279,Customer Alpha,Widget B,61,452.61,27609.21,16913.79
2026-03-25,INV-87693,Customer Alpha,Widget A,55,202.04,11112.2,8624.95
2026-03-26,INV-97932,Customer Gamma,Gadget Y,40,172.84,6913.6,4490.64
2026-03-26,INV-22178,Customer Alpha,Gadget Y,97,384.57,37303.29,27677.08
2026-03-26,INV-71000,Customer Alpha,Gadget X,59,162.09,9563.31,7278.68
2026-03-26,INV-43823,Customer Beta,Gadget X,29,80.42,2332.18,1921.54
2026-03-26,INV-52567,Customer Delta,Widget C,24,352.81,8467.44,6488.56
2026-03-26,INV-72737,Customer Delta,Gadget X,4,42.03,168.12,105.62
2026-03-26,INV-26697,Customer Beta,Gadget X,37,386.29,14292.73,10735.41
2026-03-26,INV-52712,Customer Alpha,Gadget Y,52,410.6,21351.2,17063.65
2026-03-26,INV-64190,Customer Alpha,Gadget Y,39,271.05,10570.95,7401.82
2026-03-26,INV-60307,Customer Epsilon,Widget B,32,278.5,8912.0,7517.03
2026-03-26,INV-67062,Customer Gamma,Widget A,27,408.82,11038.14,8253.69
2026-03-26,INV-97766,Customer Gamma,Gadget Y,70,350.13,24509.1,15766.0
2026-03-26,INV-52647,Customer Epsilon,Widget A,63,66.02,4159.26,3115.36
2026-03-26,INV-19123,Customer Alpha,Gadget Y,57,96.33,5490.81,4606.63
2026-03-26,INV-59664,Customer Alpha,Gadget Y,88,408.89,35982.32,28528.07
2026-03-26,INV-28208,Customer Delta,Widget C,83,333.48,27678.84,17233.77
2026-03-26,INV-79632,Customer Alpha,Gadget Y,97,81.9,7944.3,5062.94
2026-03-26,INV-99327,Customer Delta,Widget C,79,293.19,23162.01,15030.21
2026-03-26,INV-66980,Customer Gamma,Widget C,73,399.23,29143.79,22437.5
2026-03-27,INV-26718,Customer Epsilon,Widget A,2,309.63,619.26,450.58
2026-03-27,INV-10110,Customer Alpha,Widget C,48,451.53,21673.44,18248.49
2026-03-27,INV-40833,Customer Gamma,Gadget Y,15,432.01,6480.15,5290.52
2026-03-27,INV-63219,Customer Epsilon,Gadget X,51,316.36,16134.36,12551.62
2026-03-27,INV-28228,Customer Delta,Gadget X,70,113.5,7945.0,5111.44
2026-03-27,INV-64687,Customer Epsilon,Widget B,50,423.23,21161.5,14602.96
2026-03-27,INV-94985,Customer Gamma,Widget B,86,71.52,6150.72,3708.27
2026-03-27,INV-27796,Customer Beta,Widget A,93,443.6,41254.8,31538.54
2026-03-27,INV-89223,Customer Beta,Widget A,83,404.91,33607.53,27391.42
2026-03-27,INV-68988,Customer Epsilon,Gadget X,24,232.65,5583.6,3942.2
2026-03-27,INV-85751,Customer Gamma,Gadget X,29,101.04,2930.16,2200.97
2026-03-27,INV-81587,Customer Beta,Gadget X,92,255.85,23538.2,16540.52
2026-03-27,INV-58310,Customer Gamma,Gadget Y,5,489.33,2446.65,1815.51
2026-03-27,INV-78997,Customer Epsilon,Widget A,62,481.25,29837.5,18499.72
2026-03-27,INV-21592,Customer Delta,Widget C,67,48.33,3238.11,2663.28
2026-03-27,INV-20234,Customer Delta,Widget B,81,373.43,30247.83,25411.29
2026-03-28,INV-69511,Customer Alpha,Gadget Y,44,272.17,11975.48,7217.57
2026-03-28,INV-48616,Customer Delta,Gadget Y,74,369.57,27348.18,19287.41
2026-03-28,INV-49855,Customer Beta,Widget C,5,350.58,1752.9,1313.64
2026-03-28,INV-85085,Customer Gamma,Gadget Y,8,318.36,2546.88,1896.24
2026-03-28,INV-20814,Customer Gamma,Widget A,95,315.92,30012.4,20159.45
2026-03-28,INV-27372,Customer Epsilon,Widget B,10,427.21,4272.1,2860.01
2026-03-28,INV-24621,Customer Gamma,Gadget Y,36,430.35,15492.6,9350.57
2026-03-28,INV-58466,Customer Beta,Gadget Y,76,372.09,28278.84,21627.34
2026-03-28,INV-79125,Customer Gamma,Widget B,90,125.74,11316.6,7301.5
2026-03-28,INV-30204,Customer Gamma,Widget A,11,484.0,5324.0,3987.07
2026-03-28,INV-93568,Customer Delta,Gadget X,99,197.75,19577.25,14979.86
2026-03-28,INV-94182,Customer Beta,Widget B,74,369.84,27368.16,18781.92
2026-03-28,INV-49500,Customer Alpha,Widget C,7,92.12,644.84,451.19
2026-03-28,INV-72205,Customer Epsilon,Gadget X,30,196.1,5883.0,4567.57
2026-03-29,INV-68827,Customer Epsilon,Widget B,56,15.81,885.36,736.45
2026-03-29,INV-79637,Customer Gamma,Gadget X,68,344.61,23433.48,14300.38
2026-03-29,INV-53904,Customer Delta,Widget C,79,459.84,36327.36,29591.86
2026-03-29,INV-70438,Customer Gamma,Widget C,13,135.12,1756.56,1310.47
2026-03-29,INV-33582,Customer Epsilon,Widget B,99,105.51,10445.49,7148.39
2026-03-29,INV-11567,Customer Epsilon,Widget C,2,339.67,679.34,548.85
2026-03-29,INV-38759,Customer Alpha,Gadget X,68,60.91,4141.88,2946.89
2026-03-29,INV-17455,Customer Gamma,Widget C,25,26.68,667.0,503.48
2026-03-29,INV-25725,Customer Beta,Gadget Y,77,322.66,24844.82,19304.89
2026-03-29,INV-94922,Customer Epsilon,Widget A,17,194.22,3301.74,2611.56
2026-03-29,INV-71204,Customer Beta,Gadget Y,15,350.87,5263.05,3491.16
2026-03-29,INV-97500,Customer Delta,Widget A,36,386.99,13931.64,10769.93
2026-03-29,INV-18177,Customer Gamma,Widget C,21,392.56,8243.76,5517.73
2026-03-30,INV-33321,Customer Gamma,Gadget X,8,136.54,1092.32,877.35
2026-03-30,INV-61463,Customer Alpha,Gadget X,63,489.92,30864.96,20067.39
2026-03-30,INV-38624,Customer Delta,Widget B,14,80.5,1127.0,892.78
2026-03-30,INV-19557,Customer Alpha,Gadget Y,57,360.55,20551.35,12861.48
2026-03-30,INV-75234,Customer Epsilon,Widget A,94,132.79,12482.26,8880.76
2026-03-30,INV-53231,Customer Alpha,Widget B,5,335.66,1678.3,1118.77
2026-03-30,INV-74314,Customer Epsilon,Gadget X,1,262.54,262.54,219.22
2026-03-30,INV-19188,Customer Delta,Gadget X,52,423.58,22026.16,17515.96
2026-03-30,INV-73185,Customer Beta,Gadget Y,1,198.37,198.37,153.2
2026-03-30,INV-99369,Customer Epsilon,Widget A,69,468.17,32303.73,22280.84
2026-03-30,INV-21883,Customer Delta,Widget C,8,319.81,2558.48,2148.37
2026-03-30,INV-48005,Customer Epsilon,Widget C,44,49.42,2174.48,1554.56
2026-03-30,INV-35035,Customer Beta,Widget B,71,29.27,2078.17,1446.49
2026-03-30,INV-21123,Customer Delta,Widget C,14,319.0,4466.0,3080.72
2026-03-30,INV-87718,Customer Beta,Gadget X,18,27.49,494.82,300.03
2026-03-30,INV-50334,Customer Delta,Widget B,50,40.87,2043.5,1502.25
2026-03-30,INV-54470,Customer Epsilon,Gadget X,58,483.62,28049.96,16945.11
2026-03-31,INV-97466,Customer Alpha,Widget C,52,67.91,3531.32,2831.33
2026-03-31,INV-85936,Customer Delta,Gadget Y,87,436.4,37966.8,27872.96
2026-03-31,INV-12498,Customer Alpha,Widget B,5,370.38,1851.9,1337.49
2026-03-31,INV-11882,Customer Epsilon,Gadget X,6,128.91,773.46,589.53
2026-03-31,INV-90114,Customer Alpha,Widget B,40,412.16,16486.4,10292.84
2026-03-31,INV-75161,Customer Epsilon,Widget B,9,410.72,3696.48,2316.15
2026-04-01,INV-98918,Customer Beta,Widget A,55,175.3,9641.5,7799.72
2026-04-01,INV-28000,Customer Gamma,Gadget X,16,488.17,7810.72,5811.11
2026-04-01,INV-18286,Customer Beta,Widget C,98,32.34,3169.32,2039.02
2026-04-01,INV-58487,Customer Gamma,Widget A,19,381.2,7242.8,4649.97
2026-04-01,INV-27481,Customer Beta,Gadget Y,57,129.39,7375.23,5498.21
2026-04-01,INV-73827,Customer Epsilon,Widget A,49,391.05,19161.45,11571.74
2026-04-01,INV-95426,Customer Alpha,Widget A,1,97.91,97.91,60.93
2026-04-01,INV-72391,Customer Gamma,Gadget Y,54,349.82,18890.28,15075.58
2026-04-01,INV-64005,Customer Beta,Widget B,19,323.51,6146.69,4491.83
2026-04-01,INV-75521,Customer Beta,Widget B,79,348.92,27564.68,20647.82
2026-04-01,INV-64891,Customer Alpha,Gadget Y,81,414.98,33613.38,22699.11
2026-04-01,INV-22541,Customer Epsilon,Widget A,31,104.03,3224.93,2730.39
2026-04-02,INV-37277,Customer Epsilon,Gadget Y,29,237.47,6886.63,5210.53
2026-04-02,INV-72182,Customer Alpha,Widget C,25,65.21,1630.25,1038.97
2026-04-02,INV-94523,Customer Beta,Gadget X,21,338.37,7105.77,4340.05
2026-04-02,INV-69394,Customer Gamma,Widget C,27,222.99,6020.73,4115.61
2026-04-02,INV-30715,Customer Alpha,Widget A,95,35.7,3391.5,2490.51
2026-04-02,INV-68303,Customer Delta,Widget A,66,66.87,4413.42,3635.64
2026-04-02,INV-52688,Customer Epsilon,Gadget Y,42,215.34,9044.28,7115.78
2026-04-02,INV-64079,Customer Alpha,Widget B,42,121.61,5107.62,3367.35
2026-04-02,INV-17122,Customer Delta,Widget B,29,46.03,1334.87,996.18
2026-04-02,INV-60768,Customer Beta,Gadget X,28,464.66,13010.48,9286.2
2026-04-02,INV-45349,Customer Beta,Widget C,59,362.71,21399.89,16221.23
2026-04-02,INV-46779,Customer Gamma,Widget B,17,25.73,437.41,324.63
2026-04-02,INV-55033,Customer Alpha,Widget B,60,234.7,14082.0,9051.91
2026-04-02,INV-90154,Customer Gamma,Widget B,78,86.83,6772.74,5408.99
2026-04-02,INV-78389,Customer Epsilon,Widget B,71,428.95,30455.45,18931.67
2026-04-02,INV-11901,Customer Beta,Gadget X,76,242.01,18392.76,13163.53
2026-04-03,INV-87564,Customer Beta,Widget B,42,222.78,9356.76,6134.31
2026-04-03,INV-71689,Customer Epsilon,Widget B,1,214.71,214.71,131.2
2026-04-03,INV-22844,Customer Alpha,Gadget Y,55,270.25,14863.75,10699.18
2026-04-03,INV-63296,Customer Delta,Gadget X,31,50.71,1572.01,1239.17
2026-04-03,INV-21892,Customer Beta,Widget B,46,154.94,7127.24,5430.32
2026-04-03,INV-84760,Customer Delta,Widget A,86,159.37,13705.82,10633.33
2026-04-03,INV-63131,Customer Alpha,Gadget Y,59,237.24,13997.16,8883.38
2026-04-03,INV-92222,Customer Gamma,Widget B,81,237.5,19237.5,14588.77
2026-04-03,INV-65823,Customer Delta,Widget A,89,173.12,15407.68,9370.62
2026-04-03,INV-99740,Customer Epsilon,Widget C,70,291.86,20430.2,13316.13
2026-04-03,INV-98428,Customer Epsilon,Widget A,43,370.52,15932.36,9777.74
2026-04-03,INV-15357,Customer Alpha,Widget C,15,197.65,2964.75,2123.76
2026-04-03,INV-83499,Customer Gamma,Widget C,23,327.6,7534.8,5848.65
2026-04-03,INV-72717,Customer Beta,Widget B,43,126.93,5457.99,3429.74
2026-04-03,INV-56230,Customer Beta,Gadget Y,97,375.06,36380.82,23878.89
2026-04-03,INV-58865,Customer Epsilon,Widget C,88,217.24,19117.12,11730.55
2026-04-03,INV-71625,Customer Delta,Widget C,63,255.71,16109.73,13006.83
2026-04-03,INV-98251,Customer Epsilon,Gadget Y,38,231.47,8795.86,6087.06
2026-04-04,INV-47797,Customer Delta,Widget B,12,49.28,591.36,487.57
2026-04-04,INV-75054,Customer Alpha,Widget A,22,145.21,3194.62,2473.5
2026-04-04,INV-64596,Customer Beta,Widget B,67,476.53,31927.51,19337.62
2026-04-04,INV-94500,Customer Beta,Gadget Y,61,179.88,10972.68,7801.19
2026-04-04,INV-40451,Customer Gamma,Widget A,25,40.85,1021.25,835.33
2026-04-04,INV-52769,Customer Gamma,Gadget Y,53,293.57,15559.21,11886.3
2026-04-04,INV-68360,Customer Epsilon,Gadget X,86,351.46,30225.56,24497.12
2026-04-05,INV-44079,Customer Epsilon,Widget C,17,450.16,7652.72,5178.01
2026-04-05,INV-16202,Customer Delta,Widget B,48,485.65,23311.2,18472.67
2026-04-05,INV-31075,Customer Gamma,Widget B,37,233.4,8635.8,5540.65
2026-04-05,INV-97340,Customer Gamma,Gadget Y,24,486.87,11684.88,9462.8
2026-04-05,INV-85304,Customer Beta,Widget B,31,67.29,2085.99,1769.84
2026-04-05,INV-14546,Customer Delta,Widget B,34,191.14,6498.76,4232.57
2026-04-05,INV-31311,Customer Gamma,Widget C,19,192.73,3661.87,2691.35
2026-04-05,INV-75459,Customer Gamma,Gadget Y,16,461.01,7376.16,5171.73
2026-04-05,INV-81584,Customer Delta,Widget B,41,86.47,3545.27,2987.02
2026-04-05,INV-47988,Customer Gamma,Gadget Y,83,355.67,29520.61,21209.9
2026-04-05,INV-54392,Customer Beta,Gadget Y,73,366.99,26790.27,22251.28
2026-04-05,INV-50380,Customer Delta,Widget A,6,78.32,469.92,346.68
2026-04-05,INV-22121,Customer Delta,Widget A,80,422.03,33762.4,24021.72
2026-04-05,INV-39116,Customer Alpha,Widget C,78,324.24,25290.72,18863.28
2026-04-05,INV-98744,Customer Beta,Widget C,3,50.96,152.88,124.19
2026-04-05,INV-89308,Customer Epsilon,Widget A,51,105.28,5369.28,3648.1
2026-04-05,INV-66051,Customer Alpha,Gadget Y,86,186.92,16075.12,10239.63
2026-04-05,INV-50381,Customer Delta,Widget C,48,15.97,766.56,526.04
2026-04-05,INV-64474,Customer Epsilon,Gadget X,12,115.69,1388.28,1141.1
2026-04-06,INV-64289,Customer Beta,Widget C,94,485.48,45635.12,32216.48
2026-04-06,INV-72208,Customer Epsilon,Widget B,77,52.18,4017.86,2619.43
2026-04-06,INV-59253,Customer Gamma,Gadget Y,9,467.24,4205.16,3144.07
2026-04-06,INV-32923,Customer Alpha,Widget A,53,323.01,17119.53,11441.53
2026-04-06,INV-36117,Customer Delta,Gadget Y,91,288.28,26233.48,21740.16
2026-04-06,INV-49582,Customer Delta,Widget B,38,281.39,10692.82,6528.59
2026-04-06,INV-13517,Customer Gamma,Gadget Y,64,284.05,18179.2,13013.82
2026-04-06,INV-93435,Customer Beta,Widget A,34,157.08,5340.72,4059.69
2026-04-06,INV-33510,Customer Alpha,Gadget X,84,336.3,28249.2,18981.27
2026-04-06,INV-18745,Customer Beta,Gadget X,4,68.48,273.92,183.34
2026-04-06,INV-43804,Customer Gamma,Gadget Y,75,245.44,18408.0,13051.59
2026-04-06,INV-44018,Customer Alpha,Gadget X,48,261.14,12534.72,9323.52
2026-04-06,INV-27759,Customer Epsilon,Widget B,8,81.61,652.88,466.98
2026-04-06,INV-56659,Customer Beta,Widget C,7,143.61,1005.27,708.59
2026-04-06,INV-77353,Customer Gamma,Widget A,38,269.51,10241.38,8542.12
2026-04-06,INV-81265,Customer Beta,Widget B,98,56.31,5518.38,4349.35
2026-04-06,INV-57516,Customer Gamma,Widget C,88,401.94,35370.72,23622.86
2026-04-06,INV-27950,Customer Epsilon,Widget A,75,182.3,13672.5,8694.74
2026-04-06,INV-31368,Customer Gamma,Gadget Y,48,391.62,18797.76,13214.8
2026-04-07,INV-83224,Customer Beta,Widget B,65,118.35,7692.75,4978.01
2026-04-07,INV-24937,Customer Epsilon,Gadget Y,69,359.15,24781.35,19219.58
2026-04-07,INV-12277,Customer Delta,Gadget X,10,67.12,671.2,424.74
2026-04-07,INV-67925,Customer Gamma,Gadget X,40,348.61,13944.4,8851.26
2026-04-07,INV-49935,Customer Epsilon,Gadget Y,98,485.35,47564.3,30586.31
2026-04-07,INV-39697,Customer Alpha,Widget A,29,73.07,2119.03,1639.2
2026-04-07,INV-24643,Customer Beta,Widget C,27,73.81,1992.87,1234.88
2026-04-07,INV-35736,Customer Alpha,Widget A,100,247.28,24728.0,17502.77
2026-04-08,INV-43162,Customer Epsilon,Widget A,76,39.04,2967.04,1868.44
2026-04-08,INV-26225,Customer Alpha,Widget A,39,337.12,13147.68,10368.75
2026-04-08,INV-56076,Customer Beta,Gadget Y,76,451.58,34320.08,22177.48
2026-04-08,INV-85989,Customer Alpha,Widget A,19,424.47,8064.93,6737.94
2026-04-08,INV-90341,Customer Gamma,Widget C,21,429.02,9009.42,7164.3
2026-04-08,INV-11832,Customer Epsilon,Widget B,73,43.49,3174.77,2555.36
2026-04-08,INV-80402,Customer Beta,Gadget Y,92,103.86,9555.12,6406.37
2026-04-08,INV-72221,Customer Alpha,Widget A,28,461.03,12908.84,10492.62
2026-04-09,INV-56507,Customer Beta,Gadget Y,57,340.03,19381.71,12149.06
2026-04-09,INV-51193,Customer Delta,Gadget X,28,261.98,7335.44,5148.7
2026-04-09,INV-57349,Customer Delta,Widget A,15,264.67,3970.05,2874.13
2026-04-09,INV-25167,Customer Epsilon,Widget C,93,29.9,2780.7,1896.52
2026-04-09,INV-68190,Customer Gamma,Gadget X,59,304.19,17947.21,12168.24
2026-04-09,INV-34744,Customer Epsilon,Widget B,53,152.39,8076.67,6573.13
2026-04-09,INV-98363,Customer Delta,Widget A,87,190.05,16534.35,9973.46
2026-04-09,INV-21141,Customer Alpha,Gadget X,51,224.65,11457.15,8760.56
2026-04-09,INV-23332,Customer Beta,Widget A,51,206.31,10521.81,7866.52
2026-04-09,INV-87982,Customer Alpha,Widget B,47,487.85,22928.95,15698.49
2026-04-09,INV-46505,Customer Alpha,Gadget X,30,420.67,12620.1,9860.09
2026-04-09,INV-62459,Customer Epsilon,Gadget Y,35,380.59,13320.65,10659.8
2026-04-09,INV-73508,Customer Delta,Widget C,86,305.55,26277.3,18423.3
2026-04-09,INV-42858,Customer Gamma,Gadget Y,19,386.32,7340.08,4602.3
2026-04-09,INV-23055,Customer Delta,Gadget X,30,317.9,9537.0,6043.14
2026-04-09,INV-60152,Customer Alpha,Widget A,64,342.27,21905.28,18466.55
2026-04-10,INV-96649,Customer Gamma,Widget B,80,315.38,25230.4,19933.1
2026-04-10,INV-74258,Customer Delta,Gadget Y,60,108.95,6537.0,5004.23
2026-04-10,INV-81646,Customer Gamma,Gadget Y,70,178.37,12485.9,10174.99
2026-04-10,INV-68997,Customer Alpha,Widget A,56,441.26,24710.56,15562.3
2026-04-10,INV-82963,Customer Delta,Widget C,57,235.23,13408.11,8155.01
2026-04-10,INV-60997,Customer Beta,Widget C,63,221.03,13924.89,9442.68
2026-04-10,INV-99833,Customer Alpha,Gadget X,73,340.76,24875.48,19030.23
2026-04-10,INV-76412,Customer Epsilon,Gadget Y,61,243.2,14835.2,12069.74
2026-04-10,INV-90863,Customer Delta,Widget A,34,252.4,8581.6,7231.87
2026-04-10,INV-26803,Customer Gamma,Widget C,42,40.1,1684.2,1259.13
2026-04-10,INV-91940,Customer Gamma,Widget C,95,296.14,28133.3,22261.84
2026-04-10,INV-63992,Customer Delta,Widget C,13,219.79,2857.27,2422.93
2026-04-10,INV-50907,Customer Alpha,Widget C,85,129.67,11021.95,7259.67
2026-04-10,INV-54249,Customer Alpha,Gadget Y,89,42.1,3746.9,2533.76
2026-04-10,INV-65374,Customer Alpha,Widget B,69,169.8,11716.2,8379.75
2026-04-11,INV-51486,Customer Alpha,Widget C,90,240.15,21613.5,13088.25
2026-04-11,INV-74010,Customer Epsilon,Gadget X,50,167.99,8399.5,5244.91
2026-04-11,INV-97475,Customer Beta,Widget A,44,253.4,11149.6,8951.62
2026-04-11,INV-36444,Customer Beta,Widget C,79,156.77,12384.83,10432.45
2026-04-11,INV-48970,Customer Alpha,Gadget X,69,114.9,7928.1,5282.4
2026-04-11,INV-85784,Customer Delta,Gadget Y,29,316.04,9165.16,7694.02
2026-04-11,INV-79607,Customer Epsilon,Widget A,44,143.95,6333.8,4697.19
2026-04-11,INV-49563,Customer Delta,Gadget X,27,180.19,4865.13,3012.32
2026-04-11,INV-64304,Customer Gamma,Gadget Y,56,335.09,18765.04,12729.04
2026-04-11,INV-81770,Customer Gamma,Gadget X,80,262.53,21002.4,16127.53
2026-04-11,INV-85608,Customer Alpha,Widget B,81,354.63,28725.03,23430.36
2026-04-11,INV-71249,Customer Beta,Gadget X,85,481.44,40922.4,32146.67
2026-04-11,INV-84202,Customer Epsilon,Widget C,79,427.86,33800.94,27943.54
2026-04-11,INV-29722,Customer Epsilon,Widget A,26,188.49,4900.74,3121.46
2026-04-11,INV-18444,Customer Delta,Widget C,53,166.14,8805.42,7110.85
2026-04-11,INV-43612,Customer Delta,Widget B,35,413.62,14476.7,11024.16
2026-04-11,INV-13631,Customer Beta,Gadget Y,52,126.86,6596.72,4205.35
2026-04-11,INV-65314,Customer Gamma,Widget B,60,247.84,14870.4,12607.47
2026-04-12,INV-46408,Customer Beta,Widget B,35,76.85,2689.75,1787.61
2026-04-12,INV-73680,Customer Beta,Gadget Y,83,427.74,35502.42,29855.64
2026-04-12,INV-18333,Customer Alpha,Widget A,11,163.81,1801.91,1215.38
2026-04-12,INV-28423,Customer Gamma,Gadget X,86,332.14,28564.04,17783.3
2026-04-12,INV-78414,Customer Alpha,Widget B,74,369.9,27372.6,22807.78
2026-04-12,INV-88619,Customer Epsilon,Gadget Y,33,253.26,8357.58,5203.11
2026-04-13,INV-40924,Customer Gamma,Widget C,75,371.25,27843.75,22315.66
2026-04-13,INV-45985,Customer Beta,Gadget X,19,62.34,1184.46,774.08
2026-04-13,INV-79922,Customer Delta,Gadget X,33,432.82,14283.06,8769.53
2026-04-13,INV-42289,Customer Alpha,Widget C,41,277.42,11374.22,8174.81
2026-04-13,INV-50392,Customer Beta,Widget C,47,242.86,11414.42,7898.03
2026-04-13,INV-17166,Customer Epsilon,Widget A,5,422.32,2111.6,1616.55
2026-04-13,INV-57560,Customer Gamma,Widget B,71,198.5,14093.5,10707.36
2026-04-13,INV-61508,Customer Epsilon,Widget A,31,430.25,13337.75,9297.98
2026-04-14,INV-31001,Customer Alpha,Widget C,97,125.38,12161.86,7936.79
2026-04-14,INV-45918,Customer Gamma,Gadget X,99,325.77,32251.23,25714.85
2026-04-14,INV-53610,Customer Delta,Widget A,61,371.1,22637.1,18825.56
2026-04-14,INV-56118,Customer Alpha,Gadget X,21,352.26,7397.46,5374.87
2026-04-14,INV-69409,Customer Epsilon,Gadget X,94,408.58,38406.52,30127.86
2026-04-14,INV-94030,Customer Alpha,Widget A,83,324.38,26923.54,20395.63
2026-04-14,INV-85472,Customer Alpha,Widget B,52,108.04,5618.08,3800.0
2026-04-14,INV-95089,Customer Alpha,Widget A,21,132.31,2778.51,2162.77
2026-04-14,INV-69177,Customer Epsilon,Widget B,88,211.05,18572.4,15505.25
2026-04-14,INV-52936,Customer Beta,Gadget X,34,95.0,3230.0,2416.86
2026-04-14,INV-59456,Customer Beta,Widget C,11,213.1,2344.1,1513.05
2026-04-14,INV-94817,Customer Beta,Gadget Y,3,474.57,1423.71,1182.79
2026-04-14,INV-32119,Customer Beta,Gadget Y,12,487.32,5847.84,3798.56
2026-04-15,INV-58224,Customer Epsilon,Gadget X,55,304.19,16730.45,10662.53
2026-04-15,INV-69468,Customer Epsilon,Widget B,16,16.92,270.72,198.02
2026-04-15,INV-44891,Customer Alpha,Gadget X,29,359.65,10429.85,6754.75
2026-04-15,INV-88654,Customer Delta,Widget C,49,73.8,3616.2,2943.89
2026-04-15,INV-63546,Customer Gamma,Widget B,94,341.82,32131.08,22639.0
2026-04-15,INV-69110,Customer Alpha,Widget B,38,488.3,18555.4,12225.62
2026-04-16,INV-71457,Customer Epsilon,Widget C,88,327.15,28789.2,17890.61
2026-04-16,INV-60265,Customer Gamma,Widget B,89,204.8,18227.2,11903.35
2026-04-16,INV-16830,Customer Epsilon,Gadget X,33,45.8,1511.4,1117.3
2026-04-16,INV-97921,Customer Beta,Widget C,61,455.03,27756.83,23570.68
2026-04-16,INV-49650,Customer Alpha,Gadget Y,1,134.29,134.29,101.38
2026-04-16,INV-86085,Customer Gamma,Gadget X,17,484.35,8233.95,6092.22
2026-04-16,INV-71352,Customer Gamma,Widget B,22,256.84,5650.48,4704.49
2026-04-16,INV-44131,Customer Alpha,Widget B,41,358.03,14679.23,10396.31
2026-04-16,INV-46831,Customer Gamma,Widget A,6,489.47,2936.82,2128.61
2026-04-16,INV-44571,Customer Delta,Widget C,37,452.37,16737.69,11144.02
2026-04-16,INV-74392,Customer Gamma,Gadget Y,56,447.41,25054.96,17009.45
2026-04-16,INV-34762,Customer Epsilon,Widget B,85,321.96,27366.6,19430.21
2026-04-17,INV-71228,Customer Beta,Widget A,24,27.57,661.68,440.05
2026-04-17,INV-83512,Customer Alpha,Gadget X,64,29.99,1919.36,1322.69
2026-04-17,INV-29405,Customer Delta,Gadget X,64,65.12,4167.68,3250.54
2026-04-17,INV-32058,Customer Gamma,Widget A,12,109.83,1317.96,884.39
2026-04-17,INV-86486,Customer Gamma,Gadget Y,73,446.54,32597.42,24331.35
2026-04-17,INV-20070,Customer Epsilon,Widget A,99,289.69,28679.31,20193.24
2026-04-17,INV-47261,Customer Delta,Widget B,87,56.21,4890.27,3335.97
2026-04-17,INV-52406,Customer Delta,Widget A,48,299.27,14364.96,12035.03
2026-04-17,INV-72895,Customer Alpha,Widget B,11,235.51,2590.61,2012.71
2026-04-18,INV-96005,Customer Epsilon,Widget C,85,12.84,1091.4,919.44
2026-04-18,INV-84600,Customer Delta,Gadget Y,42,474.24,19918.08,16929.48
2026-04-18,INV-17279,Customer Beta,Widget B,7,402.76,2819.32,1891.03
2026-04-18,INV-33332,Customer Epsilon,Widget A,78,196.88,15356.64,10745.27
2026-04-18,INV-60921,Customer Delta,Widget B,12,20.05,240.6,156.88
2026-04-18,INV-25807,Customer Gamma,Gadget X,83,378.75,31436.25,24002.08
2026-04-18,INV-99779,Customer Delta,Widget C,56,370.59,20753.04,17233.84
2026-04-18,INV-77194,Customer Beta,Gadget Y,46,336.1,15460.6,12492.37
2026-04-18,INV-83801,Customer Delta,Widget B,58,443.85,25743.3,18512.26
2026-04-18,INV-90460,Customer Delta,Gadget Y,12,380.68,4568.16,3667.08
2026-04-18,INV-54793,Customer Delta,Widget B,81,218.75,17718.75,10810.38
2026-04-18,INV-74922,Customer Beta,Gadget X,83,346.26,28739.58,18357.91
2026-04-18,INV-72601,Customer Epsilon,Gadget Y,11,152.44,1676.84,1189.45
2026-04-18,INV-42591,Customer Beta,Widget C,17,345.31,5870.27,3963.03
2026-04-18,INV-15910,Customer Delta,Gadget Y,38,288.58,10966.04,8090.18
2026-04-18,INV-96619,Customer Alpha,Gadget Y,66,218.21,14401.86,8981.3
2026-04-18,INV-75987,Customer Gamma,Gadget Y,46,134.88,6204.48,3849.52
2026-04-18,INV-33882,Customer Alpha,Widget A,95,334.17,31746.15,20472.71
2026-04-18,INV-51149,Customer Alpha,Gadget X,11,213.96,2353.56,1826.59
2026-04-19,INV-34535,Customer Epsilon,Gadget X,34,177.25,6026.5,4999.15
2026-04-19,INV-98265,Customer Beta,Widget B,11,376.04,4136.44,3106.52
2026-04-19,INV-11743,Customer Delta,Widget A,69,18.78,1295.82,905.43
2026-04-19,INV-88890,Customer Delta,Widget B,59,348.99,20590.41,16826.38
2026-04-19,INV-98316,Customer Gamma,Gadget X,80,408.43,32674.4,24642.58
2026-04-19,INV-24668,Customer Gamma,Gadget X,12,71.29,855.48,516.26
2026-04-19,INV-95162,Customer Beta,Widget A,4,112.52,450.08,343.03
2026-04-19,INV-21284,Customer Delta,Widget B,81,430.51,34871.31,25618.06
2026-04-19,INV-31771,Customer Delta,Widget C,19,242.25,4602.75,2786.75
2026-04-19,INV-86706,Customer Delta,Widget B,63,241.03,15184.89,12374.91
2026-04-19,INV-16674,Customer Beta,Widget B,38,289.02,10982.76,8879.12
2026-04-19,INV-64484,Customer Alpha,Widget C,14,318.9,4464.6,3474.68
2026-04-19,INV-14851,Customer Epsilon,Gadget X,77,368.23,28353.71,24093.75
2026-04-19,INV-98954,Customer Delta,Gadget X,63,261.54,16477.02,12871.08
2026-04-19,INV-85550,Customer Beta,Gadget X,92,39.75,3657.0,2211.59
2026-04-19,INV-72041,Customer Epsilon,Widget C,9,141.25,1271.25,968.79
2026-04-19,INV-67177,Customer Delta,Widget A,80,470.09,37607.2,25824.53
2026-04-19,INV-67424,Customer Beta,Widget A,37,365.84,13536.08,9709.57
2026-04-19,INV-88918,Customer Epsilon,Widget B,29,297.95,8640.55,6663.97
2026-04-20,INV-98225,Customer Gamma,Widget B,93,358.58,33347.94,28010.63
2026-04-20,INV-21297,Customer Delta,Widget C,21,314.7,6608.7,4431.89
2026-04-20,INV-23225,Customer Beta,Gadget X,23,107.75,2478.25,1862.25
2026-04-20,INV-12376,Customer Delta,Gadget X,39,125.01,4875.39,3603.93
2026-04-20,INV-75991,Customer Gamma,Widget C,46,341.69,15717.74,10117.17
2026-04-20,INV-25818,Customer Alpha,Widget A,44,221.0,9724.0,7335.7
2026-04-20,INV-56562,Customer Beta,Gadget Y,63,136.33,8588.79,5884.02
2026-04-20,INV-77552,Customer Epsilon,Widget A,35,449.2,15722.0,12787.52
2026-04-20,INV-69917,Customer Alpha,Gadget Y,91,34.71,3158.61,2642.39
2026-04-20,INV-23352,Customer Alpha,Widget A,79,308.73,24389.67,19867.75
2026-04-20,INV-36920,Customer Alpha,Gadget Y,65,61.65,4007.25,3035.42
2026-04-20,INV-76308,Customer Beta,Widget C,94,153.14,14395.16,10226.03
2026-04-20,INV-28058,Customer Alpha,Gadget X,20,327.08,6541.6,4472.18
2026-04-20,INV-10863,Customer Beta,Widget A,57,485.12,27651.84,21908.69
2026-04-20,INV-44867,Customer Delta,Widget B,44,150.51,6622.44,4257.01
2026-04-20,INV-79422,Customer Delta,Widget C,47,318.43,14966.21,9898.09
2026-04-20,INV-63648,Customer Beta,Gadget X,18,402.87,7251.66,5100.47
2026-04-20,INV-29082,Customer Epsilon,Gadget X,88,187.27,16479.76,10010.48
2026-04-20,INV-31538,Customer Epsilon,Widget A,9,51.54,463.86,314.82
2026-04-21,INV-29785,Customer Delta,Widget A,98,28.18,2761.64,2293.9
2026-04-21,INV-78128,Customer Alpha,Gadget Y,81,490.22,39707.82,31757.03
2026-04-21,INV-49888,Customer Delta,Widget C,52,444.03,23089.56,17898.97
2026-04-21,INV-90006,Customer Gamma,Widget C,2,415.23,830.46,685.17
2026-04-21,INV-91836,Customer Delta,Widget B,58,325.5,18879.0,15516.55
2026-04-21,INV-95033,Customer Delta,Gadget Y,90,179.17,16125.3,12947.93
2026-04-21,INV-61117,Customer Beta,Gadget X,39,51.3,2000.7,1469.23
2026-04-21,INV-82323,Customer Epsilon,Widget B,70,149.12,10438.4,6505.26
2026-04-21,INV-13655,Customer Epsilon,Widget C,44,380.95,16761.8,10727.67
2026-04-21,INV-65410,Customer Epsilon,Gadget Y,34,128.26,4360.84,3460.5
2026-04-21,INV-92180,Customer Alpha,Gadget Y,94,39.37,3700.78,2565.55
2026-04-21,INV-26351,Customer Gamma,Gadget Y,16,33.39,534.24,407.49
2026-04-21,INV-40945,Customer Gamma,Gadget X,74,371.06,27458.44,19585.74
2026-04-21,INV-79899,Customer Epsilon,Gadget Y,92,448.23,41237.16,31213.89
2026-04-21,INV-85073,Customer Beta,Gadget Y,45,156.61,7047.45,5403.5
2026-04-21,INV-77692,Customer Delta,Widget B,67,371.38,24882.46,15584.05
2026-04-21,INV-65796,Customer Beta,Gadget Y,100,187.02,18702.0,11679.34
2026-04-21,INV-72423,Customer Alpha,Gadget X,12,40.47,485.64,399.26
2026-04-22,INV-83265,Customer Alpha,Gadget X,48,341.64,16398.72,11490.39
2026-04-22,INV-67682,Customer Delta,Gadget Y,34,296.31,10074.54,7647.74
2026-04-22,INV-69993,Customer Delta,Gadget X,21,80.73,1695.33,1071.08
2026-04-22,INV-72043,Customer Epsilon,Widget B,68,67.85,4613.8,3013.55
2026-04-22,INV-88852,Customer Beta,Widget A,72,190.97,13749.84,11521.75
2026-04-22,INV-78521,Customer Alpha,Gadget X,16,191.1,3057.6,2055.92
2026-04-22,INV-48532,Customer Alpha,Widget B,48,159.41,7651.68,5307.32
2026-04-22,INV-16376,Customer Alpha,Gadget X,19,79.65,1513.35,1131.09
2026-04-22,INV-10273,Customer Gamma,Widget C,28,99.71,2791.88,2191.39
2026-04-22,INV-73068,Customer Epsilon,Widget A,45,43.11,1939.95,1185.64
2026-04-22,INV-59454,Customer Gamma,Gadget Y,73,231.66,16911.18,11574.96
2026-04-23,INV-68973,Customer Beta,Gadget Y,98,77.88,7632.24,5793.75
2026-04-23,INV-97097,Customer Beta,Gadget X,94,169.36,15919.84,12735.12
2026-04-23,INV-80909,Customer Delta,Gadget Y,50,124.08,6204.0,4335.66
2026-04-23,INV-31707,Customer Delta,Widget A,95,145.91,13861.45,8623.66
2026-04-23,INV-83537,Customer Epsilon,Widget A,81,400.12,32409.72,25177.48
2026-04-23,INV-85609,Customer Epsilon,Widget A,11,104.29,1147.19,865.76
2026-04-23,INV-12446,Customer Epsilon,Widget A,67,102.8,6887.6,4951.9
2026-04-23,INV-36975,Customer Epsilon,Widget A,24,481.56,11557.44,7728.93
2026-04-23,INV-51999,Customer Epsilon,Widget B,57,51.48,2934.36,2152.02
2026-04-23,INV-54558,Customer Epsilon,Gadget X,6,250.82,1504.92,1254.29
2026-04-23,INV-60070,Customer Beta,Gadget X,54,21.79,1176.66,861.29
2026-04-23,INV-47401,Customer Alpha,Widget C,15,490.1,7351.5,5406.62
2026-04-23,INV-63382,Customer Beta,Widget B,33,386.47,12753.51,8143.84
2026-04-23,INV-17667,Customer Alpha,Widget B,79,480.95,37995.05,24520.65
2026-04-23,INV-52495,Customer Delta,Widget C,13,166.82,2168.66,1525.01
2026-04-23,INV-88250,Customer Delta,Widget C,16,35.42,566.72,373.98
2026-04-23,INV-25083,Customer Beta,Gadget Y,64,259.22,16590.08,12046.15
2026-04-23,INV-73461,Customer Alpha,Widget C,41,237.76,9748.16,6840.96
2026-04-23,INV-45279,Customer Delta,Widget A,82,124.53,10211.46,8389.11
2026-04-23,INV-95400,Customer Epsilon,Gadget Y,87,59.74,5197.38,4109.8
2026-04-24,INV-75592,Customer Epsilon,Widget C,53,228.53,12112.09,9829.8
2026-04-24,INV-42133,Customer Beta,Widget B,48,274.82,13191.36,8469.47
2026-04-24,INV-70902,Customer Delta,Gadget Y,72,231.35,16657.2,9998.49
2026-04-24,INV-73201,Customer Gamma,Gadget Y,84,486.32,40850.88,24516.07
2026-04-24,INV-56061,Customer Epsilon,Widget C,33,421.35,13904.55,9664.2
2026-04-24,INV-80004,Customer Epsilon,Widget B,66,147.84,9757.44,6248.22
2026-04-24,INV-28304,Customer Alpha,Gadget Y,39,53.96,2104.44,1630.11
2026-04-24,INV-51720,Customer Gamma,Gadget Y,56,113.32,6345.92,4608.44
2026-04-24,INV-96805,Customer Gamma,Widget C,97,356.8,34609.6,23127.98
2026-04-25,INV-27527,Customer Beta,Widget C,59,479.91,28314.69,19313.86
2026-04-25,INV-32745,Customer Epsilon,Widget A,61,12.1,738.1,444.63
2026-04-25,INV-80533,Customer Epsilon,Gadget X,90,354.62,31915.8,25233.15
2026-04-25,INV-98029,Customer Alpha,Widget A,69,25.16,1736.04,1402.76
2026-04-25,INV-88815,Customer Alpha,Gadget X,46,486.3,22369.8,15526.75
2026-04-25,INV-11105,Customer Delta,Widget C,23,421.18,9687.14,7778.46
2026-04-25,INV-39035,Customer Delta,Widget A,48,468.76,22500.48,16001.09
2026-04-25,INV-21792,Customer Gamma,Widget A,88,461.49,40611.12,27999.55
2026-04-25,INV-57579,Customer Gamma,Gadget Y,92,118.36,10889.12,9201.63
2026-04-25,INV-37405,Customer Gamma,Widget A,64,453.21,29005.44,22529.74
2026-04-25,INV-84593,Customer Beta,Widget A,82,204.08,16734.56,13680.15
2026-04-25,INV-84148,Customer Delta,Gadget Y,22,280.37,6168.14,4718.38
2026-04-25,INV-18526,Customer Epsilon,Gadget Y,23,42.03,966.69,611.01
2026-04-25,INV-45956,Customer Gamma,Widget B,73,429.18,31330.14,25698.57
2026-04-25,INV-99218,Customer Alpha,Widget B,89,342.09,30446.01,22944.54
2026-04-26,INV-52336,Customer Delta,Widget A,83,339.82,28205.06,21506.57
2026-04-26,INV-74955,Customer Delta,Gadget X,36,69.64,2507.04,1829.07
2026-04-26,INV-16155,Customer Epsilon,Widget C,98,31.3,3067.4,2393.51
2026-04-26,INV-35507,Customer Delta,Widget C,69,229.94,15865.86,9539.98
2026-04-26,INV-39573,Customer Alpha,Widget C,74,405.76,30026.24,25449.22
2026-04-26,INV-18237,Customer Alpha,Gadget X,32,106.47,3407.04,2324.64
2026-04-26,INV-92090,Customer Alpha,Widget A,62,221.65,13742.3,8327.91
2026-04-26,INV-54669,Customer Gamma,Widget C,32,62.84,2010.88,1326.36
2026-04-26,INV-88638,Customer Gamma,Widget A,67,399.11,26740.37,22351.92
2026-04-26,INV-26361,Customer Delta,Gadget Y,98,56.88,5574.24,3966.71
2026-04-26,INV-18523,Customer Alpha,Widget A,5,194.92,974.6,801.63
2026-04-26,INV-66602,Customer Alpha,Widget B,57,36.85,2100.45,1580.98
2026-04-26,INV-59998,Customer Alpha,Widget A,87,37.34,3248.58,1991.54
2026-04-26,INV-88587,Customer Alpha,Gadget X,80,378.46,30276.8,19930.55
2026-04-26,INV-91292,Customer Alpha,Gadget Y,59,198.12,11689.08,9337.13
2026-04-26,INV-13404,Customer Alpha,Gadget Y,44,328.95,14473.8,11129.54
2026-04-26,INV-11610,Customer Epsilon,Gadget X,43,298.03,12815.29,8035.21
2026-04-26,INV-85132,Customer Alpha,Gadget Y,76,396.81,30157.56,19554.27
2026-04-26,INV-91376,Customer Epsilon,Widget B,33,184.14,6076.62,4377.29
2026-04-27,INV-50850,Customer Beta,Widget B,18,400.54,7209.72,4434.86
2026-04-27,INV-50788,Customer Delta,Gadget Y,66,480.27,31697.82,24996.69
2026-04-27,INV-89079,Customer Epsilon,Gadget Y,100,81.36,8136.0,5836.61
2026-04-27,INV-96203,Customer Gamma,Widget C,48,485.43,23300.64,16995.96
2026-04-27,INV-17157,Customer Alpha,Widget B,31,258.48,8012.88,6480.77
2026-04-27,INV-36379,Customer Gamma,Gadget X,26,488.49,12700.74,9654.32
2026-04-27,INV-71263,Customer Gamma,Widget A,25,337.25,8431.25,6523.22
2026-04-27,INV-49273,Customer Gamma,Gadget Y,75,287.39,21554.25,14741.28
2026-04-27,INV-15530,Customer Gamma,Gadget X,21,61.38,1288.98,1055.71
2026-04-27,INV-71149,Customer Beta,Gadget X,1,323.0,323.0,249.78
2026-04-27,INV-53452,Customer Beta,Gadget Y,31,245.57,7612.67,6029.9
2026-04-27,INV-57555,Customer Beta,Gadget X,52,100.28,5214.56,4419.18
2026-04-27,INV-48086,Customer Alpha,Widget A,46,24.71,1136.66,714.73
2026-04-27,INV-15754,Customer Beta,Gadget X,81,296.99,24056.19,19037.66
2026-04-27,INV-44340,Customer Beta,Widget A,26,149.21,3879.46,2540.02
2026-04-27,INV-33078,Customer Gamma,Widget B,71,130.52,9266.92,6014.2
2026-04-27,INV-95835,Customer Alpha,Widget C,3,417.41,1252.23,794.3
2026-04-27,INV-58804,Customer Gamma,Widget A,27,159.49,4306.23,2842.27
2026-04-27,INV-18569,Customer Epsilon,Widget B,80,442.02,35361.6,28982.26
2026-04-28,INV-59054,Customer Beta,Widget B,25,103.92,2598.0,1804.44
2026-04-28,INV-16054,Customer Epsilon,Widget C,55,488.72,26879.6,17771.11
2026-04-28,INV-29472,Customer Epsilon,Gadget Y,25,428.67,10716.75,7218.22
2026-04-28,INV-26575,Customer Beta,Widget C,7,318.43,2229.01,1493.48
2026-04-28,INV-71691,Customer Epsilon,Gadget Y,63,112.53,7089.39,4397.92
2026-04-28,INV-94550,Customer Alpha,Gadget Y,22,259.22,5702.84,4492.85
2026-04-28,INV-59005,Customer Gamma,Gadget Y,64,264.26,16912.64,10904.42
2026-04-28,INV-86177,Customer Delta,Gadget Y,92,478.32,44005.44,31615.25
2026-04-29,INV-40721,Customer Alpha,Gadget Y,27,117.57,3174.39,2065.73
2026-04-29,INV-30605,Customer Beta,Gadget X,40,218.26,8730.4,6061.26
2026-04-29,INV-48672,Customer Gamma,Widget C,71,51.53,3658.63,2882.66
2026-04-29,INV-77143,Customer Epsilon,Gadget X,46,122.79,5648.34,3447.1
2026-04-29,INV-58170,Customer Gamma,Gadget Y,55,231.06,12708.3,8999.08
2026-04-29,INV-40643,Customer Gamma,Gadget X,35,197.36,6907.6,4454.65
2026-04-29,INV-75767,Customer Alpha,Widget C,46,451.72,20779.12,13997.43
2026-04-29,INV-39850,Customer Epsilon,Gadget Y,83,48.3,4008.9,2682.38
2026-04-29,INV-53746,Customer Alpha,Widget A,10,186.52,1865.2,1373.73
2026-04-29,INV-99592,Customer Gamma,Widget B,33,158.33,5224.89,4200.24
2026-04-29,INV-81188,Customer Beta,Widget C,91,305.98,27844.18,17666.19
2026-04-29,INV-62928,Customer Alpha,Widget C,99,156.74,15517.26,12500.35
2026-04-29,INV-77193,Customer Epsilon,Gadget X,97,331.1,32116.7,23059.82
2026-04-29,INV-72185,Customer Delta,Widget B,30,121.19,3635.7,2862.33
2026-04-29,INV-70476,Customer Epsilon,Widget B,76,395.13,30029.88,23705.75
2026-04-29,INV-64747,Customer Alpha,Widget C,41,424.44,17402.04,12306.69
2026-04-29,INV-28212,Customer Delta,Widget B,58,427.94,24820.52,15079.11
2026-04-30,INV-54541,Customer Alpha,Widget C,64,407.1,26054.4,21066.93
2026-04-30,INV-80464,Customer Delta,Widget B,55,346.02,19031.1,13337.8
2026-04-30,INV-28236,Customer Gamma,Widget C,76,21.39,1625.64,1294.56
2026-04-30,INV-89670,Customer Gamma,Widget B,73,318.62,23259.26,17461.91
2026-04-30,INV-80056,Customer Delta,Gadget Y,49,110.06,5392.94,3762.43
2026-04-30,INV-69183,Customer Beta,Gadget X,61,63.23,3857.03,2863.38
2026-04-30,INV-14202,Customer Alpha,Widget C,22,61.11,1344.42,992.49
2026-04-30,INV-60579,Customer Delta,Gadget Y,4,101.48,405.92,250.6
2026-04-30,INV-69593,Customer Beta,Widget C,30,152.64,4579.2,3347.85
2026-05-01,INV-63852,Customer Epsilon,Widget C,2,94.19,188.38,153.52
2026-05-01,INV-19012,Customer Beta,Gadget X,15,73.28,1099.2,774.5
2026-05-01,INV-97135,Customer Beta,Gadget X,17,436.52,7420.84,5027.17
2026-05-01,INV-36604,Customer Beta,Gadget X,78,291.79,22759.62,15421.43
2026-05-01,INV-68422,Customer Delta,Gadget Y,36,108.83,3917.88,3321.47
2026-05-01,INV-84609,Customer Delta,Widget A,78,405.71,31645.38,23147.46
2026-05-02,INV-94711,Customer Delta,Gadget X,74,29.15,2157.1,1343.39
2026-05-02,INV-61260,Customer Gamma,Gadget X,90,422.89,38060.1,30375.26
2026-05-02,INV-66633,Customer Beta,Gadget Y,54,132.08,7132.32,5884.1
2026-05-02,INV-61583,Customer Delta,Gadget X,85,99.89,8490.65,6301.37
2026-05-02,INV-48258,Customer Beta,Widget A,21,144.15,3027.15,2291.62
2026-05-02,INV-25889,Customer Beta,Widget A,64,211.53,13537.92,10701.25
2026-05-02,INV-52731,Customer Alpha,Widget C,97,61.56,5971.32,4727.1
2026-05-02,INV-70577,Customer Delta,Gadget X,22,133.86,2944.92,2139.53
2026-05-02,INV-59958,Customer Alpha,Widget A,82,350.3,28724.6,22618.73
2026-05-02,INV-25031,Customer Delta,Widget C,25,204.37,5109.25,3079.26
2026-05-02,INV-18943,Customer Gamma,Widget B,86,376.85,32409.1,23373.11
2026-05-02,INV-28383,Customer Epsilon,Widget A,85,128.72,10941.2,9163.31
2026-05-02,INV-23174,Customer Gamma,Gadget X,21,93.59,1965.39,1188.11
2026-05-02,INV-20169,Customer Gamma,Widget B,16,271.98,4351.68,3036.22
2026-05-02,INV-14514,Customer Gamma,Widget A,20,225.92,4518.4,2912.04
2026-05-02,INV-78534,Customer Beta,Gadget Y,57,351.4,20029.8,16206.62
2026-05-02,INV-10611,Customer Delta,Widget A,89,161.08,14336.12,8789.53
2026-05-02,INV-41265,Customer Delta,Widget A,99,108.85,10776.15,7138.39
2026-05-02,INV-54186,Customer Alpha,Widget B,3,216.62,649.86,550.64
2026-05-02,INV-97046,Customer Alpha,Widget B,29,479.79,13913.91,8684.38
2026-05-03,INV-52294,Customer Alpha,Widget B,54,261.13,14101.02,11335.9
2026-05-03,INV-66083,Customer Beta,Gadget Y,80,111.49,8919.2,6559.41
2026-05-03,INV-11965,Customer Beta,Widget A,28,61.88,1732.64,1179.65
2026-05-03,INV-18652,Customer Gamma,Gadget X,2,200.7,401.4,286.88
2026-05-03,INV-63883,Customer Epsilon,Widget C,48,31.53,1513.44,1243.09
2026-05-03,INV-80278,Customer Epsilon,Widget C,64,491.72,31470.08,19683.07
2026-05-03,INV-92689,Customer Beta,Gadget Y,33,479.93,15837.69,11877.74
2026-05-03,INV-51676,Customer Beta,Gadget X,43,95.91,4124.13,3259.83
2026-05-03,INV-68839,Customer Alpha,Gadget X,43,18.65,801.95,664.04
2026-05-03,INV-11742,Customer Epsilon,Gadget X,82,373.49,30626.18,22230.17
2026-05-04,INV-66164,Customer Epsilon,Widget A,98,449.42,44043.16,29826.56
2026-05-04,INV-48877,Customer Epsilon,Widget B,11,39.36,432.96,300.31
2026-05-04,INV-88390,Customer Beta,Widget B,49,110.15,5397.35,3289.56
2026-05-04,INV-15191,Customer Gamma,Gadget X,18,146.28,2633.04,2003.48
2026-05-04,INV-40016,Customer Delta,Gadget Y,83,408.23,33883.09,26687.6
2026-05-04,INV-97163,Customer Gamma,Widget C,32,110.85,3547.2,2176.27
2026-05-04,INV-34057,Customer Beta,Widget B,78,437.63,34135.14,24931.21
2026-05-04,INV-35226,Customer Alpha,Gadget X,9,436.23,3926.07,2424.33
2026-05-04,INV-81938,Customer Beta,Widget A,27,71.52,1931.04,1242.47
2026-05-04,INV-50824,Customer Beta,Widget B,65,48.3,3139.5,2452.73
2026-05-04,INV-49728,Customer Beta,Widget B,32,217.77,6968.64,5236.67
2026-05-04,INV-73068,Customer Epsilon,Widget C,58,484.19,28083.02,18263.8
2026-05-05,INV-76229,Customer Delta,Widget C,49,92.21,4518.29,3209.54
2026-05-05,INV-73176,Customer Delta,Gadget Y,98,86.38,8465.24,7097.59
2026-05-05,INV-49351,Customer Delta,Widget A,55,428.48,23566.4,18610.73
2026-05-05,INV-59866,Customer Epsilon,Gadget Y,20,280.9,5618.0,3617.57
2026-05-05,INV-73025,Customer Gamma,Gadget X,59,148.78,8778.02,6500.44
2026-05-05,INV-34854,Customer Gamma,Widget A,18,360.28,6485.04,4208.33
2026-05-05,INV-63025,Customer Alpha,Widget A,65,367.88,23912.2,16584.65
2026-05-06,INV-87110,Customer Gamma,Gadget X,50,249.88,12494.0,9498.72
2026-05-06,INV-84135,Customer Delta,Widget A,5,496.31,2481.55,1566.15
2026-05-06,INV-55688,Customer Beta,Widget B,98,223.79,21931.42,14558.4
2026-05-06,INV-95315,Customer Delta,Gadget Y,82,347.36,28483.52,22049.49
2026-05-06,INV-57371,Customer Delta,Gadget X,95,130.93,12438.35,8948.54
2026-05-06,INV-29315,Customer Beta,Widget A,34,306.66,10426.44,8717.2
2026-05-06,INV-31158,Customer Beta,Widget C,78,293.39,22884.42,17521.48
2026-05-06,INV-60377,Customer Alpha,Widget A,99,55.23,5467.77,4253.39
2026-05-06,INV-65436,Customer Epsilon,Gadget X,11,264.08,2904.88,1880.06
2026-05-06,INV-79887,Customer Delta,Widget B,33,349.0,11517.0,8351.69
2026-05-06,INV-21648,Customer Epsilon,Gadget X,40,369.63,14785.2,11652.45
2026-05-06,INV-45261,Customer Epsilon,Widget A,100,400.79,40079.0,32205.76
2026-05-06,INV-74451,Customer Delta,Widget B,90,160.97,14487.3,12267.21
2026-05-06,INV-64636,Customer Alpha,Widget A,9,389.13,3502.17,2467.14
2026-05-06,INV-27607,Customer Delta,Widget C,22,96.44,2121.68,1371.88
2026-05-06,INV-84329,Customer Delta,Widget B,24,256.28,6150.72,3859.94
2026-05-06,INV-35150,Customer Beta,Widget B,26,38.9,1011.4,653.04
2026-05-06,INV-93418,Customer Delta,Widget C,57,317.15,18077.55,13668.53
2026-05-07,INV-54846,Customer Gamma,Widget A,11,195.09,2145.99,1436.08
2026-05-07,INV-23213,Customer Epsilon,Widget A,31,244.17,7569.27,5814.72
2026-05-07,INV-86342,Customer Alpha,Widget A,35,378.38,13243.3,7969.91
2026-05-07,INV-89034,Customer Alpha,Widget A,28,265.94,7446.32,4481.31
2026-05-07,INV-66289,Customer Gamma,Gadget Y,63,241.88,15238.44,10427.02
2026-05-07,INV-41404,Customer Gamma,Widget C,88,446.17,39262.96,33368.07
2026-05-07,INV-53287,Customer Delta,Widget C,49,309.3,15155.7,12788.78
2026-05-07,INV-28201,Customer Alpha,Widget A,59,436.57,25757.63,18041.99
2026-05-07,INV-42576,Customer Epsilon,Widget A,16,435.81,6972.96,4670.95
2026-05-07,INV-77490,Customer Delta,Widget C,80,346.23,27698.4,22642.42
2026-05-08,INV-12179,Customer Alpha,Widget B,82,479.2,39294.4,31559.48
2026-05-08,INV-89529,Customer Alpha,Widget C,95,169.51,16103.45,11450.79
2026-05-08,INV-66087,Customer Delta,Gadget X,95,310.17,29466.15,18279.1
2026-05-08,INV-28764,Customer Alpha,Gadget X,94,198.58,18666.52,14033.37
2026-05-08,INV-21415,Customer Epsilon,Gadget Y,92,257.27,23668.84,14957.89
2026-05-08,INV-25162,Customer Epsilon,Widget C,60,92.35,5541.0,3942.82
2026-05-08,INV-96474,Customer Epsilon,Gadget X,31,129.24,4006.44,2574.57
2026-05-08,INV-52795,Customer Alpha,Widget A,56,496.75,27818.0,16894.02
2026-05-08,INV-97897,Customer Gamma,Gadget X,29,362.4,10509.6,8055.43
2026-05-08,INV-53620,Customer Beta,Widget A,69,320.44,22110.36,15985.56
2026-05-08,INV-54987,Customer Epsilon,Widget B,99,462.69,45806.31,28224.33
2026-05-08,INV-67273,Customer Delta,Gadget X,84,324.63,27268.92,20191.95
2026-05-08,INV-21683,Customer Beta,Widget B,34,66.69,2267.46,1410.18
2026-05-08,INV-58200,Customer Epsilon,Widget C,25,374.86,9371.5,5894.92
2026-05-08,INV-18111,Customer Gamma,Widget B,49,292.69,14341.81,8611.1
2026-05-08,INV-51896,Customer Epsilon,Gadget Y,25,425.09,10627.25,8979.63
2026-05-08,INV-23970,Customer Beta,Widget C,67,335.23,22460.41,16793.51
2026-05-08,INV-48905,Customer Alpha,Gadget X,69,427.66,29508.54,20035.75
2026-05-09,INV-97208,Customer Delta,Gadget X,19,304.72,5789.68,3684.94
2026-05-09,INV-26182,Customer Epsilon,Widget A,41,161.36,6615.76,5607.41
2026-05-09,INV-48206,Customer Epsilon,Widget C,62,319.23,19792.26,12942.68
2026-05-09,INV-39500,Customer Alpha,Gadget X,43,84.82,3647.26,2841.91
2026-05-09,INV-96409,Customer Beta,Widget A,63,366.42,23084.46,15576.83
2026-05-09,INV-72052,Customer Alpha,Widget B,71,202.22,14357.62,10130.87
2026-05-09,INV-47010,Customer Delta,Widget C,51,45.19,2304.69,1801.55
2026-05-09,INV-86072,Customer Epsilon,Widget B,51,57.69,2942.19,2003.2
2026-05-09,INV-67918,Customer Gamma,Widget A,59,330.77,19515.43,14525.13
2026-05-09,INV-35644,Customer Gamma,Gadget X,19,112.79,2143.01,1716.74
2026-05-09,INV-29346,Customer Gamma,Widget A,93,429.51,39944.43,24984.72
2026-05-09,INV-22589,Customer Delta,Gadget X,87,422.41,36749.67,30557.22
2026-05-10,INV-54366,Customer Beta,Gadget X,7,67.5,472.5,344.39
2026-05-10,INV-14455,Customer Delta,Gadget Y,20,317.22,6344.4,4447.41
2026-05-10,INV-32608,Customer Beta,Widget A,51,249.43,12720.93,9820.51
2026-05-10,INV-60082,Customer Alpha,Gadget X,100,237.2,23720.0,19083.9
2026-05-10,INV-25997,Customer Delta,Widget C,48,15.69,753.12,473.83
2026-05-10,INV-85055,Customer Epsilon,Gadget X,29,21.28,617.12,458.67
2026-05-10,INV-33736,Customer Gamma,Gadget X,89,375.23,33395.47,26669.15
2026-05-10,INV-26414,Customer Delta,Gadget X,83,354.34,29410.22,19839.86
2026-05-10,INV-80452,Customer Gamma,Widget A,9,359.75,3237.75,2640.56
2026-05-10,INV-80309,Customer Delta,Widget B,90,19.68,1771.2,1308.94
2026-05-10,INV-95419,Customer Delta,Gadget Y,9,264.26,2378.34,1774.67
2026-05-10,INV-88525,Customer Beta,Widget A,85,449.83,38235.55,24668.28
2026-05-10,INV-15130,Customer Alpha,Widget B,72,229.14,16498.08,11195.17
2026-05-10,INV-43654,Customer Epsilon,Widget B,27,329.79,8904.33,5538.09
2026-05-10,INV-81359,Customer Alpha,Widget A,16,258.01,4128.16,2852.1
2026-05-10,INV-78084,Customer Delta,Widget B,85,10.04,853.4,576.17
2026-05-11,INV-78506,Customer Delta,Gadget Y,18,292.77,5269.86,4077.69
2026-05-11,INV-96850,Customer Epsilon,Widget C,69,260.19,17953.11,13859.49
2026-05-11,INV-38208,Customer Beta,Widget A,5,102.16,510.8,344.75
2026-05-11,INV-26841,Customer Epsilon,Widget B,71,115.86,8226.06,5674.06
2026-05-11,INV-95166,Customer Delta,Gadget Y,10,279.43,2794.3,1858.68
2026-05-11,INV-65750,Customer Delta,Widget B,59,50.79,2996.61,1988.39
2026-05-11,INV-92984,Customer Epsilon,Widget B,27,44.57,1203.39,942.46
2026-05-11,INV-89291,Customer Gamma,Widget B,73,332.09,24242.57,19518.35
2026-05-11,INV-59668,Customer Delta,Widget B,20,165.02,3300.4,2630.24
2026-05-11,INV-24416,Customer Epsilon,Widget A,32,47.99,1535.68,969.25
2026-05-11,INV-53714,Customer Delta,Gadget Y,9,171.39,1542.51,959.82
2026-05-11,INV-39127,Customer Beta,Widget C,29,144.09,4178.61,2609.49
2026-05-11,INV-50180,Customer Alpha,Gadget X,16,96.11,1537.76,1202.65
2026-05-11,INV-46961,Customer Delta,Gadget Y,13,269.19,3499.47,2712.49
2026-05-12,INV-61060,Customer Alpha,Gadget Y,7,93.67,655.69,548.57
2026-05-12,INV-82308,Customer Gamma,Widget B,95,342.13,32502.35,25910.45
2026-05-12,INV-77314,Customer Delta,Gadget Y,62,300.23,18614.26,12374.11
2026-05-12,INV-16929,Customer Beta,Widget B,19,195.61,3716.59,2913.27
2026-05-12,INV-33999,Customer Beta,Widget C,87,308.26,26818.62,20829.93
2026-05-12,INV-66068,Customer Gamma,Gadget X,60,256.09,15365.4,10278.77
2026-05-12,INV-50063,Customer Beta,Gadget Y,40,321.46,12858.4,7994.52
2026-05-12,INV-41462,Customer Gamma,Gadget X,12,320.99,3851.88,2384.98
2026-05-12,INV-82634,Customer Beta,Widget A,74,38.13,2821.62,2217.38
2026-05-12,INV-27881,Customer Alpha,Gadget X,55,341.75,18796.25,15659.35
2026-05-12,INV-79783,Customer Delta,Gadget X,66,345.71,22816.86,17550.58
2026-05-12,INV-10955,Customer Delta,Widget A,2,311.98,623.96,516.47
2026-05-12,INV-96661,Customer Epsilon,Gadget X,96,179.08,17191.68,14588.09
2026-05-13,INV-78618,Customer Delta,Gadget Y,22,340.52,7491.44,6146.6
2026-05-13,INV-56306,Customer Beta,Widget B,10,189.85,1898.5,1202.38
2026-05-13,INV-24841,Customer Delta,Widget A,64,195.76,12528.64,8686.37
2026-05-13,INV-48019,Customer Beta,Widget C,70,426.88,29881.6,24337.12
2026-05-13,INV-92729,Customer Delta,Widget C,38,139.73,5309.74,3188.81
2026-05-13,INV-94275,Customer Delta,Gadget Y,28,462.3,12944.4,10773.33
2026-05-14,INV-70339,Customer Epsilon,Gadget X,63,38.17,2404.71,1446.37
2026-05-14,INV-34400,Customer Gamma,Widget C,46,62.51,2875.46,1976.68
2026-05-14,INV-21107,Customer Gamma,Gadget X,2,59.66,119.32,86.27
2026-05-14,INV-10905,Customer Epsilon,Gadget Y,20,211.25,4225.0,3499.47
2026-05-14,INV-57775,Customer Gamma,Widget B,29,240.64,6978.56,4840.17
2026-05-14,INV-67484,Customer Beta,Gadget X,69,407.66,28128.54,17641.48
2026-05-15,INV-36013,Customer Beta,Widget B,46,376.07,17299.22,10404.66
2026-05-15,INV-53412,Customer Beta,Widget A,37,29.73,1100.01,768.51
2026-05-15,INV-97194,Customer Beta,Widget A,86,107.51,9245.86,6655.39
2026-05-15,INV-99356,Customer Alpha,Widget C,54,249.64,13480.56,9758.47
2026-05-15,INV-75779,Customer Gamma,Widget B,97,384.55,37301.35,30603.58
2026-05-15,INV-26531,Customer Beta,Gadget X,15,479.26,7188.9,5738.02
2026-05-15,INV-16820,Customer Gamma,Widget B,65,16.69,1084.85,836.54
2026-05-15,INV-47940,Customer Delta,Widget C,77,371.34,28593.18,20260.62
2026-05-15,INV-29987,Customer Delta,Widget C,11,382.84,4211.24,2787.57
2026-05-15,INV-44541,Customer Beta,Gadget Y,32,147.76,4728.32,2972.95
2026-05-15,INV-23508,Customer Delta,Widget B,26,242.21,6297.46,5010.76
2026-05-15,INV-92432,Customer Epsilon,Gadget Y,24,102.45,2458.8,2000.77
2026-05-15,INV-35189,Customer Beta,Widget B,16,74.82,1197.12,729.75
2026-05-15,INV-16678,Customer Delta,Widget B,3,312.07,936.21,583.01
2026-05-15,INV-40333,Customer Delta,Gadget X,68,160.16,10890.88,8258.85
2026-05-15,INV-94393,Customer Gamma,Widget B,55,244.81,13464.55,9795.0
2026-05-15,INV-56009,Customer Gamma,Widget A,15,141.93,2128.95,1426.69
2026-05-15,INV-10070,Customer Beta,Gadget X,41,448.6,18392.6,11871.28
2026-05-15,INV-89498,Customer Gamma,Widget A,28,149.81,4194.68,2810.6
2026-05-16,INV-49892,Customer Beta,Gadget X,33,474.68,15664.44,10822.49
2026-05-16,INV-27079,Customer Alpha,Widget A,86,16.69,1435.34,1059.2
2026-05-16,INV-87189,Customer Gamma,Widget C,95,406.92,38657.4,30374.4
2026-05-16,INV-86588,Customer Epsilon,Gadget Y,48,126.74,6083.52,4069.79
2026-05-16,INV-25775,Customer Alpha,Gadget X,14,73.94,1035.16,813.27
2026-05-16,INV-68427,Customer Epsilon,Widget A,84,410.53,34484.52,22353.97
2026-05-16,INV-72154,Customer Alpha,Widget A,70,313.32,21932.4,14812.47
2026-05-16,INV-64815,Customer Epsilon,Widget B,93,85.3,7932.9,5013.26
2026-05-17,INV-67163,Customer Gamma,Gadget Y,47,229.76,10798.72,8415.78
2026-05-17,INV-12867,Customer Delta,Widget A,54,266.64,14398.56,12067.59
2026-05-17,INV-15956,Customer Epsilon,Widget B,36,351.39,12650.04,7997.78
2026-05-17,INV-74884,Customer Alpha,Gadget Y,89,103.19,9183.91,7380.5
2026-05-17,INV-60351,Customer Epsilon,Gadget Y,10,91.1,911.0,717.58
2026-05-17,INV-10471,Customer Delta,Gadget Y,52,307.54,15992.08,10422.54
2026-05-17,INV-77213,Customer Epsilon,Widget B,28,300.14,8403.92,5060.97
2026-05-17,INV-38879,Customer Epsilon,Gadget X,91,363.08,33040.28,21962.16
2026-05-17,INV-79935,Customer Gamma,Widget C,71,68.36,4853.56,3183.85
2026-05-17,INV-46406,Customer Gamma,Widget B,6,323.41,1940.46,1621.28
2026-05-17,INV-37521,Customer Gamma,Widget B,7,324.78,2273.46,1505.6
2026-05-17,INV-58380,Customer Alpha,Gadget Y,1,327.84,327.84,248.56
2026-05-17,INV-27512,Customer Alpha,Widget C,91,443.15,40326.65,26857.93
2026-05-18,INV-11364,Customer Gamma,Gadget Y,42,492.78,20696.76,15656.87
2026-05-18,INV-12049,Customer Beta,Widget C,94,482.96,45398.24,29244.81
2026-05-18,INV-95698,Customer Epsilon,Gadget Y,14,364.08,5097.12,3935.12
2026-05-18,INV-52501,Customer Epsilon,Widget C,71,111.02,7882.42,5600.82
2026-05-18,INV-61834,Customer Beta,Widget C,75,318.6,23895.0,19463.8
2026-05-18,INV-29442,Customer Delta,Widget B,30,367.61,11028.3,7813.28
2026-05-18,INV-33083,Customer Alpha,Gadget X,64,98.94,6332.16,4092.2
2026-05-18,INV-46968,Customer Epsilon,Widget B,63,472.24,29751.12,19192.5
2026-05-18,INV-89668,Customer Gamma,Widget A,21,443.77,9319.17,7496.11
2026-05-18,INV-94557,Customer Alpha,Widget B,19,45.3,860.7,569.19
2026-05-18,INV-11545,Customer Alpha,Gadget X,93,268.12,24935.16,19491.59
2026-05-18,INV-11776,Customer Alpha,Gadget Y,49,198.16,9709.84,6093.01
2026-05-18,INV-92232,Customer Beta,Widget A,32,387.36,12395.52,8266.75
2026-05-18,INV-54353,Customer Alpha,Gadget Y,2,479.23,958.46,600.56
2026-05-18,INV-68238,Customer Beta,Widget A,18,245.41,4417.38,3272.01
2026-05-18,INV-81241,Customer Gamma,Widget B,43,244.67,10520.81,6953.75
2026-05-18,INV-81387,Customer Epsilon,Widget C,16,20.39,326.24,199.38
2026-05-18,INV-10158,Customer Alpha,Widget C,66,444.36,29327.76,20641.5
2026-05-19,INV-47597,Customer Beta,Widget A,55,198.84,10936.2,7527.69
2026-05-19,INV-24733,Customer Delta,Widget B,88,443.27,39007.76,31428.4
2026-05-19,INV-46937,Customer Beta,Gadget X,15,120.02,1800.3,1510.66
2026-05-19,INV-21115,Customer Alpha,Widget C,79,173.53,13708.87,9460.81
2026-05-19,INV-88592,Customer Epsilon,Widget A,20,97.25,1945.0,1424.95
2026-05-19,INV-91888,Customer Delta,Widget B,20,447.63,8952.6,6909.53
2026-05-19,INV-58380,Customer Gamma,Widget C,14,142.84,1999.76,1449.45
2026-05-19,INV-95964,Customer Alpha,Widget C,1,432.24,432.24,365.03
2026-05-19,INV-72709,Customer Gamma,Widget B,19,201.39,3826.41,2985.88
2026-05-19,INV-28961,Customer Alpha,Widget A,74,219.45,16239.3,12693.89
2026-05-19,INV-51853,Customer Gamma,Widget A,17,99.12,1685.04,1173.22
2026-05-19,INV-93440,Customer Delta,Gadget X,62,349.78,21686.36,15256.05
2026-05-20,INV-79962,Customer Beta,Widget B,50,215.14,10757.0,7791.03
2026-05-20,INV-86148,Customer Epsilon,Gadget X,69,412.49,28461.81,19813.88
2026-05-20,INV-38748,Customer Epsilon,Gadget X,74,390.53,28899.22,23200.96
2026-05-20,INV-12248,Customer Beta,Widget A,47,11.4,535.8,454.61
2026-05-20,INV-17808,Customer Epsilon,Widget C,61,479.23,29233.03,24270.02
2026-05-20,INV-28892,Customer Gamma,Widget C,100,411.32,41132.0,27709.57
2026-05-20,INV-28061,Customer Delta,Gadget Y,32,113.26,3624.32,2378.09
2026-05-20,INV-65667,Customer Beta,Widget A,49,369.21,18091.29,14003.21
2026-05-20,INV-72498,Customer Alpha,Widget C,90,61.94,5574.6,4155.32
2026-05-20,INV-42118,Customer Beta,Gadget Y,4,81.97,327.88,208.31
2026-05-20,INV-33910,Customer Alpha,Widget A,73,417.22,30457.06,21445.54
2026-05-20,INV-71628,Customer Beta,Gadget X,96,268.45,25771.2,21575.43
2026-05-20,INV-47587,Customer Gamma,Gadget X,57,392.88,22394.16,17328.86
2026-05-20,INV-32751,Customer Beta,Widget A,8,441.77,3534.16,2148.87
2026-05-20,INV-69545,Customer Beta,Gadget Y,2,204.23,408.46,288.33
2026-05-21,INV-30552,Customer Epsilon,Gadget Y,40,357.58,14303.2,10096.88
2026-05-21,INV-37769,Customer Alpha,Widget C,67,195.0,13065.0,10945.44
2026-05-21,INV-83307,Customer Epsilon,Gadget X,8,117.26,938.08,605.93
2026-05-21,INV-94133,Customer Alpha,Gadget Y,89,239.53,21318.17,14460.06
2026-05-21,INV-65603,Customer Delta,Gadget X,22,36.79,809.38,560.79
2026-05-21,INV-53970,Customer Gamma,Widget B,14,61.16,856.24,591.38
2026-05-21,INV-37775,Customer Beta,Widget A,37,89.75,3320.75,2080.84
2026-05-21,INV-36440,Customer Alpha,Gadget Y,97,455.75,44207.75,28599.58
2026-05-21,INV-15881,Customer Beta,Widget A,35,51.67,1808.45,1342.83
2026-05-21,INV-50449,Customer Delta,Gadget Y,6,33.54,201.24,125.43
2026-05-21,INV-35543,Customer Gamma,Widget A,97,148.38,14392.86,10068.3
2026-05-21,INV-98432,Customer Delta,Widget C,93,184.36,17145.48,10842.45
2026-05-21,INV-75821,Customer Gamma,Widget A,53,449.29,23812.37,17285.27
2026-05-22,INV-14903,Customer Epsilon,Widget A,49,243.71,11941.79,9758.87
2026-05-22,INV-92044,Customer Beta,Widget C,20,344.36,6887.2,4267.92
2026-05-22,INV-31108,Customer Beta,Widget A,28,405.66,11358.48,8672.82
2026-05-22,INV-54749,Customer Epsilon,Gadget Y,94,308.28,28978.32,21177.99
2026-05-22,INV-66479,Customer Beta,Gadget X,44,152.51,6710.44,5072.2
2026-05-22,INV-19830,Customer Delta,Widget A,31,112.32,3481.92,2620.48
2026-05-22,INV-11958,Customer Epsilon,Widget B,81,497.26,40278.06,25147.67
2026-05-22,INV-21425,Customer Gamma,Widget B,71,435.09,30891.39,24692.9
2026-05-22,INV-31164,Customer Alpha,Gadget X,59,163.72,9659.48,8051.31
2026-05-23,INV-70390,Customer Epsilon,Widget C,47,183.15,8608.05,5317.91
2026-05-23,INV-28408,Customer Delta,Widget C,33,383.94,12670.02,9002.19
2026-05-23,INV-62551,Customer Epsilon,Widget A,63,29.4,1852.2,1509.08
2026-05-23,INV-91871,Customer Epsilon,Gadget X,88,73.2,6441.6,4455.55
2026-05-23,INV-44449,Customer Gamma,Widget C,11,344.28,3787.08,2751.26
2026-05-23,INV-83505,Customer Epsilon,Widget A,83,37.96,3150.68,2513.13
2026-05-23,INV-62334,Customer Beta,Widget A,14,152.42,2133.88,1364.73
2026-05-24,INV-71405,Customer Delta,Widget B,60,337.88,20272.8,13932.17
2026-05-24,INV-62028,Customer Delta,Gadget Y,14,52.05,728.7,570.53
2026-05-24,INV-89215,Customer Beta,Gadget X,52,171.07,8895.64,6043.0
2026-05-24,INV-69582,Customer Beta,Gadget X,90,373.23,33590.7,21114.5
2026-05-24,INV-37979,Customer Epsilon,Widget A,20,474.78,9495.6,6042.8
2026-05-24,INV-18178,Customer Epsilon,Widget C,5,494.03,2470.15,1960.19
2026-05-24,INV-13007,Customer Delta,Widget C,61,114.58,6989.38,4563.18
2026-05-25,INV-45901,Customer Gamma,Widget C,82,96.29,7895.78,5017.25
2026-05-25,INV-65013,Customer Alpha,Gadget X,39,438.15,17087.85,12181.16
2026-05-25,INV-17044,Customer Beta,Gadget Y,86,447.61,38494.46,24868.17
2026-05-25,INV-36031,Customer Delta,Widget A,44,482.05,21210.2,14300.47
2026-05-25,INV-31061,Customer Delta,Widget C,62,242.99,15065.38,11633.6
2026-05-25,INV-83519,Customer Gamma,Gadget X,89,289.46,25761.94,20757.78
2026-05-25,INV-28955,Customer Beta,Gadget Y,10,364.13,3641.3,2711.39
2026-05-25,INV-29331,Customer Gamma,Widget C,2,83.75,167.5,119.71
2026-05-25,INV-44446,Customer Gamma,Gadget X,15,398.09,5971.35,4588.9
2026-05-25,INV-93138,Customer Alpha,Gadget Y,58,472.23,27389.34,22303.6
2026-05-25,INV-34596,Customer Epsilon,Gadget X,13,27.88,362.44,285.03
2026-05-25,INV-55624,Customer Epsilon,Gadget X,100,91.39,9139.0,6346.02
2026-05-25,INV-57683,Customer Beta,Widget B,87,292.65,25460.55,15367.8
2026-05-25,INV-75422,Customer Gamma,Widget A,40,256.02,10240.8,8366.11
2026-05-25,INV-65816,Customer Delta,Gadget X,53,182.35,9664.55,7799.74
2026-05-25,INV-58905,Customer Gamma,Gadget Y,15,463.91,6958.65,4973.39
2026-05-25,INV-47359,Customer Epsilon,Widget B,77,89.7,6906.9,4896.78
2026-05-25,INV-23005,Customer Gamma,Gadget X,90,313.98,28258.2,23490.59
2026-05-26,INV-23588,Customer Alpha,Widget A,84,18.05,1516.2,1263.18
2026-05-26,INV-86183,Customer Epsilon,Gadget X,70,58.85,4119.5,2929.07
2026-05-26,INV-82297,Customer Gamma,Widget A,54,113.82,6146.28,4881.5
2026-05-26,INV-55955,Customer Alpha,Gadget X,26,429.61,11169.86,9356.3
2026-05-26,INV-10996,Customer Delta,Gadget X,83,354.88,29455.04,23130.7
2026-05-26,INV-44668,Customer Beta,Widget C,65,148.97,9683.05,7939.15
2026-05-26,INV-64336,Customer Delta,Widget C,87,128.36,11167.32,9213.56
2026-05-27,INV-78021,Customer Alpha,Widget A,20,397.35,7947.0,6438.6
2026-05-27,INV-66363,Customer Gamma,Gadget Y,43,93.5,4020.5,2987.42
2026-05-27,INV-16760,Customer Epsilon,Widget B,51,104.4,5324.4,4052.45
2026-05-27,INV-32769,Customer Delta,Gadget Y,17,470.3,7995.1,5577.41
2026-05-27,INV-26558,Customer Gamma,Gadget X,67,87.64,5871.88,3862.18
2026-05-27,INV-92223,Customer Alpha,Gadget Y,81,292.7,23708.7,16548.74
2026-05-28,INV-67333,Customer Beta,Gadget Y,42,109.84,4613.28,2875.53
2026-05-28,INV-20324,Customer Epsilon,Widget A,20,23.63,472.6,367.16
2026-05-28,INV-69468,Customer Delta,Gadget Y,4,373.75,1495.0,945.79
2026-05-28,INV-35405,Customer Beta,Widget C,31,329.74,10221.94,6699.86
2026-05-28,INV-44141,Customer Beta,Gadget Y,93,392.21,36475.53,29053.2
2026-05-28,INV-93674,Customer Gamma,Widget A,11,468.14,5149.54,3897.48
2026-05-28,INV-24034,Customer Alpha,Gadget Y,15,234.97,3524.55,2639.79
2026-05-28,INV-74781,Customer Gamma,Widget B,34,448.36,15244.24,9500.12
2026-05-28,INV-64230,Customer Beta,Widget C,51,59.33,3025.83,2417.22
2026-05-28,INV-59185,Customer Delta,Widget A,81,47.39,3838.59,2962.75
2026-05-28,INV-33419,Customer Delta,Widget C,21,98.11,2060.31,1241.41
2026-05-28,INV-55453,Customer Epsilon,Gadget Y,5,67.43,337.15,231.18
2026-05-28,INV-43357,Customer Epsilon,Gadget X,77,277.78,21389.06,13680.38
2026-05-29,INV-29968,Customer Epsilon,Widget B,4,272.62,1090.48,795.5
2026-05-29,INV-28161,Customer Gamma,Widget B,15,450.3,6754.5,4102.51
2026-05-29,INV-45870,Customer Alpha,Widget B,94,348.88,32794.72,20714.62
2026-05-29,INV-48577,Customer Beta,Gadget X,12,180.79,2169.48,1600.8
2026-05-29,INV-35304,Customer Delta,Gadget X,56,261.2,14627.2,10238.83
2026-05-29,INV-46842,Customer Beta,Widget C,26,346.66,9013.16,7407.27
2026-05-29,INV-31712,Customer Alpha,Gadget X,75,398.65,29898.75,22331.22
2026-05-29,INV-45608,Customer Delta,Widget B,56,442.6,24785.6,17497.01
2026-05-30,INV-56257,Customer Alpha,Gadget Y,78,197.69,15419.82,10021.81
2026-05-30,INV-77024,Customer Alpha,Widget C,58,91.95,5333.1,3244.87
2026-05-30,INV-94554,Customer Epsilon,Widget C,53,153.8,8151.4,6575.5
2026-05-30,INV-52294,Customer Gamma,Gadget Y,51,24.67,1258.17,811.49
2026-05-30,INV-58714,Customer Beta,Gadget X,46,130.21,5989.66,3916.02
2026-05-30,INV-11428,Customer Beta,Widget C,100,164.08,16408.0,9884.31
2026-05-30,INV-40493,Customer Beta,Widget C,60,288.06,17283.6,11759.59
2026-05-30,INV-38503,Customer Alpha,Gadget Y,50,148.97,7448.5,4864.2
2026-05-30,INV-97994,Customer Epsilon,Widget A,36,360.97,12994.92,10871.13
2026-05-30,INV-51652,Customer Epsilon,Widget A,83,216.66,17982.78,14189.32
2026-05-30,INV-16133,Customer Beta,Widget C,26,34.33,892.58,645.77
2026-05-30,INV-52844,Customer Delta,Widget C,16,70.81,1132.96,728.25
2026-05-30,INV-94366,Customer Delta,Gadget Y,31,292.44,9065.64,6085.39
2026-05-30,INV-62797,Customer Alpha,Gadget Y,60,149.34,8960.4,7261.6
2026-05-30,INV-19103,Customer Epsilon,Widget A,68,29.17,1983.56,1509.87
2026-05-31,INV-55327,Customer Delta,Widget A,93,157.49,14646.57,9949.38
2026-05-31,INV-16169,Customer Alpha,Gadget X,72,389.56,28048.32,20291.69
2026-05-31,INV-94029,Customer Gamma,Gadget X,90,492.14,44292.6,32038.35
2026-05-31,INV-11362,Customer Gamma,Widget A,80,60.34,4827.2,3166.66
2026-05-31,INV-39667,Customer Alpha,Widget B,42,432.08,18147.36,14174.24
2026-05-31,INV-80458,Customer Alpha,Widget B,25,364.81,9120.25,7324.2
2026-05-31,INV-16291,Customer Alpha,Widget A,34,442.83,15056.22,9195.87
2026-05-31,INV-59749,Customer Alpha,Widget C,34,171.37,5826.58,4388.51
2026-05-31,INV-51855,Customer Beta,Widget C,18,295.89,5326.02,3355.26
2026-05-31,INV-78388,Customer Epsilon,Widget B,53,322.08,17070.24,13093.88
2026-05-31,INV-46771,Customer Beta,Gadget Y,74,244.18,18069.32,13055.55
2026-05-31,INV-20852,Customer Delta,Widget C,29,54.98,1594.42,1262.06
2026-05-31,INV-36986,Customer Epsilon,Widget C,32,333.15,10660.8,8356.12
2026-05-31,INV-38329,Customer Alpha,Widget A,64,39.53,2529.92,1526.26
2026-05-31,INV-87401,Customer Delta,Gadget X,25,248.95,6223.75,4263.97
2026-05-31,INV-69509,Customer Epsilon,Gadget Y,41,382.64,15688.24,10635.94
2026-05-31,INV-57663,Customer Epsilon,Widget B,14,457.92,6410.88,4197.18
2026-05-31,INV-34635,Customer Delta,Gadget X,80,261.6,20928.0,16637.87
2026-05-31,INV-85660,Customer Gamma,Widget A,55,90.46,4975.3,3367.22
2026-05-31,INV-41531,Customer Beta,Widget A,60,439.34,26360.4,20726.04
2026-06-01,INV-69328,Customer Beta,Gadget X,35,24.01,840.35,643.26
2026-06-01,INV-66554,Customer Gamma,Widget C,16,464.19,7427.04,4612.32
2026-06-01,INV-16967,Customer Beta,Widget B,51,256.07,13059.57,9494.07
2026-06-01,INV-65389,Customer Gamma,Gadget X,48,57.93,2780.64,2119.28
2026-06-01,INV-79410,Customer Gamma,Widget B,25,207.32,5183.0,3879.54
2026-06-02,INV-24559,Customer Delta,Gadget Y,14,343.77,4812.78,3665.35
2026-06-02,INV-41295,Customer Alpha,Widget B,7,448.58,3140.06,2335.6
2026-06-02,INV-63026,Customer Epsilon,Widget A,13,144.98,1884.74,1546.71
2026-06-02,INV-45162,Customer Delta,Gadget X,13,117.75,1530.75,1233.81
2026-06-02,INV-47747,Customer Beta,Gadget X,22,395.01,8690.22,5969.38
2026-06-02,INV-91542,Customer Gamma,Gadget Y,94,11.52,1082.88,699.83
2026-06-02,INV-19103,Customer Gamma,Gadget X,89,126.92,11295.88,7667.4
2026-06-02,INV-11669,Customer Beta,Widget B,43,450.94,19390.42,12321.81
2026-06-02,INV-20089,Customer Delta,Gadget X,43,20.21,869.03,733.11
2026-06-02,INV-10131,Customer Alpha,Widget B,77,182.55,14056.35,10098.89
2026-06-02,INV-84352,Customer Beta,Gadget X,61,63.6,3879.6,3122.04
2026-06-02,INV-22308,Customer Beta,Widget C,68,256.54,17444.72,13759.49
2026-06-02,INV-55977,Customer Gamma,Widget A,95,174.48,16575.6,11978.61
2026-06-02,INV-11777,Customer Gamma,Gadget Y,85,248.38,21112.3,14590.13
2026-06-02,INV-97023,Customer Gamma,Widget C,91,173.53,15791.23,11519.04
2026-06-02,INV-93859,Customer Delta,Gadget Y,15,142.27,2134.05,1557.49
2026-06-02,INV-28564,Customer Beta,Widget A,53,429.57,22767.21,17413.31
2026-06-02,INV-66455,Customer Delta,Widget C,4,129.74,518.96,407.51
2026-06-02,INV-59516,Customer Beta,Widget C,96,53.74,5159.04,4282.84
2026-06-02,INV-68886,Customer Gamma,Widget A,81,342.61,27751.41,22889.51
2026-06-03,INV-46208,Customer Gamma,Widget C,43,201.6,8668.8,6105.64
2026-06-03,INV-90264,Customer Beta,Widget C,6,293.96,1763.76,1367.72
2026-06-03,INV-55481,Customer Delta,Widget A,59,287.66,16971.94,13545.84
2026-06-03,INV-71121,Customer Alpha,Widget C,2,254.47,508.94,392.59
2026-06-03,INV-49799,Customer Epsilon,Widget B,38,315.66,11995.08,9189.19
2026-06-03,INV-15367,Customer Gamma,Gadget X,9,401.89,3617.01,2184.31
2026-06-03,INV-10667,Customer Gamma,Widget B,76,70.48,5356.48,3867.87
2026-06-03,INV-28051,Customer Gamma,Gadget X,85,418.71,35590.35,21798.22
2026-06-03,INV-30321,Customer Gamma,Widget C,65,336.01,21840.65,17302.63
2026-06-03,INV-86706,Customer Gamma,Widget A,19,498.0,9462.0,6142.56
2026-06-04,INV-98932,Customer Beta,Widget C,5,241.86,1209.3,832.79
2026-06-04,INV-44243,Customer Delta,Gadget X,52,483.78,25156.56,15711.14
2026-06-04,INV-52268,Customer Epsilon,Widget C,40,94.92,3796.8,2691.76
2026-06-04,INV-64566,Customer Beta,Gadget Y,88,386.15,33981.2,22512.72
2026-06-04,INV-92355,Customer Beta,Gadget Y,39,159.45,6218.55,4193.38
2026-06-04,INV-67264,Customer Epsilon,Gadget X,24,194.22,4661.28,3817.5
2026-06-04,INV-99805,Customer Beta,Widget A,68,226.53,15404.04,10448.79
2026-06-05,INV-70461,Customer Gamma,Gadget X,55,238.61,13123.55,11028.53
2026-06-05,INV-28426,Customer Epsilon,Widget A,4,479.17,1916.68,1351.7
2026-06-05,INV-91381,Customer Gamma,Gadget Y,32,294.36,9419.52,6530.34
2026-06-05,INV-26506,Customer Epsilon,Gadget Y,38,36.23,1376.74,1116.92
2026-06-05,INV-70322,Customer Alpha,Gadget X,60,405.67,24340.2,19928.0
2026-06-05,INV-24031,Customer Alpha,Widget A,8,142.39,1139.12,964.31
2026-06-05,INV-53425,Customer Epsilon,Widget C,13,412.75,5365.75,3977.96
2026-06-05,INV-16949,Customer Alpha,Widget A,95,296.46,28163.7,20494.87
2026-06-05,INV-27878,Customer Epsilon,Widget B,19,285.4,5422.6,4564.85
2026-06-05,INV-10845,Customer Beta,Widget B,39,317.84,12395.76,9666.03
2026-06-05,INV-30056,Customer Epsilon,Gadget X,89,108.34,9642.26,5947.21
2026-06-05,INV-72094,Customer Alpha,Gadget Y,67,57.46,3849.82,2506.52
2026-06-05,INV-49311,Customer Epsilon,Widget A,57,201.45,11482.65,9547.95
2026-06-05,INV-81659,Customer Delta,Gadget X,24,411.93,9886.32,8012.17
2026-06-05,INV-26147,Customer Epsilon,Widget C,88,225.17,19814.96,15149.33
2026-06-05,INV-96175,Customer Beta,Gadget X,82,20.61,1690.02,1073.88
2026-06-06,INV-72975,Customer Epsilon,Widget B,95,352.82,33517.9,21789.58
2026-06-06,INV-58147,Customer Gamma,Widget C,86,59.01,5074.86,3791.89
2026-06-06,INV-64643,Customer Delta,Widget C,50,351.85,17592.5,11027.58
2026-06-06,INV-61043,Customer Beta,Gadget X,4,148.88,595.52,375.2
2026-06-06,INV-96139,Customer Epsilon,Widget A,39,26.7,1041.3,794.1
2026-06-06,INV-28258,Customer Delta,Gadget Y,6,454.97,2729.82,1879.98
2026-06-06,INV-75619,Customer Delta,Gadget X,36,14.47,520.92,333.17
2026-06-06,INV-77245,Customer Beta,Gadget Y,45,452.25,20351.25,14882.13
2026-06-06,INV-83812,Customer Beta,Widget A,84,84.19,7071.96,5402.86
2026-06-06,INV-96303,Customer Delta,Widget C,92,430.75,39629.0,25164.8
2026-06-06,INV-59351,Customer Delta,Widget C,9,458.92,4130.28,3144.31
2026-06-06,INV-76450,Customer Epsilon,Gadget X,85,98.38,8362.3,6498.55
2026-06-07,INV-90933,Customer Gamma,Widget B,76,478.05,36331.8,24960.81
2026-06-07,INV-40369,Customer Alpha,Gadget X,6,24.47,146.82,114.99
2026-06-07,INV-40347,Customer Alpha,Widget A,64,467.77,29937.28,21528.0
2026-06-07,INV-65057,Customer Alpha,Widget B,23,366.8,8436.4,5871.91
2026-06-07,INV-19552,Customer Alpha,Widget A,79,132.74,10486.46,6389.97
2026-06-07,INV-32815,Customer Gamma,Gadget X,78,319.33,24907.74,15128.09
2026-06-07,INV-93544,Customer Alpha,Widget C,90,230.26,20723.4,13124.22
2026-06-07,INV-98978,Customer Epsilon,Gadget Y,26,105.9,2753.4,1990.09
2026-06-07,INV-79275,Customer Beta,Widget C,26,373.66,9715.16,6883.34
2026-06-07,INV-22609,Customer Alpha,Widget B,75,21.88,1641.0,1378.37
2026-06-07,INV-63480,Customer Alpha,Widget B,18,447.71,8058.78,5559.67
2026-06-07,INV-94178,Customer Epsilon,Gadget Y,10,176.95,1769.5,1363.56
2026-06-07,INV-72093,Customer Delta,Gadget Y,25,417.88,10447.0,7757.86
2026-06-08,INV-67524,Customer Epsilon,Widget C,72,428.18,30828.96,24675.47
2026-06-08,INV-77796,Customer Delta,Gadget X,10,288.88,2888.8,1825.14
2026-06-08,INV-80849,Customer Alpha,Widget C,16,254.37,4069.92,2494.33
2026-06-08,INV-42949,Customer Alpha,Widget C,29,412.45,11961.05,8043.5
2026-06-08,INV-47757,Customer Gamma,Gadget X,9,437.5,3937.5,2517.9
2026-06-08,INV-90117,Customer Epsilon,Widget A,74,128.29,9493.46,6924.91
2026-06-08,INV-24532,Customer Gamma,Gadget Y,52,313.14,16283.28,11992.4
2026-06-08,INV-65234,Customer Delta,Gadget Y,34,330.08,11222.72,6824.18
2026-06-08,INV-36769,Customer Beta,Widget C,43,445.13,19140.59,11768.55
2026-06-08,INV-40882,Customer Gamma,Gadget Y,97,335.03,32497.91,26634.23
2026-06-08,INV-14634,Customer Alpha,Gadget X,73,453.12,33077.76,25660.82
2026-06-08,INV-20563,Customer Alpha,Widget C,54,303.09,16366.86,12326.02
2026-06-08,INV-14666,Customer Delta,Gadget Y,17,142.55,2423.35,1479.3
2026-06-08,INV-49769,Customer Epsilon,Gadget X,29,328.67,9531.43,6747.1
2026-06-08,INV-35712,Customer Alpha,Widget B,8,22.91,183.28,145.79
2026-06-08,INV-82416,Customer Epsilon,Gadget Y,49,344.15,16863.35,13228.98
2026-06-09,INV-65945,Customer Delta,Widget A,99,194.84,19289.16,12177.43
2026-06-09,INV-58196,Customer Beta,Gadget Y,15,224.6,3369.0,2777.02
2026-06-09,INV-40413,Customer Beta,Widget C,44,223.9,9851.6,6053.62
2026-06-09,INV-80283,Customer Epsilon,Widget A,2,121.29,242.58,190.88
2026-06-09,INV-17455,Customer Alpha,Gadget Y,2,437.9,875.8,580.2
2026-06-09,INV-51173,Customer Alpha,Widget A,17,224.89,3823.13,2563.98
2026-06-09,INV-27002,Customer Epsilon,Widget C,84,446.31,37490.04,31848.62
2026-06-09,INV-20011,Customer Delta,Gadget Y,62,332.22,20597.64,15739.64
2026-06-09,INV-56787,Customer Epsilon,Widget C,27,252.52,6818.04,5344.01
2026-06-09,INV-82273,Customer Delta,Widget B,92,158.33,14566.36,10076.04
2026-06-09,INV-80964,Customer Beta,Widget C,68,447.56,30434.08,20686.49
2026-06-09,INV-91509,Customer Alpha,Gadget Y,7,179.85,1258.95,884.67
2026-06-09,INV-78287,Customer Gamma,Gadget X,11,109.74,1207.14,765.67
2026-06-09,INV-28607,Customer Gamma,Widget B,95,280.95,26690.25,16833.19
2026-06-09,INV-24973,Customer Beta,Widget A,90,225.74,20316.6,16071.41
2026-06-09,INV-49375,Customer Delta,Widget A,5,142.45,712.25,532.09
2026-06-09,INV-12470,Customer Alpha,Widget A,36,428.74,15434.64,10742.26
2026-06-09,INV-34173,Customer Delta,Gadget X,57,31.76,1810.32,1179.3
2026-06-09,INV-55587,Customer Epsilon,Gadget X,7,333.6,2335.2,1419.4
2026-06-09,INV-44410,Customer Epsilon,Widget A,97,447.65,43422.05,36069.6
2026-06-10,INV-66039,Customer Gamma,Widget A,93,416.33,38718.69,27432.93
2026-06-10,INV-98862,Customer Alpha,Widget A,71,200.17,14212.07,11090.02
2026-06-10,INV-78014,Customer Epsilon,Widget C,60,217.68,13060.8,10184.88
2026-06-10,INV-41224,Customer Beta,Widget C,49,238.99,11710.51,9932.31
2026-06-10,INV-21211,Customer Alpha,Widget B,36,401.8,14464.8,12117.77
2026-06-10,INV-90681,Customer Epsilon,Widget B,38,175.39,6664.82,4656.38
2026-06-10,INV-89691,Customer Gamma,Widget C,35,333.02,11655.7,9273.35
2026-06-10,INV-44670,Customer Alpha,Widget A,40,288.54,11541.6,7851.14
2026-06-10,INV-14850,Customer Delta,Widget B,60,18.46,1107.6,667.02
2026-06-10,INV-17678,Customer Delta,Widget C,82,423.72,34745.04,22739.26
2026-06-10,INV-18394,Customer Alpha,Gadget Y,36,449.55,16183.8,11941.41
2026-06-11,INV-74871,Customer Gamma,Widget B,99,395.5,39154.5,26033.25
2026-06-11,INV-95980,Customer Beta,Widget B,81,95.5,7735.5,6326.17
2026-06-11,INV-76416,Customer Beta,Widget A,15,330.75,4961.25,3205.28
2026-06-11,INV-17970,Customer Epsilon,Gadget X,41,30.56,1252.96,976.48
2026-06-11,INV-56312,Customer Gamma,Widget C,3,342.41,1027.23,836.55
2026-06-11,INV-76445,Customer Alpha,Gadget Y,77,125.0,9625.0,6037.67
2026-06-11,INV-84758,Customer Alpha,Gadget X,66,47.95,3164.7,2060.25
2026-06-11,INV-28753,Customer Delta,Widget C,10,324.52,3245.2,2657.7
2026-06-11,INV-63495,Customer Gamma,Widget A,78,396.2,30903.6,21130.23
2026-06-11,INV-15847,Customer Delta,Widget C,38,314.74,11960.12,7655.41
2026-06-11,INV-51039,Customer Beta,Widget C,76,22.51,1710.76,1286.94
2026-06-11,INV-59655,Customer Epsilon,Gadget Y,75,359.29,26946.75,22500.13
2026-06-11,INV-95093,Customer Alpha,Gadget Y,85,365.87,31098.95,21622.24
2026-06-11,INV-92617,Customer Alpha,Widget A,29,287.05,8324.45,7071.23
2026-06-11,INV-79174,Customer Delta,Gadget Y,69,369.19,25474.11,20682.4
2026-06-11,INV-51541,Customer Epsilon,Widget A,61,333.01,20313.61,14830.64
2026-06-11,INV-41860,Customer Beta,Widget C,74,153.6,11366.4,7513.27
2026-06-11,INV-41594,Customer Beta,Widget C,59,164.26,9691.34,8170.76
2026-06-11,INV-20019,Customer Delta,Gadget X,47,49.05,2305.35,1706.22
2026-06-12,INV-84624,Customer Epsilon,Gadget X,30,229.99,6899.7,4862.31
2026-06-12,INV-86645,Customer Epsilon,Widget B,32,390.46,12494.72,8770.1
2026-06-12,INV-25461,Customer Epsilon,Widget B,34,399.97,13598.98,9320.65
2026-06-12,INV-74775,Customer Delta,Widget A,54,257.46,13902.84,8857.49
2026-06-12,INV-44521,Customer Beta,Widget B,59,17.6,1038.4,654.4
2026-06-12,INV-66547,Customer Delta,Gadget Y,96,59.49,5711.04,4668.0
2026-06-12,INV-60870,Customer Beta,Widget A,10,74.87,748.7,611.48
2026-06-12,INV-48455,Customer Gamma,Gadget X,17,207.14,3521.38,2603.13
2026-06-12,INV-15929,Customer Gamma,Widget A,44,299.82,13192.08,9948.9
2026-06-12,INV-67106,Customer Gamma,Widget A,58,456.23,26461.34,20049.97
2026-06-12,INV-87274,Customer Delta,Widget C,90,75.96,6836.4,4415.38
2026-06-12,INV-58480,Customer Alpha,Gadget Y,20,448.84,8976.8,6718.13
2026-06-12,INV-87080,Customer Delta,Gadget X,42,224.91,9446.22,6868.98
2026-06-12,INV-83941,Customer Alpha,Widget C,30,155.7,4671.0,3200.94
2026-06-12,INV-47389,Customer Epsilon,Gadget Y,75,259.03,19427.25,16163.68
2026-06-12,INV-15496,Customer Delta,Widget C,41,381.08,15624.28,13099.06
2026-06-13,INV-23037,Customer Epsilon,Gadget X,36,291.82,10505.52,7919.79
2026-06-13,INV-67529,Customer Gamma,Widget C,22,68.09,1497.98,1001.34
2026-06-13,INV-89451,Customer Beta,Widget B,37,470.21,17397.77,11567.03
2026-06-13,INV-82373,Customer Beta,Widget A,86,146.53,12601.58,7863.31
2026-06-13,INV-80756,Customer Beta,Gadget Y,4,303.21,1212.84,739.76
2026-06-13,INV-58436,Customer Beta,Gadget Y,1,249.3,249.3,200.84
2026-06-13,INV-26538,Customer Gamma,Widget B,74,218.99,16205.26,11525.28
2026-06-13,INV-25720,Customer Gamma,Gadget X,15,360.96,5414.4,4492.85
2026-06-13,INV-46497,Customer Delta,Gadget X,64,138.9,8889.6,7255.03
2026-06-13,INV-19745,Customer Gamma,Widget A,11,374.7,4121.7,2702.23
2026-06-13,INV-77219,Customer Beta,Widget C,65,174.32,11330.8,8083.01
2026-06-14,INV-78327,Customer Alpha,Widget C,56,59.22,3316.32,2574.38
2026-06-14,INV-14670,Customer Beta,Widget C,72,333.95,24044.4,19701.82
2026-06-14,INV-38863,Customer Beta,Widget A,18,297.31,5351.58,4377.75
2026-06-14,INV-75106,Customer Gamma,Widget B,61,84.2,5136.2,4126.77
2026-06-14,INV-77673,Customer Beta,Widget C,26,321.04,8347.04,5193.34
2026-06-14,INV-37334,Customer Alpha,Widget B,56,42.96,2405.76,1778.9
2026-06-14,INV-92709,Customer Alpha,Widget B,54,347.11,18743.94,14120.65
2026-06-15,INV-49334,Customer Delta,Widget C,68,331.9,22569.2,14557.5
2026-06-15,INV-61407,Customer Gamma,Widget B,86,247.68,21300.48,17023.06
2026-06-15,INV-24728,Customer Gamma,Gadget Y,70,245.67,17196.9,10733.16
2026-06-15,INV-25180,Customer Delta,Widget C,58,169.44,9827.52,7523.99
2026-06-15,INV-62178,Customer Delta,Widget B,41,333.7,13681.7,9397.89
2026-06-15,INV-13796,Customer Delta,Widget B,63,304.52,19184.76,14806.9
2026-06-15,INV-63609,Customer Gamma,Widget C,65,115.4,7501.0,6096.42
2026-06-15,INV-63900,Customer Epsilon,Widget A,99,168.36,16667.64,12813.2
2026-06-15,INV-45168,Customer Delta,Gadget X,55,205.35,11294.25,9352.68
2026-06-15,INV-68672,Customer Beta,Gadget X,44,321.77,14157.88,8656.23
2026-06-15,INV-91957,Customer Beta,Gadget X,74,439.05,32489.7,23847.55
2026-06-15,INV-12610,Customer Epsilon,Widget A,79,171.55,13552.45,10181.15
2026-06-16,INV-82468,Customer Alpha,Gadget X,100,355.32,35532.0,29422.53
2026-06-16,INV-30577,Customer Alpha,Widget A,67,113.13,7579.71,5562.51
2026-06-16,INV-59005,Customer Delta,Gadget Y,92,122.37,11258.04,9010.05
2026-06-16,INV-11787,Customer Delta,Widget C,28,280.95,7866.6,5209.07
2026-06-16,INV-62158,Customer Alpha,Widget A,97,470.77,45664.69,28569.21
2026-06-17,INV-42415,Customer Beta,Widget A,37,157.72,5835.64,3836.94
2026-06-17,INV-95888,Customer Gamma,Widget A,96,70.58,6775.68,5393.53
2026-06-17,INV-20030,Customer Beta,Gadget X,95,439.54,41756.3,34052.09
2026-06-17,INV-12641,Customer Epsilon,Widget A,93,354.71,32988.03,25834.9
2026-06-17,INV-87095,Customer Epsilon,Widget A,78,460.3,35903.4,22399.74
2026-06-17,INV-65725,Customer Beta,Gadget X,78,431.06,33622.68,26770.14
2026-06-17,INV-44638,Customer Alpha,Gadget Y,39,144.28,5626.92,3661.25
2026-06-17,INV-63258,Customer Delta,Gadget Y,49,152.71,7482.79,4663.77
2026-06-17,INV-76400,Customer Gamma,Gadget Y,62,149.37,9260.94,7183.9
2026-06-17,INV-58855,Customer Delta,Widget B,3,496.65,1489.95,1164.98
2026-06-17,INV-62081,Customer Alpha,Gadget Y,58,119.79,6947.82,5862.55
2026-06-17,INV-50712,Customer Delta,Widget B,48,243.64,11694.72,7335.36
2026-06-17,INV-32184,Customer Beta,Widget C,81,488.15,39540.15,24667.01
2026-06-17,INV-90804,Customer Delta,Widget B,76,132.48,10068.48,6396.83
2026-06-17,INV-17724,Customer Epsilon,Gadget X,93,421.43,39192.99,30968.16
2026-06-17,INV-29741,Customer Gamma,Gadget X,53,162.61,8618.33,5898.96
2026-06-17,INV-10730,Customer Gamma,Widget A,89,287.0,25543.0,17921.83
2026-06-17,INV-75511,Customer Beta,Widget C,97,285.58,27701.26,20005.34
2026-06-17,INV-82719,Customer Beta,Widget C,42,236.07,9914.94,7146.18
2026-06-17,INV-11785,Customer Alpha,Widget A,55,352.64,19395.2,13458.75
2026-06-18,INV-24898,Customer Alpha,Gadget Y,22,106.71,2347.62,1919.03
2026-06-18,INV-73857,Customer Delta,Widget A,64,93.65,5993.6,4799.61
2026-06-18,INV-67079,Customer Epsilon,Widget B,54,205.71,11108.34,7489.11
2026-06-18,INV-83899,Customer Gamma,Widget C,67,167.97,11253.99,9255.13
2026-06-18,INV-90478,Customer Beta,Widget B,38,266.39,10122.82,6591.12
2026-06-18,INV-53276,Customer Epsilon,Widget C,78,133.11,10382.58,7431.02
2026-06-18,INV-51640,Customer Beta,Widget B,68,360.39,24506.52,17607.14
2026-06-18,INV-10734,Customer Beta,Gadget X,20,240.54,4810.8,4081.13
2026-06-18,INV-53389,Customer Beta,Widget C,26,350.08,9102.08,6684.87
2026-06-18,INV-55934,Customer Alpha,Widget A,80,239.66,19172.8,12253.59
2026-06-19,INV-65858,Customer Alpha,Widget C,25,144.54,3613.5,2909.55
2026-06-19,INV-43390,Customer Gamma,Gadget Y,48,316.01,15168.48,10630.33
2026-06-19,INV-29978,Customer Epsilon,Gadget Y,83,333.09,27646.47,17123.37
2026-06-19,INV-26607,Customer Beta,Widget A,36,97.38,3505.68,2597.41
2026-06-19,INV-87616,Customer Epsilon,Gadget Y,83,385.37,31985.71,21831.53
2026-06-19,INV-72050,Customer Gamma,Gadget Y,95,436.95,41510.25,31843.52
2026-06-19,INV-21971,Customer Beta,Widget B,1,393.85,393.85,333.7
2026-06-19,INV-52380,Customer Beta,Gadget Y,19,90.76,1724.44,1411.72
2026-06-19,INV-97142,Customer Alpha,Widget A,18,260.74,4693.32,3331.89
2026-06-19,INV-83419,Customer Gamma,Gadget X,39,255.18,9952.02,6263.05
2026-06-19,INV-50863,Customer Delta,Gadget X,100,198.91,19891.0,14294.06
2026-06-19,INV-38036,Customer Gamma,Gadget Y,68,48.32,3285.76,2468.74
2026-06-20,INV-42838,Customer Beta,Widget C,56,284.64,15939.84,11516.91
2026-06-20,INV-57931,Customer Epsilon,Widget A,56,329.53,18453.68,11893.45
2026-06-20,INV-35032,Customer Gamma,Gadget X,94,217.8,20473.2,15441.78
2026-06-20,INV-35668,Customer Gamma,Gadget X,23,467.26,10746.98,9122.68
2026-06-20,INV-53050,Customer Gamma,Gadget X,68,105.5,7174.0,5355.73
2026-06-20,INV-45786,Customer Gamma,Widget A,33,256.37,8460.21,5103.61
2026-06-20,INV-43166,Customer Gamma,Widget A,83,244.58,20300.14,12402.97
2026-06-20,INV-71709,Customer Alpha,Widget C,74,413.43,30593.82,24958.33
2026-06-20,INV-94875,Customer Delta,Gadget Y,63,95.15,5994.45,4720.53
2026-06-20,INV-30079,Customer Alpha,Gadget Y,5,191.07,955.35,719.6
2026-06-21,INV-68114,Customer Alpha,Widget B,54,418.69,22609.26,14240.59
2026-06-21,INV-35451,Customer Gamma,Widget A,13,430.37,5594.81,3745.0
2026-06-21,INV-51481,Customer Alpha,Gadget Y,43,420.26,18071.18,14674.84
2026-06-21,INV-97096,Customer Epsilon,Widget B,93,472.71,43962.03,32052.06
2026-06-21,INV-75735,Customer Delta,Gadget X,86,338.12,29078.32,17919.19
2026-06-21,INV-89761,Customer Gamma,Widget B,11,94.57,1040.27,635.74
2026-06-21,INV-10422,Customer Epsilon,Widget B,53,94.75,5021.75,3950.65
2026-06-21,INV-84471,Customer Gamma,Widget C,72,181.84,13092.48,8973.1
2026-06-21,INV-33920,Customer Epsilon,Widget A,60,53.2,3192.0,2647.77
2026-06-21,INV-32195,Customer Beta,Widget A,41,299.66,12286.06,10338.0
2026-06-22,INV-42339,Customer Gamma,Widget B,59,49.82,2939.38,2295.86
2026-06-22,INV-16990,Customer Beta,Widget C,96,380.36,36514.56,23120.42
2026-06-22,INV-64261,Customer Gamma,Gadget X,23,146.69,3373.87,2500.91
2026-06-22,INV-48657,Customer Beta,Widget B,35,442.95,15503.25,9988.4
2026-06-22,INV-57659,Customer Delta,Widget C,34,55.28,1879.52,1294.59
2026-06-23,INV-86706,Customer Delta,Gadget Y,81,346.65,28078.65,18043.86
2026-06-23,INV-66866,Customer Beta,Gadget X,69,288.67,19918.23,16899.4
2026-06-23,INV-82300,Customer Gamma,Widget C,27,177.67,4797.09,4039.74
2026-06-23,INV-71300,Customer Alpha,Widget C,66,388.97,25672.02,17060.43
2026-06-23,INV-72286,Customer Alpha,Widget C,15,263.34,3950.1,2993.3
2026-06-23,INV-96285,Customer Delta,Widget B,76,168.27,12788.52,9475.56
2026-06-23,INV-11035,Customer Alpha,Gadget Y,42,353.63,14852.46,11248.78
2026-06-23,INV-23134,Customer Delta,Widget B,61,174.01,10614.61,8088.02
2026-06-23,INV-12850,Customer Gamma,Widget B,40,89.75,3590.0,2644.73
2026-06-23,INV-62341,Customer Epsilon,Gadget X,59,300.85,17750.15,13731.95
2026-06-23,INV-73249,Customer Beta,Gadget X,33,364.45,12026.85,9022.97
2026-06-23,INV-76448,Customer Gamma,Gadget X,6,485.68,2914.08,2387.68
2026-06-23,INV-62527,Customer Delta,Widget A,55,389.3,21411.5,17953.45
2026-06-23,INV-88230,Customer Alpha,Gadget Y,21,260.98,5480.58,4552.11
2026-06-23,INV-53666,Customer Beta,Gadget Y,73,378.41,27623.93,17471.38
2026-06-23,INV-55364,Customer Alpha,Widget A,40,398.5,15940.0,10127.72
2026-06-24,INV-32553,Customer Beta,Gadget X,59,10.41,614.19,391.16
2026-06-24,INV-67219,Customer Gamma,Widget C,11,100.45,1104.95,899.92
2026-06-24,INV-59054,Customer Beta,Widget A,20,345.51,6910.2,5607.05
2026-06-24,INV-61648,Customer Delta,Widget A,21,178.91,3757.11,2696.48
2026-06-24,INV-41816,Customer Delta,Widget B,86,194.38,16716.68,11966.99
2026-06-24,INV-62413,Customer Delta,Widget A,17,165.99,2821.83,2352.89
2026-06-24,INV-61622,Customer Gamma,Widget C,87,367.88,32005.56,22600.67
2026-06-24,INV-86864,Customer Alpha,Gadget Y,45,249.27,11217.15,8806.67
2026-06-24,INV-57484,Customer Beta,Widget A,78,97.3,7589.4,4999.82
2026-06-24,INV-20127,Customer Epsilon,Widget C,1,309.18,309.18,243.61
2026-06-24,INV-67068,Customer Beta,Widget B,64,102.11,6535.04,4266.13
2026-06-24,INV-47350,Customer Gamma,Widget A,50,330.48,16524.0,11673.01
2026-06-24,INV-65277,Customer Delta,Widget C,87,412.42,35880.54,21840.72
2026-06-24,INV-70938,Customer Beta,Widget B,51,344.35,17561.85,14199.78
2026-06-24,INV-63015,Customer Gamma,Widget A,88,369.01,32472.88,24808.21
2026-06-24,INV-99954,Customer Beta,Widget A,41,73.08,2996.28,2177.52
2026-06-24,INV-65372,Customer Alpha,Gadget X,63,330.37,20813.31,15975.23
2026-06-24,INV-89119,Customer Gamma,Widget A,55,136.74,7520.7,5704.67
2026-06-24,INV-80126,Customer Epsilon,Gadget X,48,392.69,18849.12,14664.73
2026-06-25,INV-98436,Customer Beta,Widget A,55,270.54,14879.7,10354.31
2026-06-25,INV-87352,Customer Beta,Widget A,1,175.19,175.19,146.03
2026-06-25,INV-69636,Customer Beta,Widget C,66,408.29,26947.14,21070.16
2026-06-25,INV-74175,Customer Alpha,Gadget X,60,148.04,8882.4,5599.36
2026-06-25,INV-43072,Customer Gamma,Gadget X,7,445.69,3119.83,2407.25
2026-06-25,INV-81139,Customer Gamma,Gadget X,87,155.11,13494.57,10860.33
2026-06-25,INV-52550,Customer Beta,Widget C,38,184.87,7025.06,4245.8
2026-06-25,INV-79634,Customer Alpha,Widget C,77,64.72,4983.44,3901.91
2026-06-25,INV-28958,Customer Beta,Gadget X,23,51.18,1177.14,734.12
2026-06-25,INV-90903,Customer Delta,Gadget X,36,179.24,6452.64,4610.46
2026-06-25,INV-58863,Customer Epsilon,Widget B,73,234.63,17127.99,10604.52
2026-06-25,INV-23254,Customer Beta,Widget A,78,488.65,38114.7,28946.35
2026-06-25,INV-49581,Customer Epsilon,Gadget X,93,48.59,4518.87,3759.07
2026-06-25,INV-95576,Customer Delta,Gadget X,3,100.13,300.39,236.31
2026-06-25,INV-49741,Customer Delta,Widget A,15,398.89,5983.35,4443.98
2026-06-25,INV-16400,Customer Epsilon,Gadget Y,70,428.58,30000.6,19828.54
2026-06-26,INV-34341,Customer Delta,Gadget Y,28,382.75,10717.0,7600.89
2026-06-26,INV-33758,Customer Epsilon,Widget C,86,32.41,2787.26,1950.16
2026-06-26,INV-64306,Customer Gamma,Widget C,1,209.52,209.52,126.69
2026-06-26,INV-93211,Customer Gamma,Widget B,35,236.6,8281.0,6604.63
2026-06-26,INV-38974,Customer Alpha,Widget C,29,120.16,3484.64,2708.44
2026-06-26,INV-70377,Customer Epsilon,Widget A,37,366.8,13571.6,10210.31
2026-06-26,INV-72338,Customer Delta,Gadget Y,82,301.66,24736.12,18190.06
2026-06-26,INV-68246,Customer Alpha,Gadget Y,44,176.89,7783.16,5343.85
2026-06-26,INV-32283,Customer Delta,Widget B,96,254.5,24432.0,17910.12
2026-06-26,INV-20303,Customer Gamma,Gadget X,52,25.81,1342.12,1091.24
2026-06-26,INV-79414,Customer Epsilon,Gadget X,45,50.72,2282.4,1796.26
2026-06-26,INV-71260,Customer Gamma,Widget C,38,377.92,14360.96,10237.57
2026-06-26,INV-84041,Customer Beta,Widget A,80,296.62,23729.6,17941.15
2026-06-26,INV-82933,Customer Delta,Gadget X,98,21.47,2104.06,1774.44
2026-06-26,INV-89576,Customer Beta,Gadget X,49,461.38,22607.62,14308.91
2026-06-26,INV-84808,Customer Alpha,Widget A,51,116.97,5965.47,5058.91
2026-06-27,INV-62575,Customer Beta,Widget B,99,390.99,38708.01,30332.18
2026-06-27,INV-88544,Customer Delta,Gadget Y,46,378.13,17393.98,12254.84
2026-06-27,INV-92984,Customer Gamma,Widget C,99,187.96,18608.04,11656.26
2026-06-27,INV-62948,Customer Epsilon,Widget C,69,270.93,18694.17,12268.51
2026-06-27,INV-33281,Customer Delta,Gadget X,37,414.81,15347.97,10933.34
2026-06-27,INV-70820,Customer Gamma,Gadget X,1,271.01,271.01,185.24
2026-06-27,INV-64823,Customer Alpha,Widget B,50,294.28,14714.0,10366.38
2026-06-27,INV-89915,Customer Beta,Gadget X,82,24.23,1986.86,1303.48
2026-06-27,INV-12992,Customer Epsilon,Gadget Y,11,303.79,3341.69,2616.67
2026-06-27,INV-99700,Customer Epsilon,Widget C,32,91.56,2929.92,2216.11
2026-06-27,INV-95736,Customer Gamma,Widget A,3,374.05,1122.15,921.15
2026-06-27,INV-31152,Customer Epsilon,Gadget X,66,433.08,28583.28,23226.12
2026-06-27,INV-36186,Customer Gamma,Gadget X,93,438.58,40787.94,26259.39
2026-06-27,INV-85707,Customer Beta,Widget C,38,41.76,1586.88,964.38
2026-06-28,INV-33183,Customer Beta,Gadget X,88,305.59,26891.92,22788.97
2026-06-28,INV-53418,Customer Epsilon,Gadget X,83,64.47,5351.01,4018.62
2026-06-28,INV-14236,Customer Beta,Widget B,60,363.8,21828.0,13477.93
2026-06-28,INV-64668,Customer Epsilon,Gadget X,61,432.46,26380.06,16292.1
2026-06-28,INV-80014,Customer Epsilon,Widget C,16,360.74,5771.84,4338.95
2026-06-28,INV-62218,Customer Delta,Widget A,62,415.6,25767.2,15845.45
2026-06-28,INV-95148,Customer Gamma,Widget A,52,361.15,18779.8,13669.63
2026-06-28,INV-85997,Customer Delta,Gadget X,16,60.78,972.48,789.43
2026-06-28,INV-41859,Customer Beta,Widget A,47,212.32,9979.04,6835.23
2026-06-28,INV-19708,Customer Beta,Gadget X,34,57.59,1958.06,1489.12
2026-06-28,INV-48704,Customer Delta,Gadget X,97,129.92,12602.24,8380.49
2026-06-28,INV-87912,Customer Gamma,Gadget X,58,352.79,20461.82,15183.85
2026-06-28,INV-58608,Customer Beta,Widget A,19,265.67,5047.73,3061.37
2026-06-28,INV-30749,Customer Gamma,Gadget Y,92,152.7,14048.4,11747.24
2026-06-28,INV-30242,Customer Gamma,Gadget Y,61,359.41,21924.01,16844.65
2026-06-28,INV-93461,Customer Beta,Widget B,78,153.24,11952.72,8319.77
2026-06-28,INV-11581,Customer Alpha,Widget B,28,295.78,8281.84,5276.28
2026-06-28,INV-77740,Customer Gamma,Widget C,93,259.21,24106.53,19708.49
2026-06-28,INV-94390,Customer Delta,Gadget X,80,451.0,36080.0,30419.08
2026-06-29,INV-73602,Customer Epsilon,Gadget Y,41,266.44,10924.04,7586.69
2026-06-29,INV-11865,Customer Epsilon,Widget B,62,95.94,5948.28,4903.07
2026-06-29,INV-46479,Customer Gamma,Widget A,29,161.56,4685.24,3073.88
2026-06-29,INV-84633,Customer Alpha,Gadget Y,84,106.5,8946.0,6483.14
2026-06-29,INV-14304,Customer Epsilon,Widget A,30,373.28,11198.4,7736.86
2026-06-29,INV-80091,Customer Alpha,Gadget X,43,258.63,11121.09,7427.42
2026-06-29,INV-42072,Customer Alpha,Gadget Y,8,228.85,1830.8,1337.83
2026-06-29,INV-39928,Customer Beta,Widget C,89,468.8,41723.2,33978.57
2026-06-29,INV-46369,Customer Beta,Gadget X,6,489.89,2939.34,1958.9
2026-06-30,INV-39830,Customer Alpha,Widget B,17,266.05,4522.85,2782.53
2026-06-30,INV-80376,Customer Epsilon,Widget B,98,294.82,28892.36,20688.89
2026-06-30,INV-67920,Customer Gamma,Widget A,82,45.8,3755.6,2702.43
2026-06-30,INV-88419,Customer Delta,Widget A,26,58.94,1532.44,1145.26
2026-06-30,INV-24617,Customer Gamma,Gadget X,73,14.71,1073.83,759.67
2026-06-30,INV-69802,Customer Beta,Gadget X,76,404.83,30767.08,23186.17
2026-06-30,INV-92723,Customer Gamma,Widget A,97,209.51,20322.47,13569.02
