Date,Order ID,Item,Category,Quantity,Price,Amount,Cost
2026-01-01,ORD-54897,Beef Burger,Burgers,3,14,42,18.0
2026-01-01,ORD-99712,Soda,Drinks,1,3,3,0.5
2026-01-01,ORD-70272,Tiramisu,Desserts,2,8,16,6.0
2026-01-01,ORD-67227,French Fries,Sides,1,5,5,1.5
2026-01-01,ORD-13068,Caesar Salad,Salads,1,12,12,4.0
2026-01-01,ORD-75711,Tiramisu,Desserts,3,8,24,9.0
2026-01-01,ORD-56830,Coffee,Drinks,1,4,4,1.0
2026-01-01,ORD-73810,Soda,Drinks,1,3,3,0.5
2026-01-01,ORD-86758,Margherita Pizza,Pizza,5,15,75,25.0
2026-01-01,ORD-34715,Pepperoni Pizza,Pizza,2,18,36,12.0
2026-01-01,ORD-73676,Chicken Wings,Appetizers,3,10,30,12.0
2026-01-01,ORD-42401,Soda,Drinks,1,3,3,0.5
2026-01-01,ORD-86486,Bruschetta,Appetizers,1,7,7,2.5
2026-01-01,ORD-92134,Chicken Wings,Appetizers,3,10,30,12.0
2026-01-01,ORD-82059,Beef Burger,Burgers,3,14,42,18.0
2026-01-01,ORD-94472,French Fries,Sides,1,5,5,1.5
2026-01-01,ORD-50608,Soda,Drinks,3,3,9,1.5
2026-01-01,ORD-98758,Beef Burger,Burgers,2,14,28,12.0
2026-01-01,ORD-61315,Coffee,Drinks,3,4,12,3.0
2026-01-01,ORD-80529,Soda,Drinks,1,3,3,0.5
2026-01-01,ORD-22181,Tiramisu,Desserts,2,8,16,6.0
2026-01-01,ORD-83201,Chicken Wings,Appetizers,1,10,10,4.0
2026-01-01,ORD-96677,Soda,Drinks,1,3,3,0.5
2026-01-01,ORD-59937,Soda,Drinks,3,3,9,1.5
2026-01-01,ORD-80216,Pepperoni Pizza,Pizza,2,18,36,12.0
2026-01-01,ORD-36034,Soda,Drinks,2,3,6,1.0
2026-01-01,ORD-55089,Margherita Pizza,Pizza,2,15,30,10.0
2026-01-01,ORD-39447,Chicken Wings,Appetizers,1,10,10,4.0
2026-01-01,ORD-59343,Beef Burger,Burgers,1,14,14,6.0
2026-01-01,ORD-42643,Coffee,Drinks,2,4,8,2.0
2026-01-01,ORD-73487,Coffee,Drinks,3,4,12,3.0
2026-01-01,ORD-40047,Pepperoni Pizza,Pizza,2,18,36,12.0
2026-01-01,ORD-93554,Soda,Drinks,3,3,9,1.5
2026-01-01,ORD-86990,Caesar Salad,Salads,3,12,36,12.0
2026-01-01,ORD-69611,Margherita Pizza,Pizza,5,15,75,25.0
2026-01-01,ORD-56057,Beef Burger,Burgers,1,14,14,6.0
2026-01-01,ORD-19641,Caesar Salad,Salads,1,12,12,4.0
2026-01-01,ORD-97123,Soda,Drinks,3,3,9,1.5
2026-01-01,ORD-70432,Caesar Salad,Salads,2,12,24,8.0
2026-01-01,ORD-60454,Bruschetta,Appetizers,1,7,7,2.5
2026-01-01,ORD-45936,Beef Burger,Burgers,2,14,28,12.0
2026-01-01,ORD-44499,Soda,Drinks,2,3,6,1.0
2026-01-01,ORD-50727,Margherita Pizza,Pizza,4,15,60,20.0
2026-01-01,ORD-37835,Beef Burger,Burgers,1,14,14,6.0
2026-01-01,ORD-32014,Coffee,Drinks,3,4,12,3.0
2026-01-01,ORD-58107,Chicken Wings,Appetizers,3,10,30,12.0
2026-01-01,ORD-86463,Coffee,Drinks,2,4,8,2.0
2026-01-01,ORD-27424,Chicken Wings,Appetizers,3,10,30,12.0
2026-01-01,ORD-97784,Margherita Pizza,Pizza,3,15,45,15.0
2026-01-01,ORD-48717,Soda,Drinks,1,3,3,0.5
2026-01-01,ORD-97855,Chicken Wings,Appetizers,3,10,30,12.0
2026-01-01,ORD-57627,Tiramisu,Desserts,1,8,8,3.0
2026-01-01,ORD-90195,Pepperoni Pizza,Pizza,3,18,54,18.0
2026-01-01,ORD-67222,Margherita Pizza,Pizza,3,15,45,15.0
2026-01-01,ORD-94636,French Fries,Sides,2,5,10,3.0
2026-01-01,ORD-73979,Caesar Salad,Salads,1,12,12,4.0
2026-01-02,ORD-14191,Coffee,Drinks,3,4,12,3.0
2026-01-02,ORD-92108,Margherita Pizza,Pizza,4,15,60,20.0
2026-01-02,ORD-33934,Soda,Drinks,3,3,9,1.5
2026-01-02,ORD-40755,Chicken Wings,Appetizers,3,10,30,12.0
2026-01-02,ORD-96351,Coffee,Drinks,3,4,12,3.0
2026-01-02,ORD-84894,Coffee,Drinks,3,4,12,3.0
2026-01-02,ORD-26132,Beef Burger,Burgers,3,14,42,18.0
2026-01-02,ORD-27535,Caesar Salad,Salads,2,12,24,8.0
2026-01-02,ORD-39521,Beef Burger,Burgers,3,14,42,18.0
2026-01-02,ORD-51860,Soda,Drinks,1,3,3,0.5
2026-01-02,ORD-39030,Soda,Drinks,2,3,6,1.0
2026-01-02,ORD-67326,Coffee,Drinks,3,4,12,3.0
2026-01-02,ORD-15254,Pepperoni Pizza,Pizza,2,18,36,12.0
2026-01-02,ORD-79738,Margherita Pizza,Pizza,2,15,30,10.0
2026-01-02,ORD-61961,Caesar Salad,Salads,2,12,24,8.0
2026-01-02,ORD-79313,Pepperoni Pizza,Pizza,1,18,18,6.0
2026-01-02,ORD-56781,Caesar Salad,Salads,3,12,36,12.0
2026-01-02,ORD-18396,French Fries,Sides,2,5,10,3.0
2026-01-02,ORD-61992,Caesar Salad,Salads,1,12,12,4.0
2026-01-02,ORD-87111,Bruschetta,Appetizers,1,7,7,2.5
2026-01-02,ORD-70709,Margherita Pizza,Pizza,5,15,75,25.0
2026-01-02,ORD-23213,Beef Burger,Burgers,2,14,28,12.0
2026-01-02,ORD-58720,French Fries,Sides,2,5,10,3.0
2026-01-02,ORD-74669,Soda,Drinks,3,3,9,1.5
2026-01-02,ORD-74577,Coffee,Drinks,3,4,12,3.0
2026-01-02,ORD-82127,Margherita Pizza,Pizza,3,15,45,15.0
2026-01-02,ORD-27343,Caesar Salad,Salads,1,12,12,4.0
2026-01-02,ORD-22381,Margherita Pizza,Pizza,5,15,75,25.0
2026-01-02,ORD-55271,Tiramisu,Desserts,1,8,8,3.0
2026-01-02,ORD-55526,Beef Burger,Burgers,2,14,28,12.0
2026-01-02,ORD-84746,Tiramisu,Desserts,3,8,24,9.0
2026-01-02,ORD-73636,Chicken Wings,Appetizers,3,10,30,12.0
2026-01-02,ORD-80461,Bruschetta,Appetizers,1,7,7,2.5
2026-01-02,ORD-10919,Beef Burger,Burgers,2,14,28,12.0
2026-01-02,ORD-54849,Tiramisu,Desserts,1,8,8,3.0
2026-01-02,ORD-12790,Soda,Drinks,1,3,3,0.5
2026-01-02,ORD-30763,Soda,Drinks,3,3,9,1.5
2026-01-02,ORD-14406,Margherita Pizza,Pizza,2,15,30,10.0
2026-01-02,ORD-60257,Chicken Wings,Appetizers,2,10,20,8.0
2026-01-02,ORD-87935,Beef Burger,Burgers,2,14,28,12.0
2026-01-02,ORD-59078,Soda,Drinks,3,3,9,1.5
2026-01-02,ORD-50097,Margherita Pizza,Pizza,4,15,60,20.0
2026-01-02,ORD-25933,Pepperoni Pizza,Pizza,2,18,36,12.0
2026-01-02,ORD-48977,Soda,Drinks,3,3,9,1.5
2026-01-02,ORD-38679,Pepperoni Pizza,Pizza,1,18,18,6.0
2026-01-02,ORD-83657,Beef Burger,Burgers,2,14,28,12.0
2026-01-02,ORD-21635,Tiramisu,Desserts,1,8,8,3.0
2026-01-02,ORD-18057,Chicken Wings,Appetizers,1,10,10,4.0
2026-01-02,ORD-63032,Chicken Wings,Appetizers,2,10,20,8.0
2026-01-02,ORD-33189,Chicken Wings,Appetizers,3,10,30,12.0
2026-01-02,ORD-31110,Caesar Salad,Salads,1,12,12,4.0
2026-01-02,ORD-29080,Coffee,Drinks,2,4,8,2.0
2026-01-02,ORD-74715,Beef Burger,Burgers,2,14,28,12.0
2026-01-02,ORD-25727,Tiramisu,Desserts,1,8,8,3.0
2026-01-02,ORD-70889,Pepperoni Pizza,Pizza,3,18,54,18.0
2026-01-02,ORD-61946,Tiramisu,Desserts,3,8,24,9.0
2026-01-02,ORD-78251,French Fries,Sides,3,5,15,4.5
2026-01-02,ORD-29845,Coffee,Drinks,3,4,12,3.0
2026-01-02,ORD-13896,Pepperoni Pizza,Pizza,1,18,18,6.0
2026-01-02,ORD-95074,French Fries,Sides,3,5,15,4.5
2026-01-02,ORD-67890,Coffee,Drinks,1,4,4,1.0
2026-01-02,ORD-15285,Bruschetta,Appetizers,1,7,7,2.5
2026-01-02,ORD-78274,Tiramisu,Desserts,1,8,8,3.0
2026-01-02,ORD-65241,Margherita Pizza,Pizza,4,15,60,20.0
2026-01-02,ORD-39244,French Fries,Sides,3,5,15,4.5
2026-01-02,ORD-40315,Tiramisu,Desserts,2,8,16,6.0
2026-01-02,ORD-72175,Soda,Drinks,2,3,6,1.0
2026-01-02,ORD-91151,Chicken Wings,Appetizers,3,10,30,12.0
2026-01-02,ORD-17365,Pepperoni Pizza,Pizza,2,18,36,12.0
2026-01-02,ORD-52569,Soda,Drinks,2,3,6,1.0
2026-01-02,ORD-79086,French Fries,Sides,1,5,5,1.5
2026-01-02,ORD-70383,Beef Burger,Burgers,2,14,28,12.0
2026-01-02,ORD-38640,Bruschetta,Appetizers,1,7,7,2.5
2026-01-02,ORD-92877,Tiramisu,Desserts,1,8,8,3.0
2026-01-02,ORD-98199,Margherita Pizza,Pizza,4,15,60,20.0
2026-01-02,ORD-10229,Soda,Drinks,2,3,6,1.0
2026-01-02,ORD-89864,Margherita Pizza,Pizza,3,15,45,15.0
2026-01-02,ORD-26579,Coffee,Drinks,3,4,12,3.0
2026-01-02,ORD-85895,Coffee,Drinks,2,4,8,2.0
2026-01-02,ORD-21723,Coffee,Drinks,2,4,8,2.0
2026-01-02,ORD-51836,Soda,Drinks,3,3,9,1.5
2026-01-02,ORD-41208,Chicken Wings,Appetizers,2,10,20,8.0
2026-01-02,ORD-17210,Chicken Wings,Appetizers,2,10,20,8.0
2026-01-02,ORD-43400,Beef Burger,Burgers,3,14,42,18.0
2026-01-02,ORD-54772,Caesar Salad,Salads,3,12,36,12.0
2026-01-02,ORD-86913,Coffee,Drinks,3,4,12,3.0
2026-01-02,ORD-31049,Soda,Drinks,2,3,6,1.0
2026-01-02,ORD-71038,Soda,Drinks,1,3,3,0.5
2026-01-02,ORD-24656,Tiramisu,Desserts,3,8,24,9.0
2026-01-02,ORD-81370,Beef Burger,Burgers,1,14,14,6.0
2026-01-02,ORD-57918,Coffee,Drinks,2,4,8,2.0
2026-01-02,ORD-88207,Coffee,Drinks,2,4,8,2.0
2026-01-02,ORD-43641,Caesar Salad,Salads,1,12,12,4.0
2026-01-02,ORD-15133,Soda,Drinks,2,3,6,1.0
2026-01-02,ORD-15166,Chicken Wings,Appetizers,2,10,20,8.0
2026-01-02,ORD-97817,Bruschetta,Appetizers,1,7,7,2.5
2026-01-02,ORD-61271,Chicken Wings,Appetizers,3,10,30,12.0
2026-01-02,ORD-99870,Soda,Drinks,1,3,3,0.5
2026-01-02,ORD-93043,Soda,Drinks,3,3,9,1.5
2026-01-02,ORD-55253,Tiramisu,Desserts,2,8,16,6.0
2026-01-02,ORD-67104,Pepperoni Pizza,Pizza,3,18,54,18.0
2026-01-02,ORD-24394,Beef Burger,Burgers,3,14,42,18.0
2026-01-02,ORD-39763,Tiramisu,Desserts,2,8,16,6.0
2026-01-02,ORD-37809,Margherita Pizza,Pizza,2,15,30,10.0
2026-01-03,ORD-41187,Soda,Drinks,1,3,3,0.5
2026-01-03,ORD-94982,Coffee,Drinks,3,4,12,3.0
2026-01-03,ORD-36630,Chicken Wings,Appetizers,2,10,20,8.0
2026-01-03,ORD-66363,Coffee,Drinks,2,4,8,2.0
2026-01-03,ORD-89544,Caesar Salad,Salads,2,12,24,8.0
2026-01-03,ORD-66573,Tiramisu,Desserts,3,8,24,9.0
2026-01-03,ORD-32561,Coffee,Drinks,3,4,12,3.0
2026-01-03,ORD-63104,Caesar Salad,Salads,3,12,36,12.0
2026-01-03,ORD-99067,French Fries,Sides,1,5,5,1.5
2026-01-03,ORD-79922,Chicken Wings,Appetizers,3,10,30,12.0
2026-01-03,ORD-63822,French Fries,Sides,3,5,15,4.5
2026-01-03,ORD-60099,Tiramisu,Desserts,3,8,24,9.0
2026-01-03,ORD-49113,Soda,Drinks,1,3,3,0.5
2026-01-03,ORD-18299,Pepperoni Pizza,Pizza,1,18,18,6.0
2026-01-03,ORD-16403,Beef Burger,Burgers,2,14,28,12.0
2026-01-03,ORD-44814,Chicken Wings,Appetizers,2,10,20,8.0
2026-01-03,ORD-44274,Chicken Wings,Appetizers,2,10,20,8.0
2026-01-03,ORD-21105,French Fries,Sides,2,5,10,3.0
2026-01-03,ORD-13995,Chicken Wings,Appetizers,3,10,30,12.0
2026-01-03,ORD-41427,Tiramisu,Desserts,3,8,24,9.0
2026-01-03,ORD-47010,Soda,Drinks,3,3,9,1.5
2026-01-03,ORD-26437,Beef Burger,Burgers,2,14,28,12.0
2026-01-03,ORD-83169,Caesar Salad,Salads,3,12,36,12.0
2026-01-03,ORD-62812,Pepperoni Pizza,Pizza,1,18,18,6.0
2026-01-03,ORD-42717,Chicken Wings,Appetizers,3,10,30,12.0
2026-01-03,ORD-32615,French Fries,Sides,1,5,5,1.5
2026-01-03,ORD-43808,Chicken Wings,Appetizers,1,10,10,4.0
2026-01-03,ORD-38511,Coffee,Drinks,2,4,8,2.0
2026-01-03,ORD-86001,Chicken Wings,Appetizers,1,10,10,4.0
2026-01-03,ORD-64878,Margherita Pizza,Pizza,3,15,45,15.0
2026-01-03,ORD-80201,Tiramisu,Desserts,1,8,8,3.0
2026-01-03,ORD-44518,Margherita Pizza,Pizza,4,15,60,20.0
2026-01-03,ORD-10888,Bruschetta,Appetizers,1,7,7,2.5
2026-01-03,ORD-52307,Soda,Drinks,1,3,3,0.5
2026-01-03,ORD-97133,Chicken Wings,Appetizers,3,10,30,12.0
2026-01-03,ORD-16660,Pepperoni Pizza,Pizza,1,18,18,6.0
2026-01-03,ORD-97102,Chicken Wings,Appetizers,1,10,10,4.0
2026-01-03,ORD-81740,Beef Burger,Burgers,1,14,14,6.0
2026-01-03,ORD-38074,Coffee,Drinks,2,4,8,2.0
2026-01-03,ORD-91827,Pepperoni Pizza,Pizza,3,18,54,18.0
2026-01-03,ORD-86438,Soda,Drinks,3,3,9,1.5
2026-01-03,ORD-20183,French Fries,Sides,2,5,10,3.0
2026-01-03,ORD-82913,French Fries,Sides,2,5,10,3.0
2026-01-03,ORD-38045,Pepperoni Pizza,Pizza,3,18,54,18.0
2026-01-03,ORD-30943,French Fries,Sides,2,5,10,3.0
2026-01-03,ORD-98941,Tiramisu,Desserts,1,8,8,3.0
2026-01-03,ORD-97119,Tiramisu,Desserts,1,8,8,3.0
2026-01-03,ORD-29896,Pepperoni Pizza,Pizza,2,18,36,12.0
2026-01-03,ORD-58030,French Fries,Sides,1,5,5,1.5
2026-01-03,ORD-45138,Beef Burger,Burgers,1,14,14,6.0
2026-01-03,ORD-92549,Chicken Wings,Appetizers,1,10,10,4.0
2026-01-03,ORD-96802,Chicken Wings,Appetizers,2,10,20,8.0
2026-01-03,ORD-62536,Caesar Salad,Salads,2,12,24,8.0
2026-01-03,ORD-27589,Bruschetta,Appetizers,1,7,7,2.5
2026-01-03,ORD-96937,Soda,Drinks,3,3,9,1.5
2026-01-03,ORD-10301,Tiramisu,Desserts,2,8,16,6.0
2026-01-03,ORD-77903,Pepperoni Pizza,Pizza,1,18,18,6.0
2026-01-03,ORD-47783,Chicken Wings,Appetizers,1,10,10,4.0
2026-01-03,ORD-15467,Tiramisu,Desserts,1,8,8,3.0
2026-01-03,ORD-11034,Beef Burger,Burgers,3,14,42,18.0
2026-01-03,ORD-55030,Chicken Wings,Appetizers,1,10,10,4.0
2026-01-03,ORD-20889,Caesar Salad,Salads,3,12,36,12.0
2026-01-03,ORD-61652,Beef Burger,Burgers,2,14,28,12.0
2026-01-03,ORD-62121,French Fries,Sides,1,5,5,1.5
2026-01-03,ORD-80142,Coffee,Drinks,2,4,8,2.0
2026-01-03,ORD-37933,Caesar Salad,Salads,3,12,36,12.0
2026-01-03,ORD-42547,Tiramisu,Desserts,3,8,24,9.0
2026-01-03,ORD-59640,French Fries,Sides,2,5,10,3.0
2026-01-03,ORD-46972,Pepperoni Pizza,Pizza,3,18,54,18.0
2026-01-03,ORD-70162,Margherita Pizza,Pizza,2,15,30,10.0
2026-01-03,ORD-54794,Tiramisu,Desserts,1,8,8,3.0
2026-01-03,ORD-65421,Pepperoni Pizza,Pizza,1,18,18,6.0
2026-01-03,ORD-56444,Pepperoni Pizza,Pizza,1,18,18,6.0
2026-01-03,ORD-98690,Margherita Pizza,Pizza,4,15,60,20.0
2026-01-03,ORD-47875,Coffee,Drinks,3,4,12,3.0
2026-01-03,ORD-15813,Margherita Pizza,Pizza,3,15,45,15.0
2026-01-03,ORD-21541,Tiramisu,Desserts,3,8,24,9.0
2026-01-03,ORD-20468,Pepperoni Pizza,Pizza,3,18,54,18.0
2026-01-03,ORD-30838,Beef Burger,Burgers,3,14,42,18.0
2026-01-03,ORD-26296,Chicken Wings,Appetizers,3,10,30,12.0
2026-01-03,ORD-47905,Pepperoni Pizza,Pizza,3,18,54,18.0
2026-01-03,ORD-53555,Pepperoni Pizza,Pizza,2,18,36,12.0
2026-01-03,ORD-98717,French Fries,Sides,3,5,15,4.5
2026-01-03,ORD-13122,Chicken Wings,Appetizers,1,10,10,4.0
2026-01-03,ORD-92849,French Fries,Sides,1,5,5,1.5
2026-01-03,ORD-81102,Pepperoni Pizza,Pizza,2,18,36,12.0
2026-01-03,ORD-63621,Chicken Wings,Appetizers,1,10,10,4.0
2026-01-03,ORD-66438,Caesar Salad,Salads,1,12,12,4.0
2026-01-03,ORD-56134,Beef Burger,Burgers,3,14,42,18.0
2026-01-03,ORD-76644,Soda,Drinks,1,3,3,0.5
2026-01-03,ORD-25737,Soda,Drinks,1,3,3,0.5
2026-01-03,ORD-21107,Tiramisu,Desserts,3,8,24,9.0
2026-01-03,ORD-47236,Coffee,Drinks,3,4,12,3.0
2026-01-03,ORD-10395,Caesar Salad,Salads,1,12,12,4.0
2026-01-03,ORD-24102,Bruschetta,Appetizers,1,7,7,2.5
2026-01-03,ORD-98965,French Fries,Sides,3,5,15,4.5
2026-01-03,ORD-46468,Soda,Drinks,2,3,6,1.0
2026-01-03,ORD-21526,Margherita Pizza,Pizza,3,15,45,15.0
2026-01-03,ORD-59264,Bruschetta,Appetizers,1,7,7,2.5
2026-01-03,ORD-97029,Coffee,Drinks,3,4,12,3.0
2026-01-03,ORD-78439,Soda,Drinks,3,3,9,1.5
2026-01-03,ORD-26379,Soda,Drinks,1,3,3,0.5
2026-01-03,ORD-45185,French Fries,Sides,1,5,5,1.5
2026-01-03,ORD-44368,Margherita Pizza,Pizza,2,15,30,10.0
2026-01-03,ORD-67839,Pepperoni Pizza,Pizza,1,18,18,6.0
2026-01-03,ORD-46684,French Fries,Sides,3,5,15,4.5
2026-01-03,ORD-34534,Chicken Wings,Appetizers,3,10,30,12.0
2026-01-03,ORD-19401,Beef Burger,Burgers,1,14,14,6.0
2026-01-03,ORD-43632,Pepperoni Pizza,Pizza,3,18,54,18.0
2026-01-03,ORD-47328,Beef Burger,Burgers,1,14,14,6.0
2026-01-03,ORD-72656,Beef Burger,Burgers,1,14,14,6.0
2026-01-03,ORD-27180,Beef Burger,Burgers,2,14,28,12.0
2026-01-03,ORD-18553,Tiramisu,Desserts,2,8,16,6.0
2026-01-03,ORD-55448,Chicken Wings,Appetizers,1,10,10,4.0
2026-01-03,ORD-97279,Beef Burger,Burgers,1,14,14,6.0
2026-01-03,ORD-81580,Coffee,Drinks,3,4,12,3.0
2026-01-03,ORD-12927,Beef Burger,Burgers,1,14,14,6.0
2026-01-03,ORD-59072,Beef Burger,Burgers,1,14,14,6.0
2026-01-03,ORD-21412,Coffee,Drinks,3,4,12,3.0
2026-01-03,ORD-77851,Margherita Pizza,Pizza,3,15,45,15.0
2026-01-03,ORD-83528,Soda,Drinks,1,3,3,0.5
2026-01-03,ORD-38906,Caesar Salad,Salads,2,12,24,8.0
2026-01-03,ORD-25502,Soda,Drinks,2,3,6,1.0
2026-01-03,ORD-25648,Chicken Wings,Appetizers,3,10,30,12.0
2026-01-03,ORD-55455,Beef Burger,Burgers,1,14,14,6.0
2026-01-03,ORD-22654,Soda,Drinks,1,3,3,0.5
2026-01-03,ORD-28120,Coffee,Drinks,3,4,12,3.0
2026-01-03,ORD-21838,Beef Burger,Burgers,3,14,42,18.0
2026-01-03,ORD-82665,Chicken Wings,Appetizers,2,10,20,8.0
2026-01-03,ORD-58936,Margherita Pizza,Pizza,2,15,30,10.0
2026-01-03,ORD-84514,Coffee,Drinks,2,4,8,2.0
2026-01-03,ORD-70958,Chicken Wings,Appetizers,1,10,10,4.0
2026-01-03,ORD-19064,Soda,Drinks,3,3,9,1.5
2026-01-03,ORD-57952,Pepperoni Pizza,Pizza,2,18,36,12.0
2026-01-03,ORD-68880,Chicken Wings,Appetizers,1,10,10,4.0
2026-01-03,ORD-18943,Coffee,Drinks,2,4,8,2.0
2026-01-03,ORD-43500,French Fries,Sides,2,5,10,3.0
2026-01-03,ORD-39982,Bruschetta,Appetizers,1,7,7,2.5
2026-01-03,ORD-85821,Margherita Pizza,Pizza,3,15,45,15.0
2026-01-04,ORD-99156,Beef Burger,Burgers,1,14,14,6.0
2026-01-04,ORD-58436,Pepperoni Pizza,Pizza,2,18,36,12.0
2026-01-04,ORD-55615,Pepperoni Pizza,Pizza,2,18,36,12.0
2026-01-04,ORD-14677,Caesar Salad,Salads,2,12,24,8.0
2026-01-04,ORD-18850,Coffee,Drinks,1,4,4,1.0
2026-01-04,ORD-69865,Tiramisu,Desserts,1,8,8,3.0
2026-01-04,ORD-85822,Soda,Drinks,1,3,3,0.5
2026-01-04,ORD-88096,French Fries,Sides,2,5,10,3.0
2026-01-04,ORD-65876,Margherita Pizza,Pizza,2,15,30,10.0
2026-01-04,ORD-69321,French Fries,Sides,3,5,15,4.5
2026-01-04,ORD-29761,Caesar Salad,Salads,3,12,36,12.0
2026-01-04,ORD-99594,French Fries,Sides,1,5,5,1.5
2026-01-04,ORD-62774,Chicken Wings,Appetizers,2,10,20,8.0
2026-01-04,ORD-46848,Margherita Pizza,Pizza,4,15,60,20.0
2026-01-04,ORD-85975,Chicken Wings,Appetizers,1,10,10,4.0
2026-01-04,ORD-57929,Soda,Drinks,1,3,3,0.5
2026-01-04,ORD-97071,Tiramisu,Desserts,1,8,8,3.0
2026-01-04,ORD-74786,Tiramisu,Desserts,2,8,16,6.0
2026-01-04,ORD-33477,Coffee,Drinks,3,4,12,3.0
2026-01-04,ORD-84613,Soda,Drinks,3,3,9,1.5
2026-01-04,ORD-22702,Coffee,Drinks,1,4,4,1.0
2026-01-04,ORD-56340,Caesar Salad,Salads,3,12,36,12.0
2026-01-04,ORD-12158,Tiramisu,Desserts,3,8,24,9.0
2026-01-04,ORD-38838,Caesar Salad,Salads,1,12,12,4.0
2026-01-04,ORD-69014,Chicken Wings,Appetizers,3,10,30,12.0
2026-01-04,ORD-28915,Soda,Drinks,2,3,6,1.0
2026-01-04,ORD-48748,Margherita Pizza,Pizza,3,15,45,15.0
2026-01-04,ORD-57163,Coffee,Drinks,3,4,12,3.0
2026-01-04,ORD-19013,French Fries,Sides,3,5,15,4.5
2026-01-04,ORD-33139,Coffee,Drinks,3,4,12,3.0
2026-01-04,ORD-40931,Beef Burger,Burgers,1,14,14,6.0
2026-01-04,ORD-80374,Margherita Pizza,Pizza,2,15,30,10.0
2026-01-04,ORD-69885,Margherita Pizza,Pizza,3,15,45,15.0
2026-01-04,ORD-76930,Soda,Drinks,1,3,3,0.5
2026-01-04,ORD-25599,Coffee,Drinks,3,4,12,3.0
2026-01-04,ORD-48031,Bruschetta,Appetizers,1,7,7,2.5
2026-01-04,ORD-45466,Soda,Drinks,2,3,6,1.0
2026-01-04,ORD-65324,Soda,Drinks,3,3,9,1.5
2026-01-04,ORD-99002,Coffee,Drinks,3,4,12,3.0
2026-01-04,ORD-80325,Pepperoni Pizza,Pizza,1,18,18,6.0
2026-01-04,ORD-21059,Margherita Pizza,Pizza,2,15,30,10.0
2026-01-04,ORD-95510,Chicken Wings,Appetizers,3,10,30,12.0
2026-01-04,ORD-26203,Pepperoni Pizza,Pizza,2,18,36,12.0
2026-01-04,ORD-72970,Margherita Pizza,Pizza,3,15,45,15.0
2026-01-04,ORD-74200,Tiramisu,Desserts,1,8,8,3.0
2026-01-04,ORD-63775,French Fries,Sides,3,5,15,4.5
2026-01-04,ORD-86148,Margherita Pizza,Pizza,3,15,45,15.0
2026-01-04,ORD-90826,Pepperoni Pizza,Pizza,2,18,36,12.0
2026-01-04,ORD-73073,Beef Burger,Burgers,1,14,14,6.0
2026-01-04,ORD-26897,Coffee,Drinks,2,4,8,2.0
2026-01-04,ORD-56931,Tiramisu,Desserts,1,8,8,3.0
2026-01-04,ORD-70578,Chicken Wings,Appetizers,3,10,30,12.0
2026-01-04,ORD-15736,Coffee,Drinks,1,4,4,1.0
2026-01-04,ORD-54990,Soda,Drinks,2,3,6,1.0
2026-01-04,ORD-95676,Pepperoni Pizza,Pizza,3,18,54,18.0
2026-01-04,ORD-48963,Beef Burger,Burgers,1,14,14,6.0
2026-01-04,ORD-73383,Coffee,Drinks,3,4,12,3.0
2026-01-04,ORD-67181,Margherita Pizza,Pizza,5,15,75,25.0
2026-01-04,ORD-54265,Soda,Drinks,1,3,3,0.5
2026-01-04,ORD-40970,Tiramisu,Desserts,1,8,8,3.0
2026-01-04,ORD-37098,Bruschetta,Appetizers,1,7,7,2.5
2026-01-04,ORD-67784,Margherita Pizza,Pizza,3,15,45,15.0
2026-01-04,ORD-57202,French Fries,Sides,1,5,5,1.5
2026-01-04,ORD-52989,French Fries,Sides,1,5,5,1.5
2026-01-04,ORD-55075,French Fries,Sides,2,5,10,3.0
2026-01-04,ORD-62224,Margherita Pizza,Pizza,3,15,45,15.0
2026-01-04,ORD-60116,Bruschetta,Appetizers,1,7,7,2.5
2026-01-04,ORD-81807,Chicken Wings,Appetizers,1,10,10,4.0
2026-01-04,ORD-30377,Tiramisu,Desserts,1,8,8,3.0
2026-01-04,ORD-18719,French Fries,Sides,3,5,15,4.5
2026-01-04,ORD-40709,Chicken Wings,Appetizers,3,10,30,12.0
2026-01-04,ORD-42124,Beef Burger,Burgers,3,14,42,18.0
2026-01-04,ORD-21702,Pepperoni Pizza,Pizza,1,18,18,6.0
2026-01-04,ORD-52886,Margherita Pizza,Pizza,2,15,30,10.0
2026-01-04,ORD-14160,Coffee,Drinks,1,4,4,1.0
2026-01-04,ORD-14501,Beef Burger,Burgers,1,14,14,6.0
2026-01-04,ORD-26164,Margherita Pizza,Pizza,2,15,30,10.0
2026-01-04,ORD-72892,Tiramisu,Desserts,1,8,8,3.0
2026-01-04,ORD-93619,Soda,Drinks,2,3,6,1.0
2026-01-04,ORD-14829,Caesar Salad,Salads,2,12,24,8.0
2026-01-04,ORD-13147,Tiramisu,Desserts,3,8,24,9.0
2026-01-04,ORD-96255,French Fries,Sides,3,5,15,4.5
2026-01-04,ORD-14237,Pepperoni Pizza,Pizza,1,18,18,6.0
2026-01-04,ORD-24405,Tiramisu,Desserts,3,8,24,9.0
2026-01-04,ORD-61837,Coffee,Drinks,2,4,8,2.0
2026-01-04,ORD-76779,Margherita Pizza,Pizza,3,15,45,15.0
2026-01-04,ORD-58615,French Fries,Sides,1,5,5,1.5
2026-01-04,ORD-56657,French Fries,Sides,3,5,15,4.5
2026-01-04,ORD-86307,Tiramisu,Desserts,1,8,8,3.0
2026-01-04,ORD-75642,Pepperoni Pizza,Pizza,3,18,54,18.0
2026-01-04,ORD-32658,Soda,Drinks,1,3,3,0.5
2026-01-04,ORD-87429,Beef Burger,Burgers,1,14,14,6.0
2026-01-04,ORD-74733,Chicken Wings,Appetizers,2,10,20,8.0
2026-01-04,ORD-97210,Soda,Drinks,2,3,6,1.0
2026-01-05,ORD-86621,Coffee,Drinks,2,4,8,2.0
2026-01-05,ORD-99627,Soda,Drinks,3,3,9,1.5
2026-01-05,ORD-43136,Pepperoni Pizza,Pizza,2,18,36,12.0
2026-01-05,ORD-74685,Margherita Pizza,Pizza,4,15,60,20.0
2026-01-05,ORD-72544,Caesar Salad,Salads,1,12,12,4.0
2026-01-05,ORD-55409,Chicken Wings,Appetizers,3,10,30,12.0
2026-01-05,ORD-33522,Beef Burger,Burgers,1,14,14,6.0
2026-01-05,ORD-94695,Margherita Pizza,Pizza,2,15,30,10.0
2026-01-05,ORD-42900,Beef Burger,Burgers,1,14,14,6.0
2026-01-05,ORD-39984,Tiramisu,Desserts,3,8,24,9.0
2026-01-05,ORD-34640,Beef Burger,Burgers,3,14,42,18.0
2026-01-05,ORD-89849,Tiramisu,Desserts,3,8,24,9.0
2026-01-05,ORD-74536,Beef Burger,Burgers,1,14,14,6.0
2026-01-05,ORD-19366,Coffee,Drinks,3,4,12,3.0
2026-01-05,ORD-90067,Beef Burger,Burgers,2,14,28,12.0
2026-01-05,ORD-78406,Chicken Wings,Appetizers,3,10,30,12.0
2026-01-05,ORD-62523,Pepperoni Pizza,Pizza,1,18,18,6.0
2026-01-05,ORD-31361,Beef Burger,Burgers,2,14,28,12.0
2026-01-05,ORD-37381,Caesar Salad,Salads,3,12,36,12.0
2026-01-05,ORD-44840,Tiramisu,Desserts,3,8,24,9.0
2026-01-05,ORD-10757,Tiramisu,Desserts,2,8,16,6.0
2026-01-05,ORD-25211,Tiramisu,Desserts,3,8,24,9.0
2026-01-05,ORD-19385,Caesar Salad,Salads,2,12,24,8.0
2026-01-05,ORD-14522,Soda,Drinks,1,3,3,0.5
2026-01-05,ORD-42926,Beef Burger,Burgers,1,14,14,6.0
2026-01-05,ORD-46748,Tiramisu,Desserts,2,8,16,6.0
2026-01-05,ORD-87312,Beef Burger,Burgers,3,14,42,18.0
2026-01-05,ORD-39670,Pepperoni Pizza,Pizza,3,18,54,18.0
2026-01-05,ORD-62495,Coffee,Drinks,1,4,4,1.0
2026-01-05,ORD-57813,Coffee,Drinks,1,4,4,1.0
2026-01-05,ORD-98526,French Fries,Sides,2,5,10,3.0
2026-01-05,ORD-49721,Tiramisu,Desserts,1,8,8,3.0
2026-01-05,ORD-10022,Tiramisu,Desserts,1,8,8,3.0
2026-01-05,ORD-32767,Margherita Pizza,Pizza,2,15,30,10.0
2026-01-05,ORD-81062,Bruschetta,Appetizers,1,7,7,2.5
2026-01-05,ORD-92621,Pepperoni Pizza,Pizza,2,18,36,12.0
2026-01-05,ORD-33172,Tiramisu,Desserts,1,8,8,3.0
2026-01-05,ORD-26451,Margherita Pizza,Pizza,4,15,60,20.0
2026-01-05,ORD-49581,Bruschetta,Appetizers,1,7,7,2.5
2026-01-05,ORD-30725,French Fries,Sides,2,5,10,3.0
2026-01-05,ORD-24969,Tiramisu,Desserts,3,8,24,9.0
2026-01-05,ORD-33801,Tiramisu,Desserts,3,8,24,9.0
2026-01-05,ORD-28511,Coffee,Drinks,2,4,8,2.0
2026-01-05,ORD-99557,Chicken Wings,Appetizers,1,10,10,4.0
2026-01-05,ORD-46446,Chicken Wings,Appetizers,1,10,10,4.0
2026-01-06,ORD-49359,Tiramisu,Desserts,1,8,8,3.0
2026-01-06,ORD-24044,Chicken Wings,Appetizers,2,10,20,8.0
2026-01-06,ORD-97883,Pepperoni Pizza,Pizza,1,18,18,6.0
2026-01-06,ORD-84641,Coffee,Drinks,3,4,12,3.0
2026-01-06,ORD-72632,French Fries,Sides,2,5,10,3.0
2026-01-06,ORD-82260,French Fries,Sides,1,5,5,1.5
2026-01-06,ORD-24962,French Fries,Sides,3,5,15,4.5
2026-01-06,ORD-26645,Bruschetta,Appetizers,1,7,7,2.5
2026-01-06,ORD-83209,Tiramisu,Desserts,1,8,8,3.0
2026-01-06,ORD-11537,Pepperoni Pizza,Pizza,2,18,36,12.0
2026-01-06,ORD-50135,Margherita Pizza,Pizza,3,15,45,15.0
2026-01-06,ORD-63610,Coffee,Drinks,2,4,8,2.0
2026-01-06,ORD-93468,Chicken Wings,Appetizers,3,10,30,12.0
2026-01-06,ORD-85728,Caesar Salad,Salads,3,12,36,12.0
2026-01-06,ORD-53611,Margherita Pizza,Pizza,3,15,45,15.0
2026-01-06,ORD-85900,Margherita Pizza,Pizza,4,15,60,20.0
2026-01-06,ORD-76228,Coffee,Drinks,1,4,4,1.0
2026-01-06,ORD-13984,Chicken Wings,Appetizers,3,10,30,12.0
2026-01-06,ORD-97735,Beef Burger,Burgers,3,14,42,18.0
2026-01-06,ORD-64652,Caesar Salad,Salads,1,12,12,4.0
2026-01-06,ORD-57860,Caesar Salad,Salads,1,12,12,4.0
2026-01-06,ORD-13935,French Fries,Sides,3,5,15,4.5
2026-01-06,ORD-36290,Beef Burger,Burgers,3,14,42,18.0
2026-01-06,ORD-43205,Margherita Pizza,Pizza,3,15,45,15.0
2026-01-06,ORD-83898,Caesar Salad,Salads,1,12,12,4.0
2026-01-06,ORD-91194,Pepperoni Pizza,Pizza,1,18,18,6.0
2026-01-06,ORD-45837,Caesar Salad,Salads,2,12,24,8.0
2026-01-06,ORD-23569,Tiramisu,Desserts,2,8,16,6.0
2026-01-06,ORD-75834,Margherita Pizza,Pizza,4,15,60,20.0
2026-01-06,ORD-17430,French Fries,Sides,2,5,10,3.0
2026-01-06,ORD-49328,Soda,Drinks,3,3,9,1.5
2026-01-06,ORD-71758,Soda,Drinks,2,3,6,1.0
2026-01-06,ORD-79295,Beef Burger,Burgers,1,14,14,6.0
2026-01-06,ORD-89825,Tiramisu,Desserts,1,8,8,3.0
2026-01-06,ORD-65310,Pepperoni Pizza,Pizza,1,18,18,6.0
2026-01-06,ORD-10934,Caesar Salad,Salads,1,12,12,4.0
2026-01-06,ORD-29708,Chicken Wings,Appetizers,2,10,20,8.0
2026-01-06,ORD-36656,Chicken Wings,Appetizers,2,10,20,8.0
2026-01-06,ORD-45341,Caesar Salad,Salads,2,12,24,8.0
2026-01-07,ORD-15590,Pepperoni Pizza,Pizza,3,18,54,18.0
2026-01-07,ORD-62121,Tiramisu,Desserts,3,8,24,9.0
2026-01-07,ORD-55764,French Fries,Sides,2,5,10,3.0
2026-01-07,ORD-42105,Coffee,Drinks,2,4,8,2.0
2026-01-07,ORD-83738,Beef Burger,Burgers,1,14,14,6.0
2026-01-07,ORD-87881,Margherita Pizza,Pizza,5,15,75,25.0
2026-01-07,ORD-61334,Margherita Pizza,Pizza,2,15,30,10.0
2026-01-07,ORD-42422,Pepperoni Pizza,Pizza,2,18,36,12.0
2026-01-07,ORD-61311,Tiramisu,Desserts,1,8,8,3.0
2026-01-07,ORD-94915,Pepperoni Pizza,Pizza,1,18,18,6.0
2026-01-07,ORD-68204,Tiramisu,Desserts,2,8,16,6.0
2026-01-07,ORD-72383,Pepperoni Pizza,Pizza,1,18,18,6.0
2026-01-07,ORD-50043,Margherita Pizza,Pizza,4,15,60,20.0
2026-01-07,ORD-11349,Caesar Salad,Salads,1,12,12,4.0
2026-01-07,ORD-68072,Beef Burger,Burgers,3,14,42,18.0
2026-01-07,ORD-39027,Chicken Wings,Appetizers,3,10,30,12.0
2026-01-07,ORD-54750,Caesar Salad,Salads,2,12,24,8.0
2026-01-07,ORD-70920,Beef Burger,Burgers,1,14,14,6.0
2026-01-07,ORD-18317,Pepperoni Pizza,Pizza,2,18,36,12.0
2026-01-07,ORD-69264,French Fries,Sides,1,5,5,1.5
2026-01-07,ORD-77878,Pepperoni Pizza,Pizza,2,18,36,12.0
2026-01-07,ORD-29245,Coffee,Drinks,2,4,8,2.0
2026-01-07,ORD-93609,Coffee,Drinks,1,4,4,1.0
2026-01-07,ORD-52371,Soda,Drinks,2,3,6,1.0
2026-01-07,ORD-16573,Pepperoni Pizza,Pizza,3,18,54,18.0
2026-01-07,ORD-51297,Tiramisu,Desserts,2,8,16,6.0
2026-01-07,ORD-21233,Chicken Wings,Appetizers,2,10,20,8.0
2026-01-07,ORD-95067,French Fries,Sides,1,5,5,1.5
2026-01-07,ORD-44328,Caesar Salad,Salads,2,12,24,8.0
2026-01-07,ORD-39263,Bruschetta,Appetizers,1,7,7,2.5
2026-01-07,ORD-60209,Pepperoni Pizza,Pizza,2,18,36,12.0
2026-01-07,ORD-97432,Pepperoni Pizza,Pizza,2,18,36,12.0
2026-01-07,ORD-45968,Chicken Wings,Appetizers,1,10,10,4.0
2026-01-07,ORD-63959,Caesar Salad,Salads,2,12,24,8.0
2026-01-07,ORD-18484,Chicken Wings,Appetizers,2,10,20,8.0
2026-01-07,ORD-28728,Caesar Salad,Salads,1,12,12,4.0
2026-01-07,ORD-42408,Beef Burger,Burgers,3,14,42,18.0
2026-01-08,ORD-14857,Soda,Drinks,1,3,3,0.5
2026-01-08,ORD-84662,Pepperoni Pizza,Pizza,2,18,36,12.0
2026-01-08,ORD-16507,Pepperoni Pizza,Pizza,3,18,54,18.0
2026-01-08,ORD-42416,Beef Burger,Burgers,3,14,42,18.0
2026-01-08,ORD-61666,French Fries,Sides,1,5,5,1.5
2026-01-08,ORD-74681,Tiramisu,Desserts,3,8,24,9.0
2026-01-08,ORD-70067,Soda,Drinks,1,3,3,0.5
2026-01-08,ORD-27372,Chicken Wings,Appetizers,3,10,30,12.0
2026-01-08,ORD-77524,Pepperoni Pizza,Pizza,3,18,54,18.0
2026-01-08,ORD-48680,Beef Burger,Burgers,1,14,14,6.0
2026-01-08,ORD-71071,Beef Burger,Burgers,1,14,14,6.0
2026-01-08,ORD-30280,Tiramisu,Desserts,2,8,16,6.0
2026-01-08,ORD-59447,Margherita Pizza,Pizza,5,15,75,25.0
2026-01-08,ORD-31970,Pepperoni Pizza,Pizza,3,18,54,18.0
2026-01-08,ORD-23848,Soda,Drinks,3,3,9,1.5
2026-01-08,ORD-73658,Pepperoni Pizza,Pizza,1,18,18,6.0
2026-01-08,ORD-70462,Soda,Drinks,3,3,9,1.5
2026-01-08,ORD-97806,Beef Burger,Burgers,1,14,14,6.0
2026-01-08,ORD-87715,Coffee,Drinks,3,4,12,3.0
2026-01-08,ORD-35764,Beef Burger,Burgers,3,14,42,18.0
2026-01-08,ORD-94229,Chicken Wings,Appetizers,3,10,30,12.0
2026-01-08,ORD-74577,Beef Burger,Burgers,3,14,42,18.0
2026-01-08,ORD-69091,French Fries,Sides,2,5,10,3.0
2026-01-08,ORD-53124,Soda,Drinks,3,3,9,1.5
2026-01-08,ORD-48472,Chicken Wings,Appetizers,3,10,30,12.0
2026-01-08,ORD-24936,French Fries,Sides,1,5,5,1.5
2026-01-08,ORD-23868,Soda,Drinks,2,3,6,1.0
2026-01-08,ORD-97474,Caesar Salad,Salads,3,12,36,12.0
2026-01-08,ORD-26398,Caesar Salad,Salads,1,12,12,4.0
2026-01-08,ORD-75229,Soda,Drinks,3,3,9,1.5
2026-01-08,ORD-99887,Tiramisu,Desserts,2,8,16,6.0
2026-01-08,ORD-17724,Caesar Salad,Salads,1,12,12,4.0
2026-01-08,ORD-50803,Soda,Drinks,1,3,3,0.5
2026-01-08,ORD-21670,Pepperoni Pizza,Pizza,1,18,18,6.0
2026-01-08,ORD-34263,Soda,Drinks,2,3,6,1.0
2026-01-08,ORD-65004,Caesar Salad,Salads,1,12,12,4.0
2026-01-08,ORD-12848,Pepperoni Pizza,Pizza,1,18,18,6.0
2026-01-08,ORD-16073,Soda,Drinks,1,3,3,0.5
2026-01-08,ORD-74469,Chicken Wings,Appetizers,1,10,10,4.0
2026-01-09,ORD-52810,Beef Burger,Burgers,3,14,42,18.0
2026-01-09,ORD-80295,Tiramisu,Desserts,1,8,8,3.0
2026-01-09,ORD-48671,Beef Burger,Burgers,1,14,14,6.0
2026-01-09,ORD-83078,Pepperoni Pizza,Pizza,3,18,54,18.0
2026-01-09,ORD-12281,Coffee,Drinks,2,4,8,2.0
2026-01-09,ORD-55677,Chicken Wings,Appetizers,1,10,10,4.0
2026-01-09,ORD-50104,Coffee,Drinks,1,4,4,1.0
2026-01-09,ORD-71576,Margherita Pizza,Pizza,2,15,30,10.0
2026-01-09,ORD-14028,Beef Burger,Burgers,1,14,14,6.0
2026-01-09,ORD-14623,Coffee,Drinks,1,4,4,1.0
2026-01-09,ORD-49602,Chicken Wings,Appetizers,1,10,10,4.0
2026-01-09,ORD-27273,Soda,Drinks,3,3,9,1.5
2026-01-09,ORD-99355,Chicken Wings,Appetizers,2,10,20,8.0
2026-01-09,ORD-61324,Margherita Pizza,Pizza,2,15,30,10.0
2026-01-09,ORD-24527,Coffee,Drinks,2,4,8,2.0
2026-01-09,ORD-45450,Caesar Salad,Salads,1,12,12,4.0
2026-01-09,ORD-46652,Tiramisu,Desserts,2,8,16,6.0
2026-01-09,ORD-87338,Margherita Pizza,Pizza,3,15,45,15.0
2026-01-09,ORD-53882,Chicken Wings,Appetizers,1,10,10,4.0
2026-01-09,ORD-47189,Pepperoni Pizza,Pizza,2,18,36,12.0
2026-01-09,ORD-17034,Beef Burger,Burgers,1,14,14,6.0
2026-01-09,ORD-64703,Chicken Wings,Appetizers,2,10,20,8.0
2026-01-09,ORD-55641,Beef Burger,Burgers,2,14,28,12.0
2026-01-09,ORD-36479,French Fries,Sides,2,5,10,3.0
2026-01-09,ORD-47341,Tiramisu,Desserts,2,8,16,6.0
2026-01-09,ORD-25246,Caesar Salad,Salads,3,12,36,12.0
2026-01-09,ORD-17751,Coffee,Drinks,2,4,8,2.0
2026-01-09,ORD-96621,Margherita Pizza,Pizza,4,15,60,20.0
2026-01-09,ORD-87149,Soda,Drinks,3,3,9,1.5
2026-01-09,ORD-93794,Soda,Drinks,2,3,6,1.0
2026-01-09,ORD-93070,Coffee,Drinks,1,4,4,1.0
2026-01-09,ORD-83053,Chicken Wings,Appetizers,3,10,30,12.0
2026-01-09,ORD-35417,Margherita Pizza,Pizza,5,15,75,25.0
2026-01-09,ORD-62962,Chicken Wings,Appetizers,2,10,20,8.0
2026-01-09,ORD-26678,Chicken Wings,Appetizers,1,10,10,4.0
2026-01-09,ORD-42050,Pepperoni Pizza,Pizza,1,18,18,6.0
2026-01-09,ORD-87614,Tiramisu,Desserts,3,8,24,9.0
2026-01-09,ORD-90258,Coffee,Drinks,1,4,4,1.0
2026-01-09,ORD-77530,Tiramisu,Desserts,3,8,24,9.0
2026-01-09,ORD-35592,Coffee,Drinks,1,4,4,1.0
2026-01-09,ORD-78710,Chicken Wings,Appetizers,2,10,20,8.0
2026-01-09,ORD-18454,Beef Burger,Burgers,2,14,28,12.0
2026-01-09,ORD-60903,Pepperoni Pizza,Pizza,3,18,54,18.0
2026-01-09,ORD-34763,Chicken Wings,Appetizers,1,10,10,4.0
2026-01-09,ORD-41478,Caesar Salad,Salads,2,12,24,8.0
2026-01-09,ORD-40981,Margherita Pizza,Pizza,3,15,45,15.0
2026-01-09,ORD-22438,Soda,Drinks,1,3,3,0.5
2026-01-09,ORD-89895,Chicken Wings,Appetizers,2,10,20,8.0
2026-01-09,ORD-54966,French Fries,Sides,3,5,15,4.5
2026-01-09,ORD-88353,French Fries,Sides,3,5,15,4.5
2026-01-09,ORD-76895,Chicken Wings,Appetizers,1,10,10,4.0
2026-01-09,ORD-25105,Chicken Wings,Appetizers,3,10,30,12.0
2026-01-09,ORD-12184,Tiramisu,Desserts,1,8,8,3.0
2026-01-09,ORD-98985,Coffee,Drinks,1,4,4,1.0
2026-01-09,ORD-35372,Margherita Pizza,Pizza,2,15,30,10.0
2026-01-09,ORD-62636,Pepperoni Pizza,Pizza,1,18,18,6.0
2026-01-09,ORD-36391,Margherita Pizza,Pizza,5,15,75,25.0
2026-01-09,ORD-41642,Chicken Wings,Appetizers,2,10,20,8.0
2026-01-09,ORD-93813,Pepperoni Pizza,Pizza,3,18,54,18.0
2026-01-09,ORD-21741,Caesar Salad,Salads,1,12,12,4.0
2026-01-09,ORD-77904,French Fries,Sides,2,5,10,3.0
2026-01-09,ORD-39715,Soda,Drinks,3,3,9,1.5
2026-01-09,ORD-89255,Tiramisu,Desserts,2,8,16,6.0
2026-01-09,ORD-56818,Margherita Pizza,Pizza,2,15,30,10.0
2026-01-09,ORD-21275,Tiramisu,Desserts,3,8,24,9.0
2026-01-09,ORD-66271,Soda,Drinks,1,3,3,0.5
2026-01-09,ORD-11033,Beef Burger,Burgers,2,14,28,12.0
2026-01-09,ORD-71552,Coffee,Drinks,2,4,8,2.0
2026-01-09,ORD-99495,Beef Burger,Burgers,3,14,42,18.0
2026-01-09,ORD-32288,Chicken Wings,Appetizers,3,10,30,12.0
2026-01-09,ORD-92293,Caesar Salad,Salads,1,12,12,4.0
2026-01-09,ORD-97882,Chicken Wings,Appetizers,2,10,20,8.0
2026-01-09,ORD-48127,Coffee,Drinks,1,4,4,1.0
2026-01-09,ORD-93406,French Fries,Sides,2,5,10,3.0
2026-01-09,ORD-16013,Chicken Wings,Appetizers,2,10,20,8.0
2026-01-09,ORD-79820,Tiramisu,Desserts,2,8,16,6.0
2026-01-09,ORD-73117,French Fries,Sides,2,5,10,3.0
2026-01-09,ORD-63102,Tiramisu,Desserts,1,8,8,3.0
2026-01-09,ORD-40285,Beef Burger,Burgers,2,14,28,12.0
2026-01-09,ORD-27115,Pepperoni Pizza,Pizza,2,18,36,12.0
2026-01-09,ORD-67683,Chicken Wings,Appetizers,1,10,10,4.0
2026-01-09,ORD-57582,Beef Burger,Burgers,3,14,42,18.0
2026-01-09,ORD-63188,Soda,Drinks,1,3,3,0.5
2026-01-09,ORD-74816,French Fries,Sides,3,5,15,4.5
2026-01-09,ORD-77163,Caesar Salad,Salads,3,12,36,12.0
2026-01-09,ORD-54743,Tiramisu,Desserts,3,8,24,9.0
2026-01-09,ORD-64375,Beef Burger,Burgers,3,14,42,18.0
2026-01-09,ORD-43940,Tiramisu,Desserts,1,8,8,3.0
2026-01-09,ORD-46313,French Fries,Sides,3,5,15,4.5
2026-01-09,ORD-68312,Tiramisu,Desserts,1,8,8,3.0
2026-01-09,ORD-31053,Caesar Salad,Salads,1,12,12,4.0
2026-01-09,ORD-73538,French Fries,Sides,1,5,5,1.5
2026-01-09,ORD-11018,Coffee,Drinks,1,4,4,1.0
2026-01-09,ORD-82037,Beef Burger,Burgers,3,14,42,18.0
2026-01-09,ORD-20616,Margherita Pizza,Pizza,2,15,30,10.0
2026-01-09,ORD-30190,Soda,Drinks,3,3,9,1.5
2026-01-09,ORD-35783,Caesar Salad,Salads,2,12,24,8.0
2026-01-09,ORD-14933,French Fries,Sides,1,5,5,1.5
2026-01-09,ORD-44680,Beef Burger,Burgers,2,14,28,12.0
2026-01-09,ORD-70830,French Fries,Sides,3,5,15,4.5
2026-01-09,ORD-49212,Bruschetta,Appetizers,1,7,7,2.5
2026-01-09,ORD-27008,Caesar Salad,Salads,2,12,24,8.0
2026-01-09,ORD-81055,Caesar Salad,Salads,2,12,24,8.0
2026-01-09,ORD-26950,Tiramisu,Desserts,2,8,16,6.0
2026-01-09,ORD-51486,Caesar Salad,Salads,2,12,24,8.0
2026-01-09,ORD-80671,Chicken Wings,Appetizers,1,10,10,4.0
2026-01-09,ORD-81042,Soda,Drinks,1,3,3,0.5
2026-01-09,ORD-31363,Chicken Wings,Appetizers,3,10,30,12.0
2026-01-09,ORD-51023,French Fries,Sides,1,5,5,1.5
2026-01-09,ORD-82505,Tiramisu,Desserts,3,8,24,9.0
2026-01-09,ORD-29506,Margherita Pizza,Pizza,5,15,75,25.0
2026-01-09,ORD-48571,Beef Burger,Burgers,3,14,42,18.0
2026-01-09,ORD-24094,Tiramisu,Desserts,1,8,8,3.0
2026-01-09,ORD-20368,Beef Burger,Burgers,1,14,14,6.0
2026-01-09,ORD-76704,Soda,Drinks,1,3,3,0.5
2026-01-09,ORD-57313,Caesar Salad,Salads,2,12,24,8.0
2026-01-09,ORD-83643,Soda,Drinks,3,3,9,1.5
2026-01-09,ORD-57811,Pepperoni Pizza,Pizza,1,18,18,6.0
2026-01-09,ORD-13148,Pepperoni Pizza,Pizza,3,18,54,18.0
2026-01-09,ORD-40722,Soda,Drinks,3,3,9,1.5
2026-01-09,ORD-73685,Margherita Pizza,Pizza,5,15,75,25.0
2026-01-09,ORD-11394,Tiramisu,Desserts,3,8,24,9.0
2026-01-09,ORD-14030,French Fries,Sides,2,5,10,3.0
2026-01-09,ORD-97623,Pepperoni Pizza,Pizza,1,18,18,6.0
2026-01-10,ORD-74648,Margherita Pizza,Pizza,2,15,30,10.0
2026-01-10,ORD-26438,Pepperoni Pizza,Pizza,3,18,54,18.0
2026-01-10,ORD-24962,Margherita Pizza,Pizza,4,15,60,20.0
2026-01-10,ORD-15535,Chicken Wings,Appetizers,3,10,30,12.0
2026-01-10,ORD-22063,Coffee,Drinks,1,4,4,1.0
2026-01-10,ORD-14290,French Fries,Sides,3,5,15,4.5
2026-01-10,ORD-41526,Caesar Salad,Salads,3,12,36,12.0
2026-01-10,ORD-69616,French Fries,Sides,3,5,15,4.5
2026-01-10,ORD-11359,Pepperoni Pizza,Pizza,1,18,18,6.0
2026-01-10,ORD-75577,Pepperoni Pizza,Pizza,2,18,36,12.0
2026-01-10,ORD-30567,Coffee,Drinks,1,4,4,1.0
2026-01-10,ORD-82493,Coffee,Drinks,1,4,4,1.0
2026-01-10,ORD-80982,Bruschetta,Appetizers,1,7,7,2.5
2026-01-10,ORD-55941,Coffee,Drinks,1,4,4,1.0
2026-01-10,ORD-91380,Pepperoni Pizza,Pizza,3,18,54,18.0
2026-01-10,ORD-45478,Coffee,Drinks,2,4,8,2.0
2026-01-10,ORD-74065,Coffee,Drinks,1,4,4,1.0
2026-01-10,ORD-72083,Margherita Pizza,Pizza,3,15,45,15.0
2026-01-10,ORD-34721,Beef Burger,Burgers,1,14,14,6.0
2026-01-10,ORD-30340,Bruschetta,Appetizers,1,7,7,2.5
2026-01-10,ORD-49586,Beef Burger,Burgers,3,14,42,18.0
2026-01-10,ORD-41788,Soda,Drinks,3,3,9,1.5
2026-01-10,ORD-76941,Margherita Pizza,Pizza,3,15,45,15.0
2026-01-10,ORD-43088,Soda,Drinks,1,3,3,0.5
2026-01-10,ORD-11584,Caesar Salad,Salads,3,12,36,12.0
2026-01-10,ORD-62663,Margherita Pizza,Pizza,2,15,30,10.0
2026-01-10,ORD-77384,Chicken Wings,Appetizers,2,10,20,8.0
2026-01-10,ORD-45615,Soda,Drinks,1,3,3,0.5
2026-01-10,ORD-38402,French Fries,Sides,2,5,10,3.0
2026-01-10,ORD-11729,French Fries,Sides,1,5,5,1.5
2026-01-10,ORD-36917,Caesar Salad,Salads,2,12,24,8.0
2026-01-10,ORD-33587,Caesar Salad,Salads,2,12,24,8.0
2026-01-10,ORD-51756,Pepperoni Pizza,Pizza,2,18,36,12.0
2026-01-10,ORD-57233,Chicken Wings,Appetizers,2,10,20,8.0
2026-01-10,ORD-39656,Beef Burger,Burgers,3,14,42,18.0
2026-01-10,ORD-10177,Beef Burger,Burgers,3,14,42,18.0
2026-01-10,ORD-75187,Tiramisu,Desserts,3,8,24,9.0
2026-01-10,ORD-35860,Coffee,Drinks,3,4,12,3.0
2026-01-10,ORD-25701,Pepperoni Pizza,Pizza,2,18,36,12.0
2026-01-10,ORD-88042,Caesar Salad,Salads,2,12,24,8.0
2026-01-10,ORD-27214,Margherita Pizza,Pizza,4,15,60,20.0
2026-01-10,ORD-74306,Chicken Wings,Appetizers,3,10,30,12.0
2026-01-10,ORD-12225,Chicken Wings,Appetizers,1,10,10,4.0
2026-01-10,ORD-95639,Coffee,Drinks,2,4,8,2.0
2026-01-10,ORD-26346,Margherita Pizza,Pizza,5,15,75,25.0
2026-01-10,ORD-88896,French Fries,Sides,2,5,10,3.0
2026-01-10,ORD-38622,Beef Burger,Burgers,3,14,42,18.0
2026-01-10,ORD-94627,Tiramisu,Desserts,2,8,16,6.0
2026-01-10,ORD-13452,Bruschetta,Appetizers,1,7,7,2.5
2026-01-10,ORD-19529,Margherita Pizza,Pizza,5,15,75,25.0
2026-01-10,ORD-52382,Pepperoni Pizza,Pizza,3,18,54,18.0
2026-01-10,ORD-48095,Pepperoni Pizza,Pizza,2,18,36,12.0
2026-01-10,ORD-13711,French Fries,Sides,1,5,5,1.5
2026-01-10,ORD-54405,Tiramisu,Desserts,1,8,8,3.0
2026-01-10,ORD-11655,Bruschetta,Appetizers,1,7,7,2.5
2026-01-10,ORD-90976,Tiramisu,Desserts,2,8,16,6.0
2026-01-10,ORD-97726,Tiramisu,Desserts,2,8,16,6.0
2026-01-10,ORD-19406,Margherita Pizza,Pizza,3,15,45,15.0
2026-01-10,ORD-89051,Pepperoni Pizza,Pizza,1,18,18,6.0
2026-01-10,ORD-90165,Margherita Pizza,Pizza,3,15,45,15.0
2026-01-10,ORD-50331,Caesar Salad,Salads,1,12,12,4.0
2026-01-10,ORD-44806,Soda,Drinks,1,3,3,0.5
2026-01-10,ORD-17269,Margherita Pizza,Pizza,2,15,30,10.0
2026-01-10,ORD-87276,Soda,Drinks,1,3,3,0.5
2026-01-10,ORD-65250,Chicken Wings,Appetizers,1,10,10,4.0
2026-01-10,ORD-28188,Beef Burger,Burgers,3,14,42,18.0
2026-01-10,ORD-82488,French Fries,Sides,1,5,5,1.5
2026-01-10,ORD-97038,Margherita Pizza,Pizza,4,15,60,20.0
2026-01-10,ORD-29855,Bruschetta,Appetizers,1,7,7,2.5
2026-01-10,ORD-36225,Beef Burger,Burgers,2,14,28,12.0
2026-01-10,ORD-32452,Chicken Wings,Appetizers,3,10,30,12.0
2026-01-10,ORD-63393,Coffee,Drinks,2,4,8,2.0
2026-01-10,ORD-16880,Caesar Salad,Salads,2,12,24,8.0
2026-01-10,ORD-71596,Coffee,Drinks,2,4,8,2.0
2026-01-10,ORD-49022,Coffee,Drinks,3,4,12,3.0
2026-01-10,ORD-77569,Caesar Salad,Salads,2,12,24,8.0
2026-01-10,ORD-75197,Chicken Wings,Appetizers,3,10,30,12.0
2026-01-10,ORD-82484,Pepperoni Pizza,Pizza,2,18,36,12.0
2026-01-10,ORD-38956,Coffee,Drinks,1,4,4,1.0
2026-01-10,ORD-81372,Chicken Wings,Appetizers,3,10,30,12.0
2026-01-10,ORD-29060,Chicken Wings,Appetizers,1,10,10,4.0
2026-01-10,ORD-50325,Chicken Wings,Appetizers,1,10,10,4.0
2026-01-10,ORD-19302,Margherita Pizza,Pizza,3,15,45,15.0
2026-01-10,ORD-57301,Beef Burger,Burgers,2,14,28,12.0
2026-01-10,ORD-78045,Beef Burger,Burgers,3,14,42,18.0
2026-01-10,ORD-88346,Tiramisu,Desserts,3,8,24,9.0
2026-01-10,ORD-67977,Chicken Wings,Appetizers,3,10,30,12.0
2026-01-10,ORD-40932,Beef Burger,Burgers,3,14,42,18.0
2026-01-10,ORD-66575,Coffee,Drinks,2,4,8,2.0
2026-01-10,ORD-69445,Coffee,Drinks,2,4,8,2.0
2026-01-10,ORD-32814,Soda,Drinks,2,3,6,1.0
2026-01-10,ORD-55338,Coffee,Drinks,1,4,4,1.0
2026-01-10,ORD-68715,Pepperoni Pizza,Pizza,1,18,18,6.0
2026-01-10,ORD-82047,Pepperoni Pizza,Pizza,3,18,54,18.0
2026-01-10,ORD-94209,Chicken Wings,Appetizers,1,10,10,4.0
2026-01-10,ORD-91389,French Fries,Sides,2,5,10,3.0
2026-01-10,ORD-43855,Margherita Pizza,Pizza,3,15,45,15.0
2026-01-10,ORD-62105,Chicken Wings,Appetizers,3,10,30,12.0
2026-01-10,ORD-50508,Pepperoni Pizza,Pizza,3,18,54,18.0
2026-01-10,ORD-33088,Soda,Drinks,2,3,6,1.0
2026-01-10,ORD-20029,Pepperoni Pizza,Pizza,1,18,18,6.0
2026-01-10,ORD-97016,Tiramisu,Desserts,1,8,8,3.0
2026-01-10,ORD-53947,Soda,Drinks,3,3,9,1.5
2026-01-10,ORD-29275,Coffee,Drinks,1,4,4,1.0
2026-01-10,ORD-29256,Chicken Wings,Appetizers,3,10,30,12.0
2026-01-10,ORD-66837,Coffee,Drinks,3,4,12,3.0
2026-01-10,ORD-97527,Bruschetta,Appetizers,1,7,7,2.5
2026-01-10,ORD-34592,Soda,Drinks,1,3,3,0.5
2026-01-10,ORD-58946,Soda,Drinks,2,3,6,1.0
2026-01-10,ORD-83078,Caesar Salad,Salads,2,12,24,8.0
2026-01-10,ORD-68477,Beef Burger,Burgers,1,14,14,6.0
2026-01-10,ORD-28186,Chicken Wings,Appetizers,2,10,20,8.0
2026-01-10,ORD-41727,Pepperoni Pizza,Pizza,3,18,54,18.0
2026-01-10,ORD-56154,Pepperoni Pizza,Pizza,2,18,36,12.0
2026-01-10,ORD-18101,Beef Burger,Burgers,2,14,28,12.0
2026-01-10,ORD-65944,Margherita Pizza,Pizza,5,15,75,25.0
2026-01-10,ORD-92073,French Fries,Sides,3,5,15,4.5
2026-01-10,ORD-64873,Caesar Salad,Salads,3,12,36,12.0
2026-01-10,ORD-63373,Chicken Wings,Appetizers,2,10,20,8.0
2026-01-10,ORD-18426,Margherita Pizza,Pizza,2,15,30,10.0
2026-01-10,ORD-30504,French Fries,Sides,3,5,15,4.5
2026-01-10,ORD-65860,Soda,Drinks,2,3,6,1.0
2026-01-10,ORD-47740,French Fries,Sides,1,5,5,1.5
2026-01-10,ORD-37321,Margherita Pizza,Pizza,3,15,45,15.0
2026-01-10,ORD-89409,Chicken Wings,Appetizers,3,10,30,12.0
2026-01-10,ORD-51936,French Fries,Sides,1,5,5,1.5
2026-01-10,ORD-46749,Margherita Pizza,Pizza,4,15,60,20.0
2026-01-10,ORD-77896,Caesar Salad,Salads,3,12,36,12.0
2026-01-10,ORD-29501,Soda,Drinks,1,3,3,0.5
2026-01-10,ORD-97358,Margherita Pizza,Pizza,5,15,75,25.0
2026-01-10,ORD-11726,Soda,Drinks,3,3,9,1.5
2026-01-11,ORD-36523,Pepperoni Pizza,Pizza,3,18,54,18.0
2026-01-11,ORD-43639,Pepperoni Pizza,Pizza,1,18,18,6.0
2026-01-11,ORD-38774,French Fries,Sides,2,5,10,3.0
2026-01-11,ORD-14943,Pepperoni Pizza,Pizza,2,18,36,12.0
2026-01-11,ORD-10280,Coffee,Drinks,2,4,8,2.0
2026-01-11,ORD-87815,Tiramisu,Desserts,1,8,8,3.0
2026-01-11,ORD-93279,Beef Burger,Burgers,2,14,28,12.0
2026-01-11,ORD-55549,Bruschetta,Appetizers,1,7,7,2.5
2026-01-11,ORD-10217,Tiramisu,Desserts,2,8,16,6.0
2026-01-11,ORD-43523,French Fries,Sides,2,5,10,3.0
2026-01-11,ORD-61923,French Fries,Sides,2,5,10,3.0
2026-01-11,ORD-64419,Caesar Salad,Salads,3,12,36,12.0
2026-01-11,ORD-11669,Tiramisu,Desserts,1,8,8,3.0
2026-01-11,ORD-81648,Chicken Wings,Appetizers,1,10,10,4.0
2026-01-11,ORD-55749,Soda,Drinks,2,3,6,1.0
2026-01-11,ORD-79465,Beef Burger,Burgers,3,14,42,18.0
2026-01-11,ORD-21229,Pepperoni Pizza,Pizza,3,18,54,18.0
2026-01-11,ORD-28350,Caesar Salad,Salads,2,12,24,8.0
2026-01-11,ORD-68916,Tiramisu,Desserts,3,8,24,9.0
2026-01-11,ORD-61426,French Fries,Sides,1,5,5,1.5
2026-01-11,ORD-86918,Caesar Salad,Salads,1,12,12,4.0
2026-01-11,ORD-77270,Soda,Drinks,2,3,6,1.0
2026-01-11,ORD-25717,Chicken Wings,Appetizers,3,10,30,12.0
2026-01-11,ORD-33466,Soda,Drinks,1,3,3,0.5
2026-01-11,ORD-85692,Caesar Salad,Salads,3,12,36,12.0
2026-01-11,ORD-37170,Soda,Drinks,1,3,3,0.5
2026-01-11,ORD-23967,Pepperoni Pizza,Pizza,1,18,18,6.0
2026-01-11,ORD-99831,Pepperoni Pizza,Pizza,2,18,36,12.0
2026-01-11,ORD-81546,Chicken Wings,Appetizers,1,10,10,4.0
2026-01-11,ORD-22025,Pepperoni Pizza,Pizza,3,18,54,18.0
2026-01-11,ORD-46468,Pepperoni Pizza,Pizza,2,18,36,12.0
2026-01-11,ORD-76341,Coffee,Drinks,1,4,4,1.0
2026-01-11,ORD-38597,Chicken Wings,Appetizers,3,10,30,12.0
2026-01-11,ORD-31835,Beef Burger,Burgers,3,14,42,18.0
2026-01-11,ORD-38361,Soda,Drinks,3,3,9,1.5
2026-01-11,ORD-57984,Beef Burger,Burgers,1,14,14,6.0
2026-01-11,ORD-92155,Pepperoni Pizza,Pizza,2,18,36,12.0
2026-01-11,ORD-47192,Margherita Pizza,Pizza,5,15,75,25.0
2026-01-11,ORD-19233,Tiramisu,Desserts,3,8,24,9.0
2026-01-11,ORD-47603,Soda,Drinks,1,3,3,0.5
2026-01-11,ORD-44774,Chicken Wings,Appetizers,2,10,20,8.0
2026-01-11,ORD-99165,Margherita Pizza,Pizza,4,15,60,20.0
2026-01-11,ORD-95081,Bruschetta,Appetizers,1,7,7,2.5
2026-01-11,ORD-67390,Chicken Wings,Appetizers,2,10,20,8.0
2026-01-11,ORD-27520,Tiramisu,Desserts,1,8,8,3.0
2026-01-11,ORD-24640,Caesar Salad,Salads,1,12,12,4.0
2026-01-11,ORD-70291,Pepperoni Pizza,Pizza,1,18,18,6.0
2026-01-11,ORD-90315,Margherita Pizza,Pizza,3,15,45,15.0
2026-01-11,ORD-34353,Chicken Wings,Appetizers,2,10,20,8.0
2026-01-11,ORD-20733,Coffee,Drinks,2,4,8,2.0
2026-01-11,ORD-65816,Margherita Pizza,Pizza,5,15,75,25.0
2026-01-11,ORD-43014,Bruschetta,Appetizers,1,7,7,2.5
2026-01-11,ORD-54221,Tiramisu,Desserts,1,8,8,3.0
2026-01-11,ORD-45865,Soda,Drinks,2,3,6,1.0
2026-01-11,ORD-67431,Margherita Pizza,Pizza,3,15,45,15.0
2026-01-11,ORD-37995,Chicken Wings,Appetizers,3,10,30,12.0
2026-01-11,ORD-56853,Tiramisu,Desserts,1,8,8,3.0
2026-01-11,ORD-95383,Pepperoni Pizza,Pizza,3,18,54,18.0
2026-01-11,ORD-34307,Coffee,Drinks,1,4,4,1.0
2026-01-11,ORD-45509,Coffee,Drinks,3,4,12,3.0
2026-01-11,ORD-62612,Beef Burger,Burgers,1,14,14,6.0
2026-01-11,ORD-58918,Pepperoni Pizza,Pizza,3,18,54,18.0
2026-01-11,ORD-62926,Bruschetta,Appetizers,1,7,7,2.5
2026-01-11,ORD-45034,Beef Burger,Burgers,2,14,28,12.0
2026-01-11,ORD-60336,French Fries,Sides,2,5,10,3.0
2026-01-11,ORD-30965,Pepperoni Pizza,Pizza,3,18,54,18.0
2026-01-11,ORD-11345,Margherita Pizza,Pizza,5,15,75,25.0
2026-01-11,ORD-50376,Margherita Pizza,Pizza,5,15,75,25.0
2026-01-11,ORD-90809,Tiramisu,Desserts,2,8,16,6.0
2026-01-11,ORD-28196,Coffee,Drinks,1,4,4,1.0
2026-01-11,ORD-93226,Soda,Drinks,2,3,6,1.0
2026-01-11,ORD-51169,Caesar Salad,Salads,1,12,12,4.0
2026-01-11,ORD-91282,Soda,Drinks,1,3,3,0.5
2026-01-11,ORD-20458,Margherita Pizza,Pizza,5,15,75,25.0
2026-01-11,ORD-55940,Margherita Pizza,Pizza,4,15,60,20.0
2026-01-11,ORD-90635,Coffee,Drinks,3,4,12,3.0
2026-01-11,ORD-16011,Margherita Pizza,Pizza,4,15,60,20.0
2026-01-11,ORD-13228,Coffee,Drinks,2,4,8,2.0
2026-01-11,ORD-97003,Soda,Drinks,2,3,6,1.0
2026-01-11,ORD-59798,French Fries,Sides,3,5,15,4.5
2026-01-11,ORD-97070,Tiramisu,Desserts,2,8,16,6.0
2026-01-11,ORD-48319,Beef Burger,Burgers,2,14,28,12.0
2026-01-11,ORD-85428,Margherita Pizza,Pizza,4,15,60,20.0
2026-01-11,ORD-77919,Pepperoni Pizza,Pizza,2,18,36,12.0
2026-01-11,ORD-81864,Tiramisu,Desserts,1,8,8,3.0
2026-01-11,ORD-43014,Beef Burger,Burgers,1,14,14,6.0
2026-01-11,ORD-71628,Bruschetta,Appetizers,1,7,7,2.5
2026-01-11,ORD-63612,Beef Burger,Burgers,2,14,28,12.0
2026-01-11,ORD-97440,Tiramisu,Desserts,1,8,8,3.0
2026-01-11,ORD-74853,Caesar Salad,Salads,3,12,36,12.0
2026-01-11,ORD-54379,Soda,Drinks,2,3,6,1.0
2026-01-11,ORD-71781,Soda,Drinks,2,3,6,1.0
2026-01-12,ORD-31302,Coffee,Drinks,3,4,12,3.0
2026-01-12,ORD-79759,Margherita Pizza,Pizza,3,15,45,15.0
2026-01-12,ORD-29467,French Fries,Sides,1,5,5,1.5
2026-01-12,ORD-26124,French Fries,Sides,3,5,15,4.5
2026-01-12,ORD-84220,Beef Burger,Burgers,3,14,42,18.0
2026-01-12,ORD-92518,Chicken Wings,Appetizers,2,10,20,8.0
2026-01-12,ORD-16679,Margherita Pizza,Pizza,2,15,30,10.0
2026-01-12,ORD-44993,Coffee,Drinks,1,4,4,1.0
2026-01-12,ORD-19378,Margherita Pizza,Pizza,4,15,60,20.0
2026-01-12,ORD-15356,Coffee,Drinks,2,4,8,2.0
2026-01-12,ORD-77873,Pepperoni Pizza,Pizza,3,18,54,18.0
2026-01-12,ORD-80654,Caesar Salad,Salads,2,12,24,8.0
2026-01-12,ORD-80126,French Fries,Sides,1,5,5,1.5
2026-01-12,ORD-69866,Coffee,Drinks,3,4,12,3.0
2026-01-12,ORD-28430,Tiramisu,Desserts,1,8,8,3.0
2026-01-12,ORD-11799,Pepperoni Pizza,Pizza,1,18,18,6.0
2026-01-12,ORD-32731,Beef Burger,Burgers,1,14,14,6.0
2026-01-12,ORD-45395,Beef Burger,Burgers,1,14,14,6.0
2026-01-12,ORD-67598,Tiramisu,Desserts,1,8,8,3.0
2026-01-12,ORD-57545,Coffee,Drinks,2,4,8,2.0
2026-01-12,ORD-48484,Tiramisu,Desserts,2,8,16,6.0
2026-01-12,ORD-18287,Pepperoni Pizza,Pizza,3,18,54,18.0
2026-01-12,ORD-10277,Caesar Salad,Salads,1,12,12,4.0
2026-01-12,ORD-96599,Chicken Wings,Appetizers,2,10,20,8.0
2026-01-12,ORD-59847,Coffee,Drinks,3,4,12,3.0
2026-01-12,ORD-61509,Soda,Drinks,2,3,6,1.0
2026-01-12,ORD-33850,Bruschetta,Appetizers,1,7,7,2.5
2026-01-12,ORD-43095,Bruschetta,Appetizers,1,7,7,2.5
2026-01-12,ORD-81582,Margherita Pizza,Pizza,5,15,75,25.0
2026-01-12,ORD-36816,Caesar Salad,Salads,3,12,36,12.0
2026-01-12,ORD-20477,Margherita Pizza,Pizza,4,15,60,20.0
2026-01-12,ORD-73245,French Fries,Sides,1,5,5,1.5
2026-01-12,ORD-51684,Caesar Salad,Salads,2,12,24,8.0
2026-01-12,ORD-76135,Tiramisu,Desserts,1,8,8,3.0
2026-01-12,ORD-73703,Margherita Pizza,Pizza,3,15,45,15.0
2026-01-12,ORD-85777,Tiramisu,Desserts,2,8,16,6.0
2026-01-12,ORD-43569,Caesar Salad,Salads,1,12,12,4.0
2026-01-12,ORD-61649,Beef Burger,Burgers,1,14,14,6.0
2026-01-12,ORD-46985,Soda,Drinks,3,3,9,1.5
2026-01-12,ORD-20018,French Fries,Sides,1,5,5,1.5
2026-01-12,ORD-19851,French Fries,Sides,2,5,10,3.0
2026-01-12,ORD-94101,Tiramisu,Desserts,1,8,8,3.0
2026-01-12,ORD-92211,Caesar Salad,Salads,3,12,36,12.0
2026-01-12,ORD-65431,French Fries,Sides,2,5,10,3.0
2026-01-12,ORD-34802,Caesar Salad,Salads,3,12,36,12.0
2026-01-12,ORD-14543,Coffee,Drinks,2,4,8,2.0
2026-01-12,ORD-49700,Margherita Pizza,Pizza,5,15,75,25.0
2026-01-12,ORD-75785,Pepperoni Pizza,Pizza,2,18,36,12.0
2026-01-13,ORD-63350,Margherita Pizza,Pizza,5,15,75,25.0
2026-01-13,ORD-30585,Tiramisu,Desserts,1,8,8,3.0
2026-01-13,ORD-44831,Chicken Wings,Appetizers,1,10,10,4.0
2026-01-13,ORD-15966,Caesar Salad,Salads,3,12,36,12.0
2026-01-13,ORD-62232,Beef Burger,Burgers,3,14,42,18.0
2026-01-13,ORD-70275,Pepperoni Pizza,Pizza,2,18,36,12.0
2026-01-13,ORD-24780,Margherita Pizza,Pizza,2,15,30,10.0
2026-01-13,ORD-11995,Soda,Drinks,3,3,9,1.5
2026-01-13,ORD-51992,Soda,Drinks,3,3,9,1.5
2026-01-13,ORD-80593,Chicken Wings,Appetizers,3,10,30,12.0
2026-01-13,ORD-22839,Soda,Drinks,2,3,6,1.0
2026-01-13,ORD-61880,Caesar Salad,Salads,3,12,36,12.0
2026-01-13,ORD-31924,Coffee,Drinks,3,4,12,3.0
2026-01-13,ORD-11428,Coffee,Drinks,3,4,12,3.0
2026-01-13,ORD-90773,Chicken Wings,Appetizers,1,10,10,4.0
2026-01-13,ORD-62097,Coffee,Drinks,1,4,4,1.0
2026-01-13,ORD-47095,Caesar Salad,Salads,1,12,12,4.0
2026-01-13,ORD-19133,Coffee,Drinks,1,4,4,1.0
2026-01-13,ORD-41290,Margherita Pizza,Pizza,2,15,30,10.0
2026-01-13,ORD-93798,Tiramisu,Desserts,1,8,8,3.0
2026-01-13,ORD-48038,French Fries,Sides,1,5,5,1.5
2026-01-13,ORD-89581,Caesar Salad,Salads,1,12,12,4.0
2026-01-13,ORD-28765,Tiramisu,Desserts,2,8,16,6.0
2026-01-13,ORD-59285,Caesar Salad,Salads,3,12,36,12.0
2026-01-13,ORD-59542,Coffee,Drinks,1,4,4,1.0
2026-01-13,ORD-87692,Coffee,Drinks,2,4,8,2.0
2026-01-13,ORD-59618,Margherita Pizza,Pizza,3,15,45,15.0
2026-01-13,ORD-77653,Tiramisu,Desserts,2,8,16,6.0
2026-01-13,ORD-60935,French Fries,Sides,3,5,15,4.5
2026-01-13,ORD-21927,Margherita Pizza,Pizza,4,15,60,20.0
2026-01-13,ORD-28683,Tiramisu,Desserts,1,8,8,3.0
2026-01-13,ORD-76986,French Fries,Sides,3,5,15,4.5
2026-01-13,ORD-99669,Chicken Wings,Appetizers,1,10,10,4.0
2026-01-13,ORD-30315,Soda,Drinks,1,3,3,0.5
2026-01-13,ORD-87301,Tiramisu,Desserts,2,8,16,6.0
2026-01-13,ORD-84871,Bruschetta,Appetizers,1,7,7,2.5
2026-01-13,ORD-48521,Beef Burger,Burgers,3,14,42,18.0
2026-01-13,ORD-13044,Chicken Wings,Appetizers,3,10,30,12.0
2026-01-13,ORD-31478,Pepperoni Pizza,Pizza,3,18,54,18.0
2026-01-13,ORD-31168,Coffee,Drinks,3,4,12,3.0
2026-01-13,ORD-49389,Margherita Pizza,Pizza,4,15,60,20.0
2026-01-13,ORD-32772,French Fries,Sides,1,5,5,1.5
2026-01-13,ORD-24319,Beef Burger,Burgers,2,14,28,12.0
2026-01-13,ORD-71684,Chicken Wings,Appetizers,2,10,20,8.0
2026-01-13,ORD-48011,Beef Burger,Burgers,2,14,28,12.0
2026-01-13,ORD-21852,French Fries,Sides,2,5,10,3.0
2026-01-13,ORD-88696,French Fries,Sides,1,5,5,1.5
2026-01-14,ORD-76121,French Fries,Sides,2,5,10,3.0
2026-01-14,ORD-24151,Caesar Salad,Salads,3,12,36,12.0
2026-01-14,ORD-17415,Caesar Salad,Salads,3,12,36,12.0
2026-01-14,ORD-11587,Soda,Drinks,1,3,3,0.5
2026-01-14,ORD-26769,Coffee,Drinks,1,4,4,1.0
2026-01-14,ORD-98131,Tiramisu,Desserts,1,8,8,3.0
2026-01-14,ORD-84268,French Fries,Sides,2,5,10,3.0
2026-01-14,ORD-94091,Caesar Salad,Salads,1,12,12,4.0
2026-01-14,ORD-14980,Beef Burger,Burgers,1,14,14,6.0
2026-01-14,ORD-47801,Beef Burger,Burgers,2,14,28,12.0
2026-01-14,ORD-24982,French Fries,Sides,2,5,10,3.0
2026-01-14,ORD-14744,Caesar Salad,Salads,1,12,12,4.0
2026-01-14,ORD-58664,Margherita Pizza,Pizza,5,15,75,25.0
2026-01-14,ORD-77428,Pepperoni Pizza,Pizza,1,18,18,6.0
2026-01-14,ORD-12727,Pepperoni Pizza,Pizza,1,18,18,6.0
2026-01-14,ORD-78320,Beef Burger,Burgers,1,14,14,6.0
2026-01-14,ORD-33104,Tiramisu,Desserts,1,8,8,3.0
2026-01-14,ORD-67746,Beef Burger,Burgers,3,14,42,18.0
2026-01-14,ORD-36515,French Fries,Sides,3,5,15,4.5
2026-01-14,ORD-41711,Beef Burger,Burgers,2,14,28,12.0
2026-01-14,ORD-98532,Pepperoni Pizza,Pizza,1,18,18,6.0
2026-01-14,ORD-64039,Caesar Salad,Salads,1,12,12,4.0
2026-01-14,ORD-41540,Caesar Salad,Salads,3,12,36,12.0
2026-01-14,ORD-34532,Soda,Drinks,3,3,9,1.5
2026-01-14,ORD-91391,Chicken Wings,Appetizers,2,10,20,8.0
2026-01-14,ORD-93802,Tiramisu,Desserts,1,8,8,3.0
2026-01-14,ORD-28191,Pepperoni Pizza,Pizza,1,18,18,6.0
2026-01-14,ORD-19324,Coffee,Drinks,3,4,12,3.0
2026-01-14,ORD-19860,Chicken Wings,Appetizers,3,10,30,12.0
2026-01-14,ORD-69635,Soda,Drinks,2,3,6,1.0
2026-01-14,ORD-60440,French Fries,Sides,1,5,5,1.5
2026-01-14,ORD-33444,Pepperoni Pizza,Pizza,3,18,54,18.0
2026-01-14,ORD-82518,Coffee,Drinks,3,4,12,3.0
2026-01-14,ORD-37890,French Fries,Sides,2,5,10,3.0
2026-01-14,ORD-50079,Caesar Salad,Salads,3,12,36,12.0
2026-01-14,ORD-57675,Tiramisu,Desserts,3,8,24,9.0
2026-01-14,ORD-96649,French Fries,Sides,3,5,15,4.5
2026-01-14,ORD-80154,Beef Burger,Burgers,3,14,42,18.0
2026-01-14,ORD-96004,Pepperoni Pizza,Pizza,1,18,18,6.0
2026-01-14,ORD-92783,Margherita Pizza,Pizza,4,15,60,20.0
2026-01-14,ORD-96021,Tiramisu,Desserts,1,8,8,3.0
2026-01-14,ORD-61225,Tiramisu,Desserts,1,8,8,3.0
2026-01-14,ORD-16817,Chicken Wings,Appetizers,1,10,10,4.0
2026-01-14,ORD-15969,Caesar Salad,Salads,3,12,36,12.0
2026-01-14,ORD-14701,Beef Burger,Burgers,1,14,14,6.0
2026-01-15,ORD-66234,Margherita Pizza,Pizza,2,15,30,10.0
2026-01-15,ORD-47356,Beef Burger,Burgers,3,14,42,18.0
2026-01-15,ORD-16529,French Fries,Sides,3,5,15,4.5
2026-01-15,ORD-32192,Chicken Wings,Appetizers,2,10,20,8.0
2026-01-15,ORD-32131,French Fries,Sides,3,5,15,4.5
2026-01-15,ORD-53130,Beef Burger,Burgers,1,14,14,6.0
2026-01-15,ORD-59904,French Fries,Sides,2,5,10,3.0
2026-01-15,ORD-50459,Caesar Salad,Salads,2,12,24,8.0
2026-01-15,ORD-53552,Margherita Pizza,Pizza,5,15,75,25.0
2026-01-15,ORD-48218,Tiramisu,Desserts,3,8,24,9.0
2026-01-15,ORD-79412,Chicken Wings,Appetizers,2,10,20,8.0
2026-01-15,ORD-97327,Caesar Salad,Salads,1,12,12,4.0
2026-01-15,ORD-16439,Beef Burger,Burgers,2,14,28,12.0
2026-01-15,ORD-28507,Beef Burger,Burgers,3,14,42,18.0
2026-01-15,ORD-46143,Margherita Pizza,Pizza,3,15,45,15.0
2026-01-15,ORD-21195,Tiramisu,Desserts,1,8,8,3.0
2026-01-15,ORD-23772,Pepperoni Pizza,Pizza,3,18,54,18.0
2026-01-15,ORD-13734,Soda,Drinks,1,3,3,0.5
2026-01-15,ORD-97405,Chicken Wings,Appetizers,2,10,20,8.0
2026-01-15,ORD-84099,Margherita Pizza,Pizza,4,15,60,20.0
2026-01-15,ORD-65037,Soda,Drinks,1,3,3,0.5
2026-01-15,ORD-22268,Tiramisu,Desserts,2,8,16,6.0
2026-01-15,ORD-87658,French Fries,Sides,1,5,5,1.5
2026-01-15,ORD-51261,Pepperoni Pizza,Pizza,3,18,54,18.0
2026-01-15,ORD-61184,Margherita Pizza,Pizza,4,15,60,20.0
2026-01-15,ORD-82852,Tiramisu,Desserts,3,8,24,9.0
2026-01-15,ORD-74787,Beef Burger,Burgers,3,14,42,18.0
2026-01-15,ORD-92855,Soda,Drinks,2,3,6,1.0
2026-01-15,ORD-50538,Beef Burger,Burgers,2,14,28,12.0
2026-01-15,ORD-36398,Coffee,Drinks,3,4,12,3.0
2026-01-15,ORD-88909,Soda,Drinks,1,3,3,0.5
2026-01-15,ORD-16816,Pepperoni Pizza,Pizza,3,18,54,18.0
2026-01-15,ORD-70598,French Fries,Sides,1,5,5,1.5
2026-01-15,ORD-70991,Chicken Wings,Appetizers,3,10,30,12.0
2026-01-15,ORD-88024,Beef Burger,Burgers,3,14,42,18.0
2026-01-15,ORD-19909,Coffee,Drinks,3,4,12,3.0
2026-01-15,ORD-67531,Soda,Drinks,2,3,6,1.0
2026-01-15,ORD-93003,Caesar Salad,Salads,2,12,24,8.0
2026-01-15,ORD-21831,Beef Burger,Burgers,3,14,42,18.0
2026-01-15,ORD-87355,Pepperoni Pizza,Pizza,2,18,36,12.0
2026-01-15,ORD-49181,Beef Burger,Burgers,2,14,28,12.0
2026-01-15,ORD-68174,Tiramisu,Desserts,2,8,16,6.0
2026-01-15,ORD-41463,Soda,Drinks,2,3,6,1.0
2026-01-15,ORD-22683,French Fries,Sides,2,5,10,3.0
2026-01-15,ORD-52037,Caesar Salad,Salads,3,12,36,12.0
2026-01-16,ORD-37391,Pepperoni Pizza,Pizza,1,18,18,6.0
2026-01-16,ORD-42602,Coffee,Drinks,3,4,12,3.0
2026-01-16,ORD-23011,Chicken Wings,Appetizers,3,10,30,12.0
2026-01-16,ORD-59709,Tiramisu,Desserts,1,8,8,3.0
2026-01-16,ORD-14377,Caesar Salad,Salads,2,12,24,8.0
2026-01-16,ORD-94937,Chicken Wings,Appetizers,3,10,30,12.0
2026-01-16,ORD-86856,Beef Burger,Burgers,1,14,14,6.0
2026-01-16,ORD-50584,Margherita Pizza,Pizza,5,15,75,25.0
2026-01-16,ORD-38210,Tiramisu,Desserts,1,8,8,3.0
2026-01-16,ORD-23793,Soda,Drinks,2,3,6,1.0
2026-01-16,ORD-58790,Caesar Salad,Salads,2,12,24,8.0
2026-01-16,ORD-95061,Pepperoni Pizza,Pizza,2,18,36,12.0
2026-01-16,ORD-51276,French Fries,Sides,3,5,15,4.5
2026-01-16,ORD-17171,Beef Burger,Burgers,1,14,14,6.0
2026-01-16,ORD-61185,Caesar Salad,Salads,1,12,12,4.0
2026-01-16,ORD-54707,Beef Burger,Burgers,2,14,28,12.0
2026-01-16,ORD-44224,French Fries,Sides,2,5,10,3.0
2026-01-16,ORD-72224,Tiramisu,Desserts,2,8,16,6.0
2026-01-16,ORD-42388,Coffee,Drinks,1,4,4,1.0
2026-01-16,ORD-97295,Tiramisu,Desserts,2,8,16,6.0
2026-01-16,ORD-58106,Soda,Drinks,1,3,3,0.5
2026-01-16,ORD-94987,Chicken Wings,Appetizers,2,10,20,8.0
2026-01-16,ORD-85119,Caesar Salad,Salads,1,12,12,4.0
2026-01-16,ORD-74275,Bruschetta,Appetizers,1,7,7,2.5
2026-01-16,ORD-31457,Margherita Pizza,Pizza,2,15,30,10.0
2026-01-16,ORD-91949,Tiramisu,Desserts,3,8,24,9.0
2026-01-16,ORD-80644,French Fries,Sides,2,5,10,3.0
2026-01-16,ORD-35306,Tiramisu,Desserts,3,8,24,9.0
2026-01-16,ORD-23230,Tiramisu,Desserts,2,8,16,6.0
2026-01-16,ORD-34440,Coffee,Drinks,2,4,8,2.0
2026-01-16,ORD-98131,Beef Burger,Burgers,1,14,14,6.0
2026-01-16,ORD-85123,Coffee,Drinks,3,4,12,3.0
2026-01-16,ORD-79427,French Fries,Sides,1,5,5,1.5
2026-01-16,ORD-39351,Tiramisu,Desserts,1,8,8,3.0
2026-01-16,ORD-62741,French Fries,Sides,1,5,5,1.5
2026-01-16,ORD-42990,Tiramisu,Desserts,1,8,8,3.0
2026-01-16,ORD-87825,Margherita Pizza,Pizza,2,15,30,10.0
2026-01-16,ORD-70855,Beef Burger,Burgers,3,14,42,18.0
2026-01-16,ORD-32615,Soda,Drinks,2,3,6,1.0
2026-01-16,ORD-51833,Tiramisu,Desserts,3,8,24,9.0
2026-01-16,ORD-15935,Beef Burger,Burgers,2,14,28,12.0
2026-01-16,ORD-37227,Caesar Salad,Salads,1,12,12,4.0
2026-01-16,ORD-14723,Soda,Drinks,3,3,9,1.5
2026-01-16,ORD-28978,Coffee,Drinks,2,4,8,2.0
2026-01-16,ORD-88821,Soda,Drinks,1,3,3,0.5
2026-01-16,ORD-61617,Coffee,Drinks,1,4,4,1.0
2026-01-16,ORD-80200,French Fries,Sides,3,5,15,4.5
2026-01-16,ORD-35373,Caesar Salad,Salads,3,12,36,12.0
2026-01-16,ORD-98975,Coffee,Drinks,3,4,12,3.0
2026-01-16,ORD-74239,French Fries,Sides,2,5,10,3.0
2026-01-16,ORD-70365,Beef Burger,Burgers,1,14,14,6.0
2026-01-16,ORD-48196,Chicken Wings,Appetizers,1,10,10,4.0
2026-01-16,ORD-83976,Caesar Salad,Salads,1,12,12,4.0
2026-01-16,ORD-70910,French Fries,Sides,2,5,10,3.0
2026-01-16,ORD-89952,Tiramisu,Desserts,2,8,16,6.0
2026-01-16,ORD-28500,Pepperoni Pizza,Pizza,1,18,18,6.0
2026-01-16,ORD-35406,Chicken Wings,Appetizers,1,10,10,4.0
2026-01-16,ORD-58712,Chicken Wings,Appetizers,1,10,10,4.0
2026-01-16,ORD-21714,Pepperoni Pizza,Pizza,2,18,36,12.0
2026-01-16,ORD-13163,Pepperoni Pizza,Pizza,2,18,36,12.0
2026-01-16,ORD-15343,Chicken Wings,Appetizers,1,10,10,4.0
2026-01-16,ORD-55863,Margherita Pizza,Pizza,2,15,30,10.0
2026-01-16,ORD-86668,Pepperoni Pizza,Pizza,2,18,36,12.0
2026-01-16,ORD-51277,Beef Burger,Burgers,3,14,42,18.0
2026-01-16,ORD-24567,Caesar Salad,Salads,1,12,12,4.0
2026-01-16,ORD-37380,Caesar Salad,Salads,3,12,36,12.0
2026-01-16,ORD-75627,Coffee,Drinks,2,4,8,2.0
2026-01-16,ORD-76990,French Fries,Sides,2,5,10,3.0
2026-01-16,ORD-57260,Bruschetta,Appetizers,1,7,7,2.5
2026-01-16,ORD-64789,Caesar Salad,Salads,3,12,36,12.0
2026-01-16,ORD-34144,Caesar Salad,Salads,3,12,36,12.0
2026-01-16,ORD-55586,Margherita Pizza,Pizza,3,15,45,15.0
2026-01-16,ORD-12079,Margherita Pizza,Pizza,4,15,60,20.0
2026-01-16,ORD-86103,Margherita Pizza,Pizza,4,15,60,20.0
2026-01-16,ORD-34126,Caesar Salad,Salads,1,12,12,4.0
2026-01-16,ORD-68977,Soda,Drinks,3,3,9,1.5
2026-01-16,ORD-68871,Pepperoni Pizza,Pizza,2,18,36,12.0
2026-01-16,ORD-88126,Caesar Salad,Salads,1,12,12,4.0
2026-01-16,ORD-58132,Pepperoni Pizza,Pizza,1,18,18,6.0
2026-01-16,ORD-59732,Bruschetta,Appetizers,1,7,7,2.5
2026-01-16,ORD-79527,French Fries,Sides,1,5,5,1.5
2026-01-16,ORD-42688,Tiramisu,Desserts,1,8,8,3.0
2026-01-16,ORD-35643,Coffee,Drinks,3,4,12,3.0
2026-01-16,ORD-93046,Coffee,Drinks,3,4,12,3.0
2026-01-16,ORD-73125,Beef Burger,Burgers,3,14,42,18.0
2026-01-16,ORD-16583,French Fries,Sides,1,5,5,1.5
2026-01-16,ORD-35760,Coffee,Drinks,3,4,12,3.0
2026-01-16,ORD-64518,Tiramisu,Desserts,1,8,8,3.0
2026-01-16,ORD-88699,Caesar Salad,Salads,1,12,12,4.0
2026-01-16,ORD-65424,Chicken Wings,Appetizers,2,10,20,8.0
2026-01-16,ORD-55711,Pepperoni Pizza,Pizza,3,18,54,18.0
2026-01-16,ORD-19368,Caesar Salad,Salads,2,12,24,8.0
2026-01-16,ORD-56264,Beef Burger,Burgers,1,14,14,6.0
2026-01-16,ORD-79284,Beef Burger,Burgers,1,14,14,6.0
2026-01-16,ORD-78409,Beef Burger,Burgers,2,14,28,12.0
2026-01-16,ORD-74834,Soda,Drinks,1,3,3,0.5
2026-01-16,ORD-25241,Margherita Pizza,Pizza,5,15,75,25.0
2026-01-16,ORD-27688,Beef Burger,Burgers,3,14,42,18.0
2026-01-16,ORD-15158,Caesar Salad,Salads,3,12,36,12.0
2026-01-16,ORD-11150,Chicken Wings,Appetizers,1,10,10,4.0
2026-01-16,ORD-81373,Coffee,Drinks,1,4,4,1.0
2026-01-16,ORD-63033,Chicken Wings,Appetizers,3,10,30,12.0
2026-01-16,ORD-84059,Pepperoni Pizza,Pizza,2,18,36,12.0
2026-01-16,ORD-12862,Beef Burger,Burgers,2,14,28,12.0
2026-01-16,ORD-35177,Soda,Drinks,2,3,6,1.0
2026-01-16,ORD-32375,Caesar Salad,Salads,3,12,36,12.0
2026-01-16,ORD-25109,Tiramisu,Desserts,2,8,16,6.0
2026-01-16,ORD-34424,Margherita Pizza,Pizza,4,15,60,20.0
2026-01-16,ORD-63112,Soda,Drinks,1,3,3,0.5
2026-01-16,ORD-49346,Pepperoni Pizza,Pizza,1,18,18,6.0
2026-01-16,ORD-27461,Coffee,Drinks,3,4,12,3.0
2026-01-16,ORD-53478,Soda,Drinks,3,3,9,1.5
2026-01-16,ORD-25986,Beef Burger,Burgers,2,14,28,12.0
2026-01-16,ORD-30478,Beef Burger,Burgers,1,14,14,6.0
2026-01-16,ORD-17025,Coffee,Drinks,2,4,8,2.0
2026-01-16,ORD-95716,French Fries,Sides,3,5,15,4.5
2026-01-16,ORD-96462,Soda,Drinks,2,3,6,1.0
2026-01-16,ORD-72812,Caesar Salad,Salads,2,12,24,8.0
2026-01-16,ORD-78841,Pepperoni Pizza,Pizza,2,18,36,12.0
2026-01-16,ORD-53760,Coffee,Drinks,3,4,12,3.0
2026-01-16,ORD-36906,Chicken Wings,Appetizers,3,10,30,12.0
2026-01-16,ORD-75581,Bruschetta,Appetizers,1,7,7,2.5
2026-01-16,ORD-95032,Pepperoni Pizza,Pizza,2,18,36,12.0
2026-01-16,ORD-40587,Soda,Drinks,2,3,6,1.0
2026-01-16,ORD-95924,Beef Burger,Burgers,2,14,28,12.0
2026-01-16,ORD-16136,Soda,Drinks,1,3,3,0.5
2026-01-16,ORD-39150,Bruschetta,Appetizers,1,7,7,2.5
2026-01-16,ORD-91458,Margherita Pizza,Pizza,5,15,75,25.0
2026-01-16,ORD-40708,Soda,Drinks,3,3,9,1.5
2026-01-16,ORD-25050,Caesar Salad,Salads,3,12,36,12.0
2026-01-16,ORD-21550,French Fries,Sides,2,5,10,3.0
2026-01-16,ORD-45763,Soda,Drinks,3,3,9,1.5
2026-01-16,ORD-76583,French Fries,Sides,3,5,15,4.5
2026-01-16,ORD-92941,Tiramisu,Desserts,1,8,8,3.0
2026-01-16,ORD-87280,Soda,Drinks,3,3,9,1.5
2026-01-16,ORD-62637,Coffee,Drinks,1,4,4,1.0
2026-01-16,ORD-88037,Margherita Pizza,Pizza,4,15,60,20.0
2026-01-16,ORD-18772,Margherita Pizza,Pizza,3,15,45,15.0
2026-01-17,ORD-16558,Beef Burger,Burgers,1,14,14,6.0
2026-01-17,ORD-40180,Coffee,Drinks,3,4,12,3.0
2026-01-17,ORD-93842,Coffee,Drinks,2,4,8,2.0
2026-01-17,ORD-54549,Tiramisu,Desserts,2,8,16,6.0
2026-01-17,ORD-66107,Margherita Pizza,Pizza,2,15,30,10.0
2026-01-17,ORD-62234,Pepperoni Pizza,Pizza,3,18,54,18.0
2026-01-17,ORD-88122,Soda,Drinks,3,3,9,1.5
2026-01-17,ORD-65742,Coffee,Drinks,1,4,4,1.0
2026-01-17,ORD-11459,Caesar Salad,Salads,3,12,36,12.0
2026-01-17,ORD-42743,Soda,Drinks,3,3,9,1.5
2026-01-17,ORD-48925,Tiramisu,Desserts,2,8,16,6.0
2026-01-17,ORD-65463,Coffee,Drinks,1,4,4,1.0
2026-01-17,ORD-42802,Chicken Wings,Appetizers,1,10,10,4.0
2026-01-17,ORD-76857,Coffee,Drinks,2,4,8,2.0
2026-01-17,ORD-48931,Margherita Pizza,Pizza,5,15,75,25.0
2026-01-17,ORD-76847,Beef Burger,Burgers,1,14,14,6.0
2026-01-17,ORD-40801,Margherita Pizza,Pizza,2,15,30,10.0
2026-01-17,ORD-71631,Caesar Salad,Salads,1,12,12,4.0
2026-01-17,ORD-41292,Chicken Wings,Appetizers,3,10,30,12.0
2026-01-17,ORD-69370,Beef Burger,Burgers,3,14,42,18.0
2026-01-17,ORD-52592,Margherita Pizza,Pizza,2,15,30,10.0
2026-01-17,ORD-34282,Coffee,Drinks,1,4,4,1.0
2026-01-17,ORD-30387,Soda,Drinks,3,3,9,1.5
2026-01-17,ORD-10259,Soda,Drinks,2,3,6,1.0
2026-01-17,ORD-30536,Soda,Drinks,3,3,9,1.5
2026-01-17,ORD-87840,Chicken Wings,Appetizers,3,10,30,12.0
2026-01-17,ORD-26711,Chicken Wings,Appetizers,2,10,20,8.0
2026-01-17,ORD-44238,Pepperoni Pizza,Pizza,2,18,36,12.0
2026-01-17,ORD-22486,French Fries,Sides,1,5,5,1.5
2026-01-17,ORD-15392,Coffee,Drinks,3,4,12,3.0
2026-01-17,ORD-38215,Margherita Pizza,Pizza,4,15,60,20.0
2026-01-17,ORD-72222,Coffee,Drinks,3,4,12,3.0
2026-01-17,ORD-96199,Margherita Pizza,Pizza,4,15,60,20.0
2026-01-17,ORD-42289,Coffee,Drinks,2,4,8,2.0
2026-01-17,ORD-65224,Coffee,Drinks,3,4,12,3.0
2026-01-17,ORD-79928,Caesar Salad,Salads,2,12,24,8.0
2026-01-17,ORD-73681,Bruschetta,Appetizers,1,7,7,2.5
2026-01-17,ORD-87304,Pepperoni Pizza,Pizza,2,18,36,12.0
2026-01-17,ORD-97819,Caesar Salad,Salads,3,12,36,12.0
2026-01-17,ORD-67260,French Fries,Sides,1,5,5,1.5
2026-01-17,ORD-37593,Bruschetta,Appetizers,1,7,7,2.5
2026-01-17,ORD-10637,Margherita Pizza,Pizza,2,15,30,10.0
2026-01-17,ORD-89918,Tiramisu,Desserts,2,8,16,6.0
2026-01-17,ORD-54761,Chicken Wings,Appetizers,2,10,20,8.0
2026-01-17,ORD-46541,Caesar Salad,Salads,1,12,12,4.0
2026-01-17,ORD-39592,Pepperoni Pizza,Pizza,2,18,36,12.0
2026-01-17,ORD-52843,Margherita Pizza,Pizza,4,15,60,20.0
2026-01-17,ORD-72999,Soda,Drinks,1,3,3,0.5
2026-01-17,ORD-49026,Tiramisu,Desserts,3,8,24,9.0
2026-01-17,ORD-32516,French Fries,Sides,3,5,15,4.5
2026-01-17,ORD-27315,Pepperoni Pizza,Pizza,3,18,54,18.0
2026-01-17,ORD-42637,Beef Burger,Burgers,3,14,42,18.0
2026-01-17,ORD-50165,Tiramisu,Desserts,3,8,24,9.0
2026-01-17,ORD-39899,Soda,Drinks,2,3,6,1.0
2026-01-17,ORD-14017,Pepperoni Pizza,Pizza,1,18,18,6.0
2026-01-17,ORD-60245,Pepperoni Pizza,Pizza,3,18,54,18.0
2026-01-17,ORD-77674,Tiramisu,Desserts,1,8,8,3.0
2026-01-17,ORD-49186,Margherita Pizza,Pizza,2,15,30,10.0
2026-01-17,ORD-71645,Caesar Salad,Salads,1,12,12,4.0
2026-01-17,ORD-27510,Chicken Wings,Appetizers,1,10,10,4.0
2026-01-17,ORD-41941,Caesar Salad,Salads,1,12,12,4.0
2026-01-17,ORD-27851,Margherita Pizza,Pizza,5,15,75,25.0
2026-01-17,ORD-31288,Chicken Wings,Appetizers,2,10,20,8.0
2026-01-17,ORD-58126,Pepperoni Pizza,Pizza,2,18,36,12.0
2026-01-17,ORD-22930,Margherita Pizza,Pizza,5,15,75,25.0
2026-01-17,ORD-44691,Coffee,Drinks,3,4,12,3.0
2026-01-17,ORD-59559,Coffee,Drinks,3,4,12,3.0
2026-01-17,ORD-36017,French Fries,Sides,1,5,5,1.5
2026-01-17,ORD-15056,Tiramisu,Desserts,3,8,24,9.0
2026-01-17,ORD-94668,Tiramisu,Desserts,3,8,24,9.0
2026-01-17,ORD-37356,Caesar Salad,Salads,3,12,36,12.0
2026-01-17,ORD-41653,Pepperoni Pizza,Pizza,1,18,18,6.0
2026-01-17,ORD-24248,Soda,Drinks,2,3,6,1.0
2026-01-17,ORD-61531,Beef Burger,Burgers,3,14,42,18.0
2026-01-17,ORD-83281,Bruschetta,Appetizers,1,7,7,2.5
2026-01-17,ORD-73215,Caesar Salad,Salads,3,12,36,12.0
2026-01-17,ORD-72028,Tiramisu,Desserts,1,8,8,3.0
2026-01-17,ORD-58205,Bruschetta,Appetizers,1,7,7,2.5
2026-01-17,ORD-97680,Tiramisu,Desserts,3,8,24,9.0
2026-01-17,ORD-73034,Beef Burger,Burgers,3,14,42,18.0
2026-01-17,ORD-89618,Tiramisu,Desserts,1,8,8,3.0
2026-01-17,ORD-88540,Beef Burger,Burgers,1,14,14,6.0
2026-01-17,ORD-30681,Beef Burger,Burgers,2,14,28,12.0
2026-01-17,ORD-58088,Caesar Salad,Salads,1,12,12,4.0
2026-01-17,ORD-66234,Margherita Pizza,Pizza,4,15,60,20.0
2026-01-17,ORD-96417,Margherita Pizza,Pizza,2,15,30,10.0
2026-01-17,ORD-27128,Coffee,Drinks,2,4,8,2.0
2026-01-17,ORD-60134,Coffee,Drinks,2,4,8,2.0
2026-01-17,ORD-69335,French Fries,Sides,3,5,15,4.5
2026-01-17,ORD-46796,Margherita Pizza,Pizza,3,15,45,15.0
2026-01-17,ORD-14081,Beef Burger,Burgers,1,14,14,6.0
2026-01-17,ORD-29328,Caesar Salad,Salads,3,12,36,12.0
2026-01-17,ORD-24115,Beef Burger,Burgers,1,14,14,6.0
2026-01-17,ORD-35326,Chicken Wings,Appetizers,2,10,20,8.0
2026-01-17,ORD-57131,Beef Burger,Burgers,3,14,42,18.0
2026-01-17,ORD-91691,French Fries,Sides,1,5,5,1.5
2026-01-17,ORD-90002,Chicken Wings,Appetizers,3,10,30,12.0
2026-01-17,ORD-67550,Beef Burger,Burgers,2,14,28,12.0
2026-01-17,ORD-72627,Caesar Salad,Salads,3,12,36,12.0
2026-01-17,ORD-38276,Coffee,Drinks,2,4,8,2.0
2026-01-17,ORD-22581,Chicken Wings,Appetizers,2,10,20,8.0
2026-01-17,ORD-66276,Soda,Drinks,3,3,9,1.5
2026-01-17,ORD-17597,Margherita Pizza,Pizza,3,15,45,15.0
2026-01-17,ORD-65743,Chicken Wings,Appetizers,1,10,10,4.0
2026-01-17,ORD-35500,Margherita Pizza,Pizza,5,15,75,25.0
2026-01-17,ORD-42645,French Fries,Sides,3,5,15,4.5
2026-01-17,ORD-42812,Tiramisu,Desserts,3,8,24,9.0
2026-01-17,ORD-38828,Pepperoni Pizza,Pizza,2,18,36,12.0
2026-01-17,ORD-98059,Bruschetta,Appetizers,1,7,7,2.5
2026-01-17,ORD-31912,French Fries,Sides,2,5,10,3.0
2026-01-17,ORD-14685,French Fries,Sides,3,5,15,4.5
2026-01-17,ORD-71572,Bruschetta,Appetizers,1,7,7,2.5
2026-01-17,ORD-42648,Chicken Wings,Appetizers,3,10,30,12.0
2026-01-17,ORD-61602,Pepperoni Pizza,Pizza,1,18,18,6.0
2026-01-17,ORD-72560,Beef Burger,Burgers,3,14,42,18.0
2026-01-17,ORD-77509,Margherita Pizza,Pizza,2,15,30,10.0
2026-01-17,ORD-66646,French Fries,Sides,1,5,5,1.5
2026-01-17,ORD-28375,Tiramisu,Desserts,1,8,8,3.0
2026-01-17,ORD-59119,Margherita Pizza,Pizza,2,15,30,10.0
2026-01-17,ORD-74763,Pepperoni Pizza,Pizza,2,18,36,12.0
2026-01-17,ORD-27004,Beef Burger,Burgers,3,14,42,18.0
2026-01-17,ORD-43960,French Fries,Sides,2,5,10,3.0
2026-01-18,ORD-11996,Pepperoni Pizza,Pizza,3,18,54,18.0
2026-01-18,ORD-71006,Bruschetta,Appetizers,1,7,7,2.5
2026-01-18,ORD-94025,Soda,Drinks,3,3,9,1.5
2026-01-18,ORD-68333,Coffee,Drinks,2,4,8,2.0
2026-01-18,ORD-57531,Tiramisu,Desserts,2,8,16,6.0
2026-01-18,ORD-56005,Pepperoni Pizza,Pizza,3,18,54,18.0
2026-01-18,ORD-90258,Pepperoni Pizza,Pizza,3,18,54,18.0
2026-01-18,ORD-97115,Pepperoni Pizza,Pizza,2,18,36,12.0
2026-01-18,ORD-63947,Pepperoni Pizza,Pizza,3,18,54,18.0
2026-01-18,ORD-88513,Caesar Salad,Salads,3,12,36,12.0
2026-01-18,ORD-51600,Chicken Wings,Appetizers,1,10,10,4.0
2026-01-18,ORD-91964,Beef Burger,Burgers,1,14,14,6.0
2026-01-18,ORD-49927,Coffee,Drinks,2,4,8,2.0
2026-01-18,ORD-68103,Tiramisu,Desserts,3,8,24,9.0
2026-01-18,ORD-10279,French Fries,Sides,2,5,10,3.0
2026-01-18,ORD-65509,Pepperoni Pizza,Pizza,1,18,18,6.0
2026-01-18,ORD-23978,Chicken Wings,Appetizers,1,10,10,4.0
2026-01-18,ORD-63554,Soda,Drinks,1,3,3,0.5
2026-01-18,ORD-11184,Caesar Salad,Salads,2,12,24,8.0
2026-01-18,ORD-70453,Caesar Salad,Salads,1,12,12,4.0
2026-01-18,ORD-95849,Chicken Wings,Appetizers,3,10,30,12.0
2026-01-18,ORD-15169,Soda,Drinks,1,3,3,0.5
2026-01-18,ORD-70611,Margherita Pizza,Pizza,4,15,60,20.0
2026-01-18,ORD-54539,Pepperoni Pizza,Pizza,2,18,36,12.0
2026-01-18,ORD-17955,French Fries,Sides,3,5,15,4.5
2026-01-18,ORD-25473,Soda,Drinks,1,3,3,0.5
2026-01-18,ORD-41138,French Fries,Sides,1,5,5,1.5
2026-01-18,ORD-76790,Tiramisu,Desserts,2,8,16,6.0
2026-01-18,ORD-77834,Chicken Wings,Appetizers,2,10,20,8.0
2026-01-18,ORD-40541,Chicken Wings,Appetizers,3,10,30,12.0
2026-01-18,ORD-18875,Tiramisu,Desserts,1,8,8,3.0
2026-01-18,ORD-58627,Margherita Pizza,Pizza,2,15,30,10.0
2026-01-18,ORD-24330,Beef Burger,Burgers,2,14,28,12.0
2026-01-18,ORD-61123,Pepperoni Pizza,Pizza,1,18,18,6.0
2026-01-18,ORD-66095,French Fries,Sides,2,5,10,3.0
2026-01-18,ORD-89903,Coffee,Drinks,2,4,8,2.0
2026-01-18,ORD-74552,Tiramisu,Desserts,2,8,16,6.0
2026-01-18,ORD-41584,Tiramisu,Desserts,2,8,16,6.0
2026-01-18,ORD-29447,Margherita Pizza,Pizza,5,15,75,25.0
2026-01-18,ORD-30462,Margherita Pizza,Pizza,5,15,75,25.0
2026-01-18,ORD-16695,Caesar Salad,Salads,2,12,24,8.0
2026-01-18,ORD-28951,Tiramisu,Desserts,2,8,16,6.0
2026-01-18,ORD-30672,Margherita Pizza,Pizza,4,15,60,20.0
2026-01-18,ORD-46213,Soda,Drinks,1,3,3,0.5
2026-01-18,ORD-78428,Tiramisu,Desserts,1,8,8,3.0
2026-01-18,ORD-99682,Margherita Pizza,Pizza,5,15,75,25.0
2026-01-18,ORD-23605,Pepperoni Pizza,Pizza,3,18,54,18.0
2026-01-18,ORD-88721,Chicken Wings,Appetizers,3,10,30,12.0
2026-01-18,ORD-67288,Beef Burger,Burgers,3,14,42,18.0
2026-01-18,ORD-28842,Beef Burger,Burgers,1,14,14,6.0
2026-01-18,ORD-81356,French Fries,Sides,3,5,15,4.5
2026-01-18,ORD-38775,Soda,Drinks,3,3,9,1.5
2026-01-18,ORD-67194,Beef Burger,Burgers,1,14,14,6.0
2026-01-18,ORD-55437,Soda,Drinks,1,3,3,0.5
2026-01-18,ORD-71853,Bruschetta,Appetizers,1,7,7,2.5
2026-01-18,ORD-57956,Caesar Salad,Salads,3,12,36,12.0
2026-01-18,ORD-30175,Chicken Wings,Appetizers,2,10,20,8.0
2026-01-18,ORD-84742,Coffee,Drinks,1,4,4,1.0
2026-01-18,ORD-76822,Soda,Drinks,3,3,9,1.5
2026-01-18,ORD-97230,Bruschetta,Appetizers,1,7,7,2.5
2026-01-18,ORD-87001,Tiramisu,Desserts,3,8,24,9.0
2026-01-18,ORD-34313,Caesar Salad,Salads,1,12,12,4.0
2026-01-18,ORD-21705,Coffee,Drinks,1,4,4,1.0
2026-01-18,ORD-83937,Caesar Salad,Salads,2,12,24,8.0
2026-01-18,ORD-60082,Pepperoni Pizza,Pizza,2,18,36,12.0
2026-01-18,ORD-88348,Soda,Drinks,1,3,3,0.5
2026-01-18,ORD-90323,Beef Burger,Burgers,2,14,28,12.0
2026-01-18,ORD-87048,Beef Burger,Burgers,1,14,14,6.0
2026-01-18,ORD-21784,Margherita Pizza,Pizza,5,15,75,25.0
2026-01-18,ORD-78240,Beef Burger,Burgers,3,14,42,18.0
2026-01-18,ORD-34880,Beef Burger,Burgers,2,14,28,12.0
2026-01-18,ORD-14341,Soda,Drinks,2,3,6,1.0
2026-01-18,ORD-34172,Chicken Wings,Appetizers,2,10,20,8.0
2026-01-18,ORD-93588,Soda,Drinks,1,3,3,0.5
2026-01-18,ORD-26473,Tiramisu,Desserts,1,8,8,3.0
2026-01-18,ORD-38582,Tiramisu,Desserts,2,8,16,6.0
2026-01-18,ORD-47342,Coffee,Drinks,3,4,12,3.0
2026-01-18,ORD-49348,Beef Burger,Burgers,2,14,28,12.0
2026-01-18,ORD-61492,Tiramisu,Desserts,2,8,16,6.0
2026-01-18,ORD-36066,Caesar Salad,Salads,2,12,24,8.0
2026-01-18,ORD-75340,Pepperoni Pizza,Pizza,3,18,54,18.0
2026-01-18,ORD-16703,Bruschetta,Appetizers,1,7,7,2.5
2026-01-18,ORD-73590,Margherita Pizza,Pizza,4,15,60,20.0
2026-01-18,ORD-99437,Caesar Salad,Salads,2,12,24,8.0
2026-01-18,ORD-30033,Margherita Pizza,Pizza,5,15,75,25.0
2026-01-18,ORD-63473,Pepperoni Pizza,Pizza,1,18,18,6.0
2026-01-18,ORD-83460,Caesar Salad,Salads,1,12,12,4.0
2026-01-18,ORD-77845,Coffee,Drinks,3,4,12,3.0
2026-01-18,ORD-42689,Beef Burger,Burgers,1,14,14,6.0
2026-01-18,ORD-98565,Coffee,Drinks,2,4,8,2.0
2026-01-18,ORD-89518,Margherita Pizza,Pizza,2,15,30,10.0
2026-01-18,ORD-82082,Beef Burger,Burgers,2,14,28,12.0
2026-01-18,ORD-17351,Soda,Drinks,2,3,6,1.0
2026-01-18,ORD-98904,Beef Burger,Burgers,1,14,14,6.0
2026-01-18,ORD-53072,Caesar Salad,Salads,2,12,24,8.0
2026-01-18,ORD-20296,Soda,Drinks,3,3,9,1.5
2026-01-18,ORD-67491,Pepperoni Pizza,Pizza,1,18,18,6.0
2026-01-18,ORD-59176,Chicken Wings,Appetizers,1,10,10,4.0
2026-01-18,ORD-91105,Pepperoni Pizza,Pizza,2,18,36,12.0
2026-01-18,ORD-95529,Chicken Wings,Appetizers,2,10,20,8.0
2026-01-18,ORD-56318,Pepperoni Pizza,Pizza,3,18,54,18.0
2026-01-18,ORD-70090,Tiramisu,Desserts,3,8,24,9.0
2026-01-18,ORD-35237,Coffee,Drinks,2,4,8,2.0
2026-01-18,ORD-89835,Chicken Wings,Appetizers,2,10,20,8.0
2026-01-18,ORD-47197,Coffee,Drinks,2,4,8,2.0
2026-01-18,ORD-49372,Pepperoni Pizza,Pizza,1,18,18,6.0
2026-01-18,ORD-44358,Beef Burger,Burgers,2,14,28,12.0
2026-01-18,ORD-58906,Tiramisu,Desserts,1,8,8,3.0
2026-01-18,ORD-74280,Beef Burger,Burgers,1,14,14,6.0
2026-01-18,ORD-17590,French Fries,Sides,2,5,10,3.0
2026-01-18,ORD-27889,Chicken Wings,Appetizers,3,10,30,12.0
2026-01-18,ORD-70158,Beef Burger,Burgers,3,14,42,18.0
2026-01-18,ORD-63632,Bruschetta,Appetizers,1,7,7,2.5
2026-01-18,ORD-51813,Bruschetta,Appetizers,1,7,7,2.5
2026-01-18,ORD-86865,Bruschetta,Appetizers,1,7,7,2.5
2026-01-18,ORD-10409,Chicken Wings,Appetizers,3,10,30,12.0
2026-01-18,ORD-10146,Margherita Pizza,Pizza,3,15,45,15.0
2026-01-18,ORD-22415,Pepperoni Pizza,Pizza,1,18,18,6.0
2026-01-18,ORD-11590,Coffee,Drinks,2,4,8,2.0
2026-01-18,ORD-32270,Caesar Salad,Salads,2,12,24,8.0
2026-01-18,ORD-33637,Pepperoni Pizza,Pizza,1,18,18,6.0
2026-01-18,ORD-96344,Caesar Salad,Salads,2,12,24,8.0
2026-01-18,ORD-25481,Caesar Salad,Salads,1,12,12,4.0
2026-01-18,ORD-68982,Chicken Wings,Appetizers,3,10,30,12.0
2026-01-18,ORD-69441,French Fries,Sides,2,5,10,3.0
2026-01-18,ORD-55066,Beef Burger,Burgers,2,14,28,12.0
2026-01-18,ORD-82385,Margherita Pizza,Pizza,3,15,45,15.0
2026-01-18,ORD-85009,Tiramisu,Desserts,3,8,24,9.0
2026-01-18,ORD-49156,Tiramisu,Desserts,3,8,24,9.0
2026-01-18,ORD-99582,Tiramisu,Desserts,1,8,8,3.0
2026-01-18,ORD-71986,Tiramisu,Desserts,3,8,24,9.0
2026-01-18,ORD-77683,Margherita Pizza,Pizza,3,15,45,15.0
2026-01-18,ORD-48321,Chicken Wings,Appetizers,2,10,20,8.0
2026-01-18,ORD-45730,Pepperoni Pizza,Pizza,1,18,18,6.0
2026-01-18,ORD-52056,Coffee,Drinks,1,4,4,1.0
2026-01-18,ORD-25286,Margherita Pizza,Pizza,5,15,75,25.0
2026-01-18,ORD-75088,Beef Burger,Burgers,1,14,14,6.0
2026-01-18,ORD-96421,Chicken Wings,Appetizers,2,10,20,8.0
2026-01-18,ORD-15309,Beef Burger,Burgers,2,14,28,12.0
2026-01-19,ORD-10547,Caesar Salad,Salads,2,12,24,8.0
2026-01-19,ORD-40640,French Fries,Sides,1,5,5,1.5
2026-01-19,ORD-47533,Pepperoni Pizza,Pizza,2,18,36,12.0
2026-01-19,ORD-55011,Soda,Drinks,3,3,9,1.5
2026-01-19,ORD-48772,Beef Burger,Burgers,2,14,28,12.0
2026-01-19,ORD-35075,Pepperoni Pizza,Pizza,1,18,18,6.0
2026-01-19,ORD-36547,Coffee,Drinks,2,4,8,2.0
2026-01-19,ORD-26872,French Fries,Sides,3,5,15,4.5
2026-01-19,ORD-60064,Bruschetta,Appetizers,1,7,7,2.5
2026-01-19,ORD-65437,French Fries,Sides,2,5,10,3.0
2026-01-19,ORD-79234,Bruschetta,Appetizers,1,7,7,2.5
2026-01-19,ORD-65637,Caesar Salad,Salads,2,12,24,8.0
2026-01-19,ORD-91381,Caesar Salad,Salads,1,12,12,4.0
2026-01-19,ORD-26803,Coffee,Drinks,1,4,4,1.0
2026-01-19,ORD-79321,Coffee,Drinks,2,4,8,2.0
2026-01-19,ORD-25908,Caesar Salad,Salads,2,12,24,8.0
2026-01-19,ORD-40721,Chicken Wings,Appetizers,3,10,30,12.0
2026-01-19,ORD-23150,Chicken Wings,Appetizers,3,10,30,12.0
2026-01-19,ORD-39099,Soda,Drinks,1,3,3,0.5
2026-01-19,ORD-20563,French Fries,Sides,1,5,5,1.5
2026-01-19,ORD-35491,Tiramisu,Desserts,3,8,24,9.0
2026-01-19,ORD-59088,Soda,Drinks,1,3,3,0.5
2026-01-19,ORD-95437,Margherita Pizza,Pizza,4,15,60,20.0
2026-01-19,ORD-69916,Beef Burger,Burgers,2,14,28,12.0
2026-01-19,ORD-65871,Beef Burger,Burgers,3,14,42,18.0
2026-01-19,ORD-63925,Bruschetta,Appetizers,1,7,7,2.5
2026-01-19,ORD-32304,Tiramisu,Desserts,2,8,16,6.0
2026-01-19,ORD-67880,Coffee,Drinks,2,4,8,2.0
2026-01-19,ORD-49844,French Fries,Sides,3,5,15,4.5
2026-01-19,ORD-64608,Tiramisu,Desserts,2,8,16,6.0
2026-01-19,ORD-30316,Pepperoni Pizza,Pizza,1,18,18,6.0
2026-01-19,ORD-32289,Chicken Wings,Appetizers,1,10,10,4.0
2026-01-19,ORD-81095,French Fries,Sides,2,5,10,3.0
2026-01-19,ORD-50745,Tiramisu,Desserts,2,8,16,6.0
2026-01-19,ORD-89558,Margherita Pizza,Pizza,4,15,60,20.0
2026-01-19,ORD-17481,Caesar Salad,Salads,2,12,24,8.0
2026-01-19,ORD-45838,Beef Burger,Burgers,2,14,28,12.0
2026-01-19,ORD-76519,Tiramisu,Desserts,1,8,8,3.0
2026-01-19,ORD-73155,Coffee,Drinks,1,4,4,1.0
2026-01-19,ORD-29347,Soda,Drinks,1,3,3,0.5
2026-01-19,ORD-97367,Coffee,Drinks,3,4,12,3.0
2026-01-19,ORD-65609,French Fries,Sides,1,5,5,1.5
2026-01-19,ORD-35947,Chicken Wings,Appetizers,1,10,10,4.0
2026-01-19,ORD-98520,Pepperoni Pizza,Pizza,2,18,36,12.0
2026-01-19,ORD-21757,Pepperoni Pizza,Pizza,1,18,18,6.0
2026-01-19,ORD-97585,Tiramisu,Desserts,2,8,16,6.0
2026-01-19,ORD-24372,French Fries,Sides,3,5,15,4.5
2026-01-19,ORD-62169,Chicken Wings,Appetizers,3,10,30,12.0
2026-01-19,ORD-86753,Beef Burger,Burgers,1,14,14,6.0
2026-01-19,ORD-59984,Pepperoni Pizza,Pizza,2,18,36,12.0
2026-01-19,ORD-63107,Beef Burger,Burgers,3,14,42,18.0
2026-01-19,ORD-41312,Caesar Salad,Salads,1,12,12,4.0
2026-01-19,ORD-57552,Margherita Pizza,Pizza,4,15,60,20.0
2026-01-19,ORD-33099,Coffee,Drinks,3,4,12,3.0
2026-01-19,ORD-83768,Soda,Drinks,1,3,3,0.5
2026-01-19,ORD-89458,Coffee,Drinks,2,4,8,2.0
2026-01-19,ORD-84404,Tiramisu,Desserts,2,8,16,6.0
2026-01-20,ORD-40171,Pepperoni Pizza,Pizza,3,18,54,18.0
2026-01-20,ORD-63702,Pepperoni Pizza,Pizza,2,18,36,12.0
2026-01-20,ORD-44451,Caesar Salad,Salads,1,12,12,4.0
2026-01-20,ORD-86245,Coffee,Drinks,2,4,8,2.0
2026-01-20,ORD-92445,Soda,Drinks,1,3,3,0.5
2026-01-20,ORD-52468,Beef Burger,Burgers,2,14,28,12.0
2026-01-20,ORD-31372,Pepperoni Pizza,Pizza,2,18,36,12.0
2026-01-20,ORD-92747,Margherita Pizza,Pizza,4,15,60,20.0
2026-01-20,ORD-91259,Coffee,Drinks,1,4,4,1.0
2026-01-20,ORD-34290,Tiramisu,Desserts,2,8,16,6.0
2026-01-20,ORD-47655,Soda,Drinks,2,3,6,1.0
2026-01-20,ORD-43955,Beef Burger,Burgers,1,14,14,6.0
2026-01-20,ORD-79387,Soda,Drinks,3,3,9,1.5
2026-01-20,ORD-65651,Margherita Pizza,Pizza,3,15,45,15.0
2026-01-20,ORD-43473,French Fries,Sides,3,5,15,4.5
2026-01-20,ORD-43212,Chicken Wings,Appetizers,3,10,30,12.0
2026-01-20,ORD-83626,Beef Burger,Burgers,2,14,28,12.0
2026-01-20,ORD-86072,Tiramisu,Desserts,2,8,16,6.0
2026-01-20,ORD-94106,Tiramisu,Desserts,1,8,8,3.0
2026-01-20,ORD-27041,Coffee,Drinks,1,4,4,1.0
2026-01-20,ORD-13836,Beef Burger,Burgers,2,14,28,12.0
2026-01-20,ORD-21983,French Fries,Sides,3,5,15,4.5
2026-01-20,ORD-41908,Beef Burger,Burgers,3,14,42,18.0
2026-01-20,ORD-44802,Beef Burger,Burgers,3,14,42,18.0
2026-01-20,ORD-34578,Bruschetta,Appetizers,1,7,7,2.5
2026-01-20,ORD-90646,Caesar Salad,Salads,1,12,12,4.0
2026-01-20,ORD-12448,Margherita Pizza,Pizza,5,15,75,25.0
2026-01-20,ORD-89540,Tiramisu,Desserts,1,8,8,3.0
2026-01-20,ORD-63654,Pepperoni Pizza,Pizza,3,18,54,18.0
2026-01-20,ORD-57269,Chicken Wings,Appetizers,3,10,30,12.0
2026-01-20,ORD-42555,Chicken Wings,Appetizers,2,10,20,8.0
2026-01-20,ORD-31692,Tiramisu,Desserts,1,8,8,3.0
2026-01-20,ORD-39512,Pepperoni Pizza,Pizza,3,18,54,18.0
2026-01-20,ORD-19386,Soda,Drinks,1,3,3,0.5
2026-01-20,ORD-81339,Bruschetta,Appetizers,1,7,7,2.5
2026-01-20,ORD-92310,Margherita Pizza,Pizza,2,15,30,10.0
2026-01-20,ORD-49208,Chicken Wings,Appetizers,1,10,10,4.0
2026-01-20,ORD-72409,Margherita Pizza,Pizza,5,15,75,25.0
2026-01-21,ORD-15254,Tiramisu,Desserts,2,8,16,6.0
2026-01-21,ORD-90896,Beef Burger,Burgers,3,14,42,18.0
2026-01-21,ORD-34708,Tiramisu,Desserts,1,8,8,3.0
2026-01-21,ORD-19258,Coffee,Drinks,2,4,8,2.0
2026-01-21,ORD-71935,Beef Burger,Burgers,2,14,28,12.0
2026-01-21,ORD-33104,Margherita Pizza,Pizza,3,15,45,15.0
2026-01-21,ORD-36885,Pepperoni Pizza,Pizza,2,18,36,12.0
2026-01-21,ORD-10213,Pepperoni Pizza,Pizza,3,18,54,18.0
2026-01-21,ORD-38852,Coffee,Drinks,2,4,8,2.0
2026-01-21,ORD-71940,Bruschetta,Appetizers,1,7,7,2.5
2026-01-21,ORD-83405,Coffee,Drinks,2,4,8,2.0
2026-01-21,ORD-53504,Coffee,Drinks,2,4,8,2.0
2026-01-21,ORD-77463,Tiramisu,Desserts,2,8,16,6.0
2026-01-21,ORD-89695,Caesar Salad,Salads,2,12,24,8.0
2026-01-21,ORD-34052,Tiramisu,Desserts,3,8,24,9.0
2026-01-21,ORD-69335,Beef Burger,Burgers,3,14,42,18.0
2026-01-21,ORD-23437,Coffee,Drinks,1,4,4,1.0
2026-01-21,ORD-12953,Chicken Wings,Appetizers,3,10,30,12.0
2026-01-21,ORD-38127,Caesar Salad,Salads,1,12,12,4.0
2026-01-21,ORD-81022,Tiramisu,Desserts,1,8,8,3.0
2026-01-21,ORD-64634,Tiramisu,Desserts,3,8,24,9.0
2026-01-21,ORD-50385,Pepperoni Pizza,Pizza,1,18,18,6.0
2026-01-21,ORD-64782,Caesar Salad,Salads,1,12,12,4.0
2026-01-21,ORD-18738,French Fries,Sides,2,5,10,3.0
2026-01-21,ORD-32425,Pepperoni Pizza,Pizza,2,18,36,12.0
2026-01-21,ORD-15928,Tiramisu,Desserts,1,8,8,3.0
2026-01-21,ORD-50755,Soda,Drinks,2,3,6,1.0
2026-01-21,ORD-29661,Margherita Pizza,Pizza,4,15,60,20.0
2026-01-21,ORD-95634,Chicken Wings,Appetizers,2,10,20,8.0
2026-01-21,ORD-42000,Beef Burger,Burgers,1,14,14,6.0
2026-01-21,ORD-86886,Chicken Wings,Appetizers,2,10,20,8.0
2026-01-21,ORD-54659,French Fries,Sides,3,5,15,4.5
2026-01-21,ORD-94434,Pepperoni Pizza,Pizza,1,18,18,6.0
2026-01-21,ORD-26194,Pepperoni Pizza,Pizza,1,18,18,6.0
2026-01-21,ORD-13128,Margherita Pizza,Pizza,2,15,30,10.0
2026-01-21,ORD-11319,Tiramisu,Desserts,1,8,8,3.0
2026-01-21,ORD-93233,Coffee,Drinks,2,4,8,2.0
2026-01-21,ORD-69111,Chicken Wings,Appetizers,1,10,10,4.0
2026-01-21,ORD-61247,Coffee,Drinks,3,4,12,3.0
2026-01-21,ORD-68050,Caesar Salad,Salads,1,12,12,4.0
2026-01-21,ORD-24521,Soda,Drinks,2,3,6,1.0
2026-01-21,ORD-71028,Coffee,Drinks,2,4,8,2.0
2026-01-21,ORD-89035,Tiramisu,Desserts,3,8,24,9.0
2026-01-21,ORD-58385,Chicken Wings,Appetizers,2,10,20,8.0
2026-01-21,ORD-86287,Pepperoni Pizza,Pizza,3,18,54,18.0
2026-01-21,ORD-41324,Coffee,Drinks,2,4,8,2.0
2026-01-21,ORD-95335,French Fries,Sides,1,5,5,1.5
2026-01-21,ORD-28788,Caesar Salad,Salads,2,12,24,8.0
2026-01-21,ORD-24949,Tiramisu,Desserts,3,8,24,9.0
2026-01-21,ORD-19602,Beef Burger,Burgers,2,14,28,12.0
2026-01-21,ORD-92282,Beef Burger,Burgers,1,14,14,6.0
2026-01-22,ORD-53443,Margherita Pizza,Pizza,4,15,60,20.0
2026-01-22,ORD-61300,Pepperoni Pizza,Pizza,3,18,54,18.0
2026-01-22,ORD-28305,Chicken Wings,Appetizers,1,10,10,4.0
2026-01-22,ORD-35433,Coffee,Drinks,1,4,4,1.0
2026-01-22,ORD-59855,Beef Burger,Burgers,2,14,28,12.0
2026-01-22,ORD-12349,Tiramisu,Desserts,3,8,24,9.0
2026-01-22,ORD-60258,Beef Burger,Burgers,3,14,42,18.0
2026-01-22,ORD-86731,Bruschetta,Appetizers,1,7,7,2.5
2026-01-22,ORD-58544,Margherita Pizza,Pizza,5,15,75,25.0
2026-01-22,ORD-92482,French Fries,Sides,2,5,10,3.0
2026-01-22,ORD-72286,Pepperoni Pizza,Pizza,1,18,18,6.0
2026-01-22,ORD-92733,Soda,Drinks,3,3,9,1.5
2026-01-22,ORD-48327,Pepperoni Pizza,Pizza,2,18,36,12.0
2026-01-22,ORD-47011,Pepperoni Pizza,Pizza,2,18,36,12.0
2026-01-22,ORD-89888,Tiramisu,Desserts,3,8,24,9.0
2026-01-22,ORD-93130,Soda,Drinks,3,3,9,1.5
2026-01-22,ORD-91949,Chicken Wings,Appetizers,1,10,10,4.0
2026-01-22,ORD-66800,French Fries,Sides,1,5,5,1.5
2026-01-22,ORD-14516,Chicken Wings,Appetizers,1,10,10,4.0
2026-01-22,ORD-56149,French Fries,Sides,3,5,15,4.5
2026-01-22,ORD-55445,Caesar Salad,Salads,3,12,36,12.0
2026-01-22,ORD-18945,Margherita Pizza,Pizza,3,15,45,15.0
2026-01-22,ORD-51210,Margherita Pizza,Pizza,5,15,75,25.0
2026-01-22,ORD-73047,Pepperoni Pizza,Pizza,3,18,54,18.0
2026-01-22,ORD-99152,Caesar Salad,Salads,2,12,24,8.0
2026-01-22,ORD-82933,Coffee,Drinks,1,4,4,1.0
2026-01-22,ORD-65706,Beef Burger,Burgers,3,14,42,18.0
2026-01-22,ORD-63291,Coffee,Drinks,3,4,12,3.0
2026-01-23,ORD-98044,Caesar Salad,Salads,2,12,24,8.0
2026-01-23,ORD-45953,Margherita Pizza,Pizza,3,15,45,15.0
2026-01-23,ORD-72353,Coffee,Drinks,1,4,4,1.0
2026-01-23,ORD-40216,French Fries,Sides,3,5,15,4.5
2026-01-23,ORD-40876,Soda,Drinks,3,3,9,1.5
2026-01-23,ORD-10438,Coffee,Drinks,1,4,4,1.0
2026-01-23,ORD-57802,French Fries,Sides,1,5,5,1.5
2026-01-23,ORD-75845,Pepperoni Pizza,Pizza,1,18,18,6.0
2026-01-23,ORD-99587,Caesar Salad,Salads,3,12,36,12.0
2026-01-23,ORD-11412,Margherita Pizza,Pizza,2,15,30,10.0
2026-01-23,ORD-30256,French Fries,Sides,2,5,10,3.0
2026-01-23,ORD-80101,Chicken Wings,Appetizers,1,10,10,4.0
2026-01-23,ORD-98767,Coffee,Drinks,2,4,8,2.0
2026-01-23,ORD-24242,Chicken Wings,Appetizers,3,10,30,12.0
2026-01-23,ORD-72760,Pepperoni Pizza,Pizza,3,18,54,18.0
2026-01-23,ORD-40150,Coffee,Drinks,1,4,4,1.0
2026-01-23,ORD-82624,Chicken Wings,Appetizers,2,10,20,8.0
2026-01-23,ORD-24576,Beef Burger,Burgers,2,14,28,12.0
2026-01-23,ORD-39863,Tiramisu,Desserts,3,8,24,9.0
2026-01-23,ORD-26473,Chicken Wings,Appetizers,2,10,20,8.0
2026-01-23,ORD-15096,Margherita Pizza,Pizza,2,15,30,10.0
2026-01-23,ORD-34184,Caesar Salad,Salads,3,12,36,12.0
2026-01-23,ORD-13041,Caesar Salad,Salads,2,12,24,8.0
2026-01-23,ORD-65240,French Fries,Sides,1,5,5,1.5
2026-01-23,ORD-69770,Chicken Wings,Appetizers,3,10,30,12.0
2026-01-23,ORD-32657,Soda,Drinks,2,3,6,1.0
2026-01-23,ORD-71541,Margherita Pizza,Pizza,3,15,45,15.0
2026-01-23,ORD-56703,Caesar Salad,Salads,1,12,12,4.0
2026-01-23,ORD-74559,Chicken Wings,Appetizers,1,10,10,4.0
2026-01-23,ORD-24749,Coffee,Drinks,3,4,12,3.0
2026-01-23,ORD-63430,Coffee,Drinks,2,4,8,2.0
2026-01-23,ORD-78429,Tiramisu,Desserts,2,8,16,6.0
2026-01-23,ORD-85149,Coffee,Drinks,2,4,8,2.0
2026-01-23,ORD-81648,Pepperoni Pizza,Pizza,2,18,36,12.0
2026-01-23,ORD-27915,Caesar Salad,Salads,2,12,24,8.0
2026-01-23,ORD-30282,Pepperoni Pizza,Pizza,1,18,18,6.0
2026-01-23,ORD-52209,Bruschetta,Appetizers,1,7,7,2.5
2026-01-23,ORD-89699,Margherita Pizza,Pizza,4,15,60,20.0
2026-01-23,ORD-39326,Pepperoni Pizza,Pizza,2,18,36,12.0
2026-01-23,ORD-50867,Caesar Salad,Salads,3,12,36,12.0
2026-01-23,ORD-35903,Chicken Wings,Appetizers,3,10,30,12.0
2026-01-23,ORD-68238,Beef Burger,Burgers,1,14,14,6.0
2026-01-23,ORD-74017,Coffee,Drinks,2,4,8,2.0
2026-01-23,ORD-57321,Caesar Salad,Salads,3,12,36,12.0
2026-01-23,ORD-44227,Soda,Drinks,1,3,3,0.5
2026-01-23,ORD-60258,Tiramisu,Desserts,1,8,8,3.0
2026-01-23,ORD-24694,Beef Burger,Burgers,2,14,28,12.0
2026-01-23,ORD-45449,Pepperoni Pizza,Pizza,1,18,18,6.0
2026-01-23,ORD-45579,French Fries,Sides,2,5,10,3.0
2026-01-23,ORD-75128,Tiramisu,Desserts,1,8,8,3.0
2026-01-23,ORD-23415,Beef Burger,Burgers,1,14,14,6.0
2026-01-23,ORD-79009,Margherita Pizza,Pizza,4,15,60,20.0
2026-01-23,ORD-56217,Coffee,Drinks,2,4,8,2.0
2026-01-23,ORD-52359,Coffee,Drinks,1,4,4,1.0
2026-01-23,ORD-61827,Beef Burger,Burgers,2,14,28,12.0
2026-01-23,ORD-27277,Beef Burger,Burgers,3,14,42,18.0
2026-01-23,ORD-58731,French Fries,Sides,1,5,5,1.5
2026-01-23,ORD-76745,Pepperoni Pizza,Pizza,1,18,18,6.0
2026-01-23,ORD-62222,Coffee,Drinks,1,4,4,1.0
2026-01-23,ORD-25808,French Fries,Sides,1,5,5,1.5
2026-01-23,ORD-40658,Tiramisu,Desserts,3,8,24,9.0
2026-01-23,ORD-43979,Coffee,Drinks,2,4,8,2.0
2026-01-23,ORD-73511,Margherita Pizza,Pizza,2,15,30,10.0
2026-01-23,ORD-39067,Chicken Wings,Appetizers,1,10,10,4.0
2026-01-23,ORD-14559,Pepperoni Pizza,Pizza,1,18,18,6.0
2026-01-23,ORD-83927,Beef Burger,Burgers,2,14,28,12.0
2026-01-23,ORD-91053,Pepperoni Pizza,Pizza,3,18,54,18.0
2026-01-23,ORD-91585,Pepperoni Pizza,Pizza,2,18,36,12.0
2026-01-23,ORD-22510,French Fries,Sides,3,5,15,4.5
2026-01-23,ORD-74323,Caesar Salad,Salads,3,12,36,12.0
2026-01-23,ORD-53528,Tiramisu,Desserts,3,8,24,9.0
2026-01-23,ORD-84776,Tiramisu,Desserts,2,8,16,6.0
2026-01-23,ORD-75265,French Fries,Sides,3,5,15,4.5
2026-01-23,ORD-54166,Margherita Pizza,Pizza,4,15,60,20.0
2026-01-23,ORD-16710,Caesar Salad,Salads,2,12,24,8.0
2026-01-23,ORD-13442,Coffee,Drinks,2,4,8,2.0
2026-01-23,ORD-16675,French Fries,Sides,3,5,15,4.5
2026-01-23,ORD-57948,Pepperoni Pizza,Pizza,3,18,54,18.0
2026-01-23,ORD-34852,Caesar Salad,Salads,3,12,36,12.0
2026-01-23,ORD-22573,Beef Burger,Burgers,1,14,14,6.0
2026-01-23,ORD-89952,Soda,Drinks,1,3,3,0.5
2026-01-23,ORD-61613,Margherita Pizza,Pizza,2,15,30,10.0
2026-01-23,ORD-79542,Caesar Salad,Salads,3,12,36,12.0
2026-01-23,ORD-17990,French Fries,Sides,3,5,15,4.5
2026-01-23,ORD-11854,Margherita Pizza,Pizza,2,15,30,10.0
2026-01-23,ORD-96524,Coffee,Drinks,2,4,8,2.0
2026-01-23,ORD-49580,Soda,Drinks,2,3,6,1.0
2026-01-23,ORD-38886,Soda,Drinks,3,3,9,1.5
2026-01-23,ORD-54819,Caesar Salad,Salads,2,12,24,8.0
2026-01-23,ORD-91417,Margherita Pizza,Pizza,2,15,30,10.0
2026-01-23,ORD-72499,Soda,Drinks,2,3,6,1.0
2026-01-23,ORD-84168,French Fries,Sides,1,5,5,1.5
2026-01-23,ORD-20437,Soda,Drinks,3,3,9,1.5
2026-01-23,ORD-55467,Soda,Drinks,3,3,9,1.5
2026-01-23,ORD-27412,Soda,Drinks,2,3,6,1.0
2026-01-23,ORD-61694,Chicken Wings,Appetizers,1,10,10,4.0
2026-01-23,ORD-54126,Coffee,Drinks,3,4,12,3.0
2026-01-23,ORD-53311,Soda,Drinks,3,3,9,1.5
2026-01-23,ORD-10647,Margherita Pizza,Pizza,5,15,75,25.0
2026-01-23,ORD-31788,Pepperoni Pizza,Pizza,2,18,36,12.0
2026-01-23,ORD-38635,Pepperoni Pizza,Pizza,2,18,36,12.0
2026-01-23,ORD-37017,Soda,Drinks,1,3,3,0.5
2026-01-23,ORD-57504,Coffee,Drinks,1,4,4,1.0
2026-01-23,ORD-65896,Caesar Salad,Salads,2,12,24,8.0
2026-01-23,ORD-80692,Margherita Pizza,Pizza,3,15,45,15.0
2026-01-23,ORD-63412,Soda,Drinks,3,3,9,1.5
2026-01-23,ORD-46689,Caesar Salad,Salads,3,12,36,12.0
2026-01-23,ORD-14933,Soda,Drinks,2,3,6,1.0
2026-01-23,ORD-17701,Tiramisu,Desserts,3,8,24,9.0
2026-01-23,ORD-85364,Caesar Salad,Salads,3,12,36,12.0
2026-01-23,ORD-27736,Soda,Drinks,1,3,3,0.5
2026-01-23,ORD-54880,Soda,Drinks,1,3,3,0.5
2026-01-23,ORD-31299,Coffee,Drinks,2,4,8,2.0
2026-01-23,ORD-94553,Soda,Drinks,2,3,6,1.0
2026-01-24,ORD-64750,Pepperoni Pizza,Pizza,3,18,54,18.0
2026-01-24,ORD-90220,French Fries,Sides,3,5,15,4.5
2026-01-24,ORD-17129,Coffee,Drinks,2,4,8,2.0
2026-01-24,ORD-49491,Margherita Pizza,Pizza,3,15,45,15.0
2026-01-24,ORD-81702,Chicken Wings,Appetizers,2,10,20,8.0
2026-01-24,ORD-21955,Pepperoni Pizza,Pizza,3,18,54,18.0
2026-01-24,ORD-22049,French Fries,Sides,1,5,5,1.5
2026-01-24,ORD-51706,Tiramisu,Desserts,2,8,16,6.0
2026-01-24,ORD-86141,Margherita Pizza,Pizza,3,15,45,15.0
2026-01-24,ORD-49907,French Fries,Sides,3,5,15,4.5
2026-01-24,ORD-61992,Soda,Drinks,2,3,6,1.0
2026-01-24,ORD-34049,Soda,Drinks,1,3,3,0.5
2026-01-24,ORD-99396,Beef Burger,Burgers,1,14,14,6.0
2026-01-24,ORD-75244,French Fries,Sides,1,5,5,1.5
2026-01-24,ORD-70647,French Fries,Sides,2,5,10,3.0
2026-01-24,ORD-57702,Soda,Drinks,1,3,3,0.5
2026-01-24,ORD-28563,Margherita Pizza,Pizza,5,15,75,25.0
2026-01-24,ORD-62345,French Fries,Sides,2,5,10,3.0
2026-01-24,ORD-77890,French Fries,Sides,3,5,15,4.5
2026-01-24,ORD-89545,Caesar Salad,Salads,3,12,36,12.0
2026-01-24,ORD-46738,Margherita Pizza,Pizza,2,15,30,10.0
2026-01-24,ORD-82249,French Fries,Sides,3,5,15,4.5
2026-01-24,ORD-32938,Tiramisu,Desserts,3,8,24,9.0
2026-01-24,ORD-19950,Bruschetta,Appetizers,1,7,7,2.5
2026-01-24,ORD-28576,Coffee,Drinks,2,4,8,2.0
2026-01-24,ORD-43467,Soda,Drinks,1,3,3,0.5
2026-01-24,ORD-89721,Margherita Pizza,Pizza,2,15,30,10.0
2026-01-24,ORD-73056,French Fries,Sides,2,5,10,3.0
2026-01-24,ORD-45240,Margherita Pizza,Pizza,3,15,45,15.0
2026-01-24,ORD-46071,Chicken Wings,Appetizers,1,10,10,4.0
2026-01-24,ORD-27763,Coffee,Drinks,3,4,12,3.0
2026-01-24,ORD-42614,Coffee,Drinks,1,4,4,1.0
2026-01-24,ORD-43758,Coffee,Drinks,3,4,12,3.0
2026-01-24,ORD-60911,Pepperoni Pizza,Pizza,1,18,18,6.0
2026-01-24,ORD-64394,Caesar Salad,Salads,2,12,24,8.0
2026-01-24,ORD-45619,Bruschetta,Appetizers,1,7,7,2.5
2026-01-24,ORD-16616,Soda,Drinks,1,3,3,0.5
2026-01-24,ORD-70585,Chicken Wings,Appetizers,2,10,20,8.0
2026-01-24,ORD-20409,Coffee,Drinks,2,4,8,2.0
2026-01-24,ORD-91602,Beef Burger,Burgers,3,14,42,18.0
2026-01-24,ORD-54857,Pepperoni Pizza,Pizza,1,18,18,6.0
2026-01-24,ORD-16195,Margherita Pizza,Pizza,3,15,45,15.0
2026-01-24,ORD-15173,Tiramisu,Desserts,2,8,16,6.0
2026-01-24,ORD-91703,Margherita Pizza,Pizza,5,15,75,25.0
2026-01-24,ORD-83162,Pepperoni Pizza,Pizza,2,18,36,12.0
2026-01-24,ORD-10817,Margherita Pizza,Pizza,3,15,45,15.0
2026-01-24,ORD-78180,Pepperoni Pizza,Pizza,2,18,36,12.0
2026-01-24,ORD-71510,Tiramisu,Desserts,2,8,16,6.0
2026-01-24,ORD-74777,French Fries,Sides,1,5,5,1.5
2026-01-24,ORD-40630,Bruschetta,Appetizers,1,7,7,2.5
2026-01-24,ORD-25140,Beef Burger,Burgers,3,14,42,18.0
2026-01-24,ORD-72589,Soda,Drinks,3,3,9,1.5
2026-01-24,ORD-23870,Soda,Drinks,2,3,6,1.0
2026-01-24,ORD-71206,French Fries,Sides,3,5,15,4.5
2026-01-24,ORD-13602,Margherita Pizza,Pizza,3,15,45,15.0
2026-01-24,ORD-66794,Soda,Drinks,2,3,6,1.0
2026-01-24,ORD-52504,Tiramisu,Desserts,2,8,16,6.0
2026-01-24,ORD-17845,Coffee,Drinks,2,4,8,2.0
2026-01-24,ORD-33063,Pepperoni Pizza,Pizza,2,18,36,12.0
2026-01-24,ORD-99263,Soda,Drinks,3,3,9,1.5
2026-01-24,ORD-99538,Bruschetta,Appetizers,1,7,7,2.5
2026-01-24,ORD-46755,Coffee,Drinks,1,4,4,1.0
2026-01-24,ORD-31981,Chicken Wings,Appetizers,2,10,20,8.0
2026-01-24,ORD-15027,Soda,Drinks,2,3,6,1.0
2026-01-24,ORD-58060,Tiramisu,Desserts,2,8,16,6.0
2026-01-24,ORD-45473,French Fries,Sides,2,5,10,3.0
2026-01-24,ORD-29408,Beef Burger,Burgers,3,14,42,18.0
2026-01-24,ORD-48769,Margherita Pizza,Pizza,4,15,60,20.0
2026-01-24,ORD-14930,Soda,Drinks,2,3,6,1.0
2026-01-24,ORD-69117,Beef Burger,Burgers,3,14,42,18.0
2026-01-24,ORD-80906,Margherita Pizza,Pizza,5,15,75,25.0
2026-01-24,ORD-91071,Tiramisu,Desserts,1,8,8,3.0
2026-01-24,ORD-56494,Tiramisu,Desserts,3,8,24,9.0
2026-01-24,ORD-45640,Coffee,Drinks,2,4,8,2.0
2026-01-24,ORD-35394,Chicken Wings,Appetizers,1,10,10,4.0
2026-01-24,ORD-52055,Pepperoni Pizza,Pizza,3,18,54,18.0
2026-01-24,ORD-96567,Soda,Drinks,1,3,3,0.5
2026-01-24,ORD-88222,Soda,Drinks,1,3,3,0.5
2026-01-24,ORD-66946,Beef Burger,Burgers,3,14,42,18.0
2026-01-24,ORD-73146,Beef Burger,Burgers,1,14,14,6.0
2026-01-24,ORD-52404,Chicken Wings,Appetizers,1,10,10,4.0
2026-01-24,ORD-22404,Margherita Pizza,Pizza,5,15,75,25.0
2026-01-24,ORD-93090,Caesar Salad,Salads,3,12,36,12.0
2026-01-24,ORD-60116,Beef Burger,Burgers,3,14,42,18.0
2026-01-24,ORD-73270,Soda,Drinks,3,3,9,1.5
2026-01-24,ORD-73520,Beef Burger,Burgers,1,14,14,6.0
2026-01-24,ORD-58831,Pepperoni Pizza,Pizza,2,18,36,12.0
2026-01-25,ORD-45530,Pepperoni Pizza,Pizza,1,18,18,6.0
2026-01-25,ORD-45220,Bruschetta,Appetizers,1,7,7,2.5
2026-01-25,ORD-84273,Coffee,Drinks,2,4,8,2.0
2026-01-25,ORD-87013,Beef Burger,Burgers,1,14,14,6.0
2026-01-25,ORD-13686,Coffee,Drinks,3,4,12,3.0
2026-01-25,ORD-39311,Margherita Pizza,Pizza,5,15,75,25.0
2026-01-25,ORD-78278,Bruschetta,Appetizers,1,7,7,2.5
2026-01-25,ORD-72436,Bruschetta,Appetizers,1,7,7,2.5
2026-01-25,ORD-99704,Caesar Salad,Salads,2,12,24,8.0
2026-01-25,ORD-83023,Margherita Pizza,Pizza,2,15,30,10.0
2026-01-25,ORD-18237,Coffee,Drinks,2,4,8,2.0
2026-01-25,ORD-62112,Coffee,Drinks,1,4,4,1.0
2026-01-25,ORD-45348,Pepperoni Pizza,Pizza,3,18,54,18.0
2026-01-25,ORD-84067,Margherita Pizza,Pizza,5,15,75,25.0
2026-01-25,ORD-28682,French Fries,Sides,3,5,15,4.5
2026-01-25,ORD-69786,French Fries,Sides,3,5,15,4.5
2026-01-25,ORD-72342,Chicken Wings,Appetizers,1,10,10,4.0
2026-01-25,ORD-61309,Chicken Wings,Appetizers,2,10,20,8.0
2026-01-25,ORD-82425,Coffee,Drinks,3,4,12,3.0
2026-01-25,ORD-23201,Soda,Drinks,1,3,3,0.5
2026-01-25,ORD-92898,Caesar Salad,Salads,1,12,12,4.0
2026-01-25,ORD-84227,Chicken Wings,Appetizers,3,10,30,12.0
2026-01-25,ORD-76347,Coffee,Drinks,2,4,8,2.0
2026-01-25,ORD-46432,Coffee,Drinks,2,4,8,2.0
2026-01-25,ORD-40782,Coffee,Drinks,1,4,4,1.0
2026-01-25,ORD-81769,Beef Burger,Burgers,2,14,28,12.0
2026-01-25,ORD-20579,Chicken Wings,Appetizers,2,10,20,8.0
2026-01-25,ORD-25622,Pepperoni Pizza,Pizza,2,18,36,12.0
2026-01-25,ORD-16938,Pepperoni Pizza,Pizza,1,18,18,6.0
2026-01-25,ORD-51466,Soda,Drinks,2,3,6,1.0
2026-01-25,ORD-21431,Pepperoni Pizza,Pizza,1,18,18,6.0
2026-01-25,ORD-46176,Tiramisu,Desserts,3,8,24,9.0
2026-01-25,ORD-94243,Beef Burger,Burgers,3,14,42,18.0
2026-01-25,ORD-70662,Chicken Wings,Appetizers,3,10,30,12.0
2026-01-25,ORD-43730,Margherita Pizza,Pizza,3,15,45,15.0
2026-01-25,ORD-23699,Soda,Drinks,1,3,3,0.5
2026-01-25,ORD-38909,Beef Burger,Burgers,2,14,28,12.0
2026-01-25,ORD-58937,Chicken Wings,Appetizers,3,10,30,12.0
2026-01-25,ORD-45317,Caesar Salad,Salads,3,12,36,12.0
2026-01-25,ORD-62273,Margherita Pizza,Pizza,3,15,45,15.0
2026-01-25,ORD-14140,Beef Burger,Burgers,3,14,42,18.0
2026-01-25,ORD-27720,Caesar Salad,Salads,3,12,36,12.0
2026-01-25,ORD-64419,Coffee,Drinks,2,4,8,2.0
2026-01-25,ORD-17480,Pepperoni Pizza,Pizza,1,18,18,6.0
2026-01-25,ORD-13597,Caesar Salad,Salads,2,12,24,8.0
2026-01-25,ORD-73183,Chicken Wings,Appetizers,3,10,30,12.0
2026-01-25,ORD-44257,Soda,Drinks,3,3,9,1.5
2026-01-25,ORD-57524,Chicken Wings,Appetizers,2,10,20,8.0
2026-01-25,ORD-54071,Soda,Drinks,3,3,9,1.5
2026-01-25,ORD-23430,Beef Burger,Burgers,2,14,28,12.0
2026-01-25,ORD-46432,Margherita Pizza,Pizza,5,15,75,25.0
2026-01-25,ORD-47265,Caesar Salad,Salads,2,12,24,8.0
2026-01-25,ORD-53222,Beef Burger,Burgers,2,14,28,12.0
2026-01-25,ORD-58359,Tiramisu,Desserts,3,8,24,9.0
2026-01-25,ORD-62475,Coffee,Drinks,1,4,4,1.0
2026-01-25,ORD-76068,Caesar Salad,Salads,3,12,36,12.0
2026-01-25,ORD-19820,Caesar Salad,Salads,3,12,36,12.0
2026-01-25,ORD-34660,Margherita Pizza,Pizza,4,15,60,20.0
2026-01-25,ORD-64300,Pepperoni Pizza,Pizza,3,18,54,18.0
2026-01-25,ORD-19522,Soda,Drinks,1,3,3,0.5
2026-01-25,ORD-13924,Pepperoni Pizza,Pizza,1,18,18,6.0
2026-01-25,ORD-27589,Beef Burger,Burgers,3,14,42,18.0
2026-01-25,ORD-75542,Caesar Salad,Salads,2,12,24,8.0
2026-01-25,ORD-14632,Soda,Drinks,2,3,6,1.0
2026-01-25,ORD-16414,Soda,Drinks,3,3,9,1.5
2026-01-25,ORD-87169,Pepperoni Pizza,Pizza,1,18,18,6.0
2026-01-25,ORD-23681,Pepperoni Pizza,Pizza,2,18,36,12.0
2026-01-25,ORD-16940,Pepperoni Pizza,Pizza,1,18,18,6.0
2026-01-25,ORD-53216,Pepperoni Pizza,Pizza,2,18,36,12.0
2026-01-25,ORD-60502,Tiramisu,Desserts,2,8,16,6.0
2026-01-25,ORD-37317,Caesar Salad,Salads,2,12,24,8.0
2026-01-25,ORD-57166,Caesar Salad,Salads,2,12,24,8.0
2026-01-25,ORD-54293,Tiramisu,Desserts,2,8,16,6.0
2026-01-25,ORD-58670,Tiramisu,Desserts,3,8,24,9.0
2026-01-25,ORD-92672,Coffee,Drinks,2,4,8,2.0
2026-01-26,ORD-94124,Bruschetta,Appetizers,1,7,7,2.5
2026-01-26,ORD-25189,Caesar Salad,Salads,2,12,24,8.0
2026-01-26,ORD-43291,Tiramisu,Desserts,2,8,16,6.0
2026-01-26,ORD-16538,Chicken Wings,Appetizers,1,10,10,4.0
2026-01-26,ORD-30628,Pepperoni Pizza,Pizza,3,18,54,18.0
2026-01-26,ORD-21997,Coffee,Drinks,1,4,4,1.0
2026-01-26,ORD-82666,Soda,Drinks,2,3,6,1.0
2026-01-26,ORD-45707,Chicken Wings,Appetizers,1,10,10,4.0
2026-01-26,ORD-72998,Pepperoni Pizza,Pizza,2,18,36,12.0
2026-01-26,ORD-98053,Pepperoni Pizza,Pizza,3,18,54,18.0
2026-01-26,ORD-82747,Coffee,Drinks,1,4,4,1.0
2026-01-26,ORD-90911,French Fries,Sides,1,5,5,1.5
2026-01-26,ORD-98782,Caesar Salad,Salads,2,12,24,8.0
2026-01-26,ORD-63433,Margherita Pizza,Pizza,4,15,60,20.0
2026-01-26,ORD-86412,Pepperoni Pizza,Pizza,1,18,18,6.0
2026-01-26,ORD-98479,Coffee,Drinks,2,4,8,2.0
2026-01-26,ORD-24320,Caesar Salad,Salads,3,12,36,12.0
2026-01-26,ORD-31199,Bruschetta,Appetizers,1,7,7,2.5
2026-01-26,ORD-46033,Beef Burger,Burgers,2,14,28,12.0
2026-01-26,ORD-60205,French Fries,Sides,1,5,5,1.5
2026-01-26,ORD-53129,Pepperoni Pizza,Pizza,1,18,18,6.0
2026-01-26,ORD-22482,Tiramisu,Desserts,3,8,24,9.0
2026-01-26,ORD-66839,Margherita Pizza,Pizza,5,15,75,25.0
2026-01-26,ORD-17769,Pepperoni Pizza,Pizza,2,18,36,12.0
2026-01-26,ORD-31337,Margherita Pizza,Pizza,5,15,75,25.0
2026-01-26,ORD-25504,Tiramisu,Desserts,1,8,8,3.0
2026-01-26,ORD-70281,Bruschetta,Appetizers,1,7,7,2.5
2026-01-26,ORD-85302,Coffee,Drinks,1,4,4,1.0
2026-01-26,ORD-51816,Chicken Wings,Appetizers,3,10,30,12.0
2026-01-26,ORD-65107,Margherita Pizza,Pizza,3,15,45,15.0
2026-01-26,ORD-89551,Bruschetta,Appetizers,1,7,7,2.5
2026-01-26,ORD-37889,Tiramisu,Desserts,3,8,24,9.0
2026-01-26,ORD-84697,French Fries,Sides,1,5,5,1.5
2026-01-26,ORD-42228,Caesar Salad,Salads,2,12,24,8.0
2026-01-26,ORD-38725,Pepperoni Pizza,Pizza,1,18,18,6.0
2026-01-26,ORD-80758,French Fries,Sides,3,5,15,4.5
2026-01-26,ORD-75189,Tiramisu,Desserts,3,8,24,9.0
2026-01-26,ORD-27465,Beef Burger,Burgers,2,14,28,12.0
2026-01-26,ORD-81657,Tiramisu,Desserts,2,8,16,6.0
2026-01-26,ORD-23981,Pepperoni Pizza,Pizza,1,18,18,6.0
2026-01-26,ORD-84383,Coffee,Drinks,2,4,8,2.0
2026-01-26,ORD-80643,Soda,Drinks,1,3,3,0.5
2026-01-26,ORD-81751,Bruschetta,Appetizers,1,7,7,2.5
2026-01-26,ORD-38406,Margherita Pizza,Pizza,4,15,60,20.0
2026-01-26,ORD-26700,Margherita Pizza,Pizza,3,15,45,15.0
2026-01-26,ORD-49601,Tiramisu,Desserts,2,8,16,6.0
2026-01-26,ORD-43303,Caesar Salad,Salads,1,12,12,4.0
2026-01-26,ORD-64732,Tiramisu,Desserts,1,8,8,3.0
2026-01-27,ORD-53992,Beef Burger,Burgers,3,14,42,18.0
2026-01-27,ORD-54262,Pepperoni Pizza,Pizza,2,18,36,12.0
2026-01-27,ORD-93856,Soda,Drinks,1,3,3,0.5
2026-01-27,ORD-27998,Margherita Pizza,Pizza,3,15,45,15.0
2026-01-27,ORD-41703,Caesar Salad,Salads,2,12,24,8.0
2026-01-27,ORD-75329,Pepperoni Pizza,Pizza,3,18,54,18.0
2026-01-27,ORD-66499,Caesar Salad,Salads,3,12,36,12.0
2026-01-27,ORD-92318,Caesar Salad,Salads,3,12,36,12.0
2026-01-27,ORD-47130,French Fries,Sides,1,5,5,1.5
2026-01-27,ORD-45241,Pepperoni Pizza,Pizza,3,18,54,18.0
2026-01-27,ORD-81462,Pepperoni Pizza,Pizza,1,18,18,6.0
2026-01-27,ORD-31109,Beef Burger,Burgers,2,14,28,12.0
2026-01-27,ORD-81189,Tiramisu,Desserts,3,8,24,9.0
2026-01-27,ORD-24457,Tiramisu,Desserts,1,8,8,3.0
2026-01-27,ORD-14865,Soda,Drinks,2,3,6,1.0
2026-01-27,ORD-89269,Margherita Pizza,Pizza,5,15,75,25.0
2026-01-27,ORD-47033,Soda,Drinks,3,3,9,1.5
2026-01-27,ORD-37423,Pepperoni Pizza,Pizza,2,18,36,12.0
2026-01-27,ORD-48300,Soda,Drinks,3,3,9,1.5
2026-01-27,ORD-12755,Chicken Wings,Appetizers,2,10,20,8.0
2026-01-27,ORD-18747,Coffee,Drinks,1,4,4,1.0
2026-01-27,ORD-66818,Chicken Wings,Appetizers,2,10,20,8.0
2026-01-27,ORD-90425,Pepperoni Pizza,Pizza,1,18,18,6.0
2026-01-27,ORD-51439,Caesar Salad,Salads,3,12,36,12.0
2026-01-27,ORD-21022,French Fries,Sides,3,5,15,4.5
2026-01-27,ORD-25565,Chicken Wings,Appetizers,2,10,20,8.0
2026-01-27,ORD-91235,Beef Burger,Burgers,3,14,42,18.0
2026-01-27,ORD-60271,Margherita Pizza,Pizza,2,15,30,10.0
2026-01-27,ORD-56587,Margherita Pizza,Pizza,4,15,60,20.0
2026-01-27,ORD-11786,Beef Burger,Burgers,2,14,28,12.0
2026-01-27,ORD-55295,Tiramisu,Desserts,1,8,8,3.0
2026-01-27,ORD-67877,French Fries,Sides,1,5,5,1.5
2026-01-27,ORD-50313,Soda,Drinks,3,3,9,1.5
2026-01-27,ORD-39573,Tiramisu,Desserts,1,8,8,3.0
2026-01-27,ORD-54810,Chicken Wings,Appetizers,3,10,30,12.0
2026-01-27,ORD-27908,Soda,Drinks,2,3,6,1.0
2026-01-27,ORD-38667,Beef Burger,Burgers,2,14,28,12.0
2026-01-27,ORD-43243,French Fries,Sides,2,5,10,3.0
2026-01-27,ORD-51965,Pepperoni Pizza,Pizza,2,18,36,12.0
2026-01-27,ORD-23793,Margherita Pizza,Pizza,3,15,45,15.0
2026-01-27,ORD-66866,Caesar Salad,Salads,3,12,36,12.0
2026-01-27,ORD-14030,Caesar Salad,Salads,1,12,12,4.0
2026-01-27,ORD-84027,Margherita Pizza,Pizza,5,15,75,25.0
2026-01-27,ORD-32968,Caesar Salad,Salads,2,12,24,8.0
2026-01-27,ORD-19196,Coffee,Drinks,3,4,12,3.0
2026-01-27,ORD-57950,French Fries,Sides,1,5,5,1.5
2026-01-27,ORD-80167,French Fries,Sides,3,5,15,4.5
2026-01-28,ORD-23361,Caesar Salad,Salads,3,12,36,12.0
2026-01-28,ORD-55614,French Fries,Sides,2,5,10,3.0
2026-01-28,ORD-10693,Coffee,Drinks,1,4,4,1.0
2026-01-28,ORD-33839,Soda,Drinks,3,3,9,1.5
2026-01-28,ORD-17938,Tiramisu,Desserts,3,8,24,9.0
2026-01-28,ORD-76570,Coffee,Drinks,1,4,4,1.0
2026-01-28,ORD-19116,Soda,Drinks,1,3,3,0.5
2026-01-28,ORD-43763,French Fries,Sides,1,5,5,1.5
2026-01-28,ORD-31275,Coffee,Drinks,3,4,12,3.0
2026-01-28,ORD-19454,Tiramisu,Desserts,2,8,16,6.0
2026-01-28,ORD-96960,Caesar Salad,Salads,3,12,36,12.0
2026-01-28,ORD-98302,Bruschetta,Appetizers,1,7,7,2.5
2026-01-28,ORD-18296,Chicken Wings,Appetizers,1,10,10,4.0
2026-01-28,ORD-47921,Pepperoni Pizza,Pizza,3,18,54,18.0
2026-01-28,ORD-20293,Soda,Drinks,2,3,6,1.0
2026-01-28,ORD-99947,Chicken Wings,Appetizers,2,10,20,8.0
2026-01-28,ORD-33541,Beef Burger,Burgers,2,14,28,12.0
2026-01-28,ORD-15063,French Fries,Sides,2,5,10,3.0
2026-01-28,ORD-55516,Pepperoni Pizza,Pizza,3,18,54,18.0
2026-01-28,ORD-59434,Caesar Salad,Salads,3,12,36,12.0
2026-01-28,ORD-83933,Tiramisu,Desserts,1,8,8,3.0
2026-01-28,ORD-33518,Beef Burger,Burgers,1,14,14,6.0
2026-01-28,ORD-93098,Coffee,Drinks,1,4,4,1.0
2026-01-28,ORD-17268,Pepperoni Pizza,Pizza,3,18,54,18.0
2026-01-28,ORD-75984,Margherita Pizza,Pizza,2,15,30,10.0
2026-01-28,ORD-43100,Coffee,Drinks,3,4,12,3.0
2026-01-28,ORD-81364,Margherita Pizza,Pizza,2,15,30,10.0
2026-01-28,ORD-78755,Chicken Wings,Appetizers,2,10,20,8.0
2026-01-28,ORD-56079,Tiramisu,Desserts,1,8,8,3.0
2026-01-28,ORD-42768,Beef Burger,Burgers,2,14,28,12.0
2026-01-28,ORD-81624,Tiramisu,Desserts,3,8,24,9.0
2026-01-28,ORD-41521,Coffee,Drinks,2,4,8,2.0
2026-01-28,ORD-51754,Caesar Salad,Salads,1,12,12,4.0
2026-01-28,ORD-76244,Caesar Salad,Salads,2,12,24,8.0
2026-01-28,ORD-84370,French Fries,Sides,3,5,15,4.5
2026-01-28,ORD-71407,Caesar Salad,Salads,2,12,24,8.0
2026-01-28,ORD-64845,Margherita Pizza,Pizza,4,15,60,20.0
2026-01-28,ORD-74023,Chicken Wings,Appetizers,3,10,30,12.0
2026-01-28,ORD-67882,French Fries,Sides,2,5,10,3.0
2026-01-28,ORD-68278,Pepperoni Pizza,Pizza,1,18,18,6.0
2026-01-28,ORD-57556,French Fries,Sides,1,5,5,1.5
2026-01-28,ORD-27569,Caesar Salad,Salads,3,12,36,12.0
2026-01-28,ORD-49764,Caesar Salad,Salads,1,12,12,4.0
2026-01-28,ORD-78087,Pepperoni Pizza,Pizza,2,18,36,12.0
2026-01-28,ORD-95001,Pepperoni Pizza,Pizza,2,18,36,12.0
2026-01-28,ORD-17580,French Fries,Sides,2,5,10,3.0
2026-01-29,ORD-23555,Soda,Drinks,1,3,3,0.5
2026-01-29,ORD-58435,Caesar Salad,Salads,3,12,36,12.0
2026-01-29,ORD-30448,Margherita Pizza,Pizza,5,15,75,25.0
2026-01-29,ORD-79944,Chicken Wings,Appetizers,1,10,10,4.0
2026-01-29,ORD-84725,Caesar Salad,Salads,1,12,12,4.0
2026-01-29,ORD-81240,Soda,Drinks,3,3,9,1.5
2026-01-29,ORD-37448,Caesar Salad,Salads,2,12,24,8.0
2026-01-29,ORD-66096,Caesar Salad,Salads,3,12,36,12.0
2026-01-29,ORD-46059,Soda,Drinks,2,3,6,1.0
2026-01-29,ORD-45283,Bruschetta,Appetizers,1,7,7,2.5
2026-01-29,ORD-43213,Tiramisu,Desserts,2,8,16,6.0
2026-01-29,ORD-80978,Chicken Wings,Appetizers,3,10,30,12.0
2026-01-29,ORD-51273,Beef Burger,Burgers,3,14,42,18.0
2026-01-29,ORD-54096,Beef Burger,Burgers,2,14,28,12.0
2026-01-29,ORD-67871,Chicken Wings,Appetizers,1,10,10,4.0
2026-01-29,ORD-38446,Pepperoni Pizza,Pizza,3,18,54,18.0
2026-01-29,ORD-84440,Caesar Salad,Salads,1,12,12,4.0
2026-01-29,ORD-18863,Chicken Wings,Appetizers,1,10,10,4.0
2026-01-29,ORD-32256,Coffee,Drinks,2,4,8,2.0
2026-01-29,ORD-17906,Beef Burger,Burgers,1,14,14,6.0
2026-01-29,ORD-76617,Bruschetta,Appetizers,1,7,7,2.5
2026-01-29,ORD-14932,Coffee,Drinks,3,4,12,3.0
2026-01-29,ORD-77042,Coffee,Drinks,2,4,8,2.0
2026-01-29,ORD-57170,Tiramisu,Desserts,1,8,8,3.0
2026-01-29,ORD-90019,Coffee,Drinks,3,4,12,3.0
2026-01-29,ORD-28336,Margherita Pizza,Pizza,4,15,60,20.0
2026-01-29,ORD-47130,Margherita Pizza,Pizza,2,15,30,10.0
2026-01-29,ORD-70836,Soda,Drinks,1,3,3,0.5
2026-01-29,ORD-59561,Coffee,Drinks,2,4,8,2.0
2026-01-29,ORD-79980,Tiramisu,Desserts,2,8,16,6.0
2026-01-29,ORD-97545,Chicken Wings,Appetizers,1,10,10,4.0
2026-01-29,ORD-21079,French Fries,Sides,2,5,10,3.0
2026-01-29,ORD-34953,Tiramisu,Desserts,3,8,24,9.0
2026-01-29,ORD-25096,Pepperoni Pizza,Pizza,1,18,18,6.0
2026-01-29,ORD-45214,Tiramisu,Desserts,3,8,24,9.0
2026-01-29,ORD-69778,Pepperoni Pizza,Pizza,3,18,54,18.0
2026-01-29,ORD-36084,Tiramisu,Desserts,3,8,24,9.0
2026-01-29,ORD-67406,Beef Burger,Burgers,3,14,42,18.0
2026-01-29,ORD-65150,Margherita Pizza,Pizza,5,15,75,25.0
2026-01-29,ORD-54716,Pepperoni Pizza,Pizza,1,18,18,6.0
2026-01-29,ORD-27239,Chicken Wings,Appetizers,1,10,10,4.0
2026-01-29,ORD-82697,Beef Burger,Burgers,1,14,14,6.0
2026-01-30,ORD-49779,Tiramisu,Desserts,1,8,8,3.0
2026-01-30,ORD-49592,Tiramisu,Desserts,2,8,16,6.0
2026-01-30,ORD-90946,Coffee,Drinks,1,4,4,1.0
2026-01-30,ORD-80863,Pepperoni Pizza,Pizza,1,18,18,6.0
2026-01-30,ORD-67627,Chicken Wings,Appetizers,3,10,30,12.0
2026-01-30,ORD-69773,Tiramisu,Desserts,2,8,16,6.0
2026-01-30,ORD-21586,French Fries,Sides,3,5,15,4.5
2026-01-30,ORD-25404,Caesar Salad,Salads,3,12,36,12.0
2026-01-30,ORD-75521,Pepperoni Pizza,Pizza,1,18,18,6.0
2026-01-30,ORD-99362,Chicken Wings,Appetizers,1,10,10,4.0
2026-01-30,ORD-22231,Coffee,Drinks,2,4,8,2.0
2026-01-30,ORD-23338,French Fries,Sides,2,5,10,3.0
2026-01-30,ORD-13847,Pepperoni Pizza,Pizza,3,18,54,18.0
2026-01-30,ORD-30186,French Fries,Sides,3,5,15,4.5
2026-01-30,ORD-95715,Soda,Drinks,2,3,6,1.0
2026-01-30,ORD-30530,Coffee,Drinks,3,4,12,3.0
2026-01-30,ORD-20241,Bruschetta,Appetizers,1,7,7,2.5
2026-01-30,ORD-38185,Caesar Salad,Salads,2,12,24,8.0
2026-01-30,ORD-32786,Soda,Drinks,3,3,9,1.5
2026-01-30,ORD-33175,Beef Burger,Burgers,2,14,28,12.0
2026-01-30,ORD-71667,Coffee,Drinks,2,4,8,2.0
2026-01-30,ORD-30333,Chicken Wings,Appetizers,1,10,10,4.0
2026-01-30,ORD-71410,Beef Burger,Burgers,3,14,42,18.0
2026-01-30,ORD-31259,Tiramisu,Desserts,1,8,8,3.0
2026-01-30,ORD-94903,Soda,Drinks,1,3,3,0.5
2026-01-30,ORD-68288,Margherita Pizza,Pizza,3,15,45,15.0
2026-01-30,ORD-85894,French Fries,Sides,2,5,10,3.0
2026-01-30,ORD-73607,Chicken Wings,Appetizers,2,10,20,8.0
2026-01-30,ORD-92811,Caesar Salad,Salads,2,12,24,8.0
2026-01-30,ORD-15258,Coffee,Drinks,2,4,8,2.0
2026-01-30,ORD-73985,Tiramisu,Desserts,2,8,16,6.0
2026-01-30,ORD-43370,Margherita Pizza,Pizza,5,15,75,25.0
2026-01-30,ORD-97435,Coffee,Drinks,3,4,12,3.0
2026-01-30,ORD-71910,Margherita Pizza,Pizza,5,15,75,25.0
2026-01-30,ORD-56063,Caesar Salad,Salads,3,12,36,12.0
2026-01-30,ORD-33624,Chicken Wings,Appetizers,2,10,20,8.0
2026-01-30,ORD-77112,Chicken Wings,Appetizers,1,10,10,4.0
2026-01-30,ORD-47785,French Fries,Sides,3,5,15,4.5
2026-01-30,ORD-23376,Pepperoni Pizza,Pizza,3,18,54,18.0
2026-01-30,ORD-38102,Coffee,Drinks,2,4,8,2.0
2026-01-30,ORD-42066,Chicken Wings,Appetizers,1,10,10,4.0
2026-01-30,ORD-37010,Chicken Wings,Appetizers,2,10,20,8.0
2026-01-30,ORD-33083,Caesar Salad,Salads,2,12,24,8.0
2026-01-30,ORD-19678,Tiramisu,Desserts,2,8,16,6.0
2026-01-30,ORD-12843,Bruschetta,Appetizers,1,7,7,2.5
2026-01-30,ORD-81429,French Fries,Sides,1,5,5,1.5
2026-01-30,ORD-56618,Tiramisu,Desserts,1,8,8,3.0
2026-01-30,ORD-97318,Pepperoni Pizza,Pizza,3,18,54,18.0
2026-01-30,ORD-15919,Pepperoni Pizza,Pizza,1,18,18,6.0
2026-01-30,ORD-19513,Soda,Drinks,3,3,9,1.5
2026-01-30,ORD-93267,Coffee,Drinks,1,4,4,1.0
2026-01-30,ORD-55435,Beef Burger,Burgers,2,14,28,12.0
2026-01-30,ORD-48829,Beef Burger,Burgers,3,14,42,18.0
2026-01-30,ORD-69447,Margherita Pizza,Pizza,3,15,45,15.0
2026-01-30,ORD-19004,Chicken Wings,Appetizers,1,10,10,4.0
2026-01-30,ORD-57708,Coffee,Drinks,3,4,12,3.0
2026-01-30,ORD-54617,French Fries,Sides,1,5,5,1.5
2026-01-30,ORD-18781,Caesar Salad,Salads,1,12,12,4.0
2026-01-30,ORD-77008,Tiramisu,Desserts,1,8,8,3.0
2026-01-30,ORD-10904,Caesar Salad,Salads,1,12,12,4.0
2026-01-30,ORD-60172,Beef Burger,Burgers,3,14,42,18.0
2026-01-30,ORD-97158,Tiramisu,Desserts,3,8,24,9.0
2026-01-30,ORD-79988,Caesar Salad,Salads,3,12,36,12.0
2026-01-30,ORD-56035,Coffee,Drinks,3,4,12,3.0
2026-01-30,ORD-41742,Pepperoni Pizza,Pizza,3,18,54,18.0
2026-01-30,ORD-62262,Chicken Wings,Appetizers,1,10,10,4.0
2026-01-30,ORD-37695,French Fries,Sides,1,5,5,1.5
2026-01-30,ORD-87338,Coffee,Drinks,2,4,8,2.0
2026-01-30,ORD-99716,Pepperoni Pizza,Pizza,2,18,36,12.0
2026-01-30,ORD-95336,Soda,Drinks,3,3,9,1.5
2026-01-30,ORD-35483,Coffee,Drinks,1,4,4,1.0
2026-01-30,ORD-65108,Tiramisu,Desserts,2,8,16,6.0
2026-01-30,ORD-31389,Pepperoni Pizza,Pizza,1,18,18,6.0
2026-01-30,ORD-26305,French Fries,Sides,1,5,5,1.5
2026-01-30,ORD-14579,Chicken Wings,Appetizers,1,10,10,4.0
2026-01-30,ORD-79229,Tiramisu,Desserts,3,8,24,9.0
2026-01-30,ORD-92444,Pepperoni Pizza,Pizza,2,18,36,12.0
2026-01-30,ORD-20130,Caesar Salad,Salads,3,12,36,12.0
2026-01-30,ORD-42627,Tiramisu,Desserts,3,8,24,9.0
2026-01-30,ORD-78723,Tiramisu,Desserts,1,8,8,3.0
2026-01-30,ORD-81264,Caesar Salad,Salads,3,12,36,12.0
2026-01-30,ORD-45426,Caesar Salad,Salads,2,12,24,8.0
2026-01-30,ORD-92386,Beef Burger,Burgers,1,14,14,6.0
2026-01-30,ORD-35435,Beef Burger,Burgers,3,14,42,18.0
2026-01-30,ORD-11607,Margherita Pizza,Pizza,5,15,75,25.0
2026-01-30,ORD-34318,Margherita Pizza,Pizza,4,15,60,20.0
2026-01-30,ORD-71531,Margherita Pizza,Pizza,4,15,60,20.0
2026-01-30,ORD-30932,Coffee,Drinks,2,4,8,2.0
2026-01-30,ORD-90106,Pepperoni Pizza,Pizza,2,18,36,12.0
2026-01-30,ORD-21232,Beef Burger,Burgers,3,14,42,18.0
2026-01-30,ORD-76914,Margherita Pizza,Pizza,3,15,45,15.0
2026-01-30,ORD-35850,French Fries,Sides,2,5,10,3.0
2026-01-30,ORD-47073,Tiramisu,Desserts,2,8,16,6.0
2026-01-30,ORD-43218,Beef Burger,Burgers,1,14,14,6.0
2026-01-30,ORD-64884,Tiramisu,Desserts,1,8,8,3.0
2026-01-30,ORD-75408,Beef Burger,Burgers,1,14,14,6.0
2026-01-30,ORD-39378,Tiramisu,Desserts,1,8,8,3.0
2026-01-30,ORD-34169,Pepperoni Pizza,Pizza,1,18,18,6.0
2026-01-30,ORD-60637,Tiramisu,Desserts,3,8,24,9.0
2026-01-30,ORD-28112,Beef Burger,Burgers,3,14,42,18.0
2026-01-30,ORD-19605,Coffee,Drinks,3,4,12,3.0
2026-01-30,ORD-51012,French Fries,Sides,1,5,5,1.5
2026-01-31,ORD-31613,Coffee,Drinks,3,4,12,3.0
2026-01-31,ORD-81428,French Fries,Sides,2,5,10,3.0
2026-01-31,ORD-86847,Coffee,Drinks,2,4,8,2.0
2026-01-31,ORD-86886,Pepperoni Pizza,Pizza,2,18,36,12.0
2026-01-31,ORD-86612,Bruschetta,Appetizers,1,7,7,2.5
2026-01-31,ORD-30443,Margherita Pizza,Pizza,4,15,60,20.0
2026-01-31,ORD-16225,Margherita Pizza,Pizza,5,15,75,25.0
2026-01-31,ORD-63367,Pepperoni Pizza,Pizza,1,18,18,6.0
2026-01-31,ORD-83759,Chicken Wings,Appetizers,3,10,30,12.0
2026-01-31,ORD-50592,Beef Burger,Burgers,2,14,28,12.0
2026-01-31,ORD-92241,Soda,Drinks,3,3,9,1.5
2026-01-31,ORD-39309,Beef Burger,Burgers,2,14,28,12.0
2026-01-31,ORD-20065,Soda,Drinks,3,3,9,1.5
2026-01-31,ORD-96636,Margherita Pizza,Pizza,3,15,45,15.0
2026-01-31,ORD-18674,Coffee,Drinks,1,4,4,1.0
2026-01-31,ORD-77658,Soda,Drinks,1,3,3,0.5
2026-01-31,ORD-42467,Chicken Wings,Appetizers,1,10,10,4.0
2026-01-31,ORD-90153,Chicken Wings,Appetizers,2,10,20,8.0
2026-01-31,ORD-63481,Soda,Drinks,2,3,6,1.0
2026-01-31,ORD-48208,Chicken Wings,Appetizers,2,10,20,8.0
2026-01-31,ORD-46628,Tiramisu,Desserts,1,8,8,3.0
2026-01-31,ORD-88117,Margherita Pizza,Pizza,4,15,60,20.0
2026-01-31,ORD-85724,Coffee,Drinks,2,4,8,2.0
2026-01-31,ORD-18034,Margherita Pizza,Pizza,3,15,45,15.0
2026-01-31,ORD-40575,Bruschetta,Appetizers,1,7,7,2.5
2026-01-31,ORD-64173,Beef Burger,Burgers,2,14,28,12.0
2026-01-31,ORD-26626,Tiramisu,Desserts,2,8,16,6.0
2026-01-31,ORD-13914,Coffee,Drinks,1,4,4,1.0
2026-01-31,ORD-89105,Soda,Drinks,3,3,9,1.5
2026-01-31,ORD-10032,French Fries,Sides,2,5,10,3.0
2026-01-31,ORD-19663,Pepperoni Pizza,Pizza,1,18,18,6.0
2026-01-31,ORD-52046,Pepperoni Pizza,Pizza,2,18,36,12.0
2026-01-31,ORD-15307,Chicken Wings,Appetizers,3,10,30,12.0
2026-01-31,ORD-55837,Coffee,Drinks,2,4,8,2.0
2026-01-31,ORD-76347,Soda,Drinks,1,3,3,0.5
2026-01-31,ORD-35603,Pepperoni Pizza,Pizza,2,18,36,12.0
2026-01-31,ORD-63981,Coffee,Drinks,3,4,12,3.0
2026-01-31,ORD-55206,Beef Burger,Burgers,1,14,14,6.0
2026-01-31,ORD-20051,Soda,Drinks,2,3,6,1.0
2026-01-31,ORD-89629,Chicken Wings,Appetizers,2,10,20,8.0
2026-01-31,ORD-29537,Tiramisu,Desserts,1,8,8,3.0
2026-01-31,ORD-67115,Margherita Pizza,Pizza,5,15,75,25.0
2026-01-31,ORD-83656,Soda,Drinks,2,3,6,1.0
2026-01-31,ORD-26173,Soda,Drinks,1,3,3,0.5
2026-01-31,ORD-96275,Coffee,Drinks,2,4,8,2.0
2026-01-31,ORD-91462,Tiramisu,Desserts,1,8,8,3.0
2026-01-31,ORD-27093,Soda,Drinks,3,3,9,1.5
2026-01-31,ORD-55472,Coffee,Drinks,1,4,4,1.0
2026-01-31,ORD-66364,Soda,Drinks,2,3,6,1.0
2026-01-31,ORD-74310,Pepperoni Pizza,Pizza,1,18,18,6.0
2026-01-31,ORD-59228,Soda,Drinks,2,3,6,1.0
2026-01-31,ORD-97855,Tiramisu,Desserts,2,8,16,6.0
2026-01-31,ORD-24875,Pepperoni Pizza,Pizza,3,18,54,18.0
2026-01-31,ORD-72297,Coffee,Drinks,3,4,12,3.0
2026-01-31,ORD-91765,Coffee,Drinks,2,4,8,2.0
2026-01-31,ORD-68000,Soda,Drinks,1,3,3,0.5
2026-01-31,ORD-49643,Tiramisu,Desserts,1,8,8,3.0
2026-01-31,ORD-56649,Pepperoni Pizza,Pizza,1,18,18,6.0
2026-01-31,ORD-94433,Coffee,Drinks,1,4,4,1.0
2026-01-31,ORD-86854,Beef Burger,Burgers,3,14,42,18.0
2026-01-31,ORD-53694,Coffee,Drinks,1,4,4,1.0
2026-01-31,ORD-89605,Tiramisu,Desserts,2,8,16,6.0
2026-01-31,ORD-92168,Coffee,Drinks,1,4,4,1.0
2026-01-31,ORD-43799,Coffee,Drinks,1,4,4,1.0
2026-01-31,ORD-82481,Coffee,Drinks,2,4,8,2.0
2026-01-31,ORD-36317,Coffee,Drinks,3,4,12,3.0
2026-01-31,ORD-77347,Tiramisu,Desserts,1,8,8,3.0
2026-01-31,ORD-70567,Pepperoni Pizza,Pizza,1,18,18,6.0
2026-01-31,ORD-24456,Coffee,Drinks,1,4,4,1.0
2026-01-31,ORD-84965,Pepperoni Pizza,Pizza,2,18,36,12.0
2026-01-31,ORD-60946,Soda,Drinks,1,3,3,0.5
2026-01-31,ORD-94983,Soda,Drinks,3,3,9,1.5
2026-01-31,ORD-45399,Margherita Pizza,Pizza,3,15,45,15.0
2026-01-31,ORD-48002,Margherita Pizza,Pizza,2,15,30,10.0
2026-01-31,ORD-28441,Coffee,Drinks,3,4,12,3.0
2026-01-31,ORD-38408,Coffee,Drinks,1,4,4,1.0
2026-01-31,ORD-95529,French Fries,Sides,2,5,10,3.0
2026-01-31,ORD-39274,Coffee,Drinks,2,4,8,2.0
2026-01-31,ORD-94890,Beef Burger,Burgers,1,14,14,6.0
2026-01-31,ORD-18347,Pepperoni Pizza,Pizza,2,18,36,12.0
2026-01-31,ORD-88355,Chicken Wings,Appetizers,1,10,10,4.0
2026-01-31,ORD-64677,Margherita Pizza,Pizza,3,15,45,15.0
2026-01-31,ORD-60429,Coffee,Drinks,1,4,4,1.0
2026-01-31,ORD-86492,Margherita Pizza,Pizza,3,15,45,15.0
2026-01-31,ORD-90940,Beef Burger,Burgers,3,14,42,18.0
2026-01-31,ORD-36655,French Fries,Sides,2,5,10,3.0
2026-01-31,ORD-53485,Beef Burger,Burgers,1,14,14,6.0
2026-01-31,ORD-35115,Pepperoni Pizza,Pizza,2,18,36,12.0
2026-01-31,ORD-42328,Pepperoni Pizza,Pizza,3,18,54,18.0
2026-01-31,ORD-14997,Soda,Drinks,2,3,6,1.0
2026-01-31,ORD-16613,Chicken Wings,Appetizers,2,10,20,8.0
2026-01-31,ORD-77338,Margherita Pizza,Pizza,5,15,75,25.0
2026-01-31,ORD-84086,Bruschetta,Appetizers,1,7,7,2.5
2026-01-31,ORD-65870,Soda,Drinks,2,3,6,1.0
2026-01-31,ORD-22453,Pepperoni Pizza,Pizza,3,18,54,18.0
2026-01-31,ORD-28256,French Fries,Sides,1,5,5,1.5
2026-01-31,ORD-11375,Pepperoni Pizza,Pizza,1,18,18,6.0
2026-01-31,ORD-29405,Margherita Pizza,Pizza,5,15,75,25.0
2026-01-31,ORD-28347,Margherita Pizza,Pizza,2,15,30,10.0
2026-01-31,ORD-25734,Beef Burger,Burgers,1,14,14,6.0
2026-01-31,ORD-89524,Soda,Drinks,2,3,6,1.0
2026-01-31,ORD-13237,Chicken Wings,Appetizers,2,10,20,8.0
2026-01-31,ORD-23121,French Fries,Sides,2,5,10,3.0
2026-01-31,ORD-86423,Tiramisu,Desserts,2,8,16,6.0
2026-01-31,ORD-89228,French Fries,Sides,3,5,15,4.5
2026-01-31,ORD-40331,Chicken Wings,Appetizers,3,10,30,12.0
2026-01-31,ORD-66193,French Fries,Sides,1,5,5,1.5
2026-01-31,ORD-97644,Beef Burger,Burgers,2,14,28,12.0
2026-01-31,ORD-44334,French Fries,Sides,2,5,10,3.0
2026-01-31,ORD-28895,French Fries,Sides,1,5,5,1.5
2026-01-31,ORD-41526,Soda,Drinks,1,3,3,0.5
2026-01-31,ORD-13100,Margherita Pizza,Pizza,5,15,75,25.0
2026-01-31,ORD-53616,Soda,Drinks,3,3,9,1.5
2026-01-31,ORD-75816,Bruschetta,Appetizers,1,7,7,2.5
2026-01-31,ORD-94992,Chicken Wings,Appetizers,1,10,10,4.0
2026-01-31,ORD-30631,Chicken Wings,Appetizers,2,10,20,8.0
2026-01-31,ORD-58982,Caesar Salad,Salads,1,12,12,4.0
2026-01-31,ORD-42271,Beef Burger,Burgers,3,14,42,18.0
2026-01-31,ORD-51678,Beef Burger,Burgers,3,14,42,18.0
2026-01-31,ORD-67611,Beef Burger,Burgers,1,14,14,6.0
2026-01-31,ORD-66228,French Fries,Sides,3,5,15,4.5
2026-01-31,ORD-83904,French Fries,Sides,2,5,10,3.0
2026-02-01,ORD-58471,Tiramisu,Desserts,3,8,24,9.0
2026-02-01,ORD-67930,Tiramisu,Desserts,2,8,16,6.0
2026-02-01,ORD-63671,Chicken Wings,Appetizers,1,10,10,4.0
2026-02-01,ORD-92356,Margherita Pizza,Pizza,2,15,30,10.0
2026-02-01,ORD-37243,Pepperoni Pizza,Pizza,1,18,18,6.0
2026-02-01,ORD-55130,Tiramisu,Desserts,3,8,24,9.0
2026-02-01,ORD-95310,Chicken Wings,Appetizers,3,10,30,12.0
2026-02-01,ORD-81174,Coffee,Drinks,3,4,12,3.0
2026-02-01,ORD-57657,Beef Burger,Burgers,2,14,28,12.0
2026-02-01,ORD-95809,Chicken Wings,Appetizers,2,10,20,8.0
2026-02-01,ORD-85021,Soda,Drinks,2,3,6,1.0
2026-02-01,ORD-74550,Coffee,Drinks,2,4,8,2.0
2026-02-01,ORD-51406,Coffee,Drinks,2,4,8,2.0
2026-02-01,ORD-43717,Coffee,Drinks,1,4,4,1.0
2026-02-01,ORD-91483,Bruschetta,Appetizers,1,7,7,2.5
2026-02-01,ORD-65206,French Fries,Sides,3,5,15,4.5
2026-02-01,ORD-84979,Coffee,Drinks,3,4,12,3.0
2026-02-01,ORD-49510,Coffee,Drinks,1,4,4,1.0
2026-02-01,ORD-40423,Pepperoni Pizza,Pizza,1,18,18,6.0
2026-02-01,ORD-71081,Tiramisu,Desserts,2,8,16,6.0
2026-02-01,ORD-32757,Pepperoni Pizza,Pizza,3,18,54,18.0
2026-02-01,ORD-31030,French Fries,Sides,2,5,10,3.0
2026-02-01,ORD-77714,Beef Burger,Burgers,2,14,28,12.0
2026-02-01,ORD-19957,Soda,Drinks,2,3,6,1.0
2026-02-01,ORD-75293,Chicken Wings,Appetizers,2,10,20,8.0
2026-02-01,ORD-76530,Beef Burger,Burgers,3,14,42,18.0
2026-02-01,ORD-71980,Pepperoni Pizza,Pizza,2,18,36,12.0
2026-02-01,ORD-31812,Pepperoni Pizza,Pizza,2,18,36,12.0
2026-02-01,ORD-50887,French Fries,Sides,3,5,15,4.5
2026-02-01,ORD-86464,Caesar Salad,Salads,1,12,12,4.0
2026-02-01,ORD-15444,Tiramisu,Desserts,3,8,24,9.0
2026-02-01,ORD-68243,Tiramisu,Desserts,2,8,16,6.0
2026-02-01,ORD-74795,Caesar Salad,Salads,2,12,24,8.0
2026-02-01,ORD-30268,Chicken Wings,Appetizers,3,10,30,12.0
2026-02-01,ORD-33416,Caesar Salad,Salads,3,12,36,12.0
2026-02-01,ORD-94494,Pepperoni Pizza,Pizza,3,18,54,18.0
2026-02-01,ORD-93258,Soda,Drinks,3,3,9,1.5
2026-02-01,ORD-29593,Tiramisu,Desserts,3,8,24,9.0
2026-02-01,ORD-38556,Caesar Salad,Salads,3,12,36,12.0
2026-02-01,ORD-46076,Pepperoni Pizza,Pizza,1,18,18,6.0
2026-02-01,ORD-88705,Caesar Salad,Salads,3,12,36,12.0
2026-02-01,ORD-93752,Margherita Pizza,Pizza,2,15,30,10.0
2026-02-01,ORD-80994,French Fries,Sides,3,5,15,4.5
2026-02-01,ORD-23365,Beef Burger,Burgers,3,14,42,18.0
2026-02-01,ORD-86446,French Fries,Sides,1,5,5,1.5
2026-02-01,ORD-65073,Beef Burger,Burgers,2,14,28,12.0
2026-02-01,ORD-96840,Soda,Drinks,1,3,3,0.5
2026-02-01,ORD-22056,Tiramisu,Desserts,1,8,8,3.0
2026-02-01,ORD-71911,Bruschetta,Appetizers,1,7,7,2.5
2026-02-01,ORD-72991,French Fries,Sides,2,5,10,3.0
2026-02-01,ORD-54094,Tiramisu,Desserts,3,8,24,9.0
2026-02-01,ORD-18716,Pepperoni Pizza,Pizza,1,18,18,6.0
2026-02-01,ORD-85860,Pepperoni Pizza,Pizza,1,18,18,6.0
2026-02-01,ORD-12402,Tiramisu,Desserts,2,8,16,6.0
2026-02-01,ORD-25720,Chicken Wings,Appetizers,3,10,30,12.0
2026-02-01,ORD-71725,Pepperoni Pizza,Pizza,3,18,54,18.0
2026-02-01,ORD-60091,Coffee,Drinks,1,4,4,1.0
2026-02-01,ORD-13462,Tiramisu,Desserts,1,8,8,3.0
2026-02-01,ORD-50929,Soda,Drinks,3,3,9,1.5
2026-02-01,ORD-28345,Caesar Salad,Salads,1,12,12,4.0
2026-02-01,ORD-26455,Margherita Pizza,Pizza,2,15,30,10.0
2026-02-01,ORD-15052,Chicken Wings,Appetizers,3,10,30,12.0
2026-02-01,ORD-13800,French Fries,Sides,2,5,10,3.0
2026-02-01,ORD-18876,Soda,Drinks,1,3,3,0.5
2026-02-01,ORD-65108,Soda,Drinks,2,3,6,1.0
2026-02-01,ORD-71836,Pepperoni Pizza,Pizza,1,18,18,6.0
2026-02-01,ORD-77558,Margherita Pizza,Pizza,4,15,60,20.0
2026-02-01,ORD-52930,Chicken Wings,Appetizers,1,10,10,4.0
2026-02-01,ORD-93179,French Fries,Sides,2,5,10,3.0
2026-02-01,ORD-79029,Tiramisu,Desserts,3,8,24,9.0
2026-02-01,ORD-87748,Beef Burger,Burgers,3,14,42,18.0
2026-02-01,ORD-45228,Beef Burger,Burgers,1,14,14,6.0
2026-02-01,ORD-87332,French Fries,Sides,2,5,10,3.0
2026-02-01,ORD-11508,Tiramisu,Desserts,2,8,16,6.0
2026-02-01,ORD-46531,French Fries,Sides,1,5,5,1.5
2026-02-01,ORD-48013,Soda,Drinks,3,3,9,1.5
2026-02-01,ORD-40487,Chicken Wings,Appetizers,3,10,30,12.0
2026-02-01,ORD-99030,French Fries,Sides,3,5,15,4.5
2026-02-01,ORD-98176,Coffee,Drinks,1,4,4,1.0
2026-02-01,ORD-64593,French Fries,Sides,2,5,10,3.0
2026-02-01,ORD-83279,Pepperoni Pizza,Pizza,2,18,36,12.0
2026-02-01,ORD-12340,Soda,Drinks,2,3,6,1.0
2026-02-01,ORD-79743,Tiramisu,Desserts,1,8,8,3.0
2026-02-01,ORD-37995,Tiramisu,Desserts,1,8,8,3.0
2026-02-01,ORD-13730,Margherita Pizza,Pizza,4,15,60,20.0
2026-02-01,ORD-37200,Chicken Wings,Appetizers,2,10,20,8.0
2026-02-02,ORD-82961,Margherita Pizza,Pizza,4,15,60,20.0
2026-02-02,ORD-51549,Tiramisu,Desserts,2,8,16,6.0
2026-02-02,ORD-74719,Soda,Drinks,1,3,3,0.5
2026-02-02,ORD-11317,Soda,Drinks,2,3,6,1.0
2026-02-02,ORD-52224,Tiramisu,Desserts,1,8,8,3.0
2026-02-02,ORD-97495,Caesar Salad,Salads,3,12,36,12.0
2026-02-02,ORD-51411,Pepperoni Pizza,Pizza,1,18,18,6.0
2026-02-02,ORD-41210,Margherita Pizza,Pizza,5,15,75,25.0
2026-02-02,ORD-94988,Caesar Salad,Salads,2,12,24,8.0
2026-02-02,ORD-17148,Chicken Wings,Appetizers,2,10,20,8.0
2026-02-02,ORD-27020,Chicken Wings,Appetizers,2,10,20,8.0
2026-02-02,ORD-77179,Soda,Drinks,2,3,6,1.0
2026-02-02,ORD-87454,Margherita Pizza,Pizza,3,15,45,15.0
2026-02-02,ORD-38292,Margherita Pizza,Pizza,3,15,45,15.0
2026-02-02,ORD-79882,Caesar Salad,Salads,2,12,24,8.0
2026-02-02,ORD-58976,French Fries,Sides,2,5,10,3.0
2026-02-02,ORD-91607,Tiramisu,Desserts,2,8,16,6.0
2026-02-02,ORD-45601,Coffee,Drinks,1,4,4,1.0
2026-02-02,ORD-10740,Chicken Wings,Appetizers,2,10,20,8.0
2026-02-02,ORD-33984,Beef Burger,Burgers,2,14,28,12.0
2026-02-02,ORD-72832,Bruschetta,Appetizers,1,7,7,2.5
2026-02-02,ORD-53930,Chicken Wings,Appetizers,3,10,30,12.0
2026-02-02,ORD-82213,Coffee,Drinks,1,4,4,1.0
2026-02-02,ORD-34604,French Fries,Sides,1,5,5,1.5
2026-02-02,ORD-79889,Margherita Pizza,Pizza,2,15,30,10.0
2026-02-02,ORD-57419,Caesar Salad,Salads,3,12,36,12.0
2026-02-02,ORD-85348,Soda,Drinks,3,3,9,1.5
2026-02-02,ORD-73834,Tiramisu,Desserts,2,8,16,6.0
2026-02-02,ORD-14866,Caesar Salad,Salads,1,12,12,4.0
2026-02-02,ORD-73464,Margherita Pizza,Pizza,5,15,75,25.0
2026-02-02,ORD-99791,Soda,Drinks,3,3,9,1.5
2026-02-02,ORD-25891,Soda,Drinks,3,3,9,1.5
2026-02-02,ORD-72447,Margherita Pizza,Pizza,3,15,45,15.0
2026-02-02,ORD-12166,Chicken Wings,Appetizers,2,10,20,8.0
2026-02-02,ORD-14046,Soda,Drinks,2,3,6,1.0
2026-02-02,ORD-36269,Beef Burger,Burgers,1,14,14,6.0
2026-02-02,ORD-19053,Coffee,Drinks,2,4,8,2.0
2026-02-02,ORD-36152,Chicken Wings,Appetizers,2,10,20,8.0
2026-02-03,ORD-72743,Pepperoni Pizza,Pizza,1,18,18,6.0
2026-02-03,ORD-47795,Pepperoni Pizza,Pizza,2,18,36,12.0
2026-02-03,ORD-78701,Caesar Salad,Salads,2,12,24,8.0
2026-02-03,ORD-29622,Chicken Wings,Appetizers,1,10,10,4.0
2026-02-03,ORD-63545,Coffee,Drinks,3,4,12,3.0
2026-02-03,ORD-29114,Tiramisu,Desserts,1,8,8,3.0
2026-02-03,ORD-83885,Soda,Drinks,2,3,6,1.0
2026-02-03,ORD-63895,Margherita Pizza,Pizza,5,15,75,25.0
2026-02-03,ORD-18192,Margherita Pizza,Pizza,3,15,45,15.0
2026-02-03,ORD-28111,Coffee,Drinks,2,4,8,2.0
2026-02-03,ORD-47198,Beef Burger,Burgers,3,14,42,18.0
2026-02-03,ORD-73387,Caesar Salad,Salads,2,12,24,8.0
2026-02-03,ORD-41475,Coffee,Drinks,3,4,12,3.0
2026-02-03,ORD-84230,Beef Burger,Burgers,2,14,28,12.0
2026-02-03,ORD-42511,Caesar Salad,Salads,1,12,12,4.0
2026-02-03,ORD-20672,Caesar Salad,Salads,2,12,24,8.0
2026-02-03,ORD-57986,Caesar Salad,Salads,3,12,36,12.0
2026-02-03,ORD-89865,Chicken Wings,Appetizers,2,10,20,8.0
2026-02-03,ORD-19545,French Fries,Sides,1,5,5,1.5
2026-02-03,ORD-28453,Tiramisu,Desserts,3,8,24,9.0
2026-02-03,ORD-22443,Coffee,Drinks,1,4,4,1.0
2026-02-03,ORD-26592,Margherita Pizza,Pizza,5,15,75,25.0
2026-02-03,ORD-90802,Beef Burger,Burgers,1,14,14,6.0
2026-02-03,ORD-52680,Bruschetta,Appetizers,1,7,7,2.5
2026-02-03,ORD-86159,Bruschetta,Appetizers,1,7,7,2.5
2026-02-03,ORD-17450,Margherita Pizza,Pizza,3,15,45,15.0
2026-02-03,ORD-33434,Margherita Pizza,Pizza,3,15,45,15.0
2026-02-03,ORD-83932,Bruschetta,Appetizers,1,7,7,2.5
2026-02-03,ORD-44597,Coffee,Drinks,3,4,12,3.0
2026-02-03,ORD-12764,Margherita Pizza,Pizza,2,15,30,10.0
2026-02-03,ORD-89208,Coffee,Drinks,2,4,8,2.0
2026-02-03,ORD-11112,Beef Burger,Burgers,3,14,42,18.0
2026-02-03,ORD-50473,Bruschetta,Appetizers,1,7,7,2.5
2026-02-03,ORD-41995,Chicken Wings,Appetizers,1,10,10,4.0
2026-02-03,ORD-31472,Soda,Drinks,1,3,3,0.5
2026-02-03,ORD-97616,Beef Burger,Burgers,2,14,28,12.0
2026-02-03,ORD-77294,French Fries,Sides,3,5,15,4.5
2026-02-03,ORD-72216,Pepperoni Pizza,Pizza,1,18,18,6.0
2026-02-03,ORD-37829,Margherita Pizza,Pizza,2,15,30,10.0
2026-02-03,ORD-23980,Caesar Salad,Salads,3,12,36,12.0
2026-02-03,ORD-24426,French Fries,Sides,2,5,10,3.0
2026-02-03,ORD-24642,Tiramisu,Desserts,2,8,16,6.0
2026-02-03,ORD-35501,Margherita Pizza,Pizza,5,15,75,25.0
2026-02-03,ORD-97541,Chicken Wings,Appetizers,1,10,10,4.0
2026-02-03,ORD-22013,Tiramisu,Desserts,2,8,16,6.0
2026-02-03,ORD-21339,Soda,Drinks,3,3,9,1.5
2026-02-03,ORD-88705,Caesar Salad,Salads,2,12,24,8.0
2026-02-03,ORD-95248,Bruschetta,Appetizers,1,7,7,2.5
2026-02-03,ORD-41369,Bruschetta,Appetizers,1,7,7,2.5
2026-02-03,ORD-69868,Caesar Salad,Salads,2,12,24,8.0
2026-02-04,ORD-68236,Beef Burger,Burgers,1,14,14,6.0
2026-02-04,ORD-15278,Beef Burger,Burgers,2,14,28,12.0
2026-02-04,ORD-82187,Soda,Drinks,2,3,6,1.0
2026-02-04,ORD-43370,Pepperoni Pizza,Pizza,2,18,36,12.0
2026-02-04,ORD-47024,Tiramisu,Desserts,3,8,24,9.0
2026-02-04,ORD-75112,Tiramisu,Desserts,1,8,8,3.0
2026-02-04,ORD-58181,Beef Burger,Burgers,1,14,14,6.0
2026-02-04,ORD-26797,Tiramisu,Desserts,2,8,16,6.0
2026-02-04,ORD-14604,French Fries,Sides,1,5,5,1.5
2026-02-04,ORD-99468,Tiramisu,Desserts,2,8,16,6.0
2026-02-04,ORD-89600,French Fries,Sides,3,5,15,4.5
2026-02-04,ORD-86537,Beef Burger,Burgers,3,14,42,18.0
2026-02-04,ORD-29007,Pepperoni Pizza,Pizza,1,18,18,6.0
2026-02-04,ORD-27814,Bruschetta,Appetizers,1,7,7,2.5
2026-02-04,ORD-94406,Pepperoni Pizza,Pizza,1,18,18,6.0
2026-02-04,ORD-57953,Coffee,Drinks,3,4,12,3.0
2026-02-04,ORD-75455,Margherita Pizza,Pizza,4,15,60,20.0
2026-02-04,ORD-91591,Coffee,Drinks,1,4,4,1.0
2026-02-04,ORD-86125,Pepperoni Pizza,Pizza,1,18,18,6.0
2026-02-04,ORD-65403,French Fries,Sides,3,5,15,4.5
2026-02-04,ORD-72821,French Fries,Sides,2,5,10,3.0
2026-02-04,ORD-36373,Margherita Pizza,Pizza,3,15,45,15.0
2026-02-04,ORD-50111,Coffee,Drinks,2,4,8,2.0
2026-02-04,ORD-24238,Soda,Drinks,1,3,3,0.5
2026-02-04,ORD-47753,Soda,Drinks,1,3,3,0.5
2026-02-04,ORD-40730,Chicken Wings,Appetizers,3,10,30,12.0
2026-02-04,ORD-13156,French Fries,Sides,3,5,15,4.5
2026-02-04,ORD-16092,Chicken Wings,Appetizers,3,10,30,12.0
2026-02-04,ORD-50276,Chicken Wings,Appetizers,2,10,20,8.0
2026-02-04,ORD-16871,Tiramisu,Desserts,3,8,24,9.0
2026-02-04,ORD-38827,Caesar Salad,Salads,1,12,12,4.0
2026-02-04,ORD-59734,Bruschetta,Appetizers,1,7,7,2.5
2026-02-04,ORD-22033,Bruschetta,Appetizers,1,7,7,2.5
2026-02-04,ORD-11037,Beef Burger,Burgers,1,14,14,6.0
2026-02-04,ORD-95625,French Fries,Sides,3,5,15,4.5
2026-02-04,ORD-75094,Coffee,Drinks,3,4,12,3.0
2026-02-04,ORD-62799,Coffee,Drinks,2,4,8,2.0
2026-02-04,ORD-49221,Pepperoni Pizza,Pizza,3,18,54,18.0
2026-02-04,ORD-59634,Coffee,Drinks,1,4,4,1.0
2026-02-05,ORD-64388,French Fries,Sides,1,5,5,1.5
2026-02-05,ORD-19231,Beef Burger,Burgers,1,14,14,6.0
2026-02-05,ORD-51835,French Fries,Sides,3,5,15,4.5
2026-02-05,ORD-16739,French Fries,Sides,1,5,5,1.5
2026-02-05,ORD-60251,Bruschetta,Appetizers,1,7,7,2.5
2026-02-05,ORD-17671,Tiramisu,Desserts,1,8,8,3.0
2026-02-05,ORD-97583,Chicken Wings,Appetizers,1,10,10,4.0
2026-02-05,ORD-27794,Margherita Pizza,Pizza,4,15,60,20.0
2026-02-05,ORD-23852,Chicken Wings,Appetizers,3,10,30,12.0
2026-02-05,ORD-12649,Caesar Salad,Salads,1,12,12,4.0
2026-02-05,ORD-78988,Coffee,Drinks,3,4,12,3.0
2026-02-05,ORD-51808,Soda,Drinks,2,3,6,1.0
2026-02-05,ORD-48925,Margherita Pizza,Pizza,3,15,45,15.0
2026-02-05,ORD-35646,Chicken Wings,Appetizers,2,10,20,8.0
2026-02-05,ORD-56102,Soda,Drinks,2,3,6,1.0
2026-02-05,ORD-63484,Pepperoni Pizza,Pizza,2,18,36,12.0
2026-02-05,ORD-62380,French Fries,Sides,2,5,10,3.0
2026-02-05,ORD-22765,Caesar Salad,Salads,2,12,24,8.0
2026-02-05,ORD-97240,French Fries,Sides,2,5,10,3.0
2026-02-05,ORD-68752,Coffee,Drinks,2,4,8,2.0
2026-02-05,ORD-61622,Soda,Drinks,1,3,3,0.5
2026-02-05,ORD-99563,Tiramisu,Desserts,2,8,16,6.0
2026-02-05,ORD-53628,Chicken Wings,Appetizers,1,10,10,4.0
2026-02-05,ORD-43924,Tiramisu,Desserts,3,8,24,9.0
2026-02-05,ORD-87460,Tiramisu,Desserts,3,8,24,9.0
2026-02-05,ORD-44964,Tiramisu,Desserts,1,8,8,3.0
2026-02-05,ORD-16106,Caesar Salad,Salads,3,12,36,12.0
2026-02-05,ORD-51521,Chicken Wings,Appetizers,2,10,20,8.0
2026-02-05,ORD-82824,Pepperoni Pizza,Pizza,1,18,18,6.0
2026-02-05,ORD-70735,Margherita Pizza,Pizza,5,15,75,25.0
2026-02-05,ORD-17188,Caesar Salad,Salads,2,12,24,8.0
2026-02-05,ORD-85911,Chicken Wings,Appetizers,2,10,20,8.0
2026-02-05,ORD-93938,Tiramisu,Desserts,2,8,16,6.0
2026-02-05,ORD-91831,Beef Burger,Burgers,2,14,28,12.0
2026-02-05,ORD-44728,Pepperoni Pizza,Pizza,1,18,18,6.0
2026-02-05,ORD-12140,Soda,Drinks,1,3,3,0.5
2026-02-05,ORD-60762,Margherita Pizza,Pizza,3,15,45,15.0
2026-02-05,ORD-25818,Caesar Salad,Salads,2,12,24,8.0
2026-02-05,ORD-78214,Beef Burger,Burgers,1,14,14,6.0
2026-02-05,ORD-71909,Beef Burger,Burgers,3,14,42,18.0
2026-02-05,ORD-19640,Chicken Wings,Appetizers,3,10,30,12.0
2026-02-05,ORD-98410,Chicken Wings,Appetizers,1,10,10,4.0
2026-02-05,ORD-33351,Soda,Drinks,3,3,9,1.5
2026-02-05,ORD-32165,Pepperoni Pizza,Pizza,1,18,18,6.0
2026-02-05,ORD-17286,Soda,Drinks,2,3,6,1.0
2026-02-05,ORD-93002,Coffee,Drinks,2,4,8,2.0
2026-02-05,ORD-69302,Soda,Drinks,1,3,3,0.5
2026-02-05,ORD-74312,Margherita Pizza,Pizza,2,15,30,10.0
2026-02-05,ORD-74036,Caesar Salad,Salads,2,12,24,8.0
2026-02-05,ORD-75430,Pepperoni Pizza,Pizza,3,18,54,18.0
2026-02-05,ORD-34425,Caesar Salad,Salads,2,12,24,8.0
2026-02-05,ORD-85845,Tiramisu,Desserts,1,8,8,3.0
2026-02-05,ORD-54885,Caesar Salad,Salads,3,12,36,12.0
2026-02-06,ORD-11988,Margherita Pizza,Pizza,5,15,75,25.0
2026-02-06,ORD-22449,Tiramisu,Desserts,3,8,24,9.0
2026-02-06,ORD-81208,Beef Burger,Burgers,1,14,14,6.0
2026-02-06,ORD-36474,Beef Burger,Burgers,2,14,28,12.0
2026-02-06,ORD-35289,Chicken Wings,Appetizers,1,10,10,4.0
2026-02-06,ORD-78893,Caesar Salad,Salads,2,12,24,8.0
2026-02-06,ORD-23918,French Fries,Sides,1,5,5,1.5
2026-02-06,ORD-13493,Coffee,Drinks,3,4,12,3.0
2026-02-06,ORD-92102,Margherita Pizza,Pizza,5,15,75,25.0
2026-02-06,ORD-71314,Beef Burger,Burgers,3,14,42,18.0
2026-02-06,ORD-75044,Chicken Wings,Appetizers,2,10,20,8.0
2026-02-06,ORD-17082,Pepperoni Pizza,Pizza,3,18,54,18.0
2026-02-06,ORD-70201,Coffee,Drinks,2,4,8,2.0
2026-02-06,ORD-39545,Chicken Wings,Appetizers,1,10,10,4.0
2026-02-06,ORD-84769,Coffee,Drinks,2,4,8,2.0
2026-02-06,ORD-64973,Soda,Drinks,2,3,6,1.0
2026-02-06,ORD-30000,Soda,Drinks,2,3,6,1.0
2026-02-06,ORD-34054,Coffee,Drinks,1,4,4,1.0
2026-02-06,ORD-38538,Soda,Drinks,2,3,6,1.0
2026-02-06,ORD-32191,Caesar Salad,Salads,1,12,12,4.0
2026-02-06,ORD-41378,Coffee,Drinks,2,4,8,2.0
2026-02-06,ORD-58238,Chicken Wings,Appetizers,2,10,20,8.0
2026-02-06,ORD-22756,Tiramisu,Desserts,2,8,16,6.0
2026-02-06,ORD-34152,Caesar Salad,Salads,2,12,24,8.0
2026-02-06,ORD-65879,Caesar Salad,Salads,2,12,24,8.0
2026-02-06,ORD-95129,Pepperoni Pizza,Pizza,2,18,36,12.0
2026-02-06,ORD-61395,Pepperoni Pizza,Pizza,1,18,18,6.0
2026-02-06,ORD-59608,French Fries,Sides,3,5,15,4.5
2026-02-06,ORD-81985,Coffee,Drinks,2,4,8,2.0
2026-02-06,ORD-13181,Chicken Wings,Appetizers,2,10,20,8.0
2026-02-06,ORD-18252,Margherita Pizza,Pizza,5,15,75,25.0
2026-02-06,ORD-74487,Beef Burger,Burgers,2,14,28,12.0
2026-02-06,ORD-14194,Soda,Drinks,3,3,9,1.5
2026-02-06,ORD-78748,Coffee,Drinks,2,4,8,2.0
2026-02-06,ORD-19561,Bruschetta,Appetizers,1,7,7,2.5
2026-02-06,ORD-28023,Pepperoni Pizza,Pizza,1,18,18,6.0
2026-02-06,ORD-83133,Beef Burger,Burgers,2,14,28,12.0
2026-02-06,ORD-83050,Margherita Pizza,Pizza,5,15,75,25.0
2026-02-06,ORD-89084,Soda,Drinks,1,3,3,0.5
2026-02-06,ORD-53565,Soda,Drinks,1,3,3,0.5
2026-02-06,ORD-96792,Coffee,Drinks,2,4,8,2.0
2026-02-06,ORD-65287,Beef Burger,Burgers,2,14,28,12.0
2026-02-06,ORD-22123,Caesar Salad,Salads,2,12,24,8.0
2026-02-06,ORD-15714,Bruschetta,Appetizers,1,7,7,2.5
2026-02-06,ORD-31702,Margherita Pizza,Pizza,4,15,60,20.0
2026-02-06,ORD-96178,Pepperoni Pizza,Pizza,1,18,18,6.0
2026-02-06,ORD-54880,Chicken Wings,Appetizers,3,10,30,12.0
2026-02-06,ORD-72538,Margherita Pizza,Pizza,5,15,75,25.0
2026-02-06,ORD-81334,Chicken Wings,Appetizers,2,10,20,8.0
2026-02-06,ORD-46439,Caesar Salad,Salads,2,12,24,8.0
2026-02-06,ORD-46448,Caesar Salad,Salads,3,12,36,12.0
2026-02-06,ORD-33360,French Fries,Sides,2,5,10,3.0
2026-02-06,ORD-97878,French Fries,Sides,3,5,15,4.5
2026-02-06,ORD-10492,Caesar Salad,Salads,3,12,36,12.0
2026-02-06,ORD-24839,Caesar Salad,Salads,2,12,24,8.0
2026-02-06,ORD-97471,Margherita Pizza,Pizza,2,15,30,10.0
2026-02-06,ORD-52987,Soda,Drinks,1,3,3,0.5
2026-02-06,ORD-50073,Caesar Salad,Salads,2,12,24,8.0
2026-02-06,ORD-95939,Tiramisu,Desserts,1,8,8,3.0
2026-02-06,ORD-71339,Coffee,Drinks,1,4,4,1.0
2026-02-06,ORD-57042,Pepperoni Pizza,Pizza,1,18,18,6.0
2026-02-06,ORD-42134,Caesar Salad,Salads,3,12,36,12.0
2026-02-06,ORD-70709,Coffee,Drinks,2,4,8,2.0
2026-02-06,ORD-75146,French Fries,Sides,1,5,5,1.5
2026-02-06,ORD-88686,Soda,Drinks,3,3,9,1.5
2026-02-06,ORD-71080,Chicken Wings,Appetizers,1,10,10,4.0
2026-02-06,ORD-21487,Margherita Pizza,Pizza,3,15,45,15.0
2026-02-06,ORD-53494,Soda,Drinks,2,3,6,1.0
2026-02-06,ORD-36024,Chicken Wings,Appetizers,2,10,20,8.0
2026-02-06,ORD-51689,Chicken Wings,Appetizers,2,10,20,8.0
2026-02-06,ORD-53805,Caesar Salad,Salads,3,12,36,12.0
2026-02-06,ORD-61681,Beef Burger,Burgers,1,14,14,6.0
2026-02-06,ORD-35065,Bruschetta,Appetizers,1,7,7,2.5
2026-02-06,ORD-22412,Chicken Wings,Appetizers,3,10,30,12.0
2026-02-06,ORD-72286,Tiramisu,Desserts,2,8,16,6.0
2026-02-06,ORD-63879,Margherita Pizza,Pizza,5,15,75,25.0
2026-02-06,ORD-86154,Beef Burger,Burgers,2,14,28,12.0
2026-02-06,ORD-80568,Tiramisu,Desserts,2,8,16,6.0
2026-02-06,ORD-67236,French Fries,Sides,1,5,5,1.5
2026-02-06,ORD-12596,Beef Burger,Burgers,3,14,42,18.0
2026-02-06,ORD-68827,Chicken Wings,Appetizers,1,10,10,4.0
2026-02-06,ORD-92595,Margherita Pizza,Pizza,5,15,75,25.0
2026-02-06,ORD-49948,Chicken Wings,Appetizers,1,10,10,4.0
2026-02-06,ORD-23526,Pepperoni Pizza,Pizza,3,18,54,18.0
2026-02-06,ORD-62676,Beef Burger,Burgers,1,14,14,6.0
2026-02-06,ORD-56448,Pepperoni Pizza,Pizza,3,18,54,18.0
2026-02-06,ORD-90725,Caesar Salad,Salads,3,12,36,12.0
2026-02-06,ORD-60755,Tiramisu,Desserts,1,8,8,3.0
2026-02-06,ORD-12435,Caesar Salad,Salads,2,12,24,8.0
2026-02-06,ORD-67279,Soda,Drinks,2,3,6,1.0
2026-02-06,ORD-16895,French Fries,Sides,2,5,10,3.0
2026-02-06,ORD-46892,Beef Burger,Burgers,1,14,14,6.0
2026-02-06,ORD-91869,Soda,Drinks,3,3,9,1.5
2026-02-06,ORD-25378,Chicken Wings,Appetizers,3,10,30,12.0
2026-02-06,ORD-99313,Tiramisu,Desserts,1,8,8,3.0
2026-02-06,ORD-61351,French Fries,Sides,1,5,5,1.5
2026-02-06,ORD-78642,Coffee,Drinks,3,4,12,3.0
2026-02-06,ORD-29745,Margherita Pizza,Pizza,2,15,30,10.0
2026-02-06,ORD-10645,Margherita Pizza,Pizza,5,15,75,25.0
2026-02-06,ORD-12226,Caesar Salad,Salads,3,12,36,12.0
2026-02-06,ORD-80448,Pepperoni Pizza,Pizza,2,18,36,12.0
2026-02-06,ORD-86336,Tiramisu,Desserts,1,8,8,3.0
2026-02-06,ORD-74573,Margherita Pizza,Pizza,3,15,45,15.0
2026-02-06,ORD-44441,Chicken Wings,Appetizers,3,10,30,12.0
2026-02-06,ORD-83079,Margherita Pizza,Pizza,2,15,30,10.0
2026-02-06,ORD-55712,Caesar Salad,Salads,1,12,12,4.0
2026-02-06,ORD-75164,Pepperoni Pizza,Pizza,1,18,18,6.0
2026-02-06,ORD-28469,Caesar Salad,Salads,2,12,24,8.0
2026-02-06,ORD-47902,French Fries,Sides,1,5,5,1.5
2026-02-06,ORD-37124,Soda,Drinks,2,3,6,1.0
2026-02-06,ORD-46926,Beef Burger,Burgers,3,14,42,18.0
2026-02-06,ORD-86250,French Fries,Sides,2,5,10,3.0
2026-02-06,ORD-76369,Margherita Pizza,Pizza,4,15,60,20.0
2026-02-06,ORD-31926,Caesar Salad,Salads,3,12,36,12.0
2026-02-06,ORD-74931,Chicken Wings,Appetizers,1,10,10,4.0
2026-02-06,ORD-46333,Soda,Drinks,3,3,9,1.5
2026-02-06,ORD-49813,Chicken Wings,Appetizers,1,10,10,4.0
2026-02-06,ORD-55446,Chicken Wings,Appetizers,2,10,20,8.0
2026-02-06,ORD-80140,Beef Burger,Burgers,2,14,28,12.0
2026-02-06,ORD-42573,Tiramisu,Desserts,2,8,16,6.0
2026-02-06,ORD-17038,Pepperoni Pizza,Pizza,2,18,36,12.0
2026-02-06,ORD-67065,Soda,Drinks,1,3,3,0.5
2026-02-06,ORD-92866,Soda,Drinks,2,3,6,1.0
2026-02-06,ORD-29719,Beef Burger,Burgers,3,14,42,18.0
2026-02-06,ORD-24928,Soda,Drinks,1,3,3,0.5
2026-02-06,ORD-27014,Coffee,Drinks,3,4,12,3.0
2026-02-06,ORD-74972,Caesar Salad,Salads,1,12,12,4.0
2026-02-06,ORD-59919,Tiramisu,Desserts,3,8,24,9.0
2026-02-06,ORD-24578,Beef Burger,Burgers,1,14,14,6.0
2026-02-06,ORD-16294,Beef Burger,Burgers,3,14,42,18.0
2026-02-07,ORD-66902,Pepperoni Pizza,Pizza,1,18,18,6.0
2026-02-07,ORD-33816,Margherita Pizza,Pizza,3,15,45,15.0
2026-02-07,ORD-62197,Caesar Salad,Salads,1,12,12,4.0
2026-02-07,ORD-69829,Beef Burger,Burgers,3,14,42,18.0
2026-02-07,ORD-28395,Beef Burger,Burgers,2,14,28,12.0
2026-02-07,ORD-64507,Margherita Pizza,Pizza,4,15,60,20.0
2026-02-07,ORD-75316,Chicken Wings,Appetizers,3,10,30,12.0
2026-02-07,ORD-33388,French Fries,Sides,3,5,15,4.5
2026-02-07,ORD-22812,Beef Burger,Burgers,3,14,42,18.0
2026-02-07,ORD-93788,Pepperoni Pizza,Pizza,1,18,18,6.0
2026-02-07,ORD-82036,Coffee,Drinks,2,4,8,2.0
2026-02-07,ORD-28383,Margherita Pizza,Pizza,2,15,30,10.0
2026-02-07,ORD-55566,Beef Burger,Burgers,2,14,28,12.0
2026-02-07,ORD-22658,Margherita Pizza,Pizza,4,15,60,20.0
2026-02-07,ORD-72571,Pepperoni Pizza,Pizza,1,18,18,6.0
2026-02-07,ORD-71195,Beef Burger,Burgers,1,14,14,6.0
2026-02-07,ORD-18844,Coffee,Drinks,1,4,4,1.0
2026-02-07,ORD-72954,French Fries,Sides,2,5,10,3.0
2026-02-07,ORD-80710,Caesar Salad,Salads,3,12,36,12.0
2026-02-07,ORD-29523,Caesar Salad,Salads,2,12,24,8.0
2026-02-07,ORD-50256,Pepperoni Pizza,Pizza,1,18,18,6.0
2026-02-07,ORD-78993,Tiramisu,Desserts,3,8,24,9.0
2026-02-07,ORD-54742,Soda,Drinks,1,3,3,0.5
2026-02-07,ORD-20053,Pepperoni Pizza,Pizza,2,18,36,12.0
2026-02-07,ORD-67987,Coffee,Drinks,3,4,12,3.0
2026-02-07,ORD-75622,Pepperoni Pizza,Pizza,3,18,54,18.0
2026-02-07,ORD-66398,Pepperoni Pizza,Pizza,3,18,54,18.0
2026-02-07,ORD-54066,Chicken Wings,Appetizers,1,10,10,4.0
2026-02-07,ORD-87795,Tiramisu,Desserts,3,8,24,9.0
2026-02-07,ORD-74637,Pepperoni Pizza,Pizza,1,18,18,6.0
2026-02-07,ORD-77478,French Fries,Sides,3,5,15,4.5
2026-02-07,ORD-69396,Margherita Pizza,Pizza,3,15,45,15.0
2026-02-07,ORD-63493,Chicken Wings,Appetizers,2,10,20,8.0
2026-02-07,ORD-29565,Tiramisu,Desserts,3,8,24,9.0
2026-02-07,ORD-86062,Margherita Pizza,Pizza,4,15,60,20.0
2026-02-07,ORD-83086,Margherita Pizza,Pizza,5,15,75,25.0
2026-02-07,ORD-32666,Beef Burger,Burgers,3,14,42,18.0
2026-02-07,ORD-46306,Chicken Wings,Appetizers,1,10,10,4.0
2026-02-07,ORD-54473,Bruschetta,Appetizers,1,7,7,2.5
2026-02-07,ORD-79405,Pepperoni Pizza,Pizza,2,18,36,12.0
2026-02-07,ORD-69166,Caesar Salad,Salads,1,12,12,4.0
2026-02-07,ORD-24176,Caesar Salad,Salads,2,12,24,8.0
2026-02-07,ORD-93545,Beef Burger,Burgers,1,14,14,6.0
2026-02-07,ORD-43474,Coffee,Drinks,1,4,4,1.0
2026-02-07,ORD-78960,Coffee,Drinks,2,4,8,2.0
2026-02-07,ORD-25492,Coffee,Drinks,2,4,8,2.0
2026-02-07,ORD-70994,Margherita Pizza,Pizza,3,15,45,15.0
2026-02-07,ORD-19310,French Fries,Sides,3,5,15,4.5
2026-02-07,ORD-91680,Soda,Drinks,3,3,9,1.5
2026-02-07,ORD-96756,Soda,Drinks,3,3,9,1.5
2026-02-07,ORD-40398,Pepperoni Pizza,Pizza,3,18,54,18.0
2026-02-07,ORD-69411,Tiramisu,Desserts,1,8,8,3.0
2026-02-07,ORD-66747,Tiramisu,Desserts,1,8,8,3.0
2026-02-07,ORD-65154,Chicken Wings,Appetizers,3,10,30,12.0
2026-02-07,ORD-83633,Pepperoni Pizza,Pizza,1,18,18,6.0
2026-02-07,ORD-76815,Pepperoni Pizza,Pizza,2,18,36,12.0
2026-02-07,ORD-69038,French Fries,Sides,3,5,15,4.5
2026-02-07,ORD-36702,French Fries,Sides,2,5,10,3.0
2026-02-07,ORD-10629,Chicken Wings,Appetizers,3,10,30,12.0
2026-02-07,ORD-29843,Bruschetta,Appetizers,1,7,7,2.5
2026-02-07,ORD-46146,Tiramisu,Desserts,2,8,16,6.0
2026-02-07,ORD-56926,French Fries,Sides,2,5,10,3.0
2026-02-07,ORD-53059,Chicken Wings,Appetizers,1,10,10,4.0
2026-02-07,ORD-64461,Caesar Salad,Salads,3,12,36,12.0
2026-02-07,ORD-33343,Tiramisu,Desserts,3,8,24,9.0
2026-02-07,ORD-22492,Margherita Pizza,Pizza,3,15,45,15.0
2026-02-07,ORD-41407,Tiramisu,Desserts,2,8,16,6.0
2026-02-07,ORD-62424,Margherita Pizza,Pizza,2,15,30,10.0
2026-02-07,ORD-72925,French Fries,Sides,3,5,15,4.5
2026-02-07,ORD-29752,Soda,Drinks,3,3,9,1.5
2026-02-07,ORD-37164,Caesar Salad,Salads,2,12,24,8.0
2026-02-07,ORD-70576,Pepperoni Pizza,Pizza,2,18,36,12.0
2026-02-07,ORD-75226,Soda,Drinks,2,3,6,1.0
2026-02-07,ORD-54345,Margherita Pizza,Pizza,5,15,75,25.0
2026-02-07,ORD-55171,Tiramisu,Desserts,1,8,8,3.0
2026-02-07,ORD-74379,Tiramisu,Desserts,2,8,16,6.0
2026-02-07,ORD-87343,Coffee,Drinks,1,4,4,1.0
2026-02-07,ORD-10893,Coffee,Drinks,1,4,4,1.0
2026-02-07,ORD-24292,Chicken Wings,Appetizers,3,10,30,12.0
2026-02-07,ORD-43214,Coffee,Drinks,1,4,4,1.0
2026-02-08,ORD-52123,Pepperoni Pizza,Pizza,3,18,54,18.0
2026-02-08,ORD-17745,Chicken Wings,Appetizers,3,10,30,12.0
2026-02-08,ORD-66968,French Fries,Sides,2,5,10,3.0
2026-02-08,ORD-39555,Tiramisu,Desserts,3,8,24,9.0
2026-02-08,ORD-41157,Caesar Salad,Salads,3,12,36,12.0
2026-02-08,ORD-43415,Coffee,Drinks,2,4,8,2.0
2026-02-08,ORD-46860,Chicken Wings,Appetizers,3,10,30,12.0
2026-02-08,ORD-78102,Margherita Pizza,Pizza,4,15,60,20.0
2026-02-08,ORD-57149,Soda,Drinks,2,3,6,1.0
2026-02-08,ORD-38253,Coffee,Drinks,2,4,8,2.0
2026-02-08,ORD-26448,Caesar Salad,Salads,2,12,24,8.0
2026-02-08,ORD-74547,French Fries,Sides,3,5,15,4.5
2026-02-08,ORD-13389,Bruschetta,Appetizers,1,7,7,2.5
2026-02-08,ORD-31065,Chicken Wings,Appetizers,2,10,20,8.0
2026-02-08,ORD-71934,Caesar Salad,Salads,1,12,12,4.0
2026-02-08,ORD-44827,Coffee,Drinks,3,4,12,3.0
2026-02-08,ORD-51657,Tiramisu,Desserts,2,8,16,6.0
2026-02-08,ORD-31087,Chicken Wings,Appetizers,2,10,20,8.0
2026-02-08,ORD-99454,Soda,Drinks,2,3,6,1.0
2026-02-08,ORD-52823,Chicken Wings,Appetizers,1,10,10,4.0
2026-02-08,ORD-45708,Caesar Salad,Salads,1,12,12,4.0
2026-02-08,ORD-46189,French Fries,Sides,3,5,15,4.5
2026-02-08,ORD-84725,Pepperoni Pizza,Pizza,1,18,18,6.0
2026-02-08,ORD-85178,Chicken Wings,Appetizers,3,10,30,12.0
2026-02-08,ORD-75739,Soda,Drinks,3,3,9,1.5
2026-02-08,ORD-92365,Caesar Salad,Salads,3,12,36,12.0
2026-02-08,ORD-63618,Chicken Wings,Appetizers,1,10,10,4.0
2026-02-08,ORD-66928,Pepperoni Pizza,Pizza,1,18,18,6.0
2026-02-08,ORD-96852,Beef Burger,Burgers,2,14,28,12.0
2026-02-08,ORD-77444,French Fries,Sides,3,5,15,4.5
2026-02-08,ORD-81513,Coffee,Drinks,1,4,4,1.0
2026-02-08,ORD-80906,Soda,Drinks,1,3,3,0.5
2026-02-08,ORD-82967,Caesar Salad,Salads,2,12,24,8.0
2026-02-08,ORD-23699,Caesar Salad,Salads,2,12,24,8.0
2026-02-08,ORD-45060,Coffee,Drinks,3,4,12,3.0
2026-02-08,ORD-73795,Tiramisu,Desserts,3,8,24,9.0
2026-02-08,ORD-67853,French Fries,Sides,3,5,15,4.5
2026-02-08,ORD-27112,Beef Burger,Burgers,1,14,14,6.0
2026-02-08,ORD-82680,Beef Burger,Burgers,1,14,14,6.0
2026-02-08,ORD-42057,Chicken Wings,Appetizers,3,10,30,12.0
2026-02-08,ORD-46869,Coffee,Drinks,2,4,8,2.0
2026-02-08,ORD-79145,Margherita Pizza,Pizza,5,15,75,25.0
2026-02-08,ORD-32363,Chicken Wings,Appetizers,3,10,30,12.0
2026-02-08,ORD-21113,Pepperoni Pizza,Pizza,1,18,18,6.0
2026-02-08,ORD-72304,French Fries,Sides,3,5,15,4.5
2026-02-08,ORD-91679,Soda,Drinks,1,3,3,0.5
2026-02-08,ORD-71860,Beef Burger,Burgers,1,14,14,6.0
2026-02-08,ORD-57983,Caesar Salad,Salads,3,12,36,12.0
2026-02-08,ORD-74863,Beef Burger,Burgers,2,14,28,12.0
2026-02-08,ORD-77989,Soda,Drinks,3,3,9,1.5
2026-02-08,ORD-55498,Caesar Salad,Salads,2,12,24,8.0
2026-02-08,ORD-84927,Tiramisu,Desserts,2,8,16,6.0
2026-02-08,ORD-73272,French Fries,Sides,2,5,10,3.0
2026-02-08,ORD-14348,Bruschetta,Appetizers,1,7,7,2.5
2026-02-08,ORD-15150,Coffee,Drinks,2,4,8,2.0
2026-02-08,ORD-52300,Caesar Salad,Salads,3,12,36,12.0
2026-02-08,ORD-93935,Bruschetta,Appetizers,1,7,7,2.5
2026-02-08,ORD-13580,Coffee,Drinks,2,4,8,2.0
2026-02-08,ORD-23140,Caesar Salad,Salads,1,12,12,4.0
2026-02-08,ORD-15250,Soda,Drinks,1,3,3,0.5
2026-02-08,ORD-14175,Soda,Drinks,3,3,9,1.5
2026-02-08,ORD-53591,Coffee,Drinks,1,4,4,1.0
2026-02-08,ORD-82043,Pepperoni Pizza,Pizza,1,18,18,6.0
2026-02-08,ORD-63542,Soda,Drinks,2,3,6,1.0
2026-02-08,ORD-14994,Coffee,Drinks,1,4,4,1.0
2026-02-08,ORD-66245,Caesar Salad,Salads,1,12,12,4.0
2026-02-08,ORD-89006,French Fries,Sides,3,5,15,4.5
2026-02-08,ORD-92457,Soda,Drinks,2,3,6,1.0
2026-02-08,ORD-60273,Margherita Pizza,Pizza,2,15,30,10.0
2026-02-08,ORD-46112,Caesar Salad,Salads,3,12,36,12.0
2026-02-08,ORD-63440,Beef Burger,Burgers,2,14,28,12.0
2026-02-08,ORD-15077,Margherita Pizza,Pizza,4,15,60,20.0
2026-02-08,ORD-46908,Caesar Salad,Salads,3,12,36,12.0
2026-02-08,ORD-90462,Chicken Wings,Appetizers,2,10,20,8.0
2026-02-08,ORD-65604,Beef Burger,Burgers,1,14,14,6.0
2026-02-08,ORD-73322,Soda,Drinks,3,3,9,1.5
2026-02-08,ORD-71667,French Fries,Sides,3,5,15,4.5
2026-02-08,ORD-41423,French Fries,Sides,2,5,10,3.0
2026-02-08,ORD-50537,Soda,Drinks,1,3,3,0.5
2026-02-08,ORD-35861,Margherita Pizza,Pizza,5,15,75,25.0
2026-02-08,ORD-55010,Coffee,Drinks,1,4,4,1.0
2026-02-08,ORD-21656,Chicken Wings,Appetizers,1,10,10,4.0
2026-02-08,ORD-96563,Caesar Salad,Salads,2,12,24,8.0
2026-02-08,ORD-59515,French Fries,Sides,1,5,5,1.5
2026-02-08,ORD-39489,Pepperoni Pizza,Pizza,1,18,18,6.0
2026-02-08,ORD-31594,Pepperoni Pizza,Pizza,3,18,54,18.0
2026-02-08,ORD-41284,Soda,Drinks,3,3,9,1.5
2026-02-08,ORD-80760,Soda,Drinks,2,3,6,1.0
2026-02-08,ORD-31114,Beef Burger,Burgers,2,14,28,12.0
2026-02-08,ORD-93215,Tiramisu,Desserts,1,8,8,3.0
2026-02-08,ORD-74152,Soda,Drinks,1,3,3,0.5
2026-02-08,ORD-39616,Tiramisu,Desserts,2,8,16,6.0
2026-02-08,ORD-50894,Beef Burger,Burgers,2,14,28,12.0
2026-02-08,ORD-19803,Tiramisu,Desserts,3,8,24,9.0
2026-02-08,ORD-80949,French Fries,Sides,2,5,10,3.0
2026-02-08,ORD-99383,Coffee,Drinks,3,4,12,3.0
2026-02-08,ORD-78544,Margherita Pizza,Pizza,4,15,60,20.0
2026-02-08,ORD-42955,Soda,Drinks,2,3,6,1.0
2026-02-08,ORD-99121,Coffee,Drinks,3,4,12,3.0
2026-02-08,ORD-96899,Pepperoni Pizza,Pizza,1,18,18,6.0
2026-02-08,ORD-61261,Coffee,Drinks,3,4,12,3.0
2026-02-08,ORD-37613,Coffee,Drinks,1,4,4,1.0
2026-02-08,ORD-88332,Margherita Pizza,Pizza,4,15,60,20.0
2026-02-08,ORD-16320,French Fries,Sides,1,5,5,1.5
2026-02-08,ORD-13511,Chicken Wings,Appetizers,1,10,10,4.0
2026-02-08,ORD-60788,Tiramisu,Desserts,3,8,24,9.0
2026-02-08,ORD-31513,Caesar Salad,Salads,3,12,36,12.0
2026-02-08,ORD-93071,Tiramisu,Desserts,2,8,16,6.0
2026-02-08,ORD-99441,Margherita Pizza,Pizza,2,15,30,10.0
2026-02-08,ORD-77521,Tiramisu,Desserts,2,8,16,6.0
2026-02-08,ORD-23320,Beef Burger,Burgers,2,14,28,12.0
2026-02-08,ORD-73405,Beef Burger,Burgers,3,14,42,18.0
2026-02-08,ORD-55630,Chicken Wings,Appetizers,1,10,10,4.0
2026-02-08,ORD-73707,Pepperoni Pizza,Pizza,2,18,36,12.0
2026-02-08,ORD-67470,Tiramisu,Desserts,1,8,8,3.0
2026-02-08,ORD-94464,Coffee,Drinks,1,4,4,1.0
2026-02-08,ORD-28371,Beef Burger,Burgers,3,14,42,18.0
2026-02-08,ORD-77663,Pepperoni Pizza,Pizza,3,18,54,18.0
2026-02-09,ORD-59908,Beef Burger,Burgers,2,14,28,12.0
2026-02-09,ORD-49868,Bruschetta,Appetizers,1,7,7,2.5
2026-02-09,ORD-38792,Soda,Drinks,3,3,9,1.5
2026-02-09,ORD-30126,Beef Burger,Burgers,2,14,28,12.0
2026-02-09,ORD-45744,French Fries,Sides,2,5,10,3.0
2026-02-09,ORD-85396,Beef Burger,Burgers,1,14,14,6.0
2026-02-09,ORD-77803,Caesar Salad,Salads,2,12,24,8.0
2026-02-09,ORD-41216,Chicken Wings,Appetizers,2,10,20,8.0
2026-02-09,ORD-49815,Margherita Pizza,Pizza,5,15,75,25.0
2026-02-09,ORD-30907,Tiramisu,Desserts,1,8,8,3.0
2026-02-09,ORD-72049,Chicken Wings,Appetizers,3,10,30,12.0
2026-02-09,ORD-36879,Caesar Salad,Salads,2,12,24,8.0
2026-02-09,ORD-89518,Tiramisu,Desserts,3,8,24,9.0
2026-02-09,ORD-30360,Coffee,Drinks,1,4,4,1.0
2026-02-09,ORD-59202,Beef Burger,Burgers,2,14,28,12.0
2026-02-09,ORD-89553,French Fries,Sides,3,5,15,4.5
2026-02-09,ORD-55102,Beef Burger,Burgers,2,14,28,12.0
2026-02-09,ORD-27721,Pepperoni Pizza,Pizza,3,18,54,18.0
2026-02-09,ORD-57258,Chicken Wings,Appetizers,2,10,20,8.0
2026-02-09,ORD-23624,French Fries,Sides,2,5,10,3.0
2026-02-09,ORD-82475,Beef Burger,Burgers,1,14,14,6.0
2026-02-09,ORD-48581,French Fries,Sides,3,5,15,4.5
2026-02-09,ORD-83746,Pepperoni Pizza,Pizza,1,18,18,6.0
2026-02-09,ORD-94385,Tiramisu,Desserts,2,8,16,6.0
2026-02-09,ORD-18074,Pepperoni Pizza,Pizza,2,18,36,12.0
2026-02-09,ORD-17883,Soda,Drinks,1,3,3,0.5
2026-02-09,ORD-69447,Pepperoni Pizza,Pizza,1,18,18,6.0
2026-02-09,ORD-51133,French Fries,Sides,1,5,5,1.5
2026-02-09,ORD-77678,Chicken Wings,Appetizers,2,10,20,8.0
2026-02-09,ORD-76518,Margherita Pizza,Pizza,3,15,45,15.0
2026-02-09,ORD-50489,Coffee,Drinks,3,4,12,3.0
2026-02-09,ORD-89801,Beef Burger,Burgers,1,14,14,6.0
2026-02-09,ORD-10529,French Fries,Sides,2,5,10,3.0
2026-02-09,ORD-16103,Soda,Drinks,3,3,9,1.5
2026-02-09,ORD-11467,Chicken Wings,Appetizers,2,10,20,8.0
2026-02-09,ORD-88832,Chicken Wings,Appetizers,2,10,20,8.0
2026-02-09,ORD-21997,Pepperoni Pizza,Pizza,1,18,18,6.0
2026-02-09,ORD-17428,Pepperoni Pizza,Pizza,2,18,36,12.0
2026-02-09,ORD-28821,Caesar Salad,Salads,2,12,24,8.0
2026-02-09,ORD-19267,Pepperoni Pizza,Pizza,3,18,54,18.0
2026-02-09,ORD-48029,Chicken Wings,Appetizers,2,10,20,8.0
2026-02-09,ORD-94556,Caesar Salad,Salads,3,12,36,12.0
2026-02-09,ORD-70190,Pepperoni Pizza,Pizza,2,18,36,12.0
2026-02-09,ORD-90374,Beef Burger,Burgers,1,14,14,6.0
2026-02-09,ORD-44907,Soda,Drinks,3,3,9,1.5
2026-02-09,ORD-14629,French Fries,Sides,2,5,10,3.0
2026-02-09,ORD-44143,French Fries,Sides,3,5,15,4.5
2026-02-10,ORD-65663,Coffee,Drinks,1,4,4,1.0
2026-02-10,ORD-15999,French Fries,Sides,1,5,5,1.5
2026-02-10,ORD-99784,French Fries,Sides,2,5,10,3.0
2026-02-10,ORD-32940,Beef Burger,Burgers,2,14,28,12.0
2026-02-10,ORD-62782,Soda,Drinks,3,3,9,1.5
2026-02-10,ORD-21532,Soda,Drinks,2,3,6,1.0
2026-02-10,ORD-26563,Bruschetta,Appetizers,1,7,7,2.5
2026-02-10,ORD-28498,Tiramisu,Desserts,1,8,8,3.0
2026-02-10,ORD-63960,Chicken Wings,Appetizers,3,10,30,12.0
2026-02-10,ORD-54390,Pepperoni Pizza,Pizza,1,18,18,6.0
2026-02-10,ORD-59917,Tiramisu,Desserts,2,8,16,6.0
2026-02-10,ORD-97150,Soda,Drinks,1,3,3,0.5
2026-02-10,ORD-62582,Chicken Wings,Appetizers,3,10,30,12.0
2026-02-10,ORD-35723,Chicken Wings,Appetizers,1,10,10,4.0
2026-02-10,ORD-95999,French Fries,Sides,3,5,15,4.5
2026-02-10,ORD-59992,French Fries,Sides,1,5,5,1.5
2026-02-10,ORD-88354,Coffee,Drinks,3,4,12,3.0
2026-02-10,ORD-44021,Soda,Drinks,2,3,6,1.0
2026-02-10,ORD-21507,Margherita Pizza,Pizza,4,15,60,20.0
2026-02-10,ORD-56539,French Fries,Sides,2,5,10,3.0
2026-02-10,ORD-31227,Soda,Drinks,2,3,6,1.0
2026-02-10,ORD-80642,Margherita Pizza,Pizza,2,15,30,10.0
2026-02-10,ORD-75717,Chicken Wings,Appetizers,2,10,20,8.0
2026-02-10,ORD-78124,Tiramisu,Desserts,3,8,24,9.0
2026-02-10,ORD-74312,Tiramisu,Desserts,2,8,16,6.0
2026-02-10,ORD-96413,Pepperoni Pizza,Pizza,3,18,54,18.0
2026-02-10,ORD-15763,Beef Burger,Burgers,3,14,42,18.0
2026-02-10,ORD-10626,Tiramisu,Desserts,3,8,24,9.0
2026-02-10,ORD-39028,Tiramisu,Desserts,1,8,8,3.0
2026-02-10,ORD-42224,Tiramisu,Desserts,3,8,24,9.0
2026-02-10,ORD-76057,Chicken Wings,Appetizers,1,10,10,4.0
2026-02-10,ORD-72839,Tiramisu,Desserts,3,8,24,9.0
2026-02-10,ORD-20612,Soda,Drinks,3,3,9,1.5
2026-02-10,ORD-48533,Caesar Salad,Salads,2,12,24,8.0
2026-02-10,ORD-42131,Beef Burger,Burgers,3,14,42,18.0
2026-02-10,ORD-20831,Margherita Pizza,Pizza,3,15,45,15.0
2026-02-10,ORD-60514,Beef Burger,Burgers,2,14,28,12.0
2026-02-10,ORD-44265,Pepperoni Pizza,Pizza,2,18,36,12.0
2026-02-10,ORD-80053,Beef Burger,Burgers,2,14,28,12.0
2026-02-10,ORD-69272,Pepperoni Pizza,Pizza,2,18,36,12.0
2026-02-10,ORD-46097,Coffee,Drinks,3,4,12,3.0
2026-02-10,ORD-52614,French Fries,Sides,3,5,15,4.5
2026-02-10,ORD-99926,Beef Burger,Burgers,3,14,42,18.0
2026-02-10,ORD-84604,Pepperoni Pizza,Pizza,3,18,54,18.0
2026-02-10,ORD-99813,Chicken Wings,Appetizers,2,10,20,8.0
2026-02-10,ORD-61993,Coffee,Drinks,3,4,12,3.0
2026-02-10,ORD-23162,Bruschetta,Appetizers,1,7,7,2.5
2026-02-10,ORD-71452,Pepperoni Pizza,Pizza,2,18,36,12.0
2026-02-10,ORD-54018,Caesar Salad,Salads,1,12,12,4.0
2026-02-10,ORD-41329,Margherita Pizza,Pizza,2,15,30,10.0
2026-02-11,ORD-91881,Margherita Pizza,Pizza,3,15,45,15.0
2026-02-11,ORD-77831,Margherita Pizza,Pizza,5,15,75,25.0
2026-02-11,ORD-50293,Soda,Drinks,1,3,3,0.5
2026-02-11,ORD-32891,French Fries,Sides,3,5,15,4.5
2026-02-11,ORD-68207,Tiramisu,Desserts,2,8,16,6.0
2026-02-11,ORD-24496,Beef Burger,Burgers,3,14,42,18.0
2026-02-11,ORD-92967,Beef Burger,Burgers,2,14,28,12.0
2026-02-11,ORD-18644,Chicken Wings,Appetizers,2,10,20,8.0
2026-02-11,ORD-74397,Chicken Wings,Appetizers,1,10,10,4.0
2026-02-11,ORD-72634,Tiramisu,Desserts,2,8,16,6.0
2026-02-11,ORD-73048,Caesar Salad,Salads,2,12,24,8.0
2026-02-11,ORD-58728,Margherita Pizza,Pizza,5,15,75,25.0
2026-02-11,ORD-97036,French Fries,Sides,1,5,5,1.5
2026-02-11,ORD-58456,Pepperoni Pizza,Pizza,1,18,18,6.0
2026-02-11,ORD-95674,Chicken Wings,Appetizers,1,10,10,4.0
2026-02-11,ORD-11448,Pepperoni Pizza,Pizza,3,18,54,18.0
2026-02-11,ORD-96013,Chicken Wings,Appetizers,3,10,30,12.0
2026-02-11,ORD-85713,Margherita Pizza,Pizza,3,15,45,15.0
2026-02-11,ORD-93601,Chicken Wings,Appetizers,2,10,20,8.0
2026-02-11,ORD-73008,Margherita Pizza,Pizza,4,15,60,20.0
2026-02-11,ORD-93623,Caesar Salad,Salads,3,12,36,12.0
2026-02-11,ORD-23942,Margherita Pizza,Pizza,2,15,30,10.0
2026-02-11,ORD-45168,Caesar Salad,Salads,2,12,24,8.0
2026-02-11,ORD-60666,Beef Burger,Burgers,3,14,42,18.0
2026-02-11,ORD-10662,French Fries,Sides,2,5,10,3.0
2026-02-11,ORD-14642,Coffee,Drinks,2,4,8,2.0
2026-02-11,ORD-32837,Chicken Wings,Appetizers,1,10,10,4.0
2026-02-11,ORD-97972,Soda,Drinks,2,3,6,1.0
2026-02-11,ORD-91905,Coffee,Drinks,3,4,12,3.0
2026-02-11,ORD-70015,Chicken Wings,Appetizers,1,10,10,4.0
2026-02-11,ORD-99636,French Fries,Sides,1,5,5,1.5
2026-02-11,ORD-58749,Margherita Pizza,Pizza,2,15,30,10.0
2026-02-11,ORD-70493,French Fries,Sides,2,5,10,3.0
2026-02-11,ORD-73205,Caesar Salad,Salads,3,12,36,12.0
2026-02-11,ORD-28325,Chicken Wings,Appetizers,2,10,20,8.0
2026-02-11,ORD-34110,Chicken Wings,Appetizers,1,10,10,4.0
2026-02-11,ORD-13218,French Fries,Sides,1,5,5,1.5
2026-02-11,ORD-66964,Chicken Wings,Appetizers,3,10,30,12.0
2026-02-11,ORD-28953,Soda,Drinks,1,3,3,0.5
2026-02-11,ORD-70881,Pepperoni Pizza,Pizza,1,18,18,6.0
2026-02-11,ORD-92861,French Fries,Sides,2,5,10,3.0
2026-02-11,ORD-36682,Chicken Wings,Appetizers,3,10,30,12.0
2026-02-11,ORD-16208,Pepperoni Pizza,Pizza,1,18,18,6.0
2026-02-11,ORD-80415,Margherita Pizza,Pizza,3,15,45,15.0
2026-02-11,ORD-53050,Tiramisu,Desserts,1,8,8,3.0
2026-02-12,ORD-90685,Chicken Wings,Appetizers,1,10,10,4.0
2026-02-12,ORD-67578,Caesar Salad,Salads,3,12,36,12.0
2026-02-12,ORD-92343,French Fries,Sides,1,5,5,1.5
2026-02-12,ORD-63131,Coffee,Drinks,3,4,12,3.0
2026-02-12,ORD-36761,Pepperoni Pizza,Pizza,1,18,18,6.0
2026-02-12,ORD-81867,Caesar Salad,Salads,2,12,24,8.0
2026-02-12,ORD-66358,Coffee,Drinks,2,4,8,2.0
2026-02-12,ORD-72751,Tiramisu,Desserts,1,8,8,3.0
2026-02-12,ORD-75209,Margherita Pizza,Pizza,2,15,30,10.0
2026-02-12,ORD-16079,Chicken Wings,Appetizers,3,10,30,12.0
2026-02-12,ORD-44663,Coffee,Drinks,2,4,8,2.0
2026-02-12,ORD-42803,Soda,Drinks,1,3,3,0.5
2026-02-12,ORD-61375,Coffee,Drinks,1,4,4,1.0
2026-02-12,ORD-28315,Soda,Drinks,2,3,6,1.0
2026-02-12,ORD-73942,French Fries,Sides,1,5,5,1.5
2026-02-12,ORD-93729,Tiramisu,Desserts,2,8,16,6.0
2026-02-12,ORD-76974,Caesar Salad,Salads,1,12,12,4.0
2026-02-12,ORD-73331,Beef Burger,Burgers,1,14,14,6.0
2026-02-12,ORD-36596,Soda,Drinks,3,3,9,1.5
2026-02-12,ORD-19388,Coffee,Drinks,2,4,8,2.0
2026-02-12,ORD-73270,Caesar Salad,Salads,1,12,12,4.0
2026-02-12,ORD-61702,Soda,Drinks,1,3,3,0.5
2026-02-12,ORD-80520,French Fries,Sides,3,5,15,4.5
2026-02-12,ORD-18935,Caesar Salad,Salads,1,12,12,4.0
2026-02-12,ORD-63340,Pepperoni Pizza,Pizza,2,18,36,12.0
2026-02-12,ORD-44416,Margherita Pizza,Pizza,2,15,30,10.0
2026-02-12,ORD-51555,Beef Burger,Burgers,3,14,42,18.0
2026-02-12,ORD-23846,French Fries,Sides,2,5,10,3.0
2026-02-12,ORD-92577,Caesar Salad,Salads,1,12,12,4.0
2026-02-12,ORD-15837,Pepperoni Pizza,Pizza,1,18,18,6.0
2026-02-12,ORD-67359,Pepperoni Pizza,Pizza,3,18,54,18.0
2026-02-12,ORD-39093,Chicken Wings,Appetizers,3,10,30,12.0
2026-02-12,ORD-85763,Beef Burger,Burgers,1,14,14,6.0
2026-02-12,ORD-96804,Margherita Pizza,Pizza,5,15,75,25.0
2026-02-12,ORD-25734,Bruschetta,Appetizers,1,7,7,2.5
2026-02-12,ORD-53305,Tiramisu,Desserts,3,8,24,9.0
2026-02-12,ORD-36064,Chicken Wings,Appetizers,3,10,30,12.0
2026-02-12,ORD-21014,Pepperoni Pizza,Pizza,3,18,54,18.0
2026-02-12,ORD-64174,Pepperoni Pizza,Pizza,1,18,18,6.0
2026-02-12,ORD-93466,French Fries,Sides,2,5,10,3.0
2026-02-12,ORD-30155,Tiramisu,Desserts,2,8,16,6.0
2026-02-12,ORD-38692,Pepperoni Pizza,Pizza,2,18,36,12.0
2026-02-12,ORD-27824,French Fries,Sides,2,5,10,3.0
2026-02-12,ORD-34213,French Fries,Sides,2,5,10,3.0
2026-02-12,ORD-91933,Pepperoni Pizza,Pizza,1,18,18,6.0
2026-02-12,ORD-20989,Beef Burger,Burgers,2,14,28,12.0
2026-02-12,ORD-88684,Chicken Wings,Appetizers,1,10,10,4.0
2026-02-12,ORD-70413,Pepperoni Pizza,Pizza,1,18,18,6.0
2026-02-12,ORD-90451,Caesar Salad,Salads,3,12,36,12.0
2026-02-12,ORD-19499,French Fries,Sides,2,5,10,3.0
2026-02-13,ORD-29826,Margherita Pizza,Pizza,4,15,60,20.0
2026-02-13,ORD-25407,Margherita Pizza,Pizza,4,15,60,20.0
2026-02-13,ORD-84604,Margherita Pizza,Pizza,5,15,75,25.0
2026-02-13,ORD-56501,Chicken Wings,Appetizers,1,10,10,4.0
2026-02-13,ORD-24879,French Fries,Sides,2,5,10,3.0
2026-02-13,ORD-52527,Coffee,Drinks,3,4,12,3.0
2026-02-13,ORD-18456,Soda,Drinks,3,3,9,1.5
2026-02-13,ORD-54441,Chicken Wings,Appetizers,3,10,30,12.0
2026-02-13,ORD-65901,French Fries,Sides,3,5,15,4.5
2026-02-13,ORD-29052,Soda,Drinks,3,3,9,1.5
2026-02-13,ORD-35742,Bruschetta,Appetizers,1,7,7,2.5
2026-02-13,ORD-90413,Tiramisu,Desserts,2,8,16,6.0
2026-02-13,ORD-46137,Caesar Salad,Salads,1,12,12,4.0
2026-02-13,ORD-54848,Beef Burger,Burgers,3,14,42,18.0
2026-02-13,ORD-90340,Beef Burger,Burgers,1,14,14,6.0
2026-02-13,ORD-72955,Soda,Drinks,1,3,3,0.5
2026-02-13,ORD-82653,Beef Burger,Burgers,1,14,14,6.0
2026-02-13,ORD-23565,French Fries,Sides,3,5,15,4.5
2026-02-13,ORD-55183,Coffee,Drinks,2,4,8,2.0
2026-02-13,ORD-88965,Beef Burger,Burgers,1,14,14,6.0
2026-02-13,ORD-53669,Beef Burger,Burgers,3,14,42,18.0
2026-02-13,ORD-38899,Beef Burger,Burgers,1,14,14,6.0
2026-02-13,ORD-94909,Caesar Salad,Salads,1,12,12,4.0
2026-02-13,ORD-93307,Margherita Pizza,Pizza,5,15,75,25.0
2026-02-13,ORD-81579,Bruschetta,Appetizers,1,7,7,2.5
2026-02-13,ORD-14789,Tiramisu,Desserts,1,8,8,3.0
2026-02-13,ORD-22622,Margherita Pizza,Pizza,2,15,30,10.0
2026-02-13,ORD-25104,Coffee,Drinks,3,4,12,3.0
2026-02-13,ORD-35915,French Fries,Sides,1,5,5,1.5
2026-02-13,ORD-70508,French Fries,Sides,3,5,15,4.5
2026-02-13,ORD-80984,Coffee,Drinks,2,4,8,2.0
2026-02-13,ORD-61090,Pepperoni Pizza,Pizza,1,18,18,6.0
2026-02-13,ORD-32940,Margherita Pizza,Pizza,4,15,60,20.0
2026-02-13,ORD-70924,Soda,Drinks,2,3,6,1.0
2026-02-13,ORD-69901,Soda,Drinks,1,3,3,0.5
2026-02-13,ORD-37613,Pepperoni Pizza,Pizza,3,18,54,18.0
2026-02-13,ORD-10367,Chicken Wings,Appetizers,3,10,30,12.0
2026-02-13,ORD-94942,Margherita Pizza,Pizza,3,15,45,15.0
2026-02-13,ORD-49741,Caesar Salad,Salads,1,12,12,4.0
2026-02-13,ORD-99177,Caesar Salad,Salads,2,12,24,8.0
2026-02-13,ORD-31464,Beef Burger,Burgers,1,14,14,6.0
2026-02-13,ORD-45728,Chicken Wings,Appetizers,3,10,30,12.0
2026-02-13,ORD-80999,Tiramisu,Desserts,1,8,8,3.0
2026-02-13,ORD-18351,Coffee,Drinks,2,4,8,2.0
2026-02-13,ORD-49109,Soda,Drinks,3,3,9,1.5
2026-02-13,ORD-13594,French Fries,Sides,2,5,10,3.0
2026-02-13,ORD-76385,Pepperoni Pizza,Pizza,2,18,36,12.0
2026-02-13,ORD-95594,Tiramisu,Desserts,3,8,24,9.0
2026-02-13,ORD-33140,Bruschetta,Appetizers,1,7,7,2.5
2026-02-13,ORD-91395,French Fries,Sides,3,5,15,4.5
2026-02-13,ORD-77006,Beef Burger,Burgers,1,14,14,6.0
2026-02-13,ORD-67722,Coffee,Drinks,1,4,4,1.0
2026-02-13,ORD-24871,Chicken Wings,Appetizers,2,10,20,8.0
2026-02-13,ORD-29359,Chicken Wings,Appetizers,1,10,10,4.0
2026-02-13,ORD-74256,Chicken Wings,Appetizers,2,10,20,8.0
2026-02-13,ORD-20624,Chicken Wings,Appetizers,2,10,20,8.0
2026-02-13,ORD-14504,Beef Burger,Burgers,1,14,14,6.0
2026-02-13,ORD-70184,Margherita Pizza,Pizza,5,15,75,25.0
2026-02-13,ORD-17602,Soda,Drinks,2,3,6,1.0
2026-02-13,ORD-51144,Coffee,Drinks,2,4,8,2.0
2026-02-13,ORD-33099,French Fries,Sides,1,5,5,1.5
2026-02-13,ORD-30621,Tiramisu,Desserts,3,8,24,9.0
2026-02-13,ORD-23318,Pepperoni Pizza,Pizza,3,18,54,18.0
2026-02-13,ORD-23921,Margherita Pizza,Pizza,4,15,60,20.0
2026-02-13,ORD-96244,Beef Burger,Burgers,1,14,14,6.0
2026-02-13,ORD-47371,Coffee,Drinks,3,4,12,3.0
2026-02-13,ORD-53799,Tiramisu,Desserts,2,8,16,6.0
2026-02-13,ORD-69381,Pepperoni Pizza,Pizza,2,18,36,12.0
2026-02-13,ORD-10687,Caesar Salad,Salads,2,12,24,8.0
2026-02-13,ORD-66015,Tiramisu,Desserts,2,8,16,6.0
2026-02-13,ORD-64390,Coffee,Drinks,2,4,8,2.0
2026-02-13,ORD-96208,Pepperoni Pizza,Pizza,3,18,54,18.0
2026-02-13,ORD-61257,Margherita Pizza,Pizza,4,15,60,20.0
2026-02-13,ORD-73742,Beef Burger,Burgers,2,14,28,12.0
2026-02-13,ORD-30253,Soda,Drinks,3,3,9,1.5
2026-02-13,ORD-28728,Margherita Pizza,Pizza,5,15,75,25.0
2026-02-13,ORD-79403,Chicken Wings,Appetizers,2,10,20,8.0
2026-02-13,ORD-51470,Margherita Pizza,Pizza,5,15,75,25.0
2026-02-13,ORD-19089,Beef Burger,Burgers,3,14,42,18.0
2026-02-13,ORD-62774,Chicken Wings,Appetizers,1,10,10,4.0
2026-02-13,ORD-69158,French Fries,Sides,1,5,5,1.5
2026-02-13,ORD-29536,Soda,Drinks,2,3,6,1.0
2026-02-13,ORD-20551,Pepperoni Pizza,Pizza,2,18,36,12.0
2026-02-13,ORD-76968,Margherita Pizza,Pizza,5,15,75,25.0
2026-02-13,ORD-60448,Beef Burger,Burgers,3,14,42,18.0
2026-02-13,ORD-82937,Coffee,Drinks,3,4,12,3.0
2026-02-13,ORD-73478,Pepperoni Pizza,Pizza,1,18,18,6.0
2026-02-13,ORD-94984,Soda,Drinks,2,3,6,1.0
2026-02-13,ORD-21409,Chicken Wings,Appetizers,1,10,10,4.0
2026-02-13,ORD-39660,Soda,Drinks,2,3,6,1.0
2026-02-13,ORD-25384,Caesar Salad,Salads,2,12,24,8.0
2026-02-13,ORD-13931,Beef Burger,Burgers,3,14,42,18.0
2026-02-13,ORD-61336,French Fries,Sides,3,5,15,4.5
2026-02-13,ORD-55311,Soda,Drinks,2,3,6,1.0
2026-02-13,ORD-11609,Soda,Drinks,1,3,3,0.5
2026-02-13,ORD-22640,Tiramisu,Desserts,2,8,16,6.0
2026-02-13,ORD-28190,Margherita Pizza,Pizza,4,15,60,20.0
2026-02-13,ORD-43832,Caesar Salad,Salads,2,12,24,8.0
2026-02-13,ORD-74797,Beef Burger,Burgers,3,14,42,18.0
2026-02-13,ORD-96959,Pepperoni Pizza,Pizza,2,18,36,12.0
2026-02-13,ORD-24895,Beef Burger,Burgers,2,14,28,12.0
2026-02-13,ORD-26983,French Fries,Sides,1,5,5,1.5
2026-02-13,ORD-17180,French Fries,Sides,1,5,5,1.5
2026-02-13,ORD-88472,French Fries,Sides,1,5,5,1.5
2026-02-13,ORD-70192,Coffee,Drinks,1,4,4,1.0
2026-02-13,ORD-19666,Chicken Wings,Appetizers,3,10,30,12.0
2026-02-13,ORD-13993,Bruschetta,Appetizers,1,7,7,2.5
2026-02-13,ORD-39541,Coffee,Drinks,3,4,12,3.0
2026-02-13,ORD-44761,Caesar Salad,Salads,1,12,12,4.0
2026-02-13,ORD-42202,Caesar Salad,Salads,3,12,36,12.0
2026-02-13,ORD-49003,French Fries,Sides,3,5,15,4.5
2026-02-13,ORD-45160,Caesar Salad,Salads,3,12,36,12.0
2026-02-13,ORD-77516,Chicken Wings,Appetizers,1,10,10,4.0
2026-02-13,ORD-61059,Beef Burger,Burgers,2,14,28,12.0
2026-02-13,ORD-79768,Bruschetta,Appetizers,1,7,7,2.5
2026-02-13,ORD-26548,Pepperoni Pizza,Pizza,2,18,36,12.0
2026-02-13,ORD-75007,Margherita Pizza,Pizza,5,15,75,25.0
2026-02-13,ORD-82917,Pepperoni Pizza,Pizza,3,18,54,18.0
2026-02-13,ORD-32421,Caesar Salad,Salads,1,12,12,4.0
2026-02-13,ORD-36745,Coffee,Drinks,2,4,8,2.0
2026-02-13,ORD-78714,Chicken Wings,Appetizers,3,10,30,12.0
2026-02-14,ORD-65541,Caesar Salad,Salads,2,12,24,8.0
2026-02-14,ORD-83491,Margherita Pizza,Pizza,4,15,60,20.0
2026-02-14,ORD-65701,Soda,Drinks,3,3,9,1.5
2026-02-14,ORD-66091,Margherita Pizza,Pizza,2,15,30,10.0
2026-02-14,ORD-20558,Bruschetta,Appetizers,1,7,7,2.5
2026-02-14,ORD-38968,Margherita Pizza,Pizza,3,15,45,15.0
2026-02-14,ORD-92733,Margherita Pizza,Pizza,4,15,60,20.0
2026-02-14,ORD-21778,Coffee,Drinks,3,4,12,3.0
2026-02-14,ORD-64867,Soda,Drinks,3,3,9,1.5
2026-02-14,ORD-81834,Bruschetta,Appetizers,1,7,7,2.5
2026-02-14,ORD-10488,Tiramisu,Desserts,1,8,8,3.0
2026-02-14,ORD-12847,Caesar Salad,Salads,1,12,12,4.0
2026-02-14,ORD-67162,Chicken Wings,Appetizers,2,10,20,8.0
2026-02-14,ORD-28193,Chicken Wings,Appetizers,1,10,10,4.0
2026-02-14,ORD-56826,Soda,Drinks,1,3,3,0.5
2026-02-14,ORD-41925,Chicken Wings,Appetizers,2,10,20,8.0
2026-02-14,ORD-89806,Soda,Drinks,1,3,3,0.5
2026-02-14,ORD-66501,Chicken Wings,Appetizers,1,10,10,4.0
2026-02-14,ORD-96064,Beef Burger,Burgers,1,14,14,6.0
2026-02-14,ORD-89338,Coffee,Drinks,2,4,8,2.0
2026-02-14,ORD-74911,Caesar Salad,Salads,1,12,12,4.0
2026-02-14,ORD-54892,Margherita Pizza,Pizza,5,15,75,25.0
2026-02-14,ORD-36845,Tiramisu,Desserts,2,8,16,6.0
2026-02-14,ORD-45022,Caesar Salad,Salads,2,12,24,8.0
2026-02-14,ORD-66786,Soda,Drinks,2,3,6,1.0
2026-02-14,ORD-96066,Caesar Salad,Salads,3,12,36,12.0
2026-02-14,ORD-44771,Caesar Salad,Salads,1,12,12,4.0
2026-02-14,ORD-58199,Soda,Drinks,1,3,3,0.5
2026-02-14,ORD-80055,Caesar Salad,Salads,3,12,36,12.0
2026-02-14,ORD-91561,Beef Burger,Burgers,3,14,42,18.0
2026-02-14,ORD-26889,Caesar Salad,Salads,3,12,36,12.0
2026-02-14,ORD-55259,Pepperoni Pizza,Pizza,1,18,18,6.0
2026-02-14,ORD-23624,Beef Burger,Burgers,1,14,14,6.0
2026-02-14,ORD-68149,Pepperoni Pizza,Pizza,3,18,54,18.0
2026-02-14,ORD-46098,Soda,Drinks,2,3,6,1.0
2026-02-14,ORD-17129,French Fries,Sides,2,5,10,3.0
2026-02-14,ORD-56447,French Fries,Sides,3,5,15,4.5
2026-02-14,ORD-12020,Soda,Drinks,3,3,9,1.5
2026-02-14,ORD-42377,Beef Burger,Burgers,2,14,28,12.0
2026-02-14,ORD-79495,Pepperoni Pizza,Pizza,2,18,36,12.0
2026-02-14,ORD-74658,Margherita Pizza,Pizza,2,15,30,10.0
2026-02-14,ORD-65910,Beef Burger,Burgers,2,14,28,12.0
2026-02-14,ORD-78669,Coffee,Drinks,2,4,8,2.0
2026-02-14,ORD-57164,Caesar Salad,Salads,3,12,36,12.0
2026-02-14,ORD-22236,Bruschetta,Appetizers,1,7,7,2.5
2026-02-14,ORD-56599,French Fries,Sides,2,5,10,3.0
2026-02-14,ORD-99454,Pepperoni Pizza,Pizza,3,18,54,18.0
2026-02-14,ORD-66948,Soda,Drinks,2,3,6,1.0
2026-02-14,ORD-92139,Beef Burger,Burgers,1,14,14,6.0
2026-02-14,ORD-28196,French Fries,Sides,1,5,5,1.5
2026-02-14,ORD-45791,French Fries,Sides,1,5,5,1.5
2026-02-14,ORD-86049,Soda,Drinks,3,3,9,1.5
2026-02-14,ORD-96576,Soda,Drinks,3,3,9,1.5
2026-02-14,ORD-98978,Coffee,Drinks,1,4,4,1.0
2026-02-14,ORD-75317,Coffee,Drinks,3,4,12,3.0
2026-02-14,ORD-35264,Tiramisu,Desserts,3,8,24,9.0
2026-02-14,ORD-46487,Beef Burger,Burgers,2,14,28,12.0
2026-02-14,ORD-68453,Coffee,Drinks,2,4,8,2.0
2026-02-14,ORD-89707,Caesar Salad,Salads,3,12,36,12.0
2026-02-14,ORD-10470,Beef Burger,Burgers,3,14,42,18.0
2026-02-14,ORD-74196,Soda,Drinks,2,3,6,1.0
2026-02-14,ORD-30844,Soda,Drinks,3,3,9,1.5
2026-02-14,ORD-97025,Pepperoni Pizza,Pizza,2,18,36,12.0
2026-02-14,ORD-55361,Caesar Salad,Salads,3,12,36,12.0
2026-02-14,ORD-55702,Soda,Drinks,2,3,6,1.0
2026-02-14,ORD-94441,Margherita Pizza,Pizza,3,15,45,15.0
2026-02-14,ORD-62877,Chicken Wings,Appetizers,1,10,10,4.0
2026-02-14,ORD-78309,Caesar Salad,Salads,3,12,36,12.0
2026-02-14,ORD-74184,French Fries,Sides,3,5,15,4.5
2026-02-14,ORD-82536,Margherita Pizza,Pizza,5,15,75,25.0
2026-02-14,ORD-99967,French Fries,Sides,1,5,5,1.5
2026-02-14,ORD-36399,Chicken Wings,Appetizers,1,10,10,4.0
2026-02-14,ORD-11650,Tiramisu,Desserts,3,8,24,9.0
2026-02-14,ORD-88326,French Fries,Sides,1,5,5,1.5
2026-02-14,ORD-25085,French Fries,Sides,2,5,10,3.0
2026-02-14,ORD-14691,Pepperoni Pizza,Pizza,1,18,18,6.0
2026-02-14,ORD-88754,Caesar Salad,Salads,2,12,24,8.0
2026-02-14,ORD-54710,Pepperoni Pizza,Pizza,2,18,36,12.0
2026-02-14,ORD-17700,Chicken Wings,Appetizers,1,10,10,4.0
2026-02-14,ORD-20667,Pepperoni Pizza,Pizza,1,18,18,6.0
2026-02-14,ORD-57675,Soda,Drinks,3,3,9,1.5
2026-02-14,ORD-36223,Soda,Drinks,2,3,6,1.0
2026-02-14,ORD-73602,French Fries,Sides,1,5,5,1.5
2026-02-14,ORD-68442,Tiramisu,Desserts,3,8,24,9.0
2026-02-14,ORD-17409,Beef Burger,Burgers,3,14,42,18.0
2026-02-14,ORD-77096,Beef Burger,Burgers,2,14,28,12.0
2026-02-14,ORD-30616,Bruschetta,Appetizers,1,7,7,2.5
2026-02-14,ORD-77201,Tiramisu,Desserts,3,8,24,9.0
2026-02-14,ORD-28107,Coffee,Drinks,3,4,12,3.0
2026-02-14,ORD-41986,Caesar Salad,Salads,3,12,36,12.0
2026-02-14,ORD-90621,Caesar Salad,Salads,1,12,12,4.0
2026-02-14,ORD-63669,Coffee,Drinks,2,4,8,2.0
2026-02-14,ORD-87305,Soda,Drinks,1,3,3,0.5
2026-02-14,ORD-74969,Chicken Wings,Appetizers,1,10,10,4.0
2026-02-14,ORD-26772,Chicken Wings,Appetizers,3,10,30,12.0
2026-02-14,ORD-99821,Caesar Salad,Salads,3,12,36,12.0
2026-02-14,ORD-30066,Beef Burger,Burgers,1,14,14,6.0
2026-02-14,ORD-66962,Chicken Wings,Appetizers,2,10,20,8.0
2026-02-14,ORD-70118,Beef Burger,Burgers,1,14,14,6.0
2026-02-14,ORD-35450,Beef Burger,Burgers,3,14,42,18.0
2026-02-14,ORD-61581,Soda,Drinks,1,3,3,0.5
2026-02-14,ORD-56792,Bruschetta,Appetizers,1,7,7,2.5
2026-02-14,ORD-49072,Tiramisu,Desserts,2,8,16,6.0
2026-02-14,ORD-93939,Chicken Wings,Appetizers,1,10,10,4.0
2026-02-14,ORD-45188,Bruschetta,Appetizers,1,7,7,2.5
2026-02-14,ORD-95299,Bruschetta,Appetizers,1,7,7,2.5
2026-02-14,ORD-98504,Pepperoni Pizza,Pizza,2,18,36,12.0
2026-02-14,ORD-44908,Caesar Salad,Salads,1,12,12,4.0
2026-02-14,ORD-34841,Soda,Drinks,3,3,9,1.5
2026-02-14,ORD-88562,Chicken Wings,Appetizers,3,10,30,12.0
2026-02-14,ORD-16165,Coffee,Drinks,2,4,8,2.0
2026-02-14,ORD-21428,Margherita Pizza,Pizza,5,15,75,25.0
2026-02-14,ORD-53190,Pepperoni Pizza,Pizza,1,18,18,6.0
2026-02-14,ORD-29309,French Fries,Sides,1,5,5,1.5
2026-02-14,ORD-86902,Margherita Pizza,Pizza,4,15,60,20.0
2026-02-14,ORD-65867,Bruschetta,Appetizers,1,7,7,2.5
2026-02-14,ORD-16697,Chicken Wings,Appetizers,3,10,30,12.0
2026-02-14,ORD-15840,Margherita Pizza,Pizza,4,15,60,20.0
2026-02-14,ORD-17508,Coffee,Drinks,3,4,12,3.0
2026-02-14,ORD-32206,Caesar Salad,Salads,1,12,12,4.0
2026-02-14,ORD-50987,Caesar Salad,Salads,3,12,36,12.0
2026-02-14,ORD-37875,Caesar Salad,Salads,2,12,24,8.0
2026-02-14,ORD-31601,Beef Burger,Burgers,3,14,42,18.0
2026-02-14,ORD-13308,Coffee,Drinks,1,4,4,1.0
2026-02-14,ORD-45158,Coffee,Drinks,1,4,4,1.0
2026-02-14,ORD-61455,Pepperoni Pizza,Pizza,3,18,54,18.0
2026-02-14,ORD-89063,Beef Burger,Burgers,1,14,14,6.0
2026-02-14,ORD-37257,Pepperoni Pizza,Pizza,1,18,18,6.0
2026-02-14,ORD-46034,Tiramisu,Desserts,3,8,24,9.0
2026-02-14,ORD-96876,Tiramisu,Desserts,3,8,24,9.0
2026-02-14,ORD-13643,Pepperoni Pizza,Pizza,2,18,36,12.0
2026-02-14,ORD-84032,Caesar Salad,Salads,1,12,12,4.0
2026-02-14,ORD-82358,Pepperoni Pizza,Pizza,2,18,36,12.0
2026-02-14,ORD-90318,Margherita Pizza,Pizza,4,15,60,20.0
2026-02-14,ORD-97935,Soda,Drinks,1,3,3,0.5
2026-02-14,ORD-55729,Pepperoni Pizza,Pizza,3,18,54,18.0
2026-02-14,ORD-59542,French Fries,Sides,2,5,10,3.0
2026-02-15,ORD-56544,Beef Burger,Burgers,3,14,42,18.0
2026-02-15,ORD-26064,Soda,Drinks,3,3,9,1.5
2026-02-15,ORD-66571,Tiramisu,Desserts,1,8,8,3.0
2026-02-15,ORD-94789,Pepperoni Pizza,Pizza,3,18,54,18.0
2026-02-15,ORD-41944,Coffee,Drinks,1,4,4,1.0
2026-02-15,ORD-30047,Margherita Pizza,Pizza,5,15,75,25.0
2026-02-15,ORD-73613,Margherita Pizza,Pizza,5,15,75,25.0
2026-02-15,ORD-56241,Margherita Pizza,Pizza,5,15,75,25.0
2026-02-15,ORD-30169,Chicken Wings,Appetizers,1,10,10,4.0
2026-02-15,ORD-11937,Caesar Salad,Salads,1,12,12,4.0
2026-02-15,ORD-47980,Beef Burger,Burgers,3,14,42,18.0
2026-02-15,ORD-16682,Soda,Drinks,3,3,9,1.5
2026-02-15,ORD-35655,Coffee,Drinks,2,4,8,2.0
2026-02-15,ORD-56304,Chicken Wings,Appetizers,3,10,30,12.0
2026-02-15,ORD-52791,Bruschetta,Appetizers,1,7,7,2.5
2026-02-15,ORD-29927,Tiramisu,Desserts,2,8,16,6.0
2026-02-15,ORD-23149,Margherita Pizza,Pizza,2,15,30,10.0
2026-02-15,ORD-53498,Beef Burger,Burgers,1,14,14,6.0
2026-02-15,ORD-49843,Caesar Salad,Salads,3,12,36,12.0
2026-02-15,ORD-69807,Chicken Wings,Appetizers,1,10,10,4.0
2026-02-15,ORD-66549,Soda,Drinks,2,3,6,1.0
2026-02-15,ORD-26600,Tiramisu,Desserts,3,8,24,9.0
2026-02-15,ORD-30412,Soda,Drinks,3,3,9,1.5
2026-02-15,ORD-97112,Tiramisu,Desserts,1,8,8,3.0
2026-02-15,ORD-51829,Pepperoni Pizza,Pizza,3,18,54,18.0
2026-02-15,ORD-42908,French Fries,Sides,2,5,10,3.0
2026-02-15,ORD-43083,Soda,Drinks,1,3,3,0.5
2026-02-15,ORD-51294,Coffee,Drinks,2,4,8,2.0
2026-02-15,ORD-53477,Tiramisu,Desserts,2,8,16,6.0
2026-02-15,ORD-40185,Bruschetta,Appetizers,1,7,7,2.5
2026-02-15,ORD-89586,Tiramisu,Desserts,1,8,8,3.0
2026-02-15,ORD-47993,Margherita Pizza,Pizza,5,15,75,25.0
2026-02-15,ORD-90811,Margherita Pizza,Pizza,2,15,30,10.0
2026-02-15,ORD-70726,Beef Burger,Burgers,2,14,28,12.0
2026-02-15,ORD-38634,Pepperoni Pizza,Pizza,3,18,54,18.0
2026-02-15,ORD-25119,Margherita Pizza,Pizza,5,15,75,25.0
2026-02-15,ORD-24183,Soda,Drinks,3,3,9,1.5
2026-02-15,ORD-42502,French Fries,Sides,1,5,5,1.5
2026-02-15,ORD-43354,Soda,Drinks,2,3,6,1.0
2026-02-15,ORD-28094,Beef Burger,Burgers,2,14,28,12.0
2026-02-15,ORD-47057,Tiramisu,Desserts,3,8,24,9.0
2026-02-15,ORD-17000,Tiramisu,Desserts,2,8,16,6.0
2026-02-15,ORD-43690,Caesar Salad,Salads,1,12,12,4.0
2026-02-15,ORD-41959,Margherita Pizza,Pizza,3,15,45,15.0
2026-02-15,ORD-30032,Beef Burger,Burgers,3,14,42,18.0
2026-02-15,ORD-75077,Chicken Wings,Appetizers,1,10,10,4.0
2026-02-15,ORD-60696,French Fries,Sides,2,5,10,3.0
2026-02-15,ORD-28499,Pepperoni Pizza,Pizza,3,18,54,18.0
2026-02-15,ORD-72009,French Fries,Sides,3,5,15,4.5
2026-02-15,ORD-37953,French Fries,Sides,3,5,15,4.5
2026-02-15,ORD-23767,Beef Burger,Burgers,2,14,28,12.0
2026-02-15,ORD-82892,Coffee,Drinks,1,4,4,1.0
2026-02-15,ORD-44721,Soda,Drinks,2,3,6,1.0
2026-02-15,ORD-35983,Chicken Wings,Appetizers,2,10,20,8.0
2026-02-15,ORD-32517,Margherita Pizza,Pizza,4,15,60,20.0
2026-02-15,ORD-51928,Caesar Salad,Salads,1,12,12,4.0
2026-02-15,ORD-90982,Soda,Drinks,2,3,6,1.0
2026-02-15,ORD-75345,Coffee,Drinks,3,4,12,3.0
2026-02-15,ORD-23469,French Fries,Sides,1,5,5,1.5
2026-02-15,ORD-23254,Caesar Salad,Salads,1,12,12,4.0
2026-02-15,ORD-20612,Beef Burger,Burgers,3,14,42,18.0
2026-02-15,ORD-80693,French Fries,Sides,3,5,15,4.5
2026-02-15,ORD-22309,Coffee,Drinks,1,4,4,1.0
2026-02-15,ORD-15548,French Fries,Sides,3,5,15,4.5
2026-02-15,ORD-50235,Margherita Pizza,Pizza,2,15,30,10.0
2026-02-15,ORD-58025,Chicken Wings,Appetizers,1,10,10,4.0
2026-02-15,ORD-29932,French Fries,Sides,2,5,10,3.0
2026-02-15,ORD-24830,French Fries,Sides,3,5,15,4.5
2026-02-15,ORD-85163,French Fries,Sides,3,5,15,4.5
2026-02-15,ORD-21485,Caesar Salad,Salads,2,12,24,8.0
2026-02-15,ORD-90599,Caesar Salad,Salads,2,12,24,8.0
2026-02-15,ORD-92220,Coffee,Drinks,1,4,4,1.0
2026-02-15,ORD-12724,Soda,Drinks,3,3,9,1.5
2026-02-15,ORD-21389,Chicken Wings,Appetizers,3,10,30,12.0
2026-02-15,ORD-21499,Margherita Pizza,Pizza,2,15,30,10.0
2026-02-15,ORD-30607,Coffee,Drinks,2,4,8,2.0
2026-02-15,ORD-15552,Pepperoni Pizza,Pizza,2,18,36,12.0
2026-02-15,ORD-58632,French Fries,Sides,1,5,5,1.5
2026-02-15,ORD-65896,French Fries,Sides,1,5,5,1.5
2026-02-15,ORD-40969,Margherita Pizza,Pizza,2,15,30,10.0
2026-02-15,ORD-92458,French Fries,Sides,1,5,5,1.5
2026-02-15,ORD-26587,Caesar Salad,Salads,3,12,36,12.0
2026-02-15,ORD-66444,French Fries,Sides,3,5,15,4.5
2026-02-15,ORD-88198,Caesar Salad,Salads,3,12,36,12.0
2026-02-15,ORD-64228,Margherita Pizza,Pizza,2,15,30,10.0
2026-02-15,ORD-18450,Coffee,Drinks,1,4,4,1.0
2026-02-15,ORD-59392,French Fries,Sides,2,5,10,3.0
2026-02-15,ORD-69247,Caesar Salad,Salads,3,12,36,12.0
2026-02-15,ORD-16242,Pepperoni Pizza,Pizza,2,18,36,12.0
2026-02-15,ORD-84659,Caesar Salad,Salads,3,12,36,12.0
2026-02-15,ORD-93219,Bruschetta,Appetizers,1,7,7,2.5
2026-02-15,ORD-91319,Pepperoni Pizza,Pizza,1,18,18,6.0
2026-02-15,ORD-77880,Chicken Wings,Appetizers,2,10,20,8.0
2026-02-15,ORD-76280,French Fries,Sides,2,5,10,3.0
2026-02-15,ORD-67786,Pepperoni Pizza,Pizza,2,18,36,12.0
2026-02-15,ORD-74122,Coffee,Drinks,2,4,8,2.0
2026-02-15,ORD-36278,Caesar Salad,Salads,3,12,36,12.0
2026-02-15,ORD-87735,Bruschetta,Appetizers,1,7,7,2.5
2026-02-15,ORD-60855,Caesar Salad,Salads,3,12,36,12.0
2026-02-15,ORD-71279,Pepperoni Pizza,Pizza,2,18,36,12.0
2026-02-15,ORD-22663,Bruschetta,Appetizers,1,7,7,2.5
2026-02-15,ORD-31129,Tiramisu,Desserts,3,8,24,9.0
2026-02-15,ORD-63407,Bruschetta,Appetizers,1,7,7,2.5
2026-02-15,ORD-37198,Soda,Drinks,2,3,6,1.0
2026-02-15,ORD-43929,Caesar Salad,Salads,2,12,24,8.0
2026-02-15,ORD-70424,Beef Burger,Burgers,2,14,28,12.0
2026-02-15,ORD-23750,Tiramisu,Desserts,2,8,16,6.0
2026-02-16,ORD-38726,Chicken Wings,Appetizers,1,10,10,4.0
2026-02-16,ORD-57460,French Fries,Sides,3,5,15,4.5
2026-02-16,ORD-35026,Caesar Salad,Salads,1,12,12,4.0
2026-02-16,ORD-22048,Margherita Pizza,Pizza,2,15,30,10.0
2026-02-16,ORD-59319,Beef Burger,Burgers,3,14,42,18.0
2026-02-16,ORD-15203,Pepperoni Pizza,Pizza,3,18,54,18.0
2026-02-16,ORD-73575,Soda,Drinks,2,3,6,1.0
2026-02-16,ORD-70179,Beef Burger,Burgers,1,14,14,6.0
2026-02-16,ORD-74701,Margherita Pizza,Pizza,3,15,45,15.0
2026-02-16,ORD-14921,French Fries,Sides,2,5,10,3.0
2026-02-16,ORD-40768,Caesar Salad,Salads,3,12,36,12.0
2026-02-16,ORD-38827,Tiramisu,Desserts,3,8,24,9.0
2026-02-16,ORD-31222,Coffee,Drinks,3,4,12,3.0
2026-02-16,ORD-79363,French Fries,Sides,1,5,5,1.5
2026-02-16,ORD-24617,Chicken Wings,Appetizers,3,10,30,12.0
2026-02-16,ORD-61382,Chicken Wings,Appetizers,1,10,10,4.0
2026-02-16,ORD-92682,Chicken Wings,Appetizers,3,10,30,12.0
2026-02-16,ORD-33682,Beef Burger,Burgers,3,14,42,18.0
2026-02-16,ORD-23192,Soda,Drinks,3,3,9,1.5
2026-02-16,ORD-93666,Soda,Drinks,1,3,3,0.5
2026-02-16,ORD-63854,Soda,Drinks,2,3,6,1.0
2026-02-16,ORD-90450,Caesar Salad,Salads,2,12,24,8.0
2026-02-16,ORD-84664,Tiramisu,Desserts,1,8,8,3.0
2026-02-16,ORD-76792,Caesar Salad,Salads,2,12,24,8.0
2026-02-16,ORD-44331,Caesar Salad,Salads,3,12,36,12.0
2026-02-16,ORD-79949,Pepperoni Pizza,Pizza,2,18,36,12.0
2026-02-16,ORD-17308,Beef Burger,Burgers,1,14,14,6.0
2026-02-16,ORD-32179,Beef Burger,Burgers,1,14,14,6.0
2026-02-16,ORD-43138,Beef Burger,Burgers,1,14,14,6.0
2026-02-16,ORD-39757,French Fries,Sides,2,5,10,3.0
2026-02-16,ORD-50910,Beef Burger,Burgers,3,14,42,18.0
2026-02-16,ORD-57831,Soda,Drinks,1,3,3,0.5
2026-02-16,ORD-54702,Soda,Drinks,2,3,6,1.0
2026-02-16,ORD-91901,Beef Burger,Burgers,3,14,42,18.0
2026-02-16,ORD-73432,Chicken Wings,Appetizers,3,10,30,12.0
2026-02-16,ORD-88690,Chicken Wings,Appetizers,2,10,20,8.0
2026-02-16,ORD-87330,Chicken Wings,Appetizers,2,10,20,8.0
2026-02-16,ORD-47015,Caesar Salad,Salads,1,12,12,4.0
2026-02-16,ORD-97475,French Fries,Sides,3,5,15,4.5
2026-02-16,ORD-45670,Beef Burger,Burgers,1,14,14,6.0
2026-02-16,ORD-94245,Pepperoni Pizza,Pizza,1,18,18,6.0
2026-02-16,ORD-65191,Bruschetta,Appetizers,1,7,7,2.5
2026-02-16,ORD-25947,Caesar Salad,Salads,3,12,36,12.0
2026-02-16,ORD-20205,Soda,Drinks,2,3,6,1.0
2026-02-16,ORD-37653,Tiramisu,Desserts,1,8,8,3.0
2026-02-16,ORD-74560,Tiramisu,Desserts,3,8,24,9.0
2026-02-16,ORD-26193,Caesar Salad,Salads,1,12,12,4.0
2026-02-16,ORD-80430,Margherita Pizza,Pizza,2,15,30,10.0
2026-02-16,ORD-90687,Tiramisu,Desserts,1,8,8,3.0
2026-02-16,ORD-98832,Beef Burger,Burgers,3,14,42,18.0
2026-02-17,ORD-25796,Chicken Wings,Appetizers,1,10,10,4.0
2026-02-17,ORD-11848,Pepperoni Pizza,Pizza,2,18,36,12.0
2026-02-17,ORD-15156,Bruschetta,Appetizers,1,7,7,2.5
2026-02-17,ORD-60323,Beef Burger,Burgers,1,14,14,6.0
2026-02-17,ORD-61742,Margherita Pizza,Pizza,5,15,75,25.0
2026-02-17,ORD-30751,Margherita Pizza,Pizza,3,15,45,15.0
2026-02-17,ORD-88217,Coffee,Drinks,2,4,8,2.0
2026-02-17,ORD-81270,Margherita Pizza,Pizza,4,15,60,20.0
2026-02-17,ORD-24689,Bruschetta,Appetizers,1,7,7,2.5
2026-02-17,ORD-40519,Beef Burger,Burgers,1,14,14,6.0
2026-02-17,ORD-73000,Coffee,Drinks,2,4,8,2.0
2026-02-17,ORD-91156,Coffee,Drinks,2,4,8,2.0
2026-02-17,ORD-23818,Caesar Salad,Salads,1,12,12,4.0
2026-02-17,ORD-10731,Coffee,Drinks,2,4,8,2.0
2026-02-17,ORD-56053,Beef Burger,Burgers,3,14,42,18.0
2026-02-17,ORD-87241,Caesar Salad,Salads,3,12,36,12.0
2026-02-17,ORD-99433,Beef Burger,Burgers,1,14,14,6.0
2026-02-17,ORD-11723,Soda,Drinks,2,3,6,1.0
2026-02-17,ORD-38515,Soda,Drinks,2,3,6,1.0
2026-02-17,ORD-83477,Coffee,Drinks,2,4,8,2.0
2026-02-17,ORD-78138,Coffee,Drinks,1,4,4,1.0
2026-02-17,ORD-25503,Chicken Wings,Appetizers,2,10,20,8.0
2026-02-17,ORD-34680,Beef Burger,Burgers,1,14,14,6.0
2026-02-17,ORD-55249,Coffee,Drinks,1,4,4,1.0
2026-02-17,ORD-35627,Soda,Drinks,2,3,6,1.0
2026-02-17,ORD-81373,French Fries,Sides,3,5,15,4.5
2026-02-17,ORD-82288,Tiramisu,Desserts,1,8,8,3.0
2026-02-17,ORD-59304,French Fries,Sides,3,5,15,4.5
2026-02-17,ORD-67546,Pepperoni Pizza,Pizza,1,18,18,6.0
2026-02-17,ORD-53972,Tiramisu,Desserts,3,8,24,9.0
2026-02-17,ORD-82961,Beef Burger,Burgers,1,14,14,6.0
2026-02-17,ORD-91807,French Fries,Sides,2,5,10,3.0
2026-02-17,ORD-96183,Tiramisu,Desserts,3,8,24,9.0
2026-02-17,ORD-28703,Chicken Wings,Appetizers,3,10,30,12.0
2026-02-17,ORD-95539,Beef Burger,Burgers,2,14,28,12.0
2026-02-17,ORD-44578,French Fries,Sides,3,5,15,4.5
2026-02-17,ORD-94188,Coffee,Drinks,2,4,8,2.0
2026-02-17,ORD-71025,Pepperoni Pizza,Pizza,3,18,54,18.0
2026-02-17,ORD-70461,French Fries,Sides,3,5,15,4.5
2026-02-18,ORD-86144,Pepperoni Pizza,Pizza,2,18,36,12.0
2026-02-18,ORD-19690,Margherita Pizza,Pizza,2,15,30,10.0
2026-02-18,ORD-62066,Caesar Salad,Salads,1,12,12,4.0
2026-02-18,ORD-82615,Caesar Salad,Salads,3,12,36,12.0
2026-02-18,ORD-25029,Margherita Pizza,Pizza,5,15,75,25.0
2026-02-18,ORD-82916,Chicken Wings,Appetizers,3,10,30,12.0
2026-02-18,ORD-34142,Margherita Pizza,Pizza,2,15,30,10.0
2026-02-18,ORD-52022,Tiramisu,Desserts,3,8,24,9.0
2026-02-18,ORD-37103,Beef Burger,Burgers,1,14,14,6.0
2026-02-18,ORD-25649,Chicken Wings,Appetizers,3,10,30,12.0
2026-02-18,ORD-38728,Coffee,Drinks,3,4,12,3.0
2026-02-18,ORD-87182,Coffee,Drinks,1,4,4,1.0
2026-02-18,ORD-99948,Pepperoni Pizza,Pizza,1,18,18,6.0
2026-02-18,ORD-93077,Beef Burger,Burgers,2,14,28,12.0
2026-02-18,ORD-77308,Beef Burger,Burgers,2,14,28,12.0
2026-02-18,ORD-93051,Beef Burger,Burgers,2,14,28,12.0
2026-02-18,ORD-98961,Beef Burger,Burgers,2,14,28,12.0
2026-02-18,ORD-56837,French Fries,Sides,3,5,15,4.5
2026-02-18,ORD-50723,Soda,Drinks,3,3,9,1.5
2026-02-18,ORD-97799,Soda,Drinks,2,3,6,1.0
2026-02-18,ORD-48804,Coffee,Drinks,3,4,12,3.0
2026-02-18,ORD-39227,Beef Burger,Burgers,1,14,14,6.0
2026-02-18,ORD-13042,French Fries,Sides,1,5,5,1.5
2026-02-18,ORD-71862,Beef Burger,Burgers,3,14,42,18.0
2026-02-18,ORD-43079,Tiramisu,Desserts,3,8,24,9.0
2026-02-18,ORD-26307,Bruschetta,Appetizers,1,7,7,2.5
2026-02-18,ORD-41418,Beef Burger,Burgers,2,14,28,12.0
2026-02-18,ORD-80485,Beef Burger,Burgers,1,14,14,6.0
2026-02-18,ORD-75492,Beef Burger,Burgers,1,14,14,6.0
2026-02-18,ORD-65857,Tiramisu,Desserts,2,8,16,6.0
2026-02-18,ORD-72539,French Fries,Sides,3,5,15,4.5
2026-02-19,ORD-50475,Pepperoni Pizza,Pizza,2,18,36,12.0
2026-02-19,ORD-76567,French Fries,Sides,3,5,15,4.5
2026-02-19,ORD-28025,Chicken Wings,Appetizers,1,10,10,4.0
2026-02-19,ORD-67263,Coffee,Drinks,1,4,4,1.0
2026-02-19,ORD-91922,French Fries,Sides,2,5,10,3.0
2026-02-19,ORD-84086,Coffee,Drinks,2,4,8,2.0
2026-02-19,ORD-72342,Soda,Drinks,2,3,6,1.0
2026-02-19,ORD-60963,Tiramisu,Desserts,1,8,8,3.0
2026-02-19,ORD-17313,Tiramisu,Desserts,1,8,8,3.0
2026-02-19,ORD-38090,French Fries,Sides,2,5,10,3.0
2026-02-19,ORD-11431,Soda,Drinks,1,3,3,0.5
2026-02-19,ORD-81752,French Fries,Sides,3,5,15,4.5
2026-02-19,ORD-89898,Margherita Pizza,Pizza,2,15,30,10.0
2026-02-19,ORD-95512,Margherita Pizza,Pizza,2,15,30,10.0
2026-02-19,ORD-64177,Beef Burger,Burgers,3,14,42,18.0
2026-02-19,ORD-11644,Beef Burger,Burgers,1,14,14,6.0
2026-02-19,ORD-19719,Soda,Drinks,2,3,6,1.0
2026-02-19,ORD-74588,Caesar Salad,Salads,2,12,24,8.0
2026-02-19,ORD-41995,Tiramisu,Desserts,2,8,16,6.0
2026-02-19,ORD-45739,Coffee,Drinks,1,4,4,1.0
2026-02-19,ORD-25897,French Fries,Sides,1,5,5,1.5
2026-02-19,ORD-19615,Pepperoni Pizza,Pizza,2,18,36,12.0
2026-02-19,ORD-33671,Margherita Pizza,Pizza,2,15,30,10.0
2026-02-19,ORD-93125,Beef Burger,Burgers,2,14,28,12.0
2026-02-19,ORD-38819,Pepperoni Pizza,Pizza,2,18,36,12.0
2026-02-19,ORD-67242,Chicken Wings,Appetizers,1,10,10,4.0
2026-02-19,ORD-68469,Soda,Drinks,1,3,3,0.5
2026-02-19,ORD-83060,Soda,Drinks,1,3,3,0.5
2026-02-19,ORD-44660,Caesar Salad,Salads,1,12,12,4.0
2026-02-19,ORD-89673,French Fries,Sides,3,5,15,4.5
2026-02-20,ORD-76345,Chicken Wings,Appetizers,3,10,30,12.0
2026-02-20,ORD-58070,Beef Burger,Burgers,3,14,42,18.0
2026-02-20,ORD-46976,Chicken Wings,Appetizers,2,10,20,8.0
2026-02-20,ORD-41593,Pepperoni Pizza,Pizza,2,18,36,12.0
2026-02-20,ORD-34190,Caesar Salad,Salads,1,12,12,4.0
2026-02-20,ORD-59346,Chicken Wings,Appetizers,2,10,20,8.0
2026-02-20,ORD-94279,Chicken Wings,Appetizers,3,10,30,12.0
2026-02-20,ORD-44626,Bruschetta,Appetizers,1,7,7,2.5
2026-02-20,ORD-77517,French Fries,Sides,2,5,10,3.0
2026-02-20,ORD-99157,Pepperoni Pizza,Pizza,2,18,36,12.0
2026-02-20,ORD-66172,Tiramisu,Desserts,3,8,24,9.0
2026-02-20,ORD-75435,Beef Burger,Burgers,3,14,42,18.0
2026-02-20,ORD-29587,Soda,Drinks,1,3,3,0.5
2026-02-20,ORD-55475,Tiramisu,Desserts,2,8,16,6.0
2026-02-20,ORD-82525,Caesar Salad,Salads,1,12,12,4.0
2026-02-20,ORD-89391,Margherita Pizza,Pizza,2,15,30,10.0
2026-02-20,ORD-65276,Soda,Drinks,2,3,6,1.0
2026-02-20,ORD-56354,Pepperoni Pizza,Pizza,1,18,18,6.0
2026-02-20,ORD-12789,French Fries,Sides,2,5,10,3.0
2026-02-20,ORD-47852,Caesar Salad,Salads,1,12,12,4.0
2026-02-20,ORD-62981,Pepperoni Pizza,Pizza,2,18,36,12.0
2026-02-20,ORD-55860,Caesar Salad,Salads,3,12,36,12.0
2026-02-20,ORD-38148,Tiramisu,Desserts,2,8,16,6.0
2026-02-20,ORD-47461,Coffee,Drinks,3,4,12,3.0
2026-02-20,ORD-79146,French Fries,Sides,2,5,10,3.0
2026-02-20,ORD-78749,Coffee,Drinks,3,4,12,3.0
2026-02-20,ORD-70735,Margherita Pizza,Pizza,5,15,75,25.0
2026-02-20,ORD-37841,French Fries,Sides,1,5,5,1.5
2026-02-20,ORD-23082,Caesar Salad,Salads,1,12,12,4.0
2026-02-20,ORD-22134,French Fries,Sides,2,5,10,3.0
2026-02-20,ORD-16900,Chicken Wings,Appetizers,2,10,20,8.0
2026-02-20,ORD-15183,Beef Burger,Burgers,1,14,14,6.0
2026-02-20,ORD-90070,Tiramisu,Desserts,1,8,8,3.0
2026-02-20,ORD-35350,Caesar Salad,Salads,1,12,12,4.0
2026-02-20,ORD-27111,French Fries,Sides,3,5,15,4.5
2026-02-20,ORD-21601,Tiramisu,Desserts,2,8,16,6.0
2026-02-20,ORD-64402,French Fries,Sides,2,5,10,3.0
2026-02-20,ORD-94577,Beef Burger,Burgers,1,14,14,6.0
2026-02-20,ORD-13366,Pepperoni Pizza,Pizza,2,18,36,12.0
2026-02-20,ORD-75123,Tiramisu,Desserts,3,8,24,9.0
2026-02-20,ORD-69839,Margherita Pizza,Pizza,4,15,60,20.0
2026-02-20,ORD-33717,Pepperoni Pizza,Pizza,3,18,54,18.0
2026-02-20,ORD-72443,Bruschetta,Appetizers,1,7,7,2.5
2026-02-20,ORD-15065,Chicken Wings,Appetizers,2,10,20,8.0
2026-02-20,ORD-11817,Tiramisu,Desserts,1,8,8,3.0
2026-02-20,ORD-50041,French Fries,Sides,1,5,5,1.5
2026-02-20,ORD-26651,Soda,Drinks,2,3,6,1.0
2026-02-20,ORD-63157,Chicken Wings,Appetizers,1,10,10,4.0
2026-02-20,ORD-55857,Margherita Pizza,Pizza,2,15,30,10.0
2026-02-20,ORD-19331,Tiramisu,Desserts,1,8,8,3.0
2026-02-20,ORD-93075,Margherita Pizza,Pizza,2,15,30,10.0
2026-02-20,ORD-53242,Margherita Pizza,Pizza,2,15,30,10.0
2026-02-20,ORD-49115,Beef Burger,Burgers,1,14,14,6.0
2026-02-20,ORD-40561,Tiramisu,Desserts,3,8,24,9.0
2026-02-20,ORD-15141,Chicken Wings,Appetizers,1,10,10,4.0
2026-02-20,ORD-28452,Beef Burger,Burgers,3,14,42,18.0
2026-02-20,ORD-85425,Tiramisu,Desserts,1,8,8,3.0
2026-02-20,ORD-23015,Caesar Salad,Salads,3,12,36,12.0
2026-02-20,ORD-84715,Soda,Drinks,3,3,9,1.5
2026-02-20,ORD-57395,Beef Burger,Burgers,3,14,42,18.0
2026-02-20,ORD-55437,Coffee,Drinks,3,4,12,3.0
2026-02-20,ORD-13280,Coffee,Drinks,2,4,8,2.0
2026-02-20,ORD-34163,Caesar Salad,Salads,2,12,24,8.0
2026-02-20,ORD-40103,Tiramisu,Desserts,1,8,8,3.0
2026-02-20,ORD-27988,Margherita Pizza,Pizza,3,15,45,15.0
2026-02-20,ORD-96206,Chicken Wings,Appetizers,3,10,30,12.0
2026-02-20,ORD-48962,Coffee,Drinks,2,4,8,2.0
2026-02-20,ORD-59492,Caesar Salad,Salads,1,12,12,4.0
2026-02-20,ORD-83972,Beef Burger,Burgers,1,14,14,6.0
2026-02-20,ORD-32693,Beef Burger,Burgers,1,14,14,6.0
2026-02-20,ORD-37966,Margherita Pizza,Pizza,5,15,75,25.0
2026-02-20,ORD-70954,Beef Burger,Burgers,2,14,28,12.0
2026-02-20,ORD-93888,Tiramisu,Desserts,1,8,8,3.0
2026-02-20,ORD-70206,French Fries,Sides,1,5,5,1.5
2026-02-20,ORD-62364,Caesar Salad,Salads,2,12,24,8.0
2026-02-20,ORD-22648,Margherita Pizza,Pizza,4,15,60,20.0
2026-02-20,ORD-95191,Coffee,Drinks,2,4,8,2.0
2026-02-20,ORD-21022,Pepperoni Pizza,Pizza,3,18,54,18.0
2026-02-20,ORD-35352,Caesar Salad,Salads,3,12,36,12.0
2026-02-20,ORD-58074,Caesar Salad,Salads,3,12,36,12.0
2026-02-20,ORD-85377,French Fries,Sides,3,5,15,4.5
2026-02-20,ORD-83955,Coffee,Drinks,1,4,4,1.0
2026-02-20,ORD-14789,Pepperoni Pizza,Pizza,2,18,36,12.0
2026-02-20,ORD-57323,Beef Burger,Burgers,3,14,42,18.0
2026-02-21,ORD-20375,French Fries,Sides,3,5,15,4.5
2026-02-21,ORD-84095,Soda,Drinks,3,3,9,1.5
2026-02-21,ORD-73438,Bruschetta,Appetizers,1,7,7,2.5
2026-02-21,ORD-79887,Soda,Drinks,2,3,6,1.0
2026-02-21,ORD-98736,Caesar Salad,Salads,2,12,24,8.0
2026-02-21,ORD-42245,French Fries,Sides,1,5,5,1.5
2026-02-21,ORD-23817,Beef Burger,Burgers,2,14,28,12.0
2026-02-21,ORD-70604,Chicken Wings,Appetizers,2,10,20,8.0
2026-02-21,ORD-23259,Pepperoni Pizza,Pizza,1,18,18,6.0
2026-02-21,ORD-70607,Soda,Drinks,3,3,9,1.5
2026-02-21,ORD-77189,French Fries,Sides,1,5,5,1.5
2026-02-21,ORD-96027,Soda,Drinks,3,3,9,1.5
2026-02-21,ORD-26614,Soda,Drinks,2,3,6,1.0
2026-02-21,ORD-45821,Chicken Wings,Appetizers,1,10,10,4.0
2026-02-21,ORD-26436,Caesar Salad,Salads,1,12,12,4.0
2026-02-21,ORD-20343,Tiramisu,Desserts,3,8,24,9.0
2026-02-21,ORD-98951,French Fries,Sides,2,5,10,3.0
2026-02-21,ORD-32636,Caesar Salad,Salads,1,12,12,4.0
2026-02-21,ORD-49184,Soda,Drinks,1,3,3,0.5
2026-02-21,ORD-68591,Pepperoni Pizza,Pizza,3,18,54,18.0
2026-02-21,ORD-82081,Tiramisu,Desserts,2,8,16,6.0
2026-02-21,ORD-78119,Chicken Wings,Appetizers,3,10,30,12.0
2026-02-21,ORD-17956,Soda,Drinks,3,3,9,1.5
2026-02-21,ORD-49154,Bruschetta,Appetizers,1,7,7,2.5
2026-02-21,ORD-87425,Chicken Wings,Appetizers,2,10,20,8.0
2026-02-21,ORD-58508,Coffee,Drinks,2,4,8,2.0
2026-02-21,ORD-13634,French Fries,Sides,1,5,5,1.5
2026-02-21,ORD-87236,Coffee,Drinks,2,4,8,2.0
2026-02-21,ORD-68170,Caesar Salad,Salads,2,12,24,8.0
2026-02-21,ORD-11130,French Fries,Sides,3,5,15,4.5
2026-02-21,ORD-23799,Pepperoni Pizza,Pizza,3,18,54,18.0
2026-02-21,ORD-26574,French Fries,Sides,3,5,15,4.5
2026-02-21,ORD-46499,Pepperoni Pizza,Pizza,2,18,36,12.0
2026-02-21,ORD-21562,French Fries,Sides,1,5,5,1.5
2026-02-21,ORD-12425,Chicken Wings,Appetizers,3,10,30,12.0
2026-02-21,ORD-42373,Chicken Wings,Appetizers,3,10,30,12.0
2026-02-21,ORD-39600,French Fries,Sides,2,5,10,3.0
2026-02-21,ORD-34252,Tiramisu,Desserts,3,8,24,9.0
2026-02-21,ORD-52621,Coffee,Drinks,3,4,12,3.0
2026-02-21,ORD-60851,Coffee,Drinks,1,4,4,1.0
2026-02-21,ORD-46036,Caesar Salad,Salads,3,12,36,12.0
2026-02-21,ORD-80360,Soda,Drinks,3,3,9,1.5
2026-02-21,ORD-78897,French Fries,Sides,2,5,10,3.0
2026-02-21,ORD-85565,Caesar Salad,Salads,1,12,12,4.0
2026-02-21,ORD-14218,Caesar Salad,Salads,2,12,24,8.0
2026-02-21,ORD-57885,Margherita Pizza,Pizza,4,15,60,20.0
2026-02-21,ORD-66304,Caesar Salad,Salads,2,12,24,8.0
2026-02-21,ORD-23560,Coffee,Drinks,1,4,4,1.0
2026-02-21,ORD-84136,Coffee,Drinks,2,4,8,2.0
2026-02-21,ORD-21585,Beef Burger,Burgers,3,14,42,18.0
2026-02-21,ORD-14572,French Fries,Sides,3,5,15,4.5
2026-02-21,ORD-83246,Chicken Wings,Appetizers,3,10,30,12.0
2026-02-21,ORD-54204,Bruschetta,Appetizers,1,7,7,2.5
2026-02-21,ORD-85140,Chicken Wings,Appetizers,3,10,30,12.0
2026-02-21,ORD-56656,Soda,Drinks,3,3,9,1.5
2026-02-21,ORD-54048,Coffee,Drinks,3,4,12,3.0
2026-02-21,ORD-54798,Soda,Drinks,3,3,9,1.5
2026-02-21,ORD-65846,Coffee,Drinks,1,4,4,1.0
2026-02-21,ORD-28249,Chicken Wings,Appetizers,3,10,30,12.0
2026-02-21,ORD-18515,Caesar Salad,Salads,1,12,12,4.0
2026-02-21,ORD-38553,Caesar Salad,Salads,1,12,12,4.0
2026-02-21,ORD-75431,Beef Burger,Burgers,3,14,42,18.0
2026-02-21,ORD-64286,Beef Burger,Burgers,2,14,28,12.0
2026-02-21,ORD-49619,Soda,Drinks,1,3,3,0.5
2026-02-21,ORD-46725,Tiramisu,Desserts,3,8,24,9.0
2026-02-21,ORD-16266,Soda,Drinks,3,3,9,1.5
2026-02-21,ORD-96046,Chicken Wings,Appetizers,3,10,30,12.0
2026-02-21,ORD-20089,Margherita Pizza,Pizza,4,15,60,20.0
2026-02-21,ORD-65412,Margherita Pizza,Pizza,5,15,75,25.0
2026-02-21,ORD-16396,Beef Burger,Burgers,1,14,14,6.0
2026-02-21,ORD-88422,Margherita Pizza,Pizza,2,15,30,10.0
2026-02-21,ORD-98494,Beef Burger,Burgers,1,14,14,6.0
2026-02-21,ORD-23207,Beef Burger,Burgers,3,14,42,18.0
2026-02-21,ORD-52826,Tiramisu,Desserts,1,8,8,3.0
2026-02-21,ORD-55737,Tiramisu,Desserts,1,8,8,3.0
2026-02-21,ORD-80046,Soda,Drinks,3,3,9,1.5
2026-02-21,ORD-25843,Pepperoni Pizza,Pizza,1,18,18,6.0
2026-02-21,ORD-78014,French Fries,Sides,1,5,5,1.5
2026-02-21,ORD-93620,Beef Burger,Burgers,2,14,28,12.0
2026-02-21,ORD-46558,Beef Burger,Burgers,1,14,14,6.0
2026-02-21,ORD-53284,Coffee,Drinks,3,4,12,3.0
2026-02-21,ORD-17234,Caesar Salad,Salads,2,12,24,8.0
2026-02-21,ORD-63992,Pepperoni Pizza,Pizza,3,18,54,18.0
2026-02-21,ORD-63083,Soda,Drinks,2,3,6,1.0
2026-02-21,ORD-38063,Chicken Wings,Appetizers,1,10,10,4.0
2026-02-21,ORD-16247,Coffee,Drinks,2,4,8,2.0
2026-02-21,ORD-71776,Coffee,Drinks,2,4,8,2.0
2026-02-21,ORD-43623,Beef Burger,Burgers,2,14,28,12.0
2026-02-21,ORD-47767,Tiramisu,Desserts,1,8,8,3.0
2026-02-21,ORD-81884,Bruschetta,Appetizers,1,7,7,2.5
2026-02-21,ORD-32944,Coffee,Drinks,2,4,8,2.0
2026-02-21,ORD-58828,French Fries,Sides,1,5,5,1.5
2026-02-21,ORD-70029,Chicken Wings,Appetizers,3,10,30,12.0
2026-02-21,ORD-29310,Tiramisu,Desserts,1,8,8,3.0
2026-02-21,ORD-93006,Pepperoni Pizza,Pizza,3,18,54,18.0
2026-02-21,ORD-46714,Soda,Drinks,2,3,6,1.0
2026-02-22,ORD-97102,Margherita Pizza,Pizza,5,15,75,25.0
2026-02-22,ORD-88612,Tiramisu,Desserts,1,8,8,3.0
2026-02-22,ORD-70809,Chicken Wings,Appetizers,2,10,20,8.0
2026-02-22,ORD-29526,French Fries,Sides,1,5,5,1.5
2026-02-22,ORD-17418,Beef Burger,Burgers,1,14,14,6.0
2026-02-22,ORD-60716,French Fries,Sides,2,5,10,3.0
2026-02-22,ORD-83983,Margherita Pizza,Pizza,3,15,45,15.0
2026-02-22,ORD-76243,Soda,Drinks,3,3,9,1.5
2026-02-22,ORD-89520,Chicken Wings,Appetizers,1,10,10,4.0
2026-02-22,ORD-60300,Coffee,Drinks,1,4,4,1.0
2026-02-22,ORD-64692,Chicken Wings,Appetizers,2,10,20,8.0
2026-02-22,ORD-29269,Coffee,Drinks,1,4,4,1.0
2026-02-22,ORD-41416,Coffee,Drinks,2,4,8,2.0
2026-02-22,ORD-56849,Caesar Salad,Salads,1,12,12,4.0
2026-02-22,ORD-51502,Tiramisu,Desserts,1,8,8,3.0
2026-02-22,ORD-76577,Coffee,Drinks,1,4,4,1.0
2026-02-22,ORD-36243,French Fries,Sides,1,5,5,1.5
2026-02-22,ORD-66923,Coffee,Drinks,1,4,4,1.0
2026-02-22,ORD-44513,Beef Burger,Burgers,1,14,14,6.0
2026-02-22,ORD-28291,Chicken Wings,Appetizers,3,10,30,12.0
2026-02-22,ORD-34594,Chicken Wings,Appetizers,2,10,20,8.0
2026-02-22,ORD-50595,Tiramisu,Desserts,1,8,8,3.0
2026-02-22,ORD-45772,Coffee,Drinks,1,4,4,1.0
2026-02-22,ORD-82415,Caesar Salad,Salads,2,12,24,8.0
2026-02-22,ORD-90085,Coffee,Drinks,3,4,12,3.0
2026-02-22,ORD-36549,Pepperoni Pizza,Pizza,3,18,54,18.0
2026-02-22,ORD-14319,Chicken Wings,Appetizers,2,10,20,8.0
2026-02-22,ORD-75237,Pepperoni Pizza,Pizza,1,18,18,6.0
2026-02-22,ORD-91588,Caesar Salad,Salads,1,12,12,4.0
2026-02-22,ORD-73229,Beef Burger,Burgers,3,14,42,18.0
2026-02-22,ORD-65834,Margherita Pizza,Pizza,2,15,30,10.0
2026-02-22,ORD-42574,Chicken Wings,Appetizers,3,10,30,12.0
2026-02-22,ORD-12997,Margherita Pizza,Pizza,2,15,30,10.0
2026-02-22,ORD-69499,Chicken Wings,Appetizers,1,10,10,4.0
2026-02-22,ORD-14711,Pepperoni Pizza,Pizza,1,18,18,6.0
2026-02-22,ORD-53810,Soda,Drinks,3,3,9,1.5
2026-02-22,ORD-98478,Coffee,Drinks,2,4,8,2.0
2026-02-22,ORD-81247,Margherita Pizza,Pizza,4,15,60,20.0
2026-02-22,ORD-89652,Soda,Drinks,2,3,6,1.0
2026-02-22,ORD-31669,Margherita Pizza,Pizza,2,15,30,10.0
2026-02-22,ORD-21084,Pepperoni Pizza,Pizza,1,18,18,6.0
2026-02-22,ORD-18348,Caesar Salad,Salads,2,12,24,8.0
2026-02-22,ORD-78218,Pepperoni Pizza,Pizza,3,18,54,18.0
2026-02-22,ORD-79476,Beef Burger,Burgers,3,14,42,18.0
2026-02-22,ORD-23068,French Fries,Sides,1,5,5,1.5
2026-02-22,ORD-69665,French Fries,Sides,3,5,15,4.5
2026-02-22,ORD-58596,Caesar Salad,Salads,2,12,24,8.0
2026-02-22,ORD-13639,Coffee,Drinks,1,4,4,1.0
2026-02-22,ORD-22076,Beef Burger,Burgers,2,14,28,12.0
2026-02-22,ORD-50851,Coffee,Drinks,2,4,8,2.0
2026-02-22,ORD-93352,Chicken Wings,Appetizers,1,10,10,4.0
2026-02-22,ORD-54932,Pepperoni Pizza,Pizza,2,18,36,12.0
2026-02-22,ORD-12326,Chicken Wings,Appetizers,3,10,30,12.0
2026-02-22,ORD-31676,Bruschetta,Appetizers,1,7,7,2.5
2026-02-22,ORD-18967,Beef Burger,Burgers,3,14,42,18.0
2026-02-22,ORD-14657,Caesar Salad,Salads,1,12,12,4.0
2026-02-22,ORD-30508,Margherita Pizza,Pizza,4,15,60,20.0
2026-02-22,ORD-43497,Soda,Drinks,2,3,6,1.0
2026-02-22,ORD-33003,Coffee,Drinks,2,4,8,2.0
2026-02-22,ORD-10797,Margherita Pizza,Pizza,4,15,60,20.0
2026-02-22,ORD-98944,Chicken Wings,Appetizers,2,10,20,8.0
2026-02-22,ORD-53722,Tiramisu,Desserts,3,8,24,9.0
2026-02-22,ORD-97085,Soda,Drinks,3,3,9,1.5
2026-02-22,ORD-18166,Caesar Salad,Salads,3,12,36,12.0
2026-02-22,ORD-78071,Beef Burger,Burgers,1,14,14,6.0
2026-02-22,ORD-33875,Tiramisu,Desserts,3,8,24,9.0
2026-02-22,ORD-99733,Chicken Wings,Appetizers,3,10,30,12.0
2026-02-22,ORD-81994,Margherita Pizza,Pizza,4,15,60,20.0
2026-02-22,ORD-52924,Coffee,Drinks,1,4,4,1.0
2026-02-22,ORD-76279,Tiramisu,Desserts,2,8,16,6.0
2026-02-22,ORD-64834,Caesar Salad,Salads,2,12,24,8.0
2026-02-22,ORD-32825,Coffee,Drinks,2,4,8,2.0
2026-02-22,ORD-93002,Beef Burger,Burgers,1,14,14,6.0
2026-02-22,ORD-56736,French Fries,Sides,3,5,15,4.5
2026-02-22,ORD-43242,Chicken Wings,Appetizers,2,10,20,8.0
2026-02-22,ORD-86786,Coffee,Drinks,2,4,8,2.0
2026-02-22,ORD-85981,Margherita Pizza,Pizza,5,15,75,25.0
2026-02-23,ORD-83732,Margherita Pizza,Pizza,4,15,60,20.0
2026-02-23,ORD-72360,Pepperoni Pizza,Pizza,2,18,36,12.0
2026-02-23,ORD-54959,Tiramisu,Desserts,1,8,8,3.0
2026-02-23,ORD-87507,Pepperoni Pizza,Pizza,3,18,54,18.0
2026-02-23,ORD-76207,Beef Burger,Burgers,3,14,42,18.0
2026-02-23,ORD-44798,Soda,Drinks,2,3,6,1.0
2026-02-23,ORD-94305,Coffee,Drinks,3,4,12,3.0
2026-02-23,ORD-57417,Pepperoni Pizza,Pizza,2,18,36,12.0
2026-02-23,ORD-10426,Beef Burger,Burgers,3,14,42,18.0
2026-02-23,ORD-89099,Tiramisu,Desserts,2,8,16,6.0
2026-02-23,ORD-18503,Margherita Pizza,Pizza,4,15,60,20.0
2026-02-23,ORD-57541,Bruschetta,Appetizers,1,7,7,2.5
2026-02-23,ORD-63507,Coffee,Drinks,1,4,4,1.0
2026-02-23,ORD-20029,Bruschetta,Appetizers,1,7,7,2.5
2026-02-23,ORD-21422,Tiramisu,Desserts,1,8,8,3.0
2026-02-23,ORD-10221,Tiramisu,Desserts,2,8,16,6.0
2026-02-23,ORD-38003,Coffee,Drinks,1,4,4,1.0
2026-02-23,ORD-26648,Tiramisu,Desserts,2,8,16,6.0
2026-02-23,ORD-69047,Margherita Pizza,Pizza,4,15,60,20.0
2026-02-23,ORD-31347,Coffee,Drinks,1,4,4,1.0
2026-02-23,ORD-61727,Coffee,Drinks,3,4,12,3.0
2026-02-23,ORD-49165,Caesar Salad,Salads,1,12,12,4.0
2026-02-23,ORD-97335,French Fries,Sides,3,5,15,4.5
2026-02-23,ORD-82017,French Fries,Sides,3,5,15,4.5
2026-02-23,ORD-87265,Beef Burger,Burgers,3,14,42,18.0
2026-02-23,ORD-66550,Tiramisu,Desserts,2,8,16,6.0
2026-02-23,ORD-86232,Chicken Wings,Appetizers,1,10,10,4.0
2026-02-23,ORD-40673,Pepperoni Pizza,Pizza,1,18,18,6.0
2026-02-23,ORD-61725,Chicken Wings,Appetizers,1,10,10,4.0
2026-02-23,ORD-11996,Tiramisu,Desserts,2,8,16,6.0
2026-02-23,ORD-40038,Chicken Wings,Appetizers,1,10,10,4.0
2026-02-23,ORD-99168,Bruschetta,Appetizers,1,7,7,2.5
2026-02-23,ORD-25346,Bruschetta,Appetizers,1,7,7,2.5
2026-02-23,ORD-47827,Chicken Wings,Appetizers,1,10,10,4.0
2026-02-23,ORD-84886,Tiramisu,Desserts,1,8,8,3.0
2026-02-24,ORD-53687,French Fries,Sides,2,5,10,3.0
2026-02-24,ORD-64256,Pepperoni Pizza,Pizza,2,18,36,12.0
2026-02-24,ORD-77941,French Fries,Sides,3,5,15,4.5
2026-02-24,ORD-77130,Chicken Wings,Appetizers,1,10,10,4.0
2026-02-24,ORD-47120,Tiramisu,Desserts,3,8,24,9.0
2026-02-24,ORD-57193,Pepperoni Pizza,Pizza,1,18,18,6.0
2026-02-24,ORD-95969,French Fries,Sides,2,5,10,3.0
2026-02-24,ORD-65555,Margherita Pizza,Pizza,5,15,75,25.0
2026-02-24,ORD-56879,Coffee,Drinks,2,4,8,2.0
2026-02-24,ORD-70725,Margherita Pizza,Pizza,3,15,45,15.0
2026-02-24,ORD-47503,Margherita Pizza,Pizza,3,15,45,15.0
2026-02-24,ORD-28434,French Fries,Sides,2,5,10,3.0
2026-02-24,ORD-54212,Caesar Salad,Salads,3,12,36,12.0
2026-02-24,ORD-41881,Soda,Drinks,3,3,9,1.5
2026-02-24,ORD-74274,Chicken Wings,Appetizers,3,10,30,12.0
2026-02-24,ORD-53203,Pepperoni Pizza,Pizza,2,18,36,12.0
2026-02-24,ORD-45336,Pepperoni Pizza,Pizza,1,18,18,6.0
2026-02-24,ORD-76811,French Fries,Sides,1,5,5,1.5
2026-02-24,ORD-64495,Margherita Pizza,Pizza,5,15,75,25.0
2026-02-24,ORD-74456,Pepperoni Pizza,Pizza,2,18,36,12.0
2026-02-24,ORD-12549,Margherita Pizza,Pizza,2,15,30,10.0
2026-02-24,ORD-29885,Caesar Salad,Salads,2,12,24,8.0
2026-02-24,ORD-66737,Caesar Salad,Salads,1,12,12,4.0
2026-02-24,ORD-87800,Soda,Drinks,2,3,6,1.0
2026-02-24,ORD-76766,Coffee,Drinks,3,4,12,3.0
2026-02-24,ORD-50354,Soda,Drinks,3,3,9,1.5
2026-02-24,ORD-91865,Soda,Drinks,2,3,6,1.0
2026-02-24,ORD-54535,Soda,Drinks,2,3,6,1.0
2026-02-24,ORD-10528,Soda,Drinks,1,3,3,0.5
2026-02-24,ORD-56947,Pepperoni Pizza,Pizza,2,18,36,12.0
2026-02-24,ORD-58291,Tiramisu,Desserts,1,8,8,3.0
2026-02-24,ORD-13409,French Fries,Sides,2,5,10,3.0
2026-02-24,ORD-87399,Margherita Pizza,Pizza,5,15,75,25.0
2026-02-24,ORD-62948,Margherita Pizza,Pizza,5,15,75,25.0
2026-02-24,ORD-88401,Soda,Drinks,3,3,9,1.5
2026-02-24,ORD-95074,French Fries,Sides,2,5,10,3.0
2026-02-24,ORD-85752,Tiramisu,Desserts,1,8,8,3.0
2026-02-24,ORD-34986,French Fries,Sides,1,5,5,1.5
2026-02-24,ORD-87632,Beef Burger,Burgers,2,14,28,12.0
2026-02-24,ORD-80459,Pepperoni Pizza,Pizza,2,18,36,12.0
2026-02-24,ORD-81114,French Fries,Sides,1,5,5,1.5
2026-02-24,ORD-75668,Tiramisu,Desserts,1,8,8,3.0
2026-02-24,ORD-22674,Margherita Pizza,Pizza,3,15,45,15.0
2026-02-24,ORD-66876,Chicken Wings,Appetizers,1,10,10,4.0
2026-02-24,ORD-94264,Tiramisu,Desserts,3,8,24,9.0
2026-02-24,ORD-79899,French Fries,Sides,3,5,15,4.5
2026-02-24,ORD-67065,Beef Burger,Burgers,2,14,28,12.0
2026-02-24,ORD-69668,Beef Burger,Burgers,2,14,28,12.0
2026-02-24,ORD-41450,Caesar Salad,Salads,3,12,36,12.0
2026-02-24,ORD-22314,French Fries,Sides,1,5,5,1.5
2026-02-24,ORD-19809,Coffee,Drinks,1,4,4,1.0
2026-02-24,ORD-18954,Beef Burger,Burgers,1,14,14,6.0
2026-02-24,ORD-68451,Margherita Pizza,Pizza,5,15,75,25.0
2026-02-24,ORD-41203,Margherita Pizza,Pizza,2,15,30,10.0
2026-02-25,ORD-18909,Pepperoni Pizza,Pizza,1,18,18,6.0
2026-02-25,ORD-99222,Beef Burger,Burgers,2,14,28,12.0
2026-02-25,ORD-42834,Caesar Salad,Salads,3,12,36,12.0
2026-02-25,ORD-43290,Tiramisu,Desserts,3,8,24,9.0
2026-02-25,ORD-34257,Soda,Drinks,1,3,3,0.5
2026-02-25,ORD-30098,Beef Burger,Burgers,3,14,42,18.0
2026-02-25,ORD-31407,Chicken Wings,Appetizers,2,10,20,8.0
2026-02-25,ORD-64147,Caesar Salad,Salads,1,12,12,4.0
2026-02-25,ORD-91270,Tiramisu,Desserts,2,8,16,6.0
2026-02-25,ORD-53861,Margherita Pizza,Pizza,2,15,30,10.0
2026-02-25,ORD-58898,French Fries,Sides,2,5,10,3.0
2026-02-25,ORD-72755,Beef Burger,Burgers,3,14,42,18.0
2026-02-25,ORD-91242,Tiramisu,Desserts,3,8,24,9.0
2026-02-25,ORD-85594,Soda,Drinks,3,3,9,1.5
2026-02-25,ORD-51878,Beef Burger,Burgers,1,14,14,6.0
2026-02-25,ORD-76938,Soda,Drinks,3,3,9,1.5
2026-02-25,ORD-66908,Caesar Salad,Salads,1,12,12,4.0
2026-02-25,ORD-80115,Tiramisu,Desserts,1,8,8,3.0
2026-02-25,ORD-47724,Pepperoni Pizza,Pizza,3,18,54,18.0
2026-02-25,ORD-52537,Soda,Drinks,3,3,9,1.5
2026-02-25,ORD-10521,Tiramisu,Desserts,1,8,8,3.0
2026-02-25,ORD-71030,Pepperoni Pizza,Pizza,2,18,36,12.0
2026-02-25,ORD-30656,Tiramisu,Desserts,1,8,8,3.0
2026-02-25,ORD-72483,Caesar Salad,Salads,3,12,36,12.0
2026-02-25,ORD-37589,Beef Burger,Burgers,2,14,28,12.0
2026-02-25,ORD-48126,Soda,Drinks,2,3,6,1.0
2026-02-25,ORD-63262,Beef Burger,Burgers,3,14,42,18.0
2026-02-25,ORD-24324,Soda,Drinks,2,3,6,1.0
2026-02-25,ORD-58497,Caesar Salad,Salads,1,12,12,4.0
2026-02-25,ORD-64860,Margherita Pizza,Pizza,5,15,75,25.0
2026-02-25,ORD-47555,Tiramisu,Desserts,3,8,24,9.0
2026-02-25,ORD-69370,Chicken Wings,Appetizers,2,10,20,8.0
2026-02-25,ORD-43709,Beef Burger,Burgers,3,14,42,18.0
2026-02-25,ORD-98514,Chicken Wings,Appetizers,3,10,30,12.0
2026-02-25,ORD-22319,Chicken Wings,Appetizers,1,10,10,4.0
2026-02-25,ORD-62083,Beef Burger,Burgers,3,14,42,18.0
2026-02-25,ORD-72842,Coffee,Drinks,1,4,4,1.0
2026-02-25,ORD-75718,Margherita Pizza,Pizza,2,15,30,10.0
2026-02-25,ORD-62129,Beef Burger,Burgers,2,14,28,12.0
2026-02-25,ORD-93930,Soda,Drinks,2,3,6,1.0
2026-02-25,ORD-75792,Margherita Pizza,Pizza,5,15,75,25.0
2026-02-25,ORD-87432,Beef Burger,Burgers,3,14,42,18.0
2026-02-25,ORD-43569,Margherita Pizza,Pizza,2,15,30,10.0
2026-02-25,ORD-64034,Coffee,Drinks,1,4,4,1.0
2026-02-25,ORD-41646,Tiramisu,Desserts,3,8,24,9.0
2026-02-25,ORD-34860,Caesar Salad,Salads,1,12,12,4.0
2026-02-25,ORD-99575,Coffee,Drinks,2,4,8,2.0
2026-02-26,ORD-91555,French Fries,Sides,1,5,5,1.5
2026-02-26,ORD-28091,Chicken Wings,Appetizers,3,10,30,12.0
2026-02-26,ORD-62536,Chicken Wings,Appetizers,2,10,20,8.0
2026-02-26,ORD-74914,Coffee,Drinks,3,4,12,3.0
2026-02-26,ORD-27007,Caesar Salad,Salads,3,12,36,12.0
2026-02-26,ORD-83243,Chicken Wings,Appetizers,1,10,10,4.0
2026-02-26,ORD-55557,Beef Burger,Burgers,3,14,42,18.0
2026-02-26,ORD-92073,Caesar Salad,Salads,2,12,24,8.0
2026-02-26,ORD-89355,Chicken Wings,Appetizers,1,10,10,4.0
2026-02-26,ORD-70722,French Fries,Sides,3,5,15,4.5
2026-02-26,ORD-13807,Margherita Pizza,Pizza,2,15,30,10.0
2026-02-26,ORD-90100,Bruschetta,Appetizers,1,7,7,2.5
2026-02-26,ORD-26536,Coffee,Drinks,1,4,4,1.0
2026-02-26,ORD-95887,Tiramisu,Desserts,3,8,24,9.0
2026-02-26,ORD-55399,Margherita Pizza,Pizza,4,15,60,20.0
2026-02-26,ORD-75479,French Fries,Sides,1,5,5,1.5
2026-02-26,ORD-57162,Caesar Salad,Salads,1,12,12,4.0
2026-02-26,ORD-73629,Beef Burger,Burgers,3,14,42,18.0
2026-02-26,ORD-50521,Margherita Pizza,Pizza,4,15,60,20.0
2026-02-26,ORD-55717,French Fries,Sides,1,5,5,1.5
2026-02-26,ORD-32249,Beef Burger,Burgers,3,14,42,18.0
2026-02-26,ORD-99352,Tiramisu,Desserts,2,8,16,6.0
2026-02-26,ORD-99883,Tiramisu,Desserts,2,8,16,6.0
2026-02-26,ORD-87200,Beef Burger,Burgers,3,14,42,18.0
2026-02-26,ORD-46841,Tiramisu,Desserts,3,8,24,9.0
2026-02-26,ORD-36017,Coffee,Drinks,2,4,8,2.0
2026-02-26,ORD-47554,Tiramisu,Desserts,1,8,8,3.0
2026-02-26,ORD-55062,French Fries,Sides,1,5,5,1.5
2026-02-26,ORD-13090,Margherita Pizza,Pizza,5,15,75,25.0
2026-02-26,ORD-73362,French Fries,Sides,3,5,15,4.5
2026-02-26,ORD-83456,Bruschetta,Appetizers,1,7,7,2.5
2026-02-26,ORD-32145,Tiramisu,Desserts,1,8,8,3.0
2026-02-26,ORD-58412,Caesar Salad,Salads,1,12,12,4.0
2026-02-26,ORD-96610,French Fries,Sides,1,5,5,1.5
2026-02-26,ORD-64630,Coffee,Drinks,1,4,4,1.0
2026-02-27,ORD-53099,Pepperoni Pizza,Pizza,3,18,54,18.0
2026-02-27,ORD-19825,Soda,Drinks,3,3,9,1.5
2026-02-27,ORD-85162,French Fries,Sides,3,5,15,4.5
2026-02-27,ORD-26199,French Fries,Sides,3,5,15,4.5
2026-02-27,ORD-97339,Tiramisu,Desserts,2,8,16,6.0
2026-02-27,ORD-31213,Margherita Pizza,Pizza,4,15,60,20.0
2026-02-27,ORD-47941,Coffee,Drinks,1,4,4,1.0
2026-02-27,ORD-75795,French Fries,Sides,3,5,15,4.5
2026-02-27,ORD-26811,Chicken Wings,Appetizers,3,10,30,12.0
2026-02-27,ORD-39862,Tiramisu,Desserts,2,8,16,6.0
2026-02-27,ORD-50310,Soda,Drinks,1,3,3,0.5
2026-02-27,ORD-48160,Beef Burger,Burgers,1,14,14,6.0
2026-02-27,ORD-77269,Coffee,Drinks,2,4,8,2.0
2026-02-27,ORD-95953,Beef Burger,Burgers,3,14,42,18.0
2026-02-27,ORD-14574,Bruschetta,Appetizers,1,7,7,2.5
2026-02-27,ORD-93522,Chicken Wings,Appetizers,3,10,30,12.0
2026-02-27,ORD-65476,Tiramisu,Desserts,2,8,16,6.0
2026-02-27,ORD-18907,Caesar Salad,Salads,2,12,24,8.0
2026-02-27,ORD-94631,Coffee,Drinks,2,4,8,2.0
2026-02-27,ORD-16326,Tiramisu,Desserts,2,8,16,6.0
2026-02-27,ORD-19809,Beef Burger,Burgers,3,14,42,18.0
2026-02-27,ORD-55708,Coffee,Drinks,2,4,8,2.0
2026-02-27,ORD-41289,Chicken Wings,Appetizers,1,10,10,4.0
2026-02-27,ORD-67701,Coffee,Drinks,2,4,8,2.0
2026-02-27,ORD-43190,Soda,Drinks,1,3,3,0.5
2026-02-27,ORD-30089,Soda,Drinks,3,3,9,1.5
2026-02-27,ORD-52380,Beef Burger,Burgers,1,14,14,6.0
2026-02-27,ORD-27423,Margherita Pizza,Pizza,4,15,60,20.0
2026-02-27,ORD-31335,Chicken Wings,Appetizers,3,10,30,12.0
2026-02-27,ORD-81144,Chicken Wings,Appetizers,3,10,30,12.0
2026-02-27,ORD-55591,Beef Burger,Burgers,3,14,42,18.0
2026-02-27,ORD-25648,Pepperoni Pizza,Pizza,3,18,54,18.0
2026-02-27,ORD-87746,French Fries,Sides,3,5,15,4.5
2026-02-27,ORD-46551,Chicken Wings,Appetizers,2,10,20,8.0
2026-02-27,ORD-49997,Bruschetta,Appetizers,1,7,7,2.5
2026-02-27,ORD-76598,Soda,Drinks,2,3,6,1.0
2026-02-27,ORD-18758,French Fries,Sides,1,5,5,1.5
2026-02-27,ORD-36547,Chicken Wings,Appetizers,1,10,10,4.0
2026-02-27,ORD-17546,Chicken Wings,Appetizers,1,10,10,4.0
2026-02-27,ORD-81789,Soda,Drinks,1,3,3,0.5
2026-02-27,ORD-65700,Caesar Salad,Salads,2,12,24,8.0
2026-02-27,ORD-63699,French Fries,Sides,3,5,15,4.5
2026-02-27,ORD-15129,Tiramisu,Desserts,3,8,24,9.0
2026-02-27,ORD-23993,Coffee,Drinks,2,4,8,2.0
2026-02-27,ORD-32492,Margherita Pizza,Pizza,5,15,75,25.0
2026-02-27,ORD-70370,Tiramisu,Desserts,2,8,16,6.0
2026-02-27,ORD-57995,Chicken Wings,Appetizers,2,10,20,8.0
2026-02-27,ORD-37497,Margherita Pizza,Pizza,4,15,60,20.0
2026-02-27,ORD-26854,Caesar Salad,Salads,2,12,24,8.0
2026-02-27,ORD-26708,Soda,Drinks,1,3,3,0.5
2026-02-27,ORD-51348,Beef Burger,Burgers,1,14,14,6.0
2026-02-27,ORD-65206,Caesar Salad,Salads,1,12,12,4.0
2026-02-27,ORD-95527,Caesar Salad,Salads,1,12,12,4.0
2026-02-27,ORD-73294,Margherita Pizza,Pizza,5,15,75,25.0
2026-02-27,ORD-56889,French Fries,Sides,1,5,5,1.5
2026-02-27,ORD-32836,Chicken Wings,Appetizers,2,10,20,8.0
2026-02-27,ORD-41217,Margherita Pizza,Pizza,3,15,45,15.0
2026-02-27,ORD-87451,Pepperoni Pizza,Pizza,3,18,54,18.0
2026-02-27,ORD-61091,Margherita Pizza,Pizza,2,15,30,10.0
2026-02-27,ORD-87577,Soda,Drinks,2,3,6,1.0
2026-02-27,ORD-58742,Soda,Drinks,3,3,9,1.5
2026-02-27,ORD-63474,Coffee,Drinks,3,4,12,3.0
2026-02-27,ORD-74416,Chicken Wings,Appetizers,3,10,30,12.0
2026-02-27,ORD-56211,Margherita Pizza,Pizza,3,15,45,15.0
2026-02-27,ORD-10042,Pepperoni Pizza,Pizza,3,18,54,18.0
2026-02-27,ORD-40325,French Fries,Sides,2,5,10,3.0
2026-02-27,ORD-47453,Caesar Salad,Salads,2,12,24,8.0
2026-02-27,ORD-42167,Caesar Salad,Salads,3,12,36,12.0
2026-02-27,ORD-86526,Caesar Salad,Salads,2,12,24,8.0
2026-02-27,ORD-56536,Chicken Wings,Appetizers,2,10,20,8.0
2026-02-27,ORD-20587,Pepperoni Pizza,Pizza,1,18,18,6.0
2026-02-27,ORD-58372,Margherita Pizza,Pizza,4,15,60,20.0
2026-02-27,ORD-27936,Coffee,Drinks,1,4,4,1.0
2026-02-27,ORD-97531,French Fries,Sides,1,5,5,1.5
2026-02-27,ORD-59431,Margherita Pizza,Pizza,5,15,75,25.0
2026-02-27,ORD-19744,Pepperoni Pizza,Pizza,1,18,18,6.0
2026-02-27,ORD-94568,Caesar Salad,Salads,3,12,36,12.0
2026-02-27,ORD-70888,Margherita Pizza,Pizza,5,15,75,25.0
2026-02-27,ORD-30116,Soda,Drinks,1,3,3,0.5
2026-02-27,ORD-12580,Beef Burger,Burgers,3,14,42,18.0
2026-02-27,ORD-85802,Chicken Wings,Appetizers,3,10,30,12.0
2026-02-27,ORD-69718,Tiramisu,Desserts,3,8,24,9.0
2026-02-27,ORD-74779,Bruschetta,Appetizers,1,7,7,2.5
2026-02-27,ORD-70269,Coffee,Drinks,2,4,8,2.0
2026-02-27,ORD-11378,Coffee,Drinks,3,4,12,3.0
2026-02-28,ORD-76273,Pepperoni Pizza,Pizza,2,18,36,12.0
2026-02-28,ORD-97033,Pepperoni Pizza,Pizza,3,18,54,18.0
2026-02-28,ORD-67053,Beef Burger,Burgers,1,14,14,6.0
2026-02-28,ORD-91374,Soda,Drinks,3,3,9,1.5
2026-02-28,ORD-55748,French Fries,Sides,3,5,15,4.5
2026-02-28,ORD-50107,Soda,Drinks,3,3,9,1.5
2026-02-28,ORD-27452,Coffee,Drinks,1,4,4,1.0
2026-02-28,ORD-80787,Beef Burger,Burgers,3,14,42,18.0
2026-02-28,ORD-55776,Soda,Drinks,3,3,9,1.5
2026-02-28,ORD-27296,Beef Burger,Burgers,2,14,28,12.0
2026-02-28,ORD-82816,Caesar Salad,Salads,1,12,12,4.0
2026-02-28,ORD-81100,Chicken Wings,Appetizers,2,10,20,8.0
2026-02-28,ORD-84134,Soda,Drinks,1,3,3,0.5
2026-02-28,ORD-48480,Chicken Wings,Appetizers,2,10,20,8.0
2026-02-28,ORD-78995,Caesar Salad,Salads,3,12,36,12.0
2026-02-28,ORD-78218,Soda,Drinks,2,3,6,1.0
2026-02-28,ORD-69474,Soda,Drinks,2,3,6,1.0
2026-02-28,ORD-68458,Soda,Drinks,3,3,9,1.5
2026-02-28,ORD-53842,Bruschetta,Appetizers,1,7,7,2.5
2026-02-28,ORD-69931,French Fries,Sides,3,5,15,4.5
2026-02-28,ORD-56988,Soda,Drinks,3,3,9,1.5
2026-02-28,ORD-78978,French Fries,Sides,3,5,15,4.5
2026-02-28,ORD-20031,Pepperoni Pizza,Pizza,2,18,36,12.0
2026-02-28,ORD-26217,Bruschetta,Appetizers,1,7,7,2.5
2026-02-28,ORD-49461,Beef Burger,Burgers,1,14,14,6.0
2026-02-28,ORD-82356,Beef Burger,Burgers,3,14,42,18.0
2026-02-28,ORD-56597,French Fries,Sides,1,5,5,1.5
2026-02-28,ORD-98564,Margherita Pizza,Pizza,2,15,30,10.0
2026-02-28,ORD-46130,French Fries,Sides,2,5,10,3.0
2026-02-28,ORD-93249,Bruschetta,Appetizers,1,7,7,2.5
2026-02-28,ORD-25851,Beef Burger,Burgers,2,14,28,12.0
2026-02-28,ORD-66070,Coffee,Drinks,2,4,8,2.0
2026-02-28,ORD-61979,Margherita Pizza,Pizza,5,15,75,25.0
2026-02-28,ORD-15921,Soda,Drinks,1,3,3,0.5
2026-02-28,ORD-15031,Caesar Salad,Salads,2,12,24,8.0
2026-02-28,ORD-80217,Beef Burger,Burgers,2,14,28,12.0
2026-02-28,ORD-64404,Soda,Drinks,3,3,9,1.5
2026-02-28,ORD-43259,Pepperoni Pizza,Pizza,3,18,54,18.0
2026-02-28,ORD-98067,Pepperoni Pizza,Pizza,1,18,18,6.0
2026-02-28,ORD-71802,Pepperoni Pizza,Pizza,2,18,36,12.0
2026-02-28,ORD-29651,Tiramisu,Desserts,1,8,8,3.0
2026-02-28,ORD-79059,Caesar Salad,Salads,3,12,36,12.0
2026-02-28,ORD-76853,Pepperoni Pizza,Pizza,1,18,18,6.0
2026-02-28,ORD-41020,Caesar Salad,Salads,2,12,24,8.0
2026-02-28,ORD-66885,Chicken Wings,Appetizers,1,10,10,4.0
2026-02-28,ORD-41727,Beef Burger,Burgers,3,14,42,18.0
2026-02-28,ORD-80218,Soda,Drinks,2,3,6,1.0
2026-02-28,ORD-40031,Margherita Pizza,Pizza,4,15,60,20.0
2026-02-28,ORD-59455,Coffee,Drinks,1,4,4,1.0
2026-02-28,ORD-21533,Coffee,Drinks,3,4,12,3.0
2026-02-28,ORD-23930,Tiramisu,Desserts,3,8,24,9.0
2026-02-28,ORD-13776,Pepperoni Pizza,Pizza,1,18,18,6.0
2026-02-28,ORD-53920,Pepperoni Pizza,Pizza,3,18,54,18.0
2026-02-28,ORD-77818,Tiramisu,Desserts,2,8,16,6.0
2026-02-28,ORD-73946,Tiramisu,Desserts,2,8,16,6.0
2026-02-28,ORD-63973,Coffee,Drinks,3,4,12,3.0
2026-02-28,ORD-61995,Caesar Salad,Salads,3,12,36,12.0
2026-02-28,ORD-79097,Tiramisu,Desserts,2,8,16,6.0
2026-02-28,ORD-82667,Coffee,Drinks,3,4,12,3.0
2026-02-28,ORD-79788,Soda,Drinks,1,3,3,0.5
2026-02-28,ORD-48318,Pepperoni Pizza,Pizza,2,18,36,12.0
2026-02-28,ORD-28672,Soda,Drinks,1,3,3,0.5
2026-02-28,ORD-97751,French Fries,Sides,3,5,15,4.5
2026-02-28,ORD-72143,Tiramisu,Desserts,2,8,16,6.0
2026-02-28,ORD-74034,Soda,Drinks,1,3,3,0.5
2026-02-28,ORD-48825,Beef Burger,Burgers,2,14,28,12.0
2026-02-28,ORD-71622,French Fries,Sides,3,5,15,4.5
2026-02-28,ORD-76307,Chicken Wings,Appetizers,2,10,20,8.0
2026-02-28,ORD-41368,Beef Burger,Burgers,1,14,14,6.0
2026-02-28,ORD-98400,Soda,Drinks,3,3,9,1.5
2026-02-28,ORD-55568,Caesar Salad,Salads,3,12,36,12.0
2026-02-28,ORD-12732,Margherita Pizza,Pizza,2,15,30,10.0
2026-02-28,ORD-33756,Margherita Pizza,Pizza,4,15,60,20.0
2026-02-28,ORD-47698,Chicken Wings,Appetizers,2,10,20,8.0
2026-02-28,ORD-24783,Pepperoni Pizza,Pizza,2,18,36,12.0
2026-02-28,ORD-19781,Tiramisu,Desserts,3,8,24,9.0
2026-02-28,ORD-81324,Pepperoni Pizza,Pizza,2,18,36,12.0
2026-02-28,ORD-82857,Caesar Salad,Salads,1,12,12,4.0
2026-02-28,ORD-65100,Chicken Wings,Appetizers,1,10,10,4.0
2026-02-28,ORD-99681,Caesar Salad,Salads,1,12,12,4.0
2026-02-28,ORD-85149,Beef Burger,Burgers,2,14,28,12.0
2026-02-28,ORD-74076,Soda,Drinks,1,3,3,0.5
2026-02-28,ORD-34951,Pepperoni Pizza,Pizza,2,18,36,12.0
2026-02-28,ORD-94884,Soda,Drinks,1,3,3,0.5
2026-02-28,ORD-24296,Caesar Salad,Salads,1,12,12,4.0
2026-02-28,ORD-12562,Margherita Pizza,Pizza,4,15,60,20.0
2026-02-28,ORD-92671,Coffee,Drinks,3,4,12,3.0
2026-02-28,ORD-32095,Chicken Wings,Appetizers,1,10,10,4.0
2026-02-28,ORD-69632,Margherita Pizza,Pizza,5,15,75,25.0
2026-02-28,ORD-48047,Margherita Pizza,Pizza,2,15,30,10.0
2026-02-28,ORD-57837,Margherita Pizza,Pizza,2,15,30,10.0
2026-02-28,ORD-85269,Caesar Salad,Salads,3,12,36,12.0
2026-02-28,ORD-95692,Coffee,Drinks,1,4,4,1.0
2026-02-28,ORD-79087,Coffee,Drinks,2,4,8,2.0
2026-02-28,ORD-69484,French Fries,Sides,3,5,15,4.5
2026-02-28,ORD-39737,French Fries,Sides,1,5,5,1.5
2026-02-28,ORD-99656,Chicken Wings,Appetizers,2,10,20,8.0
2026-02-28,ORD-73963,Coffee,Drinks,3,4,12,3.0
2026-03-01,ORD-68636,Chicken Wings,Appetizers,3,10,30,12.0
2026-03-01,ORD-76148,Bruschetta,Appetizers,1,7,7,2.5
2026-03-01,ORD-96915,Margherita Pizza,Pizza,3,15,45,15.0
2026-03-01,ORD-82333,Soda,Drinks,3,3,9,1.5
2026-03-01,ORD-67603,Bruschetta,Appetizers,1,7,7,2.5
2026-03-01,ORD-48976,Beef Burger,Burgers,1,14,14,6.0
2026-03-01,ORD-43589,Coffee,Drinks,2,4,8,2.0
2026-03-01,ORD-58855,Coffee,Drinks,2,4,8,2.0
2026-03-01,ORD-93914,Tiramisu,Desserts,1,8,8,3.0
2026-03-01,ORD-51416,Beef Burger,Burgers,1,14,14,6.0
2026-03-01,ORD-68078,French Fries,Sides,3,5,15,4.5
2026-03-01,ORD-38277,Beef Burger,Burgers,2,14,28,12.0
2026-03-01,ORD-44326,Caesar Salad,Salads,2,12,24,8.0
2026-03-01,ORD-67069,Coffee,Drinks,2,4,8,2.0
2026-03-01,ORD-15145,Pepperoni Pizza,Pizza,1,18,18,6.0
2026-03-01,ORD-31034,Margherita Pizza,Pizza,3,15,45,15.0
2026-03-01,ORD-50386,Margherita Pizza,Pizza,4,15,60,20.0
2026-03-01,ORD-79575,Soda,Drinks,2,3,6,1.0
2026-03-01,ORD-79470,Margherita Pizza,Pizza,3,15,45,15.0
2026-03-01,ORD-38083,Tiramisu,Desserts,1,8,8,3.0
2026-03-01,ORD-52805,Beef Burger,Burgers,2,14,28,12.0
2026-03-01,ORD-24677,Chicken Wings,Appetizers,3,10,30,12.0
2026-03-01,ORD-30667,Soda,Drinks,2,3,6,1.0
2026-03-01,ORD-96946,French Fries,Sides,2,5,10,3.0
2026-03-01,ORD-66650,Coffee,Drinks,1,4,4,1.0
2026-03-01,ORD-34852,Margherita Pizza,Pizza,2,15,30,10.0
2026-03-01,ORD-40610,French Fries,Sides,3,5,15,4.5
2026-03-01,ORD-38105,Soda,Drinks,3,3,9,1.5
2026-03-01,ORD-96036,Margherita Pizza,Pizza,5,15,75,25.0
2026-03-01,ORD-19316,Margherita Pizza,Pizza,4,15,60,20.0
2026-03-01,ORD-16407,French Fries,Sides,1,5,5,1.5
2026-03-01,ORD-19996,Caesar Salad,Salads,2,12,24,8.0
2026-03-01,ORD-14037,Beef Burger,Burgers,2,14,28,12.0
2026-03-01,ORD-99264,French Fries,Sides,2,5,10,3.0
2026-03-01,ORD-10600,Beef Burger,Burgers,2,14,28,12.0
2026-03-01,ORD-96143,Tiramisu,Desserts,1,8,8,3.0
2026-03-01,ORD-29378,Caesar Salad,Salads,2,12,24,8.0
2026-03-01,ORD-92713,Coffee,Drinks,1,4,4,1.0
2026-03-01,ORD-62464,Margherita Pizza,Pizza,2,15,30,10.0
2026-03-01,ORD-71007,Soda,Drinks,3,3,9,1.5
2026-03-01,ORD-96308,Beef Burger,Burgers,3,14,42,18.0
2026-03-01,ORD-58043,Caesar Salad,Salads,1,12,12,4.0
2026-03-01,ORD-58561,Beef Burger,Burgers,1,14,14,6.0
2026-03-01,ORD-29037,French Fries,Sides,2,5,10,3.0
2026-03-01,ORD-16556,Tiramisu,Desserts,2,8,16,6.0
2026-03-01,ORD-81857,French Fries,Sides,3,5,15,4.5
2026-03-01,ORD-47287,Chicken Wings,Appetizers,1,10,10,4.0
2026-03-01,ORD-72243,Coffee,Drinks,1,4,4,1.0
2026-03-01,ORD-70509,Beef Burger,Burgers,1,14,14,6.0
2026-03-01,ORD-42203,Soda,Drinks,1,3,3,0.5
2026-03-01,ORD-78413,Soda,Drinks,2,3,6,1.0
2026-03-01,ORD-24257,Pepperoni Pizza,Pizza,1,18,18,6.0
2026-03-01,ORD-11641,Tiramisu,Desserts,3,8,24,9.0
2026-03-01,ORD-54793,Beef Burger,Burgers,1,14,14,6.0
2026-03-01,ORD-30019,Tiramisu,Desserts,1,8,8,3.0
2026-03-01,ORD-92470,Beef Burger,Burgers,3,14,42,18.0
2026-03-01,ORD-57399,Caesar Salad,Salads,1,12,12,4.0
2026-03-01,ORD-35467,Soda,Drinks,1,3,3,0.5
2026-03-01,ORD-75803,French Fries,Sides,2,5,10,3.0
2026-03-01,ORD-53814,Caesar Salad,Salads,2,12,24,8.0
2026-03-01,ORD-81354,Tiramisu,Desserts,3,8,24,9.0
2026-03-01,ORD-88157,French Fries,Sides,1,5,5,1.5
2026-03-01,ORD-70800,Beef Burger,Burgers,1,14,14,6.0
2026-03-01,ORD-63206,Coffee,Drinks,1,4,4,1.0
2026-03-01,ORD-97590,Chicken Wings,Appetizers,1,10,10,4.0
2026-03-01,ORD-19846,Coffee,Drinks,2,4,8,2.0
2026-03-01,ORD-26523,Beef Burger,Burgers,2,14,28,12.0
2026-03-01,ORD-23326,Pepperoni Pizza,Pizza,1,18,18,6.0
2026-03-01,ORD-52238,Beef Burger,Burgers,3,14,42,18.0
2026-03-01,ORD-95244,Beef Burger,Burgers,3,14,42,18.0
2026-03-01,ORD-98663,Tiramisu,Desserts,3,8,24,9.0
2026-03-01,ORD-59488,Chicken Wings,Appetizers,3,10,30,12.0
2026-03-01,ORD-32499,Chicken Wings,Appetizers,3,10,30,12.0
2026-03-01,ORD-91743,Margherita Pizza,Pizza,3,15,45,15.0
2026-03-01,ORD-33331,Margherita Pizza,Pizza,4,15,60,20.0
2026-03-01,ORD-99442,Beef Burger,Burgers,2,14,28,12.0
2026-03-01,ORD-57529,Tiramisu,Desserts,1,8,8,3.0
2026-03-02,ORD-67114,Chicken Wings,Appetizers,1,10,10,4.0
2026-03-02,ORD-77565,French Fries,Sides,3,5,15,4.5
2026-03-02,ORD-41625,Chicken Wings,Appetizers,2,10,20,8.0
2026-03-02,ORD-15507,Soda,Drinks,1,3,3,0.5
2026-03-02,ORD-40894,Tiramisu,Desserts,1,8,8,3.0
2026-03-02,ORD-35762,Coffee,Drinks,1,4,4,1.0
2026-03-02,ORD-12816,Beef Burger,Burgers,1,14,14,6.0
2026-03-02,ORD-57432,Margherita Pizza,Pizza,3,15,45,15.0
2026-03-02,ORD-75950,Coffee,Drinks,3,4,12,3.0
2026-03-02,ORD-50219,Pepperoni Pizza,Pizza,2,18,36,12.0
2026-03-02,ORD-86634,Caesar Salad,Salads,2,12,24,8.0
2026-03-02,ORD-33132,Soda,Drinks,1,3,3,0.5
2026-03-02,ORD-36316,Beef Burger,Burgers,3,14,42,18.0
2026-03-02,ORD-49076,Soda,Drinks,1,3,3,0.5
2026-03-02,ORD-45314,Caesar Salad,Salads,1,12,12,4.0
2026-03-02,ORD-92681,Soda,Drinks,2,3,6,1.0
2026-03-02,ORD-93039,Caesar Salad,Salads,3,12,36,12.0
2026-03-02,ORD-60044,French Fries,Sides,3,5,15,4.5
2026-03-02,ORD-96147,Bruschetta,Appetizers,1,7,7,2.5
2026-03-02,ORD-92298,French Fries,Sides,2,5,10,3.0
2026-03-02,ORD-32546,Caesar Salad,Salads,2,12,24,8.0
2026-03-02,ORD-92953,Bruschetta,Appetizers,1,7,7,2.5
2026-03-02,ORD-32852,Chicken Wings,Appetizers,3,10,30,12.0
2026-03-02,ORD-91664,Soda,Drinks,2,3,6,1.0
2026-03-02,ORD-78216,Caesar Salad,Salads,2,12,24,8.0
2026-03-02,ORD-29916,Pepperoni Pizza,Pizza,3,18,54,18.0
2026-03-02,ORD-10142,Pepperoni Pizza,Pizza,1,18,18,6.0
2026-03-02,ORD-92206,Beef Burger,Burgers,1,14,14,6.0
2026-03-03,ORD-92680,French Fries,Sides,3,5,15,4.5
2026-03-03,ORD-76555,Coffee,Drinks,1,4,4,1.0
2026-03-03,ORD-15250,Tiramisu,Desserts,1,8,8,3.0
2026-03-03,ORD-79118,Beef Burger,Burgers,2,14,28,12.0
2026-03-03,ORD-80430,Caesar Salad,Salads,1,12,12,4.0
2026-03-03,ORD-64894,Pepperoni Pizza,Pizza,3,18,54,18.0
2026-03-03,ORD-28871,Beef Burger,Burgers,1,14,14,6.0
2026-03-03,ORD-12586,French Fries,Sides,3,5,15,4.5
2026-03-03,ORD-79327,Tiramisu,Desserts,1,8,8,3.0
2026-03-03,ORD-76590,Pepperoni Pizza,Pizza,1,18,18,6.0
2026-03-03,ORD-42459,French Fries,Sides,2,5,10,3.0
2026-03-03,ORD-40880,Soda,Drinks,2,3,6,1.0
2026-03-03,ORD-71347,Margherita Pizza,Pizza,2,15,30,10.0
2026-03-03,ORD-71365,Tiramisu,Desserts,1,8,8,3.0
2026-03-03,ORD-90251,Beef Burger,Burgers,2,14,28,12.0
2026-03-03,ORD-20288,Caesar Salad,Salads,3,12,36,12.0
2026-03-03,ORD-31125,Pepperoni Pizza,Pizza,1,18,18,6.0
2026-03-03,ORD-73845,Margherita Pizza,Pizza,3,15,45,15.0
2026-03-03,ORD-17002,Pepperoni Pizza,Pizza,2,18,36,12.0
2026-03-03,ORD-37164,Coffee,Drinks,2,4,8,2.0
2026-03-03,ORD-23718,Caesar Salad,Salads,3,12,36,12.0
2026-03-03,ORD-83092,Beef Burger,Burgers,1,14,14,6.0
2026-03-03,ORD-69108,Tiramisu,Desserts,1,8,8,3.0
2026-03-03,ORD-27019,Caesar Salad,Salads,2,12,24,8.0
2026-03-03,ORD-36104,Chicken Wings,Appetizers,2,10,20,8.0
2026-03-03,ORD-66339,Beef Burger,Burgers,1,14,14,6.0
2026-03-03,ORD-23420,Coffee,Drinks,2,4,8,2.0
2026-03-03,ORD-87020,Caesar Salad,Salads,2,12,24,8.0
2026-03-03,ORD-96151,Pepperoni Pizza,Pizza,2,18,36,12.0
2026-03-03,ORD-97752,Tiramisu,Desserts,2,8,16,6.0
2026-03-03,ORD-42179,Soda,Drinks,1,3,3,0.5
2026-03-03,ORD-94065,Coffee,Drinks,2,4,8,2.0
2026-03-03,ORD-27755,Caesar Salad,Salads,1,12,12,4.0
2026-03-03,ORD-28293,Chicken Wings,Appetizers,1,10,10,4.0
2026-03-03,ORD-26170,Chicken Wings,Appetizers,3,10,30,12.0
2026-03-03,ORD-46577,Bruschetta,Appetizers,1,7,7,2.5
2026-03-03,ORD-77939,Bruschetta,Appetizers,1,7,7,2.5
2026-03-03,ORD-71298,Chicken Wings,Appetizers,3,10,30,12.0
2026-03-03,ORD-81416,Tiramisu,Desserts,1,8,8,3.0
2026-03-03,ORD-36861,Soda,Drinks,1,3,3,0.5
2026-03-03,ORD-74156,Tiramisu,Desserts,3,8,24,9.0
2026-03-03,ORD-17825,Tiramisu,Desserts,2,8,16,6.0
2026-03-03,ORD-76136,Chicken Wings,Appetizers,2,10,20,8.0
2026-03-03,ORD-78218,Margherita Pizza,Pizza,5,15,75,25.0
2026-03-03,ORD-84360,Beef Burger,Burgers,1,14,14,6.0
2026-03-03,ORD-60545,Soda,Drinks,1,3,3,0.5
2026-03-03,ORD-71716,Beef Burger,Burgers,3,14,42,18.0
2026-03-03,ORD-20081,Tiramisu,Desserts,2,8,16,6.0
2026-03-03,ORD-94337,Soda,Drinks,3,3,9,1.5
2026-03-03,ORD-92869,Soda,Drinks,1,3,3,0.5
2026-03-03,ORD-41220,Tiramisu,Desserts,3,8,24,9.0
2026-03-03,ORD-20064,Bruschetta,Appetizers,1,7,7,2.5
2026-03-04,ORD-30019,Soda,Drinks,3,3,9,1.5
2026-03-04,ORD-15847,French Fries,Sides,3,5,15,4.5
2026-03-04,ORD-75928,Beef Burger,Burgers,2,14,28,12.0
2026-03-04,ORD-25058,Beef Burger,Burgers,3,14,42,18.0
2026-03-04,ORD-19522,Chicken Wings,Appetizers,3,10,30,12.0
2026-03-04,ORD-67883,Chicken Wings,Appetizers,1,10,10,4.0
2026-03-04,ORD-13006,Margherita Pizza,Pizza,4,15,60,20.0
2026-03-04,ORD-27190,Tiramisu,Desserts,2,8,16,6.0
2026-03-04,ORD-79777,Soda,Drinks,2,3,6,1.0
2026-03-04,ORD-98234,Margherita Pizza,Pizza,4,15,60,20.0
2026-03-04,ORD-95371,Margherita Pizza,Pizza,4,15,60,20.0
2026-03-04,ORD-28965,Pepperoni Pizza,Pizza,1,18,18,6.0
2026-03-04,ORD-95022,Caesar Salad,Salads,3,12,36,12.0
2026-03-04,ORD-93084,Soda,Drinks,1,3,3,0.5
2026-03-04,ORD-85783,Bruschetta,Appetizers,1,7,7,2.5
2026-03-04,ORD-18778,Coffee,Drinks,1,4,4,1.0
2026-03-04,ORD-72380,Chicken Wings,Appetizers,2,10,20,8.0
2026-03-04,ORD-10270,Beef Burger,Burgers,2,14,28,12.0
2026-03-04,ORD-51588,Bruschetta,Appetizers,1,7,7,2.5
2026-03-04,ORD-80411,Caesar Salad,Salads,2,12,24,8.0
2026-03-04,ORD-76230,Caesar Salad,Salads,3,12,36,12.0
2026-03-04,ORD-94861,French Fries,Sides,1,5,5,1.5
2026-03-04,ORD-74965,Margherita Pizza,Pizza,2,15,30,10.0
2026-03-04,ORD-98313,Soda,Drinks,3,3,9,1.5
2026-03-04,ORD-62298,French Fries,Sides,1,5,5,1.5
2026-03-04,ORD-78228,Chicken Wings,Appetizers,2,10,20,8.0
2026-03-04,ORD-38158,Pepperoni Pizza,Pizza,2,18,36,12.0
2026-03-04,ORD-99068,Beef Burger,Burgers,1,14,14,6.0
2026-03-04,ORD-55367,Tiramisu,Desserts,2,8,16,6.0
2026-03-05,ORD-21285,Caesar Salad,Salads,3,12,36,12.0
2026-03-05,ORD-68738,Pepperoni Pizza,Pizza,2,18,36,12.0
2026-03-05,ORD-71751,Bruschetta,Appetizers,1,7,7,2.5
2026-03-05,ORD-35476,Caesar Salad,Salads,3,12,36,12.0
2026-03-05,ORD-56177,Beef Burger,Burgers,2,14,28,12.0
2026-03-05,ORD-43776,Coffee,Drinks,2,4,8,2.0
2026-03-05,ORD-80878,Caesar Salad,Salads,1,12,12,4.0
2026-03-05,ORD-31833,Pepperoni Pizza,Pizza,2,18,36,12.0
2026-03-05,ORD-92423,Tiramisu,Desserts,3,8,24,9.0
2026-03-05,ORD-80698,Tiramisu,Desserts,3,8,24,9.0
2026-03-05,ORD-37399,Soda,Drinks,3,3,9,1.5
2026-03-05,ORD-80709,Pepperoni Pizza,Pizza,3,18,54,18.0
2026-03-05,ORD-38504,Beef Burger,Burgers,1,14,14,6.0
2026-03-05,ORD-27035,French Fries,Sides,3,5,15,4.5
2026-03-05,ORD-72815,Bruschetta,Appetizers,1,7,7,2.5
2026-03-05,ORD-40492,Coffee,Drinks,2,4,8,2.0
2026-03-05,ORD-70438,Beef Burger,Burgers,3,14,42,18.0
2026-03-05,ORD-97973,Soda,Drinks,3,3,9,1.5
2026-03-05,ORD-80032,Margherita Pizza,Pizza,3,15,45,15.0
2026-03-05,ORD-15128,Soda,Drinks,2,3,6,1.0
2026-03-05,ORD-54173,Chicken Wings,Appetizers,3,10,30,12.0
2026-03-05,ORD-77233,Chicken Wings,Appetizers,1,10,10,4.0
2026-03-05,ORD-17031,Soda,Drinks,2,3,6,1.0
2026-03-05,ORD-19129,Chicken Wings,Appetizers,1,10,10,4.0
2026-03-05,ORD-16280,Coffee,Drinks,3,4,12,3.0
2026-03-05,ORD-83873,Caesar Salad,Salads,1,12,12,4.0
2026-03-05,ORD-46036,Beef Burger,Burgers,3,14,42,18.0
2026-03-05,ORD-76499,Tiramisu,Desserts,3,8,24,9.0
2026-03-05,ORD-84606,Coffee,Drinks,3,4,12,3.0
2026-03-05,ORD-17996,Chicken Wings,Appetizers,2,10,20,8.0
2026-03-05,ORD-68511,Coffee,Drinks,1,4,4,1.0
2026-03-06,ORD-53170,Coffee,Drinks,3,4,12,3.0
2026-03-06,ORD-25575,Beef Burger,Burgers,2,14,28,12.0
2026-03-06,ORD-45722,Caesar Salad,Salads,2,12,24,8.0
2026-03-06,ORD-94107,Beef Burger,Burgers,1,14,14,6.0
2026-03-06,ORD-38440,Tiramisu,Desserts,3,8,24,9.0
2026-03-06,ORD-45954,Pepperoni Pizza,Pizza,2,18,36,12.0
2026-03-06,ORD-12920,Margherita Pizza,Pizza,4,15,60,20.0
2026-03-06,ORD-99337,Tiramisu,Desserts,2,8,16,6.0
2026-03-06,ORD-96645,Chicken Wings,Appetizers,3,10,30,12.0
2026-03-06,ORD-88839,Pepperoni Pizza,Pizza,2,18,36,12.0
2026-03-06,ORD-51914,Pepperoni Pizza,Pizza,1,18,18,6.0
2026-03-06,ORD-60551,Chicken Wings,Appetizers,2,10,20,8.0
2026-03-06,ORD-93554,Chicken Wings,Appetizers,1,10,10,4.0
2026-03-06,ORD-19202,French Fries,Sides,1,5,5,1.5
2026-03-06,ORD-72602,Chicken Wings,Appetizers,1,10,10,4.0
2026-03-06,ORD-43899,Bruschetta,Appetizers,1,7,7,2.5
2026-03-06,ORD-37733,French Fries,Sides,2,5,10,3.0
2026-03-06,ORD-17284,Beef Burger,Burgers,1,14,14,6.0
2026-03-06,ORD-41161,Pepperoni Pizza,Pizza,1,18,18,6.0
2026-03-06,ORD-71118,Chicken Wings,Appetizers,1,10,10,4.0
2026-03-06,ORD-72330,Coffee,Drinks,2,4,8,2.0
2026-03-06,ORD-57978,Pepperoni Pizza,Pizza,2,18,36,12.0
2026-03-06,ORD-82346,Coffee,Drinks,3,4,12,3.0
2026-03-06,ORD-35111,Coffee,Drinks,1,4,4,1.0
2026-03-06,ORD-58637,Beef Burger,Burgers,3,14,42,18.0
2026-03-06,ORD-44433,Coffee,Drinks,2,4,8,2.0
2026-03-06,ORD-71816,Beef Burger,Burgers,1,14,14,6.0
2026-03-06,ORD-20055,Margherita Pizza,Pizza,5,15,75,25.0
2026-03-06,ORD-71169,Pepperoni Pizza,Pizza,3,18,54,18.0
2026-03-06,ORD-70612,Margherita Pizza,Pizza,3,15,45,15.0
2026-03-06,ORD-45501,Beef Burger,Burgers,1,14,14,6.0
2026-03-06,ORD-67719,Soda,Drinks,2,3,6,1.0
2026-03-06,ORD-88124,French Fries,Sides,2,5,10,3.0
2026-03-06,ORD-78909,Caesar Salad,Salads,1,12,12,4.0
2026-03-06,ORD-54770,Caesar Salad,Salads,2,12,24,8.0
2026-03-06,ORD-39563,French Fries,Sides,3,5,15,4.5
2026-03-06,ORD-84957,Bruschetta,Appetizers,1,7,7,2.5
2026-03-06,ORD-22175,Chicken Wings,Appetizers,2,10,20,8.0
2026-03-06,ORD-33863,Bruschetta,Appetizers,1,7,7,2.5
2026-03-06,ORD-20106,Pepperoni Pizza,Pizza,1,18,18,6.0
2026-03-06,ORD-54969,Coffee,Drinks,3,4,12,3.0
2026-03-06,ORD-15753,Beef Burger,Burgers,3,14,42,18.0
2026-03-06,ORD-24162,Pepperoni Pizza,Pizza,2,18,36,12.0
2026-03-06,ORD-58196,Caesar Salad,Salads,1,12,12,4.0
2026-03-06,ORD-73639,Pepperoni Pizza,Pizza,1,18,18,6.0
2026-03-06,ORD-82408,French Fries,Sides,1,5,5,1.5
2026-03-06,ORD-42987,Soda,Drinks,1,3,3,0.5
2026-03-06,ORD-93974,French Fries,Sides,3,5,15,4.5
2026-03-06,ORD-60763,Tiramisu,Desserts,3,8,24,9.0
2026-03-06,ORD-79207,Pepperoni Pizza,Pizza,1,18,18,6.0
2026-03-06,ORD-82016,Beef Burger,Burgers,3,14,42,18.0
2026-03-06,ORD-24229,Bruschetta,Appetizers,1,7,7,2.5
2026-03-06,ORD-81921,Tiramisu,Desserts,2,8,16,6.0
2026-03-06,ORD-43639,Pepperoni Pizza,Pizza,1,18,18,6.0
2026-03-06,ORD-44778,Tiramisu,Desserts,1,8,8,3.0
2026-03-06,ORD-47014,Tiramisu,Desserts,3,8,24,9.0
2026-03-06,ORD-35945,Bruschetta,Appetizers,1,7,7,2.5
2026-03-06,ORD-14577,Margherita Pizza,Pizza,4,15,60,20.0
2026-03-06,ORD-52152,Beef Burger,Burgers,3,14,42,18.0
2026-03-06,ORD-94321,French Fries,Sides,1,5,5,1.5
2026-03-06,ORD-18174,Tiramisu,Desserts,2,8,16,6.0
2026-03-06,ORD-43564,French Fries,Sides,3,5,15,4.5
2026-03-06,ORD-88319,Chicken Wings,Appetizers,3,10,30,12.0
2026-03-06,ORD-57326,French Fries,Sides,3,5,15,4.5
2026-03-06,ORD-88442,Chicken Wings,Appetizers,3,10,30,12.0
2026-03-06,ORD-98245,Soda,Drinks,3,3,9,1.5
2026-03-06,ORD-69981,Pepperoni Pizza,Pizza,1,18,18,6.0
2026-03-06,ORD-11981,Tiramisu,Desserts,3,8,24,9.0
2026-03-06,ORD-72864,Coffee,Drinks,2,4,8,2.0
2026-03-06,ORD-45398,Pepperoni Pizza,Pizza,2,18,36,12.0
2026-03-06,ORD-61501,Soda,Drinks,3,3,9,1.5
2026-03-06,ORD-67111,Soda,Drinks,3,3,9,1.5
2026-03-06,ORD-17158,Beef Burger,Burgers,3,14,42,18.0
2026-03-06,ORD-60723,Pepperoni Pizza,Pizza,1,18,18,6.0
2026-03-06,ORD-83212,Tiramisu,Desserts,1,8,8,3.0
2026-03-06,ORD-30642,Caesar Salad,Salads,1,12,12,4.0
2026-03-06,ORD-55699,French Fries,Sides,2,5,10,3.0
2026-03-06,ORD-35201,Soda,Drinks,3,3,9,1.5
2026-03-06,ORD-79276,Tiramisu,Desserts,3,8,24,9.0
2026-03-06,ORD-53264,French Fries,Sides,2,5,10,3.0
2026-03-06,ORD-92138,Coffee,Drinks,1,4,4,1.0
2026-03-06,ORD-30470,Pepperoni Pizza,Pizza,2,18,36,12.0
2026-03-06,ORD-94294,French Fries,Sides,3,5,15,4.5
2026-03-06,ORD-91580,French Fries,Sides,2,5,10,3.0
2026-03-06,ORD-41644,Caesar Salad,Salads,3,12,36,12.0
2026-03-06,ORD-38952,Margherita Pizza,Pizza,2,15,30,10.0
2026-03-06,ORD-54383,French Fries,Sides,2,5,10,3.0
2026-03-06,ORD-91765,French Fries,Sides,3,5,15,4.5
2026-03-06,ORD-97327,Coffee,Drinks,3,4,12,3.0
2026-03-06,ORD-78252,French Fries,Sides,2,5,10,3.0
2026-03-06,ORD-80823,Tiramisu,Desserts,2,8,16,6.0
2026-03-06,ORD-69610,Chicken Wings,Appetizers,2,10,20,8.0
2026-03-06,ORD-72809,Caesar Salad,Salads,1,12,12,4.0
2026-03-06,ORD-61903,Coffee,Drinks,1,4,4,1.0
2026-03-06,ORD-24614,Soda,Drinks,1,3,3,0.5
2026-03-06,ORD-84538,French Fries,Sides,2,5,10,3.0
2026-03-06,ORD-25024,Caesar Salad,Salads,1,12,12,4.0
2026-03-06,ORD-94655,French Fries,Sides,2,5,10,3.0
2026-03-07,ORD-75635,Coffee,Drinks,3,4,12,3.0
2026-03-07,ORD-60901,Chicken Wings,Appetizers,3,10,30,12.0
2026-03-07,ORD-56042,Margherita Pizza,Pizza,3,15,45,15.0
2026-03-07,ORD-92473,Chicken Wings,Appetizers,1,10,10,4.0
2026-03-07,ORD-10481,Caesar Salad,Salads,3,12,36,12.0
2026-03-07,ORD-79462,Pepperoni Pizza,Pizza,2,18,36,12.0
2026-03-07,ORD-26458,French Fries,Sides,3,5,15,4.5
2026-03-07,ORD-48292,Pepperoni Pizza,Pizza,3,18,54,18.0
2026-03-07,ORD-74785,Caesar Salad,Salads,1,12,12,4.0
2026-03-07,ORD-93444,Tiramisu,Desserts,2,8,16,6.0
2026-03-07,ORD-37904,Tiramisu,Desserts,1,8,8,3.0
2026-03-07,ORD-72057,Margherita Pizza,Pizza,2,15,30,10.0
2026-03-07,ORD-74424,Beef Burger,Burgers,3,14,42,18.0
2026-03-07,ORD-20917,French Fries,Sides,1,5,5,1.5
2026-03-07,ORD-62161,Chicken Wings,Appetizers,3,10,30,12.0
2026-03-07,ORD-79397,Pepperoni Pizza,Pizza,3,18,54,18.0
2026-03-07,ORD-97531,Pepperoni Pizza,Pizza,1,18,18,6.0
2026-03-07,ORD-68310,Coffee,Drinks,2,4,8,2.0
2026-03-07,ORD-34620,Coffee,Drinks,3,4,12,3.0
2026-03-07,ORD-65848,Chicken Wings,Appetizers,1,10,10,4.0
2026-03-07,ORD-62250,Margherita Pizza,Pizza,3,15,45,15.0
2026-03-07,ORD-65358,French Fries,Sides,2,5,10,3.0
2026-03-07,ORD-83132,Pepperoni Pizza,Pizza,3,18,54,18.0
2026-03-07,ORD-66375,Beef Burger,Burgers,3,14,42,18.0
2026-03-07,ORD-65360,Beef Burger,Burgers,2,14,28,12.0
2026-03-07,ORD-34946,Soda,Drinks,2,3,6,1.0
2026-03-07,ORD-37082,French Fries,Sides,2,5,10,3.0
2026-03-07,ORD-28186,Soda,Drinks,2,3,6,1.0
2026-03-07,ORD-60141,Soda,Drinks,3,3,9,1.5
2026-03-07,ORD-52251,Caesar Salad,Salads,1,12,12,4.0
2026-03-07,ORD-13469,Pepperoni Pizza,Pizza,2,18,36,12.0
2026-03-07,ORD-48437,Soda,Drinks,3,3,9,1.5
2026-03-07,ORD-11564,Soda,Drinks,3,3,9,1.5
2026-03-07,ORD-36457,Beef Burger,Burgers,3,14,42,18.0
2026-03-07,ORD-82086,Beef Burger,Burgers,3,14,42,18.0
2026-03-07,ORD-95398,Coffee,Drinks,1,4,4,1.0
2026-03-07,ORD-58963,French Fries,Sides,2,5,10,3.0
2026-03-07,ORD-62691,Pepperoni Pizza,Pizza,3,18,54,18.0
2026-03-07,ORD-69090,French Fries,Sides,1,5,5,1.5
2026-03-07,ORD-77620,Coffee,Drinks,2,4,8,2.0
2026-03-07,ORD-99088,Pepperoni Pizza,Pizza,2,18,36,12.0
2026-03-07,ORD-35391,Caesar Salad,Salads,1,12,12,4.0
2026-03-07,ORD-74627,Coffee,Drinks,2,4,8,2.0
2026-03-07,ORD-55574,French Fries,Sides,1,5,5,1.5
2026-03-07,ORD-77350,Soda,Drinks,1,3,3,0.5
2026-03-07,ORD-97169,French Fries,Sides,3,5,15,4.5
2026-03-07,ORD-42838,Soda,Drinks,1,3,3,0.5
2026-03-07,ORD-32791,Beef Burger,Burgers,3,14,42,18.0
2026-03-07,ORD-30329,Margherita Pizza,Pizza,5,15,75,25.0
2026-03-07,ORD-62405,Coffee,Drinks,2,4,8,2.0
2026-03-07,ORD-92198,French Fries,Sides,1,5,5,1.5
2026-03-07,ORD-28366,Caesar Salad,Salads,2,12,24,8.0
2026-03-07,ORD-62794,Caesar Salad,Salads,2,12,24,8.0
2026-03-07,ORD-86317,Bruschetta,Appetizers,1,7,7,2.5
2026-03-07,ORD-76484,Caesar Salad,Salads,1,12,12,4.0
2026-03-07,ORD-27160,Bruschetta,Appetizers,1,7,7,2.5
2026-03-07,ORD-73644,Tiramisu,Desserts,2,8,16,6.0
2026-03-07,ORD-54209,Tiramisu,Desserts,3,8,24,9.0
2026-03-07,ORD-11662,Bruschetta,Appetizers,1,7,7,2.5
2026-03-07,ORD-53465,Pepperoni Pizza,Pizza,1,18,18,6.0
2026-03-07,ORD-60472,Caesar Salad,Salads,3,12,36,12.0
2026-03-07,ORD-88688,Margherita Pizza,Pizza,5,15,75,25.0
2026-03-07,ORD-33494,Caesar Salad,Salads,2,12,24,8.0
2026-03-07,ORD-74452,Margherita Pizza,Pizza,5,15,75,25.0
2026-03-07,ORD-15033,Coffee,Drinks,1,4,4,1.0
2026-03-07,ORD-17275,Caesar Salad,Salads,3,12,36,12.0
2026-03-07,ORD-89469,Pepperoni Pizza,Pizza,1,18,18,6.0
2026-03-07,ORD-93950,Beef Burger,Burgers,2,14,28,12.0
2026-03-07,ORD-62935,Bruschetta,Appetizers,1,7,7,2.5
2026-03-07,ORD-86778,Margherita Pizza,Pizza,5,15,75,25.0
2026-03-07,ORD-76287,Caesar Salad,Salads,3,12,36,12.0
2026-03-07,ORD-74947,French Fries,Sides,1,5,5,1.5
2026-03-07,ORD-64340,French Fries,Sides,1,5,5,1.5
2026-03-07,ORD-74219,Beef Burger,Burgers,3,14,42,18.0
2026-03-07,ORD-68464,Soda,Drinks,1,3,3,0.5
2026-03-07,ORD-13219,Beef Burger,Burgers,2,14,28,12.0
2026-03-07,ORD-53249,Soda,Drinks,3,3,9,1.5
2026-03-07,ORD-65867,Caesar Salad,Salads,3,12,36,12.0
2026-03-07,ORD-68371,French Fries,Sides,2,5,10,3.0
2026-03-07,ORD-38984,Tiramisu,Desserts,1,8,8,3.0
2026-03-07,ORD-18599,Tiramisu,Desserts,2,8,16,6.0
2026-03-07,ORD-87049,Caesar Salad,Salads,3,12,36,12.0
2026-03-07,ORD-62537,Margherita Pizza,Pizza,2,15,30,10.0
2026-03-07,ORD-12362,Soda,Drinks,2,3,6,1.0
2026-03-07,ORD-99865,Caesar Salad,Salads,1,12,12,4.0
2026-03-07,ORD-22167,Beef Burger,Burgers,2,14,28,12.0
2026-03-07,ORD-15065,Beef Burger,Burgers,2,14,28,12.0
2026-03-07,ORD-75508,Pepperoni Pizza,Pizza,1,18,18,6.0
2026-03-07,ORD-21228,Beef Burger,Burgers,1,14,14,6.0
2026-03-07,ORD-20604,Bruschetta,Appetizers,1,7,7,2.5
2026-03-07,ORD-92139,Pepperoni Pizza,Pizza,1,18,18,6.0
2026-03-07,ORD-96150,French Fries,Sides,2,5,10,3.0
2026-03-07,ORD-64710,French Fries,Sides,3,5,15,4.5
2026-03-07,ORD-75529,French Fries,Sides,2,5,10,3.0
2026-03-07,ORD-73202,Pepperoni Pizza,Pizza,1,18,18,6.0
2026-03-07,ORD-95448,Beef Burger,Burgers,3,14,42,18.0
2026-03-07,ORD-64596,French Fries,Sides,1,5,5,1.5
2026-03-07,ORD-10279,Soda,Drinks,3,3,9,1.5
2026-03-07,ORD-60579,French Fries,Sides,1,5,5,1.5
2026-03-07,ORD-69270,French Fries,Sides,3,5,15,4.5
2026-03-07,ORD-20534,Margherita Pizza,Pizza,5,15,75,25.0
2026-03-07,ORD-25332,Caesar Salad,Salads,2,12,24,8.0
2026-03-07,ORD-80176,Caesar Salad,Salads,1,12,12,4.0
2026-03-07,ORD-97319,Pepperoni Pizza,Pizza,2,18,36,12.0
2026-03-07,ORD-56861,Margherita Pizza,Pizza,4,15,60,20.0
2026-03-07,ORD-90810,Coffee,Drinks,2,4,8,2.0
2026-03-07,ORD-25696,French Fries,Sides,1,5,5,1.5
2026-03-07,ORD-42643,Coffee,Drinks,1,4,4,1.0
2026-03-07,ORD-69084,Margherita Pizza,Pizza,3,15,45,15.0
2026-03-07,ORD-42914,Chicken Wings,Appetizers,2,10,20,8.0
2026-03-07,ORD-25646,Chicken Wings,Appetizers,3,10,30,12.0
2026-03-07,ORD-63760,Tiramisu,Desserts,1,8,8,3.0
2026-03-07,ORD-48218,Chicken Wings,Appetizers,1,10,10,4.0
2026-03-07,ORD-34058,Pepperoni Pizza,Pizza,2,18,36,12.0
2026-03-07,ORD-28642,Pepperoni Pizza,Pizza,3,18,54,18.0
2026-03-07,ORD-83868,Tiramisu,Desserts,2,8,16,6.0
2026-03-07,ORD-25810,French Fries,Sides,3,5,15,4.5
2026-03-07,ORD-90914,Chicken Wings,Appetizers,2,10,20,8.0
2026-03-07,ORD-41639,Tiramisu,Desserts,1,8,8,3.0
2026-03-07,ORD-29319,Margherita Pizza,Pizza,3,15,45,15.0
2026-03-07,ORD-35225,Pepperoni Pizza,Pizza,1,18,18,6.0
2026-03-08,ORD-37759,Beef Burger,Burgers,1,14,14,6.0
2026-03-08,ORD-46978,Caesar Salad,Salads,1,12,12,4.0
2026-03-08,ORD-74124,Soda,Drinks,3,3,9,1.5
2026-03-08,ORD-79528,Coffee,Drinks,3,4,12,3.0
2026-03-08,ORD-57513,Tiramisu,Desserts,1,8,8,3.0
2026-03-08,ORD-22096,Pepperoni Pizza,Pizza,3,18,54,18.0
2026-03-08,ORD-83154,Pepperoni Pizza,Pizza,2,18,36,12.0
2026-03-08,ORD-84476,Margherita Pizza,Pizza,5,15,75,25.0
2026-03-08,ORD-55470,Chicken Wings,Appetizers,2,10,20,8.0
2026-03-08,ORD-19930,Tiramisu,Desserts,3,8,24,9.0
2026-03-08,ORD-50781,Caesar Salad,Salads,3,12,36,12.0
2026-03-08,ORD-45324,Tiramisu,Desserts,1,8,8,3.0
2026-03-08,ORD-13814,Soda,Drinks,1,3,3,0.5
2026-03-08,ORD-44309,Chicken Wings,Appetizers,1,10,10,4.0
2026-03-08,ORD-91491,Chicken Wings,Appetizers,1,10,10,4.0
2026-03-08,ORD-83452,Soda,Drinks,2,3,6,1.0
2026-03-08,ORD-26550,Beef Burger,Burgers,1,14,14,6.0
2026-03-08,ORD-21112,Soda,Drinks,3,3,9,1.5
2026-03-08,ORD-60623,Tiramisu,Desserts,3,8,24,9.0
2026-03-08,ORD-82373,Bruschetta,Appetizers,1,7,7,2.5
2026-03-08,ORD-30396,Soda,Drinks,2,3,6,1.0
2026-03-08,ORD-12432,French Fries,Sides,1,5,5,1.5
2026-03-08,ORD-40667,Chicken Wings,Appetizers,1,10,10,4.0
2026-03-08,ORD-78783,Margherita Pizza,Pizza,5,15,75,25.0
2026-03-08,ORD-20662,Caesar Salad,Salads,3,12,36,12.0
2026-03-08,ORD-78403,Caesar Salad,Salads,2,12,24,8.0
2026-03-08,ORD-84751,Caesar Salad,Salads,3,12,36,12.0
2026-03-08,ORD-93527,Chicken Wings,Appetizers,2,10,20,8.0
2026-03-08,ORD-20409,Pepperoni Pizza,Pizza,2,18,36,12.0
2026-03-08,ORD-43151,Tiramisu,Desserts,2,8,16,6.0
2026-03-08,ORD-39052,Soda,Drinks,2,3,6,1.0
2026-03-08,ORD-32441,Tiramisu,Desserts,2,8,16,6.0
2026-03-08,ORD-11217,Caesar Salad,Salads,3,12,36,12.0
2026-03-08,ORD-94237,Coffee,Drinks,3,4,12,3.0
2026-03-08,ORD-20524,Beef Burger,Burgers,1,14,14,6.0
2026-03-08,ORD-82192,Chicken Wings,Appetizers,3,10,30,12.0
2026-03-08,ORD-65706,Margherita Pizza,Pizza,2,15,30,10.0
2026-03-08,ORD-76061,French Fries,Sides,3,5,15,4.5
2026-03-08,ORD-72464,Chicken Wings,Appetizers,1,10,10,4.0
2026-03-08,ORD-66322,Coffee,Drinks,1,4,4,1.0
2026-03-08,ORD-40432,Caesar Salad,Salads,1,12,12,4.0
2026-03-08,ORD-24277,Margherita Pizza,Pizza,3,15,45,15.0
2026-03-08,ORD-41279,Beef Burger,Burgers,3,14,42,18.0
2026-03-08,ORD-80208,Beef Burger,Burgers,1,14,14,6.0
2026-03-08,ORD-95827,Tiramisu,Desserts,1,8,8,3.0
2026-03-08,ORD-96096,Pepperoni Pizza,Pizza,1,18,18,6.0
2026-03-08,ORD-83707,Caesar Salad,Salads,3,12,36,12.0
2026-03-08,ORD-49495,Coffee,Drinks,1,4,4,1.0
2026-03-08,ORD-14596,Coffee,Drinks,1,4,4,1.0
2026-03-08,ORD-57939,Soda,Drinks,2,3,6,1.0
2026-03-08,ORD-16738,Margherita Pizza,Pizza,2,15,30,10.0
2026-03-08,ORD-54244,Margherita Pizza,Pizza,5,15,75,25.0
2026-03-08,ORD-42571,Beef Burger,Burgers,2,14,28,12.0
2026-03-08,ORD-29729,Beef Burger,Burgers,2,14,28,12.0
2026-03-08,ORD-38638,Caesar Salad,Salads,3,12,36,12.0
2026-03-08,ORD-82659,Margherita Pizza,Pizza,2,15,30,10.0
2026-03-08,ORD-56586,Chicken Wings,Appetizers,3,10,30,12.0
2026-03-08,ORD-73802,Margherita Pizza,Pizza,5,15,75,25.0
2026-03-08,ORD-17716,Tiramisu,Desserts,2,8,16,6.0
2026-03-08,ORD-50490,Caesar Salad,Salads,3,12,36,12.0
2026-03-08,ORD-90051,Tiramisu,Desserts,3,8,24,9.0
2026-03-08,ORD-20624,Soda,Drinks,3,3,9,1.5
2026-03-08,ORD-45339,Chicken Wings,Appetizers,3,10,30,12.0
2026-03-08,ORD-46876,Chicken Wings,Appetizers,2,10,20,8.0
2026-03-08,ORD-68856,Margherita Pizza,Pizza,3,15,45,15.0
2026-03-08,ORD-68742,Chicken Wings,Appetizers,1,10,10,4.0
2026-03-08,ORD-91238,Margherita Pizza,Pizza,2,15,30,10.0
2026-03-08,ORD-46571,Caesar Salad,Salads,3,12,36,12.0
2026-03-08,ORD-85740,Margherita Pizza,Pizza,3,15,45,15.0
2026-03-08,ORD-11975,Coffee,Drinks,1,4,4,1.0
2026-03-08,ORD-59098,Coffee,Drinks,2,4,8,2.0
2026-03-08,ORD-36515,Soda,Drinks,1,3,3,0.5
2026-03-08,ORD-82400,Beef Burger,Burgers,3,14,42,18.0
2026-03-08,ORD-81684,Coffee,Drinks,1,4,4,1.0
2026-03-08,ORD-58874,Margherita Pizza,Pizza,2,15,30,10.0
2026-03-08,ORD-18392,Tiramisu,Desserts,1,8,8,3.0
2026-03-08,ORD-73761,Pepperoni Pizza,Pizza,3,18,54,18.0
2026-03-08,ORD-33471,Chicken Wings,Appetizers,3,10,30,12.0
2026-03-08,ORD-12610,Margherita Pizza,Pizza,3,15,45,15.0
2026-03-08,ORD-13385,Tiramisu,Desserts,1,8,8,3.0
2026-03-08,ORD-73922,Coffee,Drinks,3,4,12,3.0
2026-03-08,ORD-38517,Chicken Wings,Appetizers,3,10,30,12.0
2026-03-08,ORD-19260,Pepperoni Pizza,Pizza,3,18,54,18.0
2026-03-08,ORD-69792,Coffee,Drinks,2,4,8,2.0
2026-03-08,ORD-15064,French Fries,Sides,1,5,5,1.5
2026-03-08,ORD-81093,Tiramisu,Desserts,3,8,24,9.0
2026-03-08,ORD-88829,Beef Burger,Burgers,3,14,42,18.0
2026-03-08,ORD-91984,Pepperoni Pizza,Pizza,2,18,36,12.0
2026-03-08,ORD-71433,French Fries,Sides,1,5,5,1.5
2026-03-08,ORD-35724,Coffee,Drinks,2,4,8,2.0
2026-03-08,ORD-46066,Pepperoni Pizza,Pizza,3,18,54,18.0
2026-03-08,ORD-70146,Caesar Salad,Salads,3,12,36,12.0
2026-03-08,ORD-59756,French Fries,Sides,3,5,15,4.5
2026-03-08,ORD-38991,French Fries,Sides,3,5,15,4.5
2026-03-08,ORD-33714,Margherita Pizza,Pizza,3,15,45,15.0
2026-03-08,ORD-97981,Soda,Drinks,1,3,3,0.5
2026-03-08,ORD-40480,Caesar Salad,Salads,1,12,12,4.0
2026-03-08,ORD-48769,Beef Burger,Burgers,3,14,42,18.0
2026-03-08,ORD-29736,Pepperoni Pizza,Pizza,1,18,18,6.0
2026-03-08,ORD-96196,Chicken Wings,Appetizers,3,10,30,12.0
2026-03-08,ORD-61017,French Fries,Sides,2,5,10,3.0
2026-03-08,ORD-59898,French Fries,Sides,1,5,5,1.5
2026-03-08,ORD-95619,Margherita Pizza,Pizza,5,15,75,25.0
2026-03-08,ORD-62979,Beef Burger,Burgers,1,14,14,6.0
2026-03-08,ORD-22713,Pepperoni Pizza,Pizza,1,18,18,6.0
2026-03-08,ORD-74306,Caesar Salad,Salads,3,12,36,12.0
2026-03-08,ORD-67684,Soda,Drinks,2,3,6,1.0
2026-03-08,ORD-26763,Coffee,Drinks,2,4,8,2.0
2026-03-08,ORD-14668,Beef Burger,Burgers,3,14,42,18.0
2026-03-08,ORD-47898,Chicken Wings,Appetizers,3,10,30,12.0
2026-03-08,ORD-35084,Pepperoni Pizza,Pizza,1,18,18,6.0
2026-03-08,ORD-80325,Margherita Pizza,Pizza,5,15,75,25.0
2026-03-08,ORD-20064,French Fries,Sides,1,5,5,1.5
2026-03-08,ORD-38421,Tiramisu,Desserts,2,8,16,6.0
2026-03-08,ORD-56038,Tiramisu,Desserts,3,8,24,9.0
2026-03-08,ORD-99680,French Fries,Sides,2,5,10,3.0
2026-03-08,ORD-46047,Margherita Pizza,Pizza,5,15,75,25.0
2026-03-08,ORD-54859,Soda,Drinks,3,3,9,1.5
2026-03-08,ORD-60892,Chicken Wings,Appetizers,3,10,30,12.0
2026-03-08,ORD-38138,Caesar Salad,Salads,2,12,24,8.0
2026-03-08,ORD-71297,Pepperoni Pizza,Pizza,3,18,54,18.0
2026-03-08,ORD-31493,Caesar Salad,Salads,1,12,12,4.0
2026-03-08,ORD-35163,Beef Burger,Burgers,3,14,42,18.0
2026-03-08,ORD-91791,Coffee,Drinks,1,4,4,1.0
2026-03-08,ORD-43414,Coffee,Drinks,2,4,8,2.0
2026-03-08,ORD-33433,Soda,Drinks,2,3,6,1.0
2026-03-08,ORD-84414,Soda,Drinks,3,3,9,1.5
2026-03-08,ORD-56129,French Fries,Sides,1,5,5,1.5
2026-03-08,ORD-58000,Chicken Wings,Appetizers,3,10,30,12.0
2026-03-08,ORD-41523,Tiramisu,Desserts,1,8,8,3.0
2026-03-08,ORD-37434,Coffee,Drinks,3,4,12,3.0
2026-03-08,ORD-83249,Chicken Wings,Appetizers,2,10,20,8.0
2026-03-08,ORD-38548,French Fries,Sides,2,5,10,3.0
2026-03-08,ORD-57461,Tiramisu,Desserts,3,8,24,9.0
2026-03-08,ORD-26254,Soda,Drinks,1,3,3,0.5
2026-03-08,ORD-98831,French Fries,Sides,1,5,5,1.5
2026-03-08,ORD-42090,French Fries,Sides,2,5,10,3.0
2026-03-08,ORD-13549,Beef Burger,Burgers,3,14,42,18.0
2026-03-08,ORD-58634,Coffee,Drinks,1,4,4,1.0
2026-03-08,ORD-41830,French Fries,Sides,3,5,15,4.5
2026-03-08,ORD-73851,Soda,Drinks,2,3,6,1.0
2026-03-09,ORD-43047,Tiramisu,Desserts,2,8,16,6.0
2026-03-09,ORD-21643,Beef Burger,Burgers,3,14,42,18.0
2026-03-09,ORD-84240,French Fries,Sides,3,5,15,4.5
2026-03-09,ORD-83467,French Fries,Sides,3,5,15,4.5
2026-03-09,ORD-54957,Bruschetta,Appetizers,1,7,7,2.5
2026-03-09,ORD-78332,Coffee,Drinks,2,4,8,2.0
2026-03-09,ORD-12113,Margherita Pizza,Pizza,2,15,30,10.0
2026-03-09,ORD-32383,Beef Burger,Burgers,2,14,28,12.0
2026-03-09,ORD-34830,Pepperoni Pizza,Pizza,1,18,18,6.0
2026-03-09,ORD-13437,Soda,Drinks,2,3,6,1.0
2026-03-09,ORD-56828,Coffee,Drinks,1,4,4,1.0
2026-03-09,ORD-55710,Tiramisu,Desserts,1,8,8,3.0
2026-03-09,ORD-94765,Coffee,Drinks,2,4,8,2.0
2026-03-09,ORD-36172,Chicken Wings,Appetizers,3,10,30,12.0
2026-03-09,ORD-16529,Pepperoni Pizza,Pizza,1,18,18,6.0
2026-03-09,ORD-24302,Chicken Wings,Appetizers,1,10,10,4.0
2026-03-09,ORD-99610,Chicken Wings,Appetizers,2,10,20,8.0
2026-03-09,ORD-33658,Coffee,Drinks,3,4,12,3.0
2026-03-09,ORD-50088,Tiramisu,Desserts,2,8,16,6.0
2026-03-09,ORD-90666,Beef Burger,Burgers,3,14,42,18.0
2026-03-09,ORD-28614,Coffee,Drinks,1,4,4,1.0
2026-03-09,ORD-80968,Soda,Drinks,2,3,6,1.0
2026-03-09,ORD-59594,Tiramisu,Desserts,1,8,8,3.0
2026-03-09,ORD-50226,French Fries,Sides,1,5,5,1.5
2026-03-09,ORD-59053,Coffee,Drinks,1,4,4,1.0
2026-03-09,ORD-98953,Tiramisu,Desserts,1,8,8,3.0
2026-03-09,ORD-70826,Beef Burger,Burgers,1,14,14,6.0
2026-03-09,ORD-78699,Chicken Wings,Appetizers,2,10,20,8.0
2026-03-09,ORD-24903,Coffee,Drinks,2,4,8,2.0
2026-03-09,ORD-30305,Margherita Pizza,Pizza,3,15,45,15.0
2026-03-09,ORD-76336,Tiramisu,Desserts,1,8,8,3.0
2026-03-09,ORD-33830,Beef Burger,Burgers,2,14,28,12.0
2026-03-09,ORD-35971,Pepperoni Pizza,Pizza,1,18,18,6.0
2026-03-09,ORD-51461,Beef Burger,Burgers,2,14,28,12.0
2026-03-09,ORD-67432,Pepperoni Pizza,Pizza,3,18,54,18.0
2026-03-09,ORD-41390,Bruschetta,Appetizers,1,7,7,2.5
2026-03-09,ORD-11814,Caesar Salad,Salads,1,12,12,4.0
2026-03-09,ORD-14353,Coffee,Drinks,1,4,4,1.0
2026-03-09,ORD-78681,Caesar Salad,Salads,1,12,12,4.0
2026-03-09,ORD-10473,Pepperoni Pizza,Pizza,3,18,54,18.0
2026-03-09,ORD-77251,Coffee,Drinks,1,4,4,1.0
2026-03-09,ORD-43198,Bruschetta,Appetizers,1,7,7,2.5
2026-03-09,ORD-96130,Caesar Salad,Salads,2,12,24,8.0
2026-03-09,ORD-35576,Bruschetta,Appetizers,1,7,7,2.5
2026-03-09,ORD-29829,Pepperoni Pizza,Pizza,3,18,54,18.0
2026-03-09,ORD-28416,Pepperoni Pizza,Pizza,3,18,54,18.0
2026-03-09,ORD-30660,Pepperoni Pizza,Pizza,2,18,36,12.0
2026-03-09,ORD-83153,Coffee,Drinks,3,4,12,3.0
2026-03-09,ORD-38575,Pepperoni Pizza,Pizza,2,18,36,12.0
2026-03-09,ORD-95489,Caesar Salad,Salads,3,12,36,12.0
2026-03-09,ORD-51293,Coffee,Drinks,1,4,4,1.0
2026-03-09,ORD-24261,Tiramisu,Desserts,2,8,16,6.0
2026-03-09,ORD-88894,Tiramisu,Desserts,1,8,8,3.0
2026-03-09,ORD-60535,Soda,Drinks,3,3,9,1.5
2026-03-09,ORD-90212,Coffee,Drinks,3,4,12,3.0
2026-03-09,ORD-99249,Tiramisu,Desserts,1,8,8,3.0
2026-03-09,ORD-49283,Caesar Salad,Salads,3,12,36,12.0
2026-03-09,ORD-30691,Beef Burger,Burgers,3,14,42,18.0
2026-03-10,ORD-52533,Beef Burger,Burgers,3,14,42,18.0
2026-03-10,ORD-40416,Margherita Pizza,Pizza,5,15,75,25.0
2026-03-10,ORD-17191,French Fries,Sides,3,5,15,4.5
2026-03-10,ORD-47799,Caesar Salad,Salads,2,12,24,8.0
2026-03-10,ORD-87964,French Fries,Sides,2,5,10,3.0
2026-03-10,ORD-79484,Chicken Wings,Appetizers,3,10,30,12.0
2026-03-10,ORD-32880,Beef Burger,Burgers,3,14,42,18.0
2026-03-10,ORD-51738,French Fries,Sides,1,5,5,1.5
2026-03-10,ORD-15125,Caesar Salad,Salads,3,12,36,12.0
2026-03-10,ORD-78145,Tiramisu,Desserts,1,8,8,3.0
2026-03-10,ORD-54869,French Fries,Sides,1,5,5,1.5
2026-03-10,ORD-42493,French Fries,Sides,2,5,10,3.0
2026-03-10,ORD-48823,Chicken Wings,Appetizers,3,10,30,12.0
2026-03-10,ORD-17634,Tiramisu,Desserts,2,8,16,6.0
2026-03-10,ORD-65127,Bruschetta,Appetizers,1,7,7,2.5
2026-03-10,ORD-33277,Chicken Wings,Appetizers,3,10,30,12.0
2026-03-10,ORD-26610,Beef Burger,Burgers,3,14,42,18.0
2026-03-10,ORD-80028,Coffee,Drinks,2,4,8,2.0
2026-03-10,ORD-27928,Beef Burger,Burgers,3,14,42,18.0
2026-03-10,ORD-47449,Margherita Pizza,Pizza,3,15,45,15.0
2026-03-10,ORD-22047,Caesar Salad,Salads,2,12,24,8.0
2026-03-10,ORD-77962,French Fries,Sides,2,5,10,3.0
2026-03-10,ORD-35517,French Fries,Sides,1,5,5,1.5
2026-03-10,ORD-65129,Margherita Pizza,Pizza,2,15,30,10.0
2026-03-10,ORD-10139,Soda,Drinks,3,3,9,1.5
2026-03-10,ORD-60202,Margherita Pizza,Pizza,3,15,45,15.0
2026-03-10,ORD-65328,French Fries,Sides,1,5,5,1.5
2026-03-10,ORD-27723,Tiramisu,Desserts,3,8,24,9.0
2026-03-10,ORD-94974,French Fries,Sides,2,5,10,3.0
2026-03-10,ORD-48844,Beef Burger,Burgers,1,14,14,6.0
2026-03-10,ORD-96877,Chicken Wings,Appetizers,3,10,30,12.0
2026-03-10,ORD-67675,Bruschetta,Appetizers,1,7,7,2.5
2026-03-10,ORD-19515,Beef Burger,Burgers,2,14,28,12.0
2026-03-10,ORD-38036,Soda,Drinks,1,3,3,0.5
2026-03-10,ORD-71551,Tiramisu,Desserts,1,8,8,3.0
2026-03-10,ORD-18562,Tiramisu,Desserts,2,8,16,6.0
2026-03-10,ORD-42350,Tiramisu,Desserts,2,8,16,6.0
2026-03-10,ORD-13625,Pepperoni Pizza,Pizza,3,18,54,18.0
2026-03-10,ORD-79672,Tiramisu,Desserts,3,8,24,9.0
2026-03-10,ORD-63970,Beef Burger,Burgers,3,14,42,18.0
2026-03-10,ORD-83010,Tiramisu,Desserts,1,8,8,3.0
2026-03-10,ORD-83588,Soda,Drinks,3,3,9,1.5
2026-03-10,ORD-95634,Soda,Drinks,2,3,6,1.0
2026-03-10,ORD-10855,Bruschetta,Appetizers,1,7,7,2.5
2026-03-10,ORD-73301,Soda,Drinks,3,3,9,1.5
2026-03-11,ORD-46725,Margherita Pizza,Pizza,5,15,75,25.0
2026-03-11,ORD-34252,Bruschetta,Appetizers,1,7,7,2.5
2026-03-11,ORD-14653,Pepperoni Pizza,Pizza,3,18,54,18.0
2026-03-11,ORD-85327,Pepperoni Pizza,Pizza,1,18,18,6.0
2026-03-11,ORD-30754,Soda,Drinks,2,3,6,1.0
2026-03-11,ORD-22613,Bruschetta,Appetizers,1,7,7,2.5
2026-03-11,ORD-80267,Chicken Wings,Appetizers,1,10,10,4.0
2026-03-11,ORD-63822,Soda,Drinks,1,3,3,0.5
2026-03-11,ORD-93981,Chicken Wings,Appetizers,1,10,10,4.0
2026-03-11,ORD-70322,Beef Burger,Burgers,3,14,42,18.0
2026-03-11,ORD-61851,Pepperoni Pizza,Pizza,2,18,36,12.0
2026-03-11,ORD-28812,Chicken Wings,Appetizers,2,10,20,8.0
2026-03-11,ORD-33063,French Fries,Sides,1,5,5,1.5
2026-03-11,ORD-27711,Caesar Salad,Salads,2,12,24,8.0
2026-03-11,ORD-79465,Beef Burger,Burgers,1,14,14,6.0
2026-03-11,ORD-51789,Chicken Wings,Appetizers,1,10,10,4.0
2026-03-11,ORD-81035,Pepperoni Pizza,Pizza,1,18,18,6.0
2026-03-11,ORD-30845,Margherita Pizza,Pizza,5,15,75,25.0
2026-03-11,ORD-52789,Caesar Salad,Salads,3,12,36,12.0
2026-03-11,ORD-37171,Bruschetta,Appetizers,1,7,7,2.5
2026-03-11,ORD-57676,French Fries,Sides,2,5,10,3.0
2026-03-11,ORD-97257,Chicken Wings,Appetizers,2,10,20,8.0
2026-03-11,ORD-62282,Soda,Drinks,2,3,6,1.0
2026-03-11,ORD-45258,Soda,Drinks,3,3,9,1.5
2026-03-11,ORD-16367,French Fries,Sides,2,5,10,3.0
2026-03-11,ORD-58177,Margherita Pizza,Pizza,2,15,30,10.0
2026-03-11,ORD-57560,Caesar Salad,Salads,1,12,12,4.0
2026-03-11,ORD-31318,Coffee,Drinks,2,4,8,2.0
2026-03-11,ORD-71766,Tiramisu,Desserts,2,8,16,6.0
2026-03-11,ORD-36943,Coffee,Drinks,2,4,8,2.0
2026-03-11,ORD-92980,Soda,Drinks,3,3,9,1.5
2026-03-11,ORD-32094,Coffee,Drinks,3,4,12,3.0
2026-03-11,ORD-46803,Tiramisu,Desserts,3,8,24,9.0
2026-03-11,ORD-13041,Margherita Pizza,Pizza,5,15,75,25.0
2026-03-11,ORD-51313,Chicken Wings,Appetizers,1,10,10,4.0
2026-03-11,ORD-21055,Chicken Wings,Appetizers,3,10,30,12.0
2026-03-11,ORD-97971,Margherita Pizza,Pizza,3,15,45,15.0
2026-03-11,ORD-90026,French Fries,Sides,3,5,15,4.5
2026-03-11,ORD-18263,Soda,Drinks,1,3,3,0.5
2026-03-11,ORD-11854,French Fries,Sides,2,5,10,3.0
2026-03-11,ORD-85660,Beef Burger,Burgers,3,14,42,18.0
2026-03-11,ORD-77887,Chicken Wings,Appetizers,1,10,10,4.0
2026-03-11,ORD-43951,Beef Burger,Burgers,3,14,42,18.0
2026-03-11,ORD-73607,Chicken Wings,Appetizers,1,10,10,4.0
2026-03-11,ORD-26776,Margherita Pizza,Pizza,2,15,30,10.0
2026-03-11,ORD-70566,Pepperoni Pizza,Pizza,2,18,36,12.0
2026-03-11,ORD-52106,Pepperoni Pizza,Pizza,3,18,54,18.0
2026-03-11,ORD-40252,Bruschetta,Appetizers,1,7,7,2.5
2026-03-11,ORD-21339,Tiramisu,Desserts,2,8,16,6.0
2026-03-11,ORD-68010,Bruschetta,Appetizers,1,7,7,2.5
2026-03-11,ORD-56597,Pepperoni Pizza,Pizza,2,18,36,12.0
2026-03-12,ORD-38695,Margherita Pizza,Pizza,2,15,30,10.0
2026-03-12,ORD-77848,Soda,Drinks,3,3,9,1.5
2026-03-12,ORD-53583,Caesar Salad,Salads,1,12,12,4.0
2026-03-12,ORD-36557,French Fries,Sides,1,5,5,1.5
2026-03-12,ORD-69794,Coffee,Drinks,2,4,8,2.0
2026-03-12,ORD-86013,Caesar Salad,Salads,2,12,24,8.0
2026-03-12,ORD-20522,Tiramisu,Desserts,3,8,24,9.0
2026-03-12,ORD-54352,Soda,Drinks,3,3,9,1.5
2026-03-12,ORD-10684,Margherita Pizza,Pizza,2,15,30,10.0
2026-03-12,ORD-87673,Beef Burger,Burgers,3,14,42,18.0
2026-03-12,ORD-96887,Beef Burger,Burgers,1,14,14,6.0
2026-03-12,ORD-41310,Beef Burger,Burgers,1,14,14,6.0
2026-03-12,ORD-37984,Caesar Salad,Salads,2,12,24,8.0
2026-03-12,ORD-43021,French Fries,Sides,3,5,15,4.5
2026-03-12,ORD-56234,Caesar Salad,Salads,3,12,36,12.0
2026-03-12,ORD-31836,Coffee,Drinks,1,4,4,1.0
2026-03-12,ORD-55226,Chicken Wings,Appetizers,1,10,10,4.0
2026-03-12,ORD-75860,Coffee,Drinks,2,4,8,2.0
2026-03-12,ORD-63610,Tiramisu,Desserts,3,8,24,9.0
2026-03-12,ORD-37296,Soda,Drinks,1,3,3,0.5
2026-03-12,ORD-65941,Beef Burger,Burgers,1,14,14,6.0
2026-03-12,ORD-53867,Chicken Wings,Appetizers,3,10,30,12.0
2026-03-12,ORD-36259,Tiramisu,Desserts,1,8,8,3.0
2026-03-12,ORD-49991,Tiramisu,Desserts,3,8,24,9.0
2026-03-12,ORD-85184,Margherita Pizza,Pizza,4,15,60,20.0
2026-03-12,ORD-97820,Beef Burger,Burgers,1,14,14,6.0
2026-03-12,ORD-30966,Chicken Wings,Appetizers,3,10,30,12.0
2026-03-12,ORD-62422,French Fries,Sides,3,5,15,4.5
2026-03-12,ORD-49286,Margherita Pizza,Pizza,2,15,30,10.0
2026-03-12,ORD-71983,French Fries,Sides,3,5,15,4.5
2026-03-12,ORD-89323,Beef Burger,Burgers,2,14,28,12.0
2026-03-13,ORD-67518,Pepperoni Pizza,Pizza,2,18,36,12.0
2026-03-13,ORD-19542,Soda,Drinks,3,3,9,1.5
2026-03-13,ORD-17122,Tiramisu,Desserts,3,8,24,9.0
2026-03-13,ORD-77517,Chicken Wings,Appetizers,1,10,10,4.0
2026-03-13,ORD-48487,Coffee,Drinks,3,4,12,3.0
2026-03-13,ORD-32578,Margherita Pizza,Pizza,2,15,30,10.0
2026-03-13,ORD-85871,Caesar Salad,Salads,3,12,36,12.0
2026-03-13,ORD-45278,French Fries,Sides,1,5,5,1.5
2026-03-13,ORD-43302,Pepperoni Pizza,Pizza,1,18,18,6.0
2026-03-13,ORD-79172,Margherita Pizza,Pizza,4,15,60,20.0
2026-03-13,ORD-13907,Soda,Drinks,1,3,3,0.5
2026-03-13,ORD-10290,Caesar Salad,Salads,1,12,12,4.0
2026-03-13,ORD-74514,Soda,Drinks,1,3,3,0.5
2026-03-13,ORD-63056,Pepperoni Pizza,Pizza,2,18,36,12.0
2026-03-13,ORD-33390,Soda,Drinks,2,3,6,1.0
2026-03-13,ORD-37513,Pepperoni Pizza,Pizza,3,18,54,18.0
2026-03-13,ORD-80958,Soda,Drinks,1,3,3,0.5
2026-03-13,ORD-61649,Soda,Drinks,1,3,3,0.5
2026-03-13,ORD-20416,Bruschetta,Appetizers,1,7,7,2.5
2026-03-13,ORD-25660,Tiramisu,Desserts,1,8,8,3.0
2026-03-13,ORD-44260,Tiramisu,Desserts,1,8,8,3.0
2026-03-13,ORD-61726,Coffee,Drinks,2,4,8,2.0
2026-03-13,ORD-16834,Coffee,Drinks,2,4,8,2.0
2026-03-13,ORD-75625,Coffee,Drinks,2,4,8,2.0
2026-03-13,ORD-26141,Pepperoni Pizza,Pizza,1,18,18,6.0
2026-03-13,ORD-31659,Margherita Pizza,Pizza,5,15,75,25.0
2026-03-13,ORD-30867,Soda,Drinks,1,3,3,0.5
2026-03-13,ORD-43677,Caesar Salad,Salads,2,12,24,8.0
2026-03-13,ORD-35898,French Fries,Sides,1,5,5,1.5
2026-03-13,ORD-84857,French Fries,Sides,1,5,5,1.5
2026-03-13,ORD-58262,Caesar Salad,Salads,1,12,12,4.0
2026-03-13,ORD-41979,Tiramisu,Desserts,2,8,16,6.0
2026-03-13,ORD-14250,French Fries,Sides,1,5,5,1.5
2026-03-13,ORD-89828,Tiramisu,Desserts,3,8,24,9.0
2026-03-13,ORD-70454,Margherita Pizza,Pizza,3,15,45,15.0
2026-03-13,ORD-22453,Chicken Wings,Appetizers,3,10,30,12.0
2026-03-13,ORD-53924,Soda,Drinks,3,3,9,1.5
2026-03-13,ORD-14959,Chicken Wings,Appetizers,1,10,10,4.0
2026-03-13,ORD-56722,Tiramisu,Desserts,3,8,24,9.0
2026-03-13,ORD-60636,Coffee,Drinks,2,4,8,2.0
2026-03-13,ORD-86403,Chicken Wings,Appetizers,3,10,30,12.0
2026-03-13,ORD-96772,Beef Burger,Burgers,3,14,42,18.0
2026-03-13,ORD-73550,Pepperoni Pizza,Pizza,3,18,54,18.0
2026-03-13,ORD-59670,Coffee,Drinks,3,4,12,3.0
2026-03-13,ORD-69720,Beef Burger,Burgers,3,14,42,18.0
2026-03-13,ORD-38749,Chicken Wings,Appetizers,2,10,20,8.0
2026-03-13,ORD-37424,Coffee,Drinks,3,4,12,3.0
2026-03-13,ORD-91921,Caesar Salad,Salads,2,12,24,8.0
2026-03-13,ORD-60620,Pepperoni Pizza,Pizza,3,18,54,18.0
2026-03-13,ORD-65626,Coffee,Drinks,1,4,4,1.0
2026-03-13,ORD-74868,Caesar Salad,Salads,3,12,36,12.0
2026-03-13,ORD-56680,Coffee,Drinks,2,4,8,2.0
2026-03-13,ORD-60238,Margherita Pizza,Pizza,4,15,60,20.0
2026-03-13,ORD-91213,Soda,Drinks,2,3,6,1.0
2026-03-13,ORD-99683,Pepperoni Pizza,Pizza,2,18,36,12.0
2026-03-13,ORD-11256,French Fries,Sides,2,5,10,3.0
2026-03-13,ORD-17297,French Fries,Sides,2,5,10,3.0
2026-03-13,ORD-37303,Margherita Pizza,Pizza,3,15,45,15.0
2026-03-13,ORD-30964,Margherita Pizza,Pizza,5,15,75,25.0
2026-03-13,ORD-75984,Caesar Salad,Salads,3,12,36,12.0
2026-03-13,ORD-63806,Coffee,Drinks,3,4,12,3.0
2026-03-13,ORD-93255,French Fries,Sides,1,5,5,1.5
2026-03-13,ORD-76336,Beef Burger,Burgers,3,14,42,18.0
2026-03-13,ORD-19460,Tiramisu,Desserts,1,8,8,3.0
2026-03-13,ORD-26832,French Fries,Sides,2,5,10,3.0
2026-03-13,ORD-81655,Beef Burger,Burgers,1,14,14,6.0
2026-03-13,ORD-93218,Beef Burger,Burgers,3,14,42,18.0
2026-03-13,ORD-86473,Chicken Wings,Appetizers,3,10,30,12.0
2026-03-13,ORD-54000,Beef Burger,Burgers,3,14,42,18.0
2026-03-13,ORD-44167,Caesar Salad,Salads,2,12,24,8.0
2026-03-13,ORD-12488,Margherita Pizza,Pizza,4,15,60,20.0
2026-03-13,ORD-61780,Caesar Salad,Salads,1,12,12,4.0
2026-03-13,ORD-24361,Coffee,Drinks,1,4,4,1.0
2026-03-13,ORD-71376,Soda,Drinks,2,3,6,1.0
2026-03-13,ORD-25974,Beef Burger,Burgers,2,14,28,12.0
2026-03-13,ORD-22472,Margherita Pizza,Pizza,4,15,60,20.0
2026-03-13,ORD-52797,Caesar Salad,Salads,3,12,36,12.0
2026-03-13,ORD-49120,Margherita Pizza,Pizza,4,15,60,20.0
2026-03-13,ORD-61723,Beef Burger,Burgers,2,14,28,12.0
2026-03-13,ORD-75325,Coffee,Drinks,3,4,12,3.0
2026-03-13,ORD-90850,Caesar Salad,Salads,3,12,36,12.0
2026-03-13,ORD-95152,French Fries,Sides,2,5,10,3.0
2026-03-13,ORD-37653,Coffee,Drinks,1,4,4,1.0
2026-03-13,ORD-12464,Chicken Wings,Appetizers,1,10,10,4.0
2026-03-13,ORD-25079,Caesar Salad,Salads,3,12,36,12.0
2026-03-13,ORD-40973,Chicken Wings,Appetizers,1,10,10,4.0
2026-03-13,ORD-86582,Caesar Salad,Salads,1,12,12,4.0
2026-03-13,ORD-64889,French Fries,Sides,2,5,10,3.0
2026-03-13,ORD-17716,Soda,Drinks,1,3,3,0.5
2026-03-13,ORD-61391,Bruschetta,Appetizers,1,7,7,2.5
2026-03-13,ORD-18643,Coffee,Drinks,1,4,4,1.0
2026-03-13,ORD-44285,Beef Burger,Burgers,2,14,28,12.0
2026-03-13,ORD-87459,Pepperoni Pizza,Pizza,3,18,54,18.0
2026-03-13,ORD-61505,French Fries,Sides,2,5,10,3.0
2026-03-13,ORD-44092,Caesar Salad,Salads,3,12,36,12.0
2026-03-13,ORD-60612,Pepperoni Pizza,Pizza,3,18,54,18.0
2026-03-13,ORD-92895,Coffee,Drinks,1,4,4,1.0
2026-03-13,ORD-70754,Pepperoni Pizza,Pizza,3,18,54,18.0
2026-03-13,ORD-70634,Soda,Drinks,1,3,3,0.5
2026-03-13,ORD-93040,Chicken Wings,Appetizers,2,10,20,8.0
2026-03-13,ORD-24190,Tiramisu,Desserts,1,8,8,3.0
2026-03-13,ORD-26500,Coffee,Drinks,2,4,8,2.0
2026-03-13,ORD-86417,Margherita Pizza,Pizza,3,15,45,15.0
2026-03-13,ORD-12761,Pepperoni Pizza,Pizza,1,18,18,6.0
2026-03-13,ORD-18219,Pepperoni Pizza,Pizza,3,18,54,18.0
2026-03-13,ORD-62916,Pepperoni Pizza,Pizza,3,18,54,18.0
2026-03-13,ORD-28754,Coffee,Drinks,3,4,12,3.0
2026-03-13,ORD-41339,Coffee,Drinks,1,4,4,1.0
2026-03-13,ORD-33095,Tiramisu,Desserts,3,8,24,9.0
2026-03-13,ORD-92072,Bruschetta,Appetizers,1,7,7,2.5
2026-03-13,ORD-41527,Pepperoni Pizza,Pizza,1,18,18,6.0
2026-03-13,ORD-63244,Chicken Wings,Appetizers,3,10,30,12.0
2026-03-13,ORD-59039,Bruschetta,Appetizers,1,7,7,2.5
2026-03-14,ORD-58494,Soda,Drinks,3,3,9,1.5
2026-03-14,ORD-11811,Caesar Salad,Salads,1,12,12,4.0
2026-03-14,ORD-47721,French Fries,Sides,2,5,10,3.0
2026-03-14,ORD-59385,French Fries,Sides,1,5,5,1.5
2026-03-14,ORD-26228,Caesar Salad,Salads,3,12,36,12.0
2026-03-14,ORD-28331,Caesar Salad,Salads,3,12,36,12.0
2026-03-14,ORD-19544,Soda,Drinks,1,3,3,0.5
2026-03-14,ORD-44005,Pepperoni Pizza,Pizza,2,18,36,12.0
2026-03-14,ORD-39303,Beef Burger,Burgers,1,14,14,6.0
2026-03-14,ORD-56117,Bruschetta,Appetizers,1,7,7,2.5
2026-03-14,ORD-63562,Caesar Salad,Salads,3,12,36,12.0
2026-03-14,ORD-98328,Chicken Wings,Appetizers,1,10,10,4.0
2026-03-14,ORD-36754,Coffee,Drinks,1,4,4,1.0
2026-03-14,ORD-74758,Chicken Wings,Appetizers,1,10,10,4.0
2026-03-14,ORD-16274,Soda,Drinks,3,3,9,1.5
2026-03-14,ORD-29302,Tiramisu,Desserts,1,8,8,3.0
2026-03-14,ORD-40300,French Fries,Sides,3,5,15,4.5
2026-03-14,ORD-39767,Pepperoni Pizza,Pizza,1,18,18,6.0
2026-03-14,ORD-22387,Tiramisu,Desserts,3,8,24,9.0
2026-03-14,ORD-46224,Caesar Salad,Salads,1,12,12,4.0
2026-03-14,ORD-56611,Beef Burger,Burgers,1,14,14,6.0
2026-03-14,ORD-40591,Caesar Salad,Salads,1,12,12,4.0
2026-03-14,ORD-99999,Margherita Pizza,Pizza,2,15,30,10.0
2026-03-14,ORD-94776,Caesar Salad,Salads,3,12,36,12.0
2026-03-14,ORD-59082,Soda,Drinks,1,3,3,0.5
2026-03-14,ORD-43701,Pepperoni Pizza,Pizza,3,18,54,18.0
2026-03-14,ORD-40443,Margherita Pizza,Pizza,3,15,45,15.0
2026-03-14,ORD-24398,Margherita Pizza,Pizza,2,15,30,10.0
2026-03-14,ORD-81548,Coffee,Drinks,1,4,4,1.0
2026-03-14,ORD-11934,Caesar Salad,Salads,2,12,24,8.0
2026-03-14,ORD-26565,Caesar Salad,Salads,1,12,12,4.0
2026-03-14,ORD-44364,French Fries,Sides,3,5,15,4.5
2026-03-14,ORD-20135,Margherita Pizza,Pizza,2,15,30,10.0
2026-03-14,ORD-53165,Margherita Pizza,Pizza,3,15,45,15.0
2026-03-14,ORD-39816,Tiramisu,Desserts,3,8,24,9.0
2026-03-14,ORD-17813,Margherita Pizza,Pizza,4,15,60,20.0
2026-03-14,ORD-83518,Margherita Pizza,Pizza,3,15,45,15.0
2026-03-14,ORD-76489,Caesar Salad,Salads,2,12,24,8.0
2026-03-14,ORD-28113,Coffee,Drinks,2,4,8,2.0
2026-03-14,ORD-75132,Soda,Drinks,1,3,3,0.5
2026-03-14,ORD-48644,Coffee,Drinks,2,4,8,2.0
2026-03-14,ORD-80660,Tiramisu,Desserts,2,8,16,6.0
2026-03-14,ORD-77361,Coffee,Drinks,1,4,4,1.0
2026-03-14,ORD-58798,Pepperoni Pizza,Pizza,2,18,36,12.0
2026-03-14,ORD-52083,Beef Burger,Burgers,3,14,42,18.0
2026-03-14,ORD-17025,Tiramisu,Desserts,1,8,8,3.0
2026-03-14,ORD-25445,Tiramisu,Desserts,1,8,8,3.0
2026-03-14,ORD-92828,Tiramisu,Desserts,3,8,24,9.0
2026-03-14,ORD-30234,Coffee,Drinks,1,4,4,1.0
2026-03-14,ORD-40986,Tiramisu,Desserts,2,8,16,6.0
2026-03-14,ORD-31525,Soda,Drinks,3,3,9,1.5
2026-03-14,ORD-33906,Pepperoni Pizza,Pizza,1,18,18,6.0
2026-03-14,ORD-33711,Tiramisu,Desserts,3,8,24,9.0
2026-03-14,ORD-74079,Chicken Wings,Appetizers,1,10,10,4.0
2026-03-14,ORD-19005,Pepperoni Pizza,Pizza,1,18,18,6.0
2026-03-14,ORD-42155,Soda,Drinks,2,3,6,1.0
2026-03-14,ORD-27240,Chicken Wings,Appetizers,3,10,30,12.0
2026-03-14,ORD-10236,Beef Burger,Burgers,1,14,14,6.0
2026-03-14,ORD-46903,Beef Burger,Burgers,1,14,14,6.0
2026-03-14,ORD-34885,Soda,Drinks,3,3,9,1.5
2026-03-14,ORD-56989,Tiramisu,Desserts,2,8,16,6.0
2026-03-14,ORD-23751,Beef Burger,Burgers,3,14,42,18.0
2026-03-14,ORD-74241,Coffee,Drinks,2,4,8,2.0
2026-03-14,ORD-57065,French Fries,Sides,1,5,5,1.5
2026-03-14,ORD-68834,Chicken Wings,Appetizers,2,10,20,8.0
2026-03-14,ORD-65657,French Fries,Sides,2,5,10,3.0
2026-03-14,ORD-55480,Chicken Wings,Appetizers,1,10,10,4.0
2026-03-14,ORD-59991,Chicken Wings,Appetizers,3,10,30,12.0
2026-03-14,ORD-70632,Chicken Wings,Appetizers,3,10,30,12.0
2026-03-14,ORD-88887,Coffee,Drinks,2,4,8,2.0
2026-03-14,ORD-13600,French Fries,Sides,1,5,5,1.5
2026-03-14,ORD-68508,Caesar Salad,Salads,3,12,36,12.0
2026-03-14,ORD-88767,Coffee,Drinks,2,4,8,2.0
2026-03-14,ORD-87259,Margherita Pizza,Pizza,5,15,75,25.0
2026-03-14,ORD-19516,Margherita Pizza,Pizza,5,15,75,25.0
2026-03-14,ORD-17093,Caesar Salad,Salads,3,12,36,12.0
2026-03-14,ORD-51004,Caesar Salad,Salads,1,12,12,4.0
2026-03-14,ORD-15964,Margherita Pizza,Pizza,3,15,45,15.0
2026-03-14,ORD-10828,Chicken Wings,Appetizers,3,10,30,12.0
2026-03-14,ORD-33393,Margherita Pizza,Pizza,2,15,30,10.0
2026-03-14,ORD-60029,Soda,Drinks,2,3,6,1.0
2026-03-14,ORD-85363,Pepperoni Pizza,Pizza,2,18,36,12.0
2026-03-14,ORD-91218,Caesar Salad,Salads,2,12,24,8.0
2026-03-14,ORD-14298,Coffee,Drinks,2,4,8,2.0
2026-03-15,ORD-19862,Pepperoni Pizza,Pizza,2,18,36,12.0
2026-03-15,ORD-24922,Caesar Salad,Salads,1,12,12,4.0
2026-03-15,ORD-26654,Chicken Wings,Appetizers,3,10,30,12.0
2026-03-15,ORD-63120,Coffee,Drinks,3,4,12,3.0
2026-03-15,ORD-80278,Soda,Drinks,2,3,6,1.0
2026-03-15,ORD-66151,Coffee,Drinks,3,4,12,3.0
2026-03-15,ORD-89725,Chicken Wings,Appetizers,2,10,20,8.0
2026-03-15,ORD-33018,Chicken Wings,Appetizers,1,10,10,4.0
2026-03-15,ORD-80514,Soda,Drinks,1,3,3,0.5
2026-03-15,ORD-32768,Pepperoni Pizza,Pizza,1,18,18,6.0
2026-03-15,ORD-41243,Caesar Salad,Salads,3,12,36,12.0
2026-03-15,ORD-36626,Coffee,Drinks,3,4,12,3.0
2026-03-15,ORD-63881,Caesar Salad,Salads,3,12,36,12.0
2026-03-15,ORD-94148,Pepperoni Pizza,Pizza,2,18,36,12.0
2026-03-15,ORD-38755,Soda,Drinks,3,3,9,1.5
2026-03-15,ORD-14131,Tiramisu,Desserts,1,8,8,3.0
2026-03-15,ORD-94601,Soda,Drinks,2,3,6,1.0
2026-03-15,ORD-51907,Coffee,Drinks,3,4,12,3.0
2026-03-15,ORD-99829,Chicken Wings,Appetizers,3,10,30,12.0
2026-03-15,ORD-21056,Soda,Drinks,2,3,6,1.0
2026-03-15,ORD-95310,French Fries,Sides,2,5,10,3.0
2026-03-15,ORD-55171,Coffee,Drinks,1,4,4,1.0
2026-03-15,ORD-77306,Tiramisu,Desserts,2,8,16,6.0
2026-03-15,ORD-87042,Beef Burger,Burgers,2,14,28,12.0
2026-03-15,ORD-20721,Chicken Wings,Appetizers,3,10,30,12.0
2026-03-15,ORD-45222,Chicken Wings,Appetizers,2,10,20,8.0
2026-03-15,ORD-50996,Soda,Drinks,2,3,6,1.0
2026-03-15,ORD-88377,Soda,Drinks,1,3,3,0.5
2026-03-15,ORD-54876,Caesar Salad,Salads,3,12,36,12.0
2026-03-15,ORD-20850,Chicken Wings,Appetizers,1,10,10,4.0
2026-03-15,ORD-10584,Caesar Salad,Salads,2,12,24,8.0
2026-03-15,ORD-73836,Tiramisu,Desserts,3,8,24,9.0
2026-03-15,ORD-63193,Tiramisu,Desserts,3,8,24,9.0
2026-03-15,ORD-80136,Soda,Drinks,2,3,6,1.0
2026-03-15,ORD-31573,Soda,Drinks,1,3,3,0.5
2026-03-15,ORD-81928,Chicken Wings,Appetizers,1,10,10,4.0
2026-03-15,ORD-70024,Tiramisu,Desserts,3,8,24,9.0
2026-03-15,ORD-71664,French Fries,Sides,2,5,10,3.0
2026-03-15,ORD-40822,Chicken Wings,Appetizers,2,10,20,8.0
2026-03-15,ORD-86376,French Fries,Sides,3,5,15,4.5
2026-03-15,ORD-25178,Bruschetta,Appetizers,1,7,7,2.5
2026-03-15,ORD-47496,Soda,Drinks,2,3,6,1.0
2026-03-15,ORD-42932,Caesar Salad,Salads,1,12,12,4.0
2026-03-15,ORD-27238,Beef Burger,Burgers,3,14,42,18.0
2026-03-15,ORD-74939,Margherita Pizza,Pizza,5,15,75,25.0
2026-03-15,ORD-91436,Tiramisu,Desserts,2,8,16,6.0
2026-03-15,ORD-49911,Tiramisu,Desserts,1,8,8,3.0
2026-03-15,ORD-88143,Tiramisu,Desserts,3,8,24,9.0
2026-03-15,ORD-18772,Pepperoni Pizza,Pizza,3,18,54,18.0
2026-03-15,ORD-16841,Chicken Wings,Appetizers,3,10,30,12.0
2026-03-15,ORD-25801,Beef Burger,Burgers,1,14,14,6.0
2026-03-15,ORD-54286,Soda,Drinks,2,3,6,1.0
2026-03-15,ORD-61295,Chicken Wings,Appetizers,1,10,10,4.0
2026-03-15,ORD-21047,Coffee,Drinks,1,4,4,1.0
2026-03-15,ORD-93236,Soda,Drinks,1,3,3,0.5
2026-03-15,ORD-50309,Chicken Wings,Appetizers,1,10,10,4.0
2026-03-15,ORD-18011,Pepperoni Pizza,Pizza,2,18,36,12.0
2026-03-15,ORD-41268,Margherita Pizza,Pizza,2,15,30,10.0
2026-03-15,ORD-32898,Coffee,Drinks,1,4,4,1.0
2026-03-15,ORD-37814,Chicken Wings,Appetizers,1,10,10,4.0
2026-03-15,ORD-14459,Beef Burger,Burgers,3,14,42,18.0
2026-03-15,ORD-65282,French Fries,Sides,2,5,10,3.0
2026-03-15,ORD-95191,Tiramisu,Desserts,1,8,8,3.0
2026-03-15,ORD-44474,Soda,Drinks,2,3,6,1.0
2026-03-15,ORD-59295,Tiramisu,Desserts,2,8,16,6.0
2026-03-15,ORD-80261,French Fries,Sides,1,5,5,1.5
2026-03-15,ORD-94361,French Fries,Sides,1,5,5,1.5
2026-03-15,ORD-51257,Tiramisu,Desserts,2,8,16,6.0
2026-03-15,ORD-47294,Tiramisu,Desserts,2,8,16,6.0
2026-03-15,ORD-31632,Beef Burger,Burgers,3,14,42,18.0
2026-03-15,ORD-49244,Soda,Drinks,2,3,6,1.0
2026-03-15,ORD-74069,Coffee,Drinks,3,4,12,3.0
2026-03-15,ORD-66577,Coffee,Drinks,2,4,8,2.0
2026-03-15,ORD-55412,Margherita Pizza,Pizza,3,15,45,15.0
2026-03-15,ORD-25620,Soda,Drinks,2,3,6,1.0
2026-03-15,ORD-57890,Soda,Drinks,2,3,6,1.0
2026-03-15,ORD-28350,Coffee,Drinks,1,4,4,1.0
2026-03-15,ORD-42223,Soda,Drinks,3,3,9,1.5
2026-03-15,ORD-14379,Tiramisu,Desserts,2,8,16,6.0
2026-03-15,ORD-83043,Chicken Wings,Appetizers,2,10,20,8.0
2026-03-15,ORD-69616,French Fries,Sides,3,5,15,4.5
2026-03-15,ORD-72540,Soda,Drinks,1,3,3,0.5
2026-03-15,ORD-51392,Beef Burger,Burgers,3,14,42,18.0
2026-03-15,ORD-82410,Beef Burger,Burgers,3,14,42,18.0
2026-03-15,ORD-12487,French Fries,Sides,3,5,15,4.5
2026-03-15,ORD-63871,Caesar Salad,Salads,2,12,24,8.0
2026-03-15,ORD-98352,Tiramisu,Desserts,2,8,16,6.0
2026-03-15,ORD-83770,Beef Burger,Burgers,2,14,28,12.0
2026-03-15,ORD-72322,Coffee,Drinks,3,4,12,3.0
2026-03-15,ORD-12041,Beef Burger,Burgers,1,14,14,6.0
2026-03-15,ORD-72408,Beef Burger,Burgers,2,14,28,12.0
2026-03-15,ORD-80195,Chicken Wings,Appetizers,2,10,20,8.0
2026-03-15,ORD-47075,Bruschetta,Appetizers,1,7,7,2.5
2026-03-15,ORD-79149,French Fries,Sides,1,5,5,1.5
2026-03-15,ORD-84393,Chicken Wings,Appetizers,2,10,20,8.0
2026-03-15,ORD-28064,Pepperoni Pizza,Pizza,2,18,36,12.0
2026-03-15,ORD-88250,Pepperoni Pizza,Pizza,3,18,54,18.0
2026-03-15,ORD-76502,Coffee,Drinks,1,4,4,1.0
2026-03-15,ORD-63747,Pepperoni Pizza,Pizza,3,18,54,18.0
2026-03-15,ORD-58843,Caesar Salad,Salads,3,12,36,12.0
2026-03-15,ORD-62809,Pepperoni Pizza,Pizza,1,18,18,6.0
2026-03-15,ORD-52129,Pepperoni Pizza,Pizza,3,18,54,18.0
2026-03-15,ORD-45909,Soda,Drinks,1,3,3,0.5
2026-03-15,ORD-91602,Pepperoni Pizza,Pizza,3,18,54,18.0
2026-03-15,ORD-12186,Chicken Wings,Appetizers,2,10,20,8.0
2026-03-15,ORD-10567,Beef Burger,Burgers,3,14,42,18.0
2026-03-15,ORD-46293,Chicken Wings,Appetizers,1,10,10,4.0
2026-03-15,ORD-82361,Beef Burger,Burgers,1,14,14,6.0
2026-03-15,ORD-54930,Tiramisu,Desserts,1,8,8,3.0
2026-03-15,ORD-31178,Margherita Pizza,Pizza,3,15,45,15.0
2026-03-15,ORD-77462,Coffee,Drinks,2,4,8,2.0
2026-03-15,ORD-13744,Coffee,Drinks,1,4,4,1.0
2026-03-15,ORD-20571,French Fries,Sides,1,5,5,1.5
2026-03-15,ORD-18936,Pepperoni Pizza,Pizza,3,18,54,18.0
2026-03-15,ORD-59057,Chicken Wings,Appetizers,1,10,10,4.0
2026-03-15,ORD-64577,Beef Burger,Burgers,1,14,14,6.0
2026-03-15,ORD-19096,Tiramisu,Desserts,3,8,24,9.0
2026-03-15,ORD-69991,French Fries,Sides,1,5,5,1.5
2026-03-15,ORD-33289,Chicken Wings,Appetizers,2,10,20,8.0
2026-03-15,ORD-70052,Margherita Pizza,Pizza,2,15,30,10.0
2026-03-15,ORD-32784,Tiramisu,Desserts,3,8,24,9.0
2026-03-15,ORD-42387,Coffee,Drinks,1,4,4,1.0
2026-03-15,ORD-60302,Tiramisu,Desserts,2,8,16,6.0
2026-03-15,ORD-14693,French Fries,Sides,1,5,5,1.5
2026-03-15,ORD-48037,Caesar Salad,Salads,1,12,12,4.0
2026-03-15,ORD-74419,Coffee,Drinks,1,4,4,1.0
2026-03-15,ORD-71134,Soda,Drinks,3,3,9,1.5
2026-03-15,ORD-17013,French Fries,Sides,3,5,15,4.5
2026-03-15,ORD-38600,Beef Burger,Burgers,1,14,14,6.0
2026-03-15,ORD-38681,French Fries,Sides,2,5,10,3.0
2026-03-15,ORD-76778,Caesar Salad,Salads,1,12,12,4.0
2026-03-15,ORD-92416,Tiramisu,Desserts,3,8,24,9.0
2026-03-15,ORD-85965,Tiramisu,Desserts,3,8,24,9.0
2026-03-15,ORD-94248,Pepperoni Pizza,Pizza,1,18,18,6.0
2026-03-16,ORD-98585,French Fries,Sides,3,5,15,4.5
2026-03-16,ORD-60193,Coffee,Drinks,1,4,4,1.0
2026-03-16,ORD-12666,Tiramisu,Desserts,2,8,16,6.0
2026-03-16,ORD-97667,Margherita Pizza,Pizza,2,15,30,10.0
2026-03-16,ORD-97051,French Fries,Sides,3,5,15,4.5
2026-03-16,ORD-63487,Tiramisu,Desserts,1,8,8,3.0
2026-03-16,ORD-17165,Caesar Salad,Salads,3,12,36,12.0
2026-03-16,ORD-38728,Chicken Wings,Appetizers,2,10,20,8.0
2026-03-16,ORD-63137,Tiramisu,Desserts,1,8,8,3.0
2026-03-16,ORD-33152,Caesar Salad,Salads,1,12,12,4.0
2026-03-16,ORD-20316,Coffee,Drinks,2,4,8,2.0
2026-03-16,ORD-54506,Pepperoni Pizza,Pizza,1,18,18,6.0
2026-03-16,ORD-68680,Chicken Wings,Appetizers,3,10,30,12.0
2026-03-16,ORD-24266,Beef Burger,Burgers,2,14,28,12.0
2026-03-16,ORD-62858,Soda,Drinks,2,3,6,1.0
2026-03-16,ORD-10655,Coffee,Drinks,1,4,4,1.0
2026-03-16,ORD-76391,Caesar Salad,Salads,3,12,36,12.0
2026-03-16,ORD-92174,Margherita Pizza,Pizza,3,15,45,15.0
2026-03-16,ORD-91370,Coffee,Drinks,2,4,8,2.0
2026-03-16,ORD-34813,Caesar Salad,Salads,1,12,12,4.0
2026-03-16,ORD-26269,Tiramisu,Desserts,1,8,8,3.0
2026-03-16,ORD-92901,Tiramisu,Desserts,2,8,16,6.0
2026-03-16,ORD-98288,Beef Burger,Burgers,2,14,28,12.0
2026-03-16,ORD-63208,Caesar Salad,Salads,2,12,24,8.0
2026-03-16,ORD-74076,Pepperoni Pizza,Pizza,1,18,18,6.0
2026-03-16,ORD-34816,Soda,Drinks,1,3,3,0.5
2026-03-16,ORD-79912,Chicken Wings,Appetizers,1,10,10,4.0
2026-03-16,ORD-39250,Caesar Salad,Salads,2,12,24,8.0
2026-03-16,ORD-65014,Tiramisu,Desserts,3,8,24,9.0
2026-03-16,ORD-30869,Chicken Wings,Appetizers,2,10,20,8.0
2026-03-16,ORD-69964,Pepperoni Pizza,Pizza,3,18,54,18.0
2026-03-16,ORD-44078,Caesar Salad,Salads,1,12,12,4.0
2026-03-16,ORD-68396,Beef Burger,Burgers,2,14,28,12.0
2026-03-16,ORD-36870,Caesar Salad,Salads,2,12,24,8.0
2026-03-16,ORD-84569,Beef Burger,Burgers,2,14,28,12.0
2026-03-16,ORD-12677,Pepperoni Pizza,Pizza,1,18,18,6.0
2026-03-16,ORD-57145,Margherita Pizza,Pizza,4,15,60,20.0
2026-03-16,ORD-97325,French Fries,Sides,1,5,5,1.5
2026-03-16,ORD-17842,Pepperoni Pizza,Pizza,3,18,54,18.0
2026-03-16,ORD-95189,Tiramisu,Desserts,2,8,16,6.0
2026-03-16,ORD-33500,Beef Burger,Burgers,2,14,28,12.0
2026-03-17,ORD-75779,Beef Burger,Burgers,2,14,28,12.0
2026-03-17,ORD-70402,Pepperoni Pizza,Pizza,1,18,18,6.0
2026-03-17,ORD-54017,Coffee,Drinks,1,4,4,1.0
2026-03-17,ORD-59884,Bruschetta,Appetizers,1,7,7,2.5
2026-03-17,ORD-33092,French Fries,Sides,3,5,15,4.5
2026-03-17,ORD-26980,Caesar Salad,Salads,3,12,36,12.0
2026-03-17,ORD-55369,Chicken Wings,Appetizers,2,10,20,8.0
2026-03-17,ORD-18356,Margherita Pizza,Pizza,4,15,60,20.0
2026-03-17,ORD-52096,Margherita Pizza,Pizza,3,15,45,15.0
2026-03-17,ORD-65791,Beef Burger,Burgers,2,14,28,12.0
2026-03-17,ORD-48210,French Fries,Sides,2,5,10,3.0
2026-03-17,ORD-88145,Chicken Wings,Appetizers,3,10,30,12.0
2026-03-17,ORD-81410,Beef Burger,Burgers,1,14,14,6.0
2026-03-17,ORD-43415,French Fries,Sides,2,5,10,3.0
2026-03-17,ORD-87461,French Fries,Sides,2,5,10,3.0
2026-03-17,ORD-29044,Coffee,Drinks,3,4,12,3.0
2026-03-17,ORD-42933,Chicken Wings,Appetizers,3,10,30,12.0
2026-03-17,ORD-23647,Soda,Drinks,3,3,9,1.5
2026-03-17,ORD-28583,Pepperoni Pizza,Pizza,3,18,54,18.0
2026-03-17,ORD-67614,Chicken Wings,Appetizers,1,10,10,4.0
2026-03-17,ORD-90479,Margherita Pizza,Pizza,5,15,75,25.0
2026-03-17,ORD-73378,Beef Burger,Burgers,2,14,28,12.0
2026-03-17,ORD-91564,Margherita Pizza,Pizza,3,15,45,15.0
2026-03-17,ORD-66941,Margherita Pizza,Pizza,3,15,45,15.0
2026-03-17,ORD-53020,Bruschetta,Appetizers,1,7,7,2.5
2026-03-17,ORD-16569,Caesar Salad,Salads,1,12,12,4.0
2026-03-17,ORD-68816,French Fries,Sides,3,5,15,4.5
2026-03-17,ORD-35105,Soda,Drinks,2,3,6,1.0
2026-03-17,ORD-69696,Caesar Salad,Salads,3,12,36,12.0
2026-03-17,ORD-99699,French Fries,Sides,1,5,5,1.5
2026-03-17,ORD-55176,Margherita Pizza,Pizza,5,15,75,25.0
2026-03-17,ORD-10192,Coffee,Drinks,3,4,12,3.0
2026-03-17,ORD-25412,Pepperoni Pizza,Pizza,3,18,54,18.0
2026-03-17,ORD-19469,Tiramisu,Desserts,1,8,8,3.0
2026-03-17,ORD-15685,Beef Burger,Burgers,2,14,28,12.0
2026-03-17,ORD-31184,Pepperoni Pizza,Pizza,3,18,54,18.0
2026-03-17,ORD-74482,Margherita Pizza,Pizza,5,15,75,25.0
2026-03-17,ORD-37552,Soda,Drinks,3,3,9,1.5
2026-03-17,ORD-83818,Chicken Wings,Appetizers,3,10,30,12.0
2026-03-17,ORD-27118,Tiramisu,Desserts,2,8,16,6.0
2026-03-17,ORD-36065,French Fries,Sides,3,5,15,4.5
2026-03-17,ORD-99632,Coffee,Drinks,3,4,12,3.0
2026-03-17,ORD-58221,Caesar Salad,Salads,1,12,12,4.0
2026-03-18,ORD-55562,Soda,Drinks,1,3,3,0.5
2026-03-18,ORD-34765,Tiramisu,Desserts,2,8,16,6.0
2026-03-18,ORD-19271,Margherita Pizza,Pizza,2,15,30,10.0
2026-03-18,ORD-65010,Soda,Drinks,1,3,3,0.5
2026-03-18,ORD-28161,Bruschetta,Appetizers,1,7,7,2.5
2026-03-18,ORD-72627,Margherita Pizza,Pizza,4,15,60,20.0
2026-03-18,ORD-36831,Caesar Salad,Salads,2,12,24,8.0
2026-03-18,ORD-30318,Margherita Pizza,Pizza,3,15,45,15.0
2026-03-18,ORD-38517,Tiramisu,Desserts,1,8,8,3.0
2026-03-18,ORD-18912,Pepperoni Pizza,Pizza,3,18,54,18.0
2026-03-18,ORD-54744,Pepperoni Pizza,Pizza,2,18,36,12.0
2026-03-18,ORD-31942,French Fries,Sides,1,5,5,1.5
2026-03-18,ORD-24489,Beef Burger,Burgers,1,14,14,6.0
2026-03-18,ORD-28066,Coffee,Drinks,3,4,12,3.0
2026-03-18,ORD-95077,French Fries,Sides,2,5,10,3.0
2026-03-18,ORD-44082,Soda,Drinks,2,3,6,1.0
2026-03-18,ORD-69384,Tiramisu,Desserts,1,8,8,3.0
2026-03-18,ORD-15606,Tiramisu,Desserts,1,8,8,3.0
2026-03-18,ORD-92420,Margherita Pizza,Pizza,5,15,75,25.0
2026-03-18,ORD-32099,Pepperoni Pizza,Pizza,2,18,36,12.0
2026-03-18,ORD-25670,Coffee,Drinks,1,4,4,1.0
2026-03-18,ORD-35532,French Fries,Sides,3,5,15,4.5
2026-03-18,ORD-58457,Tiramisu,Desserts,2,8,16,6.0
2026-03-18,ORD-20622,Coffee,Drinks,3,4,12,3.0
2026-03-18,ORD-23619,Margherita Pizza,Pizza,5,15,75,25.0
2026-03-18,ORD-86995,Caesar Salad,Salads,2,12,24,8.0
2026-03-18,ORD-32170,Pepperoni Pizza,Pizza,1,18,18,6.0
2026-03-18,ORD-90606,Pepperoni Pizza,Pizza,1,18,18,6.0
2026-03-18,ORD-12558,French Fries,Sides,3,5,15,4.5
2026-03-18,ORD-85608,Coffee,Drinks,2,4,8,2.0
2026-03-18,ORD-38731,Caesar Salad,Salads,2,12,24,8.0
2026-03-18,ORD-57141,French Fries,Sides,1,5,5,1.5
2026-03-18,ORD-76217,Coffee,Drinks,2,4,8,2.0
2026-03-18,ORD-37700,French Fries,Sides,2,5,10,3.0
2026-03-18,ORD-94002,Soda,Drinks,2,3,6,1.0
2026-03-18,ORD-79581,Coffee,Drinks,3,4,12,3.0
2026-03-18,ORD-25191,Tiramisu,Desserts,2,8,16,6.0
2026-03-18,ORD-25324,French Fries,Sides,1,5,5,1.5
2026-03-18,ORD-78328,Coffee,Drinks,2,4,8,2.0
2026-03-18,ORD-94361,Coffee,Drinks,2,4,8,2.0
2026-03-18,ORD-27208,Pepperoni Pizza,Pizza,2,18,36,12.0
2026-03-18,ORD-30202,Margherita Pizza,Pizza,3,15,45,15.0
2026-03-18,ORD-18414,Pepperoni Pizza,Pizza,2,18,36,12.0
2026-03-18,ORD-66503,Caesar Salad,Salads,1,12,12,4.0
2026-03-18,ORD-52212,Chicken Wings,Appetizers,3,10,30,12.0
2026-03-18,ORD-35012,Beef Burger,Burgers,3,14,42,18.0
2026-03-19,ORD-84519,Margherita Pizza,Pizza,3,15,45,15.0
2026-03-19,ORD-94466,Pepperoni Pizza,Pizza,2,18,36,12.0
2026-03-19,ORD-26461,Soda,Drinks,2,3,6,1.0
2026-03-19,ORD-54743,Tiramisu,Desserts,1,8,8,3.0
2026-03-19,ORD-48159,Chicken Wings,Appetizers,1,10,10,4.0
2026-03-19,ORD-73629,Margherita Pizza,Pizza,5,15,75,25.0
2026-03-19,ORD-55049,French Fries,Sides,1,5,5,1.5
2026-03-19,ORD-13063,Pepperoni Pizza,Pizza,2,18,36,12.0
2026-03-19,ORD-91149,Bruschetta,Appetizers,1,7,7,2.5
2026-03-19,ORD-64008,French Fries,Sides,2,5,10,3.0
2026-03-19,ORD-26735,Caesar Salad,Salads,1,12,12,4.0
2026-03-19,ORD-11537,Pepperoni Pizza,Pizza,3,18,54,18.0
2026-03-19,ORD-97439,Bruschetta,Appetizers,1,7,7,2.5
2026-03-19,ORD-31987,Coffee,Drinks,1,4,4,1.0
2026-03-19,ORD-33522,Tiramisu,Desserts,1,8,8,3.0
2026-03-19,ORD-70103,French Fries,Sides,2,5,10,3.0
2026-03-19,ORD-78260,Beef Burger,Burgers,1,14,14,6.0
2026-03-19,ORD-90897,Chicken Wings,Appetizers,1,10,10,4.0
2026-03-19,ORD-29388,Soda,Drinks,2,3,6,1.0
2026-03-19,ORD-19249,Pepperoni Pizza,Pizza,3,18,54,18.0
2026-03-19,ORD-91645,Margherita Pizza,Pizza,5,15,75,25.0
2026-03-19,ORD-79873,Coffee,Drinks,1,4,4,1.0
2026-03-19,ORD-75662,Margherita Pizza,Pizza,2,15,30,10.0
2026-03-19,ORD-47188,Pepperoni Pizza,Pizza,1,18,18,6.0
2026-03-19,ORD-42699,Coffee,Drinks,2,4,8,2.0
2026-03-19,ORD-85463,French Fries,Sides,1,5,5,1.5
2026-03-19,ORD-98540,Margherita Pizza,Pizza,2,15,30,10.0
2026-03-19,ORD-62195,French Fries,Sides,3,5,15,4.5
2026-03-19,ORD-90534,Caesar Salad,Salads,3,12,36,12.0
2026-03-19,ORD-11096,Beef Burger,Burgers,3,14,42,18.0
2026-03-19,ORD-57255,Margherita Pizza,Pizza,2,15,30,10.0
2026-03-19,ORD-22555,Margherita Pizza,Pizza,4,15,60,20.0
2026-03-19,ORD-76245,Coffee,Drinks,3,4,12,3.0
2026-03-19,ORD-14490,Beef Burger,Burgers,1,14,14,6.0
2026-03-19,ORD-56722,Beef Burger,Burgers,1,14,14,6.0
2026-03-19,ORD-13033,Soda,Drinks,3,3,9,1.5
2026-03-19,ORD-76102,Tiramisu,Desserts,2,8,16,6.0
2026-03-19,ORD-46501,Chicken Wings,Appetizers,3,10,30,12.0
2026-03-19,ORD-42027,Bruschetta,Appetizers,1,7,7,2.5
2026-03-20,ORD-45239,Tiramisu,Desserts,2,8,16,6.0
2026-03-20,ORD-66782,French Fries,Sides,1,5,5,1.5
2026-03-20,ORD-93930,Caesar Salad,Salads,1,12,12,4.0
2026-03-20,ORD-42270,Soda,Drinks,2,3,6,1.0
2026-03-20,ORD-11529,French Fries,Sides,1,5,5,1.5
2026-03-20,ORD-93115,Margherita Pizza,Pizza,4,15,60,20.0
2026-03-20,ORD-65424,Chicken Wings,Appetizers,1,10,10,4.0
2026-03-20,ORD-54088,Pepperoni Pizza,Pizza,3,18,54,18.0
2026-03-20,ORD-42719,Beef Burger,Burgers,1,14,14,6.0
2026-03-20,ORD-15810,Margherita Pizza,Pizza,3,15,45,15.0
2026-03-20,ORD-95756,Bruschetta,Appetizers,1,7,7,2.5
2026-03-20,ORD-72727,Chicken Wings,Appetizers,2,10,20,8.0
2026-03-20,ORD-81557,Tiramisu,Desserts,1,8,8,3.0
2026-03-20,ORD-80842,Margherita Pizza,Pizza,2,15,30,10.0
2026-03-20,ORD-78424,Tiramisu,Desserts,3,8,24,9.0
2026-03-20,ORD-37492,Chicken Wings,Appetizers,3,10,30,12.0
2026-03-20,ORD-94363,Pepperoni Pizza,Pizza,3,18,54,18.0
2026-03-20,ORD-75074,Tiramisu,Desserts,2,8,16,6.0
2026-03-20,ORD-26736,Margherita Pizza,Pizza,3,15,45,15.0
2026-03-20,ORD-81632,French Fries,Sides,2,5,10,3.0
2026-03-20,ORD-70190,Beef Burger,Burgers,3,14,42,18.0
2026-03-20,ORD-88812,Chicken Wings,Appetizers,3,10,30,12.0
2026-03-20,ORD-33451,Chicken Wings,Appetizers,3,10,30,12.0
2026-03-20,ORD-51227,Coffee,Drinks,2,4,8,2.0
2026-03-20,ORD-26832,Beef Burger,Burgers,2,14,28,12.0
2026-03-20,ORD-30770,Coffee,Drinks,3,4,12,3.0
2026-03-20,ORD-83362,Caesar Salad,Salads,2,12,24,8.0
2026-03-20,ORD-29588,Margherita Pizza,Pizza,3,15,45,15.0
2026-03-20,ORD-26563,Pepperoni Pizza,Pizza,3,18,54,18.0
2026-03-20,ORD-59994,Coffee,Drinks,3,4,12,3.0
2026-03-20,ORD-22689,Tiramisu,Desserts,3,8,24,9.0
2026-03-20,ORD-93929,Soda,Drinks,1,3,3,0.5
2026-03-20,ORD-69730,Pepperoni Pizza,Pizza,3,18,54,18.0
2026-03-20,ORD-79590,Beef Burger,Burgers,2,14,28,12.0
2026-03-20,ORD-54374,Tiramisu,Desserts,3,8,24,9.0
2026-03-20,ORD-24503,Tiramisu,Desserts,1,8,8,3.0
2026-03-20,ORD-18732,Coffee,Drinks,3,4,12,3.0
2026-03-20,ORD-21423,Margherita Pizza,Pizza,4,15,60,20.0
2026-03-20,ORD-48902,Coffee,Drinks,3,4,12,3.0
2026-03-20,ORD-32057,Caesar Salad,Salads,3,12,36,12.0
2026-03-20,ORD-62163,Margherita Pizza,Pizza,4,15,60,20.0
2026-03-20,ORD-47072,Coffee,Drinks,1,4,4,1.0
2026-03-20,ORD-62491,Caesar Salad,Salads,2,12,24,8.0
2026-03-20,ORD-39585,Tiramisu,Desserts,3,8,24,9.0
2026-03-20,ORD-75560,Margherita Pizza,Pizza,3,15,45,15.0
2026-03-20,ORD-14000,Margherita Pizza,Pizza,3,15,45,15.0
2026-03-20,ORD-17488,Tiramisu,Desserts,3,8,24,9.0
2026-03-20,ORD-46030,Margherita Pizza,Pizza,4,15,60,20.0
2026-03-20,ORD-89407,Caesar Salad,Salads,1,12,12,4.0
2026-03-20,ORD-33357,Beef Burger,Burgers,3,14,42,18.0
2026-03-20,ORD-51592,Tiramisu,Desserts,3,8,24,9.0
2026-03-20,ORD-20387,Beef Burger,Burgers,2,14,28,12.0
2026-03-20,ORD-83125,Pepperoni Pizza,Pizza,3,18,54,18.0
2026-03-20,ORD-38469,Caesar Salad,Salads,2,12,24,8.0
2026-03-20,ORD-53780,Chicken Wings,Appetizers,1,10,10,4.0
2026-03-20,ORD-14787,Coffee,Drinks,3,4,12,3.0
2026-03-20,ORD-93748,Margherita Pizza,Pizza,5,15,75,25.0
2026-03-20,ORD-13059,Pepperoni Pizza,Pizza,3,18,54,18.0
2026-03-20,ORD-78179,Tiramisu,Desserts,2,8,16,6.0
2026-03-20,ORD-61592,Margherita Pizza,Pizza,3,15,45,15.0
2026-03-20,ORD-33221,Margherita Pizza,Pizza,3,15,45,15.0
2026-03-20,ORD-44363,Chicken Wings,Appetizers,3,10,30,12.0
2026-03-20,ORD-57853,Coffee,Drinks,1,4,4,1.0
2026-03-20,ORD-92931,Caesar Salad,Salads,3,12,36,12.0
2026-03-20,ORD-46484,Pepperoni Pizza,Pizza,3,18,54,18.0
2026-03-20,ORD-86324,Coffee,Drinks,2,4,8,2.0
2026-03-20,ORD-41185,Tiramisu,Desserts,1,8,8,3.0
2026-03-20,ORD-26847,Caesar Salad,Salads,3,12,36,12.0
2026-03-20,ORD-75294,Pepperoni Pizza,Pizza,1,18,18,6.0
2026-03-20,ORD-48104,French Fries,Sides,2,5,10,3.0
2026-03-20,ORD-16780,Beef Burger,Burgers,2,14,28,12.0
2026-03-20,ORD-28709,Chicken Wings,Appetizers,3,10,30,12.0
2026-03-20,ORD-29847,Soda,Drinks,1,3,3,0.5
2026-03-20,ORD-35215,Chicken Wings,Appetizers,1,10,10,4.0
2026-03-21,ORD-87745,Coffee,Drinks,2,4,8,2.0
2026-03-21,ORD-89537,Coffee,Drinks,1,4,4,1.0
2026-03-21,ORD-68532,Soda,Drinks,3,3,9,1.5
2026-03-21,ORD-19058,Tiramisu,Desserts,1,8,8,3.0
2026-03-21,ORD-78642,French Fries,Sides,3,5,15,4.5
2026-03-21,ORD-26008,Pepperoni Pizza,Pizza,3,18,54,18.0
2026-03-21,ORD-25786,Bruschetta,Appetizers,1,7,7,2.5
2026-03-21,ORD-39175,French Fries,Sides,2,5,10,3.0
2026-03-21,ORD-41225,French Fries,Sides,1,5,5,1.5
2026-03-21,ORD-45186,Bruschetta,Appetizers,1,7,7,2.5
2026-03-21,ORD-96618,Chicken Wings,Appetizers,2,10,20,8.0
2026-03-21,ORD-87391,Chicken Wings,Appetizers,2,10,20,8.0
2026-03-21,ORD-80573,Soda,Drinks,1,3,3,0.5
2026-03-21,ORD-71813,Margherita Pizza,Pizza,4,15,60,20.0
2026-03-21,ORD-17639,Pepperoni Pizza,Pizza,2,18,36,12.0
2026-03-21,ORD-42689,Beef Burger,Burgers,2,14,28,12.0
2026-03-21,ORD-77048,Coffee,Drinks,3,4,12,3.0
2026-03-21,ORD-80994,French Fries,Sides,1,5,5,1.5
2026-03-21,ORD-75498,Caesar Salad,Salads,3,12,36,12.0
2026-03-21,ORD-26926,Tiramisu,Desserts,1,8,8,3.0
2026-03-21,ORD-81262,Bruschetta,Appetizers,1,7,7,2.5
2026-03-21,ORD-40145,Bruschetta,Appetizers,1,7,7,2.5
2026-03-21,ORD-49472,French Fries,Sides,3,5,15,4.5
2026-03-21,ORD-45514,Beef Burger,Burgers,2,14,28,12.0
2026-03-21,ORD-38872,Soda,Drinks,2,3,6,1.0
2026-03-21,ORD-45684,Soda,Drinks,3,3,9,1.5
2026-03-21,ORD-16669,Tiramisu,Desserts,3,8,24,9.0
2026-03-21,ORD-89731,French Fries,Sides,2,5,10,3.0
2026-03-21,ORD-86070,Beef Burger,Burgers,2,14,28,12.0
2026-03-21,ORD-22461,French Fries,Sides,1,5,5,1.5
2026-03-21,ORD-22537,Coffee,Drinks,3,4,12,3.0
2026-03-21,ORD-20401,Beef Burger,Burgers,3,14,42,18.0
2026-03-21,ORD-81380,Soda,Drinks,2,3,6,1.0
2026-03-21,ORD-49763,Chicken Wings,Appetizers,1,10,10,4.0
2026-03-21,ORD-79260,Tiramisu,Desserts,1,8,8,3.0
2026-03-21,ORD-56939,Tiramisu,Desserts,2,8,16,6.0
2026-03-21,ORD-14865,French Fries,Sides,1,5,5,1.5
2026-03-21,ORD-95189,Beef Burger,Burgers,1,14,14,6.0
2026-03-21,ORD-21069,Beef Burger,Burgers,2,14,28,12.0
2026-03-21,ORD-94953,Chicken Wings,Appetizers,2,10,20,8.0
2026-03-21,ORD-51786,Pepperoni Pizza,Pizza,3,18,54,18.0
2026-03-21,ORD-97530,Chicken Wings,Appetizers,3,10,30,12.0
2026-03-21,ORD-18433,Soda,Drinks,1,3,3,0.5
2026-03-21,ORD-91857,Beef Burger,Burgers,3,14,42,18.0
2026-03-21,ORD-99363,Pepperoni Pizza,Pizza,2,18,36,12.0
2026-03-21,ORD-19330,Chicken Wings,Appetizers,2,10,20,8.0
2026-03-21,ORD-76165,Chicken Wings,Appetizers,2,10,20,8.0
2026-03-21,ORD-40671,French Fries,Sides,3,5,15,4.5
2026-03-21,ORD-85428,Soda,Drinks,2,3,6,1.0
2026-03-21,ORD-86190,Caesar Salad,Salads,3,12,36,12.0
2026-03-21,ORD-19424,Margherita Pizza,Pizza,2,15,30,10.0
2026-03-21,ORD-75370,Pepperoni Pizza,Pizza,2,18,36,12.0
2026-03-21,ORD-51383,Margherita Pizza,Pizza,3,15,45,15.0
2026-03-21,ORD-43982,Chicken Wings,Appetizers,2,10,20,8.0
2026-03-21,ORD-79553,Pepperoni Pizza,Pizza,3,18,54,18.0
2026-03-21,ORD-35796,Soda,Drinks,1,3,3,0.5
2026-03-21,ORD-51176,Beef Burger,Burgers,3,14,42,18.0
2026-03-21,ORD-50293,Coffee,Drinks,3,4,12,3.0
2026-03-21,ORD-18637,Coffee,Drinks,1,4,4,1.0
2026-03-21,ORD-98033,Chicken Wings,Appetizers,2,10,20,8.0
2026-03-21,ORD-16746,Coffee,Drinks,3,4,12,3.0
2026-03-21,ORD-62213,Coffee,Drinks,3,4,12,3.0
2026-03-21,ORD-62181,Margherita Pizza,Pizza,2,15,30,10.0
2026-03-21,ORD-76900,Pepperoni Pizza,Pizza,2,18,36,12.0
2026-03-21,ORD-44596,Tiramisu,Desserts,1,8,8,3.0
2026-03-21,ORD-19790,Tiramisu,Desserts,1,8,8,3.0
2026-03-21,ORD-59210,Soda,Drinks,3,3,9,1.5
2026-03-21,ORD-40416,Chicken Wings,Appetizers,1,10,10,4.0
2026-03-21,ORD-12531,Coffee,Drinks,1,4,4,1.0
2026-03-21,ORD-94723,French Fries,Sides,1,5,5,1.5
2026-03-21,ORD-89711,Caesar Salad,Salads,1,12,12,4.0
2026-03-21,ORD-30143,Beef Burger,Burgers,2,14,28,12.0
2026-03-21,ORD-33289,Margherita Pizza,Pizza,5,15,75,25.0
2026-03-21,ORD-38942,Soda,Drinks,1,3,3,0.5
2026-03-21,ORD-25375,Chicken Wings,Appetizers,1,10,10,4.0
2026-03-21,ORD-85621,Caesar Salad,Salads,1,12,12,4.0
2026-03-21,ORD-86726,Chicken Wings,Appetizers,3,10,30,12.0
2026-03-21,ORD-85847,French Fries,Sides,1,5,5,1.5
2026-03-21,ORD-23919,Caesar Salad,Salads,2,12,24,8.0
2026-03-21,ORD-38475,Pepperoni Pizza,Pizza,2,18,36,12.0
2026-03-21,ORD-77960,Tiramisu,Desserts,3,8,24,9.0
2026-03-21,ORD-83283,Margherita Pizza,Pizza,4,15,60,20.0
2026-03-21,ORD-52329,French Fries,Sides,3,5,15,4.5
2026-03-21,ORD-29205,Pepperoni Pizza,Pizza,3,18,54,18.0
2026-03-21,ORD-28905,Margherita Pizza,Pizza,3,15,45,15.0
2026-03-21,ORD-67527,Coffee,Drinks,3,4,12,3.0
2026-03-21,ORD-39443,Caesar Salad,Salads,3,12,36,12.0
2026-03-21,ORD-47170,Beef Burger,Burgers,3,14,42,18.0
2026-03-21,ORD-37018,Pepperoni Pizza,Pizza,2,18,36,12.0
2026-03-21,ORD-45931,French Fries,Sides,2,5,10,3.0
2026-03-21,ORD-71414,French Fries,Sides,1,5,5,1.5
2026-03-21,ORD-15462,Caesar Salad,Salads,1,12,12,4.0
2026-03-21,ORD-20707,Pepperoni Pizza,Pizza,3,18,54,18.0
2026-03-21,ORD-60061,French Fries,Sides,2,5,10,3.0
2026-03-21,ORD-47929,Pepperoni Pizza,Pizza,3,18,54,18.0
2026-03-21,ORD-72926,French Fries,Sides,2,5,10,3.0
2026-03-21,ORD-73909,Tiramisu,Desserts,1,8,8,3.0
2026-03-21,ORD-76584,French Fries,Sides,3,5,15,4.5
2026-03-21,ORD-93110,Soda,Drinks,1,3,3,0.5
2026-03-21,ORD-84390,Soda,Drinks,3,3,9,1.5
2026-03-21,ORD-17419,Beef Burger,Burgers,1,14,14,6.0
2026-03-21,ORD-35346,Coffee,Drinks,3,4,12,3.0
2026-03-21,ORD-28375,Tiramisu,Desserts,2,8,16,6.0
2026-03-21,ORD-40934,Caesar Salad,Salads,3,12,36,12.0
2026-03-21,ORD-17539,Coffee,Drinks,2,4,8,2.0
2026-03-21,ORD-11751,Caesar Salad,Salads,3,12,36,12.0
2026-03-21,ORD-26988,Chicken Wings,Appetizers,3,10,30,12.0
2026-03-21,ORD-10492,Chicken Wings,Appetizers,1,10,10,4.0
2026-03-21,ORD-56247,Margherita Pizza,Pizza,2,15,30,10.0
2026-03-21,ORD-58261,Soda,Drinks,2,3,6,1.0
2026-03-21,ORD-53822,Beef Burger,Burgers,3,14,42,18.0
2026-03-21,ORD-22187,Coffee,Drinks,2,4,8,2.0
2026-03-21,ORD-96218,French Fries,Sides,1,5,5,1.5
2026-03-21,ORD-57728,Pepperoni Pizza,Pizza,3,18,54,18.0
2026-03-21,ORD-53146,Chicken Wings,Appetizers,3,10,30,12.0
2026-03-21,ORD-10245,Chicken Wings,Appetizers,2,10,20,8.0
2026-03-21,ORD-66174,Tiramisu,Desserts,1,8,8,3.0
2026-03-21,ORD-27508,Margherita Pizza,Pizza,5,15,75,25.0
2026-03-21,ORD-76522,Tiramisu,Desserts,2,8,16,6.0
2026-03-21,ORD-59099,Tiramisu,Desserts,2,8,16,6.0
2026-03-21,ORD-68332,French Fries,Sides,2,5,10,3.0
2026-03-21,ORD-36500,Pepperoni Pizza,Pizza,2,18,36,12.0
2026-03-21,ORD-42033,Chicken Wings,Appetizers,3,10,30,12.0
2026-03-21,ORD-31482,Pepperoni Pizza,Pizza,1,18,18,6.0
2026-03-21,ORD-72572,Margherita Pizza,Pizza,2,15,30,10.0
2026-03-21,ORD-42365,Beef Burger,Burgers,3,14,42,18.0
2026-03-21,ORD-76336,Coffee,Drinks,3,4,12,3.0
2026-03-21,ORD-14697,Pepperoni Pizza,Pizza,2,18,36,12.0
2026-03-21,ORD-65323,Soda,Drinks,2,3,6,1.0
2026-03-21,ORD-55324,Coffee,Drinks,3,4,12,3.0
2026-03-21,ORD-79209,Coffee,Drinks,1,4,4,1.0
2026-03-21,ORD-14908,Chicken Wings,Appetizers,2,10,20,8.0
2026-03-21,ORD-62624,Bruschetta,Appetizers,1,7,7,2.5
2026-03-21,ORD-46525,French Fries,Sides,2,5,10,3.0
2026-03-21,ORD-37427,Chicken Wings,Appetizers,1,10,10,4.0
2026-03-21,ORD-30554,Margherita Pizza,Pizza,5,15,75,25.0
2026-03-21,ORD-59415,Soda,Drinks,3,3,9,1.5
2026-03-21,ORD-12595,Beef Burger,Burgers,3,14,42,18.0
2026-03-22,ORD-32204,Margherita Pizza,Pizza,4,15,60,20.0
2026-03-22,ORD-27431,Pepperoni Pizza,Pizza,1,18,18,6.0
2026-03-22,ORD-76608,Pepperoni Pizza,Pizza,2,18,36,12.0
2026-03-22,ORD-90027,Chicken Wings,Appetizers,2,10,20,8.0
2026-03-22,ORD-96433,Margherita Pizza,Pizza,2,15,30,10.0
2026-03-22,ORD-90590,Tiramisu,Desserts,3,8,24,9.0
2026-03-22,ORD-64007,Tiramisu,Desserts,2,8,16,6.0
2026-03-22,ORD-89446,Coffee,Drinks,1,4,4,1.0
2026-03-22,ORD-72067,Tiramisu,Desserts,1,8,8,3.0
2026-03-22,ORD-81493,Coffee,Drinks,3,4,12,3.0
2026-03-22,ORD-88118,Pepperoni Pizza,Pizza,2,18,36,12.0
2026-03-22,ORD-59957,Soda,Drinks,2,3,6,1.0
2026-03-22,ORD-85877,Pepperoni Pizza,Pizza,2,18,36,12.0
2026-03-22,ORD-80923,Soda,Drinks,1,3,3,0.5
2026-03-22,ORD-89760,Coffee,Drinks,2,4,8,2.0
2026-03-22,ORD-48470,Chicken Wings,Appetizers,3,10,30,12.0
2026-03-22,ORD-97858,Beef Burger,Burgers,2,14,28,12.0
2026-03-22,ORD-94867,Beef Burger,Burgers,1,14,14,6.0
2026-03-22,ORD-63253,Pepperoni Pizza,Pizza,1,18,18,6.0
2026-03-22,ORD-76495,Soda,Drinks,1,3,3,0.5
2026-03-22,ORD-12122,Pepperoni Pizza,Pizza,3,18,54,18.0
2026-03-22,ORD-47695,Tiramisu,Desserts,2,8,16,6.0
2026-03-22,ORD-91077,Beef Burger,Burgers,2,14,28,12.0
2026-03-22,ORD-95591,Bruschetta,Appetizers,1,7,7,2.5
2026-03-22,ORD-20336,French Fries,Sides,3,5,15,4.5
2026-03-22,ORD-27699,French Fries,Sides,3,5,15,4.5
2026-03-22,ORD-61417,Pepperoni Pizza,Pizza,2,18,36,12.0
2026-03-22,ORD-94702,Margherita Pizza,Pizza,2,15,30,10.0
2026-03-22,ORD-83947,Caesar Salad,Salads,2,12,24,8.0
2026-03-22,ORD-16926,Tiramisu,Desserts,1,8,8,3.0
2026-03-22,ORD-59410,Margherita Pizza,Pizza,4,15,60,20.0
2026-03-22,ORD-26627,Chicken Wings,Appetizers,1,10,10,4.0
2026-03-22,ORD-33353,Beef Burger,Burgers,3,14,42,18.0
2026-03-22,ORD-19001,Tiramisu,Desserts,3,8,24,9.0
2026-03-22,ORD-62701,Chicken Wings,Appetizers,3,10,30,12.0
2026-03-22,ORD-92522,Coffee,Drinks,2,4,8,2.0
2026-03-22,ORD-60624,Chicken Wings,Appetizers,2,10,20,8.0
2026-03-22,ORD-41505,French Fries,Sides,2,5,10,3.0
2026-03-22,ORD-19981,Tiramisu,Desserts,1,8,8,3.0
2026-03-22,ORD-57106,Caesar Salad,Salads,1,12,12,4.0
2026-03-22,ORD-43577,Chicken Wings,Appetizers,3,10,30,12.0
2026-03-22,ORD-88361,Soda,Drinks,3,3,9,1.5
2026-03-22,ORD-34582,French Fries,Sides,1,5,5,1.5
2026-03-22,ORD-65232,Pepperoni Pizza,Pizza,1,18,18,6.0
2026-03-22,ORD-96598,Caesar Salad,Salads,3,12,36,12.0
2026-03-22,ORD-22904,Tiramisu,Desserts,3,8,24,9.0
2026-03-22,ORD-97602,Chicken Wings,Appetizers,3,10,30,12.0
2026-03-22,ORD-85581,Pepperoni Pizza,Pizza,2,18,36,12.0
2026-03-22,ORD-63010,Beef Burger,Burgers,1,14,14,6.0
2026-03-22,ORD-82989,Beef Burger,Burgers,3,14,42,18.0
2026-03-22,ORD-72719,Margherita Pizza,Pizza,2,15,30,10.0
2026-03-22,ORD-22343,Soda,Drinks,1,3,3,0.5
2026-03-22,ORD-77988,French Fries,Sides,3,5,15,4.5
2026-03-22,ORD-55308,Soda,Drinks,1,3,3,0.5
2026-03-22,ORD-17101,Tiramisu,Desserts,1,8,8,3.0
2026-03-22,ORD-62530,Tiramisu,Desserts,3,8,24,9.0
2026-03-22,ORD-38514,Soda,Drinks,1,3,3,0.5
2026-03-22,ORD-49497,French Fries,Sides,1,5,5,1.5
2026-03-22,ORD-92454,Chicken Wings,Appetizers,2,10,20,8.0
2026-03-22,ORD-22417,Beef Burger,Burgers,2,14,28,12.0
2026-03-22,ORD-91578,Tiramisu,Desserts,3,8,24,9.0
2026-03-22,ORD-52171,Margherita Pizza,Pizza,3,15,45,15.0
2026-03-22,ORD-52646,Tiramisu,Desserts,1,8,8,3.0
2026-03-22,ORD-99275,Coffee,Drinks,1,4,4,1.0
2026-03-22,ORD-32189,Pepperoni Pizza,Pizza,3,18,54,18.0
2026-03-22,ORD-36683,Tiramisu,Desserts,2,8,16,6.0
2026-03-22,ORD-86603,Caesar Salad,Salads,3,12,36,12.0
2026-03-22,ORD-86453,Coffee,Drinks,1,4,4,1.0
2026-03-22,ORD-82017,Tiramisu,Desserts,1,8,8,3.0
2026-03-22,ORD-49515,French Fries,Sides,1,5,5,1.5
2026-03-22,ORD-56721,Caesar Salad,Salads,1,12,12,4.0
2026-03-22,ORD-65008,Tiramisu,Desserts,3,8,24,9.0
2026-03-22,ORD-72689,French Fries,Sides,3,5,15,4.5
2026-03-22,ORD-32333,Soda,Drinks,3,3,9,1.5
2026-03-22,ORD-84199,Chicken Wings,Appetizers,3,10,30,12.0
2026-03-22,ORD-37173,Margherita Pizza,Pizza,5,15,75,25.0
2026-03-22,ORD-86234,Soda,Drinks,2,3,6,1.0
2026-03-22,ORD-13258,Margherita Pizza,Pizza,3,15,45,15.0
2026-03-22,ORD-79125,Margherita Pizza,Pizza,3,15,45,15.0
2026-03-22,ORD-13276,Pepperoni Pizza,Pizza,3,18,54,18.0
2026-03-22,ORD-34936,Soda,Drinks,1,3,3,0.5
2026-03-22,ORD-96876,Beef Burger,Burgers,3,14,42,18.0
2026-03-22,ORD-80429,Beef Burger,Burgers,3,14,42,18.0
2026-03-22,ORD-65214,Beef Burger,Burgers,3,14,42,18.0
2026-03-22,ORD-46125,Pepperoni Pizza,Pizza,2,18,36,12.0
2026-03-22,ORD-56498,Soda,Drinks,2,3,6,1.0
2026-03-22,ORD-27336,Tiramisu,Desserts,1,8,8,3.0
2026-03-22,ORD-55738,Chicken Wings,Appetizers,2,10,20,8.0
2026-03-22,ORD-70192,Beef Burger,Burgers,3,14,42,18.0
2026-03-22,ORD-80905,Beef Burger,Burgers,3,14,42,18.0
2026-03-22,ORD-30433,Coffee,Drinks,3,4,12,3.0
2026-03-22,ORD-35321,Margherita Pizza,Pizza,2,15,30,10.0
2026-03-22,ORD-17978,Coffee,Drinks,2,4,8,2.0
2026-03-22,ORD-47763,Pepperoni Pizza,Pizza,2,18,36,12.0
2026-03-22,ORD-30169,Beef Burger,Burgers,2,14,28,12.0
2026-03-22,ORD-66120,Beef Burger,Burgers,2,14,28,12.0
2026-03-22,ORD-44341,Chicken Wings,Appetizers,1,10,10,4.0
2026-03-22,ORD-33623,Soda,Drinks,2,3,6,1.0
2026-03-22,ORD-93172,Chicken Wings,Appetizers,3,10,30,12.0
2026-03-22,ORD-45693,Soda,Drinks,3,3,9,1.5
2026-03-22,ORD-20899,Soda,Drinks,3,3,9,1.5
2026-03-22,ORD-92567,Beef Burger,Burgers,3,14,42,18.0
2026-03-22,ORD-70247,Margherita Pizza,Pizza,4,15,60,20.0
2026-03-22,ORD-41310,French Fries,Sides,3,5,15,4.5
2026-03-22,ORD-66493,Tiramisu,Desserts,2,8,16,6.0
2026-03-22,ORD-83138,Coffee,Drinks,3,4,12,3.0
2026-03-22,ORD-68115,Soda,Drinks,3,3,9,1.5
2026-03-22,ORD-48985,Chicken Wings,Appetizers,3,10,30,12.0
2026-03-22,ORD-46805,Soda,Drinks,2,3,6,1.0
2026-03-22,ORD-94000,Beef Burger,Burgers,2,14,28,12.0
2026-03-22,ORD-11485,French Fries,Sides,1,5,5,1.5
2026-03-22,ORD-40872,Caesar Salad,Salads,3,12,36,12.0
2026-03-22,ORD-50235,French Fries,Sides,3,5,15,4.5
2026-03-22,ORD-54270,Soda,Drinks,2,3,6,1.0
2026-03-22,ORD-24167,Beef Burger,Burgers,2,14,28,12.0
2026-03-22,ORD-39769,Coffee,Drinks,1,4,4,1.0
2026-03-22,ORD-26472,Tiramisu,Desserts,1,8,8,3.0
2026-03-22,ORD-96391,Chicken Wings,Appetizers,3,10,30,12.0
2026-03-22,ORD-35290,Chicken Wings,Appetizers,2,10,20,8.0
2026-03-22,ORD-55766,French Fries,Sides,1,5,5,1.5
2026-03-22,ORD-55135,Caesar Salad,Salads,1,12,12,4.0
2026-03-22,ORD-54230,Tiramisu,Desserts,1,8,8,3.0
2026-03-22,ORD-28331,Chicken Wings,Appetizers,1,10,10,4.0
2026-03-22,ORD-65365,Pepperoni Pizza,Pizza,3,18,54,18.0
2026-03-22,ORD-55352,Coffee,Drinks,3,4,12,3.0
2026-03-22,ORD-47789,Chicken Wings,Appetizers,2,10,20,8.0
2026-03-22,ORD-94043,Beef Burger,Burgers,2,14,28,12.0
2026-03-22,ORD-54482,Tiramisu,Desserts,3,8,24,9.0
2026-03-23,ORD-26009,Beef Burger,Burgers,3,14,42,18.0
2026-03-23,ORD-79992,French Fries,Sides,3,5,15,4.5
2026-03-23,ORD-80259,Margherita Pizza,Pizza,2,15,30,10.0
2026-03-23,ORD-57383,Tiramisu,Desserts,3,8,24,9.0
2026-03-23,ORD-53758,Pepperoni Pizza,Pizza,3,18,54,18.0
2026-03-23,ORD-41792,Chicken Wings,Appetizers,3,10,30,12.0
2026-03-23,ORD-61899,Coffee,Drinks,3,4,12,3.0
2026-03-23,ORD-80292,French Fries,Sides,1,5,5,1.5
2026-03-23,ORD-19666,Bruschetta,Appetizers,1,7,7,2.5
2026-03-23,ORD-90846,Margherita Pizza,Pizza,5,15,75,25.0
2026-03-23,ORD-38200,Coffee,Drinks,3,4,12,3.0
2026-03-23,ORD-52478,Tiramisu,Desserts,3,8,24,9.0
2026-03-23,ORD-97733,Soda,Drinks,3,3,9,1.5
2026-03-23,ORD-57251,Caesar Salad,Salads,1,12,12,4.0
2026-03-23,ORD-71452,Tiramisu,Desserts,2,8,16,6.0
2026-03-23,ORD-53511,Soda,Drinks,3,3,9,1.5
2026-03-23,ORD-16828,Tiramisu,Desserts,2,8,16,6.0
2026-03-23,ORD-84350,Pepperoni Pizza,Pizza,2,18,36,12.0
2026-03-23,ORD-55535,Pepperoni Pizza,Pizza,3,18,54,18.0
2026-03-23,ORD-94663,Margherita Pizza,Pizza,3,15,45,15.0
2026-03-23,ORD-87980,Tiramisu,Desserts,1,8,8,3.0
2026-03-23,ORD-23891,Margherita Pizza,Pizza,5,15,75,25.0
2026-03-23,ORD-21655,Caesar Salad,Salads,1,12,12,4.0
2026-03-23,ORD-23201,Soda,Drinks,3,3,9,1.5
2026-03-23,ORD-37549,Margherita Pizza,Pizza,5,15,75,25.0
2026-03-23,ORD-36708,French Fries,Sides,1,5,5,1.5
2026-03-23,ORD-68254,Pepperoni Pizza,Pizza,3,18,54,18.0
2026-03-23,ORD-42941,Soda,Drinks,3,3,9,1.5
2026-03-23,ORD-79104,Chicken Wings,Appetizers,3,10,30,12.0
2026-03-23,ORD-86935,Bruschetta,Appetizers,1,7,7,2.5
2026-03-23,ORD-72180,Coffee,Drinks,3,4,12,3.0
2026-03-23,ORD-53120,French Fries,Sides,3,5,15,4.5
2026-03-23,ORD-57915,French Fries,Sides,1,5,5,1.5
2026-03-23,ORD-15963,French Fries,Sides,1,5,5,1.5
2026-03-23,ORD-65214,Soda,Drinks,2,3,6,1.0
2026-03-23,ORD-97940,Margherita Pizza,Pizza,5,15,75,25.0
2026-03-23,ORD-28319,Bruschetta,Appetizers,1,7,7,2.5
2026-03-23,ORD-26192,Beef Burger,Burgers,3,14,42,18.0
2026-03-23,ORD-71438,Coffee,Drinks,1,4,4,1.0
2026-03-23,ORD-71885,Soda,Drinks,1,3,3,0.5
2026-03-23,ORD-67030,Coffee,Drinks,3,4,12,3.0
2026-03-23,ORD-73357,Chicken Wings,Appetizers,2,10,20,8.0
2026-03-23,ORD-49878,Coffee,Drinks,2,4,8,2.0
2026-03-23,ORD-33392,Margherita Pizza,Pizza,5,15,75,25.0
2026-03-23,ORD-83332,Chicken Wings,Appetizers,2,10,20,8.0
2026-03-23,ORD-29605,Tiramisu,Desserts,1,8,8,3.0
2026-03-23,ORD-81696,Coffee,Drinks,1,4,4,1.0
2026-03-23,ORD-99984,Coffee,Drinks,2,4,8,2.0
2026-03-23,ORD-24219,Tiramisu,Desserts,2,8,16,6.0
2026-03-23,ORD-85392,Tiramisu,Desserts,1,8,8,3.0
2026-03-24,ORD-41443,Chicken Wings,Appetizers,1,10,10,4.0
2026-03-24,ORD-25627,Margherita Pizza,Pizza,3,15,45,15.0
2026-03-24,ORD-20835,Coffee,Drinks,2,4,8,2.0
2026-03-24,ORD-32187,Margherita Pizza,Pizza,3,15,45,15.0
2026-03-24,ORD-82145,Tiramisu,Desserts,1,8,8,3.0
2026-03-24,ORD-85222,Chicken Wings,Appetizers,3,10,30,12.0
2026-03-24,ORD-79442,Tiramisu,Desserts,1,8,8,3.0
2026-03-24,ORD-40370,French Fries,Sides,1,5,5,1.5
2026-03-24,ORD-39009,Chicken Wings,Appetizers,3,10,30,12.0
2026-03-24,ORD-59391,Tiramisu,Desserts,2,8,16,6.0
2026-03-24,ORD-87949,Caesar Salad,Salads,3,12,36,12.0
2026-03-24,ORD-36837,Tiramisu,Desserts,2,8,16,6.0
2026-03-24,ORD-21676,Chicken Wings,Appetizers,2,10,20,8.0
2026-03-24,ORD-34900,Chicken Wings,Appetizers,2,10,20,8.0
2026-03-24,ORD-41803,Margherita Pizza,Pizza,3,15,45,15.0
2026-03-24,ORD-73750,Chicken Wings,Appetizers,2,10,20,8.0
2026-03-24,ORD-75095,Coffee,Drinks,2,4,8,2.0
2026-03-24,ORD-32701,Coffee,Drinks,2,4,8,2.0
2026-03-24,ORD-55872,Chicken Wings,Appetizers,3,10,30,12.0
2026-03-24,ORD-85484,Margherita Pizza,Pizza,5,15,75,25.0
2026-03-24,ORD-73707,Coffee,Drinks,1,4,4,1.0
2026-03-24,ORD-23674,Pepperoni Pizza,Pizza,3,18,54,18.0
2026-03-24,ORD-67933,Caesar Salad,Salads,1,12,12,4.0
2026-03-24,ORD-79528,Beef Burger,Burgers,1,14,14,6.0
2026-03-24,ORD-20474,Coffee,Drinks,1,4,4,1.0
2026-03-24,ORD-45294,Margherita Pizza,Pizza,4,15,60,20.0
2026-03-24,ORD-20806,Tiramisu,Desserts,1,8,8,3.0
2026-03-24,ORD-83763,Caesar Salad,Salads,1,12,12,4.0
2026-03-24,ORD-83165,Coffee,Drinks,2,4,8,2.0
2026-03-24,ORD-58951,Tiramisu,Desserts,1,8,8,3.0
2026-03-24,ORD-81284,Tiramisu,Desserts,3,8,24,9.0
2026-03-24,ORD-38356,Margherita Pizza,Pizza,5,15,75,25.0
2026-03-24,ORD-95716,Beef Burger,Burgers,3,14,42,18.0
2026-03-24,ORD-88088,Tiramisu,Desserts,3,8,24,9.0
2026-03-24,ORD-96022,Bruschetta,Appetizers,1,7,7,2.5
2026-03-24,ORD-42163,Beef Burger,Burgers,3,14,42,18.0
2026-03-24,ORD-18628,French Fries,Sides,1,5,5,1.5
2026-03-24,ORD-44766,Pepperoni Pizza,Pizza,1,18,18,6.0
2026-03-24,ORD-67189,Margherita Pizza,Pizza,5,15,75,25.0
2026-03-24,ORD-86775,Pepperoni Pizza,Pizza,1,18,18,6.0
2026-03-24,ORD-35516,Tiramisu,Desserts,2,8,16,6.0
2026-03-24,ORD-68150,Caesar Salad,Salads,3,12,36,12.0
2026-03-24,ORD-12796,Beef Burger,Burgers,3,14,42,18.0
2026-03-24,ORD-42117,Soda,Drinks,3,3,9,1.5
2026-03-24,ORD-37496,Chicken Wings,Appetizers,3,10,30,12.0
2026-03-24,ORD-38829,French Fries,Sides,1,5,5,1.5
2026-03-24,ORD-15498,Margherita Pizza,Pizza,3,15,45,15.0
2026-03-25,ORD-79911,French Fries,Sides,2,5,10,3.0
2026-03-25,ORD-61004,Soda,Drinks,1,3,3,0.5
2026-03-25,ORD-46134,Chicken Wings,Appetizers,3,10,30,12.0
2026-03-25,ORD-76946,French Fries,Sides,1,5,5,1.5
2026-03-25,ORD-64800,Pepperoni Pizza,Pizza,1,18,18,6.0
2026-03-25,ORD-56688,Caesar Salad,Salads,2,12,24,8.0
2026-03-25,ORD-79365,Tiramisu,Desserts,1,8,8,3.0
2026-03-25,ORD-96818,Pepperoni Pizza,Pizza,3,18,54,18.0
2026-03-25,ORD-36933,Chicken Wings,Appetizers,1,10,10,4.0
2026-03-25,ORD-43392,Beef Burger,Burgers,2,14,28,12.0
2026-03-25,ORD-61723,Pepperoni Pizza,Pizza,3,18,54,18.0
2026-03-25,ORD-47911,Margherita Pizza,Pizza,5,15,75,25.0
2026-03-25,ORD-39770,Tiramisu,Desserts,2,8,16,6.0
2026-03-25,ORD-71184,Soda,Drinks,3,3,9,1.5
2026-03-25,ORD-15634,Caesar Salad,Salads,2,12,24,8.0
2026-03-25,ORD-39514,Beef Burger,Burgers,2,14,28,12.0
2026-03-25,ORD-33155,Caesar Salad,Salads,1,12,12,4.0
2026-03-25,ORD-28288,French Fries,Sides,3,5,15,4.5
2026-03-25,ORD-11459,Beef Burger,Burgers,3,14,42,18.0
2026-03-25,ORD-19788,Beef Burger,Burgers,2,14,28,12.0
2026-03-25,ORD-37194,Caesar Salad,Salads,1,12,12,4.0
2026-03-25,ORD-58666,Coffee,Drinks,2,4,8,2.0
2026-03-25,ORD-20664,Caesar Salad,Salads,2,12,24,8.0
2026-03-25,ORD-12869,Caesar Salad,Salads,1,12,12,4.0
2026-03-25,ORD-48012,Beef Burger,Burgers,3,14,42,18.0
2026-03-25,ORD-47044,Bruschetta,Appetizers,1,7,7,2.5
2026-03-25,ORD-69855,Chicken Wings,Appetizers,2,10,20,8.0
2026-03-25,ORD-71571,French Fries,Sides,2,5,10,3.0
2026-03-25,ORD-30806,Caesar Salad,Salads,1,12,12,4.0
2026-03-25,ORD-22778,Coffee,Drinks,2,4,8,2.0
2026-03-25,ORD-80778,Caesar Salad,Salads,3,12,36,12.0
2026-03-25,ORD-74449,French Fries,Sides,2,5,10,3.0
2026-03-25,ORD-98558,Margherita Pizza,Pizza,2,15,30,10.0
2026-03-25,ORD-35431,Coffee,Drinks,1,4,4,1.0
2026-03-25,ORD-21867,French Fries,Sides,1,5,5,1.5
2026-03-25,ORD-57533,Tiramisu,Desserts,2,8,16,6.0
2026-03-25,ORD-62543,Pepperoni Pizza,Pizza,3,18,54,18.0
2026-03-25,ORD-93509,Beef Burger,Burgers,2,14,28,12.0
2026-03-25,ORD-81461,Coffee,Drinks,1,4,4,1.0
2026-03-25,ORD-46276,Beef Burger,Burgers,3,14,42,18.0
2026-03-25,ORD-98080,Soda,Drinks,3,3,9,1.5
2026-03-25,ORD-84347,Chicken Wings,Appetizers,2,10,20,8.0
2026-03-25,ORD-69189,Coffee,Drinks,1,4,4,1.0
2026-03-25,ORD-11420,Coffee,Drinks,1,4,4,1.0
2026-03-25,ORD-17556,Chicken Wings,Appetizers,1,10,10,4.0
2026-03-25,ORD-95293,French Fries,Sides,1,5,5,1.5
2026-03-25,ORD-49959,Beef Burger,Burgers,1,14,14,6.0
2026-03-25,ORD-61291,Beef Burger,Burgers,2,14,28,12.0
2026-03-25,ORD-55535,Pepperoni Pizza,Pizza,1,18,18,6.0
2026-03-25,ORD-24100,Coffee,Drinks,3,4,12,3.0
2026-03-25,ORD-93838,Soda,Drinks,3,3,9,1.5
2026-03-25,ORD-31967,Margherita Pizza,Pizza,5,15,75,25.0
2026-03-25,ORD-25941,Margherita Pizza,Pizza,4,15,60,20.0
2026-03-25,ORD-59638,Chicken Wings,Appetizers,3,10,30,12.0
2026-03-26,ORD-32644,French Fries,Sides,1,5,5,1.5
2026-03-26,ORD-21771,Soda,Drinks,1,3,3,0.5
2026-03-26,ORD-96901,Soda,Drinks,2,3,6,1.0
2026-03-26,ORD-67607,Margherita Pizza,Pizza,5,15,75,25.0
2026-03-26,ORD-17787,Tiramisu,Desserts,2,8,16,6.0
2026-03-26,ORD-12876,Margherita Pizza,Pizza,4,15,60,20.0
2026-03-26,ORD-45007,Caesar Salad,Salads,3,12,36,12.0
2026-03-26,ORD-87277,Chicken Wings,Appetizers,1,10,10,4.0
2026-03-26,ORD-99496,French Fries,Sides,3,5,15,4.5
2026-03-26,ORD-36710,Caesar Salad,Salads,2,12,24,8.0
2026-03-26,ORD-97713,Margherita Pizza,Pizza,3,15,45,15.0
2026-03-26,ORD-61079,Pepperoni Pizza,Pizza,2,18,36,12.0
2026-03-26,ORD-99039,Soda,Drinks,3,3,9,1.5
2026-03-26,ORD-37439,Beef Burger,Burgers,1,14,14,6.0
2026-03-26,ORD-94696,Chicken Wings,Appetizers,2,10,20,8.0
2026-03-26,ORD-56349,Tiramisu,Desserts,2,8,16,6.0
2026-03-26,ORD-48760,French Fries,Sides,2,5,10,3.0
2026-03-26,ORD-57471,Tiramisu,Desserts,1,8,8,3.0
2026-03-26,ORD-57007,Beef Burger,Burgers,3,14,42,18.0
2026-03-26,ORD-19094,Margherita Pizza,Pizza,3,15,45,15.0
2026-03-26,ORD-22953,Chicken Wings,Appetizers,3,10,30,12.0
2026-03-26,ORD-42621,Margherita Pizza,Pizza,3,15,45,15.0
2026-03-26,ORD-49387,French Fries,Sides,1,5,5,1.5
2026-03-26,ORD-38976,Margherita Pizza,Pizza,2,15,30,10.0
2026-03-26,ORD-10283,Margherita Pizza,Pizza,4,15,60,20.0
2026-03-26,ORD-69831,Chicken Wings,Appetizers,2,10,20,8.0
2026-03-26,ORD-93179,Caesar Salad,Salads,2,12,24,8.0
2026-03-26,ORD-85636,Chicken Wings,Appetizers,1,10,10,4.0
2026-03-26,ORD-26368,Beef Burger,Burgers,1,14,14,6.0
2026-03-26,ORD-24079,Pepperoni Pizza,Pizza,1,18,18,6.0
2026-03-26,ORD-34588,Soda,Drinks,3,3,9,1.5
2026-03-26,ORD-14427,Coffee,Drinks,3,4,12,3.0
2026-03-26,ORD-14159,Tiramisu,Desserts,1,8,8,3.0
2026-03-27,ORD-47543,Pepperoni Pizza,Pizza,3,18,54,18.0
2026-03-27,ORD-47470,Soda,Drinks,3,3,9,1.5
2026-03-27,ORD-56835,Soda,Drinks,1,3,3,0.5
2026-03-27,ORD-89837,Margherita Pizza,Pizza,3,15,45,15.0
2026-03-27,ORD-93395,French Fries,Sides,2,5,10,3.0
2026-03-27,ORD-90374,Coffee,Drinks,2,4,8,2.0
2026-03-27,ORD-44890,Caesar Salad,Salads,3,12,36,12.0
2026-03-27,ORD-97251,Beef Burger,Burgers,1,14,14,6.0
2026-03-27,ORD-29289,Pepperoni Pizza,Pizza,2,18,36,12.0
2026-03-27,ORD-22311,Pepperoni Pizza,Pizza,3,18,54,18.0
2026-03-27,ORD-66898,Bruschetta,Appetizers,1,7,7,2.5
2026-03-27,ORD-60956,Beef Burger,Burgers,2,14,28,12.0
2026-03-27,ORD-58445,Caesar Salad,Salads,2,12,24,8.0
2026-03-27,ORD-24164,Margherita Pizza,Pizza,5,15,75,25.0
2026-03-27,ORD-96945,Soda,Drinks,1,3,3,0.5
2026-03-27,ORD-86247,Margherita Pizza,Pizza,3,15,45,15.0
2026-03-27,ORD-97286,Beef Burger,Burgers,2,14,28,12.0
2026-03-27,ORD-20723,Tiramisu,Desserts,3,8,24,9.0
2026-03-27,ORD-95887,Tiramisu,Desserts,1,8,8,3.0
2026-03-27,ORD-34060,Margherita Pizza,Pizza,4,15,60,20.0
2026-03-27,ORD-56094,Caesar Salad,Salads,2,12,24,8.0
2026-03-27,ORD-87917,Beef Burger,Burgers,3,14,42,18.0
2026-03-27,ORD-63502,Coffee,Drinks,2,4,8,2.0
2026-03-27,ORD-90777,Caesar Salad,Salads,2,12,24,8.0
2026-03-27,ORD-37644,French Fries,Sides,1,5,5,1.5
2026-03-27,ORD-16918,Tiramisu,Desserts,3,8,24,9.0
2026-03-27,ORD-74597,Beef Burger,Burgers,2,14,28,12.0
2026-03-27,ORD-94894,Pepperoni Pizza,Pizza,2,18,36,12.0
2026-03-27,ORD-96463,Soda,Drinks,2,3,6,1.0
2026-03-27,ORD-76333,French Fries,Sides,2,5,10,3.0
2026-03-27,ORD-82847,Pepperoni Pizza,Pizza,2,18,36,12.0
2026-03-27,ORD-24173,Beef Burger,Burgers,2,14,28,12.0
2026-03-27,ORD-98700,Coffee,Drinks,1,4,4,1.0
2026-03-27,ORD-70847,Caesar Salad,Salads,2,12,24,8.0
2026-03-27,ORD-33933,Beef Burger,Burgers,1,14,14,6.0
2026-03-27,ORD-87819,Tiramisu,Desserts,1,8,8,3.0
2026-03-27,ORD-67486,Soda,Drinks,3,3,9,1.5
2026-03-27,ORD-15019,Caesar Salad,Salads,2,12,24,8.0
2026-03-27,ORD-13132,Tiramisu,Desserts,3,8,24,9.0
2026-03-27,ORD-29175,French Fries,Sides,3,5,15,4.5
2026-03-27,ORD-79773,Margherita Pizza,Pizza,5,15,75,25.0
2026-03-27,ORD-24298,Pepperoni Pizza,Pizza,3,18,54,18.0
2026-03-27,ORD-36083,Pepperoni Pizza,Pizza,2,18,36,12.0
2026-03-27,ORD-12997,Beef Burger,Burgers,3,14,42,18.0
2026-03-27,ORD-65374,Beef Burger,Burgers,2,14,28,12.0
2026-03-27,ORD-36262,Bruschetta,Appetizers,1,7,7,2.5
2026-03-27,ORD-49532,Pepperoni Pizza,Pizza,2,18,36,12.0
2026-03-27,ORD-44361,Coffee,Drinks,1,4,4,1.0
2026-03-27,ORD-66167,Bruschetta,Appetizers,1,7,7,2.5
2026-03-27,ORD-89586,Chicken Wings,Appetizers,1,10,10,4.0
2026-03-27,ORD-64858,Caesar Salad,Salads,2,12,24,8.0
2026-03-27,ORD-97938,Caesar Salad,Salads,3,12,36,12.0
2026-03-27,ORD-59423,Coffee,Drinks,2,4,8,2.0
2026-03-27,ORD-51215,Beef Burger,Burgers,3,14,42,18.0
2026-03-27,ORD-76604,Beef Burger,Burgers,3,14,42,18.0
2026-03-27,ORD-91283,Caesar Salad,Salads,1,12,12,4.0
2026-03-27,ORD-57906,Soda,Drinks,1,3,3,0.5
2026-03-27,ORD-71457,Caesar Salad,Salads,2,12,24,8.0
2026-03-27,ORD-37340,Caesar Salad,Salads,1,12,12,4.0
2026-03-27,ORD-56631,Beef Burger,Burgers,2,14,28,12.0
2026-03-27,ORD-24179,Pepperoni Pizza,Pizza,2,18,36,12.0
2026-03-27,ORD-72948,Margherita Pizza,Pizza,2,15,30,10.0
2026-03-27,ORD-32380,Pepperoni Pizza,Pizza,3,18,54,18.0
2026-03-27,ORD-28724,Chicken Wings,Appetizers,3,10,30,12.0
2026-03-27,ORD-11910,Pepperoni Pizza,Pizza,3,18,54,18.0
2026-03-27,ORD-15650,Pepperoni Pizza,Pizza,2,18,36,12.0
2026-03-27,ORD-49363,Chicken Wings,Appetizers,3,10,30,12.0
2026-03-27,ORD-65241,Coffee,Drinks,3,4,12,3.0
2026-03-27,ORD-69990,Soda,Drinks,2,3,6,1.0
2026-03-27,ORD-51190,Margherita Pizza,Pizza,3,15,45,15.0
2026-03-27,ORD-83459,Tiramisu,Desserts,3,8,24,9.0
2026-03-27,ORD-55526,Caesar Salad,Salads,1,12,12,4.0
2026-03-27,ORD-83291,Pepperoni Pizza,Pizza,1,18,18,6.0
2026-03-27,ORD-49153,French Fries,Sides,1,5,5,1.5
2026-03-27,ORD-10738,Soda,Drinks,2,3,6,1.0
2026-03-27,ORD-94405,Caesar Salad,Salads,3,12,36,12.0
2026-03-27,ORD-83504,Caesar Salad,Salads,1,12,12,4.0
2026-03-27,ORD-49165,Coffee,Drinks,2,4,8,2.0
2026-03-27,ORD-39561,Beef Burger,Burgers,1,14,14,6.0
2026-03-27,ORD-18608,Margherita Pizza,Pizza,5,15,75,25.0
2026-03-27,ORD-54918,Margherita Pizza,Pizza,5,15,75,25.0
2026-03-27,ORD-60640,Beef Burger,Burgers,3,14,42,18.0
2026-03-27,ORD-39148,Beef Burger,Burgers,2,14,28,12.0
2026-03-27,ORD-16814,Pepperoni Pizza,Pizza,3,18,54,18.0
2026-03-27,ORD-42129,French Fries,Sides,3,5,15,4.5
2026-03-27,ORD-86056,Chicken Wings,Appetizers,1,10,10,4.0
2026-03-27,ORD-56196,Tiramisu,Desserts,2,8,16,6.0
2026-03-27,ORD-96261,Soda,Drinks,2,3,6,1.0
2026-03-27,ORD-73353,Caesar Salad,Salads,2,12,24,8.0
2026-03-27,ORD-37518,Soda,Drinks,1,3,3,0.5
2026-03-27,ORD-89518,Tiramisu,Desserts,2,8,16,6.0
2026-03-27,ORD-57304,French Fries,Sides,3,5,15,4.5
2026-03-27,ORD-84573,Caesar Salad,Salads,1,12,12,4.0
2026-03-27,ORD-96180,Tiramisu,Desserts,3,8,24,9.0
2026-03-27,ORD-80276,Coffee,Drinks,2,4,8,2.0
2026-03-27,ORD-27051,Chicken Wings,Appetizers,1,10,10,4.0
2026-03-27,ORD-40448,French Fries,Sides,1,5,5,1.5
2026-03-27,ORD-47189,Pepperoni Pizza,Pizza,3,18,54,18.0
2026-03-27,ORD-47784,French Fries,Sides,1,5,5,1.5
2026-03-27,ORD-60828,Caesar Salad,Salads,1,12,12,4.0
2026-03-27,ORD-83488,Margherita Pizza,Pizza,2,15,30,10.0
2026-03-27,ORD-54284,Chicken Wings,Appetizers,2,10,20,8.0
2026-03-27,ORD-28633,Margherita Pizza,Pizza,2,15,30,10.0
2026-03-27,ORD-72714,Coffee,Drinks,1,4,4,1.0
2026-03-27,ORD-86956,Caesar Salad,Salads,2,12,24,8.0
2026-03-27,ORD-86749,Tiramisu,Desserts,1,8,8,3.0
2026-03-28,ORD-91103,French Fries,Sides,1,5,5,1.5
2026-03-28,ORD-42259,Chicken Wings,Appetizers,1,10,10,4.0
2026-03-28,ORD-74684,Caesar Salad,Salads,1,12,12,4.0
2026-03-28,ORD-72168,Soda,Drinks,2,3,6,1.0
2026-03-28,ORD-55173,Caesar Salad,Salads,1,12,12,4.0
2026-03-28,ORD-73735,Chicken Wings,Appetizers,3,10,30,12.0
2026-03-28,ORD-13594,Caesar Salad,Salads,2,12,24,8.0
2026-03-28,ORD-83691,Coffee,Drinks,2,4,8,2.0
2026-03-28,ORD-32147,French Fries,Sides,2,5,10,3.0
2026-03-28,ORD-61531,French Fries,Sides,2,5,10,3.0
2026-03-28,ORD-73265,Chicken Wings,Appetizers,2,10,20,8.0
2026-03-28,ORD-11677,Coffee,Drinks,2,4,8,2.0
2026-03-28,ORD-50712,Soda,Drinks,2,3,6,1.0
2026-03-28,ORD-33005,Pepperoni Pizza,Pizza,3,18,54,18.0
2026-03-28,ORD-44789,Chicken Wings,Appetizers,1,10,10,4.0
2026-03-28,ORD-93902,Margherita Pizza,Pizza,3,15,45,15.0
2026-03-28,ORD-16056,French Fries,Sides,1,5,5,1.5
2026-03-28,ORD-59025,Chicken Wings,Appetizers,2,10,20,8.0
2026-03-28,ORD-65213,Caesar Salad,Salads,2,12,24,8.0
2026-03-28,ORD-44563,Soda,Drinks,3,3,9,1.5
2026-03-28,ORD-69525,French Fries,Sides,3,5,15,4.5
2026-03-28,ORD-22872,Margherita Pizza,Pizza,4,15,60,20.0
2026-03-28,ORD-53385,Tiramisu,Desserts,2,8,16,6.0
2026-03-28,ORD-30973,Beef Burger,Burgers,1,14,14,6.0
2026-03-28,ORD-66674,Caesar Salad,Salads,2,12,24,8.0
2026-03-28,ORD-44916,Soda,Drinks,3,3,9,1.5
2026-03-28,ORD-72870,Chicken Wings,Appetizers,2,10,20,8.0
2026-03-28,ORD-87677,Caesar Salad,Salads,3,12,36,12.0
2026-03-28,ORD-53061,Chicken Wings,Appetizers,1,10,10,4.0
2026-03-28,ORD-53088,French Fries,Sides,2,5,10,3.0
2026-03-28,ORD-25259,Coffee,Drinks,3,4,12,3.0
2026-03-28,ORD-23385,Pepperoni Pizza,Pizza,3,18,54,18.0
2026-03-28,ORD-77173,French Fries,Sides,2,5,10,3.0
2026-03-28,ORD-13176,Margherita Pizza,Pizza,4,15,60,20.0
2026-03-28,ORD-78365,Caesar Salad,Salads,2,12,24,8.0
2026-03-28,ORD-68599,French Fries,Sides,3,5,15,4.5
2026-03-28,ORD-91410,Beef Burger,Burgers,2,14,28,12.0
2026-03-28,ORD-45850,Coffee,Drinks,3,4,12,3.0
2026-03-28,ORD-43308,Coffee,Drinks,2,4,8,2.0
2026-03-28,ORD-92786,French Fries,Sides,3,5,15,4.5
2026-03-28,ORD-79785,Caesar Salad,Salads,3,12,36,12.0
2026-03-28,ORD-81905,Tiramisu,Desserts,3,8,24,9.0
2026-03-28,ORD-29640,Margherita Pizza,Pizza,4,15,60,20.0
2026-03-28,ORD-13174,Coffee,Drinks,1,4,4,1.0
2026-03-28,ORD-96920,Margherita Pizza,Pizza,2,15,30,10.0
2026-03-28,ORD-85188,Caesar Salad,Salads,2,12,24,8.0
2026-03-28,ORD-28666,Caesar Salad,Salads,2,12,24,8.0
2026-03-28,ORD-17713,Pepperoni Pizza,Pizza,1,18,18,6.0
2026-03-28,ORD-13465,Beef Burger,Burgers,2,14,28,12.0
2026-03-28,ORD-97837,Chicken Wings,Appetizers,3,10,30,12.0
2026-03-28,ORD-64551,Margherita Pizza,Pizza,4,15,60,20.0
2026-03-28,ORD-44924,Chicken Wings,Appetizers,1,10,10,4.0
2026-03-28,ORD-68711,French Fries,Sides,3,5,15,4.5
2026-03-28,ORD-72599,Tiramisu,Desserts,1,8,8,3.0
2026-03-28,ORD-23581,Margherita Pizza,Pizza,5,15,75,25.0
2026-03-28,ORD-51581,Coffee,Drinks,3,4,12,3.0
2026-03-28,ORD-22920,Pepperoni Pizza,Pizza,2,18,36,12.0
2026-03-28,ORD-60282,Chicken Wings,Appetizers,1,10,10,4.0
2026-03-28,ORD-69163,Pepperoni Pizza,Pizza,3,18,54,18.0
2026-03-28,ORD-27073,Pepperoni Pizza,Pizza,2,18,36,12.0
2026-03-28,ORD-49579,French Fries,Sides,3,5,15,4.5
2026-03-28,ORD-69752,Tiramisu,Desserts,3,8,24,9.0
2026-03-28,ORD-40832,Caesar Salad,Salads,2,12,24,8.0
2026-03-28,ORD-31399,Coffee,Drinks,3,4,12,3.0
2026-03-28,ORD-44518,French Fries,Sides,1,5,5,1.5
2026-03-28,ORD-79573,Coffee,Drinks,1,4,4,1.0
2026-03-28,ORD-90133,Margherita Pizza,Pizza,5,15,75,25.0
2026-03-28,ORD-97816,Coffee,Drinks,1,4,4,1.0
2026-03-28,ORD-52360,Tiramisu,Desserts,2,8,16,6.0
2026-03-28,ORD-56166,Pepperoni Pizza,Pizza,3,18,54,18.0
2026-03-28,ORD-84837,Pepperoni Pizza,Pizza,3,18,54,18.0
2026-03-28,ORD-16984,Tiramisu,Desserts,1,8,8,3.0
2026-03-28,ORD-72197,Soda,Drinks,1,3,3,0.5
2026-03-28,ORD-26420,Chicken Wings,Appetizers,2,10,20,8.0
2026-03-28,ORD-18487,French Fries,Sides,2,5,10,3.0
2026-03-28,ORD-81840,Beef Burger,Burgers,2,14,28,12.0
2026-03-28,ORD-73095,Chicken Wings,Appetizers,2,10,20,8.0
2026-03-28,ORD-52429,Pepperoni Pizza,Pizza,2,18,36,12.0
2026-03-28,ORD-10605,Beef Burger,Burgers,3,14,42,18.0
2026-03-28,ORD-16016,Chicken Wings,Appetizers,3,10,30,12.0
2026-03-28,ORD-28016,Caesar Salad,Salads,3,12,36,12.0
2026-03-28,ORD-77317,Beef Burger,Burgers,1,14,14,6.0
2026-03-28,ORD-31071,Pepperoni Pizza,Pizza,2,18,36,12.0
2026-03-28,ORD-85343,Pepperoni Pizza,Pizza,3,18,54,18.0
2026-03-28,ORD-69920,Chicken Wings,Appetizers,2,10,20,8.0
2026-03-28,ORD-44074,Beef Burger,Burgers,2,14,28,12.0
2026-03-28,ORD-50752,Caesar Salad,Salads,1,12,12,4.0
2026-03-28,ORD-10388,Coffee,Drinks,1,4,4,1.0
2026-03-28,ORD-64359,Beef Burger,Burgers,2,14,28,12.0
2026-03-28,ORD-90764,Beef Burger,Burgers,1,14,14,6.0
2026-03-28,ORD-68790,Caesar Salad,Salads,3,12,36,12.0
2026-03-28,ORD-42358,Pepperoni Pizza,Pizza,3,18,54,18.0
2026-03-28,ORD-53733,Beef Burger,Burgers,3,14,42,18.0
2026-03-28,ORD-54109,Coffee,Drinks,1,4,4,1.0
2026-03-28,ORD-68248,Bruschetta,Appetizers,1,7,7,2.5
2026-03-28,ORD-36979,Pepperoni Pizza,Pizza,3,18,54,18.0
2026-03-28,ORD-28172,Caesar Salad,Salads,1,12,12,4.0
2026-03-28,ORD-66156,Coffee,Drinks,2,4,8,2.0
2026-03-28,ORD-60552,French Fries,Sides,3,5,15,4.5
2026-03-28,ORD-95746,Margherita Pizza,Pizza,2,15,30,10.0
2026-03-28,ORD-42571,French Fries,Sides,1,5,5,1.5
2026-03-28,ORD-53467,Pepperoni Pizza,Pizza,2,18,36,12.0
2026-03-28,ORD-70644,Soda,Drinks,2,3,6,1.0
2026-03-28,ORD-98645,French Fries,Sides,1,5,5,1.5
2026-03-28,ORD-27093,Margherita Pizza,Pizza,3,15,45,15.0
2026-03-28,ORD-68265,Caesar Salad,Salads,3,12,36,12.0
2026-03-28,ORD-15736,French Fries,Sides,1,5,5,1.5
2026-03-28,ORD-52651,Soda,Drinks,1,3,3,0.5
2026-03-28,ORD-95281,French Fries,Sides,3,5,15,4.5
2026-03-28,ORD-99596,Margherita Pizza,Pizza,3,15,45,15.0
2026-03-28,ORD-12304,Beef Burger,Burgers,2,14,28,12.0
2026-03-28,ORD-30620,Coffee,Drinks,2,4,8,2.0
2026-03-28,ORD-85778,Margherita Pizza,Pizza,4,15,60,20.0
2026-03-28,ORD-24287,Pepperoni Pizza,Pizza,1,18,18,6.0
2026-03-28,ORD-27164,Chicken Wings,Appetizers,3,10,30,12.0
2026-03-28,ORD-98415,French Fries,Sides,2,5,10,3.0
2026-03-28,ORD-94059,Coffee,Drinks,2,4,8,2.0
2026-03-28,ORD-12971,Soda,Drinks,1,3,3,0.5
2026-03-28,ORD-24545,Caesar Salad,Salads,2,12,24,8.0
2026-03-29,ORD-97059,Caesar Salad,Salads,1,12,12,4.0
2026-03-29,ORD-37547,Soda,Drinks,3,3,9,1.5
2026-03-29,ORD-51855,Bruschetta,Appetizers,1,7,7,2.5
2026-03-29,ORD-71220,French Fries,Sides,1,5,5,1.5
2026-03-29,ORD-75981,French Fries,Sides,2,5,10,3.0
2026-03-29,ORD-93720,Chicken Wings,Appetizers,2,10,20,8.0
2026-03-29,ORD-27099,Margherita Pizza,Pizza,2,15,30,10.0
2026-03-29,ORD-68695,Coffee,Drinks,3,4,12,3.0
2026-03-29,ORD-72762,French Fries,Sides,1,5,5,1.5
2026-03-29,ORD-34904,French Fries,Sides,1,5,5,1.5
2026-03-29,ORD-47203,Margherita Pizza,Pizza,2,15,30,10.0
2026-03-29,ORD-22392,Beef Burger,Burgers,1,14,14,6.0
2026-03-29,ORD-87085,Beef Burger,Burgers,3,14,42,18.0
2026-03-29,ORD-16680,Coffee,Drinks,1,4,4,1.0
2026-03-29,ORD-39386,Coffee,Drinks,2,4,8,2.0
2026-03-29,ORD-11064,French Fries,Sides,2,5,10,3.0
2026-03-29,ORD-62747,Caesar Salad,Salads,3,12,36,12.0
2026-03-29,ORD-92017,Pepperoni Pizza,Pizza,2,18,36,12.0
2026-03-29,ORD-82061,Soda,Drinks,3,3,9,1.5
2026-03-29,ORD-93411,Tiramisu,Desserts,2,8,16,6.0
2026-03-29,ORD-86747,Coffee,Drinks,3,4,12,3.0
2026-03-29,ORD-85064,Coffee,Drinks,1,4,4,1.0
2026-03-29,ORD-94839,Margherita Pizza,Pizza,5,15,75,25.0
2026-03-29,ORD-19475,Margherita Pizza,Pizza,2,15,30,10.0
2026-03-29,ORD-98273,French Fries,Sides,2,5,10,3.0
2026-03-29,ORD-64593,Coffee,Drinks,2,4,8,2.0
2026-03-29,ORD-66963,Soda,Drinks,1,3,3,0.5
2026-03-29,ORD-22686,Margherita Pizza,Pizza,5,15,75,25.0
2026-03-29,ORD-72202,Chicken Wings,Appetizers,2,10,20,8.0
2026-03-29,ORD-12805,Beef Burger,Burgers,3,14,42,18.0
2026-03-29,ORD-54894,Soda,Drinks,3,3,9,1.5
2026-03-29,ORD-25624,Beef Burger,Burgers,3,14,42,18.0
2026-03-29,ORD-16164,Coffee,Drinks,2,4,8,2.0
2026-03-29,ORD-26586,Margherita Pizza,Pizza,4,15,60,20.0
2026-03-29,ORD-34884,Soda,Drinks,2,3,6,1.0
2026-03-29,ORD-95271,Tiramisu,Desserts,2,8,16,6.0
2026-03-29,ORD-42671,French Fries,Sides,3,5,15,4.5
2026-03-29,ORD-90286,Pepperoni Pizza,Pizza,2,18,36,12.0
2026-03-29,ORD-37588,Margherita Pizza,Pizza,3,15,45,15.0
2026-03-29,ORD-84870,Margherita Pizza,Pizza,2,15,30,10.0
2026-03-29,ORD-53170,Soda,Drinks,3,3,9,1.5
2026-03-29,ORD-60135,Pepperoni Pizza,Pizza,3,18,54,18.0
2026-03-29,ORD-16383,Caesar Salad,Salads,3,12,36,12.0
2026-03-29,ORD-97368,Coffee,Drinks,3,4,12,3.0
2026-03-29,ORD-40711,Caesar Salad,Salads,3,12,36,12.0
2026-03-29,ORD-73176,Tiramisu,Desserts,2,8,16,6.0
2026-03-29,ORD-58707,Beef Burger,Burgers,3,14,42,18.0
2026-03-29,ORD-48445,Caesar Salad,Salads,3,12,36,12.0
2026-03-29,ORD-84425,Pepperoni Pizza,Pizza,2,18,36,12.0
2026-03-29,ORD-90015,Soda,Drinks,1,3,3,0.5
2026-03-29,ORD-89945,Chicken Wings,Appetizers,1,10,10,4.0
2026-03-29,ORD-64933,Pepperoni Pizza,Pizza,3,18,54,18.0
2026-03-29,ORD-67653,Chicken Wings,Appetizers,1,10,10,4.0
2026-03-29,ORD-70329,French Fries,Sides,1,5,5,1.5
2026-03-29,ORD-72037,Soda,Drinks,1,3,3,0.5
2026-03-29,ORD-79993,French Fries,Sides,1,5,5,1.5
2026-03-29,ORD-45995,Beef Burger,Burgers,1,14,14,6.0
2026-03-29,ORD-29031,Tiramisu,Desserts,2,8,16,6.0
2026-03-29,ORD-24485,Chicken Wings,Appetizers,1,10,10,4.0
2026-03-29,ORD-83433,French Fries,Sides,2,5,10,3.0
2026-03-29,ORD-71859,Soda,Drinks,2,3,6,1.0
2026-03-29,ORD-95696,French Fries,Sides,1,5,5,1.5
2026-03-29,ORD-83736,Chicken Wings,Appetizers,3,10,30,12.0
2026-03-29,ORD-11016,Tiramisu,Desserts,1,8,8,3.0
2026-03-29,ORD-94179,Beef Burger,Burgers,1,14,14,6.0
2026-03-29,ORD-28996,Beef Burger,Burgers,1,14,14,6.0
2026-03-29,ORD-90628,French Fries,Sides,1,5,5,1.5
2026-03-29,ORD-57734,Coffee,Drinks,1,4,4,1.0
2026-03-29,ORD-31406,Soda,Drinks,2,3,6,1.0
2026-03-29,ORD-27764,Soda,Drinks,3,3,9,1.5
2026-03-29,ORD-68759,Soda,Drinks,1,3,3,0.5
2026-03-29,ORD-61883,Pepperoni Pizza,Pizza,3,18,54,18.0
2026-03-29,ORD-50290,Margherita Pizza,Pizza,5,15,75,25.0
2026-03-29,ORD-33758,French Fries,Sides,1,5,5,1.5
2026-03-29,ORD-69247,Tiramisu,Desserts,3,8,24,9.0
2026-03-29,ORD-28726,Tiramisu,Desserts,2,8,16,6.0
2026-03-29,ORD-37155,Soda,Drinks,1,3,3,0.5
2026-03-29,ORD-61469,Soda,Drinks,2,3,6,1.0
2026-03-29,ORD-60498,French Fries,Sides,2,5,10,3.0
2026-03-29,ORD-94499,Soda,Drinks,1,3,3,0.5
2026-03-29,ORD-79233,Soda,Drinks,2,3,6,1.0
2026-03-29,ORD-65403,Coffee,Drinks,3,4,12,3.0
2026-03-29,ORD-87881,Pepperoni Pizza,Pizza,1,18,18,6.0
2026-03-29,ORD-86357,Beef Burger,Burgers,2,14,28,12.0
2026-03-29,ORD-76674,Caesar Salad,Salads,2,12,24,8.0
2026-03-29,ORD-90157,Caesar Salad,Salads,1,12,12,4.0
2026-03-29,ORD-36910,Chicken Wings,Appetizers,3,10,30,12.0
2026-03-29,ORD-77088,Soda,Drinks,3,3,9,1.5
2026-03-29,ORD-41113,Pepperoni Pizza,Pizza,2,18,36,12.0
2026-03-29,ORD-25542,Beef Burger,Burgers,3,14,42,18.0
2026-03-29,ORD-11265,Beef Burger,Burgers,1,14,14,6.0
2026-03-29,ORD-64663,Tiramisu,Desserts,3,8,24,9.0
2026-03-29,ORD-75232,Soda,Drinks,2,3,6,1.0
2026-03-29,ORD-85449,Pepperoni Pizza,Pizza,3,18,54,18.0
2026-03-29,ORD-32403,Beef Burger,Burgers,2,14,28,12.0
2026-03-29,ORD-93970,Caesar Salad,Salads,1,12,12,4.0
2026-03-29,ORD-14788,Bruschetta,Appetizers,1,7,7,2.5
2026-03-29,ORD-64004,Margherita Pizza,Pizza,2,15,30,10.0
2026-03-29,ORD-13934,French Fries,Sides,1,5,5,1.5
2026-03-29,ORD-79621,Tiramisu,Desserts,1,8,8,3.0
2026-03-29,ORD-78382,Chicken Wings,Appetizers,1,10,10,4.0
2026-03-29,ORD-84174,Pepperoni Pizza,Pizza,2,18,36,12.0
2026-03-29,ORD-76854,Tiramisu,Desserts,1,8,8,3.0
2026-03-29,ORD-69846,Soda,Drinks,1,3,3,0.5
2026-03-29,ORD-65531,French Fries,Sides,1,5,5,1.5
2026-03-29,ORD-36694,Chicken Wings,Appetizers,1,10,10,4.0
2026-03-29,ORD-16354,Bruschetta,Appetizers,1,7,7,2.5
2026-03-29,ORD-87340,Soda,Drinks,1,3,3,0.5
2026-03-30,ORD-84094,Soda,Drinks,1,3,3,0.5
2026-03-30,ORD-51875,Soda,Drinks,3,3,9,1.5
2026-03-30,ORD-73412,French Fries,Sides,2,5,10,3.0
2026-03-30,ORD-78318,Tiramisu,Desserts,3,8,24,9.0
2026-03-30,ORD-27516,Coffee,Drinks,2,4,8,2.0
2026-03-30,ORD-97175,French Fries,Sides,2,5,10,3.0
2026-03-30,ORD-32163,Bruschetta,Appetizers,1,7,7,2.5
2026-03-30,ORD-26112,Soda,Drinks,2,3,6,1.0
2026-03-30,ORD-32177,Tiramisu,Desserts,2,8,16,6.0
2026-03-30,ORD-60297,Margherita Pizza,Pizza,4,15,60,20.0
2026-03-30,ORD-47513,French Fries,Sides,3,5,15,4.5
2026-03-30,ORD-91207,Margherita Pizza,Pizza,3,15,45,15.0
2026-03-30,ORD-11708,Soda,Drinks,2,3,6,1.0
2026-03-30,ORD-38836,Soda,Drinks,3,3,9,1.5
2026-03-30,ORD-65565,Margherita Pizza,Pizza,2,15,30,10.0
2026-03-30,ORD-95817,French Fries,Sides,2,5,10,3.0
2026-03-30,ORD-92287,Beef Burger,Burgers,3,14,42,18.0
2026-03-30,ORD-66511,French Fries,Sides,2,5,10,3.0
2026-03-30,ORD-85318,Caesar Salad,Salads,1,12,12,4.0
2026-03-30,ORD-49389,Soda,Drinks,2,3,6,1.0
2026-03-30,ORD-69248,Margherita Pizza,Pizza,5,15,75,25.0
2026-03-30,ORD-36275,Pepperoni Pizza,Pizza,3,18,54,18.0
2026-03-30,ORD-59025,French Fries,Sides,1,5,5,1.5
2026-03-30,ORD-38460,Pepperoni Pizza,Pizza,1,18,18,6.0
2026-03-30,ORD-29172,Coffee,Drinks,1,4,4,1.0
2026-03-30,ORD-30466,Margherita Pizza,Pizza,4,15,60,20.0
2026-03-30,ORD-32291,Caesar Salad,Salads,2,12,24,8.0
2026-03-30,ORD-85088,Soda,Drinks,1,3,3,0.5
2026-03-31,ORD-27887,Soda,Drinks,3,3,9,1.5
2026-03-31,ORD-49809,Coffee,Drinks,2,4,8,2.0
2026-03-31,ORD-43091,Caesar Salad,Salads,3,12,36,12.0
2026-03-31,ORD-26743,Coffee,Drinks,1,4,4,1.0
2026-03-31,ORD-52678,Pepperoni Pizza,Pizza,2,18,36,12.0
2026-03-31,ORD-42328,Caesar Salad,Salads,1,12,12,4.0
2026-03-31,ORD-24837,French Fries,Sides,3,5,15,4.5
2026-03-31,ORD-96970,Soda,Drinks,2,3,6,1.0
2026-03-31,ORD-85527,Pepperoni Pizza,Pizza,3,18,54,18.0
2026-03-31,ORD-35876,French Fries,Sides,2,5,10,3.0
2026-03-31,ORD-33737,Bruschetta,Appetizers,1,7,7,2.5
2026-03-31,ORD-70360,Pepperoni Pizza,Pizza,2,18,36,12.0
2026-03-31,ORD-48285,Chicken Wings,Appetizers,1,10,10,4.0
2026-03-31,ORD-79327,Tiramisu,Desserts,2,8,16,6.0
2026-03-31,ORD-43812,French Fries,Sides,2,5,10,3.0
2026-03-31,ORD-37660,Tiramisu,Desserts,3,8,24,9.0
2026-03-31,ORD-78678,Pepperoni Pizza,Pizza,1,18,18,6.0
2026-03-31,ORD-97859,Caesar Salad,Salads,3,12,36,12.0
2026-03-31,ORD-76687,Chicken Wings,Appetizers,2,10,20,8.0
2026-03-31,ORD-17000,Beef Burger,Burgers,1,14,14,6.0
2026-03-31,ORD-35175,Coffee,Drinks,1,4,4,1.0
2026-03-31,ORD-82808,Caesar Salad,Salads,2,12,24,8.0
2026-03-31,ORD-22659,Beef Burger,Burgers,2,14,28,12.0
2026-03-31,ORD-19086,Chicken Wings,Appetizers,3,10,30,12.0
2026-03-31,ORD-78854,Coffee,Drinks,1,4,4,1.0
2026-03-31,ORD-34597,Margherita Pizza,Pizza,3,15,45,15.0
2026-03-31,ORD-22012,French Fries,Sides,2,5,10,3.0
2026-03-31,ORD-72260,Pepperoni Pizza,Pizza,3,18,54,18.0
2026-03-31,ORD-98777,Beef Burger,Burgers,1,14,14,6.0
2026-03-31,ORD-11889,Soda,Drinks,2,3,6,1.0
2026-03-31,ORD-40827,French Fries,Sides,1,5,5,1.5
2026-03-31,ORD-40083,Pepperoni Pizza,Pizza,1,18,18,6.0
2026-03-31,ORD-95765,Pepperoni Pizza,Pizza,2,18,36,12.0
2026-03-31,ORD-35152,Beef Burger,Burgers,1,14,14,6.0
2026-03-31,ORD-79311,Beef Burger,Burgers,1,14,14,6.0
2026-03-31,ORD-22047,Beef Burger,Burgers,2,14,28,12.0
2026-03-31,ORD-93900,Chicken Wings,Appetizers,3,10,30,12.0
2026-03-31,ORD-98661,Tiramisu,Desserts,3,8,24,9.0
2026-03-31,ORD-86499,Pepperoni Pizza,Pizza,2,18,36,12.0
2026-03-31,ORD-52106,Caesar Salad,Salads,2,12,24,8.0
2026-03-31,ORD-77251,Chicken Wings,Appetizers,1,10,10,4.0
2026-03-31,ORD-30317,Caesar Salad,Salads,2,12,24,8.0
2026-04-01,ORD-41753,French Fries,Sides,1,5,5,1.5
2026-04-01,ORD-90934,Tiramisu,Desserts,2,8,16,6.0
2026-04-01,ORD-88651,Pepperoni Pizza,Pizza,1,18,18,6.0
2026-04-01,ORD-15767,Tiramisu,Desserts,1,8,8,3.0
2026-04-01,ORD-84368,Chicken Wings,Appetizers,3,10,30,12.0
2026-04-01,ORD-33134,French Fries,Sides,2,5,10,3.0
2026-04-01,ORD-97671,Beef Burger,Burgers,2,14,28,12.0
2026-04-01,ORD-72864,Beef Burger,Burgers,2,14,28,12.0
2026-04-01,ORD-75201,Margherita Pizza,Pizza,4,15,60,20.0
2026-04-01,ORD-77576,Margherita Pizza,Pizza,3,15,45,15.0
2026-04-01,ORD-34429,Tiramisu,Desserts,2,8,16,6.0
2026-04-01,ORD-82768,Caesar Salad,Salads,3,12,36,12.0
2026-04-01,ORD-85604,Soda,Drinks,1,3,3,0.5
2026-04-01,ORD-43572,Tiramisu,Desserts,2,8,16,6.0
2026-04-01,ORD-56639,Caesar Salad,Salads,2,12,24,8.0
2026-04-01,ORD-39181,Soda,Drinks,1,3,3,0.5
2026-04-01,ORD-26206,French Fries,Sides,1,5,5,1.5
2026-04-01,ORD-76642,Pepperoni Pizza,Pizza,1,18,18,6.0
2026-04-01,ORD-98603,Margherita Pizza,Pizza,4,15,60,20.0
2026-04-01,ORD-17690,Chicken Wings,Appetizers,2,10,20,8.0
2026-04-01,ORD-33639,Coffee,Drinks,2,4,8,2.0
2026-04-01,ORD-66292,Margherita Pizza,Pizza,2,15,30,10.0
2026-04-01,ORD-26120,Tiramisu,Desserts,2,8,16,6.0
2026-04-01,ORD-52067,Beef Burger,Burgers,1,14,14,6.0
2026-04-01,ORD-94105,Tiramisu,Desserts,1,8,8,3.0
2026-04-01,ORD-45505,French Fries,Sides,3,5,15,4.5
2026-04-01,ORD-79814,Soda,Drinks,1,3,3,0.5
2026-04-01,ORD-95062,Beef Burger,Burgers,2,14,28,12.0
2026-04-01,ORD-98919,Tiramisu,Desserts,1,8,8,3.0
2026-04-01,ORD-86837,Margherita Pizza,Pizza,3,15,45,15.0
2026-04-01,ORD-35999,Soda,Drinks,2,3,6,1.0
2026-04-01,ORD-54350,Chicken Wings,Appetizers,3,10,30,12.0
2026-04-01,ORD-25751,Beef Burger,Burgers,3,14,42,18.0
2026-04-01,ORD-34128,Soda,Drinks,1,3,3,0.5
2026-04-01,ORD-24706,Pepperoni Pizza,Pizza,3,18,54,18.0
2026-04-02,ORD-52060,Caesar Salad,Salads,2,12,24,8.0
2026-04-02,ORD-27986,Tiramisu,Desserts,3,8,24,9.0
2026-04-02,ORD-88197,Caesar Salad,Salads,3,12,36,12.0
2026-04-02,ORD-53339,Coffee,Drinks,2,4,8,2.0
2026-04-02,ORD-40958,French Fries,Sides,2,5,10,3.0
2026-04-02,ORD-63515,French Fries,Sides,1,5,5,1.5
2026-04-02,ORD-29205,Tiramisu,Desserts,3,8,24,9.0
2026-04-02,ORD-99432,Soda,Drinks,3,3,9,1.5
2026-04-02,ORD-83735,Coffee,Drinks,2,4,8,2.0
2026-04-02,ORD-58813,Caesar Salad,Salads,3,12,36,12.0
2026-04-02,ORD-76739,Pepperoni Pizza,Pizza,2,18,36,12.0
2026-04-02,ORD-79751,Chicken Wings,Appetizers,3,10,30,12.0
2026-04-02,ORD-98018,Soda,Drinks,1,3,3,0.5
2026-04-02,ORD-42778,French Fries,Sides,3,5,15,4.5
2026-04-02,ORD-99422,Tiramisu,Desserts,1,8,8,3.0
2026-04-02,ORD-23904,Tiramisu,Desserts,1,8,8,3.0
2026-04-02,ORD-71618,Chicken Wings,Appetizers,3,10,30,12.0
2026-04-02,ORD-54425,Margherita Pizza,Pizza,2,15,30,10.0
2026-04-02,ORD-82680,Beef Burger,Burgers,3,14,42,18.0
2026-04-02,ORD-39940,Caesar Salad,Salads,1,12,12,4.0
2026-04-02,ORD-83707,Tiramisu,Desserts,1,8,8,3.0
2026-04-02,ORD-34277,Tiramisu,Desserts,3,8,24,9.0
2026-04-02,ORD-22358,Coffee,Drinks,1,4,4,1.0
2026-04-02,ORD-29326,Margherita Pizza,Pizza,2,15,30,10.0
2026-04-02,ORD-36060,French Fries,Sides,2,5,10,3.0
2026-04-02,ORD-23348,Coffee,Drinks,3,4,12,3.0
2026-04-02,ORD-71250,Bruschetta,Appetizers,1,7,7,2.5
2026-04-02,ORD-23570,Tiramisu,Desserts,3,8,24,9.0
2026-04-02,ORD-11541,Soda,Drinks,1,3,3,0.5
2026-04-02,ORD-43140,Margherita Pizza,Pizza,3,15,45,15.0
2026-04-02,ORD-74572,Margherita Pizza,Pizza,2,15,30,10.0
2026-04-02,ORD-90715,Pepperoni Pizza,Pizza,2,18,36,12.0
2026-04-02,ORD-28450,Margherita Pizza,Pizza,3,15,45,15.0
2026-04-02,ORD-10398,Tiramisu,Desserts,3,8,24,9.0
2026-04-02,ORD-38323,Caesar Salad,Salads,3,12,36,12.0
2026-04-02,ORD-92815,Pepperoni Pizza,Pizza,2,18,36,12.0
2026-04-02,ORD-94053,Margherita Pizza,Pizza,2,15,30,10.0
2026-04-02,ORD-69012,Caesar Salad,Salads,3,12,36,12.0
2026-04-02,ORD-60661,Chicken Wings,Appetizers,1,10,10,4.0
2026-04-02,ORD-27322,Tiramisu,Desserts,2,8,16,6.0
2026-04-02,ORD-12723,Chicken Wings,Appetizers,2,10,20,8.0
2026-04-02,ORD-75791,Chicken Wings,Appetizers,2,10,20,8.0
2026-04-02,ORD-22067,Margherita Pizza,Pizza,4,15,60,20.0
2026-04-02,ORD-13858,Pepperoni Pizza,Pizza,3,18,54,18.0
2026-04-02,ORD-57441,Coffee,Drinks,3,4,12,3.0
2026-04-02,ORD-53065,Tiramisu,Desserts,2,8,16,6.0
2026-04-02,ORD-98082,Caesar Salad,Salads,1,12,12,4.0
2026-04-02,ORD-93596,French Fries,Sides,3,5,15,4.5
2026-04-02,ORD-96186,Coffee,Drinks,1,4,4,1.0
2026-04-02,ORD-90246,Tiramisu,Desserts,3,8,24,9.0
2026-04-02,ORD-96004,Soda,Drinks,3,3,9,1.5
2026-04-02,ORD-74127,Pepperoni Pizza,Pizza,1,18,18,6.0
2026-04-02,ORD-85001,Caesar Salad,Salads,3,12,36,12.0
2026-04-02,ORD-17244,Coffee,Drinks,2,4,8,2.0
2026-04-03,ORD-10163,Margherita Pizza,Pizza,2,15,30,10.0
2026-04-03,ORD-41860,Soda,Drinks,3,3,9,1.5
2026-04-03,ORD-17607,Soda,Drinks,2,3,6,1.0
2026-04-03,ORD-66885,Beef Burger,Burgers,2,14,28,12.0
2026-04-03,ORD-30428,Coffee,Drinks,3,4,12,3.0
2026-04-03,ORD-47159,Chicken Wings,Appetizers,3,10,30,12.0
2026-04-03,ORD-33216,Beef Burger,Burgers,1,14,14,6.0
2026-04-03,ORD-22558,Coffee,Drinks,1,4,4,1.0
2026-04-03,ORD-80464,Margherita Pizza,Pizza,4,15,60,20.0
2026-04-03,ORD-58352,Margherita Pizza,Pizza,4,15,60,20.0
2026-04-03,ORD-63600,Tiramisu,Desserts,2,8,16,6.0
2026-04-03,ORD-28030,Coffee,Drinks,3,4,12,3.0
2026-04-03,ORD-83768,Chicken Wings,Appetizers,1,10,10,4.0
2026-04-03,ORD-53764,Coffee,Drinks,2,4,8,2.0
2026-04-03,ORD-27430,Coffee,Drinks,3,4,12,3.0
2026-04-03,ORD-18490,French Fries,Sides,2,5,10,3.0
2026-04-03,ORD-48624,Chicken Wings,Appetizers,1,10,10,4.0
2026-04-03,ORD-56903,Tiramisu,Desserts,2,8,16,6.0
2026-04-03,ORD-45179,Caesar Salad,Salads,1,12,12,4.0
2026-04-03,ORD-31771,Coffee,Drinks,3,4,12,3.0
2026-04-03,ORD-16941,Pepperoni Pizza,Pizza,3,18,54,18.0
2026-04-03,ORD-53565,Caesar Salad,Salads,1,12,12,4.0
2026-04-03,ORD-71016,Beef Burger,Burgers,2,14,28,12.0
2026-04-03,ORD-24577,Caesar Salad,Salads,2,12,24,8.0
2026-04-03,ORD-92108,Beef Burger,Burgers,1,14,14,6.0
2026-04-03,ORD-64764,Beef Burger,Burgers,3,14,42,18.0
2026-04-03,ORD-41018,French Fries,Sides,1,5,5,1.5
2026-04-03,ORD-48260,Beef Burger,Burgers,3,14,42,18.0
2026-04-03,ORD-65520,Soda,Drinks,1,3,3,0.5
2026-04-03,ORD-37608,Beef Burger,Burgers,2,14,28,12.0
2026-04-03,ORD-85621,Bruschetta,Appetizers,1,7,7,2.5
2026-04-03,ORD-13921,Soda,Drinks,2,3,6,1.0
2026-04-03,ORD-40609,Chicken Wings,Appetizers,3,10,30,12.0
2026-04-03,ORD-33722,Beef Burger,Burgers,2,14,28,12.0
2026-04-03,ORD-54425,French Fries,Sides,3,5,15,4.5
2026-04-03,ORD-98551,French Fries,Sides,1,5,5,1.5
2026-04-03,ORD-64307,Caesar Salad,Salads,1,12,12,4.0
2026-04-03,ORD-72199,Pepperoni Pizza,Pizza,3,18,54,18.0
2026-04-03,ORD-96913,Pepperoni Pizza,Pizza,3,18,54,18.0
2026-04-03,ORD-80433,Caesar Salad,Salads,3,12,36,12.0
2026-04-03,ORD-10264,Caesar Salad,Salads,3,12,36,12.0
2026-04-03,ORD-84243,Margherita Pizza,Pizza,4,15,60,20.0
2026-04-03,ORD-15923,Coffee,Drinks,1,4,4,1.0
2026-04-03,ORD-16022,Chicken Wings,Appetizers,1,10,10,4.0
2026-04-03,ORD-37184,Beef Burger,Burgers,3,14,42,18.0
2026-04-03,ORD-65792,Soda,Drinks,2,3,6,1.0
2026-04-03,ORD-23022,French Fries,Sides,2,5,10,3.0
2026-04-03,ORD-26008,Soda,Drinks,3,3,9,1.5
2026-04-03,ORD-10420,Chicken Wings,Appetizers,2,10,20,8.0
2026-04-03,ORD-58525,Soda,Drinks,1,3,3,0.5
2026-04-03,ORD-71255,French Fries,Sides,2,5,10,3.0
2026-04-03,ORD-82948,French Fries,Sides,1,5,5,1.5
2026-04-03,ORD-56027,Margherita Pizza,Pizza,2,15,30,10.0
2026-04-03,ORD-93335,Coffee,Drinks,1,4,4,1.0
2026-04-03,ORD-33154,Tiramisu,Desserts,2,8,16,6.0
2026-04-03,ORD-77866,Pepperoni Pizza,Pizza,3,18,54,18.0
2026-04-03,ORD-42641,Pepperoni Pizza,Pizza,1,18,18,6.0
2026-04-03,ORD-66043,Bruschetta,Appetizers,1,7,7,2.5
2026-04-03,ORD-52494,Tiramisu,Desserts,2,8,16,6.0
2026-04-03,ORD-52471,Caesar Salad,Salads,2,12,24,8.0
2026-04-03,ORD-63685,Caesar Salad,Salads,2,12,24,8.0
2026-04-03,ORD-95544,French Fries,Sides,2,5,10,3.0
2026-04-03,ORD-51848,Chicken Wings,Appetizers,2,10,20,8.0
2026-04-03,ORD-20546,Beef Burger,Burgers,3,14,42,18.0
2026-04-03,ORD-12273,Chicken Wings,Appetizers,1,10,10,4.0
2026-04-03,ORD-82727,Coffee,Drinks,2,4,8,2.0
2026-04-03,ORD-92394,Soda,Drinks,1,3,3,0.5
2026-04-03,ORD-22538,Margherita Pizza,Pizza,4,15,60,20.0
2026-04-03,ORD-66633,Chicken Wings,Appetizers,3,10,30,12.0
2026-04-03,ORD-55046,Pepperoni Pizza,Pizza,1,18,18,6.0
2026-04-03,ORD-92444,Beef Burger,Burgers,3,14,42,18.0
2026-04-03,ORD-67339,Caesar Salad,Salads,2,12,24,8.0
2026-04-03,ORD-88802,French Fries,Sides,2,5,10,3.0
2026-04-03,ORD-30998,Soda,Drinks,1,3,3,0.5
2026-04-03,ORD-35743,Coffee,Drinks,3,4,12,3.0
2026-04-03,ORD-13566,French Fries,Sides,1,5,5,1.5
2026-04-03,ORD-13020,Tiramisu,Desserts,3,8,24,9.0
2026-04-03,ORD-39462,Soda,Drinks,3,3,9,1.5
2026-04-03,ORD-28706,Caesar Salad,Salads,2,12,24,8.0
2026-04-03,ORD-56421,Pepperoni Pizza,Pizza,3,18,54,18.0
2026-04-03,ORD-82056,Caesar Salad,Salads,1,12,12,4.0
2026-04-03,ORD-36902,Margherita Pizza,Pizza,2,15,30,10.0
2026-04-03,ORD-38083,Soda,Drinks,3,3,9,1.5
2026-04-03,ORD-75789,Soda,Drinks,1,3,3,0.5
2026-04-03,ORD-11217,Tiramisu,Desserts,1,8,8,3.0
2026-04-03,ORD-38485,Coffee,Drinks,3,4,12,3.0
2026-04-03,ORD-40765,Margherita Pizza,Pizza,4,15,60,20.0
2026-04-03,ORD-69702,Bruschetta,Appetizers,1,7,7,2.5
2026-04-03,ORD-32383,Soda,Drinks,3,3,9,1.5
2026-04-03,ORD-29319,Coffee,Drinks,3,4,12,3.0
2026-04-03,ORD-35069,Soda,Drinks,1,3,3,0.5
2026-04-03,ORD-68375,Tiramisu,Desserts,1,8,8,3.0
2026-04-03,ORD-45704,Beef Burger,Burgers,3,14,42,18.0
2026-04-03,ORD-37161,Caesar Salad,Salads,2,12,24,8.0
2026-04-03,ORD-70420,Caesar Salad,Salads,1,12,12,4.0
2026-04-03,ORD-18731,Beef Burger,Burgers,2,14,28,12.0
2026-04-03,ORD-25141,Tiramisu,Desserts,2,8,16,6.0
2026-04-03,ORD-50913,Coffee,Drinks,1,4,4,1.0
2026-04-03,ORD-39714,Soda,Drinks,1,3,3,0.5
2026-04-03,ORD-36781,Pepperoni Pizza,Pizza,2,18,36,12.0
2026-04-03,ORD-80214,Tiramisu,Desserts,1,8,8,3.0
2026-04-03,ORD-75501,Margherita Pizza,Pizza,2,15,30,10.0
2026-04-03,ORD-16534,Beef Burger,Burgers,3,14,42,18.0
2026-04-03,ORD-78416,Tiramisu,Desserts,3,8,24,9.0
2026-04-03,ORD-77430,Chicken Wings,Appetizers,3,10,30,12.0
2026-04-03,ORD-75834,Coffee,Drinks,1,4,4,1.0
2026-04-03,ORD-80767,Caesar Salad,Salads,3,12,36,12.0
2026-04-04,ORD-73684,French Fries,Sides,3,5,15,4.5
2026-04-04,ORD-20147,French Fries,Sides,3,5,15,4.5
2026-04-04,ORD-73706,Pepperoni Pizza,Pizza,1,18,18,6.0
2026-04-04,ORD-12930,Caesar Salad,Salads,3,12,36,12.0
2026-04-04,ORD-72959,Margherita Pizza,Pizza,3,15,45,15.0
2026-04-04,ORD-56603,Pepperoni Pizza,Pizza,2,18,36,12.0
2026-04-04,ORD-85596,Beef Burger,Burgers,2,14,28,12.0
2026-04-04,ORD-78636,Coffee,Drinks,2,4,8,2.0
2026-04-04,ORD-18838,Soda,Drinks,3,3,9,1.5
2026-04-04,ORD-40292,Margherita Pizza,Pizza,4,15,60,20.0
2026-04-04,ORD-63850,Tiramisu,Desserts,2,8,16,6.0
2026-04-04,ORD-94296,Caesar Salad,Salads,2,12,24,8.0
2026-04-04,ORD-74849,Caesar Salad,Salads,1,12,12,4.0
2026-04-04,ORD-23416,Coffee,Drinks,3,4,12,3.0
2026-04-04,ORD-81536,Caesar Salad,Salads,3,12,36,12.0
2026-04-04,ORD-32306,French Fries,Sides,1,5,5,1.5
2026-04-04,ORD-72189,French Fries,Sides,3,5,15,4.5
2026-04-04,ORD-47206,Chicken Wings,Appetizers,2,10,20,8.0
2026-04-04,ORD-50088,Beef Burger,Burgers,2,14,28,12.0
2026-04-04,ORD-72601,French Fries,Sides,2,5,10,3.0
2026-04-04,ORD-76233,Soda,Drinks,2,3,6,1.0
2026-04-04,ORD-20776,Coffee,Drinks,2,4,8,2.0
2026-04-04,ORD-16182,Chicken Wings,Appetizers,1,10,10,4.0
2026-04-04,ORD-74059,Coffee,Drinks,3,4,12,3.0
2026-04-04,ORD-87536,Beef Burger,Burgers,3,14,42,18.0
2026-04-04,ORD-60381,Tiramisu,Desserts,2,8,16,6.0
2026-04-04,ORD-21110,Soda,Drinks,2,3,6,1.0
2026-04-04,ORD-53422,Pepperoni Pizza,Pizza,1,18,18,6.0
2026-04-04,ORD-45104,Chicken Wings,Appetizers,3,10,30,12.0
2026-04-04,ORD-30357,Coffee,Drinks,1,4,4,1.0
2026-04-04,ORD-58513,Tiramisu,Desserts,1,8,8,3.0
2026-04-04,ORD-31447,French Fries,Sides,3,5,15,4.5
2026-04-04,ORD-59670,Tiramisu,Desserts,1,8,8,3.0
2026-04-04,ORD-45808,Bruschetta,Appetizers,1,7,7,2.5
2026-04-04,ORD-28470,Tiramisu,Desserts,2,8,16,6.0
2026-04-04,ORD-46485,Margherita Pizza,Pizza,2,15,30,10.0
2026-04-04,ORD-22280,Chicken Wings,Appetizers,1,10,10,4.0
2026-04-04,ORD-34509,Soda,Drinks,1,3,3,0.5
2026-04-04,ORD-61845,Beef Burger,Burgers,2,14,28,12.0
2026-04-04,ORD-14141,Coffee,Drinks,3,4,12,3.0
2026-04-04,ORD-94485,Caesar Salad,Salads,3,12,36,12.0
2026-04-04,ORD-37058,Coffee,Drinks,1,4,4,1.0
2026-04-04,ORD-91889,Chicken Wings,Appetizers,2,10,20,8.0
2026-04-04,ORD-96059,Coffee,Drinks,1,4,4,1.0
2026-04-04,ORD-80971,Tiramisu,Desserts,2,8,16,6.0
2026-04-04,ORD-11164,Beef Burger,Burgers,1,14,14,6.0
2026-04-04,ORD-50031,Coffee,Drinks,1,4,4,1.0
2026-04-04,ORD-56114,Bruschetta,Appetizers,1,7,7,2.5
2026-04-04,ORD-69582,Margherita Pizza,Pizza,3,15,45,15.0
2026-04-04,ORD-18294,Margherita Pizza,Pizza,3,15,45,15.0
2026-04-04,ORD-74861,Chicken Wings,Appetizers,1,10,10,4.0
2026-04-04,ORD-46582,Chicken Wings,Appetizers,1,10,10,4.0
2026-04-04,ORD-13519,Margherita Pizza,Pizza,2,15,30,10.0
2026-04-04,ORD-10961,French Fries,Sides,1,5,5,1.5
2026-04-04,ORD-99002,Chicken Wings,Appetizers,2,10,20,8.0
2026-04-04,ORD-50032,Pepperoni Pizza,Pizza,1,18,18,6.0
2026-04-04,ORD-22271,Chicken Wings,Appetizers,3,10,30,12.0
2026-04-04,ORD-65674,Coffee,Drinks,1,4,4,1.0
2026-04-04,ORD-92100,Coffee,Drinks,1,4,4,1.0
2026-04-04,ORD-20000,Caesar Salad,Salads,3,12,36,12.0
2026-04-04,ORD-79048,Soda,Drinks,2,3,6,1.0
2026-04-04,ORD-39127,Beef Burger,Burgers,1,14,14,6.0
2026-04-04,ORD-71034,Beef Burger,Burgers,3,14,42,18.0
2026-04-04,ORD-25800,Beef Burger,Burgers,3,14,42,18.0
2026-04-04,ORD-52943,Margherita Pizza,Pizza,2,15,30,10.0
2026-04-04,ORD-70817,Coffee,Drinks,2,4,8,2.0
2026-04-04,ORD-85293,Pepperoni Pizza,Pizza,3,18,54,18.0
2026-04-04,ORD-59386,French Fries,Sides,3,5,15,4.5
2026-04-04,ORD-68914,Chicken Wings,Appetizers,1,10,10,4.0
2026-04-04,ORD-66795,Beef Burger,Burgers,2,14,28,12.0
2026-04-04,ORD-89277,French Fries,Sides,2,5,10,3.0
2026-04-04,ORD-86172,Chicken Wings,Appetizers,1,10,10,4.0
2026-04-04,ORD-80011,French Fries,Sides,2,5,10,3.0
2026-04-04,ORD-19453,Pepperoni Pizza,Pizza,1,18,18,6.0
2026-04-04,ORD-45834,Tiramisu,Desserts,2,8,16,6.0
2026-04-04,ORD-63606,Soda,Drinks,1,3,3,0.5
2026-04-04,ORD-18687,Coffee,Drinks,1,4,4,1.0
2026-04-04,ORD-95072,Chicken Wings,Appetizers,1,10,10,4.0
2026-04-04,ORD-88907,Margherita Pizza,Pizza,3,15,45,15.0
2026-04-04,ORD-99550,Pepperoni Pizza,Pizza,3,18,54,18.0
2026-04-04,ORD-10092,Soda,Drinks,3,3,9,1.5
2026-04-04,ORD-27326,Soda,Drinks,1,3,3,0.5
2026-04-04,ORD-11863,Chicken Wings,Appetizers,1,10,10,4.0
2026-04-04,ORD-22612,Coffee,Drinks,1,4,4,1.0
2026-04-04,ORD-45090,Coffee,Drinks,3,4,12,3.0
2026-04-04,ORD-99798,Tiramisu,Desserts,3,8,24,9.0
2026-04-04,ORD-23958,Coffee,Drinks,3,4,12,3.0
2026-04-04,ORD-61930,Tiramisu,Desserts,2,8,16,6.0
2026-04-04,ORD-63438,Caesar Salad,Salads,3,12,36,12.0
2026-04-04,ORD-80824,Coffee,Drinks,2,4,8,2.0
2026-04-04,ORD-35527,Soda,Drinks,3,3,9,1.5
2026-04-04,ORD-91147,Coffee,Drinks,3,4,12,3.0
2026-04-04,ORD-16985,Pepperoni Pizza,Pizza,2,18,36,12.0
2026-04-04,ORD-76120,Beef Burger,Burgers,1,14,14,6.0
2026-04-04,ORD-27490,Soda,Drinks,1,3,3,0.5
2026-04-04,ORD-97327,Chicken Wings,Appetizers,3,10,30,12.0
2026-04-04,ORD-68806,Soda,Drinks,1,3,3,0.5
2026-04-04,ORD-92877,Pepperoni Pizza,Pizza,1,18,18,6.0
2026-04-04,ORD-68878,Bruschetta,Appetizers,1,7,7,2.5
2026-04-04,ORD-44762,Coffee,Drinks,3,4,12,3.0
2026-04-04,ORD-93145,Margherita Pizza,Pizza,3,15,45,15.0
2026-04-04,ORD-86043,Coffee,Drinks,1,4,4,1.0
2026-04-04,ORD-93685,Caesar Salad,Salads,2,12,24,8.0
2026-04-04,ORD-88641,Caesar Salad,Salads,1,12,12,4.0
2026-04-04,ORD-11426,Pepperoni Pizza,Pizza,3,18,54,18.0
2026-04-04,ORD-56438,French Fries,Sides,3,5,15,4.5
2026-04-04,ORD-90429,French Fries,Sides,3,5,15,4.5
2026-04-04,ORD-81531,Chicken Wings,Appetizers,1,10,10,4.0
2026-04-04,ORD-82428,Tiramisu,Desserts,1,8,8,3.0
2026-04-04,ORD-22646,French Fries,Sides,3,5,15,4.5
2026-04-04,ORD-99218,Chicken Wings,Appetizers,3,10,30,12.0
2026-04-04,ORD-64257,Caesar Salad,Salads,1,12,12,4.0
2026-04-04,ORD-13155,Coffee,Drinks,3,4,12,3.0
2026-04-04,ORD-23873,French Fries,Sides,1,5,5,1.5
2026-04-04,ORD-21615,Pepperoni Pizza,Pizza,1,18,18,6.0
2026-04-04,ORD-58723,Soda,Drinks,3,3,9,1.5
2026-04-04,ORD-13208,Pepperoni Pizza,Pizza,3,18,54,18.0
2026-04-04,ORD-81991,Margherita Pizza,Pizza,4,15,60,20.0
2026-04-04,ORD-50904,Chicken Wings,Appetizers,1,10,10,4.0
2026-04-04,ORD-26034,Margherita Pizza,Pizza,4,15,60,20.0
2026-04-04,ORD-53795,French Fries,Sides,1,5,5,1.5
2026-04-04,ORD-67217,Soda,Drinks,3,3,9,1.5
2026-04-04,ORD-14127,French Fries,Sides,2,5,10,3.0
2026-04-04,ORD-89501,Tiramisu,Desserts,1,8,8,3.0
2026-04-04,ORD-68004,Coffee,Drinks,3,4,12,3.0
2026-04-04,ORD-28653,Soda,Drinks,2,3,6,1.0
2026-04-04,ORD-74289,Soda,Drinks,1,3,3,0.5
2026-04-04,ORD-36279,Bruschetta,Appetizers,1,7,7,2.5
2026-04-05,ORD-57874,French Fries,Sides,3,5,15,4.5
2026-04-05,ORD-68895,Beef Burger,Burgers,2,14,28,12.0
2026-04-05,ORD-74224,Coffee,Drinks,2,4,8,2.0
2026-04-05,ORD-22135,Margherita Pizza,Pizza,3,15,45,15.0
2026-04-05,ORD-24321,Margherita Pizza,Pizza,5,15,75,25.0
2026-04-05,ORD-76184,Margherita Pizza,Pizza,4,15,60,20.0
2026-04-05,ORD-18647,Soda,Drinks,3,3,9,1.5
2026-04-05,ORD-80393,Coffee,Drinks,2,4,8,2.0
2026-04-05,ORD-59739,Soda,Drinks,1,3,3,0.5
2026-04-05,ORD-28367,Chicken Wings,Appetizers,3,10,30,12.0
2026-04-05,ORD-16440,Margherita Pizza,Pizza,2,15,30,10.0
2026-04-05,ORD-78720,Caesar Salad,Salads,1,12,12,4.0
2026-04-05,ORD-15445,Margherita Pizza,Pizza,3,15,45,15.0
2026-04-05,ORD-67876,Chicken Wings,Appetizers,2,10,20,8.0
2026-04-05,ORD-99418,Coffee,Drinks,2,4,8,2.0
2026-04-05,ORD-32778,Beef Burger,Burgers,1,14,14,6.0
2026-04-05,ORD-60196,Pepperoni Pizza,Pizza,1,18,18,6.0
2026-04-05,ORD-98454,Coffee,Drinks,3,4,12,3.0
2026-04-05,ORD-50768,Tiramisu,Desserts,3,8,24,9.0
2026-04-05,ORD-74566,Pepperoni Pizza,Pizza,2,18,36,12.0
2026-04-05,ORD-42114,Chicken Wings,Appetizers,2,10,20,8.0
2026-04-05,ORD-40747,Caesar Salad,Salads,2,12,24,8.0
2026-04-05,ORD-10292,Chicken Wings,Appetizers,2,10,20,8.0
2026-04-05,ORD-96891,Margherita Pizza,Pizza,2,15,30,10.0
2026-04-05,ORD-19120,Tiramisu,Desserts,3,8,24,9.0
2026-04-05,ORD-12660,Beef Burger,Burgers,3,14,42,18.0
2026-04-05,ORD-68373,Tiramisu,Desserts,1,8,8,3.0
2026-04-05,ORD-87741,Tiramisu,Desserts,3,8,24,9.0
2026-04-05,ORD-59102,Caesar Salad,Salads,3,12,36,12.0
2026-04-05,ORD-73340,Soda,Drinks,3,3,9,1.5
2026-04-05,ORD-99846,Caesar Salad,Salads,1,12,12,4.0
2026-04-05,ORD-70416,Beef Burger,Burgers,2,14,28,12.0
2026-04-05,ORD-71305,Tiramisu,Desserts,3,8,24,9.0
2026-04-05,ORD-34612,Margherita Pizza,Pizza,2,15,30,10.0
2026-04-05,ORD-16580,French Fries,Sides,2,5,10,3.0
2026-04-05,ORD-80657,Coffee,Drinks,1,4,4,1.0
2026-04-05,ORD-45630,Chicken Wings,Appetizers,1,10,10,4.0
2026-04-05,ORD-33549,French Fries,Sides,1,5,5,1.5
2026-04-05,ORD-89691,Soda,Drinks,3,3,9,1.5
2026-04-05,ORD-35463,Bruschetta,Appetizers,1,7,7,2.5
2026-04-05,ORD-47177,Beef Burger,Burgers,3,14,42,18.0
2026-04-05,ORD-93997,Pepperoni Pizza,Pizza,3,18,54,18.0
2026-04-05,ORD-89736,Bruschetta,Appetizers,1,7,7,2.5
2026-04-05,ORD-33173,Margherita Pizza,Pizza,2,15,30,10.0
2026-04-05,ORD-49437,Caesar Salad,Salads,2,12,24,8.0
2026-04-05,ORD-63388,Chicken Wings,Appetizers,2,10,20,8.0
2026-04-05,ORD-64619,Tiramisu,Desserts,2,8,16,6.0
2026-04-05,ORD-34969,Bruschetta,Appetizers,1,7,7,2.5
2026-04-05,ORD-75572,Caesar Salad,Salads,2,12,24,8.0
2026-04-05,ORD-66412,French Fries,Sides,2,5,10,3.0
2026-04-05,ORD-92717,Chicken Wings,Appetizers,2,10,20,8.0
2026-04-05,ORD-98462,Soda,Drinks,3,3,9,1.5
2026-04-05,ORD-89852,French Fries,Sides,3,5,15,4.5
2026-04-05,ORD-66956,Beef Burger,Burgers,1,14,14,6.0
2026-04-05,ORD-99781,Tiramisu,Desserts,1,8,8,3.0
2026-04-05,ORD-53935,Beef Burger,Burgers,2,14,28,12.0
2026-04-05,ORD-99077,Beef Burger,Burgers,1,14,14,6.0
2026-04-05,ORD-20623,Pepperoni Pizza,Pizza,3,18,54,18.0
2026-04-05,ORD-81040,Coffee,Drinks,2,4,8,2.0
2026-04-05,ORD-98480,Tiramisu,Desserts,3,8,24,9.0
2026-04-05,ORD-90844,Caesar Salad,Salads,1,12,12,4.0
2026-04-05,ORD-46772,Chicken Wings,Appetizers,2,10,20,8.0
2026-04-05,ORD-74778,Caesar Salad,Salads,2,12,24,8.0
2026-04-05,ORD-69296,Coffee,Drinks,1,4,4,1.0
2026-04-05,ORD-62879,Soda,Drinks,3,3,9,1.5
2026-04-05,ORD-27420,Coffee,Drinks,1,4,4,1.0
2026-04-05,ORD-73940,Margherita Pizza,Pizza,5,15,75,25.0
2026-04-05,ORD-39339,Chicken Wings,Appetizers,1,10,10,4.0
2026-04-05,ORD-38797,Chicken Wings,Appetizers,1,10,10,4.0
2026-04-05,ORD-99518,Coffee,Drinks,3,4,12,3.0
2026-04-05,ORD-23747,Tiramisu,Desserts,2,8,16,6.0
2026-04-05,ORD-10424,Soda,Drinks,1,3,3,0.5
2026-04-05,ORD-66937,Margherita Pizza,Pizza,4,15,60,20.0
2026-04-05,ORD-37171,Soda,Drinks,3,3,9,1.5
2026-04-05,ORD-84232,Coffee,Drinks,3,4,12,3.0
2026-04-05,ORD-40999,Soda,Drinks,2,3,6,1.0
2026-04-05,ORD-30576,Tiramisu,Desserts,3,8,24,9.0
2026-04-05,ORD-50461,Caesar Salad,Salads,3,12,36,12.0
2026-04-05,ORD-19829,Caesar Salad,Salads,3,12,36,12.0
2026-04-05,ORD-81056,Chicken Wings,Appetizers,3,10,30,12.0
2026-04-05,ORD-54950,French Fries,Sides,3,5,15,4.5
2026-04-05,ORD-75709,Caesar Salad,Salads,1,12,12,4.0
2026-04-05,ORD-65735,Soda,Drinks,2,3,6,1.0
2026-04-05,ORD-15208,Chicken Wings,Appetizers,2,10,20,8.0
2026-04-05,ORD-30001,Soda,Drinks,1,3,3,0.5
2026-04-05,ORD-27534,Tiramisu,Desserts,1,8,8,3.0
2026-04-05,ORD-14418,Beef Burger,Burgers,3,14,42,18.0
2026-04-05,ORD-48618,Beef Burger,Burgers,1,14,14,6.0
2026-04-05,ORD-27608,Chicken Wings,Appetizers,1,10,10,4.0
2026-04-05,ORD-59627,Margherita Pizza,Pizza,4,15,60,20.0
2026-04-05,ORD-49186,Chicken Wings,Appetizers,1,10,10,4.0
2026-04-05,ORD-62562,Pepperoni Pizza,Pizza,2,18,36,12.0
2026-04-05,ORD-45143,French Fries,Sides,3,5,15,4.5
2026-04-05,ORD-15715,French Fries,Sides,1,5,5,1.5
2026-04-05,ORD-23358,Coffee,Drinks,3,4,12,3.0
2026-04-05,ORD-17913,Beef Burger,Burgers,3,14,42,18.0
2026-04-05,ORD-42361,Pepperoni Pizza,Pizza,1,18,18,6.0
2026-04-05,ORD-60832,Margherita Pizza,Pizza,5,15,75,25.0
2026-04-05,ORD-69902,Chicken Wings,Appetizers,2,10,20,8.0
2026-04-06,ORD-71707,Margherita Pizza,Pizza,2,15,30,10.0
2026-04-06,ORD-97653,Caesar Salad,Salads,1,12,12,4.0
2026-04-06,ORD-22442,Bruschetta,Appetizers,1,7,7,2.5
2026-04-06,ORD-50595,Bruschetta,Appetizers,1,7,7,2.5
2026-04-06,ORD-99034,Coffee,Drinks,1,4,4,1.0
2026-04-06,ORD-10759,Beef Burger,Burgers,1,14,14,6.0
2026-04-06,ORD-97803,Caesar Salad,Salads,3,12,36,12.0
2026-04-06,ORD-85735,Tiramisu,Desserts,2,8,16,6.0
2026-04-06,ORD-19675,Pepperoni Pizza,Pizza,3,18,54,18.0
2026-04-06,ORD-26487,Soda,Drinks,1,3,3,0.5
2026-04-06,ORD-33179,French Fries,Sides,1,5,5,1.5
2026-04-06,ORD-65442,Tiramisu,Desserts,3,8,24,9.0
2026-04-06,ORD-30817,French Fries,Sides,1,5,5,1.5
2026-04-06,ORD-65361,Beef Burger,Burgers,3,14,42,18.0
2026-04-06,ORD-15675,Beef Burger,Burgers,3,14,42,18.0
2026-04-06,ORD-82499,Pepperoni Pizza,Pizza,3,18,54,18.0
2026-04-06,ORD-81548,Coffee,Drinks,1,4,4,1.0
2026-04-06,ORD-26948,Coffee,Drinks,2,4,8,2.0
2026-04-06,ORD-48746,Chicken Wings,Appetizers,1,10,10,4.0
2026-04-06,ORD-16564,Bruschetta,Appetizers,1,7,7,2.5
2026-04-06,ORD-78496,Tiramisu,Desserts,2,8,16,6.0
2026-04-06,ORD-62789,Chicken Wings,Appetizers,2,10,20,8.0
2026-04-06,ORD-53254,Pepperoni Pizza,Pizza,1,18,18,6.0
2026-04-06,ORD-15840,French Fries,Sides,3,5,15,4.5
2026-04-06,ORD-93643,Pepperoni Pizza,Pizza,3,18,54,18.0
2026-04-06,ORD-13943,Caesar Salad,Salads,3,12,36,12.0
2026-04-06,ORD-26403,Chicken Wings,Appetizers,1,10,10,4.0
2026-04-06,ORD-59667,Coffee,Drinks,1,4,4,1.0
2026-04-06,ORD-66221,Chicken Wings,Appetizers,3,10,30,12.0
2026-04-06,ORD-88496,Margherita Pizza,Pizza,3,15,45,15.0
2026-04-06,ORD-63549,Pepperoni Pizza,Pizza,3,18,54,18.0
2026-04-06,ORD-17706,Margherita Pizza,Pizza,3,15,45,15.0
2026-04-06,ORD-98089,Caesar Salad,Salads,2,12,24,8.0
2026-04-06,ORD-32601,Coffee,Drinks,3,4,12,3.0
2026-04-06,ORD-58065,Pepperoni Pizza,Pizza,2,18,36,12.0
2026-04-06,ORD-45255,Margherita Pizza,Pizza,2,15,30,10.0
2026-04-06,ORD-56022,Margherita Pizza,Pizza,5,15,75,25.0
2026-04-06,ORD-18454,Margherita Pizza,Pizza,2,15,30,10.0
2026-04-06,ORD-49217,Coffee,Drinks,2,4,8,2.0
2026-04-06,ORD-68639,Coffee,Drinks,1,4,4,1.0
2026-04-06,ORD-69219,Beef Burger,Burgers,1,14,14,6.0
2026-04-06,ORD-29702,Tiramisu,Desserts,3,8,24,9.0
2026-04-06,ORD-66626,Beef Burger,Burgers,1,14,14,6.0
2026-04-06,ORD-91035,Bruschetta,Appetizers,1,7,7,2.5
2026-04-06,ORD-41847,Soda,Drinks,1,3,3,0.5
2026-04-06,ORD-59250,Margherita Pizza,Pizza,3,15,45,15.0
2026-04-06,ORD-54070,Tiramisu,Desserts,1,8,8,3.0
2026-04-06,ORD-56040,Pepperoni Pizza,Pizza,1,18,18,6.0
2026-04-06,ORD-44387,Margherita Pizza,Pizza,4,15,60,20.0
2026-04-06,ORD-13097,Tiramisu,Desserts,1,8,8,3.0
2026-04-06,ORD-83508,French Fries,Sides,2,5,10,3.0
2026-04-06,ORD-66228,Caesar Salad,Salads,2,12,24,8.0
2026-04-07,ORD-22688,Coffee,Drinks,2,4,8,2.0
2026-04-07,ORD-67908,Tiramisu,Desserts,1,8,8,3.0
2026-04-07,ORD-16711,Tiramisu,Desserts,1,8,8,3.0
2026-04-07,ORD-81130,Soda,Drinks,3,3,9,1.5
2026-04-07,ORD-67459,Tiramisu,Desserts,1,8,8,3.0
2026-04-07,ORD-16062,Soda,Drinks,1,3,3,0.5
2026-04-07,ORD-26423,Beef Burger,Burgers,3,14,42,18.0
2026-04-07,ORD-57707,Bruschetta,Appetizers,1,7,7,2.5
2026-04-07,ORD-49604,Beef Burger,Burgers,3,14,42,18.0
2026-04-07,ORD-54854,Coffee,Drinks,1,4,4,1.0
2026-04-07,ORD-75290,Chicken Wings,Appetizers,1,10,10,4.0
2026-04-07,ORD-52664,Pepperoni Pizza,Pizza,2,18,36,12.0
2026-04-07,ORD-66793,Soda,Drinks,2,3,6,1.0
2026-04-07,ORD-25650,Tiramisu,Desserts,3,8,24,9.0
2026-04-07,ORD-26550,Chicken Wings,Appetizers,2,10,20,8.0
2026-04-07,ORD-74805,Chicken Wings,Appetizers,3,10,30,12.0
2026-04-07,ORD-68190,Coffee,Drinks,2,4,8,2.0
2026-04-07,ORD-69445,Chicken Wings,Appetizers,1,10,10,4.0
2026-04-07,ORD-38453,Caesar Salad,Salads,3,12,36,12.0
2026-04-07,ORD-74197,Caesar Salad,Salads,3,12,36,12.0
2026-04-07,ORD-90981,Coffee,Drinks,3,4,12,3.0
2026-04-07,ORD-54348,Tiramisu,Desserts,3,8,24,9.0
2026-04-07,ORD-17251,Coffee,Drinks,2,4,8,2.0
2026-04-07,ORD-73336,Tiramisu,Desserts,2,8,16,6.0
2026-04-07,ORD-40618,Pepperoni Pizza,Pizza,3,18,54,18.0
2026-04-07,ORD-86170,Coffee,Drinks,1,4,4,1.0
2026-04-07,ORD-11963,Pepperoni Pizza,Pizza,1,18,18,6.0
2026-04-07,ORD-58747,Chicken Wings,Appetizers,3,10,30,12.0
2026-04-07,ORD-81776,French Fries,Sides,3,5,15,4.5
2026-04-07,ORD-25959,French Fries,Sides,1,5,5,1.5
2026-04-07,ORD-28902,Beef Burger,Burgers,1,14,14,6.0
2026-04-07,ORD-86316,Soda,Drinks,1,3,3,0.5
2026-04-07,ORD-13660,Soda,Drinks,3,3,9,1.5
2026-04-07,ORD-50837,Soda,Drinks,1,3,3,0.5
2026-04-07,ORD-41558,Margherita Pizza,Pizza,2,15,30,10.0
2026-04-07,ORD-70633,Pepperoni Pizza,Pizza,1,18,18,6.0
2026-04-07,ORD-46339,Coffee,Drinks,2,4,8,2.0
2026-04-07,ORD-81129,Caesar Salad,Salads,3,12,36,12.0
2026-04-07,ORD-43133,Tiramisu,Desserts,3,8,24,9.0
2026-04-07,ORD-72482,Coffee,Drinks,1,4,4,1.0
2026-04-07,ORD-25538,Soda,Drinks,1,3,3,0.5
2026-04-07,ORD-67437,Coffee,Drinks,1,4,4,1.0
2026-04-07,ORD-97408,Margherita Pizza,Pizza,4,15,60,20.0
2026-04-07,ORD-81359,French Fries,Sides,2,5,10,3.0
2026-04-07,ORD-53505,Tiramisu,Desserts,1,8,8,3.0
2026-04-07,ORD-58105,Chicken Wings,Appetizers,1,10,10,4.0
2026-04-08,ORD-96148,Coffee,Drinks,3,4,12,3.0
2026-04-08,ORD-56383,Margherita Pizza,Pizza,3,15,45,15.0
2026-04-08,ORD-55013,Margherita Pizza,Pizza,4,15,60,20.0
2026-04-08,ORD-55103,Margherita Pizza,Pizza,5,15,75,25.0
2026-04-08,ORD-21875,French Fries,Sides,3,5,15,4.5
2026-04-08,ORD-11652,Margherita Pizza,Pizza,5,15,75,25.0
2026-04-08,ORD-33509,French Fries,Sides,1,5,5,1.5
2026-04-08,ORD-47658,Pepperoni Pizza,Pizza,3,18,54,18.0
2026-04-08,ORD-72098,Margherita Pizza,Pizza,5,15,75,25.0
2026-04-08,ORD-97302,Soda,Drinks,2,3,6,1.0
2026-04-08,ORD-69496,Bruschetta,Appetizers,1,7,7,2.5
2026-04-08,ORD-56809,Tiramisu,Desserts,3,8,24,9.0
2026-04-08,ORD-14098,Beef Burger,Burgers,2,14,28,12.0
2026-04-08,ORD-56584,Caesar Salad,Salads,3,12,36,12.0
2026-04-08,ORD-48875,Soda,Drinks,2,3,6,1.0
2026-04-08,ORD-56967,Tiramisu,Desserts,2,8,16,6.0
2026-04-08,ORD-76202,French Fries,Sides,3,5,15,4.5
2026-04-08,ORD-16106,French Fries,Sides,2,5,10,3.0
2026-04-08,ORD-63024,Chicken Wings,Appetizers,3,10,30,12.0
2026-04-08,ORD-92887,Margherita Pizza,Pizza,5,15,75,25.0
2026-04-08,ORD-25200,Pepperoni Pizza,Pizza,2,18,36,12.0
2026-04-08,ORD-11170,Margherita Pizza,Pizza,3,15,45,15.0
2026-04-08,ORD-82081,Beef Burger,Burgers,3,14,42,18.0
2026-04-08,ORD-46768,Coffee,Drinks,3,4,12,3.0
2026-04-08,ORD-40247,French Fries,Sides,3,5,15,4.5
2026-04-08,ORD-12243,Margherita Pizza,Pizza,4,15,60,20.0
2026-04-08,ORD-65962,Beef Burger,Burgers,2,14,28,12.0
2026-04-08,ORD-97477,Pepperoni Pizza,Pizza,1,18,18,6.0
2026-04-08,ORD-35078,Bruschetta,Appetizers,1,7,7,2.5
2026-04-08,ORD-45700,French Fries,Sides,1,5,5,1.5
2026-04-08,ORD-81800,Coffee,Drinks,1,4,4,1.0
2026-04-08,ORD-95218,Bruschetta,Appetizers,1,7,7,2.5
2026-04-08,ORD-17098,Caesar Salad,Salads,1,12,12,4.0
2026-04-08,ORD-35334,Coffee,Drinks,2,4,8,2.0
2026-04-08,ORD-47731,Margherita Pizza,Pizza,3,15,45,15.0
2026-04-08,ORD-98408,Margherita Pizza,Pizza,5,15,75,25.0
2026-04-08,ORD-54725,Tiramisu,Desserts,2,8,16,6.0
2026-04-08,ORD-69512,Margherita Pizza,Pizza,3,15,45,15.0
2026-04-08,ORD-81996,Pepperoni Pizza,Pizza,1,18,18,6.0
2026-04-08,ORD-90465,French Fries,Sides,1,5,5,1.5
2026-04-08,ORD-45248,Soda,Drinks,1,3,3,0.5
2026-04-08,ORD-53132,Chicken Wings,Appetizers,1,10,10,4.0
2026-04-09,ORD-17710,Tiramisu,Desserts,1,8,8,3.0
2026-04-09,ORD-81444,French Fries,Sides,2,5,10,3.0
2026-04-09,ORD-92126,Coffee,Drinks,3,4,12,3.0
2026-04-09,ORD-30754,Soda,Drinks,3,3,9,1.5
2026-04-09,ORD-76686,Tiramisu,Desserts,3,8,24,9.0
2026-04-09,ORD-16299,Caesar Salad,Salads,3,12,36,12.0
2026-04-09,ORD-25351,Beef Burger,Burgers,2,14,28,12.0
2026-04-09,ORD-86262,Caesar Salad,Salads,2,12,24,8.0
2026-04-09,ORD-52079,French Fries,Sides,1,5,5,1.5
2026-04-09,ORD-52151,Tiramisu,Desserts,1,8,8,3.0
2026-04-09,ORD-64278,Beef Burger,Burgers,3,14,42,18.0
2026-04-09,ORD-60908,Beef Burger,Burgers,1,14,14,6.0
2026-04-09,ORD-90517,Coffee,Drinks,2,4,8,2.0
2026-04-09,ORD-33538,Tiramisu,Desserts,1,8,8,3.0
2026-04-09,ORD-76684,Pepperoni Pizza,Pizza,3,18,54,18.0
2026-04-09,ORD-93558,Coffee,Drinks,2,4,8,2.0
2026-04-09,ORD-86566,Bruschetta,Appetizers,1,7,7,2.5
2026-04-09,ORD-73034,Soda,Drinks,1,3,3,0.5
2026-04-09,ORD-79272,Pepperoni Pizza,Pizza,2,18,36,12.0
2026-04-09,ORD-10181,Beef Burger,Burgers,3,14,42,18.0
2026-04-09,ORD-68165,Caesar Salad,Salads,2,12,24,8.0
2026-04-09,ORD-49899,Beef Burger,Burgers,3,14,42,18.0
2026-04-09,ORD-27109,Chicken Wings,Appetizers,3,10,30,12.0
2026-04-09,ORD-78440,Chicken Wings,Appetizers,3,10,30,12.0
2026-04-09,ORD-50693,Soda,Drinks,1,3,3,0.5
2026-04-09,ORD-42401,Caesar Salad,Salads,2,12,24,8.0
2026-04-09,ORD-76163,Margherita Pizza,Pizza,4,15,60,20.0
2026-04-09,ORD-48785,Tiramisu,Desserts,2,8,16,6.0
2026-04-09,ORD-92229,Bruschetta,Appetizers,1,7,7,2.5
2026-04-09,ORD-40071,Chicken Wings,Appetizers,3,10,30,12.0
2026-04-09,ORD-46435,Bruschetta,Appetizers,1,7,7,2.5
2026-04-09,ORD-32201,Chicken Wings,Appetizers,3,10,30,12.0
2026-04-09,ORD-61395,Chicken Wings,Appetizers,3,10,30,12.0
2026-04-09,ORD-67447,Coffee,Drinks,1,4,4,1.0
2026-04-09,ORD-29331,Caesar Salad,Salads,1,12,12,4.0
2026-04-09,ORD-19898,Coffee,Drinks,1,4,4,1.0
2026-04-09,ORD-26993,Chicken Wings,Appetizers,1,10,10,4.0
2026-04-09,ORD-61565,Tiramisu,Desserts,3,8,24,9.0
2026-04-09,ORD-81675,Coffee,Drinks,2,4,8,2.0
2026-04-09,ORD-16179,Pepperoni Pizza,Pizza,3,18,54,18.0
2026-04-09,ORD-37735,Beef Burger,Burgers,2,14,28,12.0
2026-04-09,ORD-62993,Chicken Wings,Appetizers,2,10,20,8.0
2026-04-09,ORD-67496,Margherita Pizza,Pizza,3,15,45,15.0
2026-04-09,ORD-35432,Beef Burger,Burgers,1,14,14,6.0
2026-04-09,ORD-97304,Tiramisu,Desserts,3,8,24,9.0
2026-04-09,ORD-58971,Tiramisu,Desserts,3,8,24,9.0
2026-04-09,ORD-52982,Pepperoni Pizza,Pizza,3,18,54,18.0
2026-04-09,ORD-83643,Soda,Drinks,1,3,3,0.5
2026-04-09,ORD-55642,Tiramisu,Desserts,1,8,8,3.0
2026-04-09,ORD-53539,Margherita Pizza,Pizza,5,15,75,25.0
2026-04-09,ORD-86343,Caesar Salad,Salads,2,12,24,8.0
2026-04-09,ORD-81275,Tiramisu,Desserts,1,8,8,3.0
2026-04-09,ORD-30378,Coffee,Drinks,3,4,12,3.0
2026-04-10,ORD-26740,Pepperoni Pizza,Pizza,1,18,18,6.0
2026-04-10,ORD-46888,Coffee,Drinks,3,4,12,3.0
2026-04-10,ORD-39354,Soda,Drinks,3,3,9,1.5
2026-04-10,ORD-33384,Pepperoni Pizza,Pizza,1,18,18,6.0
2026-04-10,ORD-84039,Tiramisu,Desserts,3,8,24,9.0
2026-04-10,ORD-35386,Chicken Wings,Appetizers,1,10,10,4.0
2026-04-10,ORD-54047,Tiramisu,Desserts,1,8,8,3.0
2026-04-10,ORD-52125,French Fries,Sides,3,5,15,4.5
2026-04-10,ORD-98847,Coffee,Drinks,1,4,4,1.0
2026-04-10,ORD-45826,Soda,Drinks,2,3,6,1.0
2026-04-10,ORD-59530,Margherita Pizza,Pizza,4,15,60,20.0
2026-04-10,ORD-23262,Margherita Pizza,Pizza,3,15,45,15.0
2026-04-10,ORD-67792,French Fries,Sides,2,5,10,3.0
2026-04-10,ORD-48779,Tiramisu,Desserts,2,8,16,6.0
2026-04-10,ORD-21880,Beef Burger,Burgers,2,14,28,12.0
2026-04-10,ORD-49965,Soda,Drinks,1,3,3,0.5
2026-04-10,ORD-28324,Pepperoni Pizza,Pizza,1,18,18,6.0
2026-04-10,ORD-53646,French Fries,Sides,2,5,10,3.0
2026-04-10,ORD-41335,Margherita Pizza,Pizza,2,15,30,10.0
2026-04-10,ORD-93878,Tiramisu,Desserts,1,8,8,3.0
2026-04-10,ORD-92501,Soda,Drinks,2,3,6,1.0
2026-04-10,ORD-21289,Caesar Salad,Salads,3,12,36,12.0
2026-04-10,ORD-16941,Margherita Pizza,Pizza,2,15,30,10.0
2026-04-10,ORD-23431,Margherita Pizza,Pizza,5,15,75,25.0
2026-04-10,ORD-60972,Tiramisu,Desserts,2,8,16,6.0
2026-04-10,ORD-55410,Soda,Drinks,3,3,9,1.5
2026-04-10,ORD-49144,Chicken Wings,Appetizers,3,10,30,12.0
2026-04-10,ORD-58738,Margherita Pizza,Pizza,3,15,45,15.0
2026-04-10,ORD-97251,Pepperoni Pizza,Pizza,3,18,54,18.0
2026-04-10,ORD-80495,Beef Burger,Burgers,1,14,14,6.0
2026-04-10,ORD-92568,Caesar Salad,Salads,1,12,12,4.0
2026-04-10,ORD-76930,Coffee,Drinks,1,4,4,1.0
2026-04-10,ORD-82051,Beef Burger,Burgers,2,14,28,12.0
2026-04-10,ORD-24461,Bruschetta,Appetizers,1,7,7,2.5
2026-04-10,ORD-77923,Soda,Drinks,2,3,6,1.0
2026-04-10,ORD-48439,Caesar Salad,Salads,1,12,12,4.0
2026-04-10,ORD-25835,Caesar Salad,Salads,2,12,24,8.0
2026-04-10,ORD-35839,Coffee,Drinks,2,4,8,2.0
2026-04-10,ORD-75853,Tiramisu,Desserts,2,8,16,6.0
2026-04-10,ORD-28455,Pepperoni Pizza,Pizza,1,18,18,6.0
2026-04-10,ORD-95592,French Fries,Sides,3,5,15,4.5
2026-04-10,ORD-63818,Beef Burger,Burgers,3,14,42,18.0
2026-04-10,ORD-60947,Margherita Pizza,Pizza,5,15,75,25.0
2026-04-10,ORD-27627,Soda,Drinks,1,3,3,0.5
2026-04-10,ORD-91578,Soda,Drinks,3,3,9,1.5
2026-04-10,ORD-43195,Chicken Wings,Appetizers,3,10,30,12.0
2026-04-10,ORD-41805,Pepperoni Pizza,Pizza,3,18,54,18.0
2026-04-10,ORD-28075,Bruschetta,Appetizers,1,7,7,2.5
2026-04-10,ORD-11575,Soda,Drinks,3,3,9,1.5
2026-04-10,ORD-62531,Tiramisu,Desserts,1,8,8,3.0
2026-04-10,ORD-97809,Chicken Wings,Appetizers,3,10,30,12.0
2026-04-10,ORD-99300,Pepperoni Pizza,Pizza,1,18,18,6.0
2026-04-10,ORD-84796,Chicken Wings,Appetizers,2,10,20,8.0
2026-04-10,ORD-51017,Caesar Salad,Salads,3,12,36,12.0
2026-04-10,ORD-18278,Pepperoni Pizza,Pizza,3,18,54,18.0
2026-04-10,ORD-43441,French Fries,Sides,2,5,10,3.0
2026-04-10,ORD-50590,Beef Burger,Burgers,3,14,42,18.0
2026-04-10,ORD-68634,Chicken Wings,Appetizers,3,10,30,12.0
2026-04-10,ORD-34626,French Fries,Sides,3,5,15,4.5
2026-04-10,ORD-10959,French Fries,Sides,3,5,15,4.5
2026-04-10,ORD-87837,Soda,Drinks,3,3,9,1.5
2026-04-10,ORD-85880,Soda,Drinks,2,3,6,1.0
2026-04-10,ORD-52759,Pepperoni Pizza,Pizza,2,18,36,12.0
2026-04-10,ORD-59043,Pepperoni Pizza,Pizza,2,18,36,12.0
2026-04-10,ORD-44552,Soda,Drinks,1,3,3,0.5
2026-04-10,ORD-51130,French Fries,Sides,3,5,15,4.5
2026-04-10,ORD-79100,Beef Burger,Burgers,3,14,42,18.0
2026-04-10,ORD-19589,Soda,Drinks,1,3,3,0.5
2026-04-10,ORD-97041,Chicken Wings,Appetizers,3,10,30,12.0
2026-04-10,ORD-94945,Beef Burger,Burgers,1,14,14,6.0
2026-04-10,ORD-25184,Chicken Wings,Appetizers,2,10,20,8.0
2026-04-10,ORD-91511,Margherita Pizza,Pizza,5,15,75,25.0
2026-04-10,ORD-80575,Beef Burger,Burgers,1,14,14,6.0
2026-04-10,ORD-52211,Chicken Wings,Appetizers,1,10,10,4.0
2026-04-10,ORD-89697,Chicken Wings,Appetizers,1,10,10,4.0
2026-04-10,ORD-59002,French Fries,Sides,1,5,5,1.5
2026-04-10,ORD-90999,Margherita Pizza,Pizza,2,15,30,10.0
2026-04-10,ORD-64721,Tiramisu,Desserts,2,8,16,6.0
2026-04-10,ORD-46225,French Fries,Sides,1,5,5,1.5
2026-04-10,ORD-20157,Caesar Salad,Salads,3,12,36,12.0
2026-04-10,ORD-59006,Beef Burger,Burgers,2,14,28,12.0
2026-04-10,ORD-67749,Beef Burger,Burgers,1,14,14,6.0
2026-04-10,ORD-33800,Caesar Salad,Salads,2,12,24,8.0
2026-04-10,ORD-99236,Caesar Salad,Salads,3,12,36,12.0
2026-04-10,ORD-75136,Beef Burger,Burgers,3,14,42,18.0
2026-04-10,ORD-98633,Margherita Pizza,Pizza,4,15,60,20.0
2026-04-10,ORD-39944,Caesar Salad,Salads,1,12,12,4.0
2026-04-10,ORD-24964,Bruschetta,Appetizers,1,7,7,2.5
2026-04-10,ORD-34957,Coffee,Drinks,1,4,4,1.0
2026-04-10,ORD-35527,Pepperoni Pizza,Pizza,3,18,54,18.0
2026-04-10,ORD-70058,Soda,Drinks,1,3,3,0.5
2026-04-10,ORD-43508,Caesar Salad,Salads,1,12,12,4.0
2026-04-10,ORD-41373,Tiramisu,Desserts,1,8,8,3.0
2026-04-10,ORD-42056,Beef Burger,Burgers,2,14,28,12.0
2026-04-10,ORD-89636,Coffee,Drinks,1,4,4,1.0
2026-04-10,ORD-62363,Tiramisu,Desserts,1,8,8,3.0
2026-04-10,ORD-33964,Beef Burger,Burgers,3,14,42,18.0
2026-04-10,ORD-90028,Chicken Wings,Appetizers,3,10,30,12.0
2026-04-10,ORD-64890,French Fries,Sides,1,5,5,1.5
2026-04-10,ORD-20115,Margherita Pizza,Pizza,2,15,30,10.0
2026-04-10,ORD-19450,Chicken Wings,Appetizers,1,10,10,4.0
2026-04-10,ORD-99186,Margherita Pizza,Pizza,3,15,45,15.0
2026-04-10,ORD-37771,Beef Burger,Burgers,1,14,14,6.0
2026-04-10,ORD-91250,Margherita Pizza,Pizza,3,15,45,15.0
2026-04-10,ORD-50206,Coffee,Drinks,1,4,4,1.0
2026-04-10,ORD-92316,Chicken Wings,Appetizers,2,10,20,8.0
2026-04-10,ORD-58841,French Fries,Sides,2,5,10,3.0
2026-04-10,ORD-78306,Pepperoni Pizza,Pizza,2,18,36,12.0
2026-04-10,ORD-52893,Coffee,Drinks,3,4,12,3.0
2026-04-11,ORD-17307,Pepperoni Pizza,Pizza,2,18,36,12.0
2026-04-11,ORD-45622,Chicken Wings,Appetizers,1,10,10,4.0
2026-04-11,ORD-21425,Chicken Wings,Appetizers,1,10,10,4.0
2026-04-11,ORD-33598,Coffee,Drinks,1,4,4,1.0
2026-04-11,ORD-28380,Soda,Drinks,3,3,9,1.5
2026-04-11,ORD-17942,Pepperoni Pizza,Pizza,1,18,18,6.0
2026-04-11,ORD-38733,Beef Burger,Burgers,3,14,42,18.0
2026-04-11,ORD-93837,French Fries,Sides,2,5,10,3.0
2026-04-11,ORD-77628,Beef Burger,Burgers,1,14,14,6.0
2026-04-11,ORD-21384,Caesar Salad,Salads,1,12,12,4.0
2026-04-11,ORD-94535,Tiramisu,Desserts,1,8,8,3.0
2026-04-11,ORD-91936,Beef Burger,Burgers,2,14,28,12.0
2026-04-11,ORD-16574,Caesar Salad,Salads,1,12,12,4.0
2026-04-11,ORD-86124,Margherita Pizza,Pizza,5,15,75,25.0
2026-04-11,ORD-45739,Bruschetta,Appetizers,1,7,7,2.5
2026-04-11,ORD-83063,Tiramisu,Desserts,1,8,8,3.0
2026-04-11,ORD-73299,Coffee,Drinks,1,4,4,1.0
2026-04-11,ORD-37221,Caesar Salad,Salads,1,12,12,4.0
2026-04-11,ORD-80335,Coffee,Drinks,2,4,8,2.0
2026-04-11,ORD-16047,Bruschetta,Appetizers,1,7,7,2.5
2026-04-11,ORD-99458,Chicken Wings,Appetizers,2,10,20,8.0
2026-04-11,ORD-94114,Caesar Salad,Salads,1,12,12,4.0
2026-04-11,ORD-64225,Beef Burger,Burgers,1,14,14,6.0
2026-04-11,ORD-35567,Bruschetta,Appetizers,1,7,7,2.5
2026-04-11,ORD-23743,Beef Burger,Burgers,2,14,28,12.0
2026-04-11,ORD-62911,Margherita Pizza,Pizza,2,15,30,10.0
2026-04-11,ORD-83372,Chicken Wings,Appetizers,2,10,20,8.0
2026-04-11,ORD-27857,French Fries,Sides,2,5,10,3.0
2026-04-11,ORD-72599,Margherita Pizza,Pizza,5,15,75,25.0
2026-04-11,ORD-72492,Caesar Salad,Salads,3,12,36,12.0
2026-04-11,ORD-76779,Pepperoni Pizza,Pizza,2,18,36,12.0
2026-04-11,ORD-67188,Tiramisu,Desserts,3,8,24,9.0
2026-04-11,ORD-72851,Caesar Salad,Salads,1,12,12,4.0
2026-04-11,ORD-60610,French Fries,Sides,1,5,5,1.5
2026-04-11,ORD-66634,Chicken Wings,Appetizers,2,10,20,8.0
2026-04-11,ORD-65514,Bruschetta,Appetizers,1,7,7,2.5
2026-04-11,ORD-49294,Soda,Drinks,1,3,3,0.5
2026-04-11,ORD-46796,Soda,Drinks,2,3,6,1.0
2026-04-11,ORD-16464,Margherita Pizza,Pizza,5,15,75,25.0
2026-04-11,ORD-29590,Margherita Pizza,Pizza,5,15,75,25.0
2026-04-11,ORD-80669,Beef Burger,Burgers,3,14,42,18.0
2026-04-11,ORD-50687,Margherita Pizza,Pizza,5,15,75,25.0
2026-04-11,ORD-78402,Soda,Drinks,3,3,9,1.5
2026-04-11,ORD-88703,Pepperoni Pizza,Pizza,2,18,36,12.0
2026-04-11,ORD-50205,Chicken Wings,Appetizers,1,10,10,4.0
2026-04-11,ORD-88558,Bruschetta,Appetizers,1,7,7,2.5
2026-04-11,ORD-52148,French Fries,Sides,1,5,5,1.5
2026-04-11,ORD-99519,Coffee,Drinks,1,4,4,1.0
2026-04-11,ORD-50375,French Fries,Sides,2,5,10,3.0
2026-04-11,ORD-78302,Margherita Pizza,Pizza,2,15,30,10.0
2026-04-11,ORD-21447,Caesar Salad,Salads,3,12,36,12.0
2026-04-11,ORD-69800,French Fries,Sides,2,5,10,3.0
2026-04-11,ORD-55047,Beef Burger,Burgers,3,14,42,18.0
2026-04-11,ORD-19384,French Fries,Sides,2,5,10,3.0
2026-04-11,ORD-70806,Coffee,Drinks,1,4,4,1.0
2026-04-11,ORD-76987,Caesar Salad,Salads,3,12,36,12.0
2026-04-11,ORD-26913,Beef Burger,Burgers,1,14,14,6.0
2026-04-11,ORD-26692,Coffee,Drinks,2,4,8,2.0
2026-04-11,ORD-69519,Pepperoni Pizza,Pizza,3,18,54,18.0
2026-04-11,ORD-72265,Tiramisu,Desserts,3,8,24,9.0
2026-04-11,ORD-67886,Soda,Drinks,3,3,9,1.5
2026-04-11,ORD-63455,Coffee,Drinks,3,4,12,3.0
2026-04-11,ORD-63837,Chicken Wings,Appetizers,2,10,20,8.0
2026-04-11,ORD-44153,French Fries,Sides,3,5,15,4.5
2026-04-11,ORD-17059,Margherita Pizza,Pizza,5,15,75,25.0
2026-04-11,ORD-14784,Tiramisu,Desserts,3,8,24,9.0
2026-04-11,ORD-36828,Tiramisu,Desserts,1,8,8,3.0
2026-04-11,ORD-70133,Beef Burger,Burgers,1,14,14,6.0
2026-04-11,ORD-15943,Soda,Drinks,1,3,3,0.5
2026-04-11,ORD-71832,Margherita Pizza,Pizza,4,15,60,20.0
2026-04-11,ORD-35222,Caesar Salad,Salads,1,12,12,4.0
2026-04-11,ORD-43827,Tiramisu,Desserts,3,8,24,9.0
2026-04-11,ORD-60464,Coffee,Drinks,3,4,12,3.0
2026-04-11,ORD-11526,French Fries,Sides,2,5,10,3.0
2026-04-11,ORD-42268,Pepperoni Pizza,Pizza,2,18,36,12.0
2026-04-11,ORD-40597,French Fries,Sides,1,5,5,1.5
2026-04-11,ORD-49805,French Fries,Sides,2,5,10,3.0
2026-04-11,ORD-64520,Chicken Wings,Appetizers,2,10,20,8.0
2026-04-11,ORD-11942,Tiramisu,Desserts,3,8,24,9.0
2026-04-11,ORD-18154,Coffee,Drinks,1,4,4,1.0
2026-04-11,ORD-62406,Soda,Drinks,2,3,6,1.0
2026-04-12,ORD-96417,Beef Burger,Burgers,3,14,42,18.0
2026-04-12,ORD-89291,Soda,Drinks,2,3,6,1.0
2026-04-12,ORD-17138,French Fries,Sides,1,5,5,1.5
2026-04-12,ORD-51885,Coffee,Drinks,3,4,12,3.0
2026-04-12,ORD-30247,Beef Burger,Burgers,2,14,28,12.0
2026-04-12,ORD-14649,Soda,Drinks,2,3,6,1.0
2026-04-12,ORD-17271,Beef Burger,Burgers,2,14,28,12.0
2026-04-12,ORD-86376,Soda,Drinks,3,3,9,1.5
2026-04-12,ORD-33315,Pepperoni Pizza,Pizza,1,18,18,6.0
2026-04-12,ORD-40541,Caesar Salad,Salads,1,12,12,4.0
2026-04-12,ORD-50670,Soda,Drinks,2,3,6,1.0
2026-04-12,ORD-45712,Margherita Pizza,Pizza,2,15,30,10.0
2026-04-12,ORD-78565,Beef Burger,Burgers,3,14,42,18.0
2026-04-12,ORD-50743,Caesar Salad,Salads,3,12,36,12.0
2026-04-12,ORD-23292,Coffee,Drinks,1,4,4,1.0
2026-04-12,ORD-57639,Chicken Wings,Appetizers,3,10,30,12.0
2026-04-12,ORD-94299,Caesar Salad,Salads,3,12,36,12.0
2026-04-12,ORD-91830,Caesar Salad,Salads,2,12,24,8.0
2026-04-12,ORD-73213,Tiramisu,Desserts,2,8,16,6.0
2026-04-12,ORD-81808,Caesar Salad,Salads,3,12,36,12.0
2026-04-12,ORD-66981,Pepperoni Pizza,Pizza,1,18,18,6.0
2026-04-12,ORD-69225,Tiramisu,Desserts,1,8,8,3.0
2026-04-12,ORD-53218,Tiramisu,Desserts,2,8,16,6.0
2026-04-12,ORD-35852,Tiramisu,Desserts,2,8,16,6.0
2026-04-12,ORD-23306,Coffee,Drinks,3,4,12,3.0
2026-04-12,ORD-92227,Chicken Wings,Appetizers,3,10,30,12.0
2026-04-12,ORD-30923,Tiramisu,Desserts,1,8,8,3.0
2026-04-12,ORD-59882,French Fries,Sides,3,5,15,4.5
2026-04-12,ORD-84905,French Fries,Sides,2,5,10,3.0
2026-04-12,ORD-75810,Soda,Drinks,1,3,3,0.5
2026-04-12,ORD-50471,Chicken Wings,Appetizers,2,10,20,8.0
2026-04-12,ORD-53261,Chicken Wings,Appetizers,2,10,20,8.0
2026-04-12,ORD-93058,Coffee,Drinks,2,4,8,2.0
2026-04-12,ORD-11957,French Fries,Sides,2,5,10,3.0
2026-04-12,ORD-30577,Tiramisu,Desserts,2,8,16,6.0
2026-04-12,ORD-50696,Soda,Drinks,1,3,3,0.5
2026-04-12,ORD-49918,Margherita Pizza,Pizza,4,15,60,20.0
2026-04-12,ORD-52560,Tiramisu,Desserts,3,8,24,9.0
2026-04-12,ORD-19024,Margherita Pizza,Pizza,3,15,45,15.0
2026-04-12,ORD-54094,French Fries,Sides,2,5,10,3.0
2026-04-12,ORD-15714,Margherita Pizza,Pizza,3,15,45,15.0
2026-04-12,ORD-28514,Tiramisu,Desserts,3,8,24,9.0
2026-04-12,ORD-23436,Beef Burger,Burgers,1,14,14,6.0
2026-04-12,ORD-21083,Margherita Pizza,Pizza,4,15,60,20.0
2026-04-12,ORD-91999,Margherita Pizza,Pizza,5,15,75,25.0
2026-04-12,ORD-39192,Margherita Pizza,Pizza,3,15,45,15.0
2026-04-12,ORD-53329,Pepperoni Pizza,Pizza,3,18,54,18.0
2026-04-12,ORD-75998,Coffee,Drinks,2,4,8,2.0
2026-04-12,ORD-13168,Caesar Salad,Salads,3,12,36,12.0
2026-04-12,ORD-13121,Pepperoni Pizza,Pizza,3,18,54,18.0
2026-04-12,ORD-43442,French Fries,Sides,2,5,10,3.0
2026-04-12,ORD-43619,Chicken Wings,Appetizers,3,10,30,12.0
2026-04-12,ORD-69791,Coffee,Drinks,1,4,4,1.0
2026-04-12,ORD-67698,Pepperoni Pizza,Pizza,2,18,36,12.0
2026-04-12,ORD-61947,Chicken Wings,Appetizers,1,10,10,4.0
2026-04-12,ORD-61975,French Fries,Sides,3,5,15,4.5
2026-04-12,ORD-16448,Margherita Pizza,Pizza,2,15,30,10.0
2026-04-12,ORD-55246,Coffee,Drinks,1,4,4,1.0
2026-04-12,ORD-46766,Soda,Drinks,3,3,9,1.5
2026-04-12,ORD-20884,Tiramisu,Desserts,3,8,24,9.0
2026-04-12,ORD-88174,Beef Burger,Burgers,2,14,28,12.0
2026-04-12,ORD-14125,Coffee,Drinks,2,4,8,2.0
2026-04-12,ORD-59061,Caesar Salad,Salads,3,12,36,12.0
2026-04-12,ORD-96450,Chicken Wings,Appetizers,3,10,30,12.0
2026-04-12,ORD-46835,Soda,Drinks,1,3,3,0.5
2026-04-12,ORD-96634,Pepperoni Pizza,Pizza,1,18,18,6.0
2026-04-12,ORD-67963,Pepperoni Pizza,Pizza,1,18,18,6.0
2026-04-12,ORD-94666,Coffee,Drinks,3,4,12,3.0
2026-04-12,ORD-72690,Coffee,Drinks,3,4,12,3.0
2026-04-12,ORD-89701,Caesar Salad,Salads,3,12,36,12.0
2026-04-12,ORD-39716,Soda,Drinks,3,3,9,1.5
2026-04-12,ORD-60560,Coffee,Drinks,1,4,4,1.0
2026-04-12,ORD-95752,Caesar Salad,Salads,3,12,36,12.0
2026-04-12,ORD-47927,Coffee,Drinks,1,4,4,1.0
2026-04-12,ORD-92549,Coffee,Drinks,1,4,4,1.0
2026-04-12,ORD-22857,French Fries,Sides,3,5,15,4.5
2026-04-12,ORD-11852,Tiramisu,Desserts,2,8,16,6.0
2026-04-12,ORD-26747,Coffee,Drinks,2,4,8,2.0
2026-04-12,ORD-24857,Soda,Drinks,2,3,6,1.0
2026-04-12,ORD-45607,Pepperoni Pizza,Pizza,3,18,54,18.0
2026-04-12,ORD-58778,Soda,Drinks,1,3,3,0.5
2026-04-12,ORD-96934,Coffee,Drinks,2,4,8,2.0
2026-04-12,ORD-74032,Beef Burger,Burgers,2,14,28,12.0
2026-04-12,ORD-10926,Chicken Wings,Appetizers,3,10,30,12.0
2026-04-13,ORD-66484,Soda,Drinks,1,3,3,0.5
2026-04-13,ORD-97221,Tiramisu,Desserts,3,8,24,9.0
2026-04-13,ORD-66623,Tiramisu,Desserts,3,8,24,9.0
2026-04-13,ORD-62103,French Fries,Sides,3,5,15,4.5
2026-04-13,ORD-46100,Beef Burger,Burgers,3,14,42,18.0
2026-04-13,ORD-22831,Beef Burger,Burgers,1,14,14,6.0
2026-04-13,ORD-20148,Coffee,Drinks,1,4,4,1.0
2026-04-13,ORD-81865,Chicken Wings,Appetizers,2,10,20,8.0
2026-04-13,ORD-14410,Soda,Drinks,2,3,6,1.0
2026-04-13,ORD-40421,Tiramisu,Desserts,3,8,24,9.0
2026-04-13,ORD-45217,Coffee,Drinks,1,4,4,1.0
2026-04-13,ORD-49282,Beef Burger,Burgers,1,14,14,6.0
2026-04-13,ORD-24015,Pepperoni Pizza,Pizza,2,18,36,12.0
2026-04-13,ORD-13735,Soda,Drinks,3,3,9,1.5
2026-04-13,ORD-65109,Chicken Wings,Appetizers,3,10,30,12.0
2026-04-13,ORD-75625,Caesar Salad,Salads,3,12,36,12.0
2026-04-13,ORD-83073,Bruschetta,Appetizers,1,7,7,2.5
2026-04-13,ORD-93852,Soda,Drinks,3,3,9,1.5
2026-04-13,ORD-15569,Pepperoni Pizza,Pizza,1,18,18,6.0
2026-04-13,ORD-67100,Coffee,Drinks,2,4,8,2.0
2026-04-13,ORD-16667,Beef Burger,Burgers,1,14,14,6.0
2026-04-13,ORD-21552,Pepperoni Pizza,Pizza,2,18,36,12.0
2026-04-13,ORD-88608,Pepperoni Pizza,Pizza,3,18,54,18.0
2026-04-13,ORD-49673,Bruschetta,Appetizers,1,7,7,2.5
2026-04-13,ORD-25612,Chicken Wings,Appetizers,2,10,20,8.0
2026-04-13,ORD-60762,Chicken Wings,Appetizers,2,10,20,8.0
2026-04-13,ORD-29438,Pepperoni Pizza,Pizza,2,18,36,12.0
2026-04-13,ORD-90028,Caesar Salad,Salads,1,12,12,4.0
2026-04-13,ORD-78329,Soda,Drinks,3,3,9,1.5
2026-04-13,ORD-11061,Pepperoni Pizza,Pizza,3,18,54,18.0
2026-04-13,ORD-75782,Pepperoni Pizza,Pizza,3,18,54,18.0
2026-04-14,ORD-76857,Soda,Drinks,2,3,6,1.0
2026-04-14,ORD-69689,Chicken Wings,Appetizers,2,10,20,8.0
2026-04-14,ORD-95693,Beef Burger,Burgers,3,14,42,18.0
2026-04-14,ORD-13303,Soda,Drinks,1,3,3,0.5
2026-04-14,ORD-32490,Pepperoni Pizza,Pizza,1,18,18,6.0
2026-04-14,ORD-21742,Caesar Salad,Salads,3,12,36,12.0
2026-04-14,ORD-95423,Caesar Salad,Salads,3,12,36,12.0
2026-04-14,ORD-55739,Beef Burger,Burgers,2,14,28,12.0
2026-04-14,ORD-59221,Coffee,Drinks,1,4,4,1.0
2026-04-14,ORD-24470,Margherita Pizza,Pizza,3,15,45,15.0
2026-04-14,ORD-63776,Caesar Salad,Salads,1,12,12,4.0
2026-04-14,ORD-23774,Beef Burger,Burgers,3,14,42,18.0
2026-04-14,ORD-80496,Beef Burger,Burgers,3,14,42,18.0
2026-04-14,ORD-84345,Chicken Wings,Appetizers,3,10,30,12.0
2026-04-14,ORD-86620,Chicken Wings,Appetizers,3,10,30,12.0
2026-04-14,ORD-25228,Chicken Wings,Appetizers,3,10,30,12.0
2026-04-14,ORD-32677,Beef Burger,Burgers,3,14,42,18.0
2026-04-14,ORD-79984,Chicken Wings,Appetizers,3,10,30,12.0
2026-04-14,ORD-68788,Beef Burger,Burgers,1,14,14,6.0
2026-04-14,ORD-89700,Pepperoni Pizza,Pizza,1,18,18,6.0
2026-04-14,ORD-63131,French Fries,Sides,3,5,15,4.5
2026-04-14,ORD-47605,Soda,Drinks,1,3,3,0.5
2026-04-14,ORD-93660,Margherita Pizza,Pizza,2,15,30,10.0
2026-04-14,ORD-89811,Soda,Drinks,2,3,6,1.0
2026-04-14,ORD-51641,Soda,Drinks,1,3,3,0.5
2026-04-14,ORD-41730,Tiramisu,Desserts,3,8,24,9.0
2026-04-14,ORD-47636,Caesar Salad,Salads,3,12,36,12.0
2026-04-14,ORD-87380,Beef Burger,Burgers,3,14,42,18.0
2026-04-14,ORD-80422,Tiramisu,Desserts,1,8,8,3.0
2026-04-14,ORD-51158,Tiramisu,Desserts,3,8,24,9.0
2026-04-14,ORD-94198,Pepperoni Pizza,Pizza,2,18,36,12.0
2026-04-14,ORD-69136,Coffee,Drinks,1,4,4,1.0
2026-04-14,ORD-15493,Soda,Drinks,1,3,3,0.5
2026-04-14,ORD-80854,Caesar Salad,Salads,3,12,36,12.0
2026-04-14,ORD-41906,French Fries,Sides,3,5,15,4.5
2026-04-14,ORD-91638,Coffee,Drinks,3,4,12,3.0
2026-04-14,ORD-52615,Bruschetta,Appetizers,1,7,7,2.5
2026-04-14,ORD-89671,Chicken Wings,Appetizers,2,10,20,8.0
2026-04-14,ORD-43399,Soda,Drinks,1,3,3,0.5
2026-04-14,ORD-13852,Tiramisu,Desserts,1,8,8,3.0
2026-04-14,ORD-81782,Pepperoni Pizza,Pizza,2,18,36,12.0
2026-04-14,ORD-94543,Coffee,Drinks,3,4,12,3.0
2026-04-14,ORD-70717,Soda,Drinks,3,3,9,1.5
2026-04-14,ORD-92161,Chicken Wings,Appetizers,2,10,20,8.0
2026-04-14,ORD-84317,French Fries,Sides,1,5,5,1.5
2026-04-14,ORD-96959,French Fries,Sides,2,5,10,3.0
2026-04-14,ORD-54863,Pepperoni Pizza,Pizza,1,18,18,6.0
2026-04-14,ORD-31789,Caesar Salad,Salads,2,12,24,8.0
2026-04-15,ORD-47775,Coffee,Drinks,1,4,4,1.0
2026-04-15,ORD-50493,Caesar Salad,Salads,3,12,36,12.0
2026-04-15,ORD-46802,Caesar Salad,Salads,1,12,12,4.0
2026-04-15,ORD-37304,Margherita Pizza,Pizza,4,15,60,20.0
2026-04-15,ORD-95237,Bruschetta,Appetizers,1,7,7,2.5
2026-04-15,ORD-41290,Soda,Drinks,1,3,3,0.5
2026-04-15,ORD-68828,French Fries,Sides,3,5,15,4.5
2026-04-15,ORD-54471,Tiramisu,Desserts,1,8,8,3.0
2026-04-15,ORD-35621,Chicken Wings,Appetizers,1,10,10,4.0
2026-04-15,ORD-68457,Chicken Wings,Appetizers,1,10,10,4.0
2026-04-15,ORD-33829,Soda,Drinks,3,3,9,1.5
2026-04-15,ORD-62002,Tiramisu,Desserts,1,8,8,3.0
2026-04-15,ORD-86900,French Fries,Sides,1,5,5,1.5
2026-04-15,ORD-92427,French Fries,Sides,1,5,5,1.5
2026-04-15,ORD-15724,Soda,Drinks,2,3,6,1.0
2026-04-15,ORD-40440,Pepperoni Pizza,Pizza,2,18,36,12.0
2026-04-15,ORD-89198,Pepperoni Pizza,Pizza,2,18,36,12.0
2026-04-15,ORD-97530,Margherita Pizza,Pizza,2,15,30,10.0
2026-04-15,ORD-83654,Chicken Wings,Appetizers,3,10,30,12.0
2026-04-15,ORD-35320,Tiramisu,Desserts,3,8,24,9.0
2026-04-15,ORD-20821,Tiramisu,Desserts,3,8,24,9.0
2026-04-15,ORD-66525,Margherita Pizza,Pizza,4,15,60,20.0
2026-04-15,ORD-22213,Caesar Salad,Salads,1,12,12,4.0
2026-04-15,ORD-75148,Pepperoni Pizza,Pizza,1,18,18,6.0
2026-04-15,ORD-99916,Chicken Wings,Appetizers,2,10,20,8.0
2026-04-15,ORD-26009,Caesar Salad,Salads,3,12,36,12.0
2026-04-15,ORD-67123,French Fries,Sides,2,5,10,3.0
2026-04-15,ORD-14338,French Fries,Sides,1,5,5,1.5
2026-04-15,ORD-67828,Coffee,Drinks,2,4,8,2.0
2026-04-15,ORD-71720,Tiramisu,Desserts,3,8,24,9.0
2026-04-15,ORD-52581,Tiramisu,Desserts,2,8,16,6.0
2026-04-15,ORD-37593,Bruschetta,Appetizers,1,7,7,2.5
2026-04-15,ORD-27501,Caesar Salad,Salads,3,12,36,12.0
2026-04-15,ORD-29754,Soda,Drinks,3,3,9,1.5
2026-04-16,ORD-52476,Soda,Drinks,3,3,9,1.5
2026-04-16,ORD-23280,French Fries,Sides,3,5,15,4.5
2026-04-16,ORD-96097,Beef Burger,Burgers,2,14,28,12.0
2026-04-16,ORD-95793,Bruschetta,Appetizers,1,7,7,2.5
2026-04-16,ORD-55188,Soda,Drinks,2,3,6,1.0
2026-04-16,ORD-43871,Margherita Pizza,Pizza,3,15,45,15.0
2026-04-16,ORD-52934,Pepperoni Pizza,Pizza,3,18,54,18.0
2026-04-16,ORD-29467,Pepperoni Pizza,Pizza,3,18,54,18.0
2026-04-16,ORD-10891,Tiramisu,Desserts,3,8,24,9.0
2026-04-16,ORD-15436,Caesar Salad,Salads,2,12,24,8.0
2026-04-16,ORD-36730,Margherita Pizza,Pizza,4,15,60,20.0
2026-04-16,ORD-52734,Caesar Salad,Salads,2,12,24,8.0
2026-04-16,ORD-50595,Coffee,Drinks,3,4,12,3.0
2026-04-16,ORD-22651,French Fries,Sides,3,5,15,4.5
2026-04-16,ORD-47097,Soda,Drinks,3,3,9,1.5
2026-04-16,ORD-46171,French Fries,Sides,3,5,15,4.5
2026-04-16,ORD-40417,Soda,Drinks,1,3,3,0.5
2026-04-16,ORD-26387,Chicken Wings,Appetizers,1,10,10,4.0
2026-04-16,ORD-72636,Pepperoni Pizza,Pizza,2,18,36,12.0
2026-04-16,ORD-90579,Chicken Wings,Appetizers,1,10,10,4.0
2026-04-16,ORD-99172,Soda,Drinks,2,3,6,1.0
2026-04-16,ORD-59306,French Fries,Sides,2,5,10,3.0
2026-04-16,ORD-45126,Tiramisu,Desserts,2,8,16,6.0
2026-04-16,ORD-60874,Tiramisu,Desserts,3,8,24,9.0
2026-04-16,ORD-37956,Tiramisu,Desserts,1,8,8,3.0
2026-04-16,ORD-56240,Chicken Wings,Appetizers,3,10,30,12.0
2026-04-16,ORD-98656,Margherita Pizza,Pizza,4,15,60,20.0
2026-04-16,ORD-73997,French Fries,Sides,3,5,15,4.5
2026-04-16,ORD-60041,Beef Burger,Burgers,1,14,14,6.0
2026-04-16,ORD-66316,Coffee,Drinks,2,4,8,2.0
2026-04-16,ORD-35143,Soda,Drinks,3,3,9,1.5
2026-04-16,ORD-86785,Beef Burger,Burgers,3,14,42,18.0
2026-04-16,ORD-52256,Chicken Wings,Appetizers,3,10,30,12.0
2026-04-16,ORD-10767,Caesar Salad,Salads,3,12,36,12.0
2026-04-16,ORD-29280,Coffee,Drinks,3,4,12,3.0
2026-04-16,ORD-23870,Soda,Drinks,1,3,3,0.5
2026-04-16,ORD-29673,French Fries,Sides,2,5,10,3.0
2026-04-16,ORD-86065,Beef Burger,Burgers,1,14,14,6.0
2026-04-16,ORD-26095,Tiramisu,Desserts,1,8,8,3.0
2026-04-16,ORD-14076,Beef Burger,Burgers,2,14,28,12.0
2026-04-16,ORD-58364,Pepperoni Pizza,Pizza,1,18,18,6.0
2026-04-16,ORD-18110,Pepperoni Pizza,Pizza,1,18,18,6.0
2026-04-17,ORD-61000,Soda,Drinks,2,3,6,1.0
2026-04-17,ORD-42859,Pepperoni Pizza,Pizza,1,18,18,6.0
2026-04-17,ORD-69516,Chicken Wings,Appetizers,3,10,30,12.0
2026-04-17,ORD-23172,Coffee,Drinks,3,4,12,3.0
2026-04-17,ORD-63307,French Fries,Sides,1,5,5,1.5
2026-04-17,ORD-69013,Chicken Wings,Appetizers,1,10,10,4.0
2026-04-17,ORD-54537,Chicken Wings,Appetizers,1,10,10,4.0
2026-04-17,ORD-47446,Chicken Wings,Appetizers,2,10,20,8.0
2026-04-17,ORD-83949,Coffee,Drinks,3,4,12,3.0
2026-04-17,ORD-54744,French Fries,Sides,1,5,5,1.5
2026-04-17,ORD-18339,Pepperoni Pizza,Pizza,1,18,18,6.0
2026-04-17,ORD-23891,Coffee,Drinks,3,4,12,3.0
2026-04-17,ORD-29859,Margherita Pizza,Pizza,2,15,30,10.0
2026-04-17,ORD-28951,Caesar Salad,Salads,2,12,24,8.0
2026-04-17,ORD-21179,Chicken Wings,Appetizers,3,10,30,12.0
2026-04-17,ORD-17414,Beef Burger,Burgers,2,14,28,12.0
2026-04-17,ORD-43381,Pepperoni Pizza,Pizza,3,18,54,18.0
2026-04-17,ORD-90075,French Fries,Sides,2,5,10,3.0
2026-04-17,ORD-63274,Caesar Salad,Salads,2,12,24,8.0
2026-04-17,ORD-15638,Chicken Wings,Appetizers,1,10,10,4.0
2026-04-17,ORD-45090,Soda,Drinks,1,3,3,0.5
2026-04-17,ORD-13385,Margherita Pizza,Pizza,4,15,60,20.0
2026-04-17,ORD-13108,Soda,Drinks,1,3,3,0.5
2026-04-17,ORD-34692,Soda,Drinks,2,3,6,1.0
2026-04-17,ORD-67414,French Fries,Sides,1,5,5,1.5
2026-04-17,ORD-13657,Coffee,Drinks,1,4,4,1.0
2026-04-17,ORD-42221,Beef Burger,Burgers,3,14,42,18.0
2026-04-17,ORD-65036,Beef Burger,Burgers,3,14,42,18.0
2026-04-17,ORD-43835,Chicken Wings,Appetizers,1,10,10,4.0
2026-04-17,ORD-40067,Beef Burger,Burgers,3,14,42,18.0
2026-04-17,ORD-16226,French Fries,Sides,3,5,15,4.5
2026-04-17,ORD-50433,Soda,Drinks,1,3,3,0.5
2026-04-17,ORD-48249,Caesar Salad,Salads,1,12,12,4.0
2026-04-17,ORD-70997,Chicken Wings,Appetizers,2,10,20,8.0
2026-04-17,ORD-17583,Tiramisu,Desserts,2,8,16,6.0
2026-04-17,ORD-71531,Beef Burger,Burgers,1,14,14,6.0
2026-04-17,ORD-32830,French Fries,Sides,2,5,10,3.0
2026-04-17,ORD-64093,Bruschetta,Appetizers,1,7,7,2.5
2026-04-17,ORD-81009,Tiramisu,Desserts,3,8,24,9.0
2026-04-17,ORD-54504,Chicken Wings,Appetizers,1,10,10,4.0
2026-04-17,ORD-37777,Margherita Pizza,Pizza,4,15,60,20.0
2026-04-17,ORD-11449,Chicken Wings,Appetizers,2,10,20,8.0
2026-04-17,ORD-53071,Coffee,Drinks,2,4,8,2.0
2026-04-17,ORD-83110,Chicken Wings,Appetizers,2,10,20,8.0
2026-04-17,ORD-47073,Chicken Wings,Appetizers,1,10,10,4.0
2026-04-17,ORD-94337,French Fries,Sides,3,5,15,4.5
2026-04-17,ORD-62149,Coffee,Drinks,1,4,4,1.0
2026-04-17,ORD-13471,Tiramisu,Desserts,2,8,16,6.0
2026-04-17,ORD-88400,Beef Burger,Burgers,3,14,42,18.0
2026-04-17,ORD-90452,Chicken Wings,Appetizers,1,10,10,4.0
2026-04-17,ORD-73263,Soda,Drinks,3,3,9,1.5
2026-04-17,ORD-55113,Chicken Wings,Appetizers,3,10,30,12.0
2026-04-17,ORD-97070,Coffee,Drinks,1,4,4,1.0
2026-04-17,ORD-77573,French Fries,Sides,3,5,15,4.5
2026-04-17,ORD-68585,Chicken Wings,Appetizers,3,10,30,12.0
2026-04-17,ORD-73216,French Fries,Sides,1,5,5,1.5
2026-04-17,ORD-66698,Beef Burger,Burgers,3,14,42,18.0
2026-04-17,ORD-54688,Chicken Wings,Appetizers,1,10,10,4.0
2026-04-17,ORD-50845,French Fries,Sides,3,5,15,4.5
2026-04-17,ORD-46863,Tiramisu,Desserts,3,8,24,9.0
2026-04-17,ORD-53502,Soda,Drinks,3,3,9,1.5
2026-04-17,ORD-58692,Margherita Pizza,Pizza,3,15,45,15.0
2026-04-17,ORD-83730,Soda,Drinks,2,3,6,1.0
2026-04-17,ORD-75154,Soda,Drinks,1,3,3,0.5
2026-04-17,ORD-40127,Pepperoni Pizza,Pizza,2,18,36,12.0
2026-04-17,ORD-65104,Beef Burger,Burgers,3,14,42,18.0
2026-04-17,ORD-71214,Coffee,Drinks,2,4,8,2.0
2026-04-17,ORD-49122,Chicken Wings,Appetizers,2,10,20,8.0
2026-04-17,ORD-53414,Caesar Salad,Salads,1,12,12,4.0
2026-04-17,ORD-40883,Chicken Wings,Appetizers,1,10,10,4.0
2026-04-17,ORD-72538,French Fries,Sides,2,5,10,3.0
2026-04-17,ORD-42413,Chicken Wings,Appetizers,2,10,20,8.0
2026-04-17,ORD-67339,Bruschetta,Appetizers,1,7,7,2.5
2026-04-17,ORD-50143,Tiramisu,Desserts,2,8,16,6.0
2026-04-17,ORD-30265,Tiramisu,Desserts,3,8,24,9.0
2026-04-17,ORD-18181,Pepperoni Pizza,Pizza,3,18,54,18.0
2026-04-17,ORD-42303,Chicken Wings,Appetizers,1,10,10,4.0
2026-04-18,ORD-62341,Tiramisu,Desserts,1,8,8,3.0
2026-04-18,ORD-89530,French Fries,Sides,2,5,10,3.0
2026-04-18,ORD-90532,Bruschetta,Appetizers,1,7,7,2.5
2026-04-18,ORD-13859,Pepperoni Pizza,Pizza,2,18,36,12.0
2026-04-18,ORD-22829,French Fries,Sides,2,5,10,3.0
2026-04-18,ORD-55917,Coffee,Drinks,3,4,12,3.0
2026-04-18,ORD-69881,Pepperoni Pizza,Pizza,1,18,18,6.0
2026-04-18,ORD-90947,Tiramisu,Desserts,1,8,8,3.0
2026-04-18,ORD-53672,Beef Burger,Burgers,3,14,42,18.0
2026-04-18,ORD-37547,Tiramisu,Desserts,2,8,16,6.0
2026-04-18,ORD-59888,Tiramisu,Desserts,1,8,8,3.0
2026-04-18,ORD-70073,Pepperoni Pizza,Pizza,1,18,18,6.0
2026-04-18,ORD-84599,Coffee,Drinks,3,4,12,3.0
2026-04-18,ORD-53286,Caesar Salad,Salads,1,12,12,4.0
2026-04-18,ORD-54280,Coffee,Drinks,2,4,8,2.0
2026-04-18,ORD-83310,Bruschetta,Appetizers,1,7,7,2.5
2026-04-18,ORD-83347,Pepperoni Pizza,Pizza,1,18,18,6.0
2026-04-18,ORD-81267,Chicken Wings,Appetizers,3,10,30,12.0
2026-04-18,ORD-96625,Tiramisu,Desserts,2,8,16,6.0
2026-04-18,ORD-75725,Tiramisu,Desserts,3,8,24,9.0
2026-04-18,ORD-77181,Coffee,Drinks,1,4,4,1.0
2026-04-18,ORD-82233,French Fries,Sides,1,5,5,1.5
2026-04-18,ORD-62748,Coffee,Drinks,2,4,8,2.0
2026-04-18,ORD-59457,Chicken Wings,Appetizers,1,10,10,4.0
2026-04-18,ORD-62264,Bruschetta,Appetizers,1,7,7,2.5
2026-04-18,ORD-47855,Caesar Salad,Salads,2,12,24,8.0
2026-04-18,ORD-44910,French Fries,Sides,3,5,15,4.5
2026-04-18,ORD-93591,Beef Burger,Burgers,2,14,28,12.0
2026-04-18,ORD-80935,Margherita Pizza,Pizza,5,15,75,25.0
2026-04-18,ORD-24899,Beef Burger,Burgers,2,14,28,12.0
2026-04-18,ORD-68917,Beef Burger,Burgers,3,14,42,18.0
2026-04-18,ORD-34436,French Fries,Sides,2,5,10,3.0
2026-04-18,ORD-83420,Margherita Pizza,Pizza,5,15,75,25.0
2026-04-18,ORD-63822,Chicken Wings,Appetizers,1,10,10,4.0
2026-04-18,ORD-60449,French Fries,Sides,1,5,5,1.5
2026-04-18,ORD-34943,Margherita Pizza,Pizza,5,15,75,25.0
2026-04-18,ORD-58862,Coffee,Drinks,1,4,4,1.0
2026-04-18,ORD-85467,French Fries,Sides,3,5,15,4.5
2026-04-18,ORD-34957,Caesar Salad,Salads,1,12,12,4.0
2026-04-18,ORD-78654,French Fries,Sides,1,5,5,1.5
2026-04-18,ORD-20585,Coffee,Drinks,1,4,4,1.0
2026-04-18,ORD-64358,Pepperoni Pizza,Pizza,3,18,54,18.0
2026-04-18,ORD-66813,Soda,Drinks,2,3,6,1.0
2026-04-18,ORD-16272,Tiramisu,Desserts,2,8,16,6.0
2026-04-18,ORD-42151,Chicken Wings,Appetizers,1,10,10,4.0
2026-04-18,ORD-77201,Margherita Pizza,Pizza,5,15,75,25.0
2026-04-18,ORD-29670,Margherita Pizza,Pizza,4,15,60,20.0
2026-04-18,ORD-80934,Pepperoni Pizza,Pizza,3,18,54,18.0
2026-04-18,ORD-52086,Caesar Salad,Salads,1,12,12,4.0
2026-04-18,ORD-14331,Coffee,Drinks,2,4,8,2.0
2026-04-18,ORD-88506,Margherita Pizza,Pizza,5,15,75,25.0
2026-04-18,ORD-15806,French Fries,Sides,1,5,5,1.5
2026-04-18,ORD-31178,Tiramisu,Desserts,2,8,16,6.0
2026-04-18,ORD-64285,Soda,Drinks,3,3,9,1.5
2026-04-18,ORD-26626,Tiramisu,Desserts,1,8,8,3.0
2026-04-18,ORD-62256,Beef Burger,Burgers,1,14,14,6.0
2026-04-18,ORD-83602,Margherita Pizza,Pizza,2,15,30,10.0
2026-04-18,ORD-87243,Coffee,Drinks,3,4,12,3.0
2026-04-18,ORD-13312,Tiramisu,Desserts,1,8,8,3.0
2026-04-18,ORD-63658,Coffee,Drinks,2,4,8,2.0
2026-04-18,ORD-39018,Beef Burger,Burgers,2,14,28,12.0
2026-04-18,ORD-44666,Caesar Salad,Salads,2,12,24,8.0
2026-04-18,ORD-89480,Chicken Wings,Appetizers,3,10,30,12.0
2026-04-18,ORD-35633,Chicken Wings,Appetizers,1,10,10,4.0
2026-04-18,ORD-59822,French Fries,Sides,2,5,10,3.0
2026-04-18,ORD-28302,Beef Burger,Burgers,3,14,42,18.0
2026-04-18,ORD-90054,Beef Burger,Burgers,1,14,14,6.0
2026-04-18,ORD-21688,Chicken Wings,Appetizers,1,10,10,4.0
2026-04-18,ORD-64405,Tiramisu,Desserts,3,8,24,9.0
2026-04-18,ORD-29540,Soda,Drinks,2,3,6,1.0
2026-04-18,ORD-94441,Pepperoni Pizza,Pizza,2,18,36,12.0
2026-04-18,ORD-46191,Chicken Wings,Appetizers,3,10,30,12.0
2026-04-18,ORD-23924,Bruschetta,Appetizers,1,7,7,2.5
2026-04-18,ORD-43874,Caesar Salad,Salads,2,12,24,8.0
2026-04-18,ORD-60226,Caesar Salad,Salads,3,12,36,12.0
2026-04-18,ORD-62313,Chicken Wings,Appetizers,3,10,30,12.0
2026-04-18,ORD-90146,Caesar Salad,Salads,2,12,24,8.0
2026-04-18,ORD-36885,Bruschetta,Appetizers,1,7,7,2.5
2026-04-18,ORD-65508,French Fries,Sides,2,5,10,3.0
2026-04-18,ORD-81743,Caesar Salad,Salads,2,12,24,8.0
2026-04-18,ORD-41507,Soda,Drinks,2,3,6,1.0
2026-04-18,ORD-52572,Coffee,Drinks,3,4,12,3.0
2026-04-18,ORD-87074,Pepperoni Pizza,Pizza,1,18,18,6.0
2026-04-18,ORD-82520,French Fries,Sides,2,5,10,3.0
2026-04-18,ORD-14950,Tiramisu,Desserts,2,8,16,6.0
2026-04-18,ORD-96546,Caesar Salad,Salads,1,12,12,4.0
2026-04-18,ORD-26557,Margherita Pizza,Pizza,3,15,45,15.0
2026-04-18,ORD-54417,Bruschetta,Appetizers,1,7,7,2.5
2026-04-18,ORD-84706,Pepperoni Pizza,Pizza,1,18,18,6.0
2026-04-18,ORD-52725,Tiramisu,Desserts,2,8,16,6.0
2026-04-18,ORD-20212,Beef Burger,Burgers,1,14,14,6.0
2026-04-18,ORD-38038,Caesar Salad,Salads,2,12,24,8.0
2026-04-18,ORD-56765,French Fries,Sides,1,5,5,1.5
2026-04-18,ORD-15302,Soda,Drinks,1,3,3,0.5
2026-04-18,ORD-21550,Chicken Wings,Appetizers,2,10,20,8.0
2026-04-18,ORD-76190,Beef Burger,Burgers,2,14,28,12.0
2026-04-18,ORD-21199,Soda,Drinks,1,3,3,0.5
2026-04-18,ORD-47871,Chicken Wings,Appetizers,2,10,20,8.0
2026-04-18,ORD-36255,Caesar Salad,Salads,3,12,36,12.0
2026-04-18,ORD-26953,Tiramisu,Desserts,2,8,16,6.0
2026-04-18,ORD-87331,Chicken Wings,Appetizers,3,10,30,12.0
2026-04-18,ORD-24013,Pepperoni Pizza,Pizza,3,18,54,18.0
2026-04-18,ORD-83351,Beef Burger,Burgers,1,14,14,6.0
2026-04-18,ORD-15573,Margherita Pizza,Pizza,2,15,30,10.0
2026-04-18,ORD-58711,Caesar Salad,Salads,1,12,12,4.0
2026-04-18,ORD-54265,Chicken Wings,Appetizers,2,10,20,8.0
2026-04-18,ORD-96541,Chicken Wings,Appetizers,1,10,10,4.0
2026-04-18,ORD-16953,French Fries,Sides,1,5,5,1.5
2026-04-18,ORD-18049,Soda,Drinks,1,3,3,0.5
2026-04-18,ORD-62833,Margherita Pizza,Pizza,4,15,60,20.0
2026-04-18,ORD-52296,Soda,Drinks,2,3,6,1.0
2026-04-19,ORD-33520,Tiramisu,Desserts,2,8,16,6.0
2026-04-19,ORD-74792,Margherita Pizza,Pizza,5,15,75,25.0
2026-04-19,ORD-51213,Tiramisu,Desserts,1,8,8,3.0
2026-04-19,ORD-10283,French Fries,Sides,3,5,15,4.5
2026-04-19,ORD-50920,Tiramisu,Desserts,3,8,24,9.0
2026-04-19,ORD-62145,Pepperoni Pizza,Pizza,1,18,18,6.0
2026-04-19,ORD-91638,Tiramisu,Desserts,1,8,8,3.0
2026-04-19,ORD-80944,Margherita Pizza,Pizza,3,15,45,15.0
2026-04-19,ORD-56833,Pepperoni Pizza,Pizza,1,18,18,6.0
2026-04-19,ORD-84471,Pepperoni Pizza,Pizza,3,18,54,18.0
2026-04-19,ORD-37909,Chicken Wings,Appetizers,3,10,30,12.0
2026-04-19,ORD-87258,Beef Burger,Burgers,1,14,14,6.0
2026-04-19,ORD-31613,Margherita Pizza,Pizza,5,15,75,25.0
2026-04-19,ORD-83357,Chicken Wings,Appetizers,1,10,10,4.0
2026-04-19,ORD-88058,Pepperoni Pizza,Pizza,2,18,36,12.0
2026-04-19,ORD-63036,Soda,Drinks,3,3,9,1.5
2026-04-19,ORD-13734,Coffee,Drinks,2,4,8,2.0
2026-04-19,ORD-42952,Margherita Pizza,Pizza,4,15,60,20.0
2026-04-19,ORD-65358,Chicken Wings,Appetizers,1,10,10,4.0
2026-04-19,ORD-99173,Pepperoni Pizza,Pizza,3,18,54,18.0
2026-04-19,ORD-80822,French Fries,Sides,3,5,15,4.5
2026-04-19,ORD-57248,French Fries,Sides,3,5,15,4.5
2026-04-19,ORD-14658,Beef Burger,Burgers,1,14,14,6.0
2026-04-19,ORD-48118,Caesar Salad,Salads,1,12,12,4.0
2026-04-19,ORD-59661,Soda,Drinks,2,3,6,1.0
2026-04-19,ORD-86406,Coffee,Drinks,2,4,8,2.0
2026-04-19,ORD-53324,Beef Burger,Burgers,2,14,28,12.0
2026-04-19,ORD-56129,Beef Burger,Burgers,2,14,28,12.0
2026-04-19,ORD-29439,Beef Burger,Burgers,2,14,28,12.0
2026-04-19,ORD-23524,Chicken Wings,Appetizers,3,10,30,12.0
2026-04-19,ORD-49325,Coffee,Drinks,2,4,8,2.0
2026-04-19,ORD-66095,French Fries,Sides,3,5,15,4.5
2026-04-19,ORD-55734,Margherita Pizza,Pizza,5,15,75,25.0
2026-04-19,ORD-96375,Margherita Pizza,Pizza,4,15,60,20.0
2026-04-19,ORD-35429,Tiramisu,Desserts,2,8,16,6.0
2026-04-19,ORD-78322,Margherita Pizza,Pizza,3,15,45,15.0
2026-04-19,ORD-26142,Soda,Drinks,3,3,9,1.5
2026-04-19,ORD-97755,Caesar Salad,Salads,2,12,24,8.0
2026-04-19,ORD-50065,Soda,Drinks,1,3,3,0.5
2026-04-19,ORD-28782,Caesar Salad,Salads,3,12,36,12.0
2026-04-19,ORD-81535,Coffee,Drinks,2,4,8,2.0
2026-04-19,ORD-41262,Tiramisu,Desserts,2,8,16,6.0
2026-04-19,ORD-16919,Caesar Salad,Salads,3,12,36,12.0
2026-04-19,ORD-61684,Beef Burger,Burgers,3,14,42,18.0
2026-04-19,ORD-55213,Pepperoni Pizza,Pizza,1,18,18,6.0
2026-04-19,ORD-59691,Chicken Wings,Appetizers,1,10,10,4.0
2026-04-19,ORD-54890,Caesar Salad,Salads,3,12,36,12.0
2026-04-19,ORD-46206,Soda,Drinks,2,3,6,1.0
2026-04-19,ORD-60473,French Fries,Sides,1,5,5,1.5
2026-04-19,ORD-91909,French Fries,Sides,1,5,5,1.5
2026-04-19,ORD-17669,Pepperoni Pizza,Pizza,2,18,36,12.0
2026-04-19,ORD-97000,Tiramisu,Desserts,3,8,24,9.0
2026-04-19,ORD-13694,Coffee,Drinks,3,4,12,3.0
2026-04-19,ORD-47343,Caesar Salad,Salads,1,12,12,4.0
2026-04-19,ORD-70506,Coffee,Drinks,2,4,8,2.0
2026-04-19,ORD-12304,Margherita Pizza,Pizza,2,15,30,10.0
2026-04-19,ORD-21618,Pepperoni Pizza,Pizza,3,18,54,18.0
2026-04-19,ORD-78801,Coffee,Drinks,3,4,12,3.0
2026-04-19,ORD-94236,Chicken Wings,Appetizers,1,10,10,4.0
2026-04-19,ORD-11188,Caesar Salad,Salads,3,12,36,12.0
2026-04-19,ORD-98671,Soda,Drinks,1,3,3,0.5
2026-04-19,ORD-69501,French Fries,Sides,3,5,15,4.5
2026-04-19,ORD-65909,Margherita Pizza,Pizza,3,15,45,15.0
2026-04-19,ORD-80333,Coffee,Drinks,1,4,4,1.0
2026-04-19,ORD-96269,Caesar Salad,Salads,2,12,24,8.0
2026-04-19,ORD-66836,Caesar Salad,Salads,1,12,12,4.0
2026-04-19,ORD-29835,Beef Burger,Burgers,3,14,42,18.0
2026-04-19,ORD-67375,Chicken Wings,Appetizers,3,10,30,12.0
2026-04-19,ORD-82294,Tiramisu,Desserts,3,8,24,9.0
2026-04-19,ORD-19437,Soda,Drinks,3,3,9,1.5
2026-04-19,ORD-28511,Margherita Pizza,Pizza,4,15,60,20.0
2026-04-19,ORD-95569,French Fries,Sides,2,5,10,3.0
2026-04-19,ORD-64958,Tiramisu,Desserts,3,8,24,9.0
2026-04-19,ORD-42321,Tiramisu,Desserts,3,8,24,9.0
2026-04-19,ORD-47081,Chicken Wings,Appetizers,1,10,10,4.0
2026-04-19,ORD-92467,Caesar Salad,Salads,2,12,24,8.0
2026-04-19,ORD-74561,Soda,Drinks,2,3,6,1.0
2026-04-19,ORD-37215,Coffee,Drinks,3,4,12,3.0
2026-04-19,ORD-73862,Beef Burger,Burgers,1,14,14,6.0
2026-04-19,ORD-88369,Margherita Pizza,Pizza,5,15,75,25.0
2026-04-19,ORD-41718,Pepperoni Pizza,Pizza,2,18,36,12.0
2026-04-19,ORD-47644,Tiramisu,Desserts,3,8,24,9.0
2026-04-19,ORD-39679,Caesar Salad,Salads,3,12,36,12.0
2026-04-19,ORD-32675,Tiramisu,Desserts,2,8,16,6.0
2026-04-19,ORD-81045,Soda,Drinks,3,3,9,1.5
2026-04-19,ORD-19054,French Fries,Sides,3,5,15,4.5
2026-04-19,ORD-94062,French Fries,Sides,3,5,15,4.5
2026-04-19,ORD-73776,Soda,Drinks,2,3,6,1.0
2026-04-19,ORD-40820,Pepperoni Pizza,Pizza,1,18,18,6.0
2026-04-19,ORD-86925,French Fries,Sides,2,5,10,3.0
2026-04-19,ORD-41449,Beef Burger,Burgers,2,14,28,12.0
2026-04-19,ORD-84195,French Fries,Sides,2,5,10,3.0
2026-04-19,ORD-83006,French Fries,Sides,2,5,10,3.0
2026-04-19,ORD-73846,Tiramisu,Desserts,3,8,24,9.0
2026-04-19,ORD-97189,Beef Burger,Burgers,1,14,14,6.0
2026-04-19,ORD-11008,Soda,Drinks,3,3,9,1.5
2026-04-19,ORD-89287,Coffee,Drinks,3,4,12,3.0
2026-04-19,ORD-44185,Soda,Drinks,1,3,3,0.5
2026-04-19,ORD-53880,Chicken Wings,Appetizers,2,10,20,8.0
2026-04-19,ORD-48414,Margherita Pizza,Pizza,3,15,45,15.0
2026-04-19,ORD-78883,Caesar Salad,Salads,2,12,24,8.0
2026-04-19,ORD-46701,Caesar Salad,Salads,3,12,36,12.0
2026-04-19,ORD-35453,Pepperoni Pizza,Pizza,1,18,18,6.0
2026-04-19,ORD-78158,Caesar Salad,Salads,1,12,12,4.0
2026-04-19,ORD-38292,French Fries,Sides,2,5,10,3.0
2026-04-19,ORD-80265,French Fries,Sides,3,5,15,4.5
2026-04-19,ORD-96801,Chicken Wings,Appetizers,2,10,20,8.0
2026-04-19,ORD-95888,Pepperoni Pizza,Pizza,3,18,54,18.0
2026-04-19,ORD-88101,French Fries,Sides,2,5,10,3.0
2026-04-19,ORD-72840,Coffee,Drinks,1,4,4,1.0
2026-04-19,ORD-29528,Margherita Pizza,Pizza,2,15,30,10.0
2026-04-19,ORD-52685,Chicken Wings,Appetizers,2,10,20,8.0
2026-04-19,ORD-42910,Pepperoni Pizza,Pizza,1,18,18,6.0
2026-04-19,ORD-81952,Chicken Wings,Appetizers,1,10,10,4.0
2026-04-19,ORD-14456,Tiramisu,Desserts,1,8,8,3.0
2026-04-19,ORD-41394,Coffee,Drinks,1,4,4,1.0
2026-04-19,ORD-35909,Coffee,Drinks,1,4,4,1.0
2026-04-19,ORD-54001,Pepperoni Pizza,Pizza,3,18,54,18.0
2026-04-20,ORD-56099,Chicken Wings,Appetizers,3,10,30,12.0
2026-04-20,ORD-69455,Soda,Drinks,1,3,3,0.5
2026-04-20,ORD-79512,Beef Burger,Burgers,2,14,28,12.0
2026-04-20,ORD-61595,Bruschetta,Appetizers,1,7,7,2.5
2026-04-20,ORD-23033,Chicken Wings,Appetizers,1,10,10,4.0
2026-04-20,ORD-14390,Soda,Drinks,3,3,9,1.5
2026-04-20,ORD-92973,French Fries,Sides,2,5,10,3.0
2026-04-20,ORD-95903,Tiramisu,Desserts,3,8,24,9.0
2026-04-20,ORD-38477,Caesar Salad,Salads,3,12,36,12.0
2026-04-20,ORD-30488,Soda,Drinks,1,3,3,0.5
2026-04-20,ORD-85878,Caesar Salad,Salads,3,12,36,12.0
2026-04-20,ORD-59908,Caesar Salad,Salads,2,12,24,8.0
2026-04-20,ORD-77501,Margherita Pizza,Pizza,2,15,30,10.0
2026-04-20,ORD-28011,Soda,Drinks,2,3,6,1.0
2026-04-20,ORD-28267,Margherita Pizza,Pizza,2,15,30,10.0
2026-04-20,ORD-81168,Beef Burger,Burgers,2,14,28,12.0
2026-04-20,ORD-46147,Bruschetta,Appetizers,1,7,7,2.5
2026-04-20,ORD-96593,Soda,Drinks,2,3,6,1.0
2026-04-20,ORD-15607,Margherita Pizza,Pizza,2,15,30,10.0
2026-04-20,ORD-31016,Pepperoni Pizza,Pizza,2,18,36,12.0
2026-04-20,ORD-54712,Tiramisu,Desserts,3,8,24,9.0
2026-04-20,ORD-76201,Beef Burger,Burgers,3,14,42,18.0
2026-04-20,ORD-14951,Tiramisu,Desserts,3,8,24,9.0
2026-04-20,ORD-74770,French Fries,Sides,3,5,15,4.5
2026-04-20,ORD-42132,Beef Burger,Burgers,3,14,42,18.0
2026-04-20,ORD-29243,Soda,Drinks,1,3,3,0.5
2026-04-20,ORD-33391,Margherita Pizza,Pizza,2,15,30,10.0
2026-04-20,ORD-67642,Tiramisu,Desserts,2,8,16,6.0
2026-04-21,ORD-44044,Chicken Wings,Appetizers,1,10,10,4.0
2026-04-21,ORD-62978,Coffee,Drinks,1,4,4,1.0
2026-04-21,ORD-23372,French Fries,Sides,2,5,10,3.0
2026-04-21,ORD-68189,Beef Burger,Burgers,2,14,28,12.0
2026-04-21,ORD-36433,Chicken Wings,Appetizers,1,10,10,4.0
2026-04-21,ORD-73915,Tiramisu,Desserts,2,8,16,6.0
2026-04-21,ORD-91395,French Fries,Sides,3,5,15,4.5
2026-04-21,ORD-17902,Pepperoni Pizza,Pizza,1,18,18,6.0
2026-04-21,ORD-49005,Soda,Drinks,1,3,3,0.5
2026-04-21,ORD-94567,Chicken Wings,Appetizers,2,10,20,8.0
2026-04-21,ORD-59871,Caesar Salad,Salads,3,12,36,12.0
2026-04-21,ORD-35066,Tiramisu,Desserts,3,8,24,9.0
2026-04-21,ORD-71868,French Fries,Sides,3,5,15,4.5
2026-04-21,ORD-53572,Pepperoni Pizza,Pizza,3,18,54,18.0
2026-04-21,ORD-63706,Margherita Pizza,Pizza,5,15,75,25.0
2026-04-21,ORD-21173,Beef Burger,Burgers,2,14,28,12.0
2026-04-21,ORD-89005,Chicken Wings,Appetizers,3,10,30,12.0
2026-04-21,ORD-99274,Coffee,Drinks,2,4,8,2.0
2026-04-21,ORD-22136,French Fries,Sides,3,5,15,4.5
2026-04-21,ORD-35373,Caesar Salad,Salads,1,12,12,4.0
2026-04-21,ORD-20370,Margherita Pizza,Pizza,5,15,75,25.0
2026-04-21,ORD-78584,Bruschetta,Appetizers,1,7,7,2.5
2026-04-21,ORD-67772,Beef Burger,Burgers,3,14,42,18.0
2026-04-21,ORD-23619,Margherita Pizza,Pizza,4,15,60,20.0
2026-04-21,ORD-26610,Chicken Wings,Appetizers,1,10,10,4.0
2026-04-21,ORD-20630,Pepperoni Pizza,Pizza,1,18,18,6.0
2026-04-21,ORD-77832,Coffee,Drinks,1,4,4,1.0
2026-04-21,ORD-35559,Soda,Drinks,1,3,3,0.5
2026-04-21,ORD-75421,Soda,Drinks,3,3,9,1.5
2026-04-21,ORD-14252,French Fries,Sides,3,5,15,4.5
2026-04-21,ORD-93371,Chicken Wings,Appetizers,1,10,10,4.0
2026-04-21,ORD-24253,Chicken Wings,Appetizers,2,10,20,8.0
2026-04-21,ORD-59834,Chicken Wings,Appetizers,2,10,20,8.0
2026-04-21,ORD-39248,Caesar Salad,Salads,2,12,24,8.0
2026-04-21,ORD-44926,Chicken Wings,Appetizers,3,10,30,12.0
2026-04-21,ORD-12940,Pepperoni Pizza,Pizza,1,18,18,6.0
2026-04-21,ORD-79769,Beef Burger,Burgers,1,14,14,6.0
2026-04-21,ORD-29710,Tiramisu,Desserts,2,8,16,6.0
2026-04-21,ORD-42868,Tiramisu,Desserts,3,8,24,9.0
2026-04-22,ORD-97536,Margherita Pizza,Pizza,4,15,60,20.0
2026-04-22,ORD-27370,Margherita Pizza,Pizza,2,15,30,10.0
2026-04-22,ORD-33235,French Fries,Sides,3,5,15,4.5
2026-04-22,ORD-37855,Margherita Pizza,Pizza,3,15,45,15.0
2026-04-22,ORD-19461,Tiramisu,Desserts,3,8,24,9.0
2026-04-22,ORD-96696,Coffee,Drinks,2,4,8,2.0
2026-04-22,ORD-58775,French Fries,Sides,1,5,5,1.5
2026-04-22,ORD-92752,Coffee,Drinks,3,4,12,3.0
2026-04-22,ORD-77264,Coffee,Drinks,2,4,8,2.0
2026-04-22,ORD-30771,Margherita Pizza,Pizza,5,15,75,25.0
2026-04-22,ORD-25217,Soda,Drinks,3,3,9,1.5
2026-04-22,ORD-69503,Pepperoni Pizza,Pizza,2,18,36,12.0
2026-04-22,ORD-15818,Soda,Drinks,2,3,6,1.0
2026-04-22,ORD-68404,Chicken Wings,Appetizers,3,10,30,12.0
2026-04-22,ORD-22952,Coffee,Drinks,2,4,8,2.0
2026-04-22,ORD-47105,Chicken Wings,Appetizers,2,10,20,8.0
2026-04-22,ORD-96466,Tiramisu,Desserts,3,8,24,9.0
2026-04-22,ORD-72447,Pepperoni Pizza,Pizza,2,18,36,12.0
2026-04-22,ORD-62380,Pepperoni Pizza,Pizza,2,18,36,12.0
2026-04-22,ORD-87798,Caesar Salad,Salads,3,12,36,12.0
2026-04-22,ORD-65895,Pepperoni Pizza,Pizza,2,18,36,12.0
2026-04-22,ORD-58869,French Fries,Sides,3,5,15,4.5
2026-04-22,ORD-58114,Coffee,Drinks,3,4,12,3.0
2026-04-22,ORD-46251,Soda,Drinks,1,3,3,0.5
2026-04-22,ORD-72492,Soda,Drinks,3,3,9,1.5
2026-04-22,ORD-20069,Caesar Salad,Salads,2,12,24,8.0
2026-04-22,ORD-83351,Chicken Wings,Appetizers,3,10,30,12.0
2026-04-22,ORD-23266,Margherita Pizza,Pizza,4,15,60,20.0
2026-04-22,ORD-30964,Tiramisu,Desserts,3,8,24,9.0
2026-04-22,ORD-10699,Coffee,Drinks,1,4,4,1.0
2026-04-22,ORD-59755,Margherita Pizza,Pizza,3,15,45,15.0
2026-04-22,ORD-24560,Pepperoni Pizza,Pizza,1,18,18,6.0
2026-04-22,ORD-86930,Caesar Salad,Salads,2,12,24,8.0
2026-04-22,ORD-91641,Tiramisu,Desserts,1,8,8,3.0
2026-04-22,ORD-68626,Soda,Drinks,3,3,9,1.5
2026-04-22,ORD-20823,Margherita Pizza,Pizza,4,15,60,20.0
2026-04-22,ORD-59415,Pepperoni Pizza,Pizza,1,18,18,6.0
2026-04-22,ORD-78831,Caesar Salad,Salads,3,12,36,12.0
2026-04-22,ORD-32259,Coffee,Drinks,3,4,12,3.0
2026-04-22,ORD-90873,Tiramisu,Desserts,1,8,8,3.0
2026-04-22,ORD-86480,French Fries,Sides,1,5,5,1.5
2026-04-22,ORD-34385,Margherita Pizza,Pizza,2,15,30,10.0
2026-04-22,ORD-85220,Margherita Pizza,Pizza,4,15,60,20.0
2026-04-22,ORD-91664,Pepperoni Pizza,Pizza,1,18,18,6.0
2026-04-22,ORD-72232,French Fries,Sides,3,5,15,4.5
2026-04-22,ORD-41782,Coffee,Drinks,1,4,4,1.0
2026-04-22,ORD-66995,Soda,Drinks,3,3,9,1.5
2026-04-22,ORD-84329,Tiramisu,Desserts,2,8,16,6.0
2026-04-22,ORD-36954,Beef Burger,Burgers,1,14,14,6.0
2026-04-22,ORD-17485,Pepperoni Pizza,Pizza,1,18,18,6.0
2026-04-22,ORD-72406,Pepperoni Pizza,Pizza,1,18,18,6.0
2026-04-22,ORD-68158,Chicken Wings,Appetizers,3,10,30,12.0
2026-04-22,ORD-75590,Coffee,Drinks,2,4,8,2.0
2026-04-23,ORD-26515,Tiramisu,Desserts,2,8,16,6.0
2026-04-23,ORD-13448,Pepperoni Pizza,Pizza,1,18,18,6.0
2026-04-23,ORD-96420,Pepperoni Pizza,Pizza,1,18,18,6.0
2026-04-23,ORD-39143,Pepperoni Pizza,Pizza,2,18,36,12.0
2026-04-23,ORD-24978,Tiramisu,Desserts,3,8,24,9.0
2026-04-23,ORD-37901,Soda,Drinks,1,3,3,0.5
2026-04-23,ORD-49701,Beef Burger,Burgers,2,14,28,12.0
2026-04-23,ORD-31715,Pepperoni Pizza,Pizza,3,18,54,18.0
2026-04-23,ORD-55722,French Fries,Sides,3,5,15,4.5
2026-04-23,ORD-64454,Beef Burger,Burgers,2,14,28,12.0
2026-04-23,ORD-25492,Beef Burger,Burgers,1,14,14,6.0
2026-04-23,ORD-25578,Margherita Pizza,Pizza,3,15,45,15.0
2026-04-23,ORD-41263,Caesar Salad,Salads,1,12,12,4.0
2026-04-23,ORD-58943,Soda,Drinks,1,3,3,0.5
2026-04-23,ORD-78258,Tiramisu,Desserts,2,8,16,6.0
2026-04-23,ORD-73315,Chicken Wings,Appetizers,2,10,20,8.0
2026-04-23,ORD-84098,Caesar Salad,Salads,2,12,24,8.0
2026-04-23,ORD-26709,Margherita Pizza,Pizza,2,15,30,10.0
2026-04-23,ORD-69037,Margherita Pizza,Pizza,2,15,30,10.0
2026-04-23,ORD-79853,Margherita Pizza,Pizza,2,15,30,10.0
2026-04-23,ORD-69766,Beef Burger,Burgers,3,14,42,18.0
2026-04-23,ORD-25360,Soda,Drinks,1,3,3,0.5
2026-04-23,ORD-10409,Pepperoni Pizza,Pizza,2,18,36,12.0
2026-04-23,ORD-64718,Chicken Wings,Appetizers,1,10,10,4.0
2026-04-23,ORD-81712,Bruschetta,Appetizers,1,7,7,2.5
2026-04-23,ORD-77131,Caesar Salad,Salads,2,12,24,8.0
2026-04-23,ORD-31442,Caesar Salad,Salads,1,12,12,4.0
2026-04-23,ORD-49724,Pepperoni Pizza,Pizza,1,18,18,6.0
2026-04-23,ORD-40184,Chicken Wings,Appetizers,3,10,30,12.0
2026-04-23,ORD-95507,Margherita Pizza,Pizza,4,15,60,20.0
2026-04-23,ORD-79888,Caesar Salad,Salads,1,12,12,4.0
2026-04-23,ORD-14813,Tiramisu,Desserts,1,8,8,3.0
2026-04-23,ORD-59076,Beef Burger,Burgers,3,14,42,18.0
2026-04-23,ORD-41210,Chicken Wings,Appetizers,2,10,20,8.0
2026-04-23,ORD-29502,Coffee,Drinks,1,4,4,1.0
2026-04-23,ORD-57202,Soda,Drinks,1,3,3,0.5
2026-04-23,ORD-81391,Caesar Salad,Salads,3,12,36,12.0
2026-04-23,ORD-13049,Soda,Drinks,2,3,6,1.0
2026-04-23,ORD-77609,Chicken Wings,Appetizers,3,10,30,12.0
2026-04-24,ORD-26109,Soda,Drinks,2,3,6,1.0
2026-04-24,ORD-64092,Beef Burger,Burgers,3,14,42,18.0
2026-04-24,ORD-34936,Soda,Drinks,1,3,3,0.5
2026-04-24,ORD-34584,French Fries,Sides,2,5,10,3.0
2026-04-24,ORD-92032,French Fries,Sides,1,5,5,1.5
2026-04-24,ORD-78253,Chicken Wings,Appetizers,2,10,20,8.0
2026-04-24,ORD-49744,Pepperoni Pizza,Pizza,1,18,18,6.0
2026-04-24,ORD-10322,Beef Burger,Burgers,2,14,28,12.0
2026-04-24,ORD-48120,Chicken Wings,Appetizers,1,10,10,4.0
2026-04-24,ORD-71195,Soda,Drinks,3,3,9,1.5
2026-04-24,ORD-68896,French Fries,Sides,1,5,5,1.5
2026-04-24,ORD-81011,Pepperoni Pizza,Pizza,1,18,18,6.0
2026-04-24,ORD-72052,Soda,Drinks,3,3,9,1.5
2026-04-24,ORD-97872,Caesar Salad,Salads,2,12,24,8.0
2026-04-24,ORD-58262,Beef Burger,Burgers,2,14,28,12.0
2026-04-24,ORD-37332,Chicken Wings,Appetizers,1,10,10,4.0
2026-04-24,ORD-53264,Bruschetta,Appetizers,1,7,7,2.5
2026-04-24,ORD-92585,Coffee,Drinks,1,4,4,1.0
2026-04-24,ORD-66241,Margherita Pizza,Pizza,2,15,30,10.0
2026-04-24,ORD-55524,Beef Burger,Burgers,3,14,42,18.0
2026-04-24,ORD-14500,Tiramisu,Desserts,3,8,24,9.0
2026-04-24,ORD-51570,Beef Burger,Burgers,2,14,28,12.0
2026-04-24,ORD-63121,French Fries,Sides,1,5,5,1.5
2026-04-24,ORD-81186,Tiramisu,Desserts,3,8,24,9.0
2026-04-24,ORD-24274,Soda,Drinks,1,3,3,0.5
2026-04-24,ORD-99836,Bruschetta,Appetizers,1,7,7,2.5
2026-04-24,ORD-98532,Pepperoni Pizza,Pizza,1,18,18,6.0
2026-04-24,ORD-24426,Margherita Pizza,Pizza,2,15,30,10.0
2026-04-24,ORD-14291,Soda,Drinks,3,3,9,1.5
2026-04-24,ORD-35562,Bruschetta,Appetizers,1,7,7,2.5
2026-04-24,ORD-37251,Tiramisu,Desserts,2,8,16,6.0
2026-04-24,ORD-73244,Coffee,Drinks,1,4,4,1.0
2026-04-24,ORD-18727,Margherita Pizza,Pizza,4,15,60,20.0
2026-04-24,ORD-26436,Pepperoni Pizza,Pizza,1,18,18,6.0
2026-04-24,ORD-41582,Soda,Drinks,3,3,9,1.5
2026-04-24,ORD-91461,Chicken Wings,Appetizers,2,10,20,8.0
2026-04-24,ORD-13218,Coffee,Drinks,3,4,12,3.0
2026-04-24,ORD-43312,French Fries,Sides,1,5,5,1.5
2026-04-24,ORD-86009,Chicken Wings,Appetizers,3,10,30,12.0
2026-04-24,ORD-90749,Chicken Wings,Appetizers,3,10,30,12.0
2026-04-24,ORD-59663,Chicken Wings,Appetizers,1,10,10,4.0
2026-04-24,ORD-91850,Beef Burger,Burgers,2,14,28,12.0
2026-04-24,ORD-88042,Coffee,Drinks,1,4,4,1.0
2026-04-24,ORD-33502,Chicken Wings,Appetizers,3,10,30,12.0
2026-04-24,ORD-67589,Coffee,Drinks,3,4,12,3.0
2026-04-24,ORD-54785,Coffee,Drinks,3,4,12,3.0
2026-04-24,ORD-22130,French Fries,Sides,3,5,15,4.5
2026-04-24,ORD-11953,Beef Burger,Burgers,1,14,14,6.0
2026-04-24,ORD-87736,French Fries,Sides,3,5,15,4.5
2026-04-24,ORD-40699,Tiramisu,Desserts,2,8,16,6.0
2026-04-24,ORD-21875,Coffee,Drinks,1,4,4,1.0
2026-04-24,ORD-81592,French Fries,Sides,1,5,5,1.5
2026-04-24,ORD-44273,Margherita Pizza,Pizza,5,15,75,25.0
2026-04-24,ORD-89762,French Fries,Sides,3,5,15,4.5
2026-04-24,ORD-22986,Margherita Pizza,Pizza,4,15,60,20.0
2026-04-24,ORD-44757,Pepperoni Pizza,Pizza,1,18,18,6.0
2026-04-24,ORD-90949,Beef Burger,Burgers,1,14,14,6.0
2026-04-24,ORD-65499,Margherita Pizza,Pizza,4,15,60,20.0
2026-04-24,ORD-75912,Coffee,Drinks,3,4,12,3.0
2026-04-24,ORD-61451,Margherita Pizza,Pizza,2,15,30,10.0
2026-04-24,ORD-29067,Caesar Salad,Salads,1,12,12,4.0
2026-04-24,ORD-36526,Beef Burger,Burgers,1,14,14,6.0
2026-04-24,ORD-99819,Chicken Wings,Appetizers,3,10,30,12.0
2026-04-24,ORD-44605,Margherita Pizza,Pizza,3,15,45,15.0
2026-04-24,ORD-37588,Margherita Pizza,Pizza,2,15,30,10.0
2026-04-24,ORD-55818,Margherita Pizza,Pizza,3,15,45,15.0
2026-04-24,ORD-22631,Chicken Wings,Appetizers,1,10,10,4.0
2026-04-24,ORD-34966,Caesar Salad,Salads,1,12,12,4.0
2026-04-24,ORD-88811,Caesar Salad,Salads,2,12,24,8.0
2026-04-24,ORD-39847,Tiramisu,Desserts,1,8,8,3.0
2026-04-24,ORD-88942,Coffee,Drinks,3,4,12,3.0
2026-04-24,ORD-95281,Pepperoni Pizza,Pizza,2,18,36,12.0
2026-04-24,ORD-51884,Chicken Wings,Appetizers,3,10,30,12.0
2026-04-24,ORD-40462,Soda,Drinks,1,3,3,0.5
2026-04-24,ORD-87591,Chicken Wings,Appetizers,1,10,10,4.0
2026-04-24,ORD-53407,Tiramisu,Desserts,1,8,8,3.0
2026-04-24,ORD-34589,Pepperoni Pizza,Pizza,3,18,54,18.0
2026-04-24,ORD-99475,Pepperoni Pizza,Pizza,1,18,18,6.0
2026-04-24,ORD-95846,Margherita Pizza,Pizza,2,15,30,10.0
2026-04-24,ORD-35312,Margherita Pizza,Pizza,4,15,60,20.0
2026-04-24,ORD-70320,Chicken Wings,Appetizers,1,10,10,4.0
2026-04-24,ORD-57967,Chicken Wings,Appetizers,2,10,20,8.0
2026-04-24,ORD-44345,Coffee,Drinks,1,4,4,1.0
2026-04-24,ORD-80495,Soda,Drinks,1,3,3,0.5
2026-04-24,ORD-46855,Caesar Salad,Salads,3,12,36,12.0
2026-04-24,ORD-12263,Pepperoni Pizza,Pizza,3,18,54,18.0
2026-04-24,ORD-78265,Margherita Pizza,Pizza,3,15,45,15.0
2026-04-24,ORD-29921,Caesar Salad,Salads,2,12,24,8.0
2026-04-24,ORD-13307,Beef Burger,Burgers,2,14,28,12.0
2026-04-24,ORD-36204,Caesar Salad,Salads,3,12,36,12.0
2026-04-24,ORD-69390,Caesar Salad,Salads,3,12,36,12.0
2026-04-24,ORD-26528,Coffee,Drinks,3,4,12,3.0
2026-04-25,ORD-25231,French Fries,Sides,2,5,10,3.0
2026-04-25,ORD-36299,Caesar Salad,Salads,2,12,24,8.0
2026-04-25,ORD-65365,Coffee,Drinks,3,4,12,3.0
2026-04-25,ORD-34188,French Fries,Sides,3,5,15,4.5
2026-04-25,ORD-17106,Coffee,Drinks,2,4,8,2.0
2026-04-25,ORD-47631,Soda,Drinks,3,3,9,1.5
2026-04-25,ORD-69672,Beef Burger,Burgers,2,14,28,12.0
2026-04-25,ORD-34272,Beef Burger,Burgers,2,14,28,12.0
2026-04-25,ORD-88678,Chicken Wings,Appetizers,2,10,20,8.0
2026-04-25,ORD-92194,Chicken Wings,Appetizers,3,10,30,12.0
2026-04-25,ORD-12075,French Fries,Sides,3,5,15,4.5
2026-04-25,ORD-89078,Tiramisu,Desserts,1,8,8,3.0
2026-04-25,ORD-69225,Chicken Wings,Appetizers,2,10,20,8.0
2026-04-25,ORD-59518,French Fries,Sides,2,5,10,3.0
2026-04-25,ORD-22119,French Fries,Sides,1,5,5,1.5
2026-04-25,ORD-77532,Tiramisu,Desserts,1,8,8,3.0
2026-04-25,ORD-38290,Chicken Wings,Appetizers,2,10,20,8.0
2026-04-25,ORD-17556,Tiramisu,Desserts,2,8,16,6.0
2026-04-25,ORD-51556,Tiramisu,Desserts,1,8,8,3.0
2026-04-25,ORD-21208,Tiramisu,Desserts,2,8,16,6.0
2026-04-25,ORD-46463,Caesar Salad,Salads,3,12,36,12.0
2026-04-25,ORD-91674,Margherita Pizza,Pizza,2,15,30,10.0
2026-04-25,ORD-46393,Chicken Wings,Appetizers,2,10,20,8.0
2026-04-25,ORD-29584,Chicken Wings,Appetizers,2,10,20,8.0
2026-04-25,ORD-31785,Caesar Salad,Salads,3,12,36,12.0
2026-04-25,ORD-77523,Chicken Wings,Appetizers,3,10,30,12.0
2026-04-25,ORD-94217,Tiramisu,Desserts,1,8,8,3.0
2026-04-25,ORD-92028,Margherita Pizza,Pizza,2,15,30,10.0
2026-04-25,ORD-35534,Beef Burger,Burgers,3,14,42,18.0
2026-04-25,ORD-10248,French Fries,Sides,3,5,15,4.5
2026-04-25,ORD-68917,Beef Burger,Burgers,1,14,14,6.0
2026-04-25,ORD-51096,French Fries,Sides,1,5,5,1.5
2026-04-25,ORD-13601,Margherita Pizza,Pizza,3,15,45,15.0
2026-04-25,ORD-49231,Caesar Salad,Salads,1,12,12,4.0
2026-04-25,ORD-95276,Margherita Pizza,Pizza,5,15,75,25.0
2026-04-25,ORD-46056,French Fries,Sides,3,5,15,4.5
2026-04-25,ORD-47053,French Fries,Sides,2,5,10,3.0
2026-04-25,ORD-21404,French Fries,Sides,2,5,10,3.0
2026-04-25,ORD-80980,Margherita Pizza,Pizza,3,15,45,15.0
2026-04-25,ORD-97438,Margherita Pizza,Pizza,5,15,75,25.0
2026-04-25,ORD-10678,Beef Burger,Burgers,2,14,28,12.0
2026-04-25,ORD-72169,Caesar Salad,Salads,2,12,24,8.0
2026-04-25,ORD-84409,Caesar Salad,Salads,2,12,24,8.0
2026-04-25,ORD-56801,Chicken Wings,Appetizers,3,10,30,12.0
2026-04-25,ORD-67896,Coffee,Drinks,2,4,8,2.0
2026-04-25,ORD-68907,Soda,Drinks,3,3,9,1.5
2026-04-25,ORD-29372,Beef Burger,Burgers,1,14,14,6.0
2026-04-25,ORD-73013,Chicken Wings,Appetizers,2,10,20,8.0
2026-04-25,ORD-47602,Tiramisu,Desserts,3,8,24,9.0
2026-04-25,ORD-84191,Chicken Wings,Appetizers,2,10,20,8.0
2026-04-25,ORD-39277,Soda,Drinks,2,3,6,1.0
2026-04-25,ORD-17583,Margherita Pizza,Pizza,3,15,45,15.0
2026-04-25,ORD-23968,Beef Burger,Burgers,3,14,42,18.0
2026-04-25,ORD-16002,Beef Burger,Burgers,3,14,42,18.0
2026-04-25,ORD-42204,Soda,Drinks,2,3,6,1.0
2026-04-25,ORD-74527,Chicken Wings,Appetizers,1,10,10,4.0
2026-04-25,ORD-96107,Caesar Salad,Salads,3,12,36,12.0
2026-04-25,ORD-38852,Caesar Salad,Salads,3,12,36,12.0
2026-04-25,ORD-53355,French Fries,Sides,3,5,15,4.5
2026-04-25,ORD-48625,Soda,Drinks,3,3,9,1.5
2026-04-25,ORD-52933,Soda,Drinks,1,3,3,0.5
2026-04-25,ORD-75683,Pepperoni Pizza,Pizza,1,18,18,6.0
2026-04-25,ORD-41555,Chicken Wings,Appetizers,2,10,20,8.0
2026-04-25,ORD-53481,Coffee,Drinks,2,4,8,2.0
2026-04-25,ORD-90947,French Fries,Sides,1,5,5,1.5
2026-04-25,ORD-58053,Caesar Salad,Salads,2,12,24,8.0
2026-04-25,ORD-74416,Beef Burger,Burgers,3,14,42,18.0
2026-04-25,ORD-19092,French Fries,Sides,3,5,15,4.5
2026-04-25,ORD-61771,French Fries,Sides,2,5,10,3.0
2026-04-25,ORD-81234,Beef Burger,Burgers,3,14,42,18.0
2026-04-25,ORD-70543,Margherita Pizza,Pizza,3,15,45,15.0
2026-04-25,ORD-42569,Beef Burger,Burgers,3,14,42,18.0
2026-04-25,ORD-82113,Caesar Salad,Salads,3,12,36,12.0
2026-04-25,ORD-10844,Tiramisu,Desserts,1,8,8,3.0
2026-04-25,ORD-31028,Beef Burger,Burgers,1,14,14,6.0
2026-04-25,ORD-45378,Coffee,Drinks,3,4,12,3.0
2026-04-25,ORD-82986,Caesar Salad,Salads,1,12,12,4.0
2026-04-25,ORD-89038,Margherita Pizza,Pizza,2,15,30,10.0
2026-04-25,ORD-45999,Margherita Pizza,Pizza,2,15,30,10.0
2026-04-25,ORD-21253,Beef Burger,Burgers,2,14,28,12.0
2026-04-25,ORD-53616,Soda,Drinks,3,3,9,1.5
2026-04-25,ORD-27187,Caesar Salad,Salads,3,12,36,12.0
2026-04-25,ORD-82591,Coffee,Drinks,2,4,8,2.0
2026-04-25,ORD-80716,Bruschetta,Appetizers,1,7,7,2.5
2026-04-25,ORD-76720,Margherita Pizza,Pizza,2,15,30,10.0
2026-04-25,ORD-88052,French Fries,Sides,3,5,15,4.5
2026-04-25,ORD-34029,Margherita Pizza,Pizza,3,15,45,15.0
2026-04-25,ORD-76525,Caesar Salad,Salads,1,12,12,4.0
2026-04-25,ORD-63334,Beef Burger,Burgers,1,14,14,6.0
2026-04-25,ORD-52629,Bruschetta,Appetizers,1,7,7,2.5
2026-04-25,ORD-22480,French Fries,Sides,1,5,5,1.5
2026-04-25,ORD-45781,Coffee,Drinks,1,4,4,1.0
2026-04-25,ORD-86742,Soda,Drinks,2,3,6,1.0
2026-04-25,ORD-10993,Margherita Pizza,Pizza,3,15,45,15.0
2026-04-25,ORD-18695,Chicken Wings,Appetizers,1,10,10,4.0
2026-04-25,ORD-65365,Caesar Salad,Salads,1,12,12,4.0
2026-04-25,ORD-31799,Beef Burger,Burgers,2,14,28,12.0
2026-04-25,ORD-63973,Caesar Salad,Salads,3,12,36,12.0
2026-04-25,ORD-68619,Soda,Drinks,3,3,9,1.5
2026-04-25,ORD-43436,Beef Burger,Burgers,3,14,42,18.0
2026-04-25,ORD-74158,Tiramisu,Desserts,3,8,24,9.0
2026-04-25,ORD-27220,Soda,Drinks,3,3,9,1.5
2026-04-25,ORD-74902,Pepperoni Pizza,Pizza,1,18,18,6.0
2026-04-25,ORD-28474,Tiramisu,Desserts,2,8,16,6.0
2026-04-25,ORD-10772,Coffee,Drinks,2,4,8,2.0
2026-04-25,ORD-22800,Soda,Drinks,1,3,3,0.5
2026-04-25,ORD-32823,Pepperoni Pizza,Pizza,1,18,18,6.0
2026-04-25,ORD-51013,Coffee,Drinks,3,4,12,3.0
2026-04-25,ORD-87465,French Fries,Sides,1,5,5,1.5
2026-04-25,ORD-41910,Pepperoni Pizza,Pizza,1,18,18,6.0
2026-04-25,ORD-33058,Soda,Drinks,3,3,9,1.5
2026-04-25,ORD-79453,Coffee,Drinks,3,4,12,3.0
2026-04-25,ORD-67788,Tiramisu,Desserts,1,8,8,3.0
2026-04-25,ORD-58614,Beef Burger,Burgers,2,14,28,12.0
2026-04-25,ORD-88932,Tiramisu,Desserts,2,8,16,6.0
2026-04-25,ORD-75598,Caesar Salad,Salads,3,12,36,12.0
2026-04-25,ORD-25993,French Fries,Sides,1,5,5,1.5
2026-04-25,ORD-82264,Pepperoni Pizza,Pizza,1,18,18,6.0
2026-04-26,ORD-70489,Pepperoni Pizza,Pizza,2,18,36,12.0
2026-04-26,ORD-51685,Tiramisu,Desserts,3,8,24,9.0
2026-04-26,ORD-10719,Chicken Wings,Appetizers,1,10,10,4.0
2026-04-26,ORD-54282,French Fries,Sides,2,5,10,3.0
2026-04-26,ORD-62643,Pepperoni Pizza,Pizza,3,18,54,18.0
2026-04-26,ORD-11042,Pepperoni Pizza,Pizza,3,18,54,18.0
2026-04-26,ORD-20948,Margherita Pizza,Pizza,3,15,45,15.0
2026-04-26,ORD-53899,Coffee,Drinks,3,4,12,3.0
2026-04-26,ORD-82349,Caesar Salad,Salads,2,12,24,8.0
2026-04-26,ORD-12245,Chicken Wings,Appetizers,3,10,30,12.0
2026-04-26,ORD-50137,French Fries,Sides,2,5,10,3.0
2026-04-26,ORD-79159,Chicken Wings,Appetizers,2,10,20,8.0
2026-04-26,ORD-13834,Tiramisu,Desserts,3,8,24,9.0
2026-04-26,ORD-42140,Caesar Salad,Salads,3,12,36,12.0
2026-04-26,ORD-52628,Caesar Salad,Salads,1,12,12,4.0
2026-04-26,ORD-65047,Pepperoni Pizza,Pizza,2,18,36,12.0
2026-04-26,ORD-29635,Caesar Salad,Salads,3,12,36,12.0
2026-04-26,ORD-42086,Coffee,Drinks,3,4,12,3.0
2026-04-26,ORD-43511,Margherita Pizza,Pizza,4,15,60,20.0
2026-04-26,ORD-13460,Tiramisu,Desserts,3,8,24,9.0
2026-04-26,ORD-56961,Beef Burger,Burgers,2,14,28,12.0
2026-04-26,ORD-76604,Chicken Wings,Appetizers,2,10,20,8.0
2026-04-26,ORD-96332,Tiramisu,Desserts,3,8,24,9.0
2026-04-26,ORD-42438,Margherita Pizza,Pizza,3,15,45,15.0
2026-04-26,ORD-11101,Soda,Drinks,3,3,9,1.5
2026-04-26,ORD-50960,French Fries,Sides,1,5,5,1.5
2026-04-26,ORD-76755,Coffee,Drinks,3,4,12,3.0
2026-04-26,ORD-70708,Coffee,Drinks,2,4,8,2.0
2026-04-26,ORD-33878,Soda,Drinks,1,3,3,0.5
2026-04-26,ORD-40885,Coffee,Drinks,3,4,12,3.0
2026-04-26,ORD-90588,Pepperoni Pizza,Pizza,3,18,54,18.0
2026-04-26,ORD-47013,Pepperoni Pizza,Pizza,2,18,36,12.0
2026-04-26,ORD-73280,Chicken Wings,Appetizers,2,10,20,8.0
2026-04-26,ORD-98824,Caesar Salad,Salads,2,12,24,8.0
2026-04-26,ORD-16347,Chicken Wings,Appetizers,1,10,10,4.0
2026-04-26,ORD-12637,Beef Burger,Burgers,2,14,28,12.0
2026-04-26,ORD-88909,Caesar Salad,Salads,1,12,12,4.0
2026-04-26,ORD-25707,Beef Burger,Burgers,1,14,14,6.0
2026-04-26,ORD-31204,Coffee,Drinks,2,4,8,2.0
2026-04-26,ORD-11614,Beef Burger,Burgers,2,14,28,12.0
2026-04-26,ORD-11476,Chicken Wings,Appetizers,3,10,30,12.0
2026-04-26,ORD-12790,Margherita Pizza,Pizza,3,15,45,15.0
2026-04-26,ORD-44767,Caesar Salad,Salads,2,12,24,8.0
2026-04-26,ORD-13759,Tiramisu,Desserts,2,8,16,6.0
2026-04-26,ORD-94211,Beef Burger,Burgers,3,14,42,18.0
2026-04-26,ORD-61747,Chicken Wings,Appetizers,1,10,10,4.0
2026-04-26,ORD-64928,Caesar Salad,Salads,1,12,12,4.0
2026-04-26,ORD-33254,Pepperoni Pizza,Pizza,3,18,54,18.0
2026-04-26,ORD-20698,Bruschetta,Appetizers,1,7,7,2.5
2026-04-26,ORD-86540,Chicken Wings,Appetizers,1,10,10,4.0
2026-04-26,ORD-16576,Caesar Salad,Salads,1,12,12,4.0
2026-04-26,ORD-63150,Tiramisu,Desserts,3,8,24,9.0
2026-04-26,ORD-75493,Bruschetta,Appetizers,1,7,7,2.5
2026-04-26,ORD-96829,Caesar Salad,Salads,1,12,12,4.0
2026-04-26,ORD-86395,Chicken Wings,Appetizers,3,10,30,12.0
2026-04-26,ORD-23136,Margherita Pizza,Pizza,5,15,75,25.0
2026-04-26,ORD-18492,Tiramisu,Desserts,3,8,24,9.0
2026-04-26,ORD-26275,Bruschetta,Appetizers,1,7,7,2.5
2026-04-26,ORD-80809,Soda,Drinks,3,3,9,1.5
2026-04-26,ORD-90408,French Fries,Sides,1,5,5,1.5
2026-04-26,ORD-98621,Beef Burger,Burgers,1,14,14,6.0
2026-04-26,ORD-14813,Beef Burger,Burgers,3,14,42,18.0
2026-04-26,ORD-72290,Beef Burger,Burgers,3,14,42,18.0
2026-04-26,ORD-33488,Chicken Wings,Appetizers,2,10,20,8.0
2026-04-26,ORD-83458,Chicken Wings,Appetizers,2,10,20,8.0
2026-04-26,ORD-81643,Beef Burger,Burgers,3,14,42,18.0
2026-04-26,ORD-74671,Soda,Drinks,3,3,9,1.5
2026-04-26,ORD-78776,Beef Burger,Burgers,3,14,42,18.0
2026-04-26,ORD-81425,Tiramisu,Desserts,3,8,24,9.0
2026-04-26,ORD-61640,Beef Burger,Burgers,1,14,14,6.0
2026-04-26,ORD-74847,Chicken Wings,Appetizers,2,10,20,8.0
2026-04-26,ORD-66434,Coffee,Drinks,2,4,8,2.0
2026-04-26,ORD-42267,Tiramisu,Desserts,2,8,16,6.0
2026-04-26,ORD-77981,Bruschetta,Appetizers,1,7,7,2.5
2026-04-26,ORD-83821,Margherita Pizza,Pizza,3,15,45,15.0
2026-04-26,ORD-28951,Chicken Wings,Appetizers,3,10,30,12.0
2026-04-26,ORD-17818,Tiramisu,Desserts,1,8,8,3.0
2026-04-26,ORD-50397,Beef Burger,Burgers,2,14,28,12.0
2026-04-27,ORD-64778,Margherita Pizza,Pizza,4,15,60,20.0
2026-04-27,ORD-74190,Margherita Pizza,Pizza,5,15,75,25.0
2026-04-27,ORD-85378,Margherita Pizza,Pizza,2,15,30,10.0
2026-04-27,ORD-85750,Pepperoni Pizza,Pizza,1,18,18,6.0
2026-04-27,ORD-34123,Beef Burger,Burgers,1,14,14,6.0
2026-04-27,ORD-75284,Pepperoni Pizza,Pizza,1,18,18,6.0
2026-04-27,ORD-83637,Tiramisu,Desserts,2,8,16,6.0
2026-04-27,ORD-72142,French Fries,Sides,1,5,5,1.5
2026-04-27,ORD-42605,Tiramisu,Desserts,2,8,16,6.0
2026-04-27,ORD-62406,Caesar Salad,Salads,3,12,36,12.0
2026-04-27,ORD-38468,Chicken Wings,Appetizers,2,10,20,8.0
2026-04-27,ORD-34115,Tiramisu,Desserts,3,8,24,9.0
2026-04-27,ORD-72418,Margherita Pizza,Pizza,3,15,45,15.0
2026-04-27,ORD-98917,Soda,Drinks,1,3,3,0.5
2026-04-27,ORD-49208,Bruschetta,Appetizers,1,7,7,2.5
2026-04-27,ORD-55105,Beef Burger,Burgers,2,14,28,12.0
2026-04-27,ORD-58061,Margherita Pizza,Pizza,3,15,45,15.0
2026-04-27,ORD-20220,Beef Burger,Burgers,1,14,14,6.0
2026-04-27,ORD-21178,Pepperoni Pizza,Pizza,1,18,18,6.0
2026-04-27,ORD-42506,Tiramisu,Desserts,1,8,8,3.0
2026-04-27,ORD-29182,Beef Burger,Burgers,1,14,14,6.0
2026-04-27,ORD-55544,Chicken Wings,Appetizers,1,10,10,4.0
2026-04-27,ORD-68190,Margherita Pizza,Pizza,5,15,75,25.0
2026-04-27,ORD-53197,Beef Burger,Burgers,2,14,28,12.0
2026-04-27,ORD-79065,Chicken Wings,Appetizers,3,10,30,12.0
2026-04-27,ORD-74824,Beef Burger,Burgers,3,14,42,18.0
2026-04-27,ORD-69761,Margherita Pizza,Pizza,3,15,45,15.0
2026-04-27,ORD-12309,Pepperoni Pizza,Pizza,1,18,18,6.0
2026-04-27,ORD-15496,Beef Burger,Burgers,2,14,28,12.0
2026-04-27,ORD-46424,Margherita Pizza,Pizza,3,15,45,15.0
2026-04-27,ORD-31829,Caesar Salad,Salads,3,12,36,12.0
2026-04-27,ORD-27262,Beef Burger,Burgers,3,14,42,18.0
2026-04-27,ORD-68794,Soda,Drinks,1,3,3,0.5
2026-04-27,ORD-75601,French Fries,Sides,2,5,10,3.0
2026-04-27,ORD-42872,Beef Burger,Burgers,2,14,28,12.0
2026-04-27,ORD-68256,Pepperoni Pizza,Pizza,2,18,36,12.0
2026-04-27,ORD-50187,Beef Burger,Burgers,1,14,14,6.0
2026-04-27,ORD-19137,Caesar Salad,Salads,1,12,12,4.0
2026-04-27,ORD-99504,Margherita Pizza,Pizza,2,15,30,10.0
2026-04-27,ORD-79615,Beef Burger,Burgers,2,14,28,12.0
2026-04-27,ORD-15337,Bruschetta,Appetizers,1,7,7,2.5
2026-04-27,ORD-19795,Chicken Wings,Appetizers,2,10,20,8.0
2026-04-28,ORD-33388,Chicken Wings,Appetizers,2,10,20,8.0
2026-04-28,ORD-16537,Coffee,Drinks,3,4,12,3.0
2026-04-28,ORD-92117,Beef Burger,Burgers,1,14,14,6.0
2026-04-28,ORD-34825,Tiramisu,Desserts,2,8,16,6.0
2026-04-28,ORD-53561,Chicken Wings,Appetizers,1,10,10,4.0
2026-04-28,ORD-25961,Pepperoni Pizza,Pizza,1,18,18,6.0
2026-04-28,ORD-71331,Pepperoni Pizza,Pizza,1,18,18,6.0
2026-04-28,ORD-93892,Caesar Salad,Salads,2,12,24,8.0
2026-04-28,ORD-62181,Tiramisu,Desserts,3,8,24,9.0
2026-04-28,ORD-64733,Margherita Pizza,Pizza,5,15,75,25.0
2026-04-28,ORD-74847,Tiramisu,Desserts,2,8,16,6.0
2026-04-28,ORD-74405,Beef Burger,Burgers,2,14,28,12.0
2026-04-28,ORD-42593,Chicken Wings,Appetizers,2,10,20,8.0
2026-04-28,ORD-50776,Pepperoni Pizza,Pizza,2,18,36,12.0
2026-04-28,ORD-63389,Caesar Salad,Salads,2,12,24,8.0
2026-04-28,ORD-34254,Pepperoni Pizza,Pizza,3,18,54,18.0
2026-04-28,ORD-41153,French Fries,Sides,3,5,15,4.5
2026-04-28,ORD-15082,Soda,Drinks,1,3,3,0.5
2026-04-28,ORD-39754,Coffee,Drinks,2,4,8,2.0
2026-04-28,ORD-67966,Beef Burger,Burgers,3,14,42,18.0
2026-04-28,ORD-50466,Beef Burger,Burgers,1,14,14,6.0
2026-04-28,ORD-49818,Margherita Pizza,Pizza,2,15,30,10.0
2026-04-28,ORD-45508,Margherita Pizza,Pizza,4,15,60,20.0
2026-04-28,ORD-92272,French Fries,Sides,2,5,10,3.0
2026-04-28,ORD-38733,Caesar Salad,Salads,1,12,12,4.0
2026-04-28,ORD-72307,Tiramisu,Desserts,3,8,24,9.0
2026-04-28,ORD-31103,Soda,Drinks,3,3,9,1.5
2026-04-28,ORD-69795,Chicken Wings,Appetizers,1,10,10,4.0
2026-04-28,ORD-38258,Beef Burger,Burgers,2,14,28,12.0
2026-04-28,ORD-50673,Beef Burger,Burgers,1,14,14,6.0
2026-04-28,ORD-76958,Beef Burger,Burgers,1,14,14,6.0
2026-04-28,ORD-95690,Tiramisu,Desserts,2,8,16,6.0
2026-04-28,ORD-97134,Pepperoni Pizza,Pizza,1,18,18,6.0
2026-04-28,ORD-25940,Beef Burger,Burgers,3,14,42,18.0
2026-04-29,ORD-50191,Tiramisu,Desserts,3,8,24,9.0
2026-04-29,ORD-56916,Tiramisu,Desserts,2,8,16,6.0
2026-04-29,ORD-16905,Chicken Wings,Appetizers,3,10,30,12.0
2026-04-29,ORD-98239,Caesar Salad,Salads,2,12,24,8.0
2026-04-29,ORD-48946,Pepperoni Pizza,Pizza,2,18,36,12.0
2026-04-29,ORD-89624,Tiramisu,Desserts,1,8,8,3.0
2026-04-29,ORD-58459,Tiramisu,Desserts,1,8,8,3.0
2026-04-29,ORD-54424,Soda,Drinks,1,3,3,0.5
2026-04-29,ORD-31408,Pepperoni Pizza,Pizza,3,18,54,18.0
2026-04-29,ORD-44351,Beef Burger,Burgers,1,14,14,6.0
2026-04-29,ORD-39695,Chicken Wings,Appetizers,3,10,30,12.0
2026-04-29,ORD-28625,Soda,Drinks,2,3,6,1.0
2026-04-29,ORD-92478,Soda,Drinks,1,3,3,0.5
2026-04-29,ORD-41260,Pepperoni Pizza,Pizza,2,18,36,12.0
2026-04-29,ORD-48794,Caesar Salad,Salads,2,12,24,8.0
2026-04-29,ORD-67585,Chicken Wings,Appetizers,3,10,30,12.0
2026-04-29,ORD-45440,Pepperoni Pizza,Pizza,3,18,54,18.0
2026-04-29,ORD-30766,French Fries,Sides,2,5,10,3.0
2026-04-29,ORD-38751,Coffee,Drinks,2,4,8,2.0
2026-04-29,ORD-65305,Soda,Drinks,1,3,3,0.5
2026-04-29,ORD-19241,Soda,Drinks,1,3,3,0.5
2026-04-29,ORD-62760,French Fries,Sides,3,5,15,4.5
2026-04-29,ORD-51943,Chicken Wings,Appetizers,2,10,20,8.0
2026-04-29,ORD-12238,Bruschetta,Appetizers,1,7,7,2.5
2026-04-29,ORD-96880,Coffee,Drinks,3,4,12,3.0
2026-04-29,ORD-51682,French Fries,Sides,1,5,5,1.5
2026-04-29,ORD-95015,Pepperoni Pizza,Pizza,2,18,36,12.0
2026-04-29,ORD-12232,Beef Burger,Burgers,2,14,28,12.0
2026-04-29,ORD-49431,Pepperoni Pizza,Pizza,1,18,18,6.0
2026-04-29,ORD-47575,Pepperoni Pizza,Pizza,3,18,54,18.0
2026-04-29,ORD-62573,Margherita Pizza,Pizza,5,15,75,25.0
2026-04-30,ORD-49432,French Fries,Sides,2,5,10,3.0
2026-04-30,ORD-51659,French Fries,Sides,1,5,5,1.5
2026-04-30,ORD-88174,Pepperoni Pizza,Pizza,3,18,54,18.0
2026-04-30,ORD-90318,Soda,Drinks,2,3,6,1.0
2026-04-30,ORD-27849,Pepperoni Pizza,Pizza,1,18,18,6.0
2026-04-30,ORD-45703,Coffee,Drinks,3,4,12,3.0
2026-04-30,ORD-27797,French Fries,Sides,3,5,15,4.5
2026-04-30,ORD-37637,Beef Burger,Burgers,1,14,14,6.0
2026-04-30,ORD-30782,Tiramisu,Desserts,1,8,8,3.0
2026-04-30,ORD-44814,Soda,Drinks,3,3,9,1.5
2026-04-30,ORD-12218,Bruschetta,Appetizers,1,7,7,2.5
2026-04-30,ORD-48595,Soda,Drinks,1,3,3,0.5
2026-04-30,ORD-65328,Margherita Pizza,Pizza,5,15,75,25.0
2026-04-30,ORD-96093,Bruschetta,Appetizers,1,7,7,2.5
2026-04-30,ORD-76085,Pepperoni Pizza,Pizza,3,18,54,18.0
2026-04-30,ORD-21736,Pepperoni Pizza,Pizza,1,18,18,6.0
2026-04-30,ORD-33500,Soda,Drinks,3,3,9,1.5
2026-04-30,ORD-43444,Beef Burger,Burgers,1,14,14,6.0
2026-04-30,ORD-15488,Coffee,Drinks,1,4,4,1.0
2026-04-30,ORD-31726,Chicken Wings,Appetizers,1,10,10,4.0
2026-04-30,ORD-55364,Soda,Drinks,3,3,9,1.5
2026-04-30,ORD-65439,Beef Burger,Burgers,1,14,14,6.0
2026-04-30,ORD-24931,French Fries,Sides,3,5,15,4.5
2026-04-30,ORD-37125,French Fries,Sides,3,5,15,4.5
2026-04-30,ORD-27364,Caesar Salad,Salads,1,12,12,4.0
2026-04-30,ORD-56414,Bruschetta,Appetizers,1,7,7,2.5
2026-04-30,ORD-55425,Beef Burger,Burgers,1,14,14,6.0
2026-04-30,ORD-83933,Chicken Wings,Appetizers,1,10,10,4.0
2026-04-30,ORD-46534,Pepperoni Pizza,Pizza,3,18,54,18.0
2026-04-30,ORD-85766,French Fries,Sides,1,5,5,1.5
2026-04-30,ORD-61804,Beef Burger,Burgers,1,14,14,6.0
2026-04-30,ORD-96626,Pepperoni Pizza,Pizza,2,18,36,12.0
2026-04-30,ORD-42202,Tiramisu,Desserts,1,8,8,3.0
2026-04-30,ORD-94585,Soda,Drinks,1,3,3,0.5
2026-04-30,ORD-80616,Pepperoni Pizza,Pizza,1,18,18,6.0
2026-04-30,ORD-85318,Margherita Pizza,Pizza,2,15,30,10.0
2026-04-30,ORD-95602,Coffee,Drinks,1,4,4,1.0
2026-04-30,ORD-97984,Pepperoni Pizza,Pizza,2,18,36,12.0
2026-04-30,ORD-19495,Margherita Pizza,Pizza,4,15,60,20.0
2026-04-30,ORD-31185,Pepperoni Pizza,Pizza,2,18,36,12.0
2026-04-30,ORD-52384,French Fries,Sides,1,5,5,1.5
2026-04-30,ORD-90865,Margherita Pizza,Pizza,2,15,30,10.0
2026-04-30,ORD-19748,Caesar Salad,Salads,1,12,12,4.0
2026-04-30,ORD-40999,Pepperoni Pizza,Pizza,3,18,54,18.0
2026-04-30,ORD-60777,Pepperoni Pizza,Pizza,2,18,36,12.0
2026-05-01,ORD-12985,Soda,Drinks,3,3,9,1.5
2026-05-01,ORD-13605,Coffee,Drinks,1,4,4,1.0
2026-05-01,ORD-72591,Beef Burger,Burgers,3,14,42,18.0
2026-05-01,ORD-54375,Tiramisu,Desserts,3,8,24,9.0
2026-05-01,ORD-21823,French Fries,Sides,1,5,5,1.5
2026-05-01,ORD-58203,Soda,Drinks,3,3,9,1.5
2026-05-01,ORD-34048,Pepperoni Pizza,Pizza,1,18,18,6.0
2026-05-01,ORD-19513,Tiramisu,Desserts,2,8,16,6.0
2026-05-01,ORD-99085,Pepperoni Pizza,Pizza,1,18,18,6.0
2026-05-01,ORD-54303,Caesar Salad,Salads,2,12,24,8.0
2026-05-01,ORD-80779,Soda,Drinks,2,3,6,1.0
2026-05-01,ORD-17293,Margherita Pizza,Pizza,2,15,30,10.0
2026-05-01,ORD-27549,Caesar Salad,Salads,1,12,12,4.0
2026-05-01,ORD-60622,Margherita Pizza,Pizza,2,15,30,10.0
2026-05-01,ORD-73198,Tiramisu,Desserts,3,8,24,9.0
2026-05-01,ORD-85166,Chicken Wings,Appetizers,3,10,30,12.0
2026-05-01,ORD-97959,French Fries,Sides,3,5,15,4.5
2026-05-01,ORD-34098,Pepperoni Pizza,Pizza,3,18,54,18.0
2026-05-01,ORD-44547,Soda,Drinks,1,3,3,0.5
2026-05-01,ORD-69104,Beef Burger,Burgers,2,14,28,12.0
2026-05-01,ORD-41017,Soda,Drinks,3,3,9,1.5
2026-05-01,ORD-71712,Margherita Pizza,Pizza,4,15,60,20.0
2026-05-01,ORD-56427,Tiramisu,Desserts,2,8,16,6.0
2026-05-01,ORD-94527,Margherita Pizza,Pizza,4,15,60,20.0
2026-05-01,ORD-75153,Coffee,Drinks,2,4,8,2.0
2026-05-01,ORD-83393,Chicken Wings,Appetizers,1,10,10,4.0
2026-05-01,ORD-79571,Soda,Drinks,1,3,3,0.5
2026-05-01,ORD-69961,Chicken Wings,Appetizers,2,10,20,8.0
2026-05-01,ORD-19733,Pepperoni Pizza,Pizza,3,18,54,18.0
2026-05-01,ORD-47093,Tiramisu,Desserts,3,8,24,9.0
2026-05-01,ORD-10419,Soda,Drinks,2,3,6,1.0
2026-05-01,ORD-78209,Beef Burger,Burgers,1,14,14,6.0
2026-05-01,ORD-76987,Soda,Drinks,1,3,3,0.5
2026-05-01,ORD-64908,Caesar Salad,Salads,1,12,12,4.0
2026-05-01,ORD-93440,Soda,Drinks,2,3,6,1.0
2026-05-01,ORD-33051,Chicken Wings,Appetizers,2,10,20,8.0
2026-05-01,ORD-65566,Caesar Salad,Salads,3,12,36,12.0
2026-05-01,ORD-58203,Soda,Drinks,2,3,6,1.0
2026-05-01,ORD-97518,Coffee,Drinks,3,4,12,3.0
2026-05-01,ORD-70311,French Fries,Sides,2,5,10,3.0
2026-05-01,ORD-86988,Caesar Salad,Salads,2,12,24,8.0
2026-05-01,ORD-10310,Pepperoni Pizza,Pizza,3,18,54,18.0
2026-05-01,ORD-89177,Caesar Salad,Salads,3,12,36,12.0
2026-05-01,ORD-14412,Margherita Pizza,Pizza,4,15,60,20.0
2026-05-01,ORD-17697,French Fries,Sides,2,5,10,3.0
2026-05-01,ORD-30202,Beef Burger,Burgers,3,14,42,18.0
2026-05-01,ORD-95138,French Fries,Sides,3,5,15,4.5
2026-05-01,ORD-55597,Chicken Wings,Appetizers,1,10,10,4.0
2026-05-01,ORD-20118,Tiramisu,Desserts,3,8,24,9.0
2026-05-01,ORD-45944,Beef Burger,Burgers,1,14,14,6.0
2026-05-01,ORD-94667,Margherita Pizza,Pizza,2,15,30,10.0
2026-05-01,ORD-62492,Coffee,Drinks,2,4,8,2.0
2026-05-01,ORD-55685,Beef Burger,Burgers,2,14,28,12.0
2026-05-01,ORD-26297,Coffee,Drinks,1,4,4,1.0
2026-05-01,ORD-82302,Soda,Drinks,3,3,9,1.5
2026-05-01,ORD-89938,Beef Burger,Burgers,3,14,42,18.0
2026-05-01,ORD-18485,Soda,Drinks,1,3,3,0.5
2026-05-01,ORD-45346,French Fries,Sides,1,5,5,1.5
2026-05-01,ORD-58026,Margherita Pizza,Pizza,4,15,60,20.0
2026-05-01,ORD-89392,Chicken Wings,Appetizers,3,10,30,12.0
2026-05-01,ORD-80782,Caesar Salad,Salads,3,12,36,12.0
2026-05-01,ORD-90180,Coffee,Drinks,2,4,8,2.0
2026-05-01,ORD-72679,Beef Burger,Burgers,1,14,14,6.0
2026-05-01,ORD-13988,Caesar Salad,Salads,1,12,12,4.0
2026-05-01,ORD-88851,French Fries,Sides,1,5,5,1.5
2026-05-01,ORD-91568,Soda,Drinks,1,3,3,0.5
2026-05-01,ORD-77399,Beef Burger,Burgers,3,14,42,18.0
2026-05-01,ORD-62814,Tiramisu,Desserts,1,8,8,3.0
2026-05-01,ORD-54275,Caesar Salad,Salads,1,12,12,4.0
2026-05-01,ORD-90807,Beef Burger,Burgers,3,14,42,18.0
2026-05-01,ORD-74762,French Fries,Sides,3,5,15,4.5
2026-05-01,ORD-53105,Caesar Salad,Salads,3,12,36,12.0
2026-05-01,ORD-63739,Margherita Pizza,Pizza,2,15,30,10.0
2026-05-01,ORD-85888,Soda,Drinks,1,3,3,0.5
2026-05-01,ORD-58862,Bruschetta,Appetizers,1,7,7,2.5
2026-05-01,ORD-76456,Beef Burger,Burgers,1,14,14,6.0
2026-05-01,ORD-45201,Soda,Drinks,3,3,9,1.5
2026-05-01,ORD-87234,Chicken Wings,Appetizers,2,10,20,8.0
2026-05-01,ORD-77454,Caesar Salad,Salads,2,12,24,8.0
2026-05-01,ORD-37549,Caesar Salad,Salads,1,12,12,4.0
2026-05-01,ORD-28086,Coffee,Drinks,1,4,4,1.0
2026-05-01,ORD-43035,Coffee,Drinks,3,4,12,3.0
2026-05-01,ORD-19717,French Fries,Sides,1,5,5,1.5
2026-05-01,ORD-40607,Tiramisu,Desserts,1,8,8,3.0
2026-05-01,ORD-18900,French Fries,Sides,2,5,10,3.0
2026-05-01,ORD-98397,Pepperoni Pizza,Pizza,2,18,36,12.0
2026-05-02,ORD-70187,Coffee,Drinks,1,4,4,1.0
2026-05-02,ORD-39507,Margherita Pizza,Pizza,5,15,75,25.0
2026-05-02,ORD-51200,Coffee,Drinks,3,4,12,3.0
2026-05-02,ORD-57775,Soda,Drinks,1,3,3,0.5
2026-05-02,ORD-34925,Margherita Pizza,Pizza,2,15,30,10.0
2026-05-02,ORD-29479,Caesar Salad,Salads,2,12,24,8.0
2026-05-02,ORD-67858,Bruschetta,Appetizers,1,7,7,2.5
2026-05-02,ORD-22884,Soda,Drinks,3,3,9,1.5
2026-05-02,ORD-26604,Soda,Drinks,3,3,9,1.5
2026-05-02,ORD-19620,Pepperoni Pizza,Pizza,1,18,18,6.0
2026-05-02,ORD-24476,French Fries,Sides,1,5,5,1.5
2026-05-02,ORD-48870,Chicken Wings,Appetizers,2,10,20,8.0
2026-05-02,ORD-65454,Tiramisu,Desserts,1,8,8,3.0
2026-05-02,ORD-74606,Tiramisu,Desserts,2,8,16,6.0
2026-05-02,ORD-75591,Soda,Drinks,3,3,9,1.5
2026-05-02,ORD-53230,French Fries,Sides,2,5,10,3.0
2026-05-02,ORD-26518,Caesar Salad,Salads,3,12,36,12.0
2026-05-02,ORD-77100,Margherita Pizza,Pizza,5,15,75,25.0
2026-05-02,ORD-94039,Pepperoni Pizza,Pizza,1,18,18,6.0
2026-05-02,ORD-94699,Margherita Pizza,Pizza,3,15,45,15.0
2026-05-02,ORD-42717,Tiramisu,Desserts,3,8,24,9.0
2026-05-02,ORD-60058,Pepperoni Pizza,Pizza,2,18,36,12.0
2026-05-02,ORD-23118,Tiramisu,Desserts,1,8,8,3.0
2026-05-02,ORD-79268,Caesar Salad,Salads,3,12,36,12.0
2026-05-02,ORD-50925,Caesar Salad,Salads,1,12,12,4.0
2026-05-02,ORD-97854,Coffee,Drinks,1,4,4,1.0
2026-05-02,ORD-97888,Coffee,Drinks,2,4,8,2.0
2026-05-02,ORD-33841,Pepperoni Pizza,Pizza,1,18,18,6.0
2026-05-02,ORD-51441,Chicken Wings,Appetizers,2,10,20,8.0
2026-05-02,ORD-81362,Soda,Drinks,2,3,6,1.0
2026-05-02,ORD-13023,Soda,Drinks,3,3,9,1.5
2026-05-02,ORD-39456,Chicken Wings,Appetizers,2,10,20,8.0
2026-05-02,ORD-22269,Beef Burger,Burgers,2,14,28,12.0
2026-05-02,ORD-89054,Caesar Salad,Salads,1,12,12,4.0
2026-05-02,ORD-68654,Caesar Salad,Salads,1,12,12,4.0
2026-05-02,ORD-53718,Caesar Salad,Salads,1,12,12,4.0
2026-05-02,ORD-45922,Chicken Wings,Appetizers,1,10,10,4.0
2026-05-02,ORD-31591,Beef Burger,Burgers,1,14,14,6.0
2026-05-02,ORD-95918,Pepperoni Pizza,Pizza,1,18,18,6.0
2026-05-02,ORD-99760,Soda,Drinks,1,3,3,0.5
2026-05-02,ORD-55029,Pepperoni Pizza,Pizza,3,18,54,18.0
2026-05-02,ORD-83440,Coffee,Drinks,3,4,12,3.0
2026-05-02,ORD-15287,French Fries,Sides,3,5,15,4.5
2026-05-02,ORD-77306,Caesar Salad,Salads,3,12,36,12.0
2026-05-02,ORD-42869,Pepperoni Pizza,Pizza,1,18,18,6.0
2026-05-02,ORD-64350,Chicken Wings,Appetizers,3,10,30,12.0
2026-05-02,ORD-72690,Beef Burger,Burgers,3,14,42,18.0
2026-05-02,ORD-44478,Tiramisu,Desserts,1,8,8,3.0
2026-05-02,ORD-93964,Caesar Salad,Salads,2,12,24,8.0
2026-05-02,ORD-65740,Coffee,Drinks,3,4,12,3.0
2026-05-02,ORD-36167,Soda,Drinks,3,3,9,1.5
2026-05-02,ORD-51748,Margherita Pizza,Pizza,4,15,60,20.0
2026-05-02,ORD-65843,Chicken Wings,Appetizers,3,10,30,12.0
2026-05-02,ORD-93194,Pepperoni Pizza,Pizza,2,18,36,12.0
2026-05-02,ORD-61359,French Fries,Sides,1,5,5,1.5
2026-05-02,ORD-89316,Coffee,Drinks,3,4,12,3.0
2026-05-02,ORD-64719,Margherita Pizza,Pizza,2,15,30,10.0
2026-05-02,ORD-32807,Coffee,Drinks,1,4,4,1.0
2026-05-02,ORD-26755,Pepperoni Pizza,Pizza,3,18,54,18.0
2026-05-02,ORD-94412,Soda,Drinks,3,3,9,1.5
2026-05-02,ORD-59460,Margherita Pizza,Pizza,3,15,45,15.0
2026-05-02,ORD-64810,Margherita Pizza,Pizza,3,15,45,15.0
2026-05-02,ORD-87958,Beef Burger,Burgers,2,14,28,12.0
2026-05-02,ORD-69317,French Fries,Sides,3,5,15,4.5
2026-05-02,ORD-45723,Pepperoni Pizza,Pizza,1,18,18,6.0
2026-05-02,ORD-75733,Coffee,Drinks,2,4,8,2.0
2026-05-02,ORD-98179,Beef Burger,Burgers,3,14,42,18.0
2026-05-02,ORD-66288,Chicken Wings,Appetizers,3,10,30,12.0
2026-05-02,ORD-22433,Beef Burger,Burgers,2,14,28,12.0
2026-05-02,ORD-42547,Margherita Pizza,Pizza,5,15,75,25.0
2026-05-02,ORD-17517,French Fries,Sides,3,5,15,4.5
2026-05-02,ORD-81035,Soda,Drinks,1,3,3,0.5
2026-05-02,ORD-64871,Coffee,Drinks,1,4,4,1.0
2026-05-02,ORD-72868,Bruschetta,Appetizers,1,7,7,2.5
2026-05-02,ORD-29062,Chicken Wings,Appetizers,2,10,20,8.0
2026-05-02,ORD-85057,Coffee,Drinks,3,4,12,3.0
2026-05-02,ORD-12135,French Fries,Sides,1,5,5,1.5
2026-05-02,ORD-97607,Coffee,Drinks,3,4,12,3.0
2026-05-02,ORD-74662,Coffee,Drinks,1,4,4,1.0
2026-05-03,ORD-58838,Tiramisu,Desserts,3,8,24,9.0
2026-05-03,ORD-40663,Chicken Wings,Appetizers,2,10,20,8.0
2026-05-03,ORD-40551,Chicken Wings,Appetizers,1,10,10,4.0
2026-05-03,ORD-85897,Beef Burger,Burgers,1,14,14,6.0
2026-05-03,ORD-32411,Chicken Wings,Appetizers,2,10,20,8.0
2026-05-03,ORD-71624,Soda,Drinks,3,3,9,1.5
2026-05-03,ORD-56803,Bruschetta,Appetizers,1,7,7,2.5
2026-05-03,ORD-65944,Coffee,Drinks,1,4,4,1.0
2026-05-03,ORD-95796,Bruschetta,Appetizers,1,7,7,2.5
2026-05-03,ORD-82844,Margherita Pizza,Pizza,5,15,75,25.0
2026-05-03,ORD-75112,Chicken Wings,Appetizers,3,10,30,12.0
2026-05-03,ORD-58613,Chicken Wings,Appetizers,3,10,30,12.0
2026-05-03,ORD-36500,Chicken Wings,Appetizers,1,10,10,4.0
2026-05-03,ORD-44957,Coffee,Drinks,3,4,12,3.0
2026-05-03,ORD-82403,French Fries,Sides,3,5,15,4.5
2026-05-03,ORD-11713,Caesar Salad,Salads,3,12,36,12.0
2026-05-03,ORD-56027,Tiramisu,Desserts,3,8,24,9.0
2026-05-03,ORD-26479,Pepperoni Pizza,Pizza,1,18,18,6.0
2026-05-03,ORD-49700,Soda,Drinks,3,3,9,1.5
2026-05-03,ORD-22122,Tiramisu,Desserts,1,8,8,3.0
2026-05-03,ORD-28765,Tiramisu,Desserts,1,8,8,3.0
2026-05-03,ORD-47400,Soda,Drinks,1,3,3,0.5
2026-05-03,ORD-92070,Beef Burger,Burgers,1,14,14,6.0
2026-05-03,ORD-50942,Beef Burger,Burgers,1,14,14,6.0
2026-05-03,ORD-88013,Caesar Salad,Salads,3,12,36,12.0
2026-05-03,ORD-60131,Caesar Salad,Salads,2,12,24,8.0
2026-05-03,ORD-23021,Chicken Wings,Appetizers,3,10,30,12.0
2026-05-03,ORD-30953,Coffee,Drinks,1,4,4,1.0
2026-05-03,ORD-63919,Chicken Wings,Appetizers,1,10,10,4.0
2026-05-03,ORD-22600,Tiramisu,Desserts,2,8,16,6.0
2026-05-03,ORD-88300,Bruschetta,Appetizers,1,7,7,2.5
2026-05-03,ORD-48774,Caesar Salad,Salads,1,12,12,4.0
2026-05-03,ORD-10878,Caesar Salad,Salads,2,12,24,8.0
2026-05-03,ORD-28297,Pepperoni Pizza,Pizza,2,18,36,12.0
2026-05-03,ORD-50320,French Fries,Sides,2,5,10,3.0
2026-05-03,ORD-86383,French Fries,Sides,2,5,10,3.0
2026-05-03,ORD-68967,Pepperoni Pizza,Pizza,2,18,36,12.0
2026-05-03,ORD-12587,Coffee,Drinks,2,4,8,2.0
2026-05-03,ORD-98444,Chicken Wings,Appetizers,1,10,10,4.0
2026-05-03,ORD-14729,Beef Burger,Burgers,1,14,14,6.0
2026-05-03,ORD-38889,Caesar Salad,Salads,2,12,24,8.0
2026-05-03,ORD-70336,Tiramisu,Desserts,3,8,24,9.0
2026-05-03,ORD-27040,Soda,Drinks,2,3,6,1.0
2026-05-03,ORD-56029,Tiramisu,Desserts,3,8,24,9.0
2026-05-03,ORD-55033,Coffee,Drinks,1,4,4,1.0
2026-05-03,ORD-13448,Pepperoni Pizza,Pizza,1,18,18,6.0
2026-05-03,ORD-50705,Pepperoni Pizza,Pizza,3,18,54,18.0
2026-05-03,ORD-26572,French Fries,Sides,2,5,10,3.0
2026-05-03,ORD-35026,Pepperoni Pizza,Pizza,1,18,18,6.0
2026-05-03,ORD-43244,Bruschetta,Appetizers,1,7,7,2.5
2026-05-03,ORD-74656,Beef Burger,Burgers,2,14,28,12.0
2026-05-03,ORD-89569,French Fries,Sides,1,5,5,1.5
2026-05-03,ORD-86339,Chicken Wings,Appetizers,1,10,10,4.0
2026-05-03,ORD-85735,Chicken Wings,Appetizers,1,10,10,4.0
2026-05-03,ORD-56276,Chicken Wings,Appetizers,1,10,10,4.0
2026-05-03,ORD-89867,Caesar Salad,Salads,1,12,12,4.0
2026-05-03,ORD-51002,Coffee,Drinks,1,4,4,1.0
2026-05-03,ORD-17924,Beef Burger,Burgers,3,14,42,18.0
2026-05-03,ORD-17899,Chicken Wings,Appetizers,3,10,30,12.0
2026-05-03,ORD-96893,Pepperoni Pizza,Pizza,2,18,36,12.0
2026-05-03,ORD-93651,Beef Burger,Burgers,2,14,28,12.0
2026-05-03,ORD-27261,Chicken Wings,Appetizers,2,10,20,8.0
2026-05-03,ORD-19082,Caesar Salad,Salads,2,12,24,8.0
2026-05-03,ORD-36098,Coffee,Drinks,1,4,4,1.0
2026-05-03,ORD-55631,Tiramisu,Desserts,2,8,16,6.0
2026-05-03,ORD-75521,Coffee,Drinks,1,4,4,1.0
2026-05-03,ORD-54308,Chicken Wings,Appetizers,3,10,30,12.0
2026-05-03,ORD-71730,Coffee,Drinks,2,4,8,2.0
2026-05-03,ORD-78633,French Fries,Sides,2,5,10,3.0
2026-05-03,ORD-52675,Caesar Salad,Salads,3,12,36,12.0
2026-05-03,ORD-15131,Soda,Drinks,3,3,9,1.5
2026-05-03,ORD-99504,Caesar Salad,Salads,2,12,24,8.0
2026-05-03,ORD-65876,Caesar Salad,Salads,3,12,36,12.0
2026-05-03,ORD-13081,Coffee,Drinks,2,4,8,2.0
2026-05-03,ORD-13313,Pepperoni Pizza,Pizza,2,18,36,12.0
2026-05-03,ORD-59438,Soda,Drinks,3,3,9,1.5
2026-05-03,ORD-28204,Tiramisu,Desserts,2,8,16,6.0
2026-05-03,ORD-13216,Coffee,Drinks,2,4,8,2.0
2026-05-03,ORD-19668,Soda,Drinks,1,3,3,0.5
2026-05-03,ORD-31230,French Fries,Sides,1,5,5,1.5
2026-05-03,ORD-57115,Margherita Pizza,Pizza,4,15,60,20.0
2026-05-03,ORD-50369,Pepperoni Pizza,Pizza,1,18,18,6.0
2026-05-03,ORD-21312,Beef Burger,Burgers,2,14,28,12.0
2026-05-03,ORD-45672,Caesar Salad,Salads,3,12,36,12.0
2026-05-03,ORD-48502,Tiramisu,Desserts,1,8,8,3.0
2026-05-03,ORD-44336,Caesar Salad,Salads,2,12,24,8.0
2026-05-03,ORD-71195,Chicken Wings,Appetizers,3,10,30,12.0
2026-05-03,ORD-18164,Chicken Wings,Appetizers,2,10,20,8.0
2026-05-03,ORD-44070,Tiramisu,Desserts,1,8,8,3.0
2026-05-03,ORD-56767,Bruschetta,Appetizers,1,7,7,2.5
2026-05-03,ORD-75019,Soda,Drinks,1,3,3,0.5
2026-05-03,ORD-19462,Caesar Salad,Salads,1,12,12,4.0
2026-05-03,ORD-72601,Caesar Salad,Salads,2,12,24,8.0
2026-05-03,ORD-93054,Tiramisu,Desserts,2,8,16,6.0
2026-05-03,ORD-66453,Bruschetta,Appetizers,1,7,7,2.5
2026-05-03,ORD-66580,Coffee,Drinks,3,4,12,3.0
2026-05-03,ORD-98189,Soda,Drinks,1,3,3,0.5
2026-05-03,ORD-16612,Caesar Salad,Salads,2,12,24,8.0
2026-05-03,ORD-91925,Caesar Salad,Salads,3,12,36,12.0
2026-05-03,ORD-16989,Caesar Salad,Salads,2,12,24,8.0
2026-05-03,ORD-70406,Pepperoni Pizza,Pizza,2,18,36,12.0
2026-05-03,ORD-23229,Tiramisu,Desserts,3,8,24,9.0
2026-05-03,ORD-31722,Beef Burger,Burgers,3,14,42,18.0
2026-05-03,ORD-33499,Beef Burger,Burgers,1,14,14,6.0
2026-05-03,ORD-73044,Margherita Pizza,Pizza,3,15,45,15.0
2026-05-03,ORD-74504,Margherita Pizza,Pizza,4,15,60,20.0
2026-05-03,ORD-35178,Pepperoni Pizza,Pizza,2,18,36,12.0
2026-05-03,ORD-89766,French Fries,Sides,2,5,10,3.0
2026-05-03,ORD-66847,Soda,Drinks,3,3,9,1.5
2026-05-03,ORD-97462,Soda,Drinks,3,3,9,1.5
2026-05-03,ORD-74558,French Fries,Sides,1,5,5,1.5
2026-05-03,ORD-12060,Margherita Pizza,Pizza,4,15,60,20.0
2026-05-03,ORD-37792,French Fries,Sides,1,5,5,1.5
2026-05-03,ORD-92800,Soda,Drinks,2,3,6,1.0
2026-05-03,ORD-54667,Beef Burger,Burgers,2,14,28,12.0
2026-05-03,ORD-45360,Chicken Wings,Appetizers,2,10,20,8.0
2026-05-03,ORD-52572,French Fries,Sides,3,5,15,4.5
2026-05-03,ORD-41548,Soda,Drinks,3,3,9,1.5
2026-05-03,ORD-19651,Chicken Wings,Appetizers,3,10,30,12.0
2026-05-04,ORD-26387,Soda,Drinks,2,3,6,1.0
2026-05-04,ORD-12338,Caesar Salad,Salads,3,12,36,12.0
2026-05-04,ORD-27878,Beef Burger,Burgers,1,14,14,6.0
2026-05-04,ORD-11138,Tiramisu,Desserts,1,8,8,3.0
2026-05-04,ORD-41219,Margherita Pizza,Pizza,4,15,60,20.0
2026-05-04,ORD-46731,Margherita Pizza,Pizza,2,15,30,10.0
2026-05-04,ORD-82794,Soda,Drinks,3,3,9,1.5
2026-05-04,ORD-69109,Caesar Salad,Salads,3,12,36,12.0
2026-05-04,ORD-32207,Coffee,Drinks,2,4,8,2.0
2026-05-04,ORD-18818,Bruschetta,Appetizers,1,7,7,2.5
2026-05-04,ORD-73952,Coffee,Drinks,3,4,12,3.0
2026-05-04,ORD-78390,Chicken Wings,Appetizers,1,10,10,4.0
2026-05-04,ORD-63481,Soda,Drinks,3,3,9,1.5
2026-05-04,ORD-29712,Caesar Salad,Salads,2,12,24,8.0
2026-05-04,ORD-31000,Chicken Wings,Appetizers,3,10,30,12.0
2026-05-04,ORD-22269,Caesar Salad,Salads,1,12,12,4.0
2026-05-04,ORD-84814,Coffee,Drinks,2,4,8,2.0
2026-05-04,ORD-71584,Tiramisu,Desserts,2,8,16,6.0
2026-05-04,ORD-14217,French Fries,Sides,1,5,5,1.5
2026-05-04,ORD-65764,Tiramisu,Desserts,2,8,16,6.0
2026-05-04,ORD-82831,Caesar Salad,Salads,2,12,24,8.0
2026-05-04,ORD-17817,Beef Burger,Burgers,1,14,14,6.0
2026-05-04,ORD-14259,Pepperoni Pizza,Pizza,2,18,36,12.0
2026-05-04,ORD-30270,Pepperoni Pizza,Pizza,2,18,36,12.0
2026-05-04,ORD-47670,Beef Burger,Burgers,3,14,42,18.0
2026-05-04,ORD-79054,Beef Burger,Burgers,1,14,14,6.0
2026-05-04,ORD-17583,Beef Burger,Burgers,2,14,28,12.0
2026-05-04,ORD-45193,Beef Burger,Burgers,2,14,28,12.0
2026-05-04,ORD-63079,Coffee,Drinks,1,4,4,1.0
2026-05-04,ORD-73124,Coffee,Drinks,3,4,12,3.0
2026-05-04,ORD-31784,Soda,Drinks,3,3,9,1.5
2026-05-04,ORD-80724,French Fries,Sides,1,5,5,1.5
2026-05-04,ORD-97248,Tiramisu,Desserts,1,8,8,3.0
2026-05-04,ORD-22594,Soda,Drinks,1,3,3,0.5
2026-05-04,ORD-71087,Margherita Pizza,Pizza,3,15,45,15.0
2026-05-04,ORD-50577,Tiramisu,Desserts,2,8,16,6.0
2026-05-04,ORD-92858,Caesar Salad,Salads,2,12,24,8.0
2026-05-04,ORD-90638,Tiramisu,Desserts,1,8,8,3.0
2026-05-04,ORD-76335,Chicken Wings,Appetizers,1,10,10,4.0
2026-05-04,ORD-49977,French Fries,Sides,3,5,15,4.5
2026-05-04,ORD-41180,Margherita Pizza,Pizza,5,15,75,25.0
2026-05-05,ORD-46037,Caesar Salad,Salads,3,12,36,12.0
2026-05-05,ORD-98684,Caesar Salad,Salads,2,12,24,8.0
2026-05-05,ORD-96809,Pepperoni Pizza,Pizza,3,18,54,18.0
2026-05-05,ORD-47018,French Fries,Sides,3,5,15,4.5
2026-05-05,ORD-63676,Coffee,Drinks,2,4,8,2.0
2026-05-05,ORD-52270,Soda,Drinks,2,3,6,1.0
2026-05-05,ORD-48562,French Fries,Sides,2,5,10,3.0
2026-05-05,ORD-41172,Pepperoni Pizza,Pizza,3,18,54,18.0
2026-05-05,ORD-80622,Margherita Pizza,Pizza,2,15,30,10.0
2026-05-05,ORD-14379,French Fries,Sides,2,5,10,3.0
2026-05-05,ORD-98687,Chicken Wings,Appetizers,3,10,30,12.0
2026-05-05,ORD-47453,French Fries,Sides,2,5,10,3.0
2026-05-05,ORD-79802,Coffee,Drinks,2,4,8,2.0
2026-05-05,ORD-73945,Caesar Salad,Salads,1,12,12,4.0
2026-05-05,ORD-19883,Chicken Wings,Appetizers,1,10,10,4.0
2026-05-05,ORD-74266,Beef Burger,Burgers,2,14,28,12.0
2026-05-05,ORD-64748,Coffee,Drinks,1,4,4,1.0
2026-05-05,ORD-34910,Beef Burger,Burgers,2,14,28,12.0
2026-05-05,ORD-84344,Bruschetta,Appetizers,1,7,7,2.5
2026-05-05,ORD-55185,Beef Burger,Burgers,2,14,28,12.0
2026-05-05,ORD-63037,Chicken Wings,Appetizers,3,10,30,12.0
2026-05-05,ORD-27041,Margherita Pizza,Pizza,3,15,45,15.0
2026-05-05,ORD-50430,Margherita Pizza,Pizza,4,15,60,20.0
2026-05-05,ORD-47193,Beef Burger,Burgers,1,14,14,6.0
2026-05-05,ORD-17614,Beef Burger,Burgers,1,14,14,6.0
2026-05-05,ORD-65199,French Fries,Sides,1,5,5,1.5
2026-05-05,ORD-34440,Margherita Pizza,Pizza,2,15,30,10.0
2026-05-05,ORD-28804,French Fries,Sides,3,5,15,4.5
2026-05-05,ORD-51476,Caesar Salad,Salads,1,12,12,4.0
2026-05-05,ORD-17601,Caesar Salad,Salads,2,12,24,8.0
2026-05-05,ORD-78516,Pepperoni Pizza,Pizza,1,18,18,6.0
2026-05-05,ORD-57781,Pepperoni Pizza,Pizza,2,18,36,12.0
2026-05-05,ORD-64817,Tiramisu,Desserts,2,8,16,6.0
2026-05-05,ORD-17545,Pepperoni Pizza,Pizza,2,18,36,12.0
2026-05-05,ORD-74042,Pepperoni Pizza,Pizza,2,18,36,12.0
2026-05-05,ORD-49063,Chicken Wings,Appetizers,1,10,10,4.0
2026-05-05,ORD-65174,Caesar Salad,Salads,3,12,36,12.0
2026-05-05,ORD-38212,Pepperoni Pizza,Pizza,1,18,18,6.0
2026-05-05,ORD-86207,Chicken Wings,Appetizers,1,10,10,4.0
2026-05-05,ORD-53566,Caesar Salad,Salads,3,12,36,12.0
2026-05-05,ORD-22682,Margherita Pizza,Pizza,4,15,60,20.0
2026-05-05,ORD-80876,Margherita Pizza,Pizza,3,15,45,15.0
2026-05-05,ORD-99966,Pepperoni Pizza,Pizza,1,18,18,6.0
2026-05-05,ORD-81949,Beef Burger,Burgers,2,14,28,12.0
2026-05-05,ORD-39303,French Fries,Sides,1,5,5,1.5
2026-05-06,ORD-32628,Tiramisu,Desserts,2,8,16,6.0
2026-05-06,ORD-30572,Soda,Drinks,3,3,9,1.5
2026-05-06,ORD-86452,Tiramisu,Desserts,3,8,24,9.0
2026-05-06,ORD-23345,Pepperoni Pizza,Pizza,3,18,54,18.0
2026-05-06,ORD-44452,Soda,Drinks,3,3,9,1.5
2026-05-06,ORD-10437,Caesar Salad,Salads,2,12,24,8.0
2026-05-06,ORD-55597,Soda,Drinks,1,3,3,0.5
2026-05-06,ORD-94220,Pepperoni Pizza,Pizza,2,18,36,12.0
2026-05-06,ORD-90203,Coffee,Drinks,2,4,8,2.0
2026-05-06,ORD-82773,Coffee,Drinks,1,4,4,1.0
2026-05-06,ORD-63634,Beef Burger,Burgers,3,14,42,18.0
2026-05-06,ORD-64741,Chicken Wings,Appetizers,1,10,10,4.0
2026-05-06,ORD-62661,Chicken Wings,Appetizers,2,10,20,8.0
2026-05-06,ORD-50747,Margherita Pizza,Pizza,5,15,75,25.0
2026-05-06,ORD-34373,Coffee,Drinks,2,4,8,2.0
2026-05-06,ORD-47738,Coffee,Drinks,2,4,8,2.0
2026-05-06,ORD-47294,Caesar Salad,Salads,2,12,24,8.0
2026-05-06,ORD-20711,Margherita Pizza,Pizza,5,15,75,25.0
2026-05-06,ORD-49211,Beef Burger,Burgers,3,14,42,18.0
2026-05-06,ORD-18112,Beef Burger,Burgers,1,14,14,6.0
2026-05-06,ORD-41425,Caesar Salad,Salads,2,12,24,8.0
2026-05-06,ORD-73169,Pepperoni Pizza,Pizza,1,18,18,6.0
2026-05-06,ORD-90442,Tiramisu,Desserts,2,8,16,6.0
2026-05-06,ORD-85451,Margherita Pizza,Pizza,2,15,30,10.0
2026-05-06,ORD-62988,Pepperoni Pizza,Pizza,1,18,18,6.0
2026-05-06,ORD-77155,Margherita Pizza,Pizza,3,15,45,15.0
2026-05-06,ORD-95869,Caesar Salad,Salads,2,12,24,8.0
2026-05-06,ORD-14676,Pepperoni Pizza,Pizza,2,18,36,12.0
2026-05-06,ORD-59691,Beef Burger,Burgers,3,14,42,18.0
2026-05-06,ORD-80856,Chicken Wings,Appetizers,3,10,30,12.0
2026-05-07,ORD-56862,Tiramisu,Desserts,2,8,16,6.0
2026-05-07,ORD-39682,Bruschetta,Appetizers,1,7,7,2.5
2026-05-07,ORD-12586,Coffee,Drinks,2,4,8,2.0
2026-05-07,ORD-21243,Chicken Wings,Appetizers,1,10,10,4.0
2026-05-07,ORD-21924,French Fries,Sides,1,5,5,1.5
2026-05-07,ORD-22014,Margherita Pizza,Pizza,2,15,30,10.0
2026-05-07,ORD-14898,Caesar Salad,Salads,3,12,36,12.0
2026-05-07,ORD-20176,Coffee,Drinks,3,4,12,3.0
2026-05-07,ORD-50034,Beef Burger,Burgers,3,14,42,18.0
2026-05-07,ORD-14271,French Fries,Sides,1,5,5,1.5
2026-05-07,ORD-61143,Coffee,Drinks,3,4,12,3.0
2026-05-07,ORD-75969,Beef Burger,Burgers,1,14,14,6.0
2026-05-07,ORD-79504,Tiramisu,Desserts,1,8,8,3.0
2026-05-07,ORD-66028,Caesar Salad,Salads,2,12,24,8.0
2026-05-07,ORD-40745,Pepperoni Pizza,Pizza,2,18,36,12.0
2026-05-07,ORD-10816,Chicken Wings,Appetizers,3,10,30,12.0
2026-05-07,ORD-48747,Margherita Pizza,Pizza,4,15,60,20.0
2026-05-07,ORD-15401,Pepperoni Pizza,Pizza,2,18,36,12.0
2026-05-07,ORD-87712,Caesar Salad,Salads,3,12,36,12.0
2026-05-07,ORD-61355,Coffee,Drinks,1,4,4,1.0
2026-05-07,ORD-97045,Soda,Drinks,2,3,6,1.0
2026-05-07,ORD-87981,Chicken Wings,Appetizers,3,10,30,12.0
2026-05-07,ORD-76246,Beef Burger,Burgers,2,14,28,12.0
2026-05-07,ORD-27395,Pepperoni Pizza,Pizza,1,18,18,6.0
2026-05-07,ORD-83194,Caesar Salad,Salads,1,12,12,4.0
2026-05-07,ORD-37552,French Fries,Sides,1,5,5,1.5
2026-05-07,ORD-10710,French Fries,Sides,3,5,15,4.5
2026-05-07,ORD-33031,Chicken Wings,Appetizers,2,10,20,8.0
2026-05-07,ORD-57740,Tiramisu,Desserts,3,8,24,9.0
2026-05-07,ORD-82344,Beef Burger,Burgers,2,14,28,12.0
2026-05-07,ORD-89140,Caesar Salad,Salads,1,12,12,4.0
2026-05-07,ORD-19172,Coffee,Drinks,2,4,8,2.0
2026-05-07,ORD-46761,Tiramisu,Desserts,2,8,16,6.0
2026-05-07,ORD-11367,Pepperoni Pizza,Pizza,3,18,54,18.0
2026-05-07,ORD-12127,Caesar Salad,Salads,1,12,12,4.0
2026-05-07,ORD-55796,Beef Burger,Burgers,1,14,14,6.0
2026-05-07,ORD-50358,Beef Burger,Burgers,2,14,28,12.0
2026-05-07,ORD-97794,Soda,Drinks,1,3,3,0.5
2026-05-07,ORD-32505,French Fries,Sides,1,5,5,1.5
2026-05-07,ORD-47734,Pepperoni Pizza,Pizza,1,18,18,6.0
2026-05-07,ORD-72611,Coffee,Drinks,3,4,12,3.0
2026-05-07,ORD-97730,Soda,Drinks,2,3,6,1.0
2026-05-07,ORD-20643,Coffee,Drinks,2,4,8,2.0
2026-05-07,ORD-23479,Coffee,Drinks,3,4,12,3.0
2026-05-07,ORD-23694,French Fries,Sides,3,5,15,4.5
2026-05-07,ORD-55354,Tiramisu,Desserts,3,8,24,9.0
2026-05-07,ORD-68931,Coffee,Drinks,2,4,8,2.0
2026-05-08,ORD-97802,Soda,Drinks,1,3,3,0.5
2026-05-08,ORD-51868,Margherita Pizza,Pizza,5,15,75,25.0
2026-05-08,ORD-66066,Chicken Wings,Appetizers,2,10,20,8.0
2026-05-08,ORD-31280,Pepperoni Pizza,Pizza,3,18,54,18.0
2026-05-08,ORD-74039,Margherita Pizza,Pizza,5,15,75,25.0
2026-05-08,ORD-42740,Tiramisu,Desserts,3,8,24,9.0
2026-05-08,ORD-12376,Caesar Salad,Salads,3,12,36,12.0
2026-05-08,ORD-70556,Soda,Drinks,1,3,3,0.5
2026-05-08,ORD-78453,Chicken Wings,Appetizers,1,10,10,4.0
2026-05-08,ORD-80861,Coffee,Drinks,2,4,8,2.0
2026-05-08,ORD-80640,Pepperoni Pizza,Pizza,1,18,18,6.0
2026-05-08,ORD-76961,Caesar Salad,Salads,2,12,24,8.0
2026-05-08,ORD-67426,Margherita Pizza,Pizza,2,15,30,10.0
2026-05-08,ORD-98180,Chicken Wings,Appetizers,2,10,20,8.0
2026-05-08,ORD-86406,Tiramisu,Desserts,1,8,8,3.0
2026-05-08,ORD-31886,Margherita Pizza,Pizza,3,15,45,15.0
2026-05-08,ORD-87249,Margherita Pizza,Pizza,4,15,60,20.0
2026-05-08,ORD-33477,Soda,Drinks,2,3,6,1.0
2026-05-08,ORD-20758,Soda,Drinks,1,3,3,0.5
2026-05-08,ORD-81345,Caesar Salad,Salads,3,12,36,12.0
2026-05-08,ORD-88041,Pepperoni Pizza,Pizza,2,18,36,12.0
2026-05-08,ORD-82828,Tiramisu,Desserts,3,8,24,9.0
2026-05-08,ORD-95985,Pepperoni Pizza,Pizza,1,18,18,6.0
2026-05-08,ORD-79859,Soda,Drinks,2,3,6,1.0
2026-05-08,ORD-30157,Soda,Drinks,3,3,9,1.5
2026-05-08,ORD-29139,Beef Burger,Burgers,1,14,14,6.0
2026-05-08,ORD-86687,Pepperoni Pizza,Pizza,3,18,54,18.0
2026-05-08,ORD-94724,Pepperoni Pizza,Pizza,2,18,36,12.0
2026-05-08,ORD-81326,French Fries,Sides,3,5,15,4.5
2026-05-08,ORD-49951,Soda,Drinks,3,3,9,1.5
2026-05-08,ORD-86718,Caesar Salad,Salads,1,12,12,4.0
2026-05-08,ORD-28690,Beef Burger,Burgers,3,14,42,18.0
2026-05-08,ORD-11866,Caesar Salad,Salads,1,12,12,4.0
2026-05-08,ORD-93806,Coffee,Drinks,2,4,8,2.0
2026-05-08,ORD-10483,Pepperoni Pizza,Pizza,1,18,18,6.0
2026-05-08,ORD-92428,Soda,Drinks,2,3,6,1.0
2026-05-08,ORD-39557,Margherita Pizza,Pizza,2,15,30,10.0
2026-05-08,ORD-21175,Caesar Salad,Salads,3,12,36,12.0
2026-05-08,ORD-23641,French Fries,Sides,3,5,15,4.5
2026-05-08,ORD-37497,Chicken Wings,Appetizers,2,10,20,8.0
2026-05-08,ORD-39725,Chicken Wings,Appetizers,2,10,20,8.0
2026-05-08,ORD-58598,Margherita Pizza,Pizza,3,15,45,15.0
2026-05-08,ORD-18597,Beef Burger,Burgers,1,14,14,6.0
2026-05-08,ORD-72002,Soda,Drinks,3,3,9,1.5
2026-05-08,ORD-62696,Pepperoni Pizza,Pizza,3,18,54,18.0
2026-05-08,ORD-30134,Soda,Drinks,1,3,3,0.5
2026-05-08,ORD-98284,Bruschetta,Appetizers,1,7,7,2.5
2026-05-08,ORD-27528,Chicken Wings,Appetizers,2,10,20,8.0
2026-05-08,ORD-70625,Tiramisu,Desserts,3,8,24,9.0
2026-05-08,ORD-36831,Tiramisu,Desserts,1,8,8,3.0
2026-05-08,ORD-11710,Caesar Salad,Salads,2,12,24,8.0
2026-05-08,ORD-17029,Pepperoni Pizza,Pizza,3,18,54,18.0
2026-05-08,ORD-86219,Caesar Salad,Salads,2,12,24,8.0
2026-05-08,ORD-97334,Pepperoni Pizza,Pizza,3,18,54,18.0
2026-05-08,ORD-20331,Chicken Wings,Appetizers,3,10,30,12.0
2026-05-08,ORD-66406,French Fries,Sides,1,5,5,1.5
2026-05-08,ORD-82788,Tiramisu,Desserts,3,8,24,9.0
2026-05-08,ORD-94978,Coffee,Drinks,3,4,12,3.0
2026-05-08,ORD-18931,Caesar Salad,Salads,3,12,36,12.0
2026-05-08,ORD-91280,Caesar Salad,Salads,2,12,24,8.0
2026-05-08,ORD-45643,Coffee,Drinks,1,4,4,1.0
2026-05-08,ORD-74225,Soda,Drinks,1,3,3,0.5
2026-05-08,ORD-83714,Beef Burger,Burgers,3,14,42,18.0
2026-05-08,ORD-13548,Caesar Salad,Salads,3,12,36,12.0
2026-05-08,ORD-97167,Bruschetta,Appetizers,1,7,7,2.5
2026-05-08,ORD-29452,Chicken Wings,Appetizers,1,10,10,4.0
2026-05-08,ORD-23492,Caesar Salad,Salads,3,12,36,12.0
2026-05-08,ORD-69170,Soda,Drinks,1,3,3,0.5
2026-05-08,ORD-19042,Caesar Salad,Salads,3,12,36,12.0
2026-05-08,ORD-15186,Margherita Pizza,Pizza,5,15,75,25.0
2026-05-08,ORD-17236,Coffee,Drinks,3,4,12,3.0
2026-05-08,ORD-71092,Soda,Drinks,3,3,9,1.5
2026-05-08,ORD-17391,Soda,Drinks,2,3,6,1.0
2026-05-08,ORD-48090,Pepperoni Pizza,Pizza,3,18,54,18.0
2026-05-08,ORD-17190,Coffee,Drinks,3,4,12,3.0
2026-05-08,ORD-74514,Beef Burger,Burgers,3,14,42,18.0
2026-05-08,ORD-90384,Margherita Pizza,Pizza,5,15,75,25.0
2026-05-08,ORD-52062,Beef Burger,Burgers,1,14,14,6.0
2026-05-08,ORD-40999,Pepperoni Pizza,Pizza,3,18,54,18.0
2026-05-08,ORD-13615,Chicken Wings,Appetizers,1,10,10,4.0
2026-05-08,ORD-30107,Coffee,Drinks,3,4,12,3.0
2026-05-08,ORD-86185,Coffee,Drinks,3,4,12,3.0
2026-05-08,ORD-39157,Pepperoni Pizza,Pizza,3,18,54,18.0
2026-05-08,ORD-38061,Beef Burger,Burgers,3,14,42,18.0
2026-05-08,ORD-36350,Chicken Wings,Appetizers,2,10,20,8.0
2026-05-08,ORD-62786,Beef Burger,Burgers,1,14,14,6.0
2026-05-08,ORD-77511,Pepperoni Pizza,Pizza,1,18,18,6.0
2026-05-08,ORD-47272,Beef Burger,Burgers,1,14,14,6.0
2026-05-08,ORD-17498,Caesar Salad,Salads,2,12,24,8.0
2026-05-08,ORD-72037,Margherita Pizza,Pizza,5,15,75,25.0
2026-05-08,ORD-58075,Chicken Wings,Appetizers,3,10,30,12.0
2026-05-08,ORD-90508,Chicken Wings,Appetizers,1,10,10,4.0
2026-05-08,ORD-30628,Caesar Salad,Salads,1,12,12,4.0
2026-05-08,ORD-76554,Tiramisu,Desserts,1,8,8,3.0
2026-05-08,ORD-24264,Pepperoni Pizza,Pizza,2,18,36,12.0
2026-05-08,ORD-81242,Margherita Pizza,Pizza,3,15,45,15.0
2026-05-08,ORD-98437,Coffee,Drinks,3,4,12,3.0
2026-05-08,ORD-83300,Soda,Drinks,3,3,9,1.5
2026-05-08,ORD-44653,Tiramisu,Desserts,1,8,8,3.0
2026-05-08,ORD-22797,Pepperoni Pizza,Pizza,1,18,18,6.0
2026-05-08,ORD-62841,French Fries,Sides,1,5,5,1.5
2026-05-08,ORD-88284,Beef Burger,Burgers,1,14,14,6.0
2026-05-08,ORD-60121,Chicken Wings,Appetizers,1,10,10,4.0
2026-05-08,ORD-83785,Soda,Drinks,3,3,9,1.5
2026-05-08,ORD-70432,French Fries,Sides,2,5,10,3.0
2026-05-08,ORD-64492,Tiramisu,Desserts,3,8,24,9.0
2026-05-08,ORD-50667,Chicken Wings,Appetizers,3,10,30,12.0
2026-05-08,ORD-21193,French Fries,Sides,1,5,5,1.5
2026-05-08,ORD-25891,French Fries,Sides,2,5,10,3.0
2026-05-08,ORD-49992,Margherita Pizza,Pizza,5,15,75,25.0
2026-05-08,ORD-90115,Coffee,Drinks,3,4,12,3.0
2026-05-08,ORD-70676,French Fries,Sides,2,5,10,3.0
2026-05-08,ORD-40979,Pepperoni Pizza,Pizza,2,18,36,12.0
2026-05-08,ORD-41267,Coffee,Drinks,1,4,4,1.0
2026-05-08,ORD-61239,Coffee,Drinks,2,4,8,2.0
2026-05-08,ORD-43087,French Fries,Sides,2,5,10,3.0
2026-05-08,ORD-41264,Caesar Salad,Salads,3,12,36,12.0
2026-05-08,ORD-44290,Soda,Drinks,2,3,6,1.0
2026-05-08,ORD-33566,Tiramisu,Desserts,2,8,16,6.0
2026-05-08,ORD-59295,Caesar Salad,Salads,2,12,24,8.0
2026-05-08,ORD-75022,Pepperoni Pizza,Pizza,1,18,18,6.0
2026-05-08,ORD-28945,Tiramisu,Desserts,2,8,16,6.0
2026-05-09,ORD-76415,Coffee,Drinks,2,4,8,2.0
2026-05-09,ORD-70932,Coffee,Drinks,3,4,12,3.0
2026-05-09,ORD-82147,Margherita Pizza,Pizza,5,15,75,25.0
2026-05-09,ORD-54957,Caesar Salad,Salads,3,12,36,12.0
2026-05-09,ORD-86736,Chicken Wings,Appetizers,3,10,30,12.0
2026-05-09,ORD-50101,French Fries,Sides,3,5,15,4.5
2026-05-09,ORD-55400,Beef Burger,Burgers,1,14,14,6.0
2026-05-09,ORD-29405,Beef Burger,Burgers,3,14,42,18.0
2026-05-09,ORD-17169,French Fries,Sides,3,5,15,4.5
2026-05-09,ORD-79763,Beef Burger,Burgers,1,14,14,6.0
2026-05-09,ORD-64218,French Fries,Sides,3,5,15,4.5
2026-05-09,ORD-48172,Margherita Pizza,Pizza,2,15,30,10.0
2026-05-09,ORD-51011,Beef Burger,Burgers,2,14,28,12.0
2026-05-09,ORD-20125,Margherita Pizza,Pizza,5,15,75,25.0
2026-05-09,ORD-98555,Tiramisu,Desserts,2,8,16,6.0
2026-05-09,ORD-99474,Pepperoni Pizza,Pizza,1,18,18,6.0
2026-05-09,ORD-99091,Soda,Drinks,2,3,6,1.0
2026-05-09,ORD-87749,Beef Burger,Burgers,1,14,14,6.0
2026-05-09,ORD-90866,Chicken Wings,Appetizers,1,10,10,4.0
2026-05-09,ORD-95137,Margherita Pizza,Pizza,2,15,30,10.0
2026-05-09,ORD-74380,French Fries,Sides,1,5,5,1.5
2026-05-09,ORD-28901,Margherita Pizza,Pizza,4,15,60,20.0
2026-05-09,ORD-97243,Chicken Wings,Appetizers,2,10,20,8.0
2026-05-09,ORD-20311,Beef Burger,Burgers,2,14,28,12.0
2026-05-09,ORD-56235,Soda,Drinks,2,3,6,1.0
2026-05-09,ORD-44127,Caesar Salad,Salads,2,12,24,8.0
2026-05-09,ORD-57916,Caesar Salad,Salads,3,12,36,12.0
2026-05-09,ORD-16269,Margherita Pizza,Pizza,2,15,30,10.0
2026-05-09,ORD-92090,Margherita Pizza,Pizza,4,15,60,20.0
2026-05-09,ORD-75515,Bruschetta,Appetizers,1,7,7,2.5
2026-05-09,ORD-25663,Beef Burger,Burgers,1,14,14,6.0
2026-05-09,ORD-46948,Beef Burger,Burgers,2,14,28,12.0
2026-05-09,ORD-60825,Beef Burger,Burgers,2,14,28,12.0
2026-05-09,ORD-18341,Margherita Pizza,Pizza,2,15,30,10.0
2026-05-09,ORD-33645,Chicken Wings,Appetizers,3,10,30,12.0
2026-05-09,ORD-96378,Soda,Drinks,3,3,9,1.5
2026-05-09,ORD-46173,Tiramisu,Desserts,2,8,16,6.0
2026-05-09,ORD-10939,French Fries,Sides,2,5,10,3.0
2026-05-09,ORD-69796,Soda,Drinks,1,3,3,0.5
2026-05-09,ORD-11570,Beef Burger,Burgers,2,14,28,12.0
2026-05-09,ORD-22573,Coffee,Drinks,3,4,12,3.0
2026-05-09,ORD-90758,Beef Burger,Burgers,2,14,28,12.0
2026-05-09,ORD-86948,Beef Burger,Burgers,3,14,42,18.0
2026-05-09,ORD-72755,Pepperoni Pizza,Pizza,2,18,36,12.0
2026-05-09,ORD-97467,Tiramisu,Desserts,3,8,24,9.0
2026-05-09,ORD-17340,Beef Burger,Burgers,3,14,42,18.0
2026-05-09,ORD-57605,Pepperoni Pizza,Pizza,2,18,36,12.0
2026-05-09,ORD-27511,Chicken Wings,Appetizers,2,10,20,8.0
2026-05-09,ORD-25646,Caesar Salad,Salads,3,12,36,12.0
2026-05-09,ORD-21916,Bruschetta,Appetizers,1,7,7,2.5
2026-05-09,ORD-87219,Tiramisu,Desserts,1,8,8,3.0
2026-05-09,ORD-19182,Chicken Wings,Appetizers,3,10,30,12.0
2026-05-09,ORD-98196,French Fries,Sides,1,5,5,1.5
2026-05-09,ORD-83858,Tiramisu,Desserts,3,8,24,9.0
2026-05-09,ORD-11582,Pepperoni Pizza,Pizza,3,18,54,18.0
2026-05-09,ORD-93572,Caesar Salad,Salads,1,12,12,4.0
2026-05-09,ORD-66559,Pepperoni Pizza,Pizza,3,18,54,18.0
2026-05-09,ORD-92181,Caesar Salad,Salads,1,12,12,4.0
2026-05-09,ORD-23109,Bruschetta,Appetizers,1,7,7,2.5
2026-05-09,ORD-40583,Tiramisu,Desserts,3,8,24,9.0
2026-05-09,ORD-23086,Tiramisu,Desserts,3,8,24,9.0
2026-05-09,ORD-10433,Caesar Salad,Salads,1,12,12,4.0
2026-05-09,ORD-35568,Beef Burger,Burgers,1,14,14,6.0
2026-05-09,ORD-35044,Soda,Drinks,2,3,6,1.0
2026-05-09,ORD-83295,Caesar Salad,Salads,3,12,36,12.0
2026-05-09,ORD-96671,Soda,Drinks,2,3,6,1.0
2026-05-09,ORD-88718,Beef Burger,Burgers,3,14,42,18.0
2026-05-09,ORD-30426,Beef Burger,Burgers,1,14,14,6.0
2026-05-09,ORD-22486,Chicken Wings,Appetizers,1,10,10,4.0
2026-05-09,ORD-75650,Chicken Wings,Appetizers,3,10,30,12.0
2026-05-09,ORD-86265,Tiramisu,Desserts,3,8,24,9.0
2026-05-09,ORD-86413,Tiramisu,Desserts,3,8,24,9.0
2026-05-09,ORD-42459,Beef Burger,Burgers,1,14,14,6.0
2026-05-09,ORD-47140,Tiramisu,Desserts,2,8,16,6.0
2026-05-09,ORD-91257,Beef Burger,Burgers,2,14,28,12.0
2026-05-09,ORD-94979,Margherita Pizza,Pizza,3,15,45,15.0
2026-05-09,ORD-97889,Beef Burger,Burgers,1,14,14,6.0
2026-05-09,ORD-97981,Chicken Wings,Appetizers,3,10,30,12.0
2026-05-09,ORD-53382,Tiramisu,Desserts,2,8,16,6.0
2026-05-09,ORD-52339,Coffee,Drinks,1,4,4,1.0
2026-05-09,ORD-97784,Pepperoni Pizza,Pizza,3,18,54,18.0
2026-05-09,ORD-39588,Coffee,Drinks,1,4,4,1.0
2026-05-09,ORD-83034,Coffee,Drinks,1,4,4,1.0
2026-05-09,ORD-77908,Tiramisu,Desserts,3,8,24,9.0
2026-05-09,ORD-89562,Soda,Drinks,3,3,9,1.5
2026-05-09,ORD-34218,Caesar Salad,Salads,1,12,12,4.0
2026-05-09,ORD-11234,Coffee,Drinks,2,4,8,2.0
2026-05-09,ORD-37479,French Fries,Sides,1,5,5,1.5
2026-05-09,ORD-67710,Soda,Drinks,1,3,3,0.5
2026-05-09,ORD-64010,Beef Burger,Burgers,1,14,14,6.0
2026-05-09,ORD-81543,Caesar Salad,Salads,3,12,36,12.0
2026-05-09,ORD-89383,Soda,Drinks,2,3,6,1.0
2026-05-09,ORD-43128,Margherita Pizza,Pizza,4,15,60,20.0
2026-05-09,ORD-66311,Coffee,Drinks,1,4,4,1.0
2026-05-09,ORD-47416,Soda,Drinks,1,3,3,0.5
2026-05-09,ORD-62231,French Fries,Sides,3,5,15,4.5
2026-05-09,ORD-12429,Coffee,Drinks,3,4,12,3.0
2026-05-09,ORD-93022,Caesar Salad,Salads,1,12,12,4.0
2026-05-09,ORD-61516,Pepperoni Pizza,Pizza,1,18,18,6.0
2026-05-09,ORD-99600,Bruschetta,Appetizers,1,7,7,2.5
2026-05-09,ORD-63716,Pepperoni Pizza,Pizza,2,18,36,12.0
2026-05-09,ORD-98416,Margherita Pizza,Pizza,5,15,75,25.0
2026-05-09,ORD-76788,French Fries,Sides,3,5,15,4.5
2026-05-09,ORD-95910,Chicken Wings,Appetizers,1,10,10,4.0
2026-05-09,ORD-41436,Beef Burger,Burgers,2,14,28,12.0
2026-05-09,ORD-34190,Tiramisu,Desserts,1,8,8,3.0
2026-05-09,ORD-14426,Caesar Salad,Salads,3,12,36,12.0
2026-05-09,ORD-11899,Caesar Salad,Salads,1,12,12,4.0
2026-05-10,ORD-72926,Coffee,Drinks,3,4,12,3.0
2026-05-10,ORD-26085,Chicken Wings,Appetizers,3,10,30,12.0
2026-05-10,ORD-50928,Beef Burger,Burgers,3,14,42,18.0
2026-05-10,ORD-75652,Tiramisu,Desserts,1,8,8,3.0
2026-05-10,ORD-42575,Margherita Pizza,Pizza,5,15,75,25.0
2026-05-10,ORD-55498,Soda,Drinks,2,3,6,1.0
2026-05-10,ORD-48082,Pepperoni Pizza,Pizza,1,18,18,6.0
2026-05-10,ORD-77714,Beef Burger,Burgers,3,14,42,18.0
2026-05-10,ORD-66308,Soda,Drinks,2,3,6,1.0
2026-05-10,ORD-23238,Soda,Drinks,2,3,6,1.0
2026-05-10,ORD-42936,Tiramisu,Desserts,2,8,16,6.0
2026-05-10,ORD-98767,Tiramisu,Desserts,2,8,16,6.0
2026-05-10,ORD-28214,French Fries,Sides,1,5,5,1.5
2026-05-10,ORD-28493,Margherita Pizza,Pizza,5,15,75,25.0
2026-05-10,ORD-68306,Margherita Pizza,Pizza,4,15,60,20.0
2026-05-10,ORD-28176,Coffee,Drinks,3,4,12,3.0
2026-05-10,ORD-21752,Soda,Drinks,2,3,6,1.0
2026-05-10,ORD-64441,Coffee,Drinks,3,4,12,3.0
2026-05-10,ORD-76428,Chicken Wings,Appetizers,1,10,10,4.0
2026-05-10,ORD-10862,French Fries,Sides,3,5,15,4.5
2026-05-10,ORD-68026,French Fries,Sides,2,5,10,3.0
2026-05-10,ORD-72932,Pepperoni Pizza,Pizza,2,18,36,12.0
2026-05-10,ORD-92608,French Fries,Sides,3,5,15,4.5
2026-05-10,ORD-95084,Coffee,Drinks,3,4,12,3.0
2026-05-10,ORD-92539,Pepperoni Pizza,Pizza,1,18,18,6.0
2026-05-10,ORD-49071,Tiramisu,Desserts,2,8,16,6.0
2026-05-10,ORD-12535,Margherita Pizza,Pizza,5,15,75,25.0
2026-05-10,ORD-89864,Pepperoni Pizza,Pizza,3,18,54,18.0
2026-05-10,ORD-39966,Beef Burger,Burgers,2,14,28,12.0
2026-05-10,ORD-93974,French Fries,Sides,1,5,5,1.5
2026-05-10,ORD-59127,Caesar Salad,Salads,1,12,12,4.0
2026-05-10,ORD-52781,Caesar Salad,Salads,2,12,24,8.0
2026-05-10,ORD-82816,Pepperoni Pizza,Pizza,1,18,18,6.0
2026-05-10,ORD-64555,Coffee,Drinks,1,4,4,1.0
2026-05-10,ORD-48077,Soda,Drinks,2,3,6,1.0
2026-05-10,ORD-42409,French Fries,Sides,2,5,10,3.0
2026-05-10,ORD-46645,French Fries,Sides,3,5,15,4.5
2026-05-10,ORD-41013,French Fries,Sides,3,5,15,4.5
2026-05-10,ORD-85408,Margherita Pizza,Pizza,2,15,30,10.0
2026-05-10,ORD-63662,Pepperoni Pizza,Pizza,1,18,18,6.0
2026-05-10,ORD-22689,Beef Burger,Burgers,1,14,14,6.0
2026-05-10,ORD-86254,Soda,Drinks,2,3,6,1.0
2026-05-10,ORD-75004,Chicken Wings,Appetizers,2,10,20,8.0
2026-05-10,ORD-62174,Margherita Pizza,Pizza,5,15,75,25.0
2026-05-10,ORD-60827,Tiramisu,Desserts,1,8,8,3.0
2026-05-10,ORD-77851,Soda,Drinks,2,3,6,1.0
2026-05-10,ORD-55752,Chicken Wings,Appetizers,2,10,20,8.0
2026-05-10,ORD-31544,Pepperoni Pizza,Pizza,3,18,54,18.0
2026-05-10,ORD-18609,Caesar Salad,Salads,1,12,12,4.0
2026-05-10,ORD-50919,French Fries,Sides,2,5,10,3.0
2026-05-10,ORD-82959,Tiramisu,Desserts,1,8,8,3.0
2026-05-10,ORD-78029,Soda,Drinks,1,3,3,0.5
2026-05-10,ORD-27173,French Fries,Sides,3,5,15,4.5
2026-05-10,ORD-22802,Tiramisu,Desserts,3,8,24,9.0
2026-05-10,ORD-69911,Pepperoni Pizza,Pizza,3,18,54,18.0
2026-05-10,ORD-31978,Caesar Salad,Salads,3,12,36,12.0
2026-05-10,ORD-83071,Beef Burger,Burgers,2,14,28,12.0
2026-05-10,ORD-68885,French Fries,Sides,1,5,5,1.5
2026-05-10,ORD-76376,Pepperoni Pizza,Pizza,1,18,18,6.0
2026-05-10,ORD-43808,Coffee,Drinks,3,4,12,3.0
2026-05-10,ORD-42785,Beef Burger,Burgers,2,14,28,12.0
2026-05-10,ORD-17256,Chicken Wings,Appetizers,1,10,10,4.0
2026-05-10,ORD-58893,Tiramisu,Desserts,2,8,16,6.0
2026-05-10,ORD-63079,Pepperoni Pizza,Pizza,3,18,54,18.0
2026-05-10,ORD-54382,Coffee,Drinks,3,4,12,3.0
2026-05-10,ORD-95577,Coffee,Drinks,3,4,12,3.0
2026-05-10,ORD-20385,Margherita Pizza,Pizza,2,15,30,10.0
2026-05-10,ORD-88934,Margherita Pizza,Pizza,4,15,60,20.0
2026-05-10,ORD-58499,Soda,Drinks,1,3,3,0.5
2026-05-10,ORD-48409,Soda,Drinks,3,3,9,1.5
2026-05-10,ORD-54976,Coffee,Drinks,1,4,4,1.0
2026-05-10,ORD-50268,Margherita Pizza,Pizza,4,15,60,20.0
2026-05-10,ORD-18143,Chicken Wings,Appetizers,1,10,10,4.0
2026-05-10,ORD-14440,Coffee,Drinks,3,4,12,3.0
2026-05-10,ORD-92074,Beef Burger,Burgers,2,14,28,12.0
2026-05-10,ORD-33789,Chicken Wings,Appetizers,3,10,30,12.0
2026-05-10,ORD-74560,Pepperoni Pizza,Pizza,2,18,36,12.0
2026-05-10,ORD-55597,Pepperoni Pizza,Pizza,2,18,36,12.0
2026-05-10,ORD-69819,French Fries,Sides,3,5,15,4.5
2026-05-10,ORD-44974,Soda,Drinks,1,3,3,0.5
2026-05-10,ORD-63810,Tiramisu,Desserts,3,8,24,9.0
2026-05-10,ORD-49643,Caesar Salad,Salads,2,12,24,8.0
2026-05-10,ORD-24007,Caesar Salad,Salads,1,12,12,4.0
2026-05-10,ORD-31339,Chicken Wings,Appetizers,1,10,10,4.0
2026-05-10,ORD-87410,French Fries,Sides,3,5,15,4.5
2026-05-10,ORD-95291,Chicken Wings,Appetizers,1,10,10,4.0
2026-05-10,ORD-37288,Caesar Salad,Salads,3,12,36,12.0
2026-05-10,ORD-70731,Margherita Pizza,Pizza,4,15,60,20.0
2026-05-10,ORD-61073,Beef Burger,Burgers,2,14,28,12.0
2026-05-10,ORD-62359,Margherita Pizza,Pizza,3,15,45,15.0
2026-05-10,ORD-52314,Coffee,Drinks,2,4,8,2.0
2026-05-10,ORD-56066,Chicken Wings,Appetizers,3,10,30,12.0
2026-05-10,ORD-29720,Beef Burger,Burgers,2,14,28,12.0
2026-05-10,ORD-13728,Tiramisu,Desserts,3,8,24,9.0
2026-05-10,ORD-70331,Margherita Pizza,Pizza,3,15,45,15.0
2026-05-10,ORD-61777,Pepperoni Pizza,Pizza,2,18,36,12.0
2026-05-10,ORD-54348,Soda,Drinks,3,3,9,1.5
2026-05-10,ORD-79907,Coffee,Drinks,2,4,8,2.0
2026-05-10,ORD-25949,Tiramisu,Desserts,1,8,8,3.0
2026-05-10,ORD-74242,Margherita Pizza,Pizza,3,15,45,15.0
2026-05-10,ORD-85199,Pepperoni Pizza,Pizza,3,18,54,18.0
2026-05-10,ORD-44825,Caesar Salad,Salads,2,12,24,8.0
2026-05-10,ORD-41839,Caesar Salad,Salads,2,12,24,8.0
2026-05-10,ORD-21184,Tiramisu,Desserts,1,8,8,3.0
2026-05-10,ORD-62987,Coffee,Drinks,1,4,4,1.0
2026-05-10,ORD-69660,French Fries,Sides,2,5,10,3.0
2026-05-10,ORD-20460,Pepperoni Pizza,Pizza,1,18,18,6.0
2026-05-10,ORD-72072,Soda,Drinks,3,3,9,1.5
2026-05-11,ORD-59747,Margherita Pizza,Pizza,3,15,45,15.0
2026-05-11,ORD-27611,Margherita Pizza,Pizza,5,15,75,25.0
2026-05-11,ORD-22488,Pepperoni Pizza,Pizza,3,18,54,18.0
2026-05-11,ORD-70109,Coffee,Drinks,2,4,8,2.0
2026-05-11,ORD-99259,Coffee,Drinks,3,4,12,3.0
2026-05-11,ORD-53653,Margherita Pizza,Pizza,2,15,30,10.0
2026-05-11,ORD-26371,Beef Burger,Burgers,3,14,42,18.0
2026-05-11,ORD-50786,Beef Burger,Burgers,2,14,28,12.0
2026-05-11,ORD-61502,Chicken Wings,Appetizers,1,10,10,4.0
2026-05-11,ORD-83350,Caesar Salad,Salads,1,12,12,4.0
2026-05-11,ORD-22014,Tiramisu,Desserts,3,8,24,9.0
2026-05-11,ORD-85446,Soda,Drinks,2,3,6,1.0
2026-05-11,ORD-54430,Soda,Drinks,1,3,3,0.5
2026-05-11,ORD-42211,Chicken Wings,Appetizers,3,10,30,12.0
2026-05-11,ORD-17790,Coffee,Drinks,2,4,8,2.0
2026-05-11,ORD-56366,Chicken Wings,Appetizers,2,10,20,8.0
2026-05-11,ORD-48415,Margherita Pizza,Pizza,5,15,75,25.0
2026-05-11,ORD-29668,Caesar Salad,Salads,1,12,12,4.0
2026-05-11,ORD-94700,Soda,Drinks,3,3,9,1.5
2026-05-11,ORD-49402,French Fries,Sides,1,5,5,1.5
2026-05-11,ORD-78040,Tiramisu,Desserts,3,8,24,9.0
2026-05-11,ORD-78698,Coffee,Drinks,2,4,8,2.0
2026-05-11,ORD-35582,French Fries,Sides,3,5,15,4.5
2026-05-11,ORD-58545,Chicken Wings,Appetizers,1,10,10,4.0
2026-05-11,ORD-82621,Caesar Salad,Salads,2,12,24,8.0
2026-05-11,ORD-16366,Pepperoni Pizza,Pizza,2,18,36,12.0
2026-05-11,ORD-76042,Chicken Wings,Appetizers,1,10,10,4.0
2026-05-11,ORD-80008,Tiramisu,Desserts,2,8,16,6.0
2026-05-11,ORD-27218,Beef Burger,Burgers,3,14,42,18.0
2026-05-11,ORD-23220,Margherita Pizza,Pizza,5,15,75,25.0
2026-05-11,ORD-15284,Coffee,Drinks,2,4,8,2.0
2026-05-11,ORD-35553,French Fries,Sides,3,5,15,4.5
2026-05-11,ORD-11061,Beef Burger,Burgers,2,14,28,12.0
2026-05-11,ORD-31596,Tiramisu,Desserts,3,8,24,9.0
2026-05-11,ORD-94119,Caesar Salad,Salads,3,12,36,12.0
2026-05-11,ORD-47314,Pepperoni Pizza,Pizza,1,18,18,6.0
2026-05-11,ORD-33716,French Fries,Sides,3,5,15,4.5
2026-05-11,ORD-50124,Chicken Wings,Appetizers,2,10,20,8.0
2026-05-11,ORD-53856,Caesar Salad,Salads,1,12,12,4.0
2026-05-11,ORD-15069,Soda,Drinks,2,3,6,1.0
2026-05-11,ORD-30094,Soda,Drinks,3,3,9,1.5
2026-05-11,ORD-65190,Chicken Wings,Appetizers,3,10,30,12.0
2026-05-11,ORD-45599,French Fries,Sides,1,5,5,1.5
2026-05-11,ORD-36959,Soda,Drinks,2,3,6,1.0
2026-05-11,ORD-81360,Tiramisu,Desserts,3,8,24,9.0
2026-05-11,ORD-64466,French Fries,Sides,3,5,15,4.5
2026-05-11,ORD-67479,Tiramisu,Desserts,2,8,16,6.0
2026-05-11,ORD-18991,Bruschetta,Appetizers,1,7,7,2.5
2026-05-11,ORD-60616,Chicken Wings,Appetizers,3,10,30,12.0
2026-05-11,ORD-63536,Beef Burger,Burgers,2,14,28,12.0
2026-05-11,ORD-15113,Caesar Salad,Salads,1,12,12,4.0
2026-05-11,ORD-33068,Margherita Pizza,Pizza,4,15,60,20.0
2026-05-11,ORD-24899,Beef Burger,Burgers,2,14,28,12.0
2026-05-11,ORD-63116,Caesar Salad,Salads,1,12,12,4.0
2026-05-12,ORD-50298,Caesar Salad,Salads,2,12,24,8.0
2026-05-12,ORD-11149,Tiramisu,Desserts,1,8,8,3.0
2026-05-12,ORD-91296,Caesar Salad,Salads,2,12,24,8.0
2026-05-12,ORD-42596,Pepperoni Pizza,Pizza,1,18,18,6.0
2026-05-12,ORD-65605,Chicken Wings,Appetizers,1,10,10,4.0
2026-05-12,ORD-37057,Beef Burger,Burgers,1,14,14,6.0
2026-05-12,ORD-17806,Soda,Drinks,1,3,3,0.5
2026-05-12,ORD-78013,Tiramisu,Desserts,1,8,8,3.0
2026-05-12,ORD-54340,Soda,Drinks,1,3,3,0.5
2026-05-12,ORD-99949,Chicken Wings,Appetizers,3,10,30,12.0
2026-05-12,ORD-29742,Caesar Salad,Salads,1,12,12,4.0
2026-05-12,ORD-75484,Coffee,Drinks,2,4,8,2.0
2026-05-12,ORD-59313,Caesar Salad,Salads,3,12,36,12.0
2026-05-12,ORD-81118,Beef Burger,Burgers,2,14,28,12.0
2026-05-12,ORD-73743,Caesar Salad,Salads,2,12,24,8.0
2026-05-12,ORD-12769,Soda,Drinks,2,3,6,1.0
2026-05-12,ORD-91524,Chicken Wings,Appetizers,3,10,30,12.0
2026-05-12,ORD-84633,Soda,Drinks,3,3,9,1.5
2026-05-12,ORD-90581,French Fries,Sides,3,5,15,4.5
2026-05-12,ORD-23429,French Fries,Sides,2,5,10,3.0
2026-05-12,ORD-38116,Chicken Wings,Appetizers,2,10,20,8.0
2026-05-12,ORD-98374,Tiramisu,Desserts,2,8,16,6.0
2026-05-12,ORD-11357,Tiramisu,Desserts,1,8,8,3.0
2026-05-12,ORD-78203,Coffee,Drinks,3,4,12,3.0
2026-05-12,ORD-36867,Margherita Pizza,Pizza,5,15,75,25.0
2026-05-12,ORD-82142,Pepperoni Pizza,Pizza,2,18,36,12.0
2026-05-12,ORD-53505,Beef Burger,Burgers,3,14,42,18.0
2026-05-12,ORD-85469,Soda,Drinks,1,3,3,0.5
2026-05-12,ORD-28277,Caesar Salad,Salads,2,12,24,8.0
2026-05-12,ORD-94291,Bruschetta,Appetizers,1,7,7,2.5
2026-05-12,ORD-38976,Pepperoni Pizza,Pizza,3,18,54,18.0
2026-05-12,ORD-97262,Tiramisu,Desserts,2,8,16,6.0
2026-05-12,ORD-23283,Chicken Wings,Appetizers,1,10,10,4.0
2026-05-12,ORD-61511,Soda,Drinks,2,3,6,1.0
2026-05-12,ORD-54840,Margherita Pizza,Pizza,2,15,30,10.0
2026-05-12,ORD-49269,Pepperoni Pizza,Pizza,1,18,18,6.0
2026-05-12,ORD-38817,Bruschetta,Appetizers,1,7,7,2.5
2026-05-12,ORD-60837,Pepperoni Pizza,Pizza,1,18,18,6.0
2026-05-12,ORD-19422,Coffee,Drinks,2,4,8,2.0
2026-05-12,ORD-75325,Caesar Salad,Salads,3,12,36,12.0
2026-05-12,ORD-45502,French Fries,Sides,3,5,15,4.5
2026-05-12,ORD-27328,Beef Burger,Burgers,2,14,28,12.0
2026-05-12,ORD-62507,Margherita Pizza,Pizza,3,15,45,15.0
2026-05-12,ORD-65935,Beef Burger,Burgers,2,14,28,12.0
2026-05-12,ORD-29438,French Fries,Sides,2,5,10,3.0
2026-05-12,ORD-46533,Caesar Salad,Salads,3,12,36,12.0
2026-05-13,ORD-51934,Bruschetta,Appetizers,1,7,7,2.5
2026-05-13,ORD-96963,Margherita Pizza,Pizza,5,15,75,25.0
2026-05-13,ORD-28596,Margherita Pizza,Pizza,2,15,30,10.0
2026-05-13,ORD-56932,Soda,Drinks,3,3,9,1.5
2026-05-13,ORD-23116,Pepperoni Pizza,Pizza,1,18,18,6.0
2026-05-13,ORD-15178,Caesar Salad,Salads,1,12,12,4.0
2026-05-13,ORD-97811,Tiramisu,Desserts,1,8,8,3.0
2026-05-13,ORD-64533,Pepperoni Pizza,Pizza,3,18,54,18.0
2026-05-13,ORD-75772,Bruschetta,Appetizers,1,7,7,2.5
2026-05-13,ORD-36335,Tiramisu,Desserts,1,8,8,3.0
2026-05-13,ORD-51380,Soda,Drinks,2,3,6,1.0
2026-05-13,ORD-82423,Caesar Salad,Salads,1,12,12,4.0
2026-05-13,ORD-95593,Beef Burger,Burgers,3,14,42,18.0
2026-05-13,ORD-62973,Coffee,Drinks,3,4,12,3.0
2026-05-13,ORD-28259,Coffee,Drinks,1,4,4,1.0
2026-05-13,ORD-80811,Pepperoni Pizza,Pizza,2,18,36,12.0
2026-05-13,ORD-89307,Coffee,Drinks,1,4,4,1.0
2026-05-13,ORD-37924,Soda,Drinks,1,3,3,0.5
2026-05-13,ORD-81716,Beef Burger,Burgers,1,14,14,6.0
2026-05-13,ORD-63262,Coffee,Drinks,2,4,8,2.0
2026-05-13,ORD-71528,Caesar Salad,Salads,1,12,12,4.0
2026-05-13,ORD-18969,Caesar Salad,Salads,2,12,24,8.0
2026-05-13,ORD-20273,Chicken Wings,Appetizers,1,10,10,4.0
2026-05-13,ORD-17001,Soda,Drinks,3,3,9,1.5
2026-05-13,ORD-36097,Pepperoni Pizza,Pizza,3,18,54,18.0
2026-05-13,ORD-98954,Tiramisu,Desserts,1,8,8,3.0
2026-05-13,ORD-73051,Coffee,Drinks,2,4,8,2.0
2026-05-13,ORD-65392,Margherita Pizza,Pizza,2,15,30,10.0
2026-05-13,ORD-13407,Coffee,Drinks,1,4,4,1.0
2026-05-13,ORD-16216,Margherita Pizza,Pizza,5,15,75,25.0
2026-05-13,ORD-50551,Bruschetta,Appetizers,1,7,7,2.5
2026-05-13,ORD-31226,Beef Burger,Burgers,3,14,42,18.0
2026-05-13,ORD-86683,Tiramisu,Desserts,2,8,16,6.0
2026-05-13,ORD-34301,Chicken Wings,Appetizers,1,10,10,4.0
2026-05-13,ORD-70046,Caesar Salad,Salads,3,12,36,12.0
2026-05-13,ORD-69604,Margherita Pizza,Pizza,4,15,60,20.0
2026-05-13,ORD-35501,Tiramisu,Desserts,2,8,16,6.0
2026-05-13,ORD-92973,Chicken Wings,Appetizers,2,10,20,8.0
2026-05-13,ORD-50962,French Fries,Sides,2,5,10,3.0
2026-05-13,ORD-46703,Chicken Wings,Appetizers,1,10,10,4.0
2026-05-13,ORD-25113,Pepperoni Pizza,Pizza,2,18,36,12.0
2026-05-13,ORD-75162,French Fries,Sides,3,5,15,4.5
2026-05-13,ORD-41445,Tiramisu,Desserts,3,8,24,9.0
2026-05-13,ORD-64157,Tiramisu,Desserts,3,8,24,9.0
2026-05-13,ORD-52141,Chicken Wings,Appetizers,2,10,20,8.0
2026-05-13,ORD-80414,Caesar Salad,Salads,2,12,24,8.0
2026-05-13,ORD-34961,Coffee,Drinks,1,4,4,1.0
2026-05-13,ORD-34410,Chicken Wings,Appetizers,3,10,30,12.0
2026-05-13,ORD-29746,Beef Burger,Burgers,3,14,42,18.0
2026-05-13,ORD-75384,Caesar Salad,Salads,1,12,12,4.0
2026-05-13,ORD-79796,Caesar Salad,Salads,1,12,12,4.0
2026-05-13,ORD-59659,Beef Burger,Burgers,3,14,42,18.0
2026-05-13,ORD-76560,Margherita Pizza,Pizza,5,15,75,25.0
2026-05-13,ORD-82328,Beef Burger,Burgers,2,14,28,12.0
2026-05-13,ORD-50389,Beef Burger,Burgers,1,14,14,6.0
2026-05-13,ORD-53134,Tiramisu,Desserts,3,8,24,9.0
2026-05-14,ORD-45405,Margherita Pizza,Pizza,2,15,30,10.0
2026-05-14,ORD-93680,Tiramisu,Desserts,1,8,8,3.0
2026-05-14,ORD-53404,French Fries,Sides,1,5,5,1.5
2026-05-14,ORD-83863,French Fries,Sides,3,5,15,4.5
2026-05-14,ORD-44318,Beef Burger,Burgers,2,14,28,12.0
2026-05-14,ORD-16464,French Fries,Sides,2,5,10,3.0
2026-05-14,ORD-26194,Caesar Salad,Salads,3,12,36,12.0
2026-05-14,ORD-80471,Margherita Pizza,Pizza,4,15,60,20.0
2026-05-14,ORD-42060,Caesar Salad,Salads,1,12,12,4.0
2026-05-14,ORD-92683,Margherita Pizza,Pizza,5,15,75,25.0
2026-05-14,ORD-11937,Caesar Salad,Salads,3,12,36,12.0
2026-05-14,ORD-54622,Margherita Pizza,Pizza,3,15,45,15.0
2026-05-14,ORD-30937,Coffee,Drinks,1,4,4,1.0
2026-05-14,ORD-30099,French Fries,Sides,2,5,10,3.0
2026-05-14,ORD-51025,Soda,Drinks,1,3,3,0.5
2026-05-14,ORD-17665,Tiramisu,Desserts,2,8,16,6.0
2026-05-14,ORD-82191,Beef Burger,Burgers,1,14,14,6.0
2026-05-14,ORD-11283,Pepperoni Pizza,Pizza,2,18,36,12.0
2026-05-14,ORD-30323,Bruschetta,Appetizers,1,7,7,2.5
2026-05-14,ORD-88612,Soda,Drinks,3,3,9,1.5
2026-05-14,ORD-83899,Chicken Wings,Appetizers,2,10,20,8.0
2026-05-14,ORD-21741,Bruschetta,Appetizers,1,7,7,2.5
2026-05-14,ORD-86569,Soda,Drinks,2,3,6,1.0
2026-05-14,ORD-72569,Beef Burger,Burgers,2,14,28,12.0
2026-05-14,ORD-81302,Caesar Salad,Salads,3,12,36,12.0
2026-05-14,ORD-12336,Chicken Wings,Appetizers,2,10,20,8.0
2026-05-14,ORD-89040,Soda,Drinks,1,3,3,0.5
2026-05-15,ORD-76324,Coffee,Drinks,3,4,12,3.0
2026-05-15,ORD-46623,Beef Burger,Burgers,2,14,28,12.0
2026-05-15,ORD-11273,French Fries,Sides,2,5,10,3.0
2026-05-15,ORD-94426,Soda,Drinks,2,3,6,1.0
2026-05-15,ORD-79648,Soda,Drinks,2,3,6,1.0
2026-05-15,ORD-71981,Soda,Drinks,2,3,6,1.0
2026-05-15,ORD-42964,Tiramisu,Desserts,1,8,8,3.0
2026-05-15,ORD-51328,Soda,Drinks,2,3,6,1.0
2026-05-15,ORD-73026,Caesar Salad,Salads,3,12,36,12.0
2026-05-15,ORD-47530,Pepperoni Pizza,Pizza,1,18,18,6.0
2026-05-15,ORD-57395,Beef Burger,Burgers,2,14,28,12.0
2026-05-15,ORD-30054,Margherita Pizza,Pizza,2,15,30,10.0
2026-05-15,ORD-52891,Margherita Pizza,Pizza,4,15,60,20.0
2026-05-15,ORD-71091,French Fries,Sides,1,5,5,1.5
2026-05-15,ORD-31227,Soda,Drinks,1,3,3,0.5
2026-05-15,ORD-66722,Tiramisu,Desserts,3,8,24,9.0
2026-05-15,ORD-39000,Caesar Salad,Salads,2,12,24,8.0
2026-05-15,ORD-74611,French Fries,Sides,1,5,5,1.5
2026-05-15,ORD-47826,Caesar Salad,Salads,3,12,36,12.0
2026-05-15,ORD-32553,Soda,Drinks,2,3,6,1.0
2026-05-15,ORD-58561,Caesar Salad,Salads,1,12,12,4.0
2026-05-15,ORD-63417,Soda,Drinks,1,3,3,0.5
2026-05-15,ORD-54306,French Fries,Sides,2,5,10,3.0
2026-05-15,ORD-88521,French Fries,Sides,1,5,5,1.5
2026-05-15,ORD-45379,Margherita Pizza,Pizza,5,15,75,25.0
2026-05-15,ORD-55985,Tiramisu,Desserts,1,8,8,3.0
2026-05-15,ORD-52211,Soda,Drinks,2,3,6,1.0
2026-05-15,ORD-38348,Chicken Wings,Appetizers,2,10,20,8.0
2026-05-15,ORD-90712,Tiramisu,Desserts,3,8,24,9.0
2026-05-15,ORD-76815,Soda,Drinks,2,3,6,1.0
2026-05-15,ORD-41461,Beef Burger,Burgers,1,14,14,6.0
2026-05-15,ORD-14317,Tiramisu,Desserts,2,8,16,6.0
2026-05-15,ORD-66533,French Fries,Sides,1,5,5,1.5
2026-05-15,ORD-26590,Beef Burger,Burgers,2,14,28,12.0
2026-05-15,ORD-33928,Soda,Drinks,2,3,6,1.0
2026-05-15,ORD-61036,Coffee,Drinks,3,4,12,3.0
2026-05-15,ORD-88086,French Fries,Sides,3,5,15,4.5
2026-05-15,ORD-66084,French Fries,Sides,2,5,10,3.0
2026-05-15,ORD-72939,French Fries,Sides,3,5,15,4.5
2026-05-15,ORD-83421,Beef Burger,Burgers,1,14,14,6.0
2026-05-15,ORD-87518,Tiramisu,Desserts,3,8,24,9.0
2026-05-15,ORD-39978,French Fries,Sides,1,5,5,1.5
2026-05-15,ORD-68069,Coffee,Drinks,1,4,4,1.0
2026-05-15,ORD-76872,Chicken Wings,Appetizers,3,10,30,12.0
2026-05-15,ORD-94787,Soda,Drinks,2,3,6,1.0
2026-05-15,ORD-64284,Pepperoni Pizza,Pizza,2,18,36,12.0
2026-05-15,ORD-98784,Caesar Salad,Salads,3,12,36,12.0
2026-05-15,ORD-38356,Beef Burger,Burgers,3,14,42,18.0
2026-05-15,ORD-43762,Chicken Wings,Appetizers,2,10,20,8.0
2026-05-15,ORD-20362,Margherita Pizza,Pizza,5,15,75,25.0
2026-05-15,ORD-33608,Caesar Salad,Salads,1,12,12,4.0
2026-05-15,ORD-58249,Chicken Wings,Appetizers,2,10,20,8.0
2026-05-15,ORD-65069,Coffee,Drinks,1,4,4,1.0
2026-05-15,ORD-32873,Coffee,Drinks,1,4,4,1.0
2026-05-15,ORD-20866,Margherita Pizza,Pizza,5,15,75,25.0
2026-05-15,ORD-11754,French Fries,Sides,2,5,10,3.0
2026-05-15,ORD-70632,Margherita Pizza,Pizza,4,15,60,20.0
2026-05-15,ORD-75845,French Fries,Sides,1,5,5,1.5
2026-05-15,ORD-87571,Beef Burger,Burgers,1,14,14,6.0
2026-05-15,ORD-78490,Tiramisu,Desserts,2,8,16,6.0
2026-05-15,ORD-40472,Chicken Wings,Appetizers,3,10,30,12.0
2026-05-15,ORD-36724,Tiramisu,Desserts,1,8,8,3.0
2026-05-15,ORD-24642,Beef Burger,Burgers,1,14,14,6.0
2026-05-15,ORD-53258,Beef Burger,Burgers,3,14,42,18.0
2026-05-15,ORD-69897,Bruschetta,Appetizers,1,7,7,2.5
2026-05-15,ORD-86619,Chicken Wings,Appetizers,2,10,20,8.0
2026-05-15,ORD-26067,Beef Burger,Burgers,2,14,28,12.0
2026-05-15,ORD-18455,Beef Burger,Burgers,3,14,42,18.0
2026-05-15,ORD-68297,Coffee,Drinks,3,4,12,3.0
2026-05-15,ORD-19699,Caesar Salad,Salads,2,12,24,8.0
2026-05-15,ORD-49068,Tiramisu,Desserts,3,8,24,9.0
2026-05-15,ORD-37629,French Fries,Sides,1,5,5,1.5
2026-05-15,ORD-26405,Pepperoni Pizza,Pizza,1,18,18,6.0
2026-05-15,ORD-64742,Beef Burger,Burgers,3,14,42,18.0
2026-05-15,ORD-95166,Coffee,Drinks,3,4,12,3.0
2026-05-15,ORD-37529,Pepperoni Pizza,Pizza,3,18,54,18.0
2026-05-15,ORD-57821,Coffee,Drinks,1,4,4,1.0
2026-05-15,ORD-91395,Tiramisu,Desserts,1,8,8,3.0
2026-05-15,ORD-54359,Chicken Wings,Appetizers,1,10,10,4.0
2026-05-15,ORD-22453,Coffee,Drinks,1,4,4,1.0
2026-05-15,ORD-32884,Tiramisu,Desserts,3,8,24,9.0
2026-05-15,ORD-36755,Soda,Drinks,1,3,3,0.5
2026-05-15,ORD-73830,Caesar Salad,Salads,3,12,36,12.0
2026-05-15,ORD-79855,Caesar Salad,Salads,2,12,24,8.0
2026-05-16,ORD-41596,French Fries,Sides,2,5,10,3.0
2026-05-16,ORD-54352,Chicken Wings,Appetizers,3,10,30,12.0
2026-05-16,ORD-89168,Soda,Drinks,2,3,6,1.0
2026-05-16,ORD-23961,French Fries,Sides,1,5,5,1.5
2026-05-16,ORD-12530,Bruschetta,Appetizers,1,7,7,2.5
2026-05-16,ORD-65956,Margherita Pizza,Pizza,4,15,60,20.0
2026-05-16,ORD-32064,Coffee,Drinks,3,4,12,3.0
2026-05-16,ORD-20310,Coffee,Drinks,1,4,4,1.0
2026-05-16,ORD-12013,Pepperoni Pizza,Pizza,1,18,18,6.0
2026-05-16,ORD-16549,Pepperoni Pizza,Pizza,2,18,36,12.0
2026-05-16,ORD-82149,French Fries,Sides,1,5,5,1.5
2026-05-16,ORD-44484,Soda,Drinks,2,3,6,1.0
2026-05-16,ORD-12689,Soda,Drinks,1,3,3,0.5
2026-05-16,ORD-75711,Pepperoni Pizza,Pizza,3,18,54,18.0
2026-05-16,ORD-64631,Margherita Pizza,Pizza,2,15,30,10.0
2026-05-16,ORD-70113,French Fries,Sides,1,5,5,1.5
2026-05-16,ORD-95388,Chicken Wings,Appetizers,2,10,20,8.0
2026-05-16,ORD-12522,Tiramisu,Desserts,3,8,24,9.0
2026-05-16,ORD-43825,Coffee,Drinks,3,4,12,3.0
2026-05-16,ORD-31236,Tiramisu,Desserts,3,8,24,9.0
2026-05-16,ORD-78119,Coffee,Drinks,3,4,12,3.0
2026-05-16,ORD-11144,Caesar Salad,Salads,1,12,12,4.0
2026-05-16,ORD-52189,Tiramisu,Desserts,1,8,8,3.0
2026-05-16,ORD-60712,Soda,Drinks,2,3,6,1.0
2026-05-16,ORD-97538,Bruschetta,Appetizers,1,7,7,2.5
2026-05-16,ORD-79019,Bruschetta,Appetizers,1,7,7,2.5
2026-05-16,ORD-76846,Margherita Pizza,Pizza,4,15,60,20.0
2026-05-16,ORD-95600,French Fries,Sides,2,5,10,3.0
2026-05-16,ORD-65796,Soda,Drinks,2,3,6,1.0
2026-05-16,ORD-26612,Chicken Wings,Appetizers,3,10,30,12.0
2026-05-16,ORD-12511,Bruschetta,Appetizers,1,7,7,2.5
2026-05-16,ORD-72864,Bruschetta,Appetizers,1,7,7,2.5
2026-05-16,ORD-90208,French Fries,Sides,1,5,5,1.5
2026-05-16,ORD-34352,Caesar Salad,Salads,2,12,24,8.0
2026-05-16,ORD-92457,Beef Burger,Burgers,2,14,28,12.0
2026-05-16,ORD-77677,Coffee,Drinks,2,4,8,2.0
2026-05-16,ORD-54913,French Fries,Sides,3,5,15,4.5
2026-05-16,ORD-54407,Chicken Wings,Appetizers,3,10,30,12.0
2026-05-16,ORD-45658,Tiramisu,Desserts,2,8,16,6.0
2026-05-16,ORD-28392,Caesar Salad,Salads,2,12,24,8.0
2026-05-16,ORD-80329,Pepperoni Pizza,Pizza,3,18,54,18.0
2026-05-16,ORD-14696,Pepperoni Pizza,Pizza,3,18,54,18.0
2026-05-16,ORD-28222,Caesar Salad,Salads,2,12,24,8.0
2026-05-16,ORD-66507,Tiramisu,Desserts,1,8,8,3.0
2026-05-16,ORD-10542,Pepperoni Pizza,Pizza,1,18,18,6.0
2026-05-16,ORD-67069,Margherita Pizza,Pizza,4,15,60,20.0
2026-05-16,ORD-37231,Pepperoni Pizza,Pizza,2,18,36,12.0
2026-05-16,ORD-72908,Soda,Drinks,1,3,3,0.5
2026-05-16,ORD-38553,Coffee,Drinks,3,4,12,3.0
2026-05-16,ORD-48414,Coffee,Drinks,1,4,4,1.0
2026-05-16,ORD-12498,Margherita Pizza,Pizza,3,15,45,15.0
2026-05-16,ORD-66719,French Fries,Sides,1,5,5,1.5
2026-05-16,ORD-95589,Caesar Salad,Salads,2,12,24,8.0
2026-05-16,ORD-17728,Soda,Drinks,2,3,6,1.0
2026-05-16,ORD-68074,Margherita Pizza,Pizza,2,15,30,10.0
2026-05-16,ORD-85524,Tiramisu,Desserts,3,8,24,9.0
2026-05-16,ORD-59982,Coffee,Drinks,3,4,12,3.0
2026-05-16,ORD-21201,Soda,Drinks,2,3,6,1.0
2026-05-16,ORD-98652,Caesar Salad,Salads,2,12,24,8.0
2026-05-16,ORD-50779,Margherita Pizza,Pizza,3,15,45,15.0
2026-05-16,ORD-18854,Caesar Salad,Salads,1,12,12,4.0
2026-05-16,ORD-22178,Beef Burger,Burgers,2,14,28,12.0
2026-05-16,ORD-51281,Chicken Wings,Appetizers,3,10,30,12.0
2026-05-16,ORD-21259,Caesar Salad,Salads,3,12,36,12.0
2026-05-16,ORD-19070,Coffee,Drinks,1,4,4,1.0
2026-05-16,ORD-57873,Caesar Salad,Salads,1,12,12,4.0
2026-05-16,ORD-41700,Margherita Pizza,Pizza,3,15,45,15.0
2026-05-16,ORD-52778,Margherita Pizza,Pizza,3,15,45,15.0
2026-05-16,ORD-67117,Chicken Wings,Appetizers,3,10,30,12.0
2026-05-16,ORD-54231,Beef Burger,Burgers,2,14,28,12.0
2026-05-16,ORD-95023,Coffee,Drinks,1,4,4,1.0
2026-05-16,ORD-49561,Margherita Pizza,Pizza,5,15,75,25.0
2026-05-16,ORD-24336,Chicken Wings,Appetizers,1,10,10,4.0
2026-05-16,ORD-44448,Soda,Drinks,2,3,6,1.0
2026-05-16,ORD-50942,Tiramisu,Desserts,1,8,8,3.0
2026-05-16,ORD-68605,Tiramisu,Desserts,3,8,24,9.0
2026-05-16,ORD-81946,French Fries,Sides,2,5,10,3.0
2026-05-16,ORD-19349,Tiramisu,Desserts,1,8,8,3.0
2026-05-16,ORD-32892,Margherita Pizza,Pizza,5,15,75,25.0
2026-05-16,ORD-38442,Caesar Salad,Salads,2,12,24,8.0
2026-05-16,ORD-39464,Beef Burger,Burgers,2,14,28,12.0
2026-05-16,ORD-39648,Chicken Wings,Appetizers,2,10,20,8.0
2026-05-16,ORD-20003,Coffee,Drinks,1,4,4,1.0
2026-05-16,ORD-21072,Chicken Wings,Appetizers,2,10,20,8.0
2026-05-16,ORD-90801,Chicken Wings,Appetizers,3,10,30,12.0
2026-05-16,ORD-21453,Soda,Drinks,1,3,3,0.5
2026-05-16,ORD-79320,Beef Burger,Burgers,2,14,28,12.0
2026-05-16,ORD-85407,Beef Burger,Burgers,2,14,28,12.0
2026-05-16,ORD-44942,Margherita Pizza,Pizza,5,15,75,25.0
2026-05-16,ORD-68995,French Fries,Sides,3,5,15,4.5
2026-05-16,ORD-59954,Margherita Pizza,Pizza,3,15,45,15.0
2026-05-16,ORD-13099,Soda,Drinks,1,3,3,0.5
2026-05-16,ORD-30496,Soda,Drinks,1,3,3,0.5
2026-05-16,ORD-39419,Chicken Wings,Appetizers,2,10,20,8.0
2026-05-16,ORD-98337,Chicken Wings,Appetizers,1,10,10,4.0
2026-05-16,ORD-57917,French Fries,Sides,2,5,10,3.0
2026-05-16,ORD-69017,Pepperoni Pizza,Pizza,2,18,36,12.0
2026-05-16,ORD-29413,Soda,Drinks,3,3,9,1.5
2026-05-16,ORD-16569,Beef Burger,Burgers,1,14,14,6.0
2026-05-16,ORD-27668,Soda,Drinks,2,3,6,1.0
2026-05-16,ORD-44698,Coffee,Drinks,1,4,4,1.0
2026-05-16,ORD-70514,Margherita Pizza,Pizza,5,15,75,25.0
2026-05-16,ORD-65987,Caesar Salad,Salads,2,12,24,8.0
2026-05-16,ORD-10308,Tiramisu,Desserts,2,8,16,6.0
2026-05-16,ORD-45623,Tiramisu,Desserts,3,8,24,9.0
2026-05-16,ORD-20668,French Fries,Sides,2,5,10,3.0
2026-05-16,ORD-70288,Soda,Drinks,3,3,9,1.5
2026-05-16,ORD-98526,French Fries,Sides,1,5,5,1.5
2026-05-16,ORD-50775,Margherita Pizza,Pizza,4,15,60,20.0
2026-05-16,ORD-27738,Beef Burger,Burgers,3,14,42,18.0
2026-05-16,ORD-57312,Tiramisu,Desserts,3,8,24,9.0
2026-05-16,ORD-77324,Chicken Wings,Appetizers,1,10,10,4.0
2026-05-16,ORD-41204,Soda,Drinks,2,3,6,1.0
2026-05-16,ORD-83291,Tiramisu,Desserts,1,8,8,3.0
2026-05-16,ORD-82534,Pepperoni Pizza,Pizza,3,18,54,18.0
2026-05-16,ORD-87056,Caesar Salad,Salads,2,12,24,8.0
2026-05-16,ORD-94010,French Fries,Sides,2,5,10,3.0
2026-05-16,ORD-61351,Coffee,Drinks,2,4,8,2.0
2026-05-16,ORD-59805,Pepperoni Pizza,Pizza,2,18,36,12.0
2026-05-16,ORD-11490,Tiramisu,Desserts,3,8,24,9.0
2026-05-16,ORD-73027,French Fries,Sides,3,5,15,4.5
2026-05-16,ORD-17976,Tiramisu,Desserts,1,8,8,3.0
2026-05-16,ORD-84043,Beef Burger,Burgers,1,14,14,6.0
2026-05-16,ORD-35186,Tiramisu,Desserts,3,8,24,9.0
2026-05-16,ORD-65793,Soda,Drinks,1,3,3,0.5
2026-05-17,ORD-48325,Tiramisu,Desserts,1,8,8,3.0
2026-05-17,ORD-56301,Tiramisu,Desserts,2,8,16,6.0
2026-05-17,ORD-37539,Tiramisu,Desserts,1,8,8,3.0
2026-05-17,ORD-37658,Soda,Drinks,3,3,9,1.5
2026-05-17,ORD-87075,Coffee,Drinks,2,4,8,2.0
2026-05-17,ORD-63244,French Fries,Sides,3,5,15,4.5
2026-05-17,ORD-84833,Margherita Pizza,Pizza,3,15,45,15.0
2026-05-17,ORD-46296,Bruschetta,Appetizers,1,7,7,2.5
2026-05-17,ORD-85510,Coffee,Drinks,2,4,8,2.0
2026-05-17,ORD-15609,Caesar Salad,Salads,3,12,36,12.0
2026-05-17,ORD-38379,Bruschetta,Appetizers,1,7,7,2.5
2026-05-17,ORD-43386,Chicken Wings,Appetizers,2,10,20,8.0
2026-05-17,ORD-74686,Caesar Salad,Salads,3,12,36,12.0
2026-05-17,ORD-23354,Caesar Salad,Salads,1,12,12,4.0
2026-05-17,ORD-38991,Pepperoni Pizza,Pizza,2,18,36,12.0
2026-05-17,ORD-13454,Soda,Drinks,1,3,3,0.5
2026-05-17,ORD-36911,Pepperoni Pizza,Pizza,1,18,18,6.0
2026-05-17,ORD-79166,Soda,Drinks,1,3,3,0.5
2026-05-17,ORD-73471,Soda,Drinks,3,3,9,1.5
2026-05-17,ORD-55175,Coffee,Drinks,1,4,4,1.0
2026-05-17,ORD-24625,Chicken Wings,Appetizers,3,10,30,12.0
2026-05-17,ORD-63000,Caesar Salad,Salads,3,12,36,12.0
2026-05-17,ORD-99574,French Fries,Sides,2,5,10,3.0
2026-05-17,ORD-78834,Coffee,Drinks,1,4,4,1.0
2026-05-17,ORD-36833,French Fries,Sides,1,5,5,1.5
2026-05-17,ORD-68245,Pepperoni Pizza,Pizza,1,18,18,6.0
2026-05-17,ORD-31198,Coffee,Drinks,1,4,4,1.0
2026-05-17,ORD-10691,Soda,Drinks,1,3,3,0.5
2026-05-17,ORD-40794,Beef Burger,Burgers,3,14,42,18.0
2026-05-17,ORD-71285,Chicken Wings,Appetizers,1,10,10,4.0
2026-05-17,ORD-38370,Beef Burger,Burgers,2,14,28,12.0
2026-05-17,ORD-40081,French Fries,Sides,3,5,15,4.5
2026-05-17,ORD-98118,Tiramisu,Desserts,3,8,24,9.0
2026-05-17,ORD-45228,French Fries,Sides,1,5,5,1.5
2026-05-17,ORD-30201,Margherita Pizza,Pizza,5,15,75,25.0
2026-05-17,ORD-24634,Chicken Wings,Appetizers,2,10,20,8.0
2026-05-17,ORD-14263,Chicken Wings,Appetizers,3,10,30,12.0
2026-05-17,ORD-29433,Soda,Drinks,3,3,9,1.5
2026-05-17,ORD-28330,French Fries,Sides,2,5,10,3.0
2026-05-17,ORD-76164,Chicken Wings,Appetizers,3,10,30,12.0
2026-05-17,ORD-41743,Soda,Drinks,1,3,3,0.5
2026-05-17,ORD-38812,French Fries,Sides,3,5,15,4.5
2026-05-17,ORD-35934,French Fries,Sides,3,5,15,4.5
2026-05-17,ORD-22322,French Fries,Sides,2,5,10,3.0
2026-05-17,ORD-14851,Chicken Wings,Appetizers,1,10,10,4.0
2026-05-17,ORD-40284,Coffee,Drinks,2,4,8,2.0
2026-05-17,ORD-68877,Chicken Wings,Appetizers,1,10,10,4.0
2026-05-17,ORD-70964,Pepperoni Pizza,Pizza,1,18,18,6.0
2026-05-17,ORD-26426,Coffee,Drinks,1,4,4,1.0
2026-05-17,ORD-39105,French Fries,Sides,1,5,5,1.5
2026-05-17,ORD-81624,French Fries,Sides,2,5,10,3.0
2026-05-17,ORD-63105,Soda,Drinks,2,3,6,1.0
2026-05-17,ORD-72245,French Fries,Sides,2,5,10,3.0
2026-05-17,ORD-37603,Coffee,Drinks,3,4,12,3.0
2026-05-17,ORD-59806,Tiramisu,Desserts,2,8,16,6.0
2026-05-17,ORD-15237,Caesar Salad,Salads,2,12,24,8.0
2026-05-17,ORD-67161,Coffee,Drinks,1,4,4,1.0
2026-05-17,ORD-96624,Pepperoni Pizza,Pizza,1,18,18,6.0
2026-05-17,ORD-50461,Coffee,Drinks,3,4,12,3.0
2026-05-17,ORD-63017,Caesar Salad,Salads,2,12,24,8.0
2026-05-17,ORD-10085,Caesar Salad,Salads,3,12,36,12.0
2026-05-17,ORD-36849,Tiramisu,Desserts,1,8,8,3.0
2026-05-17,ORD-39836,Coffee,Drinks,1,4,4,1.0
2026-05-17,ORD-85867,French Fries,Sides,3,5,15,4.5
2026-05-17,ORD-69710,Soda,Drinks,2,3,6,1.0
2026-05-17,ORD-47431,French Fries,Sides,1,5,5,1.5
2026-05-17,ORD-34724,Beef Burger,Burgers,2,14,28,12.0
2026-05-17,ORD-24876,Caesar Salad,Salads,3,12,36,12.0
2026-05-17,ORD-67010,Margherita Pizza,Pizza,5,15,75,25.0
2026-05-17,ORD-88264,Margherita Pizza,Pizza,2,15,30,10.0
2026-05-17,ORD-10216,Caesar Salad,Salads,2,12,24,8.0
2026-05-17,ORD-40622,Margherita Pizza,Pizza,4,15,60,20.0
2026-05-17,ORD-16256,Chicken Wings,Appetizers,3,10,30,12.0
2026-05-17,ORD-26693,Soda,Drinks,1,3,3,0.5
2026-05-17,ORD-67823,Margherita Pizza,Pizza,4,15,60,20.0
2026-05-17,ORD-20403,Caesar Salad,Salads,1,12,12,4.0
2026-05-17,ORD-93589,Pepperoni Pizza,Pizza,2,18,36,12.0
2026-05-17,ORD-75532,Soda,Drinks,1,3,3,0.5
2026-05-17,ORD-12724,Pepperoni Pizza,Pizza,2,18,36,12.0
2026-05-17,ORD-25868,Tiramisu,Desserts,1,8,8,3.0
2026-05-17,ORD-47129,Caesar Salad,Salads,3,12,36,12.0
2026-05-17,ORD-98928,Soda,Drinks,1,3,3,0.5
2026-05-17,ORD-29992,Soda,Drinks,1,3,3,0.5
2026-05-17,ORD-50594,Pepperoni Pizza,Pizza,2,18,36,12.0
2026-05-17,ORD-15956,Margherita Pizza,Pizza,4,15,60,20.0
2026-05-17,ORD-34229,French Fries,Sides,1,5,5,1.5
2026-05-17,ORD-82910,Tiramisu,Desserts,2,8,16,6.0
2026-05-17,ORD-44280,Coffee,Drinks,2,4,8,2.0
2026-05-17,ORD-61523,Tiramisu,Desserts,2,8,16,6.0
2026-05-17,ORD-84182,Pepperoni Pizza,Pizza,2,18,36,12.0
2026-05-17,ORD-74508,Bruschetta,Appetizers,1,7,7,2.5
2026-05-17,ORD-13399,Beef Burger,Burgers,2,14,28,12.0
2026-05-18,ORD-29925,Tiramisu,Desserts,3,8,24,9.0
2026-05-18,ORD-40114,Beef Burger,Burgers,1,14,14,6.0
2026-05-18,ORD-30519,Tiramisu,Desserts,3,8,24,9.0
2026-05-18,ORD-74737,Caesar Salad,Salads,3,12,36,12.0
2026-05-18,ORD-22073,Beef Burger,Burgers,1,14,14,6.0
2026-05-18,ORD-77804,Beef Burger,Burgers,3,14,42,18.0
2026-05-18,ORD-85013,Coffee,Drinks,2,4,8,2.0
2026-05-18,ORD-60524,Beef Burger,Burgers,1,14,14,6.0
2026-05-18,ORD-87049,French Fries,Sides,2,5,10,3.0
2026-05-18,ORD-30197,Caesar Salad,Salads,1,12,12,4.0
2026-05-18,ORD-26776,French Fries,Sides,1,5,5,1.5
2026-05-18,ORD-45599,Soda,Drinks,2,3,6,1.0
2026-05-18,ORD-34341,Tiramisu,Desserts,3,8,24,9.0
2026-05-18,ORD-96626,Pepperoni Pizza,Pizza,3,18,54,18.0
2026-05-18,ORD-44586,Coffee,Drinks,3,4,12,3.0
2026-05-18,ORD-39667,Beef Burger,Burgers,3,14,42,18.0
2026-05-18,ORD-70598,Coffee,Drinks,1,4,4,1.0
2026-05-18,ORD-71819,Soda,Drinks,2,3,6,1.0
2026-05-18,ORD-15426,Pepperoni Pizza,Pizza,2,18,36,12.0
2026-05-18,ORD-69337,French Fries,Sides,2,5,10,3.0
2026-05-18,ORD-69206,Pepperoni Pizza,Pizza,3,18,54,18.0
2026-05-18,ORD-44549,Beef Burger,Burgers,2,14,28,12.0
2026-05-18,ORD-17086,Pepperoni Pizza,Pizza,1,18,18,6.0
2026-05-18,ORD-28121,Margherita Pizza,Pizza,4,15,60,20.0
2026-05-18,ORD-60901,Chicken Wings,Appetizers,1,10,10,4.0
2026-05-18,ORD-44134,Coffee,Drinks,2,4,8,2.0
2026-05-18,ORD-82593,Coffee,Drinks,3,4,12,3.0
2026-05-18,ORD-96042,French Fries,Sides,1,5,5,1.5
2026-05-18,ORD-55802,Soda,Drinks,1,3,3,0.5
2026-05-18,ORD-19638,Tiramisu,Desserts,1,8,8,3.0
2026-05-18,ORD-68390,Pepperoni Pizza,Pizza,3,18,54,18.0
2026-05-18,ORD-95467,Chicken Wings,Appetizers,2,10,20,8.0
2026-05-18,ORD-34259,Margherita Pizza,Pizza,2,15,30,10.0
2026-05-18,ORD-54656,Soda,Drinks,2,3,6,1.0
2026-05-18,ORD-15556,Caesar Salad,Salads,1,12,12,4.0
2026-05-19,ORD-14152,Bruschetta,Appetizers,1,7,7,2.5
2026-05-19,ORD-68839,Pepperoni Pizza,Pizza,2,18,36,12.0
2026-05-19,ORD-73240,Coffee,Drinks,1,4,4,1.0
2026-05-19,ORD-84091,Coffee,Drinks,3,4,12,3.0
2026-05-19,ORD-19923,Tiramisu,Desserts,3,8,24,9.0
2026-05-19,ORD-56475,French Fries,Sides,3,5,15,4.5
2026-05-19,ORD-59729,Coffee,Drinks,1,4,4,1.0
2026-05-19,ORD-69770,Margherita Pizza,Pizza,2,15,30,10.0
2026-05-19,ORD-70416,Pepperoni Pizza,Pizza,2,18,36,12.0
2026-05-19,ORD-15645,Chicken Wings,Appetizers,2,10,20,8.0
2026-05-19,ORD-19404,Coffee,Drinks,3,4,12,3.0
2026-05-19,ORD-11985,Pepperoni Pizza,Pizza,2,18,36,12.0
2026-05-19,ORD-57084,French Fries,Sides,2,5,10,3.0
2026-05-19,ORD-11470,Tiramisu,Desserts,3,8,24,9.0
2026-05-19,ORD-34810,Soda,Drinks,2,3,6,1.0
2026-05-19,ORD-84021,Tiramisu,Desserts,3,8,24,9.0
2026-05-19,ORD-52977,Margherita Pizza,Pizza,3,15,45,15.0
2026-05-19,ORD-34793,Margherita Pizza,Pizza,5,15,75,25.0
2026-05-19,ORD-51777,Coffee,Drinks,2,4,8,2.0
2026-05-19,ORD-78214,French Fries,Sides,1,5,5,1.5
2026-05-19,ORD-27445,Caesar Salad,Salads,2,12,24,8.0
2026-05-19,ORD-66633,French Fries,Sides,2,5,10,3.0
2026-05-19,ORD-85929,Caesar Salad,Salads,1,12,12,4.0
2026-05-19,ORD-28488,Margherita Pizza,Pizza,4,15,60,20.0
2026-05-19,ORD-81618,Beef Burger,Burgers,1,14,14,6.0
2026-05-19,ORD-18053,Soda,Drinks,1,3,3,0.5
2026-05-19,ORD-72446,Caesar Salad,Salads,3,12,36,12.0
2026-05-19,ORD-63551,Bruschetta,Appetizers,1,7,7,2.5
2026-05-19,ORD-53220,Pepperoni Pizza,Pizza,3,18,54,18.0
2026-05-19,ORD-54483,Pepperoni Pizza,Pizza,1,18,18,6.0
2026-05-19,ORD-73189,Caesar Salad,Salads,1,12,12,4.0
2026-05-19,ORD-11067,French Fries,Sides,3,5,15,4.5
2026-05-19,ORD-59123,Soda,Drinks,2,3,6,1.0
2026-05-19,ORD-51538,Chicken Wings,Appetizers,1,10,10,4.0
2026-05-19,ORD-91279,Beef Burger,Burgers,1,14,14,6.0
2026-05-19,ORD-51229,Beef Burger,Burgers,1,14,14,6.0
2026-05-19,ORD-99315,Tiramisu,Desserts,2,8,16,6.0
2026-05-19,ORD-12462,Margherita Pizza,Pizza,4,15,60,20.0
2026-05-19,ORD-71033,Chicken Wings,Appetizers,1,10,10,4.0
2026-05-19,ORD-78852,Beef Burger,Burgers,2,14,28,12.0
2026-05-19,ORD-45265,Coffee,Drinks,2,4,8,2.0
2026-05-19,ORD-47156,French Fries,Sides,3,5,15,4.5
2026-05-19,ORD-27992,Tiramisu,Desserts,2,8,16,6.0
2026-05-19,ORD-25752,French Fries,Sides,3,5,15,4.5
2026-05-19,ORD-54562,Chicken Wings,Appetizers,2,10,20,8.0
2026-05-19,ORD-85448,Tiramisu,Desserts,1,8,8,3.0
2026-05-19,ORD-83945,Beef Burger,Burgers,3,14,42,18.0
2026-05-19,ORD-80348,Coffee,Drinks,2,4,8,2.0
2026-05-19,ORD-92390,French Fries,Sides,1,5,5,1.5
2026-05-19,ORD-54525,Margherita Pizza,Pizza,5,15,75,25.0
2026-05-19,ORD-52194,Margherita Pizza,Pizza,3,15,45,15.0
2026-05-19,ORD-57753,Tiramisu,Desserts,2,8,16,6.0
2026-05-19,ORD-95025,Pepperoni Pizza,Pizza,1,18,18,6.0
2026-05-19,ORD-78619,Caesar Salad,Salads,3,12,36,12.0
2026-05-19,ORD-79505,Tiramisu,Desserts,3,8,24,9.0
2026-05-20,ORD-33081,Beef Burger,Burgers,2,14,28,12.0
2026-05-20,ORD-73245,Coffee,Drinks,2,4,8,2.0
2026-05-20,ORD-55843,Beef Burger,Burgers,1,14,14,6.0
2026-05-20,ORD-44686,Caesar Salad,Salads,1,12,12,4.0
2026-05-20,ORD-92534,Caesar Salad,Salads,3,12,36,12.0
2026-05-20,ORD-95310,Coffee,Drinks,3,4,12,3.0
2026-05-20,ORD-52444,Pepperoni Pizza,Pizza,2,18,36,12.0
2026-05-20,ORD-43434,French Fries,Sides,1,5,5,1.5
2026-05-20,ORD-23870,Soda,Drinks,3,3,9,1.5
2026-05-20,ORD-22784,Caesar Salad,Salads,1,12,12,4.0
2026-05-20,ORD-21590,Margherita Pizza,Pizza,3,15,45,15.0
2026-05-20,ORD-63754,Margherita Pizza,Pizza,2,15,30,10.0
2026-05-20,ORD-36703,Chicken Wings,Appetizers,3,10,30,12.0
2026-05-20,ORD-75214,Beef Burger,Burgers,1,14,14,6.0
2026-05-20,ORD-56231,Tiramisu,Desserts,2,8,16,6.0
2026-05-20,ORD-12159,Margherita Pizza,Pizza,2,15,30,10.0
2026-05-20,ORD-51195,Chicken Wings,Appetizers,1,10,10,4.0
2026-05-20,ORD-23116,Tiramisu,Desserts,3,8,24,9.0
2026-05-20,ORD-44132,Tiramisu,Desserts,2,8,16,6.0
2026-05-20,ORD-19015,Beef Burger,Burgers,1,14,14,6.0
2026-05-20,ORD-51739,Bruschetta,Appetizers,1,7,7,2.5
2026-05-20,ORD-14577,Caesar Salad,Salads,2,12,24,8.0
2026-05-20,ORD-64189,Tiramisu,Desserts,1,8,8,3.0
2026-05-20,ORD-27719,Soda,Drinks,3,3,9,1.5
2026-05-20,ORD-70038,French Fries,Sides,3,5,15,4.5
2026-05-20,ORD-59907,Beef Burger,Burgers,1,14,14,6.0
2026-05-20,ORD-80779,Chicken Wings,Appetizers,2,10,20,8.0
2026-05-20,ORD-25891,Caesar Salad,Salads,3,12,36,12.0
2026-05-20,ORD-77673,Tiramisu,Desserts,2,8,16,6.0
2026-05-20,ORD-70902,Soda,Drinks,2,3,6,1.0
2026-05-20,ORD-45162,Tiramisu,Desserts,1,8,8,3.0
2026-05-20,ORD-86464,Chicken Wings,Appetizers,1,10,10,4.0
2026-05-20,ORD-37707,Beef Burger,Burgers,3,14,42,18.0
2026-05-20,ORD-29129,French Fries,Sides,1,5,5,1.5
2026-05-20,ORD-11876,Beef Burger,Burgers,1,14,14,6.0
2026-05-20,ORD-28853,Coffee,Drinks,1,4,4,1.0
2026-05-20,ORD-85594,Beef Burger,Burgers,3,14,42,18.0
2026-05-20,ORD-82573,Bruschetta,Appetizers,1,7,7,2.5
2026-05-20,ORD-37810,Pepperoni Pizza,Pizza,3,18,54,18.0
2026-05-20,ORD-80380,Soda,Drinks,3,3,9,1.5
2026-05-20,ORD-87337,Tiramisu,Desserts,2,8,16,6.0
2026-05-20,ORD-89719,French Fries,Sides,2,5,10,3.0
2026-05-20,ORD-69884,Margherita Pizza,Pizza,4,15,60,20.0
2026-05-20,ORD-27146,Bruschetta,Appetizers,1,7,7,2.5
2026-05-20,ORD-96022,Tiramisu,Desserts,1,8,8,3.0
2026-05-20,ORD-33987,Caesar Salad,Salads,2,12,24,8.0
2026-05-20,ORD-90895,Margherita Pizza,Pizza,2,15,30,10.0
2026-05-20,ORD-78992,Pepperoni Pizza,Pizza,1,18,18,6.0
2026-05-21,ORD-50007,Chicken Wings,Appetizers,2,10,20,8.0
2026-05-21,ORD-44323,Beef Burger,Burgers,2,14,28,12.0
2026-05-21,ORD-81708,Pepperoni Pizza,Pizza,1,18,18,6.0
2026-05-21,ORD-66961,Margherita Pizza,Pizza,5,15,75,25.0
2026-05-21,ORD-46324,Soda,Drinks,3,3,9,1.5
2026-05-21,ORD-25896,Pepperoni Pizza,Pizza,3,18,54,18.0
2026-05-21,ORD-53380,Soda,Drinks,1,3,3,0.5
2026-05-21,ORD-96802,Margherita Pizza,Pizza,5,15,75,25.0
2026-05-21,ORD-88442,Pepperoni Pizza,Pizza,3,18,54,18.0
2026-05-21,ORD-24403,Pepperoni Pizza,Pizza,2,18,36,12.0
2026-05-21,ORD-70892,Tiramisu,Desserts,2,8,16,6.0
2026-05-21,ORD-83202,Pepperoni Pizza,Pizza,3,18,54,18.0
2026-05-21,ORD-20382,Soda,Drinks,3,3,9,1.5
2026-05-21,ORD-35460,Chicken Wings,Appetizers,2,10,20,8.0
2026-05-21,ORD-74533,Margherita Pizza,Pizza,2,15,30,10.0
2026-05-21,ORD-26557,Coffee,Drinks,2,4,8,2.0
2026-05-21,ORD-70631,Soda,Drinks,3,3,9,1.5
2026-05-21,ORD-28892,Beef Burger,Burgers,1,14,14,6.0
2026-05-21,ORD-28205,Bruschetta,Appetizers,1,7,7,2.5
2026-05-21,ORD-35100,Bruschetta,Appetizers,1,7,7,2.5
2026-05-21,ORD-34481,Margherita Pizza,Pizza,2,15,30,10.0
2026-05-21,ORD-87143,Beef Burger,Burgers,3,14,42,18.0
2026-05-21,ORD-45524,Coffee,Drinks,1,4,4,1.0
2026-05-21,ORD-68137,Caesar Salad,Salads,3,12,36,12.0
2026-05-21,ORD-42198,Chicken Wings,Appetizers,2,10,20,8.0
2026-05-21,ORD-99297,Bruschetta,Appetizers,1,7,7,2.5
2026-05-21,ORD-23964,Pepperoni Pizza,Pizza,2,18,36,12.0
2026-05-21,ORD-65969,Pepperoni Pizza,Pizza,1,18,18,6.0
2026-05-21,ORD-96891,Chicken Wings,Appetizers,1,10,10,4.0
2026-05-21,ORD-77257,Margherita Pizza,Pizza,2,15,30,10.0
2026-05-21,ORD-88846,Margherita Pizza,Pizza,3,15,45,15.0
2026-05-21,ORD-93779,Bruschetta,Appetizers,1,7,7,2.5
2026-05-21,ORD-47313,Coffee,Drinks,1,4,4,1.0
2026-05-21,ORD-90026,Coffee,Drinks,3,4,12,3.0
2026-05-21,ORD-25352,Margherita Pizza,Pizza,2,15,30,10.0
2026-05-21,ORD-32908,Pepperoni Pizza,Pizza,2,18,36,12.0
2026-05-21,ORD-75808,Caesar Salad,Salads,1,12,12,4.0
2026-05-21,ORD-22354,Pepperoni Pizza,Pizza,2,18,36,12.0
2026-05-21,ORD-26203,Pepperoni Pizza,Pizza,3,18,54,18.0
2026-05-21,ORD-96774,Beef Burger,Burgers,3,14,42,18.0
2026-05-21,ORD-83199,Margherita Pizza,Pizza,3,15,45,15.0
2026-05-21,ORD-40856,Beef Burger,Burgers,1,14,14,6.0
2026-05-21,ORD-74463,Margherita Pizza,Pizza,4,15,60,20.0
2026-05-21,ORD-23175,Beef Burger,Burgers,1,14,14,6.0
2026-05-21,ORD-47920,Soda,Drinks,2,3,6,1.0
2026-05-21,ORD-63269,Beef Burger,Burgers,1,14,14,6.0
2026-05-21,ORD-50890,Chicken Wings,Appetizers,3,10,30,12.0
2026-05-21,ORD-25977,Tiramisu,Desserts,1,8,8,3.0
2026-05-21,ORD-78417,Caesar Salad,Salads,2,12,24,8.0
2026-05-21,ORD-49365,Tiramisu,Desserts,2,8,16,6.0
2026-05-21,ORD-22791,Pepperoni Pizza,Pizza,2,18,36,12.0
2026-05-21,ORD-97043,Beef Burger,Burgers,2,14,28,12.0
2026-05-21,ORD-53857,French Fries,Sides,2,5,10,3.0
2026-05-21,ORD-69455,Beef Burger,Burgers,3,14,42,18.0
2026-05-21,ORD-94201,Margherita Pizza,Pizza,2,15,30,10.0
2026-05-21,ORD-30486,Beef Burger,Burgers,2,14,28,12.0
2026-05-22,ORD-58708,Coffee,Drinks,2,4,8,2.0
2026-05-22,ORD-35615,Beef Burger,Burgers,2,14,28,12.0
2026-05-22,ORD-12432,Chicken Wings,Appetizers,3,10,30,12.0
2026-05-22,ORD-45364,Caesar Salad,Salads,3,12,36,12.0
2026-05-22,ORD-11135,Bruschetta,Appetizers,1,7,7,2.5
2026-05-22,ORD-93669,Chicken Wings,Appetizers,1,10,10,4.0
2026-05-22,ORD-26782,Tiramisu,Desserts,1,8,8,3.0
2026-05-22,ORD-39809,Caesar Salad,Salads,1,12,12,4.0
2026-05-22,ORD-10477,Margherita Pizza,Pizza,5,15,75,25.0
2026-05-22,ORD-87137,Beef Burger,Burgers,3,14,42,18.0
2026-05-22,ORD-22521,Soda,Drinks,1,3,3,0.5
2026-05-22,ORD-22996,Margherita Pizza,Pizza,3,15,45,15.0
2026-05-22,ORD-12924,Margherita Pizza,Pizza,2,15,30,10.0
2026-05-22,ORD-18584,Pepperoni Pizza,Pizza,2,18,36,12.0
2026-05-22,ORD-55251,Tiramisu,Desserts,1,8,8,3.0
2026-05-22,ORD-27766,Beef Burger,Burgers,2,14,28,12.0
2026-05-22,ORD-85983,Margherita Pizza,Pizza,4,15,60,20.0
2026-05-22,ORD-25591,Soda,Drinks,2,3,6,1.0
2026-05-22,ORD-41405,Margherita Pizza,Pizza,4,15,60,20.0
2026-05-22,ORD-19523,Beef Burger,Burgers,1,14,14,6.0
2026-05-22,ORD-80817,French Fries,Sides,1,5,5,1.5
2026-05-22,ORD-84719,Bruschetta,Appetizers,1,7,7,2.5
2026-05-22,ORD-71628,Margherita Pizza,Pizza,5,15,75,25.0
2026-05-22,ORD-40563,Tiramisu,Desserts,2,8,16,6.0
2026-05-22,ORD-57983,Coffee,Drinks,1,4,4,1.0
2026-05-22,ORD-15072,Chicken Wings,Appetizers,2,10,20,8.0
2026-05-22,ORD-35541,Caesar Salad,Salads,1,12,12,4.0
2026-05-22,ORD-39126,French Fries,Sides,1,5,5,1.5
2026-05-22,ORD-80233,Tiramisu,Desserts,1,8,8,3.0
2026-05-22,ORD-30002,Coffee,Drinks,2,4,8,2.0
2026-05-22,ORD-35262,Pepperoni Pizza,Pizza,2,18,36,12.0
2026-05-22,ORD-69469,Soda,Drinks,3,3,9,1.5
2026-05-22,ORD-96733,Chicken Wings,Appetizers,3,10,30,12.0
2026-05-22,ORD-81599,Soda,Drinks,2,3,6,1.0
2026-05-22,ORD-83226,Coffee,Drinks,2,4,8,2.0
2026-05-22,ORD-45041,French Fries,Sides,2,5,10,3.0
2026-05-22,ORD-58986,Soda,Drinks,1,3,3,0.5
2026-05-22,ORD-85302,Coffee,Drinks,3,4,12,3.0
2026-05-22,ORD-25591,Coffee,Drinks,2,4,8,2.0
2026-05-22,ORD-48604,Margherita Pizza,Pizza,2,15,30,10.0
2026-05-22,ORD-70188,Tiramisu,Desserts,3,8,24,9.0
2026-05-22,ORD-37615,Tiramisu,Desserts,3,8,24,9.0
2026-05-22,ORD-49030,Margherita Pizza,Pizza,3,15,45,15.0
2026-05-22,ORD-42451,Coffee,Drinks,3,4,12,3.0
2026-05-22,ORD-19843,Margherita Pizza,Pizza,2,15,30,10.0
2026-05-22,ORD-83267,Caesar Salad,Salads,1,12,12,4.0
2026-05-22,ORD-35295,Pepperoni Pizza,Pizza,2,18,36,12.0
2026-05-22,ORD-75161,Coffee,Drinks,3,4,12,3.0
2026-05-22,ORD-21851,Caesar Salad,Salads,3,12,36,12.0
2026-05-22,ORD-97082,Soda,Drinks,1,3,3,0.5
2026-05-22,ORD-39089,Caesar Salad,Salads,3,12,36,12.0
2026-05-22,ORD-95302,Margherita Pizza,Pizza,2,15,30,10.0
2026-05-22,ORD-20275,Margherita Pizza,Pizza,3,15,45,15.0
2026-05-22,ORD-89462,Tiramisu,Desserts,3,8,24,9.0
2026-05-22,ORD-81467,Margherita Pizza,Pizza,5,15,75,25.0
2026-05-22,ORD-28132,Pepperoni Pizza,Pizza,3,18,54,18.0
2026-05-22,ORD-27221,French Fries,Sides,3,5,15,4.5
2026-05-22,ORD-59937,Tiramisu,Desserts,2,8,16,6.0
2026-05-22,ORD-70032,Margherita Pizza,Pizza,4,15,60,20.0
2026-05-22,ORD-32961,Caesar Salad,Salads,3,12,36,12.0
2026-05-22,ORD-86923,Beef Burger,Burgers,1,14,14,6.0
2026-05-22,ORD-40937,Beef Burger,Burgers,3,14,42,18.0
2026-05-22,ORD-98318,Beef Burger,Burgers,3,14,42,18.0
2026-05-22,ORD-56939,Caesar Salad,Salads,2,12,24,8.0
2026-05-22,ORD-35533,Beef Burger,Burgers,2,14,28,12.0
2026-05-22,ORD-39222,Caesar Salad,Salads,2,12,24,8.0
2026-05-22,ORD-68728,Beef Burger,Burgers,3,14,42,18.0
2026-05-22,ORD-37840,French Fries,Sides,1,5,5,1.5
2026-05-22,ORD-63210,Coffee,Drinks,2,4,8,2.0
2026-05-22,ORD-47943,Soda,Drinks,1,3,3,0.5
2026-05-22,ORD-11261,Beef Burger,Burgers,3,14,42,18.0
2026-05-22,ORD-72276,Caesar Salad,Salads,2,12,24,8.0
2026-05-22,ORD-43754,Margherita Pizza,Pizza,2,15,30,10.0
2026-05-22,ORD-92208,Margherita Pizza,Pizza,5,15,75,25.0
2026-05-22,ORD-29297,Chicken Wings,Appetizers,1,10,10,4.0
2026-05-22,ORD-53903,Pepperoni Pizza,Pizza,2,18,36,12.0
2026-05-22,ORD-97546,Caesar Salad,Salads,2,12,24,8.0
2026-05-22,ORD-99556,Coffee,Drinks,3,4,12,3.0
2026-05-22,ORD-17440,Chicken Wings,Appetizers,3,10,30,12.0
2026-05-22,ORD-12577,Tiramisu,Desserts,1,8,8,3.0
2026-05-22,ORD-99030,Coffee,Drinks,1,4,4,1.0
2026-05-22,ORD-13612,Margherita Pizza,Pizza,5,15,75,25.0
2026-05-22,ORD-92063,French Fries,Sides,2,5,10,3.0
2026-05-22,ORD-80364,Soda,Drinks,3,3,9,1.5
2026-05-22,ORD-79503,Coffee,Drinks,3,4,12,3.0
2026-05-22,ORD-56478,Caesar Salad,Salads,3,12,36,12.0
2026-05-22,ORD-19580,Caesar Salad,Salads,2,12,24,8.0
2026-05-22,ORD-29898,Tiramisu,Desserts,2,8,16,6.0
2026-05-22,ORD-86499,Beef Burger,Burgers,2,14,28,12.0
2026-05-22,ORD-86555,Bruschetta,Appetizers,1,7,7,2.5
2026-05-22,ORD-81387,Caesar Salad,Salads,1,12,12,4.0
2026-05-22,ORD-33179,Beef Burger,Burgers,3,14,42,18.0
2026-05-22,ORD-63182,Margherita Pizza,Pizza,3,15,45,15.0
2026-05-22,ORD-37492,Tiramisu,Desserts,2,8,16,6.0
2026-05-22,ORD-19210,Coffee,Drinks,3,4,12,3.0
2026-05-22,ORD-51621,Chicken Wings,Appetizers,2,10,20,8.0
2026-05-22,ORD-38190,Tiramisu,Desserts,2,8,16,6.0
2026-05-22,ORD-83257,Chicken Wings,Appetizers,3,10,30,12.0
2026-05-23,ORD-35858,Beef Burger,Burgers,1,14,14,6.0
2026-05-23,ORD-11666,French Fries,Sides,2,5,10,3.0
2026-05-23,ORD-94151,Bruschetta,Appetizers,1,7,7,2.5
2026-05-23,ORD-47504,French Fries,Sides,2,5,10,3.0
2026-05-23,ORD-51286,Tiramisu,Desserts,2,8,16,6.0
2026-05-23,ORD-20103,Caesar Salad,Salads,1,12,12,4.0
2026-05-23,ORD-19884,Margherita Pizza,Pizza,3,15,45,15.0
2026-05-23,ORD-49109,Soda,Drinks,2,3,6,1.0
2026-05-23,ORD-26982,Caesar Salad,Salads,3,12,36,12.0
2026-05-23,ORD-24415,Tiramisu,Desserts,1,8,8,3.0
2026-05-23,ORD-69081,Margherita Pizza,Pizza,4,15,60,20.0
2026-05-23,ORD-83747,Soda,Drinks,3,3,9,1.5
2026-05-23,ORD-38668,Beef Burger,Burgers,2,14,28,12.0
2026-05-23,ORD-82631,Margherita Pizza,Pizza,3,15,45,15.0
2026-05-23,ORD-19919,Chicken Wings,Appetizers,3,10,30,12.0
2026-05-23,ORD-65332,Pepperoni Pizza,Pizza,3,18,54,18.0
2026-05-23,ORD-57780,French Fries,Sides,2,5,10,3.0
2026-05-23,ORD-92339,Tiramisu,Desserts,3,8,24,9.0
2026-05-23,ORD-45439,Margherita Pizza,Pizza,4,15,60,20.0
2026-05-23,ORD-22339,Margherita Pizza,Pizza,2,15,30,10.0
2026-05-23,ORD-35180,Beef Burger,Burgers,3,14,42,18.0
2026-05-23,ORD-23641,Margherita Pizza,Pizza,3,15,45,15.0
2026-05-23,ORD-54105,Soda,Drinks,1,3,3,0.5
2026-05-23,ORD-69051,Pepperoni Pizza,Pizza,3,18,54,18.0
2026-05-23,ORD-19412,Bruschetta,Appetizers,1,7,7,2.5
2026-05-23,ORD-18202,Coffee,Drinks,2,4,8,2.0
2026-05-23,ORD-63429,Beef Burger,Burgers,2,14,28,12.0
2026-05-23,ORD-24770,French Fries,Sides,1,5,5,1.5
2026-05-23,ORD-47981,Pepperoni Pizza,Pizza,2,18,36,12.0
2026-05-23,ORD-69144,Coffee,Drinks,2,4,8,2.0
2026-05-23,ORD-35588,Margherita Pizza,Pizza,2,15,30,10.0
2026-05-23,ORD-47398,Beef Burger,Burgers,3,14,42,18.0
2026-05-23,ORD-43020,French Fries,Sides,3,5,15,4.5
2026-05-23,ORD-76115,Pepperoni Pizza,Pizza,3,18,54,18.0
2026-05-23,ORD-49623,Pepperoni Pizza,Pizza,1,18,18,6.0
2026-05-23,ORD-22245,Soda,Drinks,3,3,9,1.5
2026-05-23,ORD-28985,Beef Burger,Burgers,1,14,14,6.0
2026-05-23,ORD-32914,Soda,Drinks,2,3,6,1.0
2026-05-23,ORD-81838,Tiramisu,Desserts,2,8,16,6.0
2026-05-23,ORD-83922,French Fries,Sides,1,5,5,1.5
2026-05-23,ORD-53082,French Fries,Sides,2,5,10,3.0
2026-05-23,ORD-20281,Coffee,Drinks,3,4,12,3.0
2026-05-23,ORD-40453,Chicken Wings,Appetizers,1,10,10,4.0
2026-05-23,ORD-55218,Margherita Pizza,Pizza,3,15,45,15.0
2026-05-23,ORD-60697,Margherita Pizza,Pizza,2,15,30,10.0
2026-05-23,ORD-35882,French Fries,Sides,3,5,15,4.5
2026-05-23,ORD-57045,Chicken Wings,Appetizers,2,10,20,8.0
2026-05-23,ORD-89142,Soda,Drinks,2,3,6,1.0
2026-05-23,ORD-76683,Pepperoni Pizza,Pizza,1,18,18,6.0
2026-05-23,ORD-20982,Chicken Wings,Appetizers,2,10,20,8.0
2026-05-23,ORD-19594,Pepperoni Pizza,Pizza,2,18,36,12.0
2026-05-23,ORD-65286,Coffee,Drinks,1,4,4,1.0
2026-05-23,ORD-86946,Margherita Pizza,Pizza,3,15,45,15.0
2026-05-23,ORD-53847,Bruschetta,Appetizers,1,7,7,2.5
2026-05-23,ORD-17873,Chicken Wings,Appetizers,3,10,30,12.0
2026-05-23,ORD-17802,Chicken Wings,Appetizers,3,10,30,12.0
2026-05-23,ORD-53207,Caesar Salad,Salads,1,12,12,4.0
2026-05-23,ORD-23743,Beef Burger,Burgers,2,14,28,12.0
2026-05-23,ORD-19212,Bruschetta,Appetizers,1,7,7,2.5
2026-05-23,ORD-47302,Margherita Pizza,Pizza,4,15,60,20.0
2026-05-23,ORD-90402,Tiramisu,Desserts,1,8,8,3.0
2026-05-23,ORD-15075,Coffee,Drinks,3,4,12,3.0
2026-05-23,ORD-37780,Pepperoni Pizza,Pizza,3,18,54,18.0
2026-05-23,ORD-71146,Caesar Salad,Salads,1,12,12,4.0
2026-05-23,ORD-40659,Margherita Pizza,Pizza,3,15,45,15.0
2026-05-23,ORD-11938,Chicken Wings,Appetizers,1,10,10,4.0
2026-05-23,ORD-23230,Soda,Drinks,1,3,3,0.5
2026-05-23,ORD-87469,Caesar Salad,Salads,1,12,12,4.0
2026-05-23,ORD-12584,Margherita Pizza,Pizza,3,15,45,15.0
2026-05-23,ORD-94611,French Fries,Sides,3,5,15,4.5
2026-05-23,ORD-38661,Tiramisu,Desserts,3,8,24,9.0
2026-05-23,ORD-82094,Chicken Wings,Appetizers,1,10,10,4.0
2026-05-23,ORD-63246,Pepperoni Pizza,Pizza,2,18,36,12.0
2026-05-23,ORD-31745,Chicken Wings,Appetizers,1,10,10,4.0
2026-05-23,ORD-17496,Caesar Salad,Salads,1,12,12,4.0
2026-05-23,ORD-24977,Soda,Drinks,1,3,3,0.5
2026-05-23,ORD-42086,Soda,Drinks,3,3,9,1.5
2026-05-23,ORD-46722,Coffee,Drinks,2,4,8,2.0
2026-05-23,ORD-90866,Caesar Salad,Salads,2,12,24,8.0
2026-05-23,ORD-16462,Pepperoni Pizza,Pizza,2,18,36,12.0
2026-05-23,ORD-57980,Tiramisu,Desserts,2,8,16,6.0
2026-05-23,ORD-51734,Pepperoni Pizza,Pizza,1,18,18,6.0
2026-05-23,ORD-84498,Pepperoni Pizza,Pizza,3,18,54,18.0
2026-05-23,ORD-43963,Pepperoni Pizza,Pizza,2,18,36,12.0
2026-05-23,ORD-63864,Chicken Wings,Appetizers,3,10,30,12.0
2026-05-23,ORD-60997,French Fries,Sides,1,5,5,1.5
2026-05-23,ORD-95244,Margherita Pizza,Pizza,5,15,75,25.0
2026-05-23,ORD-65132,Caesar Salad,Salads,2,12,24,8.0
2026-05-23,ORD-51628,Caesar Salad,Salads,1,12,12,4.0
2026-05-23,ORD-13880,Tiramisu,Desserts,1,8,8,3.0
2026-05-23,ORD-27343,Pepperoni Pizza,Pizza,2,18,36,12.0
2026-05-23,ORD-24275,Pepperoni Pizza,Pizza,3,18,54,18.0
2026-05-23,ORD-48888,Caesar Salad,Salads,2,12,24,8.0
2026-05-23,ORD-84359,French Fries,Sides,2,5,10,3.0
2026-05-23,ORD-14031,Pepperoni Pizza,Pizza,2,18,36,12.0
2026-05-23,ORD-45837,Chicken Wings,Appetizers,3,10,30,12.0
2026-05-23,ORD-93278,Pepperoni Pizza,Pizza,2,18,36,12.0
2026-05-23,ORD-10622,Beef Burger,Burgers,3,14,42,18.0
2026-05-23,ORD-42032,Margherita Pizza,Pizza,3,15,45,15.0
2026-05-23,ORD-88914,Coffee,Drinks,2,4,8,2.0
2026-05-23,ORD-45688,Caesar Salad,Salads,3,12,36,12.0
2026-05-23,ORD-57809,Chicken Wings,Appetizers,3,10,30,12.0
2026-05-23,ORD-85147,Margherita Pizza,Pizza,5,15,75,25.0
2026-05-23,ORD-79009,French Fries,Sides,3,5,15,4.5
2026-05-23,ORD-83865,Coffee,Drinks,3,4,12,3.0
2026-05-23,ORD-34575,Coffee,Drinks,1,4,4,1.0
2026-05-23,ORD-39636,Chicken Wings,Appetizers,1,10,10,4.0
2026-05-23,ORD-78279,Coffee,Drinks,3,4,12,3.0
2026-05-23,ORD-40520,Margherita Pizza,Pizza,3,15,45,15.0
2026-05-23,ORD-35871,Margherita Pizza,Pizza,2,15,30,10.0
2026-05-23,ORD-13456,Pepperoni Pizza,Pizza,2,18,36,12.0
2026-05-23,ORD-80035,Coffee,Drinks,3,4,12,3.0
2026-05-23,ORD-80544,Tiramisu,Desserts,2,8,16,6.0
2026-05-23,ORD-43087,Pepperoni Pizza,Pizza,3,18,54,18.0
2026-05-23,ORD-78419,Pepperoni Pizza,Pizza,1,18,18,6.0
2026-05-23,ORD-65104,Tiramisu,Desserts,3,8,24,9.0
2026-05-23,ORD-72181,Tiramisu,Desserts,3,8,24,9.0
2026-05-23,ORD-86481,Caesar Salad,Salads,1,12,12,4.0
2026-05-23,ORD-42923,Margherita Pizza,Pizza,4,15,60,20.0
2026-05-23,ORD-98272,Caesar Salad,Salads,2,12,24,8.0
2026-05-23,ORD-28348,Bruschetta,Appetizers,1,7,7,2.5
2026-05-23,ORD-38049,Pepperoni Pizza,Pizza,3,18,54,18.0
2026-05-23,ORD-41227,Soda,Drinks,2,3,6,1.0
2026-05-23,ORD-40445,Coffee,Drinks,1,4,4,1.0
2026-05-23,ORD-80468,Tiramisu,Desserts,2,8,16,6.0
2026-05-23,ORD-72506,Caesar Salad,Salads,2,12,24,8.0
2026-05-23,ORD-15285,Soda,Drinks,1,3,3,0.5
2026-05-23,ORD-80209,French Fries,Sides,3,5,15,4.5
2026-05-23,ORD-19623,Tiramisu,Desserts,1,8,8,3.0
2026-05-23,ORD-45927,Beef Burger,Burgers,2,14,28,12.0
2026-05-23,ORD-33716,Chicken Wings,Appetizers,1,10,10,4.0
2026-05-23,ORD-48749,Bruschetta,Appetizers,1,7,7,2.5
2026-05-23,ORD-99810,Tiramisu,Desserts,3,8,24,9.0
2026-05-23,ORD-80001,Coffee,Drinks,1,4,4,1.0
2026-05-23,ORD-66484,Tiramisu,Desserts,3,8,24,9.0
2026-05-23,ORD-49213,Pepperoni Pizza,Pizza,1,18,18,6.0
2026-05-23,ORD-55730,Pepperoni Pizza,Pizza,1,18,18,6.0
2026-05-24,ORD-22730,Caesar Salad,Salads,2,12,24,8.0
2026-05-24,ORD-75845,Pepperoni Pizza,Pizza,2,18,36,12.0
2026-05-24,ORD-18401,Chicken Wings,Appetizers,2,10,20,8.0
2026-05-24,ORD-20424,Soda,Drinks,3,3,9,1.5
2026-05-24,ORD-16407,Chicken Wings,Appetizers,2,10,20,8.0
2026-05-24,ORD-54709,Margherita Pizza,Pizza,2,15,30,10.0
2026-05-24,ORD-20351,Beef Burger,Burgers,3,14,42,18.0
2026-05-24,ORD-22136,Pepperoni Pizza,Pizza,2,18,36,12.0
2026-05-24,ORD-13325,Beef Burger,Burgers,1,14,14,6.0
2026-05-24,ORD-33250,Margherita Pizza,Pizza,2,15,30,10.0
2026-05-24,ORD-93845,Bruschetta,Appetizers,1,7,7,2.5
2026-05-24,ORD-65882,Caesar Salad,Salads,3,12,36,12.0
2026-05-24,ORD-77561,Beef Burger,Burgers,3,14,42,18.0
2026-05-24,ORD-92766,Margherita Pizza,Pizza,2,15,30,10.0
2026-05-24,ORD-48179,Coffee,Drinks,1,4,4,1.0
2026-05-24,ORD-37396,Caesar Salad,Salads,2,12,24,8.0
2026-05-24,ORD-72581,Tiramisu,Desserts,1,8,8,3.0
2026-05-24,ORD-52905,Soda,Drinks,2,3,6,1.0
2026-05-24,ORD-42910,Caesar Salad,Salads,1,12,12,4.0
2026-05-24,ORD-51914,Caesar Salad,Salads,3,12,36,12.0
2026-05-24,ORD-57395,Caesar Salad,Salads,3,12,36,12.0
2026-05-24,ORD-40076,Soda,Drinks,3,3,9,1.5
2026-05-24,ORD-32782,Soda,Drinks,2,3,6,1.0
2026-05-24,ORD-68363,Soda,Drinks,2,3,6,1.0
2026-05-24,ORD-37177,Coffee,Drinks,2,4,8,2.0
2026-05-24,ORD-86535,Caesar Salad,Salads,1,12,12,4.0
2026-05-24,ORD-59267,Caesar Salad,Salads,1,12,12,4.0
2026-05-24,ORD-25091,Soda,Drinks,3,3,9,1.5
2026-05-24,ORD-88236,Chicken Wings,Appetizers,1,10,10,4.0
2026-05-24,ORD-75455,Bruschetta,Appetizers,1,7,7,2.5
2026-05-24,ORD-17069,Pepperoni Pizza,Pizza,3,18,54,18.0
2026-05-24,ORD-91119,French Fries,Sides,3,5,15,4.5
2026-05-24,ORD-59834,Caesar Salad,Salads,2,12,24,8.0
2026-05-24,ORD-44717,Tiramisu,Desserts,1,8,8,3.0
2026-05-24,ORD-46978,Tiramisu,Desserts,3,8,24,9.0
2026-05-24,ORD-93950,Tiramisu,Desserts,2,8,16,6.0
2026-05-24,ORD-44450,Caesar Salad,Salads,1,12,12,4.0
2026-05-24,ORD-34163,Caesar Salad,Salads,1,12,12,4.0
2026-05-24,ORD-86936,Soda,Drinks,3,3,9,1.5
2026-05-24,ORD-72820,Chicken Wings,Appetizers,3,10,30,12.0
2026-05-24,ORD-33474,French Fries,Sides,2,5,10,3.0
2026-05-24,ORD-60506,Margherita Pizza,Pizza,5,15,75,25.0
2026-05-24,ORD-52647,Margherita Pizza,Pizza,4,15,60,20.0
2026-05-24,ORD-25866,Tiramisu,Desserts,1,8,8,3.0
2026-05-24,ORD-84231,Caesar Salad,Salads,3,12,36,12.0
2026-05-24,ORD-40585,Caesar Salad,Salads,1,12,12,4.0
2026-05-24,ORD-29315,French Fries,Sides,3,5,15,4.5
2026-05-24,ORD-46864,Chicken Wings,Appetizers,3,10,30,12.0
2026-05-24,ORD-30538,French Fries,Sides,3,5,15,4.5
2026-05-24,ORD-61709,French Fries,Sides,2,5,10,3.0
2026-05-24,ORD-81595,Tiramisu,Desserts,3,8,24,9.0
2026-05-24,ORD-31833,Coffee,Drinks,1,4,4,1.0
2026-05-24,ORD-63001,Soda,Drinks,3,3,9,1.5
2026-05-24,ORD-19918,Caesar Salad,Salads,2,12,24,8.0
2026-05-24,ORD-64007,Tiramisu,Desserts,2,8,16,6.0
2026-05-24,ORD-23529,French Fries,Sides,1,5,5,1.5
2026-05-24,ORD-11528,Margherita Pizza,Pizza,3,15,45,15.0
2026-05-24,ORD-22750,French Fries,Sides,2,5,10,3.0
2026-05-24,ORD-44161,Coffee,Drinks,2,4,8,2.0
2026-05-24,ORD-93090,Margherita Pizza,Pizza,2,15,30,10.0
2026-05-24,ORD-35185,Chicken Wings,Appetizers,2,10,20,8.0
2026-05-24,ORD-57638,Caesar Salad,Salads,3,12,36,12.0
2026-05-24,ORD-83516,Pepperoni Pizza,Pizza,1,18,18,6.0
2026-05-24,ORD-78912,Tiramisu,Desserts,3,8,24,9.0
2026-05-24,ORD-63583,Coffee,Drinks,2,4,8,2.0
2026-05-24,ORD-91991,French Fries,Sides,1,5,5,1.5
2026-05-24,ORD-77388,Pepperoni Pizza,Pizza,1,18,18,6.0
2026-05-24,ORD-39951,Caesar Salad,Salads,3,12,36,12.0
2026-05-24,ORD-37216,Tiramisu,Desserts,2,8,16,6.0
2026-05-24,ORD-15884,Beef Burger,Burgers,3,14,42,18.0
2026-05-24,ORD-37881,Soda,Drinks,3,3,9,1.5
2026-05-24,ORD-80405,Margherita Pizza,Pizza,2,15,30,10.0
2026-05-24,ORD-75293,Pepperoni Pizza,Pizza,3,18,54,18.0
2026-05-24,ORD-28765,Chicken Wings,Appetizers,3,10,30,12.0
2026-05-24,ORD-39679,Chicken Wings,Appetizers,2,10,20,8.0
2026-05-24,ORD-87753,Coffee,Drinks,2,4,8,2.0
2026-05-24,ORD-41761,Caesar Salad,Salads,3,12,36,12.0
2026-05-24,ORD-47163,Bruschetta,Appetizers,1,7,7,2.5
2026-05-24,ORD-18383,Margherita Pizza,Pizza,5,15,75,25.0
2026-05-24,ORD-37502,Caesar Salad,Salads,3,12,36,12.0
2026-05-24,ORD-66052,Tiramisu,Desserts,3,8,24,9.0
2026-05-24,ORD-81355,Margherita Pizza,Pizza,2,15,30,10.0
2026-05-25,ORD-67859,Caesar Salad,Salads,3,12,36,12.0
2026-05-25,ORD-60918,French Fries,Sides,3,5,15,4.5
2026-05-25,ORD-89252,Coffee,Drinks,1,4,4,1.0
2026-05-25,ORD-81220,Soda,Drinks,2,3,6,1.0
2026-05-25,ORD-16614,Bruschetta,Appetizers,1,7,7,2.5
2026-05-25,ORD-46904,Chicken Wings,Appetizers,3,10,30,12.0
2026-05-25,ORD-81429,Margherita Pizza,Pizza,5,15,75,25.0
2026-05-25,ORD-20558,Chicken Wings,Appetizers,3,10,30,12.0
2026-05-25,ORD-91849,Caesar Salad,Salads,3,12,36,12.0
2026-05-25,ORD-35365,Margherita Pizza,Pizza,4,15,60,20.0
2026-05-25,ORD-77599,Tiramisu,Desserts,2,8,16,6.0
2026-05-25,ORD-84366,Margherita Pizza,Pizza,5,15,75,25.0
2026-05-25,ORD-36626,Caesar Salad,Salads,1,12,12,4.0
2026-05-25,ORD-52236,Pepperoni Pizza,Pizza,2,18,36,12.0
2026-05-25,ORD-21423,Coffee,Drinks,1,4,4,1.0
2026-05-25,ORD-17556,Chicken Wings,Appetizers,3,10,30,12.0
2026-05-25,ORD-69006,Caesar Salad,Salads,2,12,24,8.0
2026-05-25,ORD-96299,Tiramisu,Desserts,1,8,8,3.0
2026-05-25,ORD-51482,Coffee,Drinks,2,4,8,2.0
2026-05-25,ORD-60966,Soda,Drinks,2,3,6,1.0
2026-05-25,ORD-11273,Coffee,Drinks,3,4,12,3.0
2026-05-25,ORD-58109,French Fries,Sides,2,5,10,3.0
2026-05-25,ORD-53754,Tiramisu,Desserts,3,8,24,9.0
2026-05-25,ORD-56884,Margherita Pizza,Pizza,5,15,75,25.0
2026-05-25,ORD-24759,Margherita Pizza,Pizza,2,15,30,10.0
2026-05-25,ORD-51733,Beef Burger,Burgers,2,14,28,12.0
2026-05-25,ORD-83475,French Fries,Sides,2,5,10,3.0
2026-05-25,ORD-57962,Beef Burger,Burgers,2,14,28,12.0
2026-05-25,ORD-14029,Beef Burger,Burgers,1,14,14,6.0
2026-05-25,ORD-53479,Coffee,Drinks,1,4,4,1.0
2026-05-25,ORD-33698,Pepperoni Pizza,Pizza,3,18,54,18.0
2026-05-25,ORD-15656,French Fries,Sides,1,5,5,1.5
2026-05-25,ORD-55949,Tiramisu,Desserts,2,8,16,6.0
2026-05-25,ORD-94396,Pepperoni Pizza,Pizza,1,18,18,6.0
2026-05-25,ORD-27731,Caesar Salad,Salads,2,12,24,8.0
2026-05-25,ORD-19179,Soda,Drinks,2,3,6,1.0
2026-05-25,ORD-30262,Bruschetta,Appetizers,1,7,7,2.5
2026-05-25,ORD-41293,Caesar Salad,Salads,3,12,36,12.0
2026-05-25,ORD-76892,Pepperoni Pizza,Pizza,1,18,18,6.0
2026-05-25,ORD-11660,Coffee,Drinks,1,4,4,1.0
2026-05-25,ORD-77999,Pepperoni Pizza,Pizza,1,18,18,6.0
2026-05-26,ORD-48596,Pepperoni Pizza,Pizza,2,18,36,12.0
2026-05-26,ORD-15509,Pepperoni Pizza,Pizza,1,18,18,6.0
2026-05-26,ORD-37977,Soda,Drinks,2,3,6,1.0
2026-05-26,ORD-79098,Caesar Salad,Salads,3,12,36,12.0
2026-05-26,ORD-91523,Chicken Wings,Appetizers,2,10,20,8.0
2026-05-26,ORD-84152,Tiramisu,Desserts,3,8,24,9.0
2026-05-26,ORD-28160,Beef Burger,Burgers,2,14,28,12.0
2026-05-26,ORD-26655,Margherita Pizza,Pizza,4,15,60,20.0
2026-05-26,ORD-43350,Margherita Pizza,Pizza,4,15,60,20.0
2026-05-26,ORD-51028,Coffee,Drinks,3,4,12,3.0
2026-05-26,ORD-73909,Beef Burger,Burgers,3,14,42,18.0
2026-05-26,ORD-19381,Beef Burger,Burgers,3,14,42,18.0
2026-05-26,ORD-91597,Chicken Wings,Appetizers,2,10,20,8.0
2026-05-26,ORD-17744,French Fries,Sides,1,5,5,1.5
2026-05-26,ORD-33443,Coffee,Drinks,2,4,8,2.0
2026-05-26,ORD-69751,Chicken Wings,Appetizers,3,10,30,12.0
2026-05-26,ORD-75439,Pepperoni Pizza,Pizza,2,18,36,12.0
2026-05-26,ORD-85723,Coffee,Drinks,1,4,4,1.0
2026-05-26,ORD-61813,Pepperoni Pizza,Pizza,2,18,36,12.0
2026-05-26,ORD-92353,French Fries,Sides,3,5,15,4.5
2026-05-26,ORD-15672,Pepperoni Pizza,Pizza,1,18,18,6.0
2026-05-26,ORD-72092,Beef Burger,Burgers,3,14,42,18.0
2026-05-26,ORD-29565,Caesar Salad,Salads,2,12,24,8.0
2026-05-26,ORD-54693,Tiramisu,Desserts,2,8,16,6.0
2026-05-26,ORD-49250,Beef Burger,Burgers,2,14,28,12.0
2026-05-26,ORD-77347,Pepperoni Pizza,Pizza,3,18,54,18.0
2026-05-26,ORD-94760,Soda,Drinks,1,3,3,0.5
2026-05-26,ORD-61913,Soda,Drinks,1,3,3,0.5
2026-05-26,ORD-75994,Soda,Drinks,1,3,3,0.5
2026-05-26,ORD-28067,Caesar Salad,Salads,2,12,24,8.0
2026-05-26,ORD-67560,Margherita Pizza,Pizza,5,15,75,25.0
2026-05-26,ORD-91386,Pepperoni Pizza,Pizza,1,18,18,6.0
2026-05-26,ORD-56276,Soda,Drinks,2,3,6,1.0
2026-05-26,ORD-80753,Chicken Wings,Appetizers,3,10,30,12.0
2026-05-26,ORD-47325,Coffee,Drinks,2,4,8,2.0
2026-05-27,ORD-58380,Pepperoni Pizza,Pizza,2,18,36,12.0
2026-05-27,ORD-27891,Chicken Wings,Appetizers,1,10,10,4.0
2026-05-27,ORD-93212,Tiramisu,Desserts,1,8,8,3.0
2026-05-27,ORD-18073,Tiramisu,Desserts,2,8,16,6.0
2026-05-27,ORD-41341,Caesar Salad,Salads,2,12,24,8.0
2026-05-27,ORD-35601,Tiramisu,Desserts,2,8,16,6.0
2026-05-27,ORD-44379,Tiramisu,Desserts,1,8,8,3.0
2026-05-27,ORD-54095,Caesar Salad,Salads,2,12,24,8.0
2026-05-27,ORD-69501,Pepperoni Pizza,Pizza,3,18,54,18.0
2026-05-27,ORD-92360,Tiramisu,Desserts,2,8,16,6.0
2026-05-27,ORD-39150,Chicken Wings,Appetizers,3,10,30,12.0
2026-05-27,ORD-93622,French Fries,Sides,2,5,10,3.0
2026-05-27,ORD-17375,French Fries,Sides,2,5,10,3.0
2026-05-27,ORD-31431,French Fries,Sides,3,5,15,4.5
2026-05-27,ORD-18899,Margherita Pizza,Pizza,3,15,45,15.0
2026-05-27,ORD-27146,Pepperoni Pizza,Pizza,3,18,54,18.0
2026-05-27,ORD-84128,Coffee,Drinks,3,4,12,3.0
2026-05-27,ORD-68213,Caesar Salad,Salads,1,12,12,4.0
2026-05-27,ORD-58556,French Fries,Sides,1,5,5,1.5
2026-05-27,ORD-49277,Tiramisu,Desserts,2,8,16,6.0
2026-05-27,ORD-45666,Pepperoni Pizza,Pizza,1,18,18,6.0
2026-05-27,ORD-35929,Beef Burger,Burgers,1,14,14,6.0
2026-05-27,ORD-30188,French Fries,Sides,2,5,10,3.0
2026-05-27,ORD-46149,Coffee,Drinks,2,4,8,2.0
2026-05-27,ORD-70140,French Fries,Sides,1,5,5,1.5
2026-05-27,ORD-22207,Pepperoni Pizza,Pizza,2,18,36,12.0
2026-05-27,ORD-42123,Chicken Wings,Appetizers,3,10,30,12.0
2026-05-27,ORD-77253,Caesar Salad,Salads,2,12,24,8.0
2026-05-27,ORD-62284,Coffee,Drinks,1,4,4,1.0
2026-05-27,ORD-57498,Soda,Drinks,3,3,9,1.5
2026-05-27,ORD-87985,French Fries,Sides,2,5,10,3.0
2026-05-27,ORD-10043,Chicken Wings,Appetizers,3,10,30,12.0
2026-05-27,ORD-43364,Chicken Wings,Appetizers,1,10,10,4.0
2026-05-27,ORD-40762,Margherita Pizza,Pizza,2,15,30,10.0
2026-05-27,ORD-73184,Tiramisu,Desserts,1,8,8,3.0
2026-05-27,ORD-96735,Tiramisu,Desserts,1,8,8,3.0
2026-05-27,ORD-92546,French Fries,Sides,3,5,15,4.5
2026-05-27,ORD-54883,Margherita Pizza,Pizza,2,15,30,10.0
2026-05-27,ORD-70569,Tiramisu,Desserts,1,8,8,3.0
2026-05-27,ORD-54279,Tiramisu,Desserts,3,8,24,9.0
2026-05-28,ORD-51445,Soda,Drinks,2,3,6,1.0
2026-05-28,ORD-33637,Caesar Salad,Salads,3,12,36,12.0
2026-05-28,ORD-60356,French Fries,Sides,3,5,15,4.5
2026-05-28,ORD-28429,Margherita Pizza,Pizza,4,15,60,20.0
2026-05-28,ORD-12593,French Fries,Sides,1,5,5,1.5
2026-05-28,ORD-13782,Soda,Drinks,1,3,3,0.5
2026-05-28,ORD-27368,Chicken Wings,Appetizers,1,10,10,4.0
2026-05-28,ORD-78720,French Fries,Sides,1,5,5,1.5
2026-05-28,ORD-13607,French Fries,Sides,2,5,10,3.0
2026-05-28,ORD-92342,Beef Burger,Burgers,3,14,42,18.0
2026-05-28,ORD-48899,Beef Burger,Burgers,3,14,42,18.0
2026-05-28,ORD-90306,Coffee,Drinks,2,4,8,2.0
2026-05-28,ORD-18998,Chicken Wings,Appetizers,1,10,10,4.0
2026-05-28,ORD-35462,Margherita Pizza,Pizza,2,15,30,10.0
2026-05-28,ORD-59035,Margherita Pizza,Pizza,3,15,45,15.0
2026-05-28,ORD-28549,French Fries,Sides,1,5,5,1.5
2026-05-28,ORD-93192,Caesar Salad,Salads,3,12,36,12.0
2026-05-28,ORD-82978,Soda,Drinks,3,3,9,1.5
2026-05-28,ORD-47643,Chicken Wings,Appetizers,3,10,30,12.0
2026-05-28,ORD-51036,Coffee,Drinks,1,4,4,1.0
2026-05-28,ORD-35704,Tiramisu,Desserts,1,8,8,3.0
2026-05-28,ORD-74996,French Fries,Sides,3,5,15,4.5
2026-05-28,ORD-32681,Margherita Pizza,Pizza,5,15,75,25.0
2026-05-28,ORD-68896,Tiramisu,Desserts,3,8,24,9.0
2026-05-28,ORD-92428,French Fries,Sides,3,5,15,4.5
2026-05-28,ORD-10991,Beef Burger,Burgers,2,14,28,12.0
2026-05-28,ORD-87986,French Fries,Sides,1,5,5,1.5
2026-05-28,ORD-11542,Pepperoni Pizza,Pizza,2,18,36,12.0
2026-05-28,ORD-51487,Chicken Wings,Appetizers,3,10,30,12.0
2026-05-28,ORD-30300,Margherita Pizza,Pizza,5,15,75,25.0
2026-05-28,ORD-73636,Chicken Wings,Appetizers,3,10,30,12.0
2026-05-28,ORD-21297,Chicken Wings,Appetizers,3,10,30,12.0
2026-05-28,ORD-74772,Beef Burger,Burgers,2,14,28,12.0
2026-05-29,ORD-96376,Soda,Drinks,1,3,3,0.5
2026-05-29,ORD-17134,Soda,Drinks,1,3,3,0.5
2026-05-29,ORD-53507,Pepperoni Pizza,Pizza,1,18,18,6.0
2026-05-29,ORD-38017,Coffee,Drinks,2,4,8,2.0
2026-05-29,ORD-60352,Caesar Salad,Salads,2,12,24,8.0
2026-05-29,ORD-95393,Chicken Wings,Appetizers,1,10,10,4.0
2026-05-29,ORD-65101,French Fries,Sides,3,5,15,4.5
2026-05-29,ORD-48561,Soda,Drinks,1,3,3,0.5
2026-05-29,ORD-62925,Caesar Salad,Salads,1,12,12,4.0
2026-05-29,ORD-33722,Caesar Salad,Salads,2,12,24,8.0
2026-05-29,ORD-16788,Tiramisu,Desserts,3,8,24,9.0
2026-05-29,ORD-82841,Bruschetta,Appetizers,1,7,7,2.5
2026-05-29,ORD-81772,Soda,Drinks,1,3,3,0.5
2026-05-29,ORD-49707,Pepperoni Pizza,Pizza,3,18,54,18.0
2026-05-29,ORD-11137,Tiramisu,Desserts,2,8,16,6.0
2026-05-29,ORD-19267,Soda,Drinks,2,3,6,1.0
2026-05-29,ORD-43111,Caesar Salad,Salads,2,12,24,8.0
2026-05-29,ORD-53333,Coffee,Drinks,2,4,8,2.0
2026-05-29,ORD-97522,Tiramisu,Desserts,3,8,24,9.0
2026-05-29,ORD-12015,French Fries,Sides,1,5,5,1.5
2026-05-29,ORD-85027,Margherita Pizza,Pizza,4,15,60,20.0
2026-05-29,ORD-98995,Pepperoni Pizza,Pizza,1,18,18,6.0
2026-05-29,ORD-84186,Margherita Pizza,Pizza,3,15,45,15.0
2026-05-29,ORD-53893,French Fries,Sides,1,5,5,1.5
2026-05-29,ORD-96308,Coffee,Drinks,3,4,12,3.0
2026-05-29,ORD-12456,Chicken Wings,Appetizers,2,10,20,8.0
2026-05-29,ORD-61395,Chicken Wings,Appetizers,1,10,10,4.0
2026-05-29,ORD-95103,Coffee,Drinks,1,4,4,1.0
2026-05-29,ORD-33038,Pepperoni Pizza,Pizza,1,18,18,6.0
2026-05-29,ORD-52747,Pepperoni Pizza,Pizza,1,18,18,6.0
2026-05-29,ORD-11534,Coffee,Drinks,3,4,12,3.0
2026-05-29,ORD-63444,Pepperoni Pizza,Pizza,3,18,54,18.0
2026-05-29,ORD-26226,Margherita Pizza,Pizza,3,15,45,15.0
2026-05-29,ORD-80739,Tiramisu,Desserts,1,8,8,3.0
2026-05-29,ORD-18204,Soda,Drinks,3,3,9,1.5
2026-05-29,ORD-88381,Caesar Salad,Salads,2,12,24,8.0
2026-05-29,ORD-28245,Caesar Salad,Salads,2,12,24,8.0
2026-05-29,ORD-28327,Caesar Salad,Salads,2,12,24,8.0
2026-05-29,ORD-78472,Soda,Drinks,3,3,9,1.5
2026-05-29,ORD-85003,Pepperoni Pizza,Pizza,2,18,36,12.0
2026-05-29,ORD-55636,Bruschetta,Appetizers,1,7,7,2.5
2026-05-29,ORD-15039,Soda,Drinks,2,3,6,1.0
2026-05-29,ORD-45741,Caesar Salad,Salads,3,12,36,12.0
2026-05-29,ORD-96587,Tiramisu,Desserts,1,8,8,3.0
2026-05-29,ORD-59818,Beef Burger,Burgers,2,14,28,12.0
2026-05-29,ORD-48880,Pepperoni Pizza,Pizza,3,18,54,18.0
2026-05-29,ORD-84779,Margherita Pizza,Pizza,2,15,30,10.0
2026-05-29,ORD-42172,Bruschetta,Appetizers,1,7,7,2.5
2026-05-29,ORD-79141,Margherita Pizza,Pizza,3,15,45,15.0
2026-05-29,ORD-54379,Tiramisu,Desserts,1,8,8,3.0
2026-05-29,ORD-47667,Tiramisu,Desserts,1,8,8,3.0
2026-05-29,ORD-72146,Soda,Drinks,2,3,6,1.0
2026-05-29,ORD-41785,Soda,Drinks,3,3,9,1.5
2026-05-29,ORD-92177,Margherita Pizza,Pizza,4,15,60,20.0
2026-05-29,ORD-71996,Coffee,Drinks,3,4,12,3.0
2026-05-29,ORD-25645,Coffee,Drinks,2,4,8,2.0
2026-05-29,ORD-76890,French Fries,Sides,1,5,5,1.5
2026-05-29,ORD-77683,Chicken Wings,Appetizers,3,10,30,12.0
2026-05-29,ORD-29438,French Fries,Sides,2,5,10,3.0
2026-05-29,ORD-37766,Caesar Salad,Salads,3,12,36,12.0
2026-05-29,ORD-58611,Soda,Drinks,1,3,3,0.5
2026-05-29,ORD-47982,Pepperoni Pizza,Pizza,3,18,54,18.0
2026-05-29,ORD-87669,Margherita Pizza,Pizza,5,15,75,25.0
2026-05-29,ORD-39018,Caesar Salad,Salads,3,12,36,12.0
2026-05-29,ORD-99355,Bruschetta,Appetizers,1,7,7,2.5
2026-05-29,ORD-39215,Coffee,Drinks,3,4,12,3.0
2026-05-29,ORD-52530,Beef Burger,Burgers,2,14,28,12.0
2026-05-29,ORD-29001,Coffee,Drinks,3,4,12,3.0
2026-05-29,ORD-33779,Bruschetta,Appetizers,1,7,7,2.5
2026-05-29,ORD-37661,Caesar Salad,Salads,1,12,12,4.0
2026-05-29,ORD-20814,Coffee,Drinks,2,4,8,2.0
2026-05-29,ORD-34380,Margherita Pizza,Pizza,5,15,75,25.0
2026-05-29,ORD-88432,Tiramisu,Desserts,2,8,16,6.0
2026-05-29,ORD-12985,French Fries,Sides,2,5,10,3.0
2026-05-29,ORD-35463,Soda,Drinks,2,3,6,1.0
2026-05-29,ORD-70486,Caesar Salad,Salads,1,12,12,4.0
2026-05-29,ORD-80157,Coffee,Drinks,3,4,12,3.0
2026-05-29,ORD-65888,Beef Burger,Burgers,3,14,42,18.0
2026-05-29,ORD-52518,Coffee,Drinks,2,4,8,2.0
2026-05-29,ORD-33515,Tiramisu,Desserts,2,8,16,6.0
2026-05-29,ORD-11256,French Fries,Sides,1,5,5,1.5
2026-05-29,ORD-84744,Margherita Pizza,Pizza,4,15,60,20.0
2026-05-29,ORD-86308,Pepperoni Pizza,Pizza,3,18,54,18.0
2026-05-29,ORD-88919,Margherita Pizza,Pizza,4,15,60,20.0
2026-05-29,ORD-76003,Pepperoni Pizza,Pizza,2,18,36,12.0
2026-05-29,ORD-13491,Coffee,Drinks,3,4,12,3.0
2026-05-30,ORD-43570,Tiramisu,Desserts,1,8,8,3.0
2026-05-30,ORD-33230,Soda,Drinks,3,3,9,1.5
2026-05-30,ORD-16662,Bruschetta,Appetizers,1,7,7,2.5
2026-05-30,ORD-63403,Chicken Wings,Appetizers,1,10,10,4.0
2026-05-30,ORD-52172,Margherita Pizza,Pizza,4,15,60,20.0
2026-05-30,ORD-14916,French Fries,Sides,1,5,5,1.5
2026-05-30,ORD-89818,Chicken Wings,Appetizers,2,10,20,8.0
2026-05-30,ORD-80631,Bruschetta,Appetizers,1,7,7,2.5
2026-05-30,ORD-77693,Coffee,Drinks,1,4,4,1.0
2026-05-30,ORD-55081,Margherita Pizza,Pizza,3,15,45,15.0
2026-05-30,ORD-90523,Pepperoni Pizza,Pizza,1,18,18,6.0
2026-05-30,ORD-26357,Soda,Drinks,1,3,3,0.5
2026-05-30,ORD-49482,Beef Burger,Burgers,1,14,14,6.0
2026-05-30,ORD-62099,Soda,Drinks,2,3,6,1.0
2026-05-30,ORD-62559,Tiramisu,Desserts,1,8,8,3.0
2026-05-30,ORD-87963,Coffee,Drinks,3,4,12,3.0
2026-05-30,ORD-77748,Tiramisu,Desserts,2,8,16,6.0
2026-05-30,ORD-61682,Chicken Wings,Appetizers,1,10,10,4.0
2026-05-30,ORD-30813,Chicken Wings,Appetizers,1,10,10,4.0
2026-05-30,ORD-68544,Pepperoni Pizza,Pizza,1,18,18,6.0
2026-05-30,ORD-91846,Chicken Wings,Appetizers,1,10,10,4.0
2026-05-30,ORD-17005,French Fries,Sides,2,5,10,3.0
2026-05-30,ORD-24000,Margherita Pizza,Pizza,5,15,75,25.0
2026-05-30,ORD-86326,French Fries,Sides,2,5,10,3.0
2026-05-30,ORD-25663,Soda,Drinks,2,3,6,1.0
2026-05-30,ORD-18944,Caesar Salad,Salads,3,12,36,12.0
2026-05-30,ORD-17640,Soda,Drinks,1,3,3,0.5
2026-05-30,ORD-16887,Chicken Wings,Appetizers,2,10,20,8.0
2026-05-30,ORD-89017,Pepperoni Pizza,Pizza,3,18,54,18.0
2026-05-30,ORD-24959,Coffee,Drinks,3,4,12,3.0
2026-05-30,ORD-84492,Beef Burger,Burgers,2,14,28,12.0
2026-05-30,ORD-20616,Pepperoni Pizza,Pizza,2,18,36,12.0
2026-05-30,ORD-50813,Soda,Drinks,2,3,6,1.0
2026-05-30,ORD-32217,Chicken Wings,Appetizers,2,10,20,8.0
2026-05-30,ORD-26335,Caesar Salad,Salads,2,12,24,8.0
2026-05-30,ORD-84647,Soda,Drinks,3,3,9,1.5
2026-05-30,ORD-84920,Caesar Salad,Salads,1,12,12,4.0
2026-05-30,ORD-64894,Beef Burger,Burgers,1,14,14,6.0
2026-05-30,ORD-95775,Tiramisu,Desserts,3,8,24,9.0
2026-05-30,ORD-12499,Caesar Salad,Salads,1,12,12,4.0
2026-05-30,ORD-82654,Pepperoni Pizza,Pizza,2,18,36,12.0
2026-05-30,ORD-92032,Chicken Wings,Appetizers,3,10,30,12.0
2026-05-30,ORD-23481,Caesar Salad,Salads,2,12,24,8.0
2026-05-30,ORD-58875,Beef Burger,Burgers,3,14,42,18.0
2026-05-30,ORD-97691,Pepperoni Pizza,Pizza,2,18,36,12.0
2026-05-30,ORD-47927,French Fries,Sides,1,5,5,1.5
2026-05-30,ORD-67192,Coffee,Drinks,3,4,12,3.0
2026-05-30,ORD-71783,Margherita Pizza,Pizza,5,15,75,25.0
2026-05-30,ORD-25987,Pepperoni Pizza,Pizza,3,18,54,18.0
2026-05-30,ORD-10021,Beef Burger,Burgers,3,14,42,18.0
2026-05-30,ORD-32208,Soda,Drinks,2,3,6,1.0
2026-05-30,ORD-82315,Tiramisu,Desserts,3,8,24,9.0
2026-05-30,ORD-72890,Caesar Salad,Salads,2,12,24,8.0
2026-05-30,ORD-16094,Margherita Pizza,Pizza,4,15,60,20.0
2026-05-30,ORD-61323,Coffee,Drinks,2,4,8,2.0
2026-05-30,ORD-71863,Soda,Drinks,3,3,9,1.5
2026-05-30,ORD-82916,Caesar Salad,Salads,1,12,12,4.0
2026-05-30,ORD-51513,Caesar Salad,Salads,1,12,12,4.0
2026-05-30,ORD-62323,Margherita Pizza,Pizza,2,15,30,10.0
2026-05-30,ORD-48850,Coffee,Drinks,3,4,12,3.0
2026-05-30,ORD-38933,Tiramisu,Desserts,3,8,24,9.0
2026-05-30,ORD-12449,Chicken Wings,Appetizers,3,10,30,12.0
2026-05-30,ORD-61507,Beef Burger,Burgers,1,14,14,6.0
2026-05-30,ORD-29580,Soda,Drinks,3,3,9,1.5
2026-05-30,ORD-13744,Margherita Pizza,Pizza,4,15,60,20.0
2026-05-30,ORD-94004,French Fries,Sides,1,5,5,1.5
2026-05-30,ORD-33478,Bruschetta,Appetizers,1,7,7,2.5
2026-05-30,ORD-65552,Soda,Drinks,1,3,3,0.5
2026-05-30,ORD-90601,Coffee,Drinks,2,4,8,2.0
2026-05-30,ORD-29813,Margherita Pizza,Pizza,3,15,45,15.0
2026-05-30,ORD-77924,Tiramisu,Desserts,3,8,24,9.0
2026-05-30,ORD-37064,Soda,Drinks,3,3,9,1.5
2026-05-30,ORD-94917,Beef Burger,Burgers,1,14,14,6.0
2026-05-30,ORD-62332,Chicken Wings,Appetizers,2,10,20,8.0
2026-05-30,ORD-51128,Margherita Pizza,Pizza,5,15,75,25.0
2026-05-30,ORD-97971,Soda,Drinks,1,3,3,0.5
2026-05-30,ORD-59588,Caesar Salad,Salads,1,12,12,4.0
2026-05-30,ORD-72882,Coffee,Drinks,3,4,12,3.0
2026-05-30,ORD-10246,Coffee,Drinks,3,4,12,3.0
2026-05-30,ORD-87404,Pepperoni Pizza,Pizza,3,18,54,18.0
2026-05-30,ORD-61557,Pepperoni Pizza,Pizza,3,18,54,18.0
2026-05-30,ORD-16820,Chicken Wings,Appetizers,2,10,20,8.0
2026-05-30,ORD-74291,Beef Burger,Burgers,1,14,14,6.0
2026-05-30,ORD-11949,Soda,Drinks,2,3,6,1.0
2026-05-30,ORD-66549,Chicken Wings,Appetizers,1,10,10,4.0
2026-05-30,ORD-40570,Caesar Salad,Salads,1,12,12,4.0
2026-05-30,ORD-87429,Chicken Wings,Appetizers,2,10,20,8.0
2026-05-30,ORD-61856,Tiramisu,Desserts,3,8,24,9.0
2026-05-30,ORD-86339,Coffee,Drinks,2,4,8,2.0
2026-05-30,ORD-13521,Soda,Drinks,3,3,9,1.5
2026-05-30,ORD-80661,Chicken Wings,Appetizers,1,10,10,4.0
2026-05-30,ORD-23941,Margherita Pizza,Pizza,4,15,60,20.0
2026-05-30,ORD-68801,Pepperoni Pizza,Pizza,2,18,36,12.0
2026-05-30,ORD-67683,French Fries,Sides,1,5,5,1.5
2026-05-30,ORD-50940,Soda,Drinks,2,3,6,1.0
2026-05-30,ORD-56305,Chicken Wings,Appetizers,3,10,30,12.0
2026-05-30,ORD-12374,Pepperoni Pizza,Pizza,2,18,36,12.0
2026-05-30,ORD-15179,Chicken Wings,Appetizers,2,10,20,8.0
2026-05-30,ORD-38880,Pepperoni Pizza,Pizza,3,18,54,18.0
2026-05-30,ORD-88059,Beef Burger,Burgers,3,14,42,18.0
2026-05-30,ORD-17402,Coffee,Drinks,3,4,12,3.0
2026-05-30,ORD-81764,Chicken Wings,Appetizers,3,10,30,12.0
2026-05-30,ORD-67505,Chicken Wings,Appetizers,2,10,20,8.0
2026-05-30,ORD-12398,Soda,Drinks,2,3,6,1.0
2026-05-30,ORD-41728,French Fries,Sides,1,5,5,1.5
2026-05-30,ORD-41220,French Fries,Sides,3,5,15,4.5
2026-05-30,ORD-55213,Beef Burger,Burgers,3,14,42,18.0
2026-05-30,ORD-14860,Chicken Wings,Appetizers,1,10,10,4.0
2026-05-30,ORD-78600,Tiramisu,Desserts,3,8,24,9.0
2026-05-30,ORD-47746,Beef Burger,Burgers,2,14,28,12.0
2026-05-30,ORD-98823,Pepperoni Pizza,Pizza,3,18,54,18.0
2026-05-30,ORD-30342,Chicken Wings,Appetizers,3,10,30,12.0
2026-05-30,ORD-38662,Tiramisu,Desserts,3,8,24,9.0
2026-05-31,ORD-32912,French Fries,Sides,3,5,15,4.5
2026-05-31,ORD-62833,Soda,Drinks,1,3,3,0.5
2026-05-31,ORD-24592,Margherita Pizza,Pizza,5,15,75,25.0
2026-05-31,ORD-37426,Beef Burger,Burgers,2,14,28,12.0
2026-05-31,ORD-11601,Caesar Salad,Salads,2,12,24,8.0
2026-05-31,ORD-23032,Beef Burger,Burgers,3,14,42,18.0
2026-05-31,ORD-29860,Pepperoni Pizza,Pizza,2,18,36,12.0
2026-05-31,ORD-77353,Pepperoni Pizza,Pizza,1,18,18,6.0
2026-05-31,ORD-86033,Beef Burger,Burgers,1,14,14,6.0
2026-05-31,ORD-40706,Margherita Pizza,Pizza,5,15,75,25.0
2026-05-31,ORD-86953,Coffee,Drinks,3,4,12,3.0
2026-05-31,ORD-61881,Soda,Drinks,3,3,9,1.5
2026-05-31,ORD-32635,Pepperoni Pizza,Pizza,2,18,36,12.0
2026-05-31,ORD-17411,Pepperoni Pizza,Pizza,2,18,36,12.0
2026-05-31,ORD-80759,Margherita Pizza,Pizza,2,15,30,10.0
2026-05-31,ORD-99793,Chicken Wings,Appetizers,1,10,10,4.0
2026-05-31,ORD-68786,Pepperoni Pizza,Pizza,1,18,18,6.0
2026-05-31,ORD-86097,Coffee,Drinks,2,4,8,2.0
2026-05-31,ORD-42644,Tiramisu,Desserts,3,8,24,9.0
2026-05-31,ORD-57789,Coffee,Drinks,1,4,4,1.0
2026-05-31,ORD-39837,Caesar Salad,Salads,2,12,24,8.0
2026-05-31,ORD-68588,Tiramisu,Desserts,2,8,16,6.0
2026-05-31,ORD-12010,Caesar Salad,Salads,3,12,36,12.0
2026-05-31,ORD-77789,Beef Burger,Burgers,1,14,14,6.0
2026-05-31,ORD-40336,Caesar Salad,Salads,2,12,24,8.0
2026-05-31,ORD-17000,Tiramisu,Desserts,1,8,8,3.0
2026-05-31,ORD-77631,Caesar Salad,Salads,1,12,12,4.0
2026-05-31,ORD-19258,French Fries,Sides,3,5,15,4.5
2026-05-31,ORD-29957,Soda,Drinks,1,3,3,0.5
2026-05-31,ORD-54224,Beef Burger,Burgers,1,14,14,6.0
2026-05-31,ORD-39988,Bruschetta,Appetizers,1,7,7,2.5
2026-05-31,ORD-91073,Margherita Pizza,Pizza,2,15,30,10.0
2026-05-31,ORD-63957,Chicken Wings,Appetizers,3,10,30,12.0
2026-05-31,ORD-38679,Tiramisu,Desserts,3,8,24,9.0
2026-05-31,ORD-88351,French Fries,Sides,2,5,10,3.0
2026-05-31,ORD-91609,Pepperoni Pizza,Pizza,1,18,18,6.0
2026-05-31,ORD-55972,Caesar Salad,Salads,1,12,12,4.0
2026-05-31,ORD-30508,Tiramisu,Desserts,2,8,16,6.0
2026-05-31,ORD-65248,Caesar Salad,Salads,2,12,24,8.0
2026-05-31,ORD-70587,Coffee,Drinks,1,4,4,1.0
2026-05-31,ORD-85736,Caesar Salad,Salads,1,12,12,4.0
2026-05-31,ORD-44200,Coffee,Drinks,1,4,4,1.0
2026-05-31,ORD-24996,Margherita Pizza,Pizza,4,15,60,20.0
2026-05-31,ORD-44934,Margherita Pizza,Pizza,4,15,60,20.0
2026-05-31,ORD-64607,Caesar Salad,Salads,2,12,24,8.0
2026-05-31,ORD-36456,Caesar Salad,Salads,1,12,12,4.0
2026-05-31,ORD-55873,Soda,Drinks,3,3,9,1.5
2026-05-31,ORD-76601,Bruschetta,Appetizers,1,7,7,2.5
2026-05-31,ORD-71775,Pepperoni Pizza,Pizza,3,18,54,18.0
2026-05-31,ORD-37376,Pepperoni Pizza,Pizza,1,18,18,6.0
2026-05-31,ORD-17325,Margherita Pizza,Pizza,5,15,75,25.0
2026-05-31,ORD-59537,Chicken Wings,Appetizers,1,10,10,4.0
2026-05-31,ORD-95613,Tiramisu,Desserts,2,8,16,6.0
2026-05-31,ORD-29713,Margherita Pizza,Pizza,2,15,30,10.0
2026-05-31,ORD-62146,Soda,Drinks,1,3,3,0.5
2026-05-31,ORD-74582,Soda,Drinks,1,3,3,0.5
2026-05-31,ORD-23929,Beef Burger,Burgers,2,14,28,12.0
2026-05-31,ORD-72582,Soda,Drinks,3,3,9,1.5
2026-05-31,ORD-75554,Coffee,Drinks,2,4,8,2.0
2026-05-31,ORD-28666,Chicken Wings,Appetizers,3,10,30,12.0
2026-05-31,ORD-63123,Caesar Salad,Salads,3,12,36,12.0
2026-05-31,ORD-84534,Chicken Wings,Appetizers,2,10,20,8.0
2026-05-31,ORD-66090,Margherita Pizza,Pizza,4,15,60,20.0
2026-05-31,ORD-13361,Caesar Salad,Salads,3,12,36,12.0
2026-05-31,ORD-70053,Beef Burger,Burgers,2,14,28,12.0
2026-05-31,ORD-65360,Bruschetta,Appetizers,1,7,7,2.5
2026-05-31,ORD-65175,Chicken Wings,Appetizers,1,10,10,4.0
2026-05-31,ORD-46589,Soda,Drinks,1,3,3,0.5
2026-05-31,ORD-97088,Soda,Drinks,3,3,9,1.5
2026-05-31,ORD-19587,Beef Burger,Burgers,2,14,28,12.0
2026-05-31,ORD-41130,Chicken Wings,Appetizers,2,10,20,8.0
2026-05-31,ORD-63164,Chicken Wings,Appetizers,3,10,30,12.0
2026-05-31,ORD-41083,Chicken Wings,Appetizers,2,10,20,8.0
2026-05-31,ORD-47071,Chicken Wings,Appetizers,2,10,20,8.0
2026-05-31,ORD-74031,Margherita Pizza,Pizza,2,15,30,10.0
2026-05-31,ORD-86082,Caesar Salad,Salads,1,12,12,4.0
2026-05-31,ORD-45005,Coffee,Drinks,2,4,8,2.0
2026-05-31,ORD-14406,Caesar Salad,Salads,2,12,24,8.0
2026-05-31,ORD-17956,French Fries,Sides,3,5,15,4.5
2026-05-31,ORD-30303,Caesar Salad,Salads,1,12,12,4.0
2026-05-31,ORD-34756,Pepperoni Pizza,Pizza,1,18,18,6.0
2026-05-31,ORD-82039,Beef Burger,Burgers,1,14,14,6.0
2026-05-31,ORD-96204,Tiramisu,Desserts,2,8,16,6.0
2026-05-31,ORD-36391,Soda,Drinks,2,3,6,1.0
2026-05-31,ORD-98415,Caesar Salad,Salads,1,12,12,4.0
2026-05-31,ORD-24115,Beef Burger,Burgers,1,14,14,6.0
2026-05-31,ORD-91178,Tiramisu,Desserts,3,8,24,9.0
2026-05-31,ORD-64755,Soda,Drinks,2,3,6,1.0
2026-05-31,ORD-27878,Coffee,Drinks,1,4,4,1.0
2026-05-31,ORD-98458,Soda,Drinks,3,3,9,1.5
2026-05-31,ORD-87002,Tiramisu,Desserts,1,8,8,3.0
2026-05-31,ORD-97294,Tiramisu,Desserts,1,8,8,3.0
2026-05-31,ORD-89635,Chicken Wings,Appetizers,3,10,30,12.0
2026-05-31,ORD-75759,Pepperoni Pizza,Pizza,1,18,18,6.0
2026-05-31,ORD-23975,Coffee,Drinks,1,4,4,1.0
2026-05-31,ORD-87086,Pepperoni Pizza,Pizza,1,18,18,6.0
2026-05-31,ORD-23612,Tiramisu,Desserts,2,8,16,6.0
2026-05-31,ORD-85381,French Fries,Sides,2,5,10,3.0
2026-05-31,ORD-77813,Coffee,Drinks,1,4,4,1.0
2026-05-31,ORD-81170,Bruschetta,Appetizers,1,7,7,2.5
2026-05-31,ORD-23804,French Fries,Sides,1,5,5,1.5
2026-05-31,ORD-98037,Pepperoni Pizza,Pizza,3,18,54,18.0
2026-05-31,ORD-60749,Caesar Salad,Salads,1,12,12,4.0
2026-05-31,ORD-67054,Soda,Drinks,2,3,6,1.0
2026-05-31,ORD-24062,Pepperoni Pizza,Pizza,2,18,36,12.0
2026-05-31,ORD-37879,Pepperoni Pizza,Pizza,3,18,54,18.0
2026-05-31,ORD-67928,Chicken Wings,Appetizers,1,10,10,4.0
2026-05-31,ORD-95838,French Fries,Sides,2,5,10,3.0
2026-05-31,ORD-38524,Margherita Pizza,Pizza,2,15,30,10.0
2026-05-31,ORD-13446,Caesar Salad,Salads,2,12,24,8.0
2026-05-31,ORD-75003,French Fries,Sides,2,5,10,3.0
2026-05-31,ORD-54949,Caesar Salad,Salads,1,12,12,4.0
2026-05-31,ORD-73300,Coffee,Drinks,3,4,12,3.0
2026-06-01,ORD-42293,Tiramisu,Desserts,1,8,8,3.0
2026-06-01,ORD-12595,Margherita Pizza,Pizza,4,15,60,20.0
2026-06-01,ORD-52300,Beef Burger,Burgers,1,14,14,6.0
2026-06-01,ORD-50184,Bruschetta,Appetizers,1,7,7,2.5
2026-06-01,ORD-61970,French Fries,Sides,3,5,15,4.5
2026-06-01,ORD-15131,Caesar Salad,Salads,2,12,24,8.0
2026-06-01,ORD-16842,Beef Burger,Burgers,3,14,42,18.0
2026-06-01,ORD-23073,Tiramisu,Desserts,2,8,16,6.0
2026-06-01,ORD-59680,Pepperoni Pizza,Pizza,3,18,54,18.0
2026-06-01,ORD-36133,Coffee,Drinks,3,4,12,3.0
2026-06-01,ORD-18245,Beef Burger,Burgers,1,14,14,6.0
2026-06-01,ORD-76600,Beef Burger,Burgers,1,14,14,6.0
2026-06-01,ORD-59712,Chicken Wings,Appetizers,1,10,10,4.0
2026-06-01,ORD-55624,Beef Burger,Burgers,3,14,42,18.0
2026-06-01,ORD-92935,Chicken Wings,Appetizers,1,10,10,4.0
2026-06-01,ORD-82531,Tiramisu,Desserts,1,8,8,3.0
2026-06-01,ORD-37912,Pepperoni Pizza,Pizza,2,18,36,12.0
2026-06-01,ORD-73986,Tiramisu,Desserts,2,8,16,6.0
2026-06-01,ORD-87390,Chicken Wings,Appetizers,1,10,10,4.0
2026-06-01,ORD-22985,Soda,Drinks,1,3,3,0.5
2026-06-01,ORD-63975,Bruschetta,Appetizers,1,7,7,2.5
2026-06-01,ORD-83672,Beef Burger,Burgers,1,14,14,6.0
2026-06-01,ORD-47670,Beef Burger,Burgers,2,14,28,12.0
2026-06-01,ORD-63822,Coffee,Drinks,2,4,8,2.0
2026-06-01,ORD-90092,Caesar Salad,Salads,1,12,12,4.0
2026-06-01,ORD-83294,Tiramisu,Desserts,1,8,8,3.0
2026-06-01,ORD-87808,Coffee,Drinks,1,4,4,1.0
2026-06-01,ORD-50791,Bruschetta,Appetizers,1,7,7,2.5
2026-06-01,ORD-17611,Margherita Pizza,Pizza,2,15,30,10.0
2026-06-01,ORD-53103,Soda,Drinks,1,3,3,0.5
2026-06-01,ORD-42165,Soda,Drinks,1,3,3,0.5
2026-06-01,ORD-28109,Chicken Wings,Appetizers,1,10,10,4.0
2026-06-01,ORD-80895,French Fries,Sides,3,5,15,4.5
2026-06-01,ORD-28934,Margherita Pizza,Pizza,3,15,45,15.0
2026-06-01,ORD-58707,Beef Burger,Burgers,1,14,14,6.0
2026-06-01,ORD-54779,Margherita Pizza,Pizza,5,15,75,25.0
2026-06-01,ORD-18174,Caesar Salad,Salads,1,12,12,4.0
2026-06-01,ORD-77212,Pepperoni Pizza,Pizza,3,18,54,18.0
2026-06-01,ORD-18966,Tiramisu,Desserts,1,8,8,3.0
2026-06-01,ORD-66193,Pepperoni Pizza,Pizza,2,18,36,12.0
2026-06-01,ORD-65284,Coffee,Drinks,2,4,8,2.0
2026-06-01,ORD-18068,Tiramisu,Desserts,1,8,8,3.0
2026-06-01,ORD-28294,Bruschetta,Appetizers,1,7,7,2.5
2026-06-01,ORD-89870,French Fries,Sides,2,5,10,3.0
2026-06-01,ORD-29807,Bruschetta,Appetizers,1,7,7,2.5
2026-06-01,ORD-62322,Coffee,Drinks,1,4,4,1.0
2026-06-01,ORD-98708,Caesar Salad,Salads,1,12,12,4.0
2026-06-02,ORD-87357,Caesar Salad,Salads,1,12,12,4.0
2026-06-02,ORD-76300,French Fries,Sides,1,5,5,1.5
2026-06-02,ORD-10634,Margherita Pizza,Pizza,3,15,45,15.0
2026-06-02,ORD-37653,Chicken Wings,Appetizers,1,10,10,4.0
2026-06-02,ORD-27513,Tiramisu,Desserts,3,8,24,9.0
2026-06-02,ORD-59511,Chicken Wings,Appetizers,2,10,20,8.0
2026-06-02,ORD-26153,Coffee,Drinks,2,4,8,2.0
2026-06-02,ORD-63066,Beef Burger,Burgers,3,14,42,18.0
2026-06-02,ORD-88131,Chicken Wings,Appetizers,1,10,10,4.0
2026-06-02,ORD-23072,Coffee,Drinks,2,4,8,2.0
2026-06-02,ORD-14335,Coffee,Drinks,1,4,4,1.0
2026-06-02,ORD-21114,Beef Burger,Burgers,1,14,14,6.0
2026-06-02,ORD-11323,Bruschetta,Appetizers,1,7,7,2.5
2026-06-02,ORD-58565,Chicken Wings,Appetizers,1,10,10,4.0
2026-06-02,ORD-80621,Margherita Pizza,Pizza,3,15,45,15.0
2026-06-02,ORD-96620,Pepperoni Pizza,Pizza,1,18,18,6.0
2026-06-02,ORD-21415,French Fries,Sides,1,5,5,1.5
2026-06-02,ORD-16146,Soda,Drinks,2,3,6,1.0
2026-06-02,ORD-86800,Chicken Wings,Appetizers,3,10,30,12.0
2026-06-02,ORD-78153,Soda,Drinks,1,3,3,0.5
2026-06-02,ORD-47200,Pepperoni Pizza,Pizza,3,18,54,18.0
2026-06-02,ORD-58450,French Fries,Sides,1,5,5,1.5
2026-06-02,ORD-59503,Caesar Salad,Salads,1,12,12,4.0
2026-06-02,ORD-73616,Margherita Pizza,Pizza,4,15,60,20.0
2026-06-02,ORD-24036,Beef Burger,Burgers,2,14,28,12.0
2026-06-02,ORD-94663,Pepperoni Pizza,Pizza,3,18,54,18.0
2026-06-02,ORD-26108,Pepperoni Pizza,Pizza,3,18,54,18.0
2026-06-02,ORD-69229,Margherita Pizza,Pizza,4,15,60,20.0
2026-06-02,ORD-42255,Soda,Drinks,3,3,9,1.5
2026-06-02,ORD-75669,French Fries,Sides,3,5,15,4.5
2026-06-02,ORD-96616,Chicken Wings,Appetizers,1,10,10,4.0
2026-06-02,ORD-75565,Soda,Drinks,1,3,3,0.5
2026-06-02,ORD-72199,Coffee,Drinks,3,4,12,3.0
2026-06-02,ORD-45342,French Fries,Sides,1,5,5,1.5
2026-06-02,ORD-46131,Soda,Drinks,2,3,6,1.0
2026-06-02,ORD-99725,Soda,Drinks,2,3,6,1.0
2026-06-02,ORD-14560,Chicken Wings,Appetizers,3,10,30,12.0
2026-06-02,ORD-91709,Tiramisu,Desserts,2,8,16,6.0
2026-06-02,ORD-93916,Soda,Drinks,2,3,6,1.0
2026-06-02,ORD-59750,Tiramisu,Desserts,3,8,24,9.0
2026-06-02,ORD-53267,Chicken Wings,Appetizers,2,10,20,8.0
2026-06-02,ORD-15337,Tiramisu,Desserts,1,8,8,3.0
2026-06-02,ORD-96856,Caesar Salad,Salads,2,12,24,8.0
2026-06-02,ORD-67009,French Fries,Sides,3,5,15,4.5
2026-06-02,ORD-86801,Tiramisu,Desserts,2,8,16,6.0
2026-06-02,ORD-14710,Margherita Pizza,Pizza,2,15,30,10.0
2026-06-02,ORD-57816,Margherita Pizza,Pizza,4,15,60,20.0
2026-06-02,ORD-94916,Tiramisu,Desserts,1,8,8,3.0
2026-06-02,ORD-79091,Beef Burger,Burgers,3,14,42,18.0
2026-06-02,ORD-66896,French Fries,Sides,1,5,5,1.5
2026-06-03,ORD-27674,Tiramisu,Desserts,2,8,16,6.0
2026-06-03,ORD-21791,Soda,Drinks,3,3,9,1.5
2026-06-03,ORD-72810,Bruschetta,Appetizers,1,7,7,2.5
2026-06-03,ORD-65873,Margherita Pizza,Pizza,4,15,60,20.0
2026-06-03,ORD-84374,Soda,Drinks,1,3,3,0.5
2026-06-03,ORD-14364,French Fries,Sides,1,5,5,1.5
2026-06-03,ORD-24262,Tiramisu,Desserts,1,8,8,3.0
2026-06-03,ORD-27998,French Fries,Sides,2,5,10,3.0
2026-06-03,ORD-35978,Tiramisu,Desserts,2,8,16,6.0
2026-06-03,ORD-93377,Bruschetta,Appetizers,1,7,7,2.5
2026-06-03,ORD-93394,Soda,Drinks,2,3,6,1.0
2026-06-03,ORD-90136,Soda,Drinks,2,3,6,1.0
2026-06-03,ORD-59204,Margherita Pizza,Pizza,4,15,60,20.0
2026-06-03,ORD-93854,Coffee,Drinks,1,4,4,1.0
2026-06-03,ORD-51562,Soda,Drinks,3,3,9,1.5
2026-06-03,ORD-20996,Margherita Pizza,Pizza,4,15,60,20.0
2026-06-03,ORD-33363,Chicken Wings,Appetizers,3,10,30,12.0
2026-06-03,ORD-62568,Tiramisu,Desserts,2,8,16,6.0
2026-06-03,ORD-45309,Pepperoni Pizza,Pizza,1,18,18,6.0
2026-06-03,ORD-24256,Soda,Drinks,2,3,6,1.0
2026-06-03,ORD-91883,Soda,Drinks,1,3,3,0.5
2026-06-03,ORD-89593,French Fries,Sides,1,5,5,1.5
2026-06-03,ORD-51143,Chicken Wings,Appetizers,1,10,10,4.0
2026-06-03,ORD-45409,French Fries,Sides,2,5,10,3.0
2026-06-03,ORD-16591,Coffee,Drinks,1,4,4,1.0
2026-06-03,ORD-41178,Margherita Pizza,Pizza,3,15,45,15.0
2026-06-03,ORD-59962,French Fries,Sides,1,5,5,1.5
2026-06-03,ORD-39758,French Fries,Sides,1,5,5,1.5
2026-06-03,ORD-53140,Margherita Pizza,Pizza,5,15,75,25.0
2026-06-03,ORD-45115,Chicken Wings,Appetizers,1,10,10,4.0
2026-06-03,ORD-19634,Pepperoni Pizza,Pizza,3,18,54,18.0
2026-06-03,ORD-85708,Pepperoni Pizza,Pizza,1,18,18,6.0
2026-06-03,ORD-34994,Soda,Drinks,3,3,9,1.5
2026-06-03,ORD-66460,Tiramisu,Desserts,2,8,16,6.0
2026-06-04,ORD-48449,Pepperoni Pizza,Pizza,1,18,18,6.0
2026-06-04,ORD-37204,Beef Burger,Burgers,2,14,28,12.0
2026-06-04,ORD-35248,Soda,Drinks,2,3,6,1.0
2026-06-04,ORD-14690,French Fries,Sides,3,5,15,4.5
2026-06-04,ORD-70109,Soda,Drinks,2,3,6,1.0
2026-06-04,ORD-88561,Bruschetta,Appetizers,1,7,7,2.5
2026-06-04,ORD-19879,Tiramisu,Desserts,1,8,8,3.0
2026-06-04,ORD-42300,Coffee,Drinks,1,4,4,1.0
2026-06-04,ORD-45201,French Fries,Sides,2,5,10,3.0
2026-06-04,ORD-90855,Margherita Pizza,Pizza,2,15,30,10.0
2026-06-04,ORD-58809,French Fries,Sides,3,5,15,4.5
2026-06-04,ORD-60078,Beef Burger,Burgers,2,14,28,12.0
2026-06-04,ORD-49289,Chicken Wings,Appetizers,3,10,30,12.0
2026-06-04,ORD-33418,Coffee,Drinks,1,4,4,1.0
2026-06-04,ORD-31928,Beef Burger,Burgers,3,14,42,18.0
2026-06-04,ORD-32445,Coffee,Drinks,1,4,4,1.0
2026-06-04,ORD-58599,Beef Burger,Burgers,3,14,42,18.0
2026-06-04,ORD-87925,Tiramisu,Desserts,3,8,24,9.0
2026-06-04,ORD-25471,French Fries,Sides,1,5,5,1.5
2026-06-04,ORD-59216,Tiramisu,Desserts,1,8,8,3.0
2026-06-04,ORD-73940,Beef Burger,Burgers,3,14,42,18.0
2026-06-04,ORD-67497,Coffee,Drinks,2,4,8,2.0
2026-06-04,ORD-84992,Beef Burger,Burgers,3,14,42,18.0
2026-06-04,ORD-39204,Pepperoni Pizza,Pizza,1,18,18,6.0
2026-06-04,ORD-47918,Beef Burger,Burgers,3,14,42,18.0
2026-06-04,ORD-29106,Tiramisu,Desserts,1,8,8,3.0
2026-06-04,ORD-79980,Chicken Wings,Appetizers,2,10,20,8.0
2026-06-04,ORD-17178,Chicken Wings,Appetizers,1,10,10,4.0
2026-06-04,ORD-52710,Pepperoni Pizza,Pizza,1,18,18,6.0
2026-06-04,ORD-15302,Soda,Drinks,1,3,3,0.5
2026-06-04,ORD-71239,Margherita Pizza,Pizza,2,15,30,10.0
2026-06-04,ORD-18988,Caesar Salad,Salads,1,12,12,4.0
2026-06-04,ORD-61073,Soda,Drinks,3,3,9,1.5
2026-06-04,ORD-72658,Coffee,Drinks,3,4,12,3.0
2026-06-04,ORD-32586,Caesar Salad,Salads,3,12,36,12.0
2026-06-04,ORD-51199,Coffee,Drinks,2,4,8,2.0
2026-06-04,ORD-33966,Tiramisu,Desserts,2,8,16,6.0
2026-06-04,ORD-15747,Pepperoni Pizza,Pizza,3,18,54,18.0
2026-06-04,ORD-31266,Tiramisu,Desserts,1,8,8,3.0
2026-06-04,ORD-81786,Chicken Wings,Appetizers,3,10,30,12.0
2026-06-04,ORD-61875,Tiramisu,Desserts,1,8,8,3.0
2026-06-04,ORD-85328,Beef Burger,Burgers,2,14,28,12.0
2026-06-04,ORD-63037,Chicken Wings,Appetizers,3,10,30,12.0
2026-06-04,ORD-19744,Coffee,Drinks,2,4,8,2.0
2026-06-04,ORD-90280,Tiramisu,Desserts,3,8,24,9.0
2026-06-04,ORD-63676,Margherita Pizza,Pizza,2,15,30,10.0
2026-06-04,ORD-70624,Beef Burger,Burgers,2,14,28,12.0
2026-06-04,ORD-60433,Tiramisu,Desserts,3,8,24,9.0
2026-06-05,ORD-48312,Caesar Salad,Salads,2,12,24,8.0
2026-06-05,ORD-31828,Chicken Wings,Appetizers,3,10,30,12.0
2026-06-05,ORD-15062,Coffee,Drinks,3,4,12,3.0
2026-06-05,ORD-56353,Soda,Drinks,1,3,3,0.5
2026-06-05,ORD-89855,Tiramisu,Desserts,3,8,24,9.0
2026-06-05,ORD-66836,Tiramisu,Desserts,1,8,8,3.0
2026-06-05,ORD-58808,Pepperoni Pizza,Pizza,1,18,18,6.0
2026-06-05,ORD-91346,Soda,Drinks,3,3,9,1.5
2026-06-05,ORD-66500,Coffee,Drinks,2,4,8,2.0
2026-06-05,ORD-29611,Soda,Drinks,3,3,9,1.5
2026-06-05,ORD-95910,Tiramisu,Desserts,1,8,8,3.0
2026-06-05,ORD-86554,Tiramisu,Desserts,3,8,24,9.0
2026-06-05,ORD-40877,Chicken Wings,Appetizers,3,10,30,12.0
2026-06-05,ORD-63950,Chicken Wings,Appetizers,2,10,20,8.0
2026-06-05,ORD-23379,Coffee,Drinks,1,4,4,1.0
2026-06-05,ORD-46509,French Fries,Sides,2,5,10,3.0
2026-06-05,ORD-84243,Margherita Pizza,Pizza,5,15,75,25.0
2026-06-05,ORD-87902,Chicken Wings,Appetizers,1,10,10,4.0
2026-06-05,ORD-83152,Soda,Drinks,2,3,6,1.0
2026-06-05,ORD-94016,Margherita Pizza,Pizza,2,15,30,10.0
2026-06-05,ORD-99081,Pepperoni Pizza,Pizza,3,18,54,18.0
2026-06-05,ORD-11584,Caesar Salad,Salads,3,12,36,12.0
2026-06-05,ORD-15211,Tiramisu,Desserts,1,8,8,3.0
2026-06-05,ORD-10445,Pepperoni Pizza,Pizza,3,18,54,18.0
2026-06-05,ORD-98531,Beef Burger,Burgers,3,14,42,18.0
2026-06-05,ORD-69117,Tiramisu,Desserts,2,8,16,6.0
2026-06-05,ORD-40014,Caesar Salad,Salads,3,12,36,12.0
2026-06-05,ORD-49900,Caesar Salad,Salads,3,12,36,12.0
2026-06-05,ORD-45175,French Fries,Sides,1,5,5,1.5
2026-06-05,ORD-78572,Beef Burger,Burgers,3,14,42,18.0
2026-06-05,ORD-43196,Soda,Drinks,1,3,3,0.5
2026-06-05,ORD-99360,Soda,Drinks,2,3,6,1.0
2026-06-05,ORD-11349,Coffee,Drinks,2,4,8,2.0
2026-06-05,ORD-89629,Coffee,Drinks,3,4,12,3.0
2026-06-05,ORD-68766,Caesar Salad,Salads,1,12,12,4.0
2026-06-05,ORD-85709,Soda,Drinks,2,3,6,1.0
2026-06-05,ORD-18824,Pepperoni Pizza,Pizza,2,18,36,12.0
2026-06-05,ORD-20814,Tiramisu,Desserts,3,8,24,9.0
2026-06-05,ORD-53202,Soda,Drinks,1,3,3,0.5
2026-06-05,ORD-89110,Pepperoni Pizza,Pizza,3,18,54,18.0
2026-06-05,ORD-83304,French Fries,Sides,3,5,15,4.5
2026-06-05,ORD-77731,Tiramisu,Desserts,3,8,24,9.0
2026-06-05,ORD-99295,Coffee,Drinks,1,4,4,1.0
2026-06-05,ORD-46626,Tiramisu,Desserts,3,8,24,9.0
2026-06-05,ORD-85256,French Fries,Sides,1,5,5,1.5
2026-06-05,ORD-10624,French Fries,Sides,2,5,10,3.0
2026-06-05,ORD-30962,French Fries,Sides,2,5,10,3.0
2026-06-05,ORD-82572,Tiramisu,Desserts,3,8,24,9.0
2026-06-05,ORD-13439,French Fries,Sides,3,5,15,4.5
2026-06-05,ORD-56149,Tiramisu,Desserts,2,8,16,6.0
2026-06-05,ORD-69510,Chicken Wings,Appetizers,3,10,30,12.0
2026-06-05,ORD-79236,Coffee,Drinks,3,4,12,3.0
2026-06-05,ORD-14160,French Fries,Sides,3,5,15,4.5
2026-06-05,ORD-92843,Pepperoni Pizza,Pizza,3,18,54,18.0
2026-06-05,ORD-42662,Tiramisu,Desserts,3,8,24,9.0
2026-06-05,ORD-67188,Tiramisu,Desserts,2,8,16,6.0
2026-06-05,ORD-57928,Soda,Drinks,2,3,6,1.0
2026-06-05,ORD-79552,Bruschetta,Appetizers,1,7,7,2.5
2026-06-05,ORD-79294,Pepperoni Pizza,Pizza,1,18,18,6.0
2026-06-05,ORD-62678,Soda,Drinks,2,3,6,1.0
2026-06-05,ORD-82575,Pepperoni Pizza,Pizza,1,18,18,6.0
2026-06-05,ORD-12838,Coffee,Drinks,1,4,4,1.0
2026-06-05,ORD-97390,French Fries,Sides,3,5,15,4.5
2026-06-05,ORD-64521,Coffee,Drinks,1,4,4,1.0
2026-06-05,ORD-82534,Chicken Wings,Appetizers,1,10,10,4.0
2026-06-05,ORD-37917,Margherita Pizza,Pizza,2,15,30,10.0
2026-06-05,ORD-23910,Coffee,Drinks,1,4,4,1.0
2026-06-05,ORD-52802,Pepperoni Pizza,Pizza,3,18,54,18.0
2026-06-05,ORD-86040,Margherita Pizza,Pizza,4,15,60,20.0
2026-06-05,ORD-53474,Pepperoni Pizza,Pizza,1,18,18,6.0
2026-06-05,ORD-57480,Chicken Wings,Appetizers,1,10,10,4.0
2026-06-05,ORD-33292,Tiramisu,Desserts,1,8,8,3.0
2026-06-05,ORD-48767,Margherita Pizza,Pizza,3,15,45,15.0
2026-06-05,ORD-23166,Soda,Drinks,1,3,3,0.5
2026-06-05,ORD-15315,Beef Burger,Burgers,2,14,28,12.0
2026-06-05,ORD-52133,Pepperoni Pizza,Pizza,2,18,36,12.0
2026-06-05,ORD-56774,French Fries,Sides,1,5,5,1.5
2026-06-05,ORD-59986,Caesar Salad,Salads,2,12,24,8.0
2026-06-05,ORD-92219,Beef Burger,Burgers,2,14,28,12.0
2026-06-05,ORD-89896,Beef Burger,Burgers,2,14,28,12.0
2026-06-05,ORD-13298,Caesar Salad,Salads,1,12,12,4.0
2026-06-05,ORD-64874,Beef Burger,Burgers,3,14,42,18.0
2026-06-05,ORD-44720,Chicken Wings,Appetizers,3,10,30,12.0
2026-06-05,ORD-26441,French Fries,Sides,3,5,15,4.5
2026-06-05,ORD-86394,Beef Burger,Burgers,1,14,14,6.0
2026-06-05,ORD-61094,Bruschetta,Appetizers,1,7,7,2.5
2026-06-05,ORD-45793,Margherita Pizza,Pizza,2,15,30,10.0
2026-06-05,ORD-68111,Coffee,Drinks,1,4,4,1.0
2026-06-05,ORD-20261,French Fries,Sides,1,5,5,1.5
2026-06-05,ORD-58646,Soda,Drinks,3,3,9,1.5
2026-06-05,ORD-86822,Beef Burger,Burgers,2,14,28,12.0
2026-06-05,ORD-97107,Margherita Pizza,Pizza,4,15,60,20.0
2026-06-05,ORD-17172,Margherita Pizza,Pizza,5,15,75,25.0
2026-06-05,ORD-94173,Coffee,Drinks,2,4,8,2.0
2026-06-05,ORD-74025,French Fries,Sides,3,5,15,4.5
2026-06-05,ORD-44451,Tiramisu,Desserts,1,8,8,3.0
2026-06-05,ORD-10683,Beef Burger,Burgers,1,14,14,6.0
2026-06-05,ORD-13582,Margherita Pizza,Pizza,3,15,45,15.0
2026-06-05,ORD-99314,Beef Burger,Burgers,2,14,28,12.0
2026-06-05,ORD-51947,Pepperoni Pizza,Pizza,2,18,36,12.0
2026-06-05,ORD-77582,Tiramisu,Desserts,1,8,8,3.0
2026-06-05,ORD-30007,Caesar Salad,Salads,3,12,36,12.0
2026-06-05,ORD-27346,Tiramisu,Desserts,3,8,24,9.0
2026-06-05,ORD-69019,Caesar Salad,Salads,2,12,24,8.0
2026-06-05,ORD-20395,Tiramisu,Desserts,2,8,16,6.0
2026-06-05,ORD-22920,Margherita Pizza,Pizza,3,15,45,15.0
2026-06-05,ORD-18049,Beef Burger,Burgers,3,14,42,18.0
2026-06-05,ORD-50146,Caesar Salad,Salads,3,12,36,12.0
2026-06-05,ORD-52726,Pepperoni Pizza,Pizza,2,18,36,12.0
2026-06-05,ORD-24062,Soda,Drinks,2,3,6,1.0
2026-06-05,ORD-45601,Pepperoni Pizza,Pizza,3,18,54,18.0
2026-06-05,ORD-60698,Soda,Drinks,2,3,6,1.0
2026-06-05,ORD-69204,Tiramisu,Desserts,2,8,16,6.0
2026-06-05,ORD-77702,French Fries,Sides,3,5,15,4.5
2026-06-05,ORD-74315,Margherita Pizza,Pizza,4,15,60,20.0
2026-06-05,ORD-89335,Margherita Pizza,Pizza,4,15,60,20.0
2026-06-05,ORD-85093,Pepperoni Pizza,Pizza,1,18,18,6.0
2026-06-05,ORD-57919,Chicken Wings,Appetizers,1,10,10,4.0
2026-06-05,ORD-23968,Margherita Pizza,Pizza,5,15,75,25.0
2026-06-05,ORD-76631,Pepperoni Pizza,Pizza,1,18,18,6.0
2026-06-05,ORD-20646,Soda,Drinks,2,3,6,1.0
2026-06-06,ORD-96626,Soda,Drinks,2,3,6,1.0
2026-06-06,ORD-18081,French Fries,Sides,3,5,15,4.5
2026-06-06,ORD-66282,Bruschetta,Appetizers,1,7,7,2.5
2026-06-06,ORD-36597,Beef Burger,Burgers,3,14,42,18.0
2026-06-06,ORD-30044,Chicken Wings,Appetizers,1,10,10,4.0
2026-06-06,ORD-79558,Chicken Wings,Appetizers,3,10,30,12.0
2026-06-06,ORD-78942,Beef Burger,Burgers,1,14,14,6.0
2026-06-06,ORD-63301,Coffee,Drinks,2,4,8,2.0
2026-06-06,ORD-67693,Coffee,Drinks,3,4,12,3.0
2026-06-06,ORD-12674,French Fries,Sides,3,5,15,4.5
2026-06-06,ORD-68260,Coffee,Drinks,2,4,8,2.0
2026-06-06,ORD-35645,Soda,Drinks,2,3,6,1.0
2026-06-06,ORD-60879,Soda,Drinks,3,3,9,1.5
2026-06-06,ORD-29464,Margherita Pizza,Pizza,3,15,45,15.0
2026-06-06,ORD-88857,Chicken Wings,Appetizers,2,10,20,8.0
2026-06-06,ORD-18099,Pepperoni Pizza,Pizza,1,18,18,6.0
2026-06-06,ORD-83552,Caesar Salad,Salads,2,12,24,8.0
2026-06-06,ORD-92588,Soda,Drinks,3,3,9,1.5
2026-06-06,ORD-13795,Pepperoni Pizza,Pizza,2,18,36,12.0
2026-06-06,ORD-39992,Pepperoni Pizza,Pizza,2,18,36,12.0
2026-06-06,ORD-50795,French Fries,Sides,1,5,5,1.5
2026-06-06,ORD-55547,Caesar Salad,Salads,3,12,36,12.0
2026-06-06,ORD-65957,Margherita Pizza,Pizza,2,15,30,10.0
2026-06-06,ORD-19529,Pepperoni Pizza,Pizza,1,18,18,6.0
2026-06-06,ORD-10941,Soda,Drinks,3,3,9,1.5
2026-06-06,ORD-25358,Soda,Drinks,1,3,3,0.5
2026-06-06,ORD-44296,Tiramisu,Desserts,1,8,8,3.0
2026-06-06,ORD-62914,Soda,Drinks,2,3,6,1.0
2026-06-06,ORD-50973,Soda,Drinks,1,3,3,0.5
2026-06-06,ORD-45202,Tiramisu,Desserts,3,8,24,9.0
2026-06-06,ORD-99129,Caesar Salad,Salads,1,12,12,4.0
2026-06-06,ORD-29330,Pepperoni Pizza,Pizza,1,18,18,6.0
2026-06-06,ORD-26628,Caesar Salad,Salads,1,12,12,4.0
2026-06-06,ORD-16813,Soda,Drinks,1,3,3,0.5
2026-06-06,ORD-32099,Tiramisu,Desserts,1,8,8,3.0
2026-06-06,ORD-56190,French Fries,Sides,2,5,10,3.0
2026-06-06,ORD-97222,Coffee,Drinks,2,4,8,2.0
2026-06-06,ORD-67153,Beef Burger,Burgers,2,14,28,12.0
2026-06-06,ORD-38508,Soda,Drinks,3,3,9,1.5
2026-06-06,ORD-52806,Pepperoni Pizza,Pizza,1,18,18,6.0
2026-06-06,ORD-85988,French Fries,Sides,1,5,5,1.5
2026-06-06,ORD-74480,Coffee,Drinks,3,4,12,3.0
2026-06-06,ORD-38842,Pepperoni Pizza,Pizza,1,18,18,6.0
2026-06-06,ORD-24326,Chicken Wings,Appetizers,1,10,10,4.0
2026-06-06,ORD-27916,Soda,Drinks,3,3,9,1.5
2026-06-06,ORD-47800,Tiramisu,Desserts,3,8,24,9.0
2026-06-06,ORD-74078,Bruschetta,Appetizers,1,7,7,2.5
2026-06-06,ORD-11908,Coffee,Drinks,3,4,12,3.0
2026-06-06,ORD-77147,Soda,Drinks,2,3,6,1.0
2026-06-06,ORD-39441,Pepperoni Pizza,Pizza,3,18,54,18.0
2026-06-06,ORD-12353,Caesar Salad,Salads,2,12,24,8.0
2026-06-06,ORD-77523,Beef Burger,Burgers,3,14,42,18.0
2026-06-06,ORD-94674,Soda,Drinks,3,3,9,1.5
2026-06-06,ORD-30360,Bruschetta,Appetizers,1,7,7,2.5
2026-06-06,ORD-20624,Caesar Salad,Salads,1,12,12,4.0
2026-06-06,ORD-11782,Tiramisu,Desserts,1,8,8,3.0
2026-06-06,ORD-60319,Coffee,Drinks,1,4,4,1.0
2026-06-06,ORD-68102,Tiramisu,Desserts,2,8,16,6.0
2026-06-06,ORD-16781,Pepperoni Pizza,Pizza,1,18,18,6.0
2026-06-06,ORD-82329,Caesar Salad,Salads,2,12,24,8.0
2026-06-06,ORD-11851,Caesar Salad,Salads,3,12,36,12.0
2026-06-06,ORD-43603,Pepperoni Pizza,Pizza,3,18,54,18.0
2026-06-06,ORD-23091,Tiramisu,Desserts,1,8,8,3.0
2026-06-06,ORD-73662,Coffee,Drinks,1,4,4,1.0
2026-06-06,ORD-26590,Soda,Drinks,1,3,3,0.5
2026-06-06,ORD-68210,Chicken Wings,Appetizers,3,10,30,12.0
2026-06-06,ORD-28651,Soda,Drinks,1,3,3,0.5
2026-06-06,ORD-48575,French Fries,Sides,3,5,15,4.5
2026-06-06,ORD-74086,Pepperoni Pizza,Pizza,2,18,36,12.0
2026-06-06,ORD-40314,Caesar Salad,Salads,1,12,12,4.0
2026-06-06,ORD-61301,Caesar Salad,Salads,1,12,12,4.0
2026-06-06,ORD-48960,Caesar Salad,Salads,2,12,24,8.0
2026-06-06,ORD-74541,Caesar Salad,Salads,3,12,36,12.0
2026-06-06,ORD-44243,Margherita Pizza,Pizza,5,15,75,25.0
2026-06-06,ORD-42047,Coffee,Drinks,1,4,4,1.0
2026-06-06,ORD-10693,Tiramisu,Desserts,3,8,24,9.0
2026-06-06,ORD-17882,French Fries,Sides,1,5,5,1.5
2026-06-06,ORD-45128,Tiramisu,Desserts,2,8,16,6.0
2026-06-06,ORD-69024,Beef Burger,Burgers,3,14,42,18.0
2026-06-06,ORD-53650,Chicken Wings,Appetizers,2,10,20,8.0
2026-06-07,ORD-79692,Beef Burger,Burgers,3,14,42,18.0
2026-06-07,ORD-25654,Pepperoni Pizza,Pizza,2,18,36,12.0
2026-06-07,ORD-23761,Beef Burger,Burgers,3,14,42,18.0
2026-06-07,ORD-85879,Margherita Pizza,Pizza,2,15,30,10.0
2026-06-07,ORD-56630,Coffee,Drinks,2,4,8,2.0
2026-06-07,ORD-36250,Tiramisu,Desserts,2,8,16,6.0
2026-06-07,ORD-56718,Soda,Drinks,1,3,3,0.5
2026-06-07,ORD-76260,Chicken Wings,Appetizers,2,10,20,8.0
2026-06-07,ORD-49350,Caesar Salad,Salads,3,12,36,12.0
2026-06-07,ORD-98336,Chicken Wings,Appetizers,1,10,10,4.0
2026-06-07,ORD-65024,Tiramisu,Desserts,3,8,24,9.0
2026-06-07,ORD-50480,Soda,Drinks,1,3,3,0.5
2026-06-07,ORD-90102,Beef Burger,Burgers,2,14,28,12.0
2026-06-07,ORD-78935,Pepperoni Pizza,Pizza,2,18,36,12.0
2026-06-07,ORD-28372,Pepperoni Pizza,Pizza,2,18,36,12.0
2026-06-07,ORD-91963,Beef Burger,Burgers,2,14,28,12.0
2026-06-07,ORD-63306,Pepperoni Pizza,Pizza,3,18,54,18.0
2026-06-07,ORD-36677,Pepperoni Pizza,Pizza,3,18,54,18.0
2026-06-07,ORD-27808,French Fries,Sides,2,5,10,3.0
2026-06-07,ORD-85092,Tiramisu,Desserts,3,8,24,9.0
2026-06-07,ORD-10061,Beef Burger,Burgers,1,14,14,6.0
2026-06-07,ORD-33452,Coffee,Drinks,3,4,12,3.0
2026-06-07,ORD-84948,Pepperoni Pizza,Pizza,2,18,36,12.0
2026-06-07,ORD-60252,Tiramisu,Desserts,3,8,24,9.0
2026-06-07,ORD-65715,Beef Burger,Burgers,2,14,28,12.0
2026-06-07,ORD-10751,Coffee,Drinks,1,4,4,1.0
2026-06-07,ORD-40138,Tiramisu,Desserts,3,8,24,9.0
2026-06-07,ORD-48466,Margherita Pizza,Pizza,3,15,45,15.0
2026-06-07,ORD-58450,Chicken Wings,Appetizers,1,10,10,4.0
2026-06-07,ORD-78537,Pepperoni Pizza,Pizza,2,18,36,12.0
2026-06-07,ORD-85813,Coffee,Drinks,2,4,8,2.0
2026-06-07,ORD-82223,Soda,Drinks,3,3,9,1.5
2026-06-07,ORD-38810,Pepperoni Pizza,Pizza,2,18,36,12.0
2026-06-07,ORD-13265,French Fries,Sides,3,5,15,4.5
2026-06-07,ORD-92404,French Fries,Sides,2,5,10,3.0
2026-06-07,ORD-54119,French Fries,Sides,1,5,5,1.5
2026-06-07,ORD-45470,Chicken Wings,Appetizers,2,10,20,8.0
2026-06-07,ORD-34070,Pepperoni Pizza,Pizza,1,18,18,6.0
2026-06-07,ORD-43594,Soda,Drinks,1,3,3,0.5
2026-06-07,ORD-29375,Beef Burger,Burgers,2,14,28,12.0
2026-06-07,ORD-85293,Margherita Pizza,Pizza,2,15,30,10.0
2026-06-07,ORD-66235,Caesar Salad,Salads,2,12,24,8.0
2026-06-07,ORD-66960,Beef Burger,Burgers,1,14,14,6.0
2026-06-07,ORD-88878,Tiramisu,Desserts,3,8,24,9.0
2026-06-07,ORD-61017,Bruschetta,Appetizers,1,7,7,2.5
2026-06-07,ORD-97136,Pepperoni Pizza,Pizza,2,18,36,12.0
2026-06-07,ORD-98582,Margherita Pizza,Pizza,5,15,75,25.0
2026-06-07,ORD-43316,Pepperoni Pizza,Pizza,3,18,54,18.0
2026-06-07,ORD-30626,Soda,Drinks,2,3,6,1.0
2026-06-07,ORD-76865,Tiramisu,Desserts,2,8,16,6.0
2026-06-07,ORD-39777,Chicken Wings,Appetizers,1,10,10,4.0
2026-06-07,ORD-73699,Coffee,Drinks,2,4,8,2.0
2026-06-07,ORD-79459,Soda,Drinks,3,3,9,1.5
2026-06-07,ORD-70263,Chicken Wings,Appetizers,3,10,30,12.0
2026-06-07,ORD-48819,Chicken Wings,Appetizers,3,10,30,12.0
2026-06-07,ORD-65573,Coffee,Drinks,3,4,12,3.0
2026-06-07,ORD-62061,Margherita Pizza,Pizza,2,15,30,10.0
2026-06-07,ORD-56893,Soda,Drinks,2,3,6,1.0
2026-06-07,ORD-80859,Pepperoni Pizza,Pizza,3,18,54,18.0
2026-06-07,ORD-47512,Pepperoni Pizza,Pizza,1,18,18,6.0
2026-06-07,ORD-39732,Tiramisu,Desserts,3,8,24,9.0
2026-06-07,ORD-47108,Tiramisu,Desserts,2,8,16,6.0
2026-06-07,ORD-80441,Margherita Pizza,Pizza,5,15,75,25.0
2026-06-07,ORD-79085,French Fries,Sides,2,5,10,3.0
2026-06-07,ORD-79738,Tiramisu,Desserts,2,8,16,6.0
2026-06-07,ORD-98129,Pepperoni Pizza,Pizza,3,18,54,18.0
2026-06-07,ORD-99100,Soda,Drinks,1,3,3,0.5
2026-06-07,ORD-80660,Margherita Pizza,Pizza,5,15,75,25.0
2026-06-07,ORD-38362,Pepperoni Pizza,Pizza,2,18,36,12.0
2026-06-07,ORD-88836,Margherita Pizza,Pizza,2,15,30,10.0
2026-06-07,ORD-96020,Caesar Salad,Salads,1,12,12,4.0
2026-06-07,ORD-95895,Tiramisu,Desserts,1,8,8,3.0
2026-06-07,ORD-61422,Beef Burger,Burgers,1,14,14,6.0
2026-06-07,ORD-83851,Tiramisu,Desserts,1,8,8,3.0
2026-06-07,ORD-96462,Chicken Wings,Appetizers,3,10,30,12.0
2026-06-07,ORD-15675,Margherita Pizza,Pizza,3,15,45,15.0
2026-06-07,ORD-20753,Beef Burger,Burgers,2,14,28,12.0
2026-06-07,ORD-51862,Coffee,Drinks,2,4,8,2.0
2026-06-07,ORD-30984,French Fries,Sides,1,5,5,1.5
2026-06-07,ORD-62105,Chicken Wings,Appetizers,3,10,30,12.0
2026-06-07,ORD-50988,Beef Burger,Burgers,2,14,28,12.0
2026-06-07,ORD-20878,Coffee,Drinks,3,4,12,3.0
2026-06-07,ORD-58959,Beef Burger,Burgers,3,14,42,18.0
2026-06-07,ORD-25978,Bruschetta,Appetizers,1,7,7,2.5
2026-06-07,ORD-30650,Pepperoni Pizza,Pizza,1,18,18,6.0
2026-06-07,ORD-96336,French Fries,Sides,1,5,5,1.5
2026-06-07,ORD-64132,Tiramisu,Desserts,3,8,24,9.0
2026-06-07,ORD-97997,Tiramisu,Desserts,1,8,8,3.0
2026-06-07,ORD-85539,Margherita Pizza,Pizza,2,15,30,10.0
2026-06-07,ORD-32182,Tiramisu,Desserts,2,8,16,6.0
2026-06-07,ORD-79659,Soda,Drinks,1,3,3,0.5
2026-06-07,ORD-70370,Chicken Wings,Appetizers,1,10,10,4.0
2026-06-07,ORD-28000,Pepperoni Pizza,Pizza,1,18,18,6.0
2026-06-07,ORD-48880,French Fries,Sides,2,5,10,3.0
2026-06-07,ORD-24751,Beef Burger,Burgers,1,14,14,6.0
2026-06-07,ORD-23789,Caesar Salad,Salads,3,12,36,12.0
2026-06-07,ORD-29808,Beef Burger,Burgers,1,14,14,6.0
2026-06-07,ORD-46115,Beef Burger,Burgers,2,14,28,12.0
2026-06-07,ORD-43074,Pepperoni Pizza,Pizza,3,18,54,18.0
2026-06-07,ORD-77863,Caesar Salad,Salads,2,12,24,8.0
2026-06-07,ORD-99682,Beef Burger,Burgers,1,14,14,6.0
2026-06-08,ORD-82255,Soda,Drinks,3,3,9,1.5
2026-06-08,ORD-51701,Chicken Wings,Appetizers,1,10,10,4.0
2026-06-08,ORD-78187,Tiramisu,Desserts,3,8,24,9.0
2026-06-08,ORD-78375,Beef Burger,Burgers,3,14,42,18.0
2026-06-08,ORD-62624,Margherita Pizza,Pizza,3,15,45,15.0
2026-06-08,ORD-45856,Soda,Drinks,1,3,3,0.5
2026-06-08,ORD-71641,Soda,Drinks,1,3,3,0.5
2026-06-08,ORD-45275,Beef Burger,Burgers,3,14,42,18.0
2026-06-08,ORD-34976,Margherita Pizza,Pizza,2,15,30,10.0
2026-06-08,ORD-59285,French Fries,Sides,2,5,10,3.0
2026-06-08,ORD-80666,Beef Burger,Burgers,3,14,42,18.0
2026-06-08,ORD-96244,Chicken Wings,Appetizers,1,10,10,4.0
2026-06-08,ORD-49141,Beef Burger,Burgers,3,14,42,18.0
2026-06-08,ORD-38169,Chicken Wings,Appetizers,3,10,30,12.0
2026-06-08,ORD-35391,Beef Burger,Burgers,1,14,14,6.0
2026-06-08,ORD-43394,Beef Burger,Burgers,2,14,28,12.0
2026-06-08,ORD-80952,Beef Burger,Burgers,1,14,14,6.0
2026-06-08,ORD-74969,Soda,Drinks,2,3,6,1.0
2026-06-08,ORD-12797,Tiramisu,Desserts,2,8,16,6.0
2026-06-08,ORD-70234,Margherita Pizza,Pizza,5,15,75,25.0
2026-06-08,ORD-49189,Chicken Wings,Appetizers,2,10,20,8.0
2026-06-08,ORD-20217,French Fries,Sides,1,5,5,1.5
2026-06-08,ORD-25516,Chicken Wings,Appetizers,3,10,30,12.0
2026-06-08,ORD-39901,Chicken Wings,Appetizers,1,10,10,4.0
2026-06-08,ORD-12998,Beef Burger,Burgers,2,14,28,12.0
2026-06-08,ORD-33750,Caesar Salad,Salads,1,12,12,4.0
2026-06-08,ORD-48416,Tiramisu,Desserts,1,8,8,3.0
2026-06-08,ORD-85998,Bruschetta,Appetizers,1,7,7,2.5
2026-06-08,ORD-76647,Beef Burger,Burgers,3,14,42,18.0
2026-06-08,ORD-39857,Margherita Pizza,Pizza,5,15,75,25.0
2026-06-08,ORD-10477,Chicken Wings,Appetizers,1,10,10,4.0
2026-06-08,ORD-15529,Chicken Wings,Appetizers,3,10,30,12.0
2026-06-08,ORD-88082,Coffee,Drinks,2,4,8,2.0
2026-06-08,ORD-90048,Pepperoni Pizza,Pizza,2,18,36,12.0
2026-06-08,ORD-97346,Bruschetta,Appetizers,1,7,7,2.5
2026-06-08,ORD-21357,Caesar Salad,Salads,3,12,36,12.0
2026-06-08,ORD-21113,Coffee,Drinks,1,4,4,1.0
2026-06-08,ORD-97490,Coffee,Drinks,1,4,4,1.0
2026-06-08,ORD-72162,Pepperoni Pizza,Pizza,3,18,54,18.0
2026-06-08,ORD-16323,Tiramisu,Desserts,1,8,8,3.0
2026-06-08,ORD-10291,French Fries,Sides,3,5,15,4.5
2026-06-08,ORD-47107,French Fries,Sides,2,5,10,3.0
2026-06-08,ORD-89734,French Fries,Sides,2,5,10,3.0
2026-06-09,ORD-94722,Caesar Salad,Salads,3,12,36,12.0
2026-06-09,ORD-57003,Pepperoni Pizza,Pizza,2,18,36,12.0
2026-06-09,ORD-76901,Pepperoni Pizza,Pizza,2,18,36,12.0
2026-06-09,ORD-25840,Margherita Pizza,Pizza,5,15,75,25.0
2026-06-09,ORD-54795,Tiramisu,Desserts,3,8,24,9.0
2026-06-09,ORD-29108,Margherita Pizza,Pizza,4,15,60,20.0
2026-06-09,ORD-59476,Coffee,Drinks,2,4,8,2.0
2026-06-09,ORD-42078,Margherita Pizza,Pizza,3,15,45,15.0
2026-06-09,ORD-95745,Caesar Salad,Salads,3,12,36,12.0
2026-06-09,ORD-33529,Beef Burger,Burgers,2,14,28,12.0
2026-06-09,ORD-92790,Coffee,Drinks,1,4,4,1.0
2026-06-09,ORD-82594,Caesar Salad,Salads,3,12,36,12.0
2026-06-09,ORD-63332,Pepperoni Pizza,Pizza,1,18,18,6.0
2026-06-09,ORD-20967,Pepperoni Pizza,Pizza,2,18,36,12.0
2026-06-09,ORD-30893,Caesar Salad,Salads,1,12,12,4.0
2026-06-09,ORD-93346,Beef Burger,Burgers,3,14,42,18.0
2026-06-09,ORD-86365,Coffee,Drinks,2,4,8,2.0
2026-06-09,ORD-92647,Tiramisu,Desserts,1,8,8,3.0
2026-06-09,ORD-97082,Pepperoni Pizza,Pizza,3,18,54,18.0
2026-06-09,ORD-42157,Tiramisu,Desserts,3,8,24,9.0
2026-06-09,ORD-53888,Coffee,Drinks,2,4,8,2.0
2026-06-09,ORD-37067,Soda,Drinks,3,3,9,1.5
2026-06-09,ORD-21753,French Fries,Sides,1,5,5,1.5
2026-06-09,ORD-99030,Soda,Drinks,3,3,9,1.5
2026-06-09,ORD-24949,Coffee,Drinks,2,4,8,2.0
2026-06-09,ORD-59637,Margherita Pizza,Pizza,5,15,75,25.0
2026-06-09,ORD-10545,Tiramisu,Desserts,1,8,8,3.0
2026-06-09,ORD-71696,Coffee,Drinks,3,4,12,3.0
2026-06-09,ORD-73124,Chicken Wings,Appetizers,2,10,20,8.0
2026-06-09,ORD-51358,Chicken Wings,Appetizers,2,10,20,8.0
2026-06-09,ORD-27860,Tiramisu,Desserts,3,8,24,9.0
2026-06-09,ORD-59125,Beef Burger,Burgers,1,14,14,6.0
2026-06-09,ORD-16972,Pepperoni Pizza,Pizza,2,18,36,12.0
2026-06-09,ORD-22278,French Fries,Sides,2,5,10,3.0
2026-06-09,ORD-25318,Soda,Drinks,3,3,9,1.5
2026-06-09,ORD-23214,French Fries,Sides,2,5,10,3.0
2026-06-09,ORD-94712,Caesar Salad,Salads,1,12,12,4.0
2026-06-09,ORD-14115,Beef Burger,Burgers,1,14,14,6.0
2026-06-09,ORD-14029,Caesar Salad,Salads,1,12,12,4.0
2026-06-09,ORD-12776,French Fries,Sides,3,5,15,4.5
2026-06-09,ORD-22451,Beef Burger,Burgers,1,14,14,6.0
2026-06-09,ORD-11770,Soda,Drinks,1,3,3,0.5
2026-06-09,ORD-67461,Margherita Pizza,Pizza,2,15,30,10.0
2026-06-09,ORD-95567,Caesar Salad,Salads,2,12,24,8.0
2026-06-09,ORD-77860,Chicken Wings,Appetizers,2,10,20,8.0
2026-06-09,ORD-86189,Margherita Pizza,Pizza,3,15,45,15.0
2026-06-09,ORD-22052,Coffee,Drinks,3,4,12,3.0
2026-06-09,ORD-14738,Pepperoni Pizza,Pizza,2,18,36,12.0
2026-06-09,ORD-10031,Coffee,Drinks,1,4,4,1.0
2026-06-09,ORD-92843,Margherita Pizza,Pizza,4,15,60,20.0
2026-06-09,ORD-64785,Soda,Drinks,2,3,6,1.0
2026-06-09,ORD-60169,Pepperoni Pizza,Pizza,1,18,18,6.0
2026-06-09,ORD-75289,Caesar Salad,Salads,1,12,12,4.0
2026-06-09,ORD-59961,Margherita Pizza,Pizza,5,15,75,25.0
2026-06-10,ORD-41483,Caesar Salad,Salads,3,12,36,12.0
2026-06-10,ORD-89157,Pepperoni Pizza,Pizza,2,18,36,12.0
2026-06-10,ORD-90324,Margherita Pizza,Pizza,2,15,30,10.0
2026-06-10,ORD-34300,Pepperoni Pizza,Pizza,1,18,18,6.0
2026-06-10,ORD-66888,Margherita Pizza,Pizza,2,15,30,10.0
2026-06-10,ORD-19429,Coffee,Drinks,3,4,12,3.0
2026-06-10,ORD-58834,Pepperoni Pizza,Pizza,1,18,18,6.0
2026-06-10,ORD-47784,Margherita Pizza,Pizza,5,15,75,25.0
2026-06-10,ORD-88556,Caesar Salad,Salads,2,12,24,8.0
2026-06-10,ORD-91548,Soda,Drinks,2,3,6,1.0
2026-06-10,ORD-75426,Bruschetta,Appetizers,1,7,7,2.5
2026-06-10,ORD-20076,Tiramisu,Desserts,1,8,8,3.0
2026-06-10,ORD-57291,Beef Burger,Burgers,3,14,42,18.0
2026-06-10,ORD-21991,Beef Burger,Burgers,1,14,14,6.0
2026-06-10,ORD-64654,French Fries,Sides,1,5,5,1.5
2026-06-10,ORD-26594,Margherita Pizza,Pizza,3,15,45,15.0
2026-06-10,ORD-91417,Tiramisu,Desserts,1,8,8,3.0
2026-06-10,ORD-43342,French Fries,Sides,3,5,15,4.5
2026-06-10,ORD-73227,Pepperoni Pizza,Pizza,1,18,18,6.0
2026-06-10,ORD-52808,French Fries,Sides,2,5,10,3.0
2026-06-10,ORD-75479,Coffee,Drinks,2,4,8,2.0
2026-06-10,ORD-95933,French Fries,Sides,3,5,15,4.5
2026-06-10,ORD-73281,Chicken Wings,Appetizers,1,10,10,4.0
2026-06-10,ORD-97790,Coffee,Drinks,3,4,12,3.0
2026-06-10,ORD-19574,Chicken Wings,Appetizers,3,10,30,12.0
2026-06-10,ORD-36614,Pepperoni Pizza,Pizza,1,18,18,6.0
2026-06-10,ORD-92657,Soda,Drinks,2,3,6,1.0
2026-06-10,ORD-43488,Soda,Drinks,1,3,3,0.5
2026-06-10,ORD-64461,Tiramisu,Desserts,3,8,24,9.0
2026-06-10,ORD-22366,Tiramisu,Desserts,3,8,24,9.0
2026-06-10,ORD-38442,French Fries,Sides,1,5,5,1.5
2026-06-10,ORD-77254,Beef Burger,Burgers,1,14,14,6.0
2026-06-10,ORD-62770,Bruschetta,Appetizers,1,7,7,2.5
2026-06-10,ORD-44570,Chicken Wings,Appetizers,2,10,20,8.0
2026-06-10,ORD-56235,Coffee,Drinks,2,4,8,2.0
2026-06-10,ORD-26649,Soda,Drinks,1,3,3,0.5
2026-06-10,ORD-21623,Soda,Drinks,2,3,6,1.0
2026-06-10,ORD-73243,French Fries,Sides,3,5,15,4.5
2026-06-10,ORD-63567,Margherita Pizza,Pizza,2,15,30,10.0
2026-06-10,ORD-77873,Bruschetta,Appetizers,1,7,7,2.5
2026-06-11,ORD-91775,Pepperoni Pizza,Pizza,1,18,18,6.0
2026-06-11,ORD-94582,Margherita Pizza,Pizza,4,15,60,20.0
2026-06-11,ORD-99794,Pepperoni Pizza,Pizza,2,18,36,12.0
2026-06-11,ORD-35268,Beef Burger,Burgers,3,14,42,18.0
2026-06-11,ORD-81889,French Fries,Sides,3,5,15,4.5
2026-06-11,ORD-76482,Pepperoni Pizza,Pizza,1,18,18,6.0
2026-06-11,ORD-83934,Caesar Salad,Salads,2,12,24,8.0
2026-06-11,ORD-73474,Coffee,Drinks,3,4,12,3.0
2026-06-11,ORD-82521,Pepperoni Pizza,Pizza,1,18,18,6.0
2026-06-11,ORD-15627,Tiramisu,Desserts,1,8,8,3.0
2026-06-11,ORD-32219,Coffee,Drinks,1,4,4,1.0
2026-06-11,ORD-38698,Caesar Salad,Salads,1,12,12,4.0
2026-06-11,ORD-35355,French Fries,Sides,3,5,15,4.5
2026-06-11,ORD-26537,French Fries,Sides,2,5,10,3.0
2026-06-11,ORD-30205,Margherita Pizza,Pizza,4,15,60,20.0
2026-06-11,ORD-36520,Pepperoni Pizza,Pizza,1,18,18,6.0
2026-06-11,ORD-54120,Pepperoni Pizza,Pizza,2,18,36,12.0
2026-06-11,ORD-94813,Chicken Wings,Appetizers,3,10,30,12.0
2026-06-11,ORD-74452,Margherita Pizza,Pizza,5,15,75,25.0
2026-06-11,ORD-54706,Tiramisu,Desserts,2,8,16,6.0
2026-06-11,ORD-41456,Beef Burger,Burgers,3,14,42,18.0
2026-06-11,ORD-93634,French Fries,Sides,2,5,10,3.0
2026-06-11,ORD-46999,Caesar Salad,Salads,1,12,12,4.0
2026-06-11,ORD-73793,Pepperoni Pizza,Pizza,1,18,18,6.0
2026-06-11,ORD-78297,Coffee,Drinks,1,4,4,1.0
2026-06-11,ORD-56404,Coffee,Drinks,3,4,12,3.0
2026-06-11,ORD-94616,Caesar Salad,Salads,2,12,24,8.0
2026-06-11,ORD-63172,Soda,Drinks,2,3,6,1.0
2026-06-11,ORD-91542,Margherita Pizza,Pizza,2,15,30,10.0
2026-06-11,ORD-38055,French Fries,Sides,3,5,15,4.5
2026-06-11,ORD-19839,Coffee,Drinks,1,4,4,1.0
2026-06-11,ORD-25060,Chicken Wings,Appetizers,2,10,20,8.0
2026-06-11,ORD-24243,Caesar Salad,Salads,3,12,36,12.0
2026-06-11,ORD-27921,Coffee,Drinks,2,4,8,2.0
2026-06-11,ORD-87353,Soda,Drinks,2,3,6,1.0
2026-06-11,ORD-94627,Coffee,Drinks,1,4,4,1.0
2026-06-11,ORD-38339,Beef Burger,Burgers,1,14,14,6.0
2026-06-11,ORD-91771,Soda,Drinks,1,3,3,0.5
2026-06-11,ORD-37204,Caesar Salad,Salads,1,12,12,4.0
2026-06-11,ORD-45917,Tiramisu,Desserts,3,8,24,9.0
2026-06-12,ORD-86936,Coffee,Drinks,1,4,4,1.0
2026-06-12,ORD-59490,Coffee,Drinks,1,4,4,1.0
2026-06-12,ORD-44756,Caesar Salad,Salads,2,12,24,8.0
2026-06-12,ORD-25193,Caesar Salad,Salads,3,12,36,12.0
2026-06-12,ORD-85485,French Fries,Sides,1,5,5,1.5
2026-06-12,ORD-23833,Coffee,Drinks,2,4,8,2.0
2026-06-12,ORD-16328,Coffee,Drinks,2,4,8,2.0
2026-06-12,ORD-85218,Margherita Pizza,Pizza,3,15,45,15.0
2026-06-12,ORD-31532,French Fries,Sides,1,5,5,1.5
2026-06-12,ORD-72072,French Fries,Sides,1,5,5,1.5
2026-06-12,ORD-81304,Chicken Wings,Appetizers,1,10,10,4.0
2026-06-12,ORD-26549,Chicken Wings,Appetizers,3,10,30,12.0
2026-06-12,ORD-79694,Soda,Drinks,1,3,3,0.5
2026-06-12,ORD-41735,Soda,Drinks,1,3,3,0.5
2026-06-12,ORD-63746,Beef Burger,Burgers,3,14,42,18.0
2026-06-12,ORD-64076,Soda,Drinks,3,3,9,1.5
2026-06-12,ORD-94443,Tiramisu,Desserts,2,8,16,6.0
2026-06-12,ORD-22748,French Fries,Sides,2,5,10,3.0
2026-06-12,ORD-58551,Pepperoni Pizza,Pizza,3,18,54,18.0
2026-06-12,ORD-80758,Coffee,Drinks,2,4,8,2.0
2026-06-12,ORD-52647,Soda,Drinks,1,3,3,0.5
2026-06-12,ORD-98104,French Fries,Sides,1,5,5,1.5
2026-06-12,ORD-73488,Beef Burger,Burgers,2,14,28,12.0
2026-06-12,ORD-83363,Margherita Pizza,Pizza,3,15,45,15.0
2026-06-12,ORD-87913,Pepperoni Pizza,Pizza,1,18,18,6.0
2026-06-12,ORD-53977,Soda,Drinks,3,3,9,1.5
2026-06-12,ORD-94208,Coffee,Drinks,2,4,8,2.0
2026-06-12,ORD-69888,Soda,Drinks,3,3,9,1.5
2026-06-12,ORD-73305,French Fries,Sides,2,5,10,3.0
2026-06-12,ORD-70787,Margherita Pizza,Pizza,2,15,30,10.0
2026-06-12,ORD-61663,Margherita Pizza,Pizza,3,15,45,15.0
2026-06-12,ORD-19981,Coffee,Drinks,1,4,4,1.0
2026-06-12,ORD-86613,Margherita Pizza,Pizza,2,15,30,10.0
2026-06-12,ORD-75000,Bruschetta,Appetizers,1,7,7,2.5
2026-06-12,ORD-99604,Tiramisu,Desserts,2,8,16,6.0
2026-06-12,ORD-27777,Beef Burger,Burgers,1,14,14,6.0
2026-06-12,ORD-43137,Beef Burger,Burgers,2,14,28,12.0
2026-06-12,ORD-37864,Soda,Drinks,1,3,3,0.5
2026-06-12,ORD-29429,Chicken Wings,Appetizers,3,10,30,12.0
2026-06-12,ORD-96679,Pepperoni Pizza,Pizza,1,18,18,6.0
2026-06-12,ORD-10174,Tiramisu,Desserts,1,8,8,3.0
2026-06-12,ORD-49406,Chicken Wings,Appetizers,1,10,10,4.0
2026-06-12,ORD-96853,Caesar Salad,Salads,3,12,36,12.0
2026-06-12,ORD-37477,Soda,Drinks,3,3,9,1.5
2026-06-12,ORD-32198,Coffee,Drinks,2,4,8,2.0
2026-06-12,ORD-99055,French Fries,Sides,2,5,10,3.0
2026-06-12,ORD-43154,Coffee,Drinks,1,4,4,1.0
2026-06-12,ORD-97269,Caesar Salad,Salads,3,12,36,12.0
2026-06-12,ORD-94638,French Fries,Sides,3,5,15,4.5
2026-06-12,ORD-21531,French Fries,Sides,3,5,15,4.5
2026-06-12,ORD-74812,French Fries,Sides,1,5,5,1.5
2026-06-12,ORD-21192,French Fries,Sides,2,5,10,3.0
2026-06-12,ORD-47370,Caesar Salad,Salads,1,12,12,4.0
2026-06-12,ORD-81031,Coffee,Drinks,2,4,8,2.0
2026-06-12,ORD-50245,Soda,Drinks,2,3,6,1.0
2026-06-12,ORD-14978,Tiramisu,Desserts,3,8,24,9.0
2026-06-12,ORD-74865,Pepperoni Pizza,Pizza,1,18,18,6.0
2026-06-12,ORD-86434,Coffee,Drinks,2,4,8,2.0
2026-06-12,ORD-15104,Soda,Drinks,2,3,6,1.0
2026-06-12,ORD-86240,Chicken Wings,Appetizers,3,10,30,12.0
2026-06-12,ORD-82816,Beef Burger,Burgers,1,14,14,6.0
2026-06-12,ORD-65633,Bruschetta,Appetizers,1,7,7,2.5
2026-06-12,ORD-67135,Caesar Salad,Salads,2,12,24,8.0
2026-06-12,ORD-95488,Margherita Pizza,Pizza,2,15,30,10.0
2026-06-12,ORD-50593,Caesar Salad,Salads,1,12,12,4.0
2026-06-12,ORD-88726,Margherita Pizza,Pizza,2,15,30,10.0
2026-06-12,ORD-82610,Margherita Pizza,Pizza,3,15,45,15.0
2026-06-12,ORD-64702,Caesar Salad,Salads,2,12,24,8.0
2026-06-12,ORD-75644,Caesar Salad,Salads,1,12,12,4.0
2026-06-12,ORD-98133,Pepperoni Pizza,Pizza,2,18,36,12.0
2026-06-12,ORD-98495,Chicken Wings,Appetizers,1,10,10,4.0
2026-06-12,ORD-76690,Chicken Wings,Appetizers,3,10,30,12.0
2026-06-12,ORD-59869,Caesar Salad,Salads,2,12,24,8.0
2026-06-12,ORD-85098,Chicken Wings,Appetizers,3,10,30,12.0
2026-06-12,ORD-12638,Coffee,Drinks,1,4,4,1.0
2026-06-12,ORD-45692,Beef Burger,Burgers,3,14,42,18.0
2026-06-12,ORD-62439,Beef Burger,Burgers,1,14,14,6.0
2026-06-12,ORD-31898,Margherita Pizza,Pizza,4,15,60,20.0
2026-06-12,ORD-86619,Beef Burger,Burgers,3,14,42,18.0
2026-06-12,ORD-26704,Tiramisu,Desserts,2,8,16,6.0
2026-06-12,ORD-61862,Pepperoni Pizza,Pizza,2,18,36,12.0
2026-06-12,ORD-27993,Coffee,Drinks,3,4,12,3.0
2026-06-12,ORD-84932,Coffee,Drinks,1,4,4,1.0
2026-06-12,ORD-86843,French Fries,Sides,3,5,15,4.5
2026-06-12,ORD-24513,Pepperoni Pizza,Pizza,2,18,36,12.0
2026-06-12,ORD-62170,Caesar Salad,Salads,3,12,36,12.0
2026-06-12,ORD-92621,Tiramisu,Desserts,1,8,8,3.0
2026-06-12,ORD-44565,Tiramisu,Desserts,1,8,8,3.0
2026-06-12,ORD-50352,Caesar Salad,Salads,2,12,24,8.0
2026-06-12,ORD-19950,Pepperoni Pizza,Pizza,1,18,18,6.0
2026-06-12,ORD-43171,Pepperoni Pizza,Pizza,2,18,36,12.0
2026-06-12,ORD-41043,Chicken Wings,Appetizers,3,10,30,12.0
2026-06-12,ORD-12739,Beef Burger,Burgers,1,14,14,6.0
2026-06-12,ORD-10685,Caesar Salad,Salads,3,12,36,12.0
2026-06-12,ORD-74403,Chicken Wings,Appetizers,2,10,20,8.0
2026-06-12,ORD-21507,Margherita Pizza,Pizza,5,15,75,25.0
2026-06-12,ORD-74530,Margherita Pizza,Pizza,5,15,75,25.0
2026-06-12,ORD-42599,French Fries,Sides,3,5,15,4.5
2026-06-12,ORD-67683,Coffee,Drinks,3,4,12,3.0
2026-06-12,ORD-18539,Beef Burger,Burgers,1,14,14,6.0
2026-06-12,ORD-12582,Beef Burger,Burgers,2,14,28,12.0
2026-06-12,ORD-40960,Soda,Drinks,1,3,3,0.5
2026-06-12,ORD-96856,Soda,Drinks,1,3,3,0.5
2026-06-12,ORD-77688,Pepperoni Pizza,Pizza,3,18,54,18.0
2026-06-12,ORD-91889,Chicken Wings,Appetizers,2,10,20,8.0
2026-06-12,ORD-12863,Tiramisu,Desserts,3,8,24,9.0
2026-06-12,ORD-90792,French Fries,Sides,1,5,5,1.5
2026-06-12,ORD-91224,Caesar Salad,Salads,1,12,12,4.0
2026-06-12,ORD-84877,French Fries,Sides,2,5,10,3.0
2026-06-12,ORD-38071,French Fries,Sides,2,5,10,3.0
2026-06-12,ORD-53395,Beef Burger,Burgers,3,14,42,18.0
2026-06-12,ORD-32074,Soda,Drinks,3,3,9,1.5
2026-06-12,ORD-37266,Beef Burger,Burgers,3,14,42,18.0
2026-06-12,ORD-45426,Caesar Salad,Salads,3,12,36,12.0
2026-06-12,ORD-59286,French Fries,Sides,1,5,5,1.5
2026-06-12,ORD-79936,Soda,Drinks,1,3,3,0.5
2026-06-12,ORD-33781,Coffee,Drinks,1,4,4,1.0
2026-06-12,ORD-74589,Pepperoni Pizza,Pizza,1,18,18,6.0
2026-06-12,ORD-87242,Chicken Wings,Appetizers,1,10,10,4.0
2026-06-12,ORD-15120,Tiramisu,Desserts,1,8,8,3.0
2026-06-12,ORD-80026,Coffee,Drinks,2,4,8,2.0
2026-06-12,ORD-24965,Beef Burger,Burgers,1,14,14,6.0
2026-06-12,ORD-47913,Tiramisu,Desserts,2,8,16,6.0
2026-06-12,ORD-48050,French Fries,Sides,2,5,10,3.0
2026-06-12,ORD-52493,Soda,Drinks,1,3,3,0.5
2026-06-12,ORD-84016,Bruschetta,Appetizers,1,7,7,2.5
2026-06-12,ORD-29709,French Fries,Sides,1,5,5,1.5
2026-06-12,ORD-75816,French Fries,Sides,1,5,5,1.5
2026-06-12,ORD-15775,Coffee,Drinks,3,4,12,3.0
2026-06-12,ORD-93856,Soda,Drinks,1,3,3,0.5
2026-06-12,ORD-82596,Margherita Pizza,Pizza,3,15,45,15.0
2026-06-13,ORD-51418,Tiramisu,Desserts,3,8,24,9.0
2026-06-13,ORD-61031,Coffee,Drinks,2,4,8,2.0
2026-06-13,ORD-32314,Coffee,Drinks,1,4,4,1.0
2026-06-13,ORD-72985,Caesar Salad,Salads,3,12,36,12.0
2026-06-13,ORD-88155,Margherita Pizza,Pizza,3,15,45,15.0
2026-06-13,ORD-87569,Chicken Wings,Appetizers,2,10,20,8.0
2026-06-13,ORD-35069,Soda,Drinks,2,3,6,1.0
2026-06-13,ORD-45128,Soda,Drinks,3,3,9,1.5
2026-06-13,ORD-70731,Soda,Drinks,1,3,3,0.5
2026-06-13,ORD-40861,Tiramisu,Desserts,3,8,24,9.0
2026-06-13,ORD-33657,French Fries,Sides,2,5,10,3.0
2026-06-13,ORD-23129,French Fries,Sides,3,5,15,4.5
2026-06-13,ORD-78342,Caesar Salad,Salads,1,12,12,4.0
2026-06-13,ORD-22717,Caesar Salad,Salads,3,12,36,12.0
2026-06-13,ORD-88703,Beef Burger,Burgers,1,14,14,6.0
2026-06-13,ORD-69282,Pepperoni Pizza,Pizza,1,18,18,6.0
2026-06-13,ORD-75598,Soda,Drinks,1,3,3,0.5
2026-06-13,ORD-84624,Coffee,Drinks,1,4,4,1.0
2026-06-13,ORD-15118,Tiramisu,Desserts,2,8,16,6.0
2026-06-13,ORD-66909,Pepperoni Pizza,Pizza,3,18,54,18.0
2026-06-13,ORD-48678,Tiramisu,Desserts,2,8,16,6.0
2026-06-13,ORD-80027,Beef Burger,Burgers,2,14,28,12.0
2026-06-13,ORD-79979,Margherita Pizza,Pizza,2,15,30,10.0
2026-06-13,ORD-21347,Beef Burger,Burgers,3,14,42,18.0
2026-06-13,ORD-25078,Margherita Pizza,Pizza,4,15,60,20.0
2026-06-13,ORD-51590,Margherita Pizza,Pizza,2,15,30,10.0
2026-06-13,ORD-22867,Pepperoni Pizza,Pizza,3,18,54,18.0
2026-06-13,ORD-20381,Margherita Pizza,Pizza,5,15,75,25.0
2026-06-13,ORD-78336,Margherita Pizza,Pizza,2,15,30,10.0
2026-06-13,ORD-73594,Pepperoni Pizza,Pizza,3,18,54,18.0
2026-06-13,ORD-16589,Soda,Drinks,2,3,6,1.0
2026-06-13,ORD-24789,Chicken Wings,Appetizers,3,10,30,12.0
2026-06-13,ORD-19950,Caesar Salad,Salads,3,12,36,12.0
2026-06-13,ORD-94024,French Fries,Sides,3,5,15,4.5
2026-06-13,ORD-57198,Chicken Wings,Appetizers,3,10,30,12.0
2026-06-13,ORD-41803,Chicken Wings,Appetizers,1,10,10,4.0
2026-06-13,ORD-69610,French Fries,Sides,2,5,10,3.0
2026-06-13,ORD-30719,Beef Burger,Burgers,1,14,14,6.0
2026-06-13,ORD-19403,Caesar Salad,Salads,3,12,36,12.0
2026-06-13,ORD-31967,Chicken Wings,Appetizers,3,10,30,12.0
2026-06-13,ORD-57084,Caesar Salad,Salads,1,12,12,4.0
2026-06-13,ORD-50907,Pepperoni Pizza,Pizza,3,18,54,18.0
2026-06-13,ORD-80795,Margherita Pizza,Pizza,2,15,30,10.0
2026-06-13,ORD-88516,Margherita Pizza,Pizza,3,15,45,15.0
2026-06-13,ORD-55876,Coffee,Drinks,3,4,12,3.0
2026-06-13,ORD-94170,Coffee,Drinks,2,4,8,2.0
2026-06-13,ORD-57542,Caesar Salad,Salads,1,12,12,4.0
2026-06-13,ORD-70453,Margherita Pizza,Pizza,2,15,30,10.0
2026-06-13,ORD-49937,French Fries,Sides,2,5,10,3.0
2026-06-13,ORD-48259,Coffee,Drinks,2,4,8,2.0
2026-06-13,ORD-54209,Caesar Salad,Salads,2,12,24,8.0
2026-06-13,ORD-21950,Margherita Pizza,Pizza,5,15,75,25.0
2026-06-13,ORD-15410,Soda,Drinks,2,3,6,1.0
2026-06-13,ORD-11927,Pepperoni Pizza,Pizza,3,18,54,18.0
2026-06-13,ORD-62296,French Fries,Sides,3,5,15,4.5
2026-06-13,ORD-57278,Coffee,Drinks,1,4,4,1.0
2026-06-13,ORD-97696,Tiramisu,Desserts,1,8,8,3.0
2026-06-13,ORD-99614,Chicken Wings,Appetizers,1,10,10,4.0
2026-06-13,ORD-63253,Tiramisu,Desserts,2,8,16,6.0
2026-06-13,ORD-14446,Pepperoni Pizza,Pizza,2,18,36,12.0
2026-06-13,ORD-61594,Pepperoni Pizza,Pizza,3,18,54,18.0
2026-06-13,ORD-10913,Soda,Drinks,2,3,6,1.0
2026-06-13,ORD-93703,Soda,Drinks,2,3,6,1.0
2026-06-13,ORD-84110,Beef Burger,Burgers,2,14,28,12.0
2026-06-13,ORD-44112,Margherita Pizza,Pizza,2,15,30,10.0
2026-06-13,ORD-41338,French Fries,Sides,3,5,15,4.5
2026-06-13,ORD-25710,French Fries,Sides,3,5,15,4.5
2026-06-13,ORD-40835,Soda,Drinks,2,3,6,1.0
2026-06-13,ORD-20606,Caesar Salad,Salads,1,12,12,4.0
2026-06-13,ORD-17001,Soda,Drinks,1,3,3,0.5
2026-06-13,ORD-60023,Tiramisu,Desserts,2,8,16,6.0
2026-06-13,ORD-33973,Caesar Salad,Salads,3,12,36,12.0
2026-06-13,ORD-42019,Chicken Wings,Appetizers,1,10,10,4.0
2026-06-13,ORD-80576,Soda,Drinks,3,3,9,1.5
2026-06-13,ORD-24660,Caesar Salad,Salads,2,12,24,8.0
2026-06-13,ORD-39853,French Fries,Sides,1,5,5,1.5
2026-06-13,ORD-40489,Beef Burger,Burgers,2,14,28,12.0
2026-06-13,ORD-31186,Margherita Pizza,Pizza,2,15,30,10.0
2026-06-13,ORD-28547,Margherita Pizza,Pizza,2,15,30,10.0
2026-06-14,ORD-10659,Chicken Wings,Appetizers,2,10,20,8.0
2026-06-14,ORD-67481,Tiramisu,Desserts,1,8,8,3.0
2026-06-14,ORD-81795,Coffee,Drinks,1,4,4,1.0
2026-06-14,ORD-27399,French Fries,Sides,3,5,15,4.5
2026-06-14,ORD-52420,Margherita Pizza,Pizza,3,15,45,15.0
2026-06-14,ORD-72505,Caesar Salad,Salads,3,12,36,12.0
2026-06-14,ORD-47289,Chicken Wings,Appetizers,1,10,10,4.0
2026-06-14,ORD-37759,French Fries,Sides,1,5,5,1.5
2026-06-14,ORD-79559,Soda,Drinks,1,3,3,0.5
2026-06-14,ORD-25428,Margherita Pizza,Pizza,2,15,30,10.0
2026-06-14,ORD-59302,French Fries,Sides,2,5,10,3.0
2026-06-14,ORD-50346,Coffee,Drinks,2,4,8,2.0
2026-06-14,ORD-71214,Beef Burger,Burgers,1,14,14,6.0
2026-06-14,ORD-59299,Coffee,Drinks,2,4,8,2.0
2026-06-14,ORD-84989,Pepperoni Pizza,Pizza,2,18,36,12.0
2026-06-14,ORD-17362,Caesar Salad,Salads,1,12,12,4.0
2026-06-14,ORD-97815,Pepperoni Pizza,Pizza,3,18,54,18.0
2026-06-14,ORD-90960,Caesar Salad,Salads,3,12,36,12.0
2026-06-14,ORD-47692,Margherita Pizza,Pizza,2,15,30,10.0
2026-06-14,ORD-93572,Soda,Drinks,3,3,9,1.5
2026-06-14,ORD-16725,Caesar Salad,Salads,3,12,36,12.0
2026-06-14,ORD-21092,Bruschetta,Appetizers,1,7,7,2.5
2026-06-14,ORD-71338,Soda,Drinks,1,3,3,0.5
2026-06-14,ORD-68253,Beef Burger,Burgers,3,14,42,18.0
2026-06-14,ORD-14480,Chicken Wings,Appetizers,3,10,30,12.0
2026-06-14,ORD-28779,Coffee,Drinks,2,4,8,2.0
2026-06-14,ORD-83584,Margherita Pizza,Pizza,3,15,45,15.0
2026-06-14,ORD-92774,Tiramisu,Desserts,1,8,8,3.0
2026-06-14,ORD-38343,Chicken Wings,Appetizers,1,10,10,4.0
2026-06-14,ORD-41092,Margherita Pizza,Pizza,5,15,75,25.0
2026-06-14,ORD-76448,Beef Burger,Burgers,3,14,42,18.0
2026-06-14,ORD-19084,Coffee,Drinks,1,4,4,1.0
2026-06-14,ORD-73472,Soda,Drinks,2,3,6,1.0
2026-06-14,ORD-24774,Soda,Drinks,1,3,3,0.5
2026-06-14,ORD-79217,Margherita Pizza,Pizza,4,15,60,20.0
2026-06-14,ORD-99836,Pepperoni Pizza,Pizza,2,18,36,12.0
2026-06-14,ORD-17574,Tiramisu,Desserts,2,8,16,6.0
2026-06-14,ORD-73643,Coffee,Drinks,1,4,4,1.0
2026-06-14,ORD-25458,Caesar Salad,Salads,3,12,36,12.0
2026-06-14,ORD-53286,Soda,Drinks,1,3,3,0.5
2026-06-14,ORD-11211,Caesar Salad,Salads,3,12,36,12.0
2026-06-14,ORD-99398,Soda,Drinks,3,3,9,1.5
2026-06-14,ORD-73138,Chicken Wings,Appetizers,3,10,30,12.0
2026-06-14,ORD-79258,Coffee,Drinks,3,4,12,3.0
2026-06-14,ORD-36017,Soda,Drinks,3,3,9,1.5
2026-06-14,ORD-98047,Chicken Wings,Appetizers,1,10,10,4.0
2026-06-14,ORD-82212,Pepperoni Pizza,Pizza,3,18,54,18.0
2026-06-14,ORD-32667,Chicken Wings,Appetizers,3,10,30,12.0
2026-06-14,ORD-73414,Pepperoni Pizza,Pizza,1,18,18,6.0
2026-06-14,ORD-30669,French Fries,Sides,1,5,5,1.5
2026-06-14,ORD-88994,Beef Burger,Burgers,1,14,14,6.0
2026-06-14,ORD-46515,Tiramisu,Desserts,2,8,16,6.0
2026-06-14,ORD-63972,Beef Burger,Burgers,2,14,28,12.0
2026-06-14,ORD-22936,Margherita Pizza,Pizza,2,15,30,10.0
2026-06-14,ORD-88784,Chicken Wings,Appetizers,1,10,10,4.0
2026-06-14,ORD-26444,Coffee,Drinks,1,4,4,1.0
2026-06-14,ORD-15553,Coffee,Drinks,1,4,4,1.0
2026-06-14,ORD-34584,Tiramisu,Desserts,3,8,24,9.0
2026-06-14,ORD-60256,Margherita Pizza,Pizza,3,15,45,15.0
2026-06-14,ORD-80048,French Fries,Sides,2,5,10,3.0
2026-06-14,ORD-23603,Caesar Salad,Salads,2,12,24,8.0
2026-06-14,ORD-17052,Chicken Wings,Appetizers,3,10,30,12.0
2026-06-14,ORD-12465,Tiramisu,Desserts,3,8,24,9.0
2026-06-14,ORD-27411,Tiramisu,Desserts,2,8,16,6.0
2026-06-14,ORD-15730,Coffee,Drinks,2,4,8,2.0
2026-06-14,ORD-66793,Beef Burger,Burgers,1,14,14,6.0
2026-06-14,ORD-37834,Pepperoni Pizza,Pizza,2,18,36,12.0
2026-06-14,ORD-34211,Pepperoni Pizza,Pizza,1,18,18,6.0
2026-06-14,ORD-50182,Chicken Wings,Appetizers,2,10,20,8.0
2026-06-14,ORD-43671,Chicken Wings,Appetizers,1,10,10,4.0
2026-06-14,ORD-92168,Beef Burger,Burgers,1,14,14,6.0
2026-06-14,ORD-25181,Caesar Salad,Salads,2,12,24,8.0
2026-06-14,ORD-26188,Chicken Wings,Appetizers,1,10,10,4.0
2026-06-14,ORD-92579,Tiramisu,Desserts,2,8,16,6.0
2026-06-14,ORD-45383,Pepperoni Pizza,Pizza,2,18,36,12.0
2026-06-14,ORD-83762,Chicken Wings,Appetizers,1,10,10,4.0
2026-06-14,ORD-75072,Pepperoni Pizza,Pizza,2,18,36,12.0
2026-06-14,ORD-36786,Tiramisu,Desserts,2,8,16,6.0
2026-06-14,ORD-12457,French Fries,Sides,1,5,5,1.5
2026-06-14,ORD-34254,Chicken Wings,Appetizers,1,10,10,4.0
2026-06-14,ORD-95598,Tiramisu,Desserts,1,8,8,3.0
2026-06-14,ORD-78367,Chicken Wings,Appetizers,2,10,20,8.0
2026-06-14,ORD-52598,Coffee,Drinks,1,4,4,1.0
2026-06-14,ORD-96350,Margherita Pizza,Pizza,3,15,45,15.0
2026-06-14,ORD-65089,Caesar Salad,Salads,2,12,24,8.0
2026-06-14,ORD-13186,Soda,Drinks,1,3,3,0.5
2026-06-14,ORD-10213,Tiramisu,Desserts,3,8,24,9.0
2026-06-14,ORD-22253,Coffee,Drinks,2,4,8,2.0
2026-06-14,ORD-14555,French Fries,Sides,2,5,10,3.0
2026-06-14,ORD-78069,Beef Burger,Burgers,3,14,42,18.0
2026-06-14,ORD-20246,Beef Burger,Burgers,2,14,28,12.0
2026-06-14,ORD-16284,Chicken Wings,Appetizers,2,10,20,8.0
2026-06-14,ORD-67311,Chicken Wings,Appetizers,1,10,10,4.0
2026-06-14,ORD-18051,Margherita Pizza,Pizza,3,15,45,15.0
2026-06-14,ORD-75506,Beef Burger,Burgers,1,14,14,6.0
2026-06-14,ORD-88432,Chicken Wings,Appetizers,2,10,20,8.0
2026-06-14,ORD-79359,Coffee,Drinks,3,4,12,3.0
2026-06-14,ORD-38952,Margherita Pizza,Pizza,2,15,30,10.0
2026-06-14,ORD-72885,Coffee,Drinks,3,4,12,3.0
2026-06-14,ORD-40692,Soda,Drinks,2,3,6,1.0
2026-06-14,ORD-23713,Pepperoni Pizza,Pizza,2,18,36,12.0
2026-06-14,ORD-55601,French Fries,Sides,1,5,5,1.5
2026-06-14,ORD-29126,Caesar Salad,Salads,3,12,36,12.0
2026-06-14,ORD-14402,Tiramisu,Desserts,2,8,16,6.0
2026-06-14,ORD-46987,French Fries,Sides,3,5,15,4.5
2026-06-14,ORD-59373,Coffee,Drinks,1,4,4,1.0
2026-06-14,ORD-22910,Margherita Pizza,Pizza,5,15,75,25.0
2026-06-14,ORD-83615,Margherita Pizza,Pizza,5,15,75,25.0
2026-06-14,ORD-48195,Chicken Wings,Appetizers,1,10,10,4.0
2026-06-14,ORD-17231,Coffee,Drinks,2,4,8,2.0
2026-06-14,ORD-32115,Soda,Drinks,3,3,9,1.5
2026-06-14,ORD-53496,Soda,Drinks,1,3,3,0.5
2026-06-14,ORD-98006,Tiramisu,Desserts,1,8,8,3.0
2026-06-14,ORD-37761,Pepperoni Pizza,Pizza,1,18,18,6.0
2026-06-14,ORD-40085,Caesar Salad,Salads,1,12,12,4.0
2026-06-14,ORD-42805,Soda,Drinks,2,3,6,1.0
2026-06-14,ORD-91842,French Fries,Sides,2,5,10,3.0
2026-06-14,ORD-79327,Coffee,Drinks,2,4,8,2.0
2026-06-14,ORD-11941,Caesar Salad,Salads,1,12,12,4.0
2026-06-14,ORD-41133,Pepperoni Pizza,Pizza,1,18,18,6.0
2026-06-14,ORD-88507,French Fries,Sides,1,5,5,1.5
2026-06-14,ORD-46066,French Fries,Sides,1,5,5,1.5
2026-06-14,ORD-27261,Bruschetta,Appetizers,1,7,7,2.5
2026-06-14,ORD-87016,Pepperoni Pizza,Pizza,2,18,36,12.0
2026-06-14,ORD-42800,French Fries,Sides,1,5,5,1.5
2026-06-14,ORD-93615,Tiramisu,Desserts,3,8,24,9.0
2026-06-14,ORD-73128,Caesar Salad,Salads,3,12,36,12.0
2026-06-14,ORD-13681,French Fries,Sides,3,5,15,4.5
2026-06-14,ORD-20129,Soda,Drinks,2,3,6,1.0
2026-06-14,ORD-45664,Margherita Pizza,Pizza,5,15,75,25.0
2026-06-14,ORD-46461,Beef Burger,Burgers,1,14,14,6.0
2026-06-14,ORD-97308,Coffee,Drinks,1,4,4,1.0
2026-06-14,ORD-89480,Bruschetta,Appetizers,1,7,7,2.5
2026-06-14,ORD-27977,Chicken Wings,Appetizers,1,10,10,4.0
2026-06-14,ORD-26999,Margherita Pizza,Pizza,2,15,30,10.0
2026-06-14,ORD-57764,Caesar Salad,Salads,2,12,24,8.0
2026-06-14,ORD-22789,Bruschetta,Appetizers,1,7,7,2.5
2026-06-14,ORD-65209,Bruschetta,Appetizers,1,7,7,2.5
2026-06-14,ORD-92813,Caesar Salad,Salads,2,12,24,8.0
2026-06-14,ORD-59204,Chicken Wings,Appetizers,2,10,20,8.0
2026-06-14,ORD-20688,Tiramisu,Desserts,2,8,16,6.0
2026-06-14,ORD-43807,Coffee,Drinks,2,4,8,2.0
2026-06-14,ORD-50755,Soda,Drinks,2,3,6,1.0
2026-06-15,ORD-44937,Beef Burger,Burgers,1,14,14,6.0
2026-06-15,ORD-78871,Beef Burger,Burgers,1,14,14,6.0
2026-06-15,ORD-30363,Margherita Pizza,Pizza,2,15,30,10.0
2026-06-15,ORD-29852,French Fries,Sides,3,5,15,4.5
2026-06-15,ORD-57153,Pepperoni Pizza,Pizza,2,18,36,12.0
2026-06-15,ORD-66158,Caesar Salad,Salads,2,12,24,8.0
2026-06-15,ORD-56822,Soda,Drinks,3,3,9,1.5
2026-06-15,ORD-85028,Tiramisu,Desserts,2,8,16,6.0
2026-06-15,ORD-56967,Caesar Salad,Salads,2,12,24,8.0
2026-06-15,ORD-99346,Tiramisu,Desserts,2,8,16,6.0
2026-06-15,ORD-21570,Caesar Salad,Salads,3,12,36,12.0
2026-06-15,ORD-99850,Tiramisu,Desserts,1,8,8,3.0
2026-06-15,ORD-21938,Coffee,Drinks,1,4,4,1.0
2026-06-15,ORD-29563,Soda,Drinks,1,3,3,0.5
2026-06-15,ORD-61761,Coffee,Drinks,2,4,8,2.0
2026-06-15,ORD-14576,Chicken Wings,Appetizers,1,10,10,4.0
2026-06-15,ORD-80976,Margherita Pizza,Pizza,4,15,60,20.0
2026-06-15,ORD-63985,French Fries,Sides,1,5,5,1.5
2026-06-15,ORD-34776,Tiramisu,Desserts,3,8,24,9.0
2026-06-15,ORD-51646,Tiramisu,Desserts,3,8,24,9.0
2026-06-15,ORD-23999,Margherita Pizza,Pizza,5,15,75,25.0
2026-06-15,ORD-91828,Pepperoni Pizza,Pizza,1,18,18,6.0
2026-06-15,ORD-56784,Coffee,Drinks,3,4,12,3.0
2026-06-15,ORD-69775,Beef Burger,Burgers,1,14,14,6.0
2026-06-15,ORD-54983,Tiramisu,Desserts,2,8,16,6.0
2026-06-15,ORD-31658,Soda,Drinks,3,3,9,1.5
2026-06-15,ORD-86931,Chicken Wings,Appetizers,2,10,20,8.0
2026-06-15,ORD-53764,Chicken Wings,Appetizers,3,10,30,12.0
2026-06-15,ORD-37193,Tiramisu,Desserts,3,8,24,9.0
2026-06-15,ORD-29611,Margherita Pizza,Pizza,4,15,60,20.0
2026-06-15,ORD-69707,Chicken Wings,Appetizers,1,10,10,4.0
2026-06-15,ORD-25200,Chicken Wings,Appetizers,3,10,30,12.0
2026-06-15,ORD-61153,Beef Burger,Burgers,3,14,42,18.0
2026-06-15,ORD-65439,Beef Burger,Burgers,2,14,28,12.0
2026-06-15,ORD-36218,Pepperoni Pizza,Pizza,1,18,18,6.0
2026-06-15,ORD-26050,Beef Burger,Burgers,3,14,42,18.0
2026-06-15,ORD-76567,Bruschetta,Appetizers,1,7,7,2.5
2026-06-15,ORD-97675,Margherita Pizza,Pizza,2,15,30,10.0
2026-06-15,ORD-79463,Coffee,Drinks,2,4,8,2.0
2026-06-15,ORD-51142,French Fries,Sides,1,5,5,1.5
2026-06-15,ORD-10817,Soda,Drinks,1,3,3,0.5
2026-06-15,ORD-70509,Tiramisu,Desserts,2,8,16,6.0
2026-06-15,ORD-88674,Coffee,Drinks,1,4,4,1.0
2026-06-15,ORD-46467,Caesar Salad,Salads,1,12,12,4.0
2026-06-15,ORD-12237,Bruschetta,Appetizers,1,7,7,2.5
2026-06-15,ORD-10108,Chicken Wings,Appetizers,3,10,30,12.0
2026-06-15,ORD-27358,Pepperoni Pizza,Pizza,1,18,18,6.0
2026-06-15,ORD-95919,Tiramisu,Desserts,3,8,24,9.0
2026-06-15,ORD-32721,Caesar Salad,Salads,3,12,36,12.0
2026-06-16,ORD-43275,French Fries,Sides,3,5,15,4.5
2026-06-16,ORD-52570,Caesar Salad,Salads,3,12,36,12.0
2026-06-16,ORD-29292,Beef Burger,Burgers,3,14,42,18.0
2026-06-16,ORD-53219,Tiramisu,Desserts,1,8,8,3.0
2026-06-16,ORD-70473,Soda,Drinks,3,3,9,1.5
2026-06-16,ORD-88438,French Fries,Sides,2,5,10,3.0
2026-06-16,ORD-30220,Chicken Wings,Appetizers,2,10,20,8.0
2026-06-16,ORD-76073,Pepperoni Pizza,Pizza,1,18,18,6.0
2026-06-16,ORD-96167,Margherita Pizza,Pizza,4,15,60,20.0
2026-06-16,ORD-74550,Chicken Wings,Appetizers,1,10,10,4.0
2026-06-16,ORD-42835,Coffee,Drinks,1,4,4,1.0
2026-06-16,ORD-66847,French Fries,Sides,3,5,15,4.5
2026-06-16,ORD-25622,Coffee,Drinks,2,4,8,2.0
2026-06-16,ORD-16674,Soda,Drinks,1,3,3,0.5
2026-06-16,ORD-54097,Chicken Wings,Appetizers,3,10,30,12.0
2026-06-16,ORD-52858,Bruschetta,Appetizers,1,7,7,2.5
2026-06-16,ORD-25746,Caesar Salad,Salads,2,12,24,8.0
2026-06-16,ORD-10136,Margherita Pizza,Pizza,4,15,60,20.0
2026-06-16,ORD-66659,Margherita Pizza,Pizza,3,15,45,15.0
2026-06-16,ORD-44847,French Fries,Sides,3,5,15,4.5
2026-06-16,ORD-60669,Bruschetta,Appetizers,1,7,7,2.5
2026-06-16,ORD-94695,Coffee,Drinks,2,4,8,2.0
2026-06-16,ORD-92897,Soda,Drinks,1,3,3,0.5
2026-06-16,ORD-64129,Soda,Drinks,3,3,9,1.5
2026-06-16,ORD-65391,Tiramisu,Desserts,1,8,8,3.0
2026-06-16,ORD-61508,Coffee,Drinks,2,4,8,2.0
2026-06-16,ORD-49112,Tiramisu,Desserts,1,8,8,3.0
2026-06-16,ORD-93174,French Fries,Sides,2,5,10,3.0
2026-06-16,ORD-68027,French Fries,Sides,3,5,15,4.5
2026-06-16,ORD-57076,Tiramisu,Desserts,3,8,24,9.0
2026-06-16,ORD-40001,Caesar Salad,Salads,1,12,12,4.0
2026-06-16,ORD-86169,French Fries,Sides,2,5,10,3.0
2026-06-16,ORD-83490,Caesar Salad,Salads,2,12,24,8.0
2026-06-16,ORD-35050,Bruschetta,Appetizers,1,7,7,2.5
2026-06-16,ORD-16215,Chicken Wings,Appetizers,1,10,10,4.0
2026-06-16,ORD-46916,Coffee,Drinks,2,4,8,2.0
2026-06-16,ORD-96746,Margherita Pizza,Pizza,2,15,30,10.0
2026-06-16,ORD-75431,Margherita Pizza,Pizza,5,15,75,25.0
2026-06-16,ORD-59649,Caesar Salad,Salads,3,12,36,12.0
2026-06-16,ORD-74362,French Fries,Sides,2,5,10,3.0
2026-06-16,ORD-49266,French Fries,Sides,2,5,10,3.0
2026-06-16,ORD-87149,Pepperoni Pizza,Pizza,3,18,54,18.0
2026-06-17,ORD-85437,Chicken Wings,Appetizers,2,10,20,8.0
2026-06-17,ORD-14853,Chicken Wings,Appetizers,3,10,30,12.0
2026-06-17,ORD-15925,French Fries,Sides,2,5,10,3.0
2026-06-17,ORD-15029,Margherita Pizza,Pizza,2,15,30,10.0
2026-06-17,ORD-93053,Beef Burger,Burgers,3,14,42,18.0
2026-06-17,ORD-39140,Chicken Wings,Appetizers,3,10,30,12.0
2026-06-17,ORD-24884,Pepperoni Pizza,Pizza,2,18,36,12.0
2026-06-17,ORD-77163,French Fries,Sides,3,5,15,4.5
2026-06-17,ORD-98060,Pepperoni Pizza,Pizza,1,18,18,6.0
2026-06-17,ORD-36010,Chicken Wings,Appetizers,1,10,10,4.0
2026-06-17,ORD-70156,Chicken Wings,Appetizers,2,10,20,8.0
2026-06-17,ORD-93635,Chicken Wings,Appetizers,2,10,20,8.0
2026-06-17,ORD-34911,Tiramisu,Desserts,1,8,8,3.0
2026-06-17,ORD-79088,Caesar Salad,Salads,3,12,36,12.0
2026-06-17,ORD-73488,Tiramisu,Desserts,2,8,16,6.0
2026-06-17,ORD-45117,Soda,Drinks,2,3,6,1.0
2026-06-17,ORD-80458,Caesar Salad,Salads,2,12,24,8.0
2026-06-17,ORD-26372,French Fries,Sides,2,5,10,3.0
2026-06-17,ORD-40318,Beef Burger,Burgers,3,14,42,18.0
2026-06-17,ORD-35086,Chicken Wings,Appetizers,1,10,10,4.0
2026-06-17,ORD-53144,Tiramisu,Desserts,3,8,24,9.0
2026-06-17,ORD-21816,Beef Burger,Burgers,3,14,42,18.0
2026-06-17,ORD-93772,Pepperoni Pizza,Pizza,2,18,36,12.0
2026-06-17,ORD-11443,Pepperoni Pizza,Pizza,1,18,18,6.0
2026-06-17,ORD-80917,Soda,Drinks,1,3,3,0.5
2026-06-17,ORD-20942,Caesar Salad,Salads,3,12,36,12.0
2026-06-17,ORD-88578,Tiramisu,Desserts,1,8,8,3.0
2026-06-17,ORD-36204,Beef Burger,Burgers,2,14,28,12.0
2026-06-17,ORD-60825,French Fries,Sides,3,5,15,4.5
2026-06-18,ORD-94773,Pepperoni Pizza,Pizza,1,18,18,6.0
2026-06-18,ORD-81018,Soda,Drinks,2,3,6,1.0
2026-06-18,ORD-71497,Pepperoni Pizza,Pizza,2,18,36,12.0
2026-06-18,ORD-46153,Tiramisu,Desserts,1,8,8,3.0
2026-06-18,ORD-38281,Chicken Wings,Appetizers,2,10,20,8.0
2026-06-18,ORD-69618,Chicken Wings,Appetizers,1,10,10,4.0
2026-06-18,ORD-21105,Pepperoni Pizza,Pizza,2,18,36,12.0
2026-06-18,ORD-46906,Margherita Pizza,Pizza,2,15,30,10.0
2026-06-18,ORD-85204,Chicken Wings,Appetizers,3,10,30,12.0
2026-06-18,ORD-90871,Pepperoni Pizza,Pizza,2,18,36,12.0
2026-06-18,ORD-17911,Coffee,Drinks,2,4,8,2.0
2026-06-18,ORD-96869,French Fries,Sides,1,5,5,1.5
2026-06-18,ORD-88094,French Fries,Sides,1,5,5,1.5
2026-06-18,ORD-95628,Margherita Pizza,Pizza,2,15,30,10.0
2026-06-18,ORD-98649,Tiramisu,Desserts,2,8,16,6.0
2026-06-18,ORD-66102,Pepperoni Pizza,Pizza,2,18,36,12.0
2026-06-18,ORD-87170,Beef Burger,Burgers,2,14,28,12.0
2026-06-18,ORD-44432,Tiramisu,Desserts,3,8,24,9.0
2026-06-18,ORD-62381,Beef Burger,Burgers,3,14,42,18.0
2026-06-18,ORD-80065,Tiramisu,Desserts,3,8,24,9.0
2026-06-18,ORD-60614,Coffee,Drinks,2,4,8,2.0
2026-06-18,ORD-91154,Beef Burger,Burgers,2,14,28,12.0
2026-06-18,ORD-64391,Coffee,Drinks,3,4,12,3.0
2026-06-18,ORD-41389,Chicken Wings,Appetizers,3,10,30,12.0
2026-06-18,ORD-85471,Bruschetta,Appetizers,1,7,7,2.5
2026-06-18,ORD-71572,Soda,Drinks,3,3,9,1.5
2026-06-18,ORD-30018,Tiramisu,Desserts,3,8,24,9.0
2026-06-18,ORD-46462,Pepperoni Pizza,Pizza,3,18,54,18.0
2026-06-18,ORD-25707,Beef Burger,Burgers,3,14,42,18.0
2026-06-18,ORD-76897,Margherita Pizza,Pizza,3,15,45,15.0
2026-06-18,ORD-50653,French Fries,Sides,2,5,10,3.0
2026-06-18,ORD-17648,Coffee,Drinks,1,4,4,1.0
2026-06-18,ORD-45423,Beef Burger,Burgers,2,14,28,12.0
2026-06-18,ORD-27836,Chicken Wings,Appetizers,3,10,30,12.0
2026-06-18,ORD-31259,Caesar Salad,Salads,3,12,36,12.0
2026-06-18,ORD-85478,Caesar Salad,Salads,3,12,36,12.0
2026-06-18,ORD-85183,Caesar Salad,Salads,3,12,36,12.0
2026-06-18,ORD-77075,Margherita Pizza,Pizza,4,15,60,20.0
2026-06-18,ORD-45748,Caesar Salad,Salads,3,12,36,12.0
2026-06-18,ORD-82243,Caesar Salad,Salads,3,12,36,12.0
2026-06-18,ORD-15831,Beef Burger,Burgers,3,14,42,18.0
2026-06-18,ORD-49149,Beef Burger,Burgers,1,14,14,6.0
2026-06-18,ORD-30155,Soda,Drinks,2,3,6,1.0
2026-06-18,ORD-70427,Beef Burger,Burgers,3,14,42,18.0
2026-06-18,ORD-20358,Caesar Salad,Salads,3,12,36,12.0
2026-06-18,ORD-15514,Margherita Pizza,Pizza,4,15,60,20.0
2026-06-18,ORD-80194,Margherita Pizza,Pizza,3,15,45,15.0
2026-06-18,ORD-70385,Caesar Salad,Salads,3,12,36,12.0
2026-06-18,ORD-61756,Coffee,Drinks,3,4,12,3.0
2026-06-18,ORD-99961,Beef Burger,Burgers,1,14,14,6.0
2026-06-18,ORD-72340,Beef Burger,Burgers,1,14,14,6.0
2026-06-18,ORD-52935,Chicken Wings,Appetizers,3,10,30,12.0
2026-06-18,ORD-82262,Soda,Drinks,3,3,9,1.5
2026-06-19,ORD-32598,Bruschetta,Appetizers,1,7,7,2.5
2026-06-19,ORD-66558,Margherita Pizza,Pizza,2,15,30,10.0
2026-06-19,ORD-19582,Margherita Pizza,Pizza,4,15,60,20.0
2026-06-19,ORD-71331,Coffee,Drinks,1,4,4,1.0
2026-06-19,ORD-97343,Tiramisu,Desserts,3,8,24,9.0
2026-06-19,ORD-30808,Margherita Pizza,Pizza,4,15,60,20.0
2026-06-19,ORD-47663,French Fries,Sides,1,5,5,1.5
2026-06-19,ORD-47261,Chicken Wings,Appetizers,1,10,10,4.0
2026-06-19,ORD-29708,Beef Burger,Burgers,3,14,42,18.0
2026-06-19,ORD-10652,Coffee,Drinks,3,4,12,3.0
2026-06-19,ORD-17666,Coffee,Drinks,2,4,8,2.0
2026-06-19,ORD-37602,Chicken Wings,Appetizers,3,10,30,12.0
2026-06-19,ORD-40978,Soda,Drinks,1,3,3,0.5
2026-06-19,ORD-37827,Margherita Pizza,Pizza,5,15,75,25.0
2026-06-19,ORD-35396,French Fries,Sides,2,5,10,3.0
2026-06-19,ORD-89811,Caesar Salad,Salads,2,12,24,8.0
2026-06-19,ORD-43138,Margherita Pizza,Pizza,3,15,45,15.0
2026-06-19,ORD-20557,French Fries,Sides,3,5,15,4.5
2026-06-19,ORD-10140,Pepperoni Pizza,Pizza,2,18,36,12.0
2026-06-19,ORD-42693,Beef Burger,Burgers,3,14,42,18.0
2026-06-19,ORD-45301,French Fries,Sides,2,5,10,3.0
2026-06-19,ORD-26062,Coffee,Drinks,3,4,12,3.0
2026-06-19,ORD-31665,Tiramisu,Desserts,3,8,24,9.0
2026-06-19,ORD-29581,French Fries,Sides,2,5,10,3.0
2026-06-19,ORD-15214,French Fries,Sides,2,5,10,3.0
2026-06-19,ORD-43025,Caesar Salad,Salads,2,12,24,8.0
2026-06-19,ORD-82115,Tiramisu,Desserts,3,8,24,9.0
2026-06-19,ORD-76677,Beef Burger,Burgers,2,14,28,12.0
2026-06-19,ORD-24865,Soda,Drinks,3,3,9,1.5
2026-06-19,ORD-99295,Caesar Salad,Salads,3,12,36,12.0
2026-06-19,ORD-12153,Coffee,Drinks,3,4,12,3.0
2026-06-19,ORD-50984,Coffee,Drinks,2,4,8,2.0
2026-06-19,ORD-63862,Coffee,Drinks,1,4,4,1.0
2026-06-19,ORD-78205,Beef Burger,Burgers,1,14,14,6.0
2026-06-19,ORD-52409,Caesar Salad,Salads,1,12,12,4.0
2026-06-19,ORD-24627,Margherita Pizza,Pizza,3,15,45,15.0
2026-06-19,ORD-90510,French Fries,Sides,1,5,5,1.5
2026-06-19,ORD-53768,Bruschetta,Appetizers,1,7,7,2.5
2026-06-19,ORD-48817,Caesar Salad,Salads,3,12,36,12.0
2026-06-19,ORD-50209,Tiramisu,Desserts,3,8,24,9.0
2026-06-19,ORD-31083,French Fries,Sides,1,5,5,1.5
2026-06-19,ORD-73846,Soda,Drinks,2,3,6,1.0
2026-06-19,ORD-65902,Soda,Drinks,3,3,9,1.5
2026-06-19,ORD-90599,Soda,Drinks,1,3,3,0.5
2026-06-19,ORD-90152,French Fries,Sides,3,5,15,4.5
2026-06-19,ORD-55385,Tiramisu,Desserts,2,8,16,6.0
2026-06-19,ORD-93447,Margherita Pizza,Pizza,3,15,45,15.0
2026-06-19,ORD-78989,Soda,Drinks,3,3,9,1.5
2026-06-19,ORD-73442,Coffee,Drinks,1,4,4,1.0
2026-06-19,ORD-11203,Soda,Drinks,1,3,3,0.5
2026-06-19,ORD-56133,Pepperoni Pizza,Pizza,1,18,18,6.0
2026-06-19,ORD-12593,Pepperoni Pizza,Pizza,3,18,54,18.0
2026-06-19,ORD-27323,Coffee,Drinks,1,4,4,1.0
2026-06-19,ORD-62130,Tiramisu,Desserts,1,8,8,3.0
2026-06-19,ORD-40702,Pepperoni Pizza,Pizza,1,18,18,6.0
2026-06-19,ORD-48155,Soda,Drinks,3,3,9,1.5
2026-06-19,ORD-28508,Caesar Salad,Salads,1,12,12,4.0
2026-06-19,ORD-74742,Pepperoni Pizza,Pizza,3,18,54,18.0
2026-06-19,ORD-91710,Soda,Drinks,1,3,3,0.5
2026-06-19,ORD-87747,Pepperoni Pizza,Pizza,2,18,36,12.0
2026-06-19,ORD-21357,French Fries,Sides,1,5,5,1.5
2026-06-19,ORD-72295,Caesar Salad,Salads,2,12,24,8.0
2026-06-19,ORD-75516,French Fries,Sides,2,5,10,3.0
2026-06-19,ORD-58452,Bruschetta,Appetizers,1,7,7,2.5
2026-06-19,ORD-81039,Beef Burger,Burgers,1,14,14,6.0
2026-06-19,ORD-24362,Margherita Pizza,Pizza,3,15,45,15.0
2026-06-19,ORD-10553,Pepperoni Pizza,Pizza,1,18,18,6.0
2026-06-19,ORD-59123,Caesar Salad,Salads,3,12,36,12.0
2026-06-19,ORD-57761,Beef Burger,Burgers,3,14,42,18.0
2026-06-19,ORD-80254,Caesar Salad,Salads,3,12,36,12.0
2026-06-19,ORD-49551,Margherita Pizza,Pizza,5,15,75,25.0
2026-06-19,ORD-78955,Beef Burger,Burgers,3,14,42,18.0
2026-06-19,ORD-61118,Tiramisu,Desserts,2,8,16,6.0
2026-06-19,ORD-86292,Chicken Wings,Appetizers,2,10,20,8.0
2026-06-19,ORD-69979,Chicken Wings,Appetizers,2,10,20,8.0
2026-06-19,ORD-21372,Beef Burger,Burgers,1,14,14,6.0
2026-06-19,ORD-64562,Margherita Pizza,Pizza,4,15,60,20.0
2026-06-19,ORD-70990,Pepperoni Pizza,Pizza,1,18,18,6.0
2026-06-19,ORD-28606,Tiramisu,Desserts,2,8,16,6.0
2026-06-19,ORD-93505,Chicken Wings,Appetizers,1,10,10,4.0
2026-06-19,ORD-23476,Soda,Drinks,3,3,9,1.5
2026-06-19,ORD-79060,Pepperoni Pizza,Pizza,3,18,54,18.0
2026-06-19,ORD-37522,Tiramisu,Desserts,2,8,16,6.0
2026-06-19,ORD-33923,Soda,Drinks,1,3,3,0.5
2026-06-19,ORD-33473,Margherita Pizza,Pizza,5,15,75,25.0
2026-06-19,ORD-19767,Caesar Salad,Salads,1,12,12,4.0
2026-06-19,ORD-51812,Bruschetta,Appetizers,1,7,7,2.5
2026-06-19,ORD-68492,Caesar Salad,Salads,2,12,24,8.0
2026-06-19,ORD-44211,Chicken Wings,Appetizers,2,10,20,8.0
2026-06-19,ORD-48170,Tiramisu,Desserts,3,8,24,9.0
2026-06-19,ORD-44527,Bruschetta,Appetizers,1,7,7,2.5
2026-06-19,ORD-97835,Beef Burger,Burgers,1,14,14,6.0
2026-06-19,ORD-52477,Pepperoni Pizza,Pizza,1,18,18,6.0
2026-06-19,ORD-23366,Margherita Pizza,Pizza,2,15,30,10.0
2026-06-19,ORD-44634,Coffee,Drinks,3,4,12,3.0
2026-06-19,ORD-38804,Coffee,Drinks,1,4,4,1.0
2026-06-19,ORD-86646,Coffee,Drinks,1,4,4,1.0
2026-06-19,ORD-27255,Pepperoni Pizza,Pizza,3,18,54,18.0
2026-06-19,ORD-71251,Coffee,Drinks,2,4,8,2.0
2026-06-19,ORD-53947,Tiramisu,Desserts,3,8,24,9.0
2026-06-19,ORD-35544,Soda,Drinks,3,3,9,1.5
2026-06-19,ORD-28064,Pepperoni Pizza,Pizza,1,18,18,6.0
2026-06-19,ORD-62988,Margherita Pizza,Pizza,3,15,45,15.0
2026-06-19,ORD-27215,Caesar Salad,Salads,2,12,24,8.0
2026-06-19,ORD-77707,Beef Burger,Burgers,2,14,28,12.0
2026-06-19,ORD-29914,Tiramisu,Desserts,3,8,24,9.0
2026-06-19,ORD-28658,Pepperoni Pizza,Pizza,1,18,18,6.0
2026-06-19,ORD-74654,Beef Burger,Burgers,3,14,42,18.0
2026-06-19,ORD-89249,Caesar Salad,Salads,3,12,36,12.0
2026-06-19,ORD-82118,Tiramisu,Desserts,3,8,24,9.0
2026-06-19,ORD-90409,Margherita Pizza,Pizza,5,15,75,25.0
2026-06-19,ORD-86967,French Fries,Sides,3,5,15,4.5
2026-06-19,ORD-23377,Pepperoni Pizza,Pizza,1,18,18,6.0
2026-06-19,ORD-56320,Coffee,Drinks,2,4,8,2.0
2026-06-19,ORD-76346,Margherita Pizza,Pizza,3,15,45,15.0
2026-06-19,ORD-62794,Beef Burger,Burgers,1,14,14,6.0
2026-06-19,ORD-73081,Chicken Wings,Appetizers,2,10,20,8.0
2026-06-19,ORD-96715,Margherita Pizza,Pizza,4,15,60,20.0
2026-06-19,ORD-42172,Pepperoni Pizza,Pizza,3,18,54,18.0
2026-06-19,ORD-15645,Chicken Wings,Appetizers,3,10,30,12.0
2026-06-19,ORD-65445,Margherita Pizza,Pizza,5,15,75,25.0
2026-06-20,ORD-31624,Soda,Drinks,3,3,9,1.5
2026-06-20,ORD-31474,Soda,Drinks,2,3,6,1.0
2026-06-20,ORD-43252,Margherita Pizza,Pizza,5,15,75,25.0
2026-06-20,ORD-13357,Caesar Salad,Salads,2,12,24,8.0
2026-06-20,ORD-28706,Caesar Salad,Salads,3,12,36,12.0
2026-06-20,ORD-45596,Beef Burger,Burgers,3,14,42,18.0
2026-06-20,ORD-45416,Pepperoni Pizza,Pizza,3,18,54,18.0
2026-06-20,ORD-20972,Coffee,Drinks,3,4,12,3.0
2026-06-20,ORD-28949,Pepperoni Pizza,Pizza,1,18,18,6.0
2026-06-20,ORD-34747,Soda,Drinks,2,3,6,1.0
2026-06-20,ORD-82045,Margherita Pizza,Pizza,2,15,30,10.0
2026-06-20,ORD-26984,Coffee,Drinks,3,4,12,3.0
2026-06-20,ORD-44395,Coffee,Drinks,2,4,8,2.0
2026-06-20,ORD-78342,Coffee,Drinks,1,4,4,1.0
2026-06-20,ORD-24101,Beef Burger,Burgers,3,14,42,18.0
2026-06-20,ORD-11924,Beef Burger,Burgers,3,14,42,18.0
2026-06-20,ORD-16953,Pepperoni Pizza,Pizza,2,18,36,12.0
2026-06-20,ORD-13534,Pepperoni Pizza,Pizza,3,18,54,18.0
2026-06-20,ORD-21660,French Fries,Sides,3,5,15,4.5
2026-06-20,ORD-40344,Tiramisu,Desserts,2,8,16,6.0
2026-06-20,ORD-94745,Margherita Pizza,Pizza,5,15,75,25.0
2026-06-20,ORD-71461,Caesar Salad,Salads,3,12,36,12.0
2026-06-20,ORD-23551,Caesar Salad,Salads,3,12,36,12.0
2026-06-20,ORD-45658,Beef Burger,Burgers,1,14,14,6.0
2026-06-20,ORD-31848,French Fries,Sides,1,5,5,1.5
2026-06-20,ORD-55099,Pepperoni Pizza,Pizza,2,18,36,12.0
2026-06-20,ORD-13231,Pepperoni Pizza,Pizza,3,18,54,18.0
2026-06-20,ORD-94624,Beef Burger,Burgers,1,14,14,6.0
2026-06-20,ORD-71988,Pepperoni Pizza,Pizza,1,18,18,6.0
2026-06-20,ORD-88718,Bruschetta,Appetizers,1,7,7,2.5
2026-06-20,ORD-25926,Soda,Drinks,2,3,6,1.0
2026-06-20,ORD-31033,French Fries,Sides,1,5,5,1.5
2026-06-20,ORD-48484,French Fries,Sides,3,5,15,4.5
2026-06-20,ORD-16928,Coffee,Drinks,1,4,4,1.0
2026-06-20,ORD-75829,Pepperoni Pizza,Pizza,2,18,36,12.0
2026-06-20,ORD-78536,Bruschetta,Appetizers,1,7,7,2.5
2026-06-20,ORD-33029,Pepperoni Pizza,Pizza,2,18,36,12.0
2026-06-20,ORD-71345,Chicken Wings,Appetizers,2,10,20,8.0
2026-06-20,ORD-28411,Caesar Salad,Salads,3,12,36,12.0
2026-06-20,ORD-45890,Pepperoni Pizza,Pizza,3,18,54,18.0
2026-06-20,ORD-74349,Chicken Wings,Appetizers,3,10,30,12.0
2026-06-20,ORD-34084,Soda,Drinks,1,3,3,0.5
2026-06-20,ORD-80699,Caesar Salad,Salads,3,12,36,12.0
2026-06-20,ORD-17673,Margherita Pizza,Pizza,2,15,30,10.0
2026-06-20,ORD-52695,Caesar Salad,Salads,1,12,12,4.0
2026-06-20,ORD-51767,Bruschetta,Appetizers,1,7,7,2.5
2026-06-20,ORD-18031,Beef Burger,Burgers,2,14,28,12.0
2026-06-20,ORD-15378,Coffee,Drinks,1,4,4,1.0
2026-06-20,ORD-37280,Soda,Drinks,2,3,6,1.0
2026-06-20,ORD-71499,Coffee,Drinks,1,4,4,1.0
2026-06-20,ORD-83266,Coffee,Drinks,3,4,12,3.0
2026-06-20,ORD-58881,Beef Burger,Burgers,3,14,42,18.0
2026-06-20,ORD-10040,Pepperoni Pizza,Pizza,3,18,54,18.0
2026-06-20,ORD-90322,Tiramisu,Desserts,3,8,24,9.0
2026-06-20,ORD-41649,French Fries,Sides,3,5,15,4.5
2026-06-20,ORD-22999,Coffee,Drinks,1,4,4,1.0
2026-06-20,ORD-49516,Caesar Salad,Salads,3,12,36,12.0
2026-06-20,ORD-52095,Soda,Drinks,2,3,6,1.0
2026-06-20,ORD-59009,Pepperoni Pizza,Pizza,3,18,54,18.0
2026-06-20,ORD-64039,Caesar Salad,Salads,2,12,24,8.0
2026-06-20,ORD-21747,Coffee,Drinks,3,4,12,3.0
2026-06-20,ORD-59412,Caesar Salad,Salads,3,12,36,12.0
2026-06-20,ORD-50314,French Fries,Sides,1,5,5,1.5
2026-06-20,ORD-58593,French Fries,Sides,1,5,5,1.5
2026-06-20,ORD-97245,Coffee,Drinks,3,4,12,3.0
2026-06-20,ORD-55341,French Fries,Sides,2,5,10,3.0
2026-06-20,ORD-23722,Beef Burger,Burgers,2,14,28,12.0
2026-06-20,ORD-61027,Pepperoni Pizza,Pizza,1,18,18,6.0
2026-06-20,ORD-64775,French Fries,Sides,2,5,10,3.0
2026-06-20,ORD-15524,Margherita Pizza,Pizza,3,15,45,15.0
2026-06-20,ORD-58978,Beef Burger,Burgers,3,14,42,18.0
2026-06-20,ORD-89970,Coffee,Drinks,2,4,8,2.0
2026-06-20,ORD-47459,Caesar Salad,Salads,3,12,36,12.0
2026-06-20,ORD-32178,Coffee,Drinks,2,4,8,2.0
2026-06-20,ORD-70650,French Fries,Sides,3,5,15,4.5
2026-06-20,ORD-19201,Tiramisu,Desserts,1,8,8,3.0
2026-06-20,ORD-66537,Margherita Pizza,Pizza,2,15,30,10.0
2026-06-20,ORD-50180,Tiramisu,Desserts,1,8,8,3.0
2026-06-20,ORD-20640,Pepperoni Pizza,Pizza,3,18,54,18.0
2026-06-20,ORD-93894,Beef Burger,Burgers,3,14,42,18.0
2026-06-20,ORD-86078,Tiramisu,Desserts,2,8,16,6.0
2026-06-20,ORD-43124,Soda,Drinks,2,3,6,1.0
2026-06-20,ORD-74777,Margherita Pizza,Pizza,2,15,30,10.0
2026-06-20,ORD-71456,Tiramisu,Desserts,2,8,16,6.0
2026-06-20,ORD-18621,Tiramisu,Desserts,3,8,24,9.0
2026-06-20,ORD-85957,Pepperoni Pizza,Pizza,1,18,18,6.0
2026-06-20,ORD-22306,Coffee,Drinks,1,4,4,1.0
2026-06-20,ORD-27634,Coffee,Drinks,2,4,8,2.0
2026-06-20,ORD-51383,Margherita Pizza,Pizza,3,15,45,15.0
2026-06-20,ORD-66460,Soda,Drinks,3,3,9,1.5
2026-06-20,ORD-85080,Chicken Wings,Appetizers,3,10,30,12.0
2026-06-20,ORD-27316,Soda,Drinks,1,3,3,0.5
2026-06-20,ORD-53432,Tiramisu,Desserts,3,8,24,9.0
2026-06-20,ORD-12468,Coffee,Drinks,3,4,12,3.0
2026-06-20,ORD-91048,Bruschetta,Appetizers,1,7,7,2.5
2026-06-20,ORD-83179,French Fries,Sides,2,5,10,3.0
2026-06-20,ORD-23790,Tiramisu,Desserts,2,8,16,6.0
2026-06-20,ORD-87987,Chicken Wings,Appetizers,2,10,20,8.0
2026-06-20,ORD-60374,Caesar Salad,Salads,3,12,36,12.0
2026-06-20,ORD-22312,French Fries,Sides,1,5,5,1.5
2026-06-20,ORD-43177,French Fries,Sides,2,5,10,3.0
2026-06-20,ORD-95313,Soda,Drinks,1,3,3,0.5
2026-06-20,ORD-11648,Pepperoni Pizza,Pizza,3,18,54,18.0
2026-06-20,ORD-14100,Soda,Drinks,1,3,3,0.5
2026-06-20,ORD-24373,Soda,Drinks,3,3,9,1.5
2026-06-20,ORD-29019,Chicken Wings,Appetizers,2,10,20,8.0
2026-06-20,ORD-53884,Beef Burger,Burgers,2,14,28,12.0
2026-06-20,ORD-69206,Coffee,Drinks,2,4,8,2.0
2026-06-20,ORD-47458,Caesar Salad,Salads,3,12,36,12.0
2026-06-20,ORD-62638,Beef Burger,Burgers,2,14,28,12.0
2026-06-20,ORD-71297,Chicken Wings,Appetizers,1,10,10,4.0
2026-06-20,ORD-14169,French Fries,Sides,2,5,10,3.0
2026-06-20,ORD-21905,Coffee,Drinks,2,4,8,2.0
2026-06-20,ORD-95905,Soda,Drinks,3,3,9,1.5
2026-06-20,ORD-89444,French Fries,Sides,1,5,5,1.5
2026-06-20,ORD-33537,Soda,Drinks,3,3,9,1.5
2026-06-20,ORD-43277,Coffee,Drinks,3,4,12,3.0
2026-06-20,ORD-11880,Bruschetta,Appetizers,1,7,7,2.5
2026-06-20,ORD-93764,French Fries,Sides,3,5,15,4.5
2026-06-21,ORD-53037,Pepperoni Pizza,Pizza,1,18,18,6.0
2026-06-21,ORD-68823,Margherita Pizza,Pizza,3,15,45,15.0
2026-06-21,ORD-81968,Coffee,Drinks,2,4,8,2.0
2026-06-21,ORD-24090,Soda,Drinks,3,3,9,1.5
2026-06-21,ORD-17465,Margherita Pizza,Pizza,2,15,30,10.0
2026-06-21,ORD-64308,Caesar Salad,Salads,3,12,36,12.0
2026-06-21,ORD-15881,Caesar Salad,Salads,2,12,24,8.0
2026-06-21,ORD-70817,Tiramisu,Desserts,3,8,24,9.0
2026-06-21,ORD-50858,Beef Burger,Burgers,2,14,28,12.0
2026-06-21,ORD-83330,Pepperoni Pizza,Pizza,1,18,18,6.0
2026-06-21,ORD-23591,Soda,Drinks,1,3,3,0.5
2026-06-21,ORD-13973,Chicken Wings,Appetizers,1,10,10,4.0
2026-06-21,ORD-57108,Chicken Wings,Appetizers,1,10,10,4.0
2026-06-21,ORD-17121,Coffee,Drinks,1,4,4,1.0
2026-06-21,ORD-16089,Tiramisu,Desserts,1,8,8,3.0
2026-06-21,ORD-37019,Pepperoni Pizza,Pizza,3,18,54,18.0
2026-06-21,ORD-87726,Pepperoni Pizza,Pizza,3,18,54,18.0
2026-06-21,ORD-15755,Caesar Salad,Salads,2,12,24,8.0
2026-06-21,ORD-75615,Coffee,Drinks,3,4,12,3.0
2026-06-21,ORD-63071,Beef Burger,Burgers,2,14,28,12.0
2026-06-21,ORD-63506,Coffee,Drinks,3,4,12,3.0
2026-06-21,ORD-29983,Soda,Drinks,1,3,3,0.5
2026-06-21,ORD-84842,Caesar Salad,Salads,3,12,36,12.0
2026-06-21,ORD-67369,Caesar Salad,Salads,3,12,36,12.0
2026-06-21,ORD-51245,Pepperoni Pizza,Pizza,3,18,54,18.0
2026-06-21,ORD-89296,Margherita Pizza,Pizza,3,15,45,15.0
2026-06-21,ORD-26573,Beef Burger,Burgers,3,14,42,18.0
2026-06-21,ORD-92066,Soda,Drinks,2,3,6,1.0
2026-06-21,ORD-71903,Coffee,Drinks,1,4,4,1.0
2026-06-21,ORD-88514,Chicken Wings,Appetizers,2,10,20,8.0
2026-06-21,ORD-34187,Pepperoni Pizza,Pizza,3,18,54,18.0
2026-06-21,ORD-60045,Margherita Pizza,Pizza,5,15,75,25.0
2026-06-21,ORD-49509,Bruschetta,Appetizers,1,7,7,2.5
2026-06-21,ORD-26150,Chicken Wings,Appetizers,1,10,10,4.0
2026-06-21,ORD-53801,Coffee,Drinks,2,4,8,2.0
2026-06-21,ORD-76755,Bruschetta,Appetizers,1,7,7,2.5
2026-06-21,ORD-11173,Caesar Salad,Salads,2,12,24,8.0
2026-06-21,ORD-46764,Pepperoni Pizza,Pizza,1,18,18,6.0
2026-06-21,ORD-86203,Beef Burger,Burgers,3,14,42,18.0
2026-06-21,ORD-29880,Soda,Drinks,1,3,3,0.5
2026-06-21,ORD-90751,Pepperoni Pizza,Pizza,1,18,18,6.0
2026-06-21,ORD-13623,Tiramisu,Desserts,3,8,24,9.0
2026-06-21,ORD-45184,Bruschetta,Appetizers,1,7,7,2.5
2026-06-21,ORD-82217,Coffee,Drinks,2,4,8,2.0
2026-06-21,ORD-49628,Beef Burger,Burgers,3,14,42,18.0
2026-06-21,ORD-57266,Soda,Drinks,1,3,3,0.5
2026-06-21,ORD-61462,French Fries,Sides,3,5,15,4.5
2026-06-21,ORD-31545,Chicken Wings,Appetizers,1,10,10,4.0
2026-06-21,ORD-55432,Caesar Salad,Salads,3,12,36,12.0
2026-06-21,ORD-11614,Soda,Drinks,1,3,3,0.5
2026-06-21,ORD-24354,Tiramisu,Desserts,3,8,24,9.0
2026-06-21,ORD-58713,Tiramisu,Desserts,2,8,16,6.0
2026-06-21,ORD-79743,Pepperoni Pizza,Pizza,3,18,54,18.0
2026-06-21,ORD-93608,Tiramisu,Desserts,3,8,24,9.0
2026-06-21,ORD-73153,Tiramisu,Desserts,2,8,16,6.0
2026-06-21,ORD-14981,French Fries,Sides,3,5,15,4.5
2026-06-21,ORD-27130,Bruschetta,Appetizers,1,7,7,2.5
2026-06-21,ORD-45225,Soda,Drinks,2,3,6,1.0
2026-06-21,ORD-26453,Chicken Wings,Appetizers,3,10,30,12.0
2026-06-21,ORD-68808,Coffee,Drinks,3,4,12,3.0
2026-06-21,ORD-80853,Margherita Pizza,Pizza,3,15,45,15.0
2026-06-21,ORD-78984,Caesar Salad,Salads,1,12,12,4.0
2026-06-21,ORD-56365,Margherita Pizza,Pizza,4,15,60,20.0
2026-06-21,ORD-92671,Bruschetta,Appetizers,1,7,7,2.5
2026-06-21,ORD-14613,Pepperoni Pizza,Pizza,1,18,18,6.0
2026-06-21,ORD-75389,Beef Burger,Burgers,2,14,28,12.0
2026-06-21,ORD-30409,Caesar Salad,Salads,2,12,24,8.0
2026-06-21,ORD-96495,Tiramisu,Desserts,3,8,24,9.0
2026-06-21,ORD-29126,Pepperoni Pizza,Pizza,3,18,54,18.0
2026-06-21,ORD-78135,Pepperoni Pizza,Pizza,1,18,18,6.0
2026-06-21,ORD-47305,Soda,Drinks,2,3,6,1.0
2026-06-21,ORD-91940,Chicken Wings,Appetizers,1,10,10,4.0
2026-06-21,ORD-56037,French Fries,Sides,2,5,10,3.0
2026-06-21,ORD-41942,French Fries,Sides,2,5,10,3.0
2026-06-21,ORD-94588,Soda,Drinks,3,3,9,1.5
2026-06-21,ORD-22002,Beef Burger,Burgers,3,14,42,18.0
2026-06-21,ORD-56498,Beef Burger,Burgers,3,14,42,18.0
2026-06-21,ORD-95974,Pepperoni Pizza,Pizza,1,18,18,6.0
2026-06-21,ORD-55470,Beef Burger,Burgers,3,14,42,18.0
2026-06-21,ORD-84029,Margherita Pizza,Pizza,2,15,30,10.0
2026-06-21,ORD-18963,Soda,Drinks,2,3,6,1.0
2026-06-21,ORD-81126,Caesar Salad,Salads,3,12,36,12.0
2026-06-21,ORD-86834,Coffee,Drinks,3,4,12,3.0
2026-06-21,ORD-62082,Beef Burger,Burgers,2,14,28,12.0
2026-06-21,ORD-44678,Chicken Wings,Appetizers,1,10,10,4.0
2026-06-21,ORD-51141,Pepperoni Pizza,Pizza,3,18,54,18.0
2026-06-21,ORD-93814,Soda,Drinks,2,3,6,1.0
2026-06-21,ORD-25228,Margherita Pizza,Pizza,3,15,45,15.0
2026-06-21,ORD-12305,Beef Burger,Burgers,3,14,42,18.0
2026-06-21,ORD-29241,Caesar Salad,Salads,2,12,24,8.0
2026-06-21,ORD-60015,Tiramisu,Desserts,3,8,24,9.0
2026-06-21,ORD-27373,Caesar Salad,Salads,1,12,12,4.0
2026-06-21,ORD-32156,Pepperoni Pizza,Pizza,1,18,18,6.0
2026-06-21,ORD-59304,Margherita Pizza,Pizza,4,15,60,20.0
2026-06-21,ORD-97646,Pepperoni Pizza,Pizza,1,18,18,6.0
2026-06-21,ORD-24105,French Fries,Sides,1,5,5,1.5
2026-06-21,ORD-40316,Coffee,Drinks,1,4,4,1.0
2026-06-21,ORD-20396,Coffee,Drinks,1,4,4,1.0
2026-06-21,ORD-45224,Soda,Drinks,2,3,6,1.0
2026-06-21,ORD-33534,Margherita Pizza,Pizza,5,15,75,25.0
2026-06-21,ORD-78342,French Fries,Sides,1,5,5,1.5
2026-06-21,ORD-81198,Tiramisu,Desserts,1,8,8,3.0
2026-06-21,ORD-27927,Soda,Drinks,1,3,3,0.5
2026-06-21,ORD-35183,French Fries,Sides,3,5,15,4.5
2026-06-21,ORD-74061,French Fries,Sides,2,5,10,3.0
2026-06-21,ORD-43176,Tiramisu,Desserts,1,8,8,3.0
2026-06-21,ORD-34965,Soda,Drinks,1,3,3,0.5
2026-06-21,ORD-88430,Margherita Pizza,Pizza,3,15,45,15.0
2026-06-21,ORD-76757,Chicken Wings,Appetizers,2,10,20,8.0
2026-06-21,ORD-71173,Bruschetta,Appetizers,1,7,7,2.5
2026-06-21,ORD-74603,Beef Burger,Burgers,2,14,28,12.0
2026-06-21,ORD-16658,Chicken Wings,Appetizers,1,10,10,4.0
2026-06-22,ORD-40094,Soda,Drinks,3,3,9,1.5
2026-06-22,ORD-12972,Pepperoni Pizza,Pizza,1,18,18,6.0
2026-06-22,ORD-44493,Tiramisu,Desserts,2,8,16,6.0
2026-06-22,ORD-64424,Pepperoni Pizza,Pizza,2,18,36,12.0
2026-06-22,ORD-85115,Tiramisu,Desserts,2,8,16,6.0
2026-06-22,ORD-97847,Pepperoni Pizza,Pizza,3,18,54,18.0
2026-06-22,ORD-98514,Tiramisu,Desserts,2,8,16,6.0
2026-06-22,ORD-43574,French Fries,Sides,3,5,15,4.5
2026-06-22,ORD-86617,French Fries,Sides,3,5,15,4.5
2026-06-22,ORD-32681,Coffee,Drinks,2,4,8,2.0
2026-06-22,ORD-71678,Bruschetta,Appetizers,1,7,7,2.5
2026-06-22,ORD-17323,Pepperoni Pizza,Pizza,2,18,36,12.0
2026-06-22,ORD-33741,Pepperoni Pizza,Pizza,2,18,36,12.0
2026-06-22,ORD-68602,Coffee,Drinks,1,4,4,1.0
2026-06-22,ORD-14764,Beef Burger,Burgers,1,14,14,6.0
2026-06-22,ORD-79286,Soda,Drinks,1,3,3,0.5
2026-06-22,ORD-25763,French Fries,Sides,3,5,15,4.5
2026-06-22,ORD-40358,Chicken Wings,Appetizers,3,10,30,12.0
2026-06-22,ORD-68516,Tiramisu,Desserts,3,8,24,9.0
2026-06-22,ORD-70852,French Fries,Sides,1,5,5,1.5
2026-06-22,ORD-24973,Caesar Salad,Salads,1,12,12,4.0
2026-06-22,ORD-64906,Soda,Drinks,1,3,3,0.5
2026-06-22,ORD-50514,Coffee,Drinks,1,4,4,1.0
2026-06-22,ORD-14688,Soda,Drinks,1,3,3,0.5
2026-06-22,ORD-48086,Chicken Wings,Appetizers,2,10,20,8.0
2026-06-22,ORD-72632,Caesar Salad,Salads,2,12,24,8.0
2026-06-22,ORD-85807,Coffee,Drinks,1,4,4,1.0
2026-06-22,ORD-17853,Margherita Pizza,Pizza,2,15,30,10.0
2026-06-22,ORD-29572,Coffee,Drinks,1,4,4,1.0
2026-06-22,ORD-49981,Bruschetta,Appetizers,1,7,7,2.5
2026-06-22,ORD-39604,Chicken Wings,Appetizers,3,10,30,12.0
2026-06-22,ORD-75395,Tiramisu,Desserts,2,8,16,6.0
2026-06-22,ORD-54555,Beef Burger,Burgers,1,14,14,6.0
2026-06-22,ORD-31646,French Fries,Sides,3,5,15,4.5
2026-06-22,ORD-94381,Margherita Pizza,Pizza,5,15,75,25.0
2026-06-22,ORD-44034,Soda,Drinks,3,3,9,1.5
2026-06-22,ORD-64443,French Fries,Sides,3,5,15,4.5
2026-06-22,ORD-90384,Coffee,Drinks,1,4,4,1.0
2026-06-22,ORD-21341,Coffee,Drinks,1,4,4,1.0
2026-06-22,ORD-31534,Soda,Drinks,1,3,3,0.5
2026-06-22,ORD-59497,Margherita Pizza,Pizza,3,15,45,15.0
2026-06-22,ORD-74170,Chicken Wings,Appetizers,3,10,30,12.0
2026-06-22,ORD-27537,Soda,Drinks,3,3,9,1.5
2026-06-23,ORD-73485,Chicken Wings,Appetizers,2,10,20,8.0
2026-06-23,ORD-73469,Soda,Drinks,1,3,3,0.5
2026-06-23,ORD-52782,Margherita Pizza,Pizza,4,15,60,20.0
2026-06-23,ORD-24704,Tiramisu,Desserts,3,8,24,9.0
2026-06-23,ORD-98040,Soda,Drinks,3,3,9,1.5
2026-06-23,ORD-32303,Beef Burger,Burgers,2,14,28,12.0
2026-06-23,ORD-54582,Tiramisu,Desserts,1,8,8,3.0
2026-06-23,ORD-54289,Beef Burger,Burgers,2,14,28,12.0
2026-06-23,ORD-50318,Chicken Wings,Appetizers,3,10,30,12.0
2026-06-23,ORD-17228,Caesar Salad,Salads,2,12,24,8.0
2026-06-23,ORD-16170,Caesar Salad,Salads,1,12,12,4.0
2026-06-23,ORD-31546,Coffee,Drinks,1,4,4,1.0
2026-06-23,ORD-19273,Caesar Salad,Salads,1,12,12,4.0
2026-06-23,ORD-98100,Chicken Wings,Appetizers,2,10,20,8.0
2026-06-23,ORD-59346,Chicken Wings,Appetizers,1,10,10,4.0
2026-06-23,ORD-54325,Coffee,Drinks,2,4,8,2.0
2026-06-23,ORD-17118,Caesar Salad,Salads,2,12,24,8.0
2026-06-23,ORD-21802,Soda,Drinks,3,3,9,1.5
2026-06-23,ORD-99439,French Fries,Sides,2,5,10,3.0
2026-06-23,ORD-95905,Pepperoni Pizza,Pizza,1,18,18,6.0
2026-06-23,ORD-45916,Coffee,Drinks,2,4,8,2.0
2026-06-23,ORD-25023,Pepperoni Pizza,Pizza,2,18,36,12.0
2026-06-23,ORD-49080,Soda,Drinks,2,3,6,1.0
2026-06-23,ORD-36394,Tiramisu,Desserts,3,8,24,9.0
2026-06-23,ORD-53315,Soda,Drinks,3,3,9,1.5
2026-06-23,ORD-17895,French Fries,Sides,2,5,10,3.0
2026-06-23,ORD-24231,Caesar Salad,Salads,2,12,24,8.0
2026-06-23,ORD-38594,Caesar Salad,Salads,1,12,12,4.0
2026-06-23,ORD-82251,Margherita Pizza,Pizza,2,15,30,10.0
2026-06-23,ORD-94526,Bruschetta,Appetizers,1,7,7,2.5
2026-06-23,ORD-46887,Chicken Wings,Appetizers,1,10,10,4.0
2026-06-23,ORD-19241,Pepperoni Pizza,Pizza,3,18,54,18.0
2026-06-23,ORD-93294,Beef Burger,Burgers,1,14,14,6.0
2026-06-23,ORD-10702,French Fries,Sides,1,5,5,1.5
2026-06-23,ORD-59372,Bruschetta,Appetizers,1,7,7,2.5
2026-06-23,ORD-72675,French Fries,Sides,3,5,15,4.5
2026-06-23,ORD-69802,Caesar Salad,Salads,1,12,12,4.0
2026-06-23,ORD-46085,Bruschetta,Appetizers,1,7,7,2.5
2026-06-23,ORD-39548,Beef Burger,Burgers,1,14,14,6.0
2026-06-23,ORD-73501,Caesar Salad,Salads,3,12,36,12.0
2026-06-23,ORD-76971,Caesar Salad,Salads,3,12,36,12.0
2026-06-23,ORD-63813,Margherita Pizza,Pizza,5,15,75,25.0
2026-06-23,ORD-97060,Chicken Wings,Appetizers,1,10,10,4.0
2026-06-23,ORD-31697,French Fries,Sides,3,5,15,4.5
2026-06-23,ORD-88396,Caesar Salad,Salads,1,12,12,4.0
2026-06-23,ORD-68011,Chicken Wings,Appetizers,3,10,30,12.0
2026-06-23,ORD-37057,French Fries,Sides,1,5,5,1.5
2026-06-23,ORD-51143,Beef Burger,Burgers,2,14,28,12.0
2026-06-23,ORD-65621,Margherita Pizza,Pizza,4,15,60,20.0
2026-06-23,ORD-51918,Chicken Wings,Appetizers,2,10,20,8.0
2026-06-23,ORD-41471,Coffee,Drinks,2,4,8,2.0
2026-06-23,ORD-61525,Coffee,Drinks,1,4,4,1.0
2026-06-23,ORD-24043,Tiramisu,Desserts,1,8,8,3.0
2026-06-23,ORD-39673,French Fries,Sides,2,5,10,3.0
2026-06-23,ORD-25219,Beef Burger,Burgers,1,14,14,6.0
2026-06-23,ORD-87616,Pepperoni Pizza,Pizza,2,18,36,12.0
2026-06-23,ORD-37021,French Fries,Sides,3,5,15,4.5
2026-06-24,ORD-61288,Caesar Salad,Salads,3,12,36,12.0
2026-06-24,ORD-48368,Tiramisu,Desserts,2,8,16,6.0
2026-06-24,ORD-67405,Pepperoni Pizza,Pizza,2,18,36,12.0
2026-06-24,ORD-57394,Caesar Salad,Salads,2,12,24,8.0
2026-06-24,ORD-57754,Coffee,Drinks,1,4,4,1.0
2026-06-24,ORD-11045,Bruschetta,Appetizers,1,7,7,2.5
2026-06-24,ORD-49676,Beef Burger,Burgers,1,14,14,6.0
2026-06-24,ORD-33097,Pepperoni Pizza,Pizza,2,18,36,12.0
2026-06-24,ORD-74750,Pepperoni Pizza,Pizza,1,18,18,6.0
2026-06-24,ORD-77639,Soda,Drinks,1,3,3,0.5
2026-06-24,ORD-10518,Tiramisu,Desserts,1,8,8,3.0
2026-06-24,ORD-42508,Pepperoni Pizza,Pizza,1,18,18,6.0
2026-06-24,ORD-30429,French Fries,Sides,3,5,15,4.5
2026-06-24,ORD-37127,Coffee,Drinks,1,4,4,1.0
2026-06-24,ORD-85917,Soda,Drinks,3,3,9,1.5
2026-06-24,ORD-73770,Pepperoni Pizza,Pizza,2,18,36,12.0
2026-06-24,ORD-90664,Pepperoni Pizza,Pizza,3,18,54,18.0
2026-06-24,ORD-96029,Pepperoni Pizza,Pizza,3,18,54,18.0
2026-06-24,ORD-70617,Beef Burger,Burgers,2,14,28,12.0
2026-06-24,ORD-29684,Margherita Pizza,Pizza,4,15,60,20.0
2026-06-24,ORD-49363,Soda,Drinks,2,3,6,1.0
2026-06-24,ORD-82771,Beef Burger,Burgers,3,14,42,18.0
2026-06-24,ORD-41231,Soda,Drinks,3,3,9,1.5
2026-06-24,ORD-25645,Coffee,Drinks,1,4,4,1.0
2026-06-24,ORD-12096,Margherita Pizza,Pizza,4,15,60,20.0
2026-06-24,ORD-43059,French Fries,Sides,1,5,5,1.5
2026-06-24,ORD-66007,Tiramisu,Desserts,1,8,8,3.0
2026-06-24,ORD-62951,Coffee,Drinks,3,4,12,3.0
2026-06-25,ORD-23410,Margherita Pizza,Pizza,2,15,30,10.0
2026-06-25,ORD-65306,Coffee,Drinks,2,4,8,2.0
2026-06-25,ORD-19530,Pepperoni Pizza,Pizza,3,18,54,18.0
2026-06-25,ORD-33047,Beef Burger,Burgers,3,14,42,18.0
2026-06-25,ORD-58135,Chicken Wings,Appetizers,1,10,10,4.0
2026-06-25,ORD-86741,Margherita Pizza,Pizza,4,15,60,20.0
2026-06-25,ORD-22699,Margherita Pizza,Pizza,5,15,75,25.0
2026-06-25,ORD-52100,Beef Burger,Burgers,3,14,42,18.0
2026-06-25,ORD-23111,Coffee,Drinks,3,4,12,3.0
2026-06-25,ORD-33299,Soda,Drinks,3,3,9,1.5
2026-06-25,ORD-86488,Margherita Pizza,Pizza,2,15,30,10.0
2026-06-25,ORD-10407,Coffee,Drinks,1,4,4,1.0
2026-06-25,ORD-31855,Pepperoni Pizza,Pizza,3,18,54,18.0
2026-06-25,ORD-92016,Margherita Pizza,Pizza,4,15,60,20.0
2026-06-25,ORD-99694,Soda,Drinks,3,3,9,1.5
2026-06-25,ORD-36594,French Fries,Sides,2,5,10,3.0
2026-06-25,ORD-84130,Coffee,Drinks,3,4,12,3.0
2026-06-25,ORD-41044,Beef Burger,Burgers,3,14,42,18.0
2026-06-25,ORD-27083,Tiramisu,Desserts,2,8,16,6.0
2026-06-25,ORD-90218,Chicken Wings,Appetizers,1,10,10,4.0
2026-06-25,ORD-30403,Pepperoni Pizza,Pizza,1,18,18,6.0
2026-06-25,ORD-78983,Margherita Pizza,Pizza,2,15,30,10.0
2026-06-25,ORD-50379,Caesar Salad,Salads,1,12,12,4.0
2026-06-25,ORD-71734,Soda,Drinks,2,3,6,1.0
2026-06-25,ORD-90747,Soda,Drinks,3,3,9,1.5
2026-06-25,ORD-86480,Soda,Drinks,3,3,9,1.5
2026-06-25,ORD-70264,French Fries,Sides,2,5,10,3.0
2026-06-25,ORD-59004,Tiramisu,Desserts,3,8,24,9.0
2026-06-25,ORD-21390,Tiramisu,Desserts,1,8,8,3.0
2026-06-25,ORD-31742,French Fries,Sides,1,5,5,1.5
2026-06-25,ORD-93478,Beef Burger,Burgers,2,14,28,12.0
2026-06-25,ORD-93500,Chicken Wings,Appetizers,2,10,20,8.0
2026-06-25,ORD-93660,Tiramisu,Desserts,3,8,24,9.0
2026-06-25,ORD-85321,Tiramisu,Desserts,2,8,16,6.0
2026-06-25,ORD-15372,French Fries,Sides,3,5,15,4.5
2026-06-25,ORD-33901,Soda,Drinks,2,3,6,1.0
2026-06-25,ORD-15954,Margherita Pizza,Pizza,2,15,30,10.0
2026-06-25,ORD-95885,Margherita Pizza,Pizza,2,15,30,10.0
2026-06-25,ORD-40132,Beef Burger,Burgers,2,14,28,12.0
2026-06-25,ORD-18955,Pepperoni Pizza,Pizza,3,18,54,18.0
2026-06-25,ORD-62809,Soda,Drinks,2,3,6,1.0
2026-06-25,ORD-19391,Tiramisu,Desserts,3,8,24,9.0
2026-06-26,ORD-95286,Tiramisu,Desserts,3,8,24,9.0
2026-06-26,ORD-23814,Tiramisu,Desserts,3,8,24,9.0
2026-06-26,ORD-76444,French Fries,Sides,1,5,5,1.5
2026-06-26,ORD-42238,Margherita Pizza,Pizza,3,15,45,15.0
2026-06-26,ORD-53270,Margherita Pizza,Pizza,3,15,45,15.0
2026-06-26,ORD-71398,Coffee,Drinks,3,4,12,3.0
2026-06-26,ORD-49098,Coffee,Drinks,2,4,8,2.0
2026-06-26,ORD-95717,Beef Burger,Burgers,1,14,14,6.0
2026-06-26,ORD-87867,Soda,Drinks,1,3,3,0.5
2026-06-26,ORD-25168,Coffee,Drinks,1,4,4,1.0
2026-06-26,ORD-52773,Coffee,Drinks,1,4,4,1.0
2026-06-26,ORD-54029,Caesar Salad,Salads,3,12,36,12.0
2026-06-26,ORD-11967,Tiramisu,Desserts,3,8,24,9.0
2026-06-26,ORD-41190,Chicken Wings,Appetizers,3,10,30,12.0
2026-06-26,ORD-55404,Chicken Wings,Appetizers,2,10,20,8.0
2026-06-26,ORD-31968,Tiramisu,Desserts,1,8,8,3.0
2026-06-26,ORD-20239,Tiramisu,Desserts,1,8,8,3.0
2026-06-26,ORD-63240,Beef Burger,Burgers,1,14,14,6.0
2026-06-26,ORD-23685,French Fries,Sides,3,5,15,4.5
2026-06-26,ORD-30266,Soda,Drinks,1,3,3,0.5
2026-06-26,ORD-75863,Bruschetta,Appetizers,1,7,7,2.5
2026-06-26,ORD-96541,Coffee,Drinks,2,4,8,2.0
2026-06-26,ORD-84560,Margherita Pizza,Pizza,2,15,30,10.0
2026-06-26,ORD-25731,French Fries,Sides,1,5,5,1.5
2026-06-26,ORD-42810,Coffee,Drinks,1,4,4,1.0
2026-06-26,ORD-83030,Caesar Salad,Salads,2,12,24,8.0
2026-06-26,ORD-72517,Beef Burger,Burgers,1,14,14,6.0
2026-06-26,ORD-54797,Bruschetta,Appetizers,1,7,7,2.5
2026-06-26,ORD-74966,Margherita Pizza,Pizza,4,15,60,20.0
2026-06-26,ORD-84980,French Fries,Sides,3,5,15,4.5
2026-06-26,ORD-15557,Beef Burger,Burgers,1,14,14,6.0
2026-06-26,ORD-31568,French Fries,Sides,3,5,15,4.5
2026-06-26,ORD-85168,Coffee,Drinks,2,4,8,2.0
2026-06-26,ORD-65368,Caesar Salad,Salads,3,12,36,12.0
2026-06-26,ORD-30488,Tiramisu,Desserts,2,8,16,6.0
2026-06-26,ORD-70050,Coffee,Drinks,3,4,12,3.0
2026-06-26,ORD-65698,Chicken Wings,Appetizers,2,10,20,8.0
2026-06-26,ORD-62013,Soda,Drinks,2,3,6,1.0
2026-06-26,ORD-17755,Coffee,Drinks,2,4,8,2.0
2026-06-26,ORD-47326,Pepperoni Pizza,Pizza,2,18,36,12.0
2026-06-26,ORD-89519,Margherita Pizza,Pizza,5,15,75,25.0
2026-06-26,ORD-99718,French Fries,Sides,1,5,5,1.5
2026-06-26,ORD-77197,Pepperoni Pizza,Pizza,2,18,36,12.0
2026-06-26,ORD-12837,Caesar Salad,Salads,3,12,36,12.0
2026-06-26,ORD-99391,Margherita Pizza,Pizza,3,15,45,15.0
2026-06-26,ORD-52627,French Fries,Sides,3,5,15,4.5
2026-06-26,ORD-70274,Chicken Wings,Appetizers,1,10,10,4.0
2026-06-26,ORD-16937,Chicken Wings,Appetizers,3,10,30,12.0
2026-06-26,ORD-69182,French Fries,Sides,1,5,5,1.5
2026-06-26,ORD-94394,Caesar Salad,Salads,3,12,36,12.0
2026-06-26,ORD-42352,Beef Burger,Burgers,2,14,28,12.0
2026-06-26,ORD-41330,Caesar Salad,Salads,3,12,36,12.0
2026-06-26,ORD-22715,Bruschetta,Appetizers,1,7,7,2.5
2026-06-26,ORD-40071,Tiramisu,Desserts,2,8,16,6.0
2026-06-26,ORD-29140,Chicken Wings,Appetizers,1,10,10,4.0
2026-06-26,ORD-37978,Pepperoni Pizza,Pizza,1,18,18,6.0
2026-06-26,ORD-42850,Pepperoni Pizza,Pizza,2,18,36,12.0
2026-06-26,ORD-39369,Pepperoni Pizza,Pizza,3,18,54,18.0
2026-06-26,ORD-85375,Tiramisu,Desserts,1,8,8,3.0
2026-06-26,ORD-12473,French Fries,Sides,1,5,5,1.5
2026-06-26,ORD-51504,Soda,Drinks,1,3,3,0.5
2026-06-26,ORD-64501,Coffee,Drinks,3,4,12,3.0
2026-06-26,ORD-46754,Margherita Pizza,Pizza,2,15,30,10.0
2026-06-26,ORD-16066,Soda,Drinks,2,3,6,1.0
2026-06-26,ORD-49920,Tiramisu,Desserts,3,8,24,9.0
2026-06-26,ORD-10499,French Fries,Sides,3,5,15,4.5
2026-06-26,ORD-27938,Coffee,Drinks,1,4,4,1.0
2026-06-26,ORD-44372,Soda,Drinks,3,3,9,1.5
2026-06-26,ORD-34515,Bruschetta,Appetizers,1,7,7,2.5
2026-06-26,ORD-58339,French Fries,Sides,3,5,15,4.5
2026-06-26,ORD-43878,Margherita Pizza,Pizza,3,15,45,15.0
2026-06-26,ORD-81569,French Fries,Sides,1,5,5,1.5
2026-06-26,ORD-88489,French Fries,Sides,1,5,5,1.5
2026-06-26,ORD-75377,Margherita Pizza,Pizza,3,15,45,15.0
2026-06-26,ORD-20765,Pepperoni Pizza,Pizza,3,18,54,18.0
2026-06-26,ORD-90091,Tiramisu,Desserts,3,8,24,9.0
2026-06-26,ORD-96742,Coffee,Drinks,3,4,12,3.0
2026-06-26,ORD-87522,Tiramisu,Desserts,1,8,8,3.0
2026-06-26,ORD-43818,Coffee,Drinks,2,4,8,2.0
2026-06-26,ORD-35689,Chicken Wings,Appetizers,2,10,20,8.0
2026-06-26,ORD-33517,Tiramisu,Desserts,3,8,24,9.0
2026-06-26,ORD-16606,Pepperoni Pizza,Pizza,2,18,36,12.0
2026-06-26,ORD-81538,Tiramisu,Desserts,3,8,24,9.0
2026-06-26,ORD-45122,Beef Burger,Burgers,1,14,14,6.0
2026-06-26,ORD-40669,Bruschetta,Appetizers,1,7,7,2.5
2026-06-26,ORD-99804,Tiramisu,Desserts,1,8,8,3.0
2026-06-26,ORD-74659,French Fries,Sides,3,5,15,4.5
2026-06-26,ORD-82518,Soda,Drinks,2,3,6,1.0
2026-06-26,ORD-74611,Margherita Pizza,Pizza,2,15,30,10.0
2026-06-26,ORD-72082,Tiramisu,Desserts,2,8,16,6.0
2026-06-26,ORD-47047,Chicken Wings,Appetizers,2,10,20,8.0
2026-06-27,ORD-84169,Margherita Pizza,Pizza,5,15,75,25.0
2026-06-27,ORD-25568,Tiramisu,Desserts,3,8,24,9.0
2026-06-27,ORD-44403,Margherita Pizza,Pizza,4,15,60,20.0
2026-06-27,ORD-28475,French Fries,Sides,2,5,10,3.0
2026-06-27,ORD-58093,Tiramisu,Desserts,3,8,24,9.0
2026-06-27,ORD-73697,French Fries,Sides,2,5,10,3.0
2026-06-27,ORD-78933,Margherita Pizza,Pizza,4,15,60,20.0
2026-06-27,ORD-23232,Pepperoni Pizza,Pizza,1,18,18,6.0
2026-06-27,ORD-70449,Pepperoni Pizza,Pizza,1,18,18,6.0
2026-06-27,ORD-90162,Chicken Wings,Appetizers,2,10,20,8.0
2026-06-27,ORD-38034,Chicken Wings,Appetizers,1,10,10,4.0
2026-06-27,ORD-20665,Coffee,Drinks,1,4,4,1.0
2026-06-27,ORD-14021,Chicken Wings,Appetizers,2,10,20,8.0
2026-06-27,ORD-64146,Pepperoni Pizza,Pizza,1,18,18,6.0
2026-06-27,ORD-32158,Caesar Salad,Salads,3,12,36,12.0
2026-06-27,ORD-59474,Pepperoni Pizza,Pizza,1,18,18,6.0
2026-06-27,ORD-44163,Margherita Pizza,Pizza,2,15,30,10.0
2026-06-27,ORD-81229,Coffee,Drinks,1,4,4,1.0
2026-06-27,ORD-65522,Chicken Wings,Appetizers,2,10,20,8.0
2026-06-27,ORD-76426,Pepperoni Pizza,Pizza,1,18,18,6.0
2026-06-27,ORD-89265,Soda,Drinks,1,3,3,0.5
2026-06-27,ORD-93956,French Fries,Sides,2,5,10,3.0
2026-06-27,ORD-79165,French Fries,Sides,3,5,15,4.5
2026-06-27,ORD-16882,Coffee,Drinks,2,4,8,2.0
2026-06-27,ORD-80707,Coffee,Drinks,1,4,4,1.0
2026-06-27,ORD-64310,Caesar Salad,Salads,3,12,36,12.0
2026-06-27,ORD-10915,Beef Burger,Burgers,2,14,28,12.0
2026-06-27,ORD-91343,Pepperoni Pizza,Pizza,2,18,36,12.0
2026-06-27,ORD-62802,Tiramisu,Desserts,2,8,16,6.0
2026-06-27,ORD-79023,French Fries,Sides,2,5,10,3.0
2026-06-27,ORD-62508,Beef Burger,Burgers,2,14,28,12.0
2026-06-27,ORD-95664,Tiramisu,Desserts,3,8,24,9.0
2026-06-27,ORD-65302,Caesar Salad,Salads,1,12,12,4.0
2026-06-27,ORD-96968,Beef Burger,Burgers,1,14,14,6.0
2026-06-27,ORD-18582,Chicken Wings,Appetizers,1,10,10,4.0
2026-06-27,ORD-57312,French Fries,Sides,2,5,10,3.0
2026-06-27,ORD-75849,Chicken Wings,Appetizers,3,10,30,12.0
2026-06-27,ORD-91519,Soda,Drinks,2,3,6,1.0
2026-06-27,ORD-91117,Tiramisu,Desserts,3,8,24,9.0
2026-06-27,ORD-59338,Pepperoni Pizza,Pizza,1,18,18,6.0
2026-06-27,ORD-30785,French Fries,Sides,3,5,15,4.5
2026-06-27,ORD-49989,Coffee,Drinks,2,4,8,2.0
2026-06-27,ORD-73404,Beef Burger,Burgers,1,14,14,6.0
2026-06-27,ORD-42645,Beef Burger,Burgers,2,14,28,12.0
2026-06-27,ORD-33416,Tiramisu,Desserts,3,8,24,9.0
2026-06-27,ORD-23898,Tiramisu,Desserts,2,8,16,6.0
2026-06-27,ORD-88872,Margherita Pizza,Pizza,3,15,45,15.0
2026-06-27,ORD-32278,Coffee,Drinks,1,4,4,1.0
2026-06-27,ORD-37206,Pepperoni Pizza,Pizza,2,18,36,12.0
2026-06-27,ORD-41743,Margherita Pizza,Pizza,4,15,60,20.0
2026-06-27,ORD-97974,Caesar Salad,Salads,1,12,12,4.0
2026-06-27,ORD-88637,Caesar Salad,Salads,1,12,12,4.0
2026-06-27,ORD-95993,Beef Burger,Burgers,1,14,14,6.0
2026-06-27,ORD-26276,Beef Burger,Burgers,2,14,28,12.0
2026-06-27,ORD-37726,Tiramisu,Desserts,2,8,16,6.0
2026-06-27,ORD-80933,Soda,Drinks,1,3,3,0.5
2026-06-27,ORD-34740,Margherita Pizza,Pizza,3,15,45,15.0
2026-06-27,ORD-97161,Pepperoni Pizza,Pizza,3,18,54,18.0
2026-06-27,ORD-40281,Pepperoni Pizza,Pizza,1,18,18,6.0
2026-06-27,ORD-18049,Caesar Salad,Salads,1,12,12,4.0
2026-06-27,ORD-50874,Margherita Pizza,Pizza,2,15,30,10.0
2026-06-27,ORD-64111,Pepperoni Pizza,Pizza,3,18,54,18.0
2026-06-27,ORD-76602,Bruschetta,Appetizers,1,7,7,2.5
2026-06-27,ORD-96085,Coffee,Drinks,3,4,12,3.0
2026-06-27,ORD-49002,Pepperoni Pizza,Pizza,3,18,54,18.0
2026-06-27,ORD-59549,French Fries,Sides,2,5,10,3.0
2026-06-27,ORD-80730,Coffee,Drinks,1,4,4,1.0
2026-06-27,ORD-34809,Coffee,Drinks,3,4,12,3.0
2026-06-27,ORD-66566,Margherita Pizza,Pizza,5,15,75,25.0
2026-06-27,ORD-77282,Coffee,Drinks,3,4,12,3.0
2026-06-27,ORD-72065,Margherita Pizza,Pizza,5,15,75,25.0
2026-06-27,ORD-83322,Soda,Drinks,1,3,3,0.5
2026-06-27,ORD-97190,Soda,Drinks,3,3,9,1.5
2026-06-27,ORD-29426,Pepperoni Pizza,Pizza,1,18,18,6.0
2026-06-27,ORD-27268,Caesar Salad,Salads,3,12,36,12.0
2026-06-27,ORD-84193,Pepperoni Pizza,Pizza,3,18,54,18.0
2026-06-27,ORD-85592,Caesar Salad,Salads,2,12,24,8.0
2026-06-27,ORD-57356,Chicken Wings,Appetizers,3,10,30,12.0
2026-06-27,ORD-55622,French Fries,Sides,1,5,5,1.5
2026-06-27,ORD-81697,Soda,Drinks,3,3,9,1.5
2026-06-27,ORD-22882,Margherita Pizza,Pizza,2,15,30,10.0
2026-06-27,ORD-67378,Coffee,Drinks,2,4,8,2.0
2026-06-27,ORD-16102,Soda,Drinks,3,3,9,1.5
2026-06-27,ORD-51239,Caesar Salad,Salads,2,12,24,8.0
2026-06-27,ORD-54049,Coffee,Drinks,3,4,12,3.0
2026-06-27,ORD-99275,Caesar Salad,Salads,2,12,24,8.0
2026-06-27,ORD-98130,Beef Burger,Burgers,1,14,14,6.0
2026-06-27,ORD-25248,Bruschetta,Appetizers,1,7,7,2.5
2026-06-27,ORD-22128,Bruschetta,Appetizers,1,7,7,2.5
2026-06-27,ORD-77281,Soda,Drinks,3,3,9,1.5
2026-06-27,ORD-13133,Margherita Pizza,Pizza,5,15,75,25.0
2026-06-27,ORD-96108,Pepperoni Pizza,Pizza,1,18,18,6.0
2026-06-27,ORD-66965,Tiramisu,Desserts,2,8,16,6.0
2026-06-27,ORD-51518,Margherita Pizza,Pizza,2,15,30,10.0
2026-06-27,ORD-88247,Tiramisu,Desserts,2,8,16,6.0
2026-06-27,ORD-47880,Coffee,Drinks,2,4,8,2.0
2026-06-27,ORD-16682,Caesar Salad,Salads,3,12,36,12.0
2026-06-27,ORD-83958,Bruschetta,Appetizers,1,7,7,2.5
2026-06-27,ORD-36576,Margherita Pizza,Pizza,3,15,45,15.0
2026-06-27,ORD-73731,Margherita Pizza,Pizza,4,15,60,20.0
2026-06-27,ORD-21328,Beef Burger,Burgers,3,14,42,18.0
2026-06-27,ORD-75165,Soda,Drinks,2,3,6,1.0
2026-06-27,ORD-34586,French Fries,Sides,2,5,10,3.0
2026-06-27,ORD-44845,Beef Burger,Burgers,2,14,28,12.0
2026-06-27,ORD-54593,Coffee,Drinks,1,4,4,1.0
2026-06-27,ORD-70317,Beef Burger,Burgers,2,14,28,12.0
2026-06-27,ORD-77925,French Fries,Sides,1,5,5,1.5
2026-06-27,ORD-78629,Tiramisu,Desserts,1,8,8,3.0
2026-06-27,ORD-49900,Soda,Drinks,1,3,3,0.5
2026-06-28,ORD-34070,Chicken Wings,Appetizers,3,10,30,12.0
2026-06-28,ORD-41888,Pepperoni Pizza,Pizza,3,18,54,18.0
2026-06-28,ORD-85044,Margherita Pizza,Pizza,5,15,75,25.0
2026-06-28,ORD-79835,French Fries,Sides,1,5,5,1.5
2026-06-28,ORD-52920,Pepperoni Pizza,Pizza,3,18,54,18.0
2026-06-28,ORD-70312,Pepperoni Pizza,Pizza,1,18,18,6.0
2026-06-28,ORD-99599,Tiramisu,Desserts,2,8,16,6.0
2026-06-28,ORD-72823,Tiramisu,Desserts,2,8,16,6.0
2026-06-28,ORD-65713,Margherita Pizza,Pizza,4,15,60,20.0
2026-06-28,ORD-84156,French Fries,Sides,3,5,15,4.5
2026-06-28,ORD-18012,Beef Burger,Burgers,3,14,42,18.0
2026-06-28,ORD-16676,Chicken Wings,Appetizers,2,10,20,8.0
2026-06-28,ORD-85730,Chicken Wings,Appetizers,1,10,10,4.0
2026-06-28,ORD-28700,Soda,Drinks,3,3,9,1.5
2026-06-28,ORD-88597,Caesar Salad,Salads,3,12,36,12.0
2026-06-28,ORD-53572,Bruschetta,Appetizers,1,7,7,2.5
2026-06-28,ORD-90347,Caesar Salad,Salads,2,12,24,8.0
2026-06-28,ORD-28556,Beef Burger,Burgers,1,14,14,6.0
2026-06-28,ORD-11227,Tiramisu,Desserts,3,8,24,9.0
2026-06-28,ORD-10019,Beef Burger,Burgers,3,14,42,18.0
2026-06-28,ORD-35401,French Fries,Sides,1,5,5,1.5
2026-06-28,ORD-93469,Beef Burger,Burgers,3,14,42,18.0
2026-06-28,ORD-19011,French Fries,Sides,1,5,5,1.5
2026-06-28,ORD-50346,Coffee,Drinks,2,4,8,2.0
2026-06-28,ORD-19591,Chicken Wings,Appetizers,3,10,30,12.0
2026-06-28,ORD-46650,Soda,Drinks,2,3,6,1.0
2026-06-28,ORD-25848,Coffee,Drinks,1,4,4,1.0
2026-06-28,ORD-18040,French Fries,Sides,2,5,10,3.0
2026-06-28,ORD-36709,Caesar Salad,Salads,3,12,36,12.0
2026-06-28,ORD-63121,Pepperoni Pizza,Pizza,2,18,36,12.0
2026-06-28,ORD-43782,French Fries,Sides,2,5,10,3.0
2026-06-28,ORD-29227,Coffee,Drinks,2,4,8,2.0
2026-06-28,ORD-82778,Coffee,Drinks,1,4,4,1.0
2026-06-28,ORD-53183,Margherita Pizza,Pizza,4,15,60,20.0
2026-06-28,ORD-88123,Caesar Salad,Salads,1,12,12,4.0
2026-06-28,ORD-16124,Margherita Pizza,Pizza,5,15,75,25.0
2026-06-28,ORD-44576,Beef Burger,Burgers,2,14,28,12.0
2026-06-28,ORD-63548,Caesar Salad,Salads,3,12,36,12.0
2026-06-28,ORD-36508,Bruschetta,Appetizers,1,7,7,2.5
2026-06-28,ORD-70200,Margherita Pizza,Pizza,3,15,45,15.0
2026-06-28,ORD-60963,Soda,Drinks,1,3,3,0.5
2026-06-28,ORD-81548,Margherita Pizza,Pizza,4,15,60,20.0
2026-06-28,ORD-75970,Beef Burger,Burgers,2,14,28,12.0
2026-06-28,ORD-42843,Caesar Salad,Salads,1,12,12,4.0
2026-06-28,ORD-34637,Margherita Pizza,Pizza,2,15,30,10.0
2026-06-28,ORD-14384,Soda,Drinks,2,3,6,1.0
2026-06-28,ORD-15777,Pepperoni Pizza,Pizza,2,18,36,12.0
2026-06-28,ORD-50582,Margherita Pizza,Pizza,5,15,75,25.0
2026-06-28,ORD-87865,Caesar Salad,Salads,1,12,12,4.0
2026-06-28,ORD-32229,Beef Burger,Burgers,1,14,14,6.0
2026-06-28,ORD-25549,Caesar Salad,Salads,1,12,12,4.0
2026-06-28,ORD-67927,Chicken Wings,Appetizers,1,10,10,4.0
2026-06-28,ORD-62755,French Fries,Sides,2,5,10,3.0
2026-06-28,ORD-47678,Caesar Salad,Salads,1,12,12,4.0
2026-06-28,ORD-80933,Pepperoni Pizza,Pizza,3,18,54,18.0
2026-06-28,ORD-96419,Coffee,Drinks,2,4,8,2.0
2026-06-28,ORD-66951,French Fries,Sides,1,5,5,1.5
2026-06-28,ORD-66689,Caesar Salad,Salads,2,12,24,8.0
2026-06-28,ORD-99326,Coffee,Drinks,3,4,12,3.0
2026-06-28,ORD-49329,Beef Burger,Burgers,2,14,28,12.0
2026-06-28,ORD-49795,French Fries,Sides,2,5,10,3.0
2026-06-28,ORD-30052,Margherita Pizza,Pizza,5,15,75,25.0
2026-06-28,ORD-44515,Tiramisu,Desserts,1,8,8,3.0
2026-06-28,ORD-53634,Chicken Wings,Appetizers,1,10,10,4.0
2026-06-28,ORD-25758,Beef Burger,Burgers,2,14,28,12.0
2026-06-28,ORD-72917,Margherita Pizza,Pizza,2,15,30,10.0
2026-06-28,ORD-69431,Soda,Drinks,2,3,6,1.0
2026-06-28,ORD-79248,French Fries,Sides,3,5,15,4.5
2026-06-28,ORD-48184,Tiramisu,Desserts,1,8,8,3.0
2026-06-28,ORD-21713,Beef Burger,Burgers,2,14,28,12.0
2026-06-28,ORD-56006,Coffee,Drinks,3,4,12,3.0
2026-06-28,ORD-26101,Chicken Wings,Appetizers,2,10,20,8.0
2026-06-28,ORD-91670,Soda,Drinks,1,3,3,0.5
2026-06-28,ORD-17693,Margherita Pizza,Pizza,4,15,60,20.0
2026-06-28,ORD-30945,Soda,Drinks,2,3,6,1.0
2026-06-28,ORD-11756,Margherita Pizza,Pizza,2,15,30,10.0
2026-06-28,ORD-19396,Margherita Pizza,Pizza,2,15,30,10.0
2026-06-28,ORD-43822,Caesar Salad,Salads,1,12,12,4.0
2026-06-28,ORD-44881,Coffee,Drinks,2,4,8,2.0
2026-06-28,ORD-67614,Beef Burger,Burgers,1,14,14,6.0
2026-06-28,ORD-39545,Pepperoni Pizza,Pizza,3,18,54,18.0
2026-06-28,ORD-12779,Pepperoni Pizza,Pizza,3,18,54,18.0
2026-06-28,ORD-93072,Soda,Drinks,3,3,9,1.5
2026-06-28,ORD-95787,Margherita Pizza,Pizza,5,15,75,25.0
2026-06-28,ORD-71392,French Fries,Sides,2,5,10,3.0
2026-06-28,ORD-39778,Beef Burger,Burgers,1,14,14,6.0
2026-06-28,ORD-56792,Coffee,Drinks,3,4,12,3.0
2026-06-28,ORD-50239,Soda,Drinks,1,3,3,0.5
2026-06-28,ORD-35635,Beef Burger,Burgers,2,14,28,12.0
2026-06-28,ORD-70537,Margherita Pizza,Pizza,4,15,60,20.0
2026-06-28,ORD-47881,Tiramisu,Desserts,1,8,8,3.0
2026-06-28,ORD-49066,Caesar Salad,Salads,1,12,12,4.0
2026-06-28,ORD-88752,French Fries,Sides,3,5,15,4.5
2026-06-28,ORD-14959,Pepperoni Pizza,Pizza,1,18,18,6.0
2026-06-28,ORD-59209,Coffee,Drinks,2,4,8,2.0
2026-06-28,ORD-14527,Caesar Salad,Salads,3,12,36,12.0
2026-06-28,ORD-98638,Soda,Drinks,3,3,9,1.5
2026-06-28,ORD-30484,Pepperoni Pizza,Pizza,3,18,54,18.0
2026-06-28,ORD-96192,Chicken Wings,Appetizers,2,10,20,8.0
2026-06-28,ORD-79421,Coffee,Drinks,2,4,8,2.0
2026-06-28,ORD-96333,Caesar Salad,Salads,2,12,24,8.0
2026-06-28,ORD-94839,Chicken Wings,Appetizers,2,10,20,8.0
2026-06-28,ORD-28209,Beef Burger,Burgers,2,14,28,12.0
2026-06-28,ORD-41060,Coffee,Drinks,3,4,12,3.0
2026-06-28,ORD-35542,Soda,Drinks,3,3,9,1.5
2026-06-28,ORD-55044,French Fries,Sides,2,5,10,3.0
2026-06-28,ORD-34133,Caesar Salad,Salads,1,12,12,4.0
2026-06-28,ORD-15817,French Fries,Sides,3,5,15,4.5
2026-06-28,ORD-86052,Tiramisu,Desserts,2,8,16,6.0
2026-06-28,ORD-36038,Beef Burger,Burgers,2,14,28,12.0
2026-06-28,ORD-58236,Caesar Salad,Salads,3,12,36,12.0
2026-06-28,ORD-56469,Tiramisu,Desserts,2,8,16,6.0
2026-06-28,ORD-19166,Beef Burger,Burgers,1,14,14,6.0
2026-06-28,ORD-11443,Bruschetta,Appetizers,1,7,7,2.5
2026-06-28,ORD-86756,Chicken Wings,Appetizers,3,10,30,12.0
2026-06-28,ORD-46025,Coffee,Drinks,3,4,12,3.0
2026-06-28,ORD-80428,Pepperoni Pizza,Pizza,3,18,54,18.0
2026-06-28,ORD-17811,Caesar Salad,Salads,3,12,36,12.0
2026-06-28,ORD-22281,Caesar Salad,Salads,2,12,24,8.0
2026-06-28,ORD-98635,Soda,Drinks,3,3,9,1.5
2026-06-28,ORD-66694,Caesar Salad,Salads,3,12,36,12.0
2026-06-28,ORD-81557,Tiramisu,Desserts,2,8,16,6.0
2026-06-29,ORD-16268,Chicken Wings,Appetizers,3,10,30,12.0
2026-06-29,ORD-85025,French Fries,Sides,2,5,10,3.0
2026-06-29,ORD-70543,French Fries,Sides,3,5,15,4.5
2026-06-29,ORD-36327,French Fries,Sides,3,5,15,4.5
2026-06-29,ORD-16811,Pepperoni Pizza,Pizza,2,18,36,12.0
2026-06-29,ORD-60759,Bruschetta,Appetizers,1,7,7,2.5
2026-06-29,ORD-61738,Soda,Drinks,3,3,9,1.5
2026-06-29,ORD-98780,Beef Burger,Burgers,1,14,14,6.0
2026-06-29,ORD-61204,Caesar Salad,Salads,2,12,24,8.0
2026-06-29,ORD-98358,Pepperoni Pizza,Pizza,1,18,18,6.0
2026-06-29,ORD-93696,Margherita Pizza,Pizza,2,15,30,10.0
2026-06-29,ORD-65472,Chicken Wings,Appetizers,1,10,10,4.0
2026-06-29,ORD-64562,Caesar Salad,Salads,2,12,24,8.0
2026-06-29,ORD-85195,Margherita Pizza,Pizza,2,15,30,10.0
2026-06-29,ORD-31459,Tiramisu,Desserts,2,8,16,6.0
2026-06-29,ORD-35370,Soda,Drinks,3,3,9,1.5
2026-06-29,ORD-15400,French Fries,Sides,3,5,15,4.5
2026-06-29,ORD-72667,Margherita Pizza,Pizza,3,15,45,15.0
2026-06-29,ORD-82760,Beef Burger,Burgers,2,14,28,12.0
2026-06-29,ORD-19159,French Fries,Sides,1,5,5,1.5
2026-06-29,ORD-65809,French Fries,Sides,2,5,10,3.0
2026-06-29,ORD-33757,Margherita Pizza,Pizza,3,15,45,15.0
2026-06-29,ORD-76842,Caesar Salad,Salads,3,12,36,12.0
2026-06-29,ORD-49060,Chicken Wings,Appetizers,3,10,30,12.0
2026-06-29,ORD-24146,Soda,Drinks,2,3,6,1.0
2026-06-29,ORD-45095,Chicken Wings,Appetizers,3,10,30,12.0
2026-06-29,ORD-74790,Coffee,Drinks,1,4,4,1.0
2026-06-29,ORD-38474,Margherita Pizza,Pizza,4,15,60,20.0
2026-06-29,ORD-77656,Margherita Pizza,Pizza,4,15,60,20.0
2026-06-29,ORD-31112,Soda,Drinks,2,3,6,1.0
2026-06-29,ORD-89948,Chicken Wings,Appetizers,2,10,20,8.0
2026-06-29,ORD-57427,Margherita Pizza,Pizza,4,15,60,20.0
2026-06-29,ORD-53116,French Fries,Sides,1,5,5,1.5
2026-06-29,ORD-46972,Coffee,Drinks,2,4,8,2.0
2026-06-29,ORD-91078,Margherita Pizza,Pizza,5,15,75,25.0
2026-06-29,ORD-51058,Chicken Wings,Appetizers,3,10,30,12.0
2026-06-29,ORD-43428,French Fries,Sides,3,5,15,4.5
2026-06-29,ORD-30760,Margherita Pizza,Pizza,2,15,30,10.0
2026-06-29,ORD-74440,French Fries,Sides,2,5,10,3.0
2026-06-29,ORD-95116,Pepperoni Pizza,Pizza,1,18,18,6.0
2026-06-29,ORD-81387,Beef Burger,Burgers,3,14,42,18.0
2026-06-30,ORD-77225,Coffee,Drinks,2,4,8,2.0
2026-06-30,ORD-14332,Coffee,Drinks,3,4,12,3.0
2026-06-30,ORD-10669,Beef Burger,Burgers,3,14,42,18.0
2026-06-30,ORD-16645,Margherita Pizza,Pizza,2,15,30,10.0
2026-06-30,ORD-38244,Coffee,Drinks,3,4,12,3.0
2026-06-30,ORD-18380,Margherita Pizza,Pizza,4,15,60,20.0
2026-06-30,ORD-99124,Tiramisu,Desserts,2,8,16,6.0
2026-06-30,ORD-69059,Caesar Salad,Salads,2,12,24,8.0
2026-06-30,ORD-11371,Beef Burger,Burgers,2,14,28,12.0
2026-06-30,ORD-75745,Soda,Drinks,3,3,9,1.5
2026-06-30,ORD-95009,French Fries,Sides,1,5,5,1.5
2026-06-30,ORD-13337,Beef Burger,Burgers,1,14,14,6.0
2026-06-30,ORD-43989,Pepperoni Pizza,Pizza,2,18,36,12.0
2026-06-30,ORD-21587,Soda,Drinks,2,3,6,1.0
2026-06-30,ORD-20240,Beef Burger,Burgers,1,14,14,6.0
2026-06-30,ORD-36673,Margherita Pizza,Pizza,2,15,30,10.0
2026-06-30,ORD-83046,Coffee,Drinks,2,4,8,2.0
2026-06-30,ORD-67842,Caesar Salad,Salads,1,12,12,4.0
2026-06-30,ORD-11204,Beef Burger,Burgers,3,14,42,18.0
2026-06-30,ORD-41009,Tiramisu,Desserts,1,8,8,3.0
2026-06-30,ORD-48945,Soda,Drinks,2,3,6,1.0
2026-06-30,ORD-81998,Beef Burger,Burgers,2,14,28,12.0
2026-06-30,ORD-57822,Margherita Pizza,Pizza,3,15,45,15.0
2026-06-30,ORD-95859,Bruschetta,Appetizers,1,7,7,2.5
2026-06-30,ORD-50200,Caesar Salad,Salads,1,12,12,4.0
2026-06-30,ORD-85485,Margherita Pizza,Pizza,2,15,30,10.0
2026-06-30,ORD-55827,Bruschetta,Appetizers,1,7,7,2.5
2026-06-30,ORD-14626,Margherita Pizza,Pizza,3,15,45,15.0
2026-06-30,ORD-39801,Bruschetta,Appetizers,1,7,7,2.5
2026-06-30,ORD-16183,Tiramisu,Desserts,3,8,24,9.0
2026-06-30,ORD-70972,Beef Burger,Burgers,1,14,14,6.0
2026-06-30,ORD-33904,French Fries,Sides,3,5,15,4.5
2026-06-30,ORD-61986,Bruschetta,Appetizers,1,7,7,2.5
2026-06-30,ORD-23648,Pepperoni Pizza,Pizza,3,18,54,18.0
2026-06-30,ORD-72183,Chicken Wings,Appetizers,1,10,10,4.0
2026-06-30,ORD-64135,Pepperoni Pizza,Pizza,2,18,36,12.0
2026-06-30,ORD-61615,Tiramisu,Desserts,2,8,16,6.0
2026-06-30,ORD-32143,Beef Burger,Burgers,2,14,28,12.0
2026-06-30,ORD-91575,Caesar Salad,Salads,2,12,24,8.0
2026-06-30,ORD-21771,Chicken Wings,Appetizers,1,10,10,4.0
2026-06-30,ORD-19814,French Fries,Sides,3,5,15,4.5
2026-06-30,ORD-68376,Margherita Pizza,Pizza,3,15,45,15.0
2026-06-30,ORD-28556,Coffee,Drinks,3,4,12,3.0
2026-06-30,ORD-36787,Coffee,Drinks,2,4,8,2.0
2026-06-30,ORD-77125,Caesar Salad,Salads,2,12,24,8.0
2026-06-30,ORD-82305,French Fries,Sides,2,5,10,3.0
2026-06-30,ORD-44320,Chicken Wings,Appetizers,3,10,30,12.0
2026-06-30,ORD-41414,Beef Burger,Burgers,1,14,14,6.0
2026-06-30,ORD-85837,Coffee,Drinks,3,4,12,3.0
2026-06-30,ORD-19650,Margherita Pizza,Pizza,3,15,45,15.0
2026-06-30,ORD-46919,Tiramisu,Desserts,1,8,8,3.0
2026-06-30,ORD-22792,Chicken Wings,Appetizers,3,10,30,12.0
2026-06-30,ORD-83159,Coffee,Drinks,3,4,12,3.0
2026-06-30,ORD-18408,Pepperoni Pizza,Pizza,1,18,18,6.0
2026-06-30,ORD-89364,Pepperoni Pizza,Pizza,1,18,18,6.0
2026-07-01,ORD-18175,Pepperoni Pizza,Pizza,1,18,18,6.0
2026-07-01,ORD-45401,Pepperoni Pizza,Pizza,3,18,54,18.0
2026-07-01,ORD-86688,Coffee,Drinks,3,4,12,3.0
2026-07-01,ORD-62577,Soda,Drinks,1,3,3,0.5
2026-07-01,ORD-44186,French Fries,Sides,1,5,5,1.5
2026-07-01,ORD-55973,Beef Burger,Burgers,3,14,42,18.0
2026-07-01,ORD-94975,French Fries,Sides,1,5,5,1.5
2026-07-01,ORD-85569,Pepperoni Pizza,Pizza,3,18,54,18.0
2026-07-01,ORD-24571,Soda,Drinks,3,3,9,1.5
2026-07-01,ORD-13761,Pepperoni Pizza,Pizza,1,18,18,6.0
2026-07-01,ORD-83627,Chicken Wings,Appetizers,3,10,30,12.0
2026-07-01,ORD-15522,Margherita Pizza,Pizza,5,15,75,25.0
2026-07-01,ORD-39164,Margherita Pizza,Pizza,5,15,75,25.0
2026-07-01,ORD-30414,Caesar Salad,Salads,1,12,12,4.0
2026-07-01,ORD-67573,Soda,Drinks,2,3,6,1.0
2026-07-01,ORD-11621,Chicken Wings,Appetizers,3,10,30,12.0
2026-07-01,ORD-39938,Margherita Pizza,Pizza,5,15,75,25.0
2026-07-01,ORD-45884,Tiramisu,Desserts,3,8,24,9.0
2026-07-01,ORD-15920,Caesar Salad,Salads,2,12,24,8.0
2026-07-01,ORD-35248,Beef Burger,Burgers,1,14,14,6.0
2026-07-01,ORD-80625,Bruschetta,Appetizers,1,7,7,2.5
2026-07-01,ORD-35342,Soda,Drinks,2,3,6,1.0
2026-07-01,ORD-89345,Caesar Salad,Salads,3,12,36,12.0
2026-07-01,ORD-65314,French Fries,Sides,3,5,15,4.5
2026-07-01,ORD-29500,Chicken Wings,Appetizers,2,10,20,8.0
2026-07-01,ORD-88357,Caesar Salad,Salads,3,12,36,12.0
2026-07-01,ORD-79566,French Fries,Sides,1,5,5,1.5
2026-07-01,ORD-95003,Coffee,Drinks,2,4,8,2.0
2026-07-02,ORD-56187,Tiramisu,Desserts,1,8,8,3.0
2026-07-02,ORD-61342,Beef Burger,Burgers,2,14,28,12.0
2026-07-02,ORD-81881,Margherita Pizza,Pizza,4,15,60,20.0
2026-07-02,ORD-66891,Caesar Salad,Salads,3,12,36,12.0
2026-07-02,ORD-75654,French Fries,Sides,1,5,5,1.5
2026-07-02,ORD-21465,Chicken Wings,Appetizers,2,10,20,8.0
2026-07-02,ORD-35962,Beef Burger,Burgers,1,14,14,6.0
2026-07-02,ORD-59260,Pepperoni Pizza,Pizza,3,18,54,18.0
2026-07-02,ORD-28003,Beef Burger,Burgers,3,14,42,18.0
2026-07-02,ORD-47085,French Fries,Sides,1,5,5,1.5
2026-07-02,ORD-11743,Margherita Pizza,Pizza,3,15,45,15.0
2026-07-02,ORD-38502,Soda,Drinks,2,3,6,1.0
2026-07-02,ORD-88327,Tiramisu,Desserts,1,8,8,3.0
2026-07-02,ORD-58974,Coffee,Drinks,2,4,8,2.0
2026-07-02,ORD-29039,Beef Burger,Burgers,3,14,42,18.0
2026-07-02,ORD-50603,Beef Burger,Burgers,1,14,14,6.0
2026-07-02,ORD-97218,French Fries,Sides,2,5,10,3.0
2026-07-02,ORD-96106,Beef Burger,Burgers,3,14,42,18.0
2026-07-02,ORD-13330,Coffee,Drinks,3,4,12,3.0
2026-07-02,ORD-24863,Tiramisu,Desserts,3,8,24,9.0
2026-07-02,ORD-34834,Tiramisu,Desserts,3,8,24,9.0
2026-07-02,ORD-94515,Caesar Salad,Salads,1,12,12,4.0
2026-07-02,ORD-87486,Soda,Drinks,3,3,9,1.5
2026-07-02,ORD-28284,Beef Burger,Burgers,2,14,28,12.0
2026-07-02,ORD-55603,Pepperoni Pizza,Pizza,1,18,18,6.0
2026-07-02,ORD-48875,French Fries,Sides,1,5,5,1.5
2026-07-02,ORD-58364,Beef Burger,Burgers,3,14,42,18.0
2026-07-03,ORD-82246,Caesar Salad,Salads,1,12,12,4.0
2026-07-03,ORD-34280,Coffee,Drinks,2,4,8,2.0
2026-07-03,ORD-41215,Margherita Pizza,Pizza,5,15,75,25.0
2026-07-03,ORD-67410,Pepperoni Pizza,Pizza,3,18,54,18.0
2026-07-03,ORD-27145,Bruschetta,Appetizers,1,7,7,2.5
2026-07-03,ORD-21262,Caesar Salad,Salads,2,12,24,8.0
2026-07-03,ORD-71210,Caesar Salad,Salads,2,12,24,8.0
2026-07-03,ORD-70358,Margherita Pizza,Pizza,5,15,75,25.0
2026-07-03,ORD-58981,Caesar Salad,Salads,1,12,12,4.0
2026-07-03,ORD-59022,Coffee,Drinks,1,4,4,1.0
2026-07-03,ORD-75100,French Fries,Sides,2,5,10,3.0
2026-07-03,ORD-47014,Pepperoni Pizza,Pizza,3,18,54,18.0
2026-07-03,ORD-55934,Beef Burger,Burgers,1,14,14,6.0
2026-07-03,ORD-97202,Tiramisu,Desserts,1,8,8,3.0
2026-07-03,ORD-31250,Chicken Wings,Appetizers,1,10,10,4.0
2026-07-03,ORD-69873,Chicken Wings,Appetizers,2,10,20,8.0
2026-07-03,ORD-15749,Tiramisu,Desserts,2,8,16,6.0
2026-07-03,ORD-43766,Coffee,Drinks,3,4,12,3.0
2026-07-03,ORD-89619,Tiramisu,Desserts,3,8,24,9.0
2026-07-03,ORD-52828,Soda,Drinks,1,3,3,0.5
2026-07-03,ORD-47225,Soda,Drinks,2,3,6,1.0
2026-07-03,ORD-84911,Soda,Drinks,1,3,3,0.5
2026-07-03,ORD-35175,Beef Burger,Burgers,3,14,42,18.0
2026-07-03,ORD-49863,Beef Burger,Burgers,3,14,42,18.0
2026-07-03,ORD-15492,Chicken Wings,Appetizers,3,10,30,12.0
2026-07-03,ORD-92091,Soda,Drinks,3,3,9,1.5
2026-07-03,ORD-59883,Chicken Wings,Appetizers,2,10,20,8.0
2026-07-03,ORD-37457,Tiramisu,Desserts,3,8,24,9.0
2026-07-03,ORD-62885,Tiramisu,Desserts,3,8,24,9.0
2026-07-03,ORD-91331,Soda,Drinks,1,3,3,0.5
2026-07-03,ORD-42939,Pepperoni Pizza,Pizza,2,18,36,12.0
2026-07-03,ORD-33589,Coffee,Drinks,1,4,4,1.0
2026-07-03,ORD-41067,Caesar Salad,Salads,3,12,36,12.0
2026-07-03,ORD-92600,Soda,Drinks,2,3,6,1.0
2026-07-03,ORD-10688,French Fries,Sides,1,5,5,1.5
2026-07-03,ORD-36251,Beef Burger,Burgers,1,14,14,6.0
2026-07-03,ORD-93023,Pepperoni Pizza,Pizza,3,18,54,18.0
2026-07-03,ORD-31912,Beef Burger,Burgers,1,14,14,6.0
2026-07-03,ORD-59121,Soda,Drinks,3,3,9,1.5
2026-07-03,ORD-98387,Chicken Wings,Appetizers,1,10,10,4.0
2026-07-03,ORD-56308,Chicken Wings,Appetizers,3,10,30,12.0
2026-07-03,ORD-21431,Soda,Drinks,3,3,9,1.5
2026-07-03,ORD-29997,Coffee,Drinks,2,4,8,2.0
2026-07-03,ORD-54970,Caesar Salad,Salads,1,12,12,4.0
2026-07-03,ORD-19404,French Fries,Sides,2,5,10,3.0
2026-07-03,ORD-71730,Pepperoni Pizza,Pizza,1,18,18,6.0
2026-07-03,ORD-98368,Beef Burger,Burgers,2,14,28,12.0
2026-07-03,ORD-42262,Bruschetta,Appetizers,1,7,7,2.5
2026-07-03,ORD-30542,Pepperoni Pizza,Pizza,2,18,36,12.0
2026-07-03,ORD-39872,Soda,Drinks,1,3,3,0.5
2026-07-03,ORD-27728,Tiramisu,Desserts,1,8,8,3.0
2026-07-03,ORD-45378,Bruschetta,Appetizers,1,7,7,2.5
2026-07-03,ORD-97772,Coffee,Drinks,3,4,12,3.0
2026-07-03,ORD-78845,French Fries,Sides,2,5,10,3.0
2026-07-03,ORD-50929,Soda,Drinks,1,3,3,0.5
2026-07-03,ORD-93977,Caesar Salad,Salads,1,12,12,4.0
2026-07-03,ORD-29491,Coffee,Drinks,3,4,12,3.0
2026-07-03,ORD-75437,Beef Burger,Burgers,1,14,14,6.0
2026-07-03,ORD-67796,Beef Burger,Burgers,2,14,28,12.0
2026-07-03,ORD-52498,French Fries,Sides,2,5,10,3.0
2026-07-03,ORD-98451,French Fries,Sides,3,5,15,4.5
2026-07-03,ORD-70697,Beef Burger,Burgers,3,14,42,18.0
2026-07-03,ORD-78092,Margherita Pizza,Pizza,5,15,75,25.0
2026-07-03,ORD-70029,Pepperoni Pizza,Pizza,2,18,36,12.0
2026-07-03,ORD-40144,French Fries,Sides,1,5,5,1.5
2026-07-03,ORD-23934,Margherita Pizza,Pizza,2,15,30,10.0
2026-07-03,ORD-53537,French Fries,Sides,3,5,15,4.5
2026-07-03,ORD-45174,Coffee,Drinks,2,4,8,2.0
2026-07-03,ORD-35843,Caesar Salad,Salads,3,12,36,12.0
2026-07-03,ORD-95206,Caesar Salad,Salads,1,12,12,4.0
2026-07-03,ORD-73077,Caesar Salad,Salads,2,12,24,8.0
2026-07-03,ORD-33234,Chicken Wings,Appetizers,3,10,30,12.0
2026-07-03,ORD-56726,Pepperoni Pizza,Pizza,1,18,18,6.0
2026-07-03,ORD-56081,Beef Burger,Burgers,3,14,42,18.0
2026-07-03,ORD-16390,Beef Burger,Burgers,1,14,14,6.0
2026-07-03,ORD-11815,Coffee,Drinks,2,4,8,2.0
2026-07-03,ORD-45560,Coffee,Drinks,2,4,8,2.0
2026-07-03,ORD-23115,Beef Burger,Burgers,2,14,28,12.0
2026-07-03,ORD-52195,Beef Burger,Burgers,3,14,42,18.0
2026-07-03,ORD-73579,Chicken Wings,Appetizers,3,10,30,12.0
2026-07-03,ORD-83205,Caesar Salad,Salads,1,12,12,4.0
2026-07-03,ORD-73200,Beef Burger,Burgers,3,14,42,18.0
2026-07-03,ORD-56280,Beef Burger,Burgers,3,14,42,18.0
2026-07-03,ORD-29533,Tiramisu,Desserts,3,8,24,9.0
2026-07-03,ORD-98165,Beef Burger,Burgers,2,14,28,12.0
2026-07-03,ORD-35539,Bruschetta,Appetizers,1,7,7,2.5
2026-07-03,ORD-65405,French Fries,Sides,3,5,15,4.5
2026-07-03,ORD-83169,Tiramisu,Desserts,1,8,8,3.0
2026-07-03,ORD-28195,Pepperoni Pizza,Pizza,3,18,54,18.0
2026-07-03,ORD-80388,Caesar Salad,Salads,1,12,12,4.0
2026-07-03,ORD-31592,Tiramisu,Desserts,2,8,16,6.0
2026-07-03,ORD-65090,Pepperoni Pizza,Pizza,1,18,18,6.0
2026-07-03,ORD-35301,Chicken Wings,Appetizers,3,10,30,12.0
2026-07-03,ORD-33275,French Fries,Sides,2,5,10,3.0
2026-07-03,ORD-17696,Tiramisu,Desserts,2,8,16,6.0
2026-07-03,ORD-60477,French Fries,Sides,1,5,5,1.5
2026-07-03,ORD-86469,Margherita Pizza,Pizza,5,15,75,25.0
2026-07-04,ORD-59546,Coffee,Drinks,2,4,8,2.0
2026-07-04,ORD-35860,Coffee,Drinks,2,4,8,2.0
2026-07-04,ORD-85790,Chicken Wings,Appetizers,1,10,10,4.0
2026-07-04,ORD-55013,Margherita Pizza,Pizza,5,15,75,25.0
2026-07-04,ORD-67997,French Fries,Sides,1,5,5,1.5
2026-07-04,ORD-76288,Soda,Drinks,1,3,3,0.5
2026-07-04,ORD-79097,French Fries,Sides,1,5,5,1.5
2026-07-04,ORD-12338,Margherita Pizza,Pizza,5,15,75,25.0
2026-07-04,ORD-22846,Margherita Pizza,Pizza,2,15,30,10.0
2026-07-04,ORD-20451,Chicken Wings,Appetizers,2,10,20,8.0
2026-07-04,ORD-53404,Pepperoni Pizza,Pizza,3,18,54,18.0
2026-07-04,ORD-56988,Pepperoni Pizza,Pizza,3,18,54,18.0
2026-07-04,ORD-93088,Chicken Wings,Appetizers,2,10,20,8.0
2026-07-04,ORD-53523,Chicken Wings,Appetizers,1,10,10,4.0
2026-07-04,ORD-69838,Caesar Salad,Salads,1,12,12,4.0
2026-07-04,ORD-38472,Soda,Drinks,1,3,3,0.5
2026-07-04,ORD-15948,Coffee,Drinks,1,4,4,1.0
2026-07-04,ORD-51508,Margherita Pizza,Pizza,3,15,45,15.0
2026-07-04,ORD-36887,Bruschetta,Appetizers,1,7,7,2.5
2026-07-04,ORD-92027,Tiramisu,Desserts,2,8,16,6.0
2026-07-04,ORD-66838,Margherita Pizza,Pizza,5,15,75,25.0
2026-07-04,ORD-86996,Pepperoni Pizza,Pizza,3,18,54,18.0
2026-07-04,ORD-86945,Chicken Wings,Appetizers,1,10,10,4.0
2026-07-04,ORD-91607,Beef Burger,Burgers,1,14,14,6.0
2026-07-04,ORD-15046,Pepperoni Pizza,Pizza,2,18,36,12.0
2026-07-04,ORD-11498,Caesar Salad,Salads,2,12,24,8.0
2026-07-04,ORD-67694,Coffee,Drinks,2,4,8,2.0
2026-07-04,ORD-30692,Tiramisu,Desserts,1,8,8,3.0
2026-07-04,ORD-97866,Caesar Salad,Salads,3,12,36,12.0
2026-07-04,ORD-42519,French Fries,Sides,1,5,5,1.5
2026-07-04,ORD-10894,French Fries,Sides,1,5,5,1.5
2026-07-04,ORD-71078,Coffee,Drinks,3,4,12,3.0
2026-07-04,ORD-52325,Beef Burger,Burgers,1,14,14,6.0
2026-07-04,ORD-32741,Chicken Wings,Appetizers,3,10,30,12.0
2026-07-04,ORD-99901,French Fries,Sides,1,5,5,1.5
2026-07-04,ORD-40633,Coffee,Drinks,2,4,8,2.0
2026-07-04,ORD-63495,Beef Burger,Burgers,1,14,14,6.0
2026-07-04,ORD-93955,Beef Burger,Burgers,2,14,28,12.0
2026-07-04,ORD-52007,Soda,Drinks,2,3,6,1.0
2026-07-04,ORD-78982,Coffee,Drinks,2,4,8,2.0
2026-07-04,ORD-22709,Tiramisu,Desserts,2,8,16,6.0
2026-07-04,ORD-94431,Caesar Salad,Salads,3,12,36,12.0
2026-07-04,ORD-43005,Soda,Drinks,2,3,6,1.0
2026-07-04,ORD-37678,Soda,Drinks,1,3,3,0.5
2026-07-04,ORD-67540,Bruschetta,Appetizers,1,7,7,2.5
2026-07-04,ORD-13332,Soda,Drinks,1,3,3,0.5
2026-07-04,ORD-53823,Tiramisu,Desserts,1,8,8,3.0
2026-07-04,ORD-98554,Chicken Wings,Appetizers,3,10,30,12.0
2026-07-04,ORD-92298,Soda,Drinks,2,3,6,1.0
2026-07-04,ORD-93419,Soda,Drinks,3,3,9,1.5
2026-07-04,ORD-21376,Caesar Salad,Salads,2,12,24,8.0
2026-07-04,ORD-39432,Beef Burger,Burgers,3,14,42,18.0
2026-07-04,ORD-51571,French Fries,Sides,3,5,15,4.5
2026-07-04,ORD-48838,Pepperoni Pizza,Pizza,3,18,54,18.0
2026-07-04,ORD-84121,Margherita Pizza,Pizza,3,15,45,15.0
2026-07-04,ORD-17759,Caesar Salad,Salads,1,12,12,4.0
2026-07-04,ORD-34031,Beef Burger,Burgers,2,14,28,12.0
2026-07-04,ORD-90627,Pepperoni Pizza,Pizza,2,18,36,12.0
2026-07-04,ORD-70338,Pepperoni Pizza,Pizza,3,18,54,18.0
2026-07-04,ORD-31330,Soda,Drinks,2,3,6,1.0
2026-07-04,ORD-28139,Coffee,Drinks,3,4,12,3.0
2026-07-04,ORD-14631,Tiramisu,Desserts,2,8,16,6.0
2026-07-04,ORD-60537,Margherita Pizza,Pizza,2,15,30,10.0
2026-07-04,ORD-31781,Caesar Salad,Salads,2,12,24,8.0
2026-07-04,ORD-26085,Coffee,Drinks,1,4,4,1.0
2026-07-04,ORD-43364,Caesar Salad,Salads,3,12,36,12.0
2026-07-04,ORD-55718,French Fries,Sides,3,5,15,4.5
2026-07-04,ORD-33014,Coffee,Drinks,3,4,12,3.0
2026-07-04,ORD-50589,French Fries,Sides,2,5,10,3.0
2026-07-04,ORD-82770,Coffee,Drinks,3,4,12,3.0
2026-07-04,ORD-96423,Beef Burger,Burgers,3,14,42,18.0
2026-07-04,ORD-41460,Caesar Salad,Salads,1,12,12,4.0
2026-07-04,ORD-22297,Bruschetta,Appetizers,1,7,7,2.5
2026-07-04,ORD-38424,Soda,Drinks,2,3,6,1.0
2026-07-04,ORD-33185,Chicken Wings,Appetizers,2,10,20,8.0
2026-07-04,ORD-86704,Margherita Pizza,Pizza,3,15,45,15.0
2026-07-04,ORD-82547,Margherita Pizza,Pizza,4,15,60,20.0
2026-07-04,ORD-99688,Coffee,Drinks,1,4,4,1.0
2026-07-04,ORD-63562,Chicken Wings,Appetizers,2,10,20,8.0
2026-07-04,ORD-75492,Coffee,Drinks,2,4,8,2.0
2026-07-04,ORD-53064,Pepperoni Pizza,Pizza,3,18,54,18.0
2026-07-04,ORD-61922,Bruschetta,Appetizers,1,7,7,2.5
2026-07-04,ORD-93657,Tiramisu,Desserts,3,8,24,9.0
2026-07-04,ORD-88142,Tiramisu,Desserts,1,8,8,3.0
2026-07-04,ORD-40460,Chicken Wings,Appetizers,2,10,20,8.0
2026-07-04,ORD-66229,Coffee,Drinks,3,4,12,3.0
2026-07-04,ORD-27238,Pepperoni Pizza,Pizza,3,18,54,18.0
2026-07-04,ORD-13612,Coffee,Drinks,2,4,8,2.0
2026-07-04,ORD-93997,French Fries,Sides,1,5,5,1.5
2026-07-04,ORD-40839,Bruschetta,Appetizers,1,7,7,2.5
2026-07-04,ORD-37793,Soda,Drinks,1,3,3,0.5
2026-07-04,ORD-14733,Bruschetta,Appetizers,1,7,7,2.5
2026-07-04,ORD-76509,Beef Burger,Burgers,2,14,28,12.0
2026-07-04,ORD-95693,Beef Burger,Burgers,3,14,42,18.0
2026-07-04,ORD-30599,Soda,Drinks,2,3,6,1.0
2026-07-04,ORD-23545,Beef Burger,Burgers,1,14,14,6.0
2026-07-04,ORD-36305,French Fries,Sides,3,5,15,4.5
2026-07-04,ORD-70886,Caesar Salad,Salads,1,12,12,4.0
2026-07-04,ORD-52929,French Fries,Sides,3,5,15,4.5
2026-07-04,ORD-30083,Pepperoni Pizza,Pizza,1,18,18,6.0
2026-07-04,ORD-10414,Margherita Pizza,Pizza,5,15,75,25.0
2026-07-04,ORD-64231,Beef Burger,Burgers,1,14,14,6.0
2026-07-04,ORD-70543,Coffee,Drinks,1,4,4,1.0
2026-07-04,ORD-78447,French Fries,Sides,2,5,10,3.0
2026-07-04,ORD-92938,Coffee,Drinks,3,4,12,3.0
2026-07-04,ORD-44452,Tiramisu,Desserts,3,8,24,9.0
2026-07-04,ORD-74596,Coffee,Drinks,2,4,8,2.0
2026-07-04,ORD-44257,Tiramisu,Desserts,3,8,24,9.0
2026-07-04,ORD-80994,Bruschetta,Appetizers,1,7,7,2.5
2026-07-04,ORD-69607,Margherita Pizza,Pizza,2,15,30,10.0
2026-07-04,ORD-39277,French Fries,Sides,2,5,10,3.0
2026-07-04,ORD-75086,Margherita Pizza,Pizza,2,15,30,10.0
2026-07-05,ORD-19527,Coffee,Drinks,1,4,4,1.0
2026-07-05,ORD-36505,Pepperoni Pizza,Pizza,2,18,36,12.0
2026-07-05,ORD-67483,Margherita Pizza,Pizza,2,15,30,10.0
2026-07-05,ORD-32911,Beef Burger,Burgers,3,14,42,18.0
2026-07-05,ORD-13226,Chicken Wings,Appetizers,1,10,10,4.0
2026-07-05,ORD-92843,Margherita Pizza,Pizza,4,15,60,20.0
2026-07-05,ORD-39081,Beef Burger,Burgers,3,14,42,18.0
2026-07-05,ORD-46315,French Fries,Sides,2,5,10,3.0
2026-07-05,ORD-68633,Coffee,Drinks,1,4,4,1.0
2026-07-05,ORD-54575,Pepperoni Pizza,Pizza,1,18,18,6.0
2026-07-05,ORD-40649,Chicken Wings,Appetizers,2,10,20,8.0
2026-07-05,ORD-96176,Pepperoni Pizza,Pizza,1,18,18,6.0
2026-07-05,ORD-24957,Caesar Salad,Salads,3,12,36,12.0
2026-07-05,ORD-78426,Coffee,Drinks,3,4,12,3.0
2026-07-05,ORD-66657,Tiramisu,Desserts,1,8,8,3.0
2026-07-05,ORD-31062,Caesar Salad,Salads,2,12,24,8.0
2026-07-05,ORD-21504,Chicken Wings,Appetizers,1,10,10,4.0
2026-07-05,ORD-75763,French Fries,Sides,1,5,5,1.5
2026-07-05,ORD-54811,Pepperoni Pizza,Pizza,3,18,54,18.0
2026-07-05,ORD-55994,Margherita Pizza,Pizza,4,15,60,20.0
2026-07-05,ORD-82871,French Fries,Sides,2,5,10,3.0
2026-07-05,ORD-74045,Chicken Wings,Appetizers,2,10,20,8.0
2026-07-05,ORD-53549,Soda,Drinks,1,3,3,0.5
2026-07-05,ORD-34305,Margherita Pizza,Pizza,4,15,60,20.0
2026-07-05,ORD-56007,Coffee,Drinks,2,4,8,2.0
2026-07-05,ORD-35605,Pepperoni Pizza,Pizza,1,18,18,6.0
2026-07-05,ORD-17857,Tiramisu,Desserts,3,8,24,9.0
2026-07-05,ORD-69867,Beef Burger,Burgers,2,14,28,12.0
2026-07-05,ORD-57221,Chicken Wings,Appetizers,2,10,20,8.0
2026-07-05,ORD-29115,Pepperoni Pizza,Pizza,2,18,36,12.0
2026-07-05,ORD-79855,Tiramisu,Desserts,1,8,8,3.0
2026-07-05,ORD-53455,Tiramisu,Desserts,2,8,16,6.0
2026-07-05,ORD-81608,Bruschetta,Appetizers,1,7,7,2.5
2026-07-05,ORD-57627,Bruschetta,Appetizers,1,7,7,2.5
2026-07-05,ORD-31829,Chicken Wings,Appetizers,1,10,10,4.0
2026-07-05,ORD-90586,Beef Burger,Burgers,3,14,42,18.0
2026-07-05,ORD-63426,Chicken Wings,Appetizers,1,10,10,4.0
2026-07-05,ORD-67022,Tiramisu,Desserts,1,8,8,3.0
2026-07-05,ORD-79196,Margherita Pizza,Pizza,4,15,60,20.0
2026-07-05,ORD-61802,Beef Burger,Burgers,3,14,42,18.0
2026-07-05,ORD-75010,Caesar Salad,Salads,2,12,24,8.0
2026-07-05,ORD-31839,Margherita Pizza,Pizza,5,15,75,25.0
2026-07-05,ORD-65182,Tiramisu,Desserts,2,8,16,6.0
2026-07-05,ORD-50876,Soda,Drinks,1,3,3,0.5
2026-07-05,ORD-47235,Pepperoni Pizza,Pizza,3,18,54,18.0
2026-07-05,ORD-53669,Caesar Salad,Salads,2,12,24,8.0
2026-07-05,ORD-74728,Caesar Salad,Salads,1,12,12,4.0
2026-07-05,ORD-25283,Coffee,Drinks,1,4,4,1.0
2026-07-05,ORD-32202,Beef Burger,Burgers,3,14,42,18.0
2026-07-05,ORD-49353,Tiramisu,Desserts,3,8,24,9.0
2026-07-05,ORD-84495,Bruschetta,Appetizers,1,7,7,2.5
2026-07-05,ORD-75333,Coffee,Drinks,3,4,12,3.0
2026-07-05,ORD-63545,Chicken Wings,Appetizers,2,10,20,8.0
2026-07-05,ORD-61349,Pepperoni Pizza,Pizza,1,18,18,6.0
2026-07-05,ORD-21760,Tiramisu,Desserts,3,8,24,9.0
2026-07-05,ORD-82884,French Fries,Sides,2,5,10,3.0
2026-07-05,ORD-40536,Tiramisu,Desserts,1,8,8,3.0
2026-07-05,ORD-16532,Margherita Pizza,Pizza,4,15,60,20.0
2026-07-05,ORD-93784,Soda,Drinks,3,3,9,1.5
2026-07-05,ORD-56370,Caesar Salad,Salads,1,12,12,4.0
2026-07-05,ORD-90278,Tiramisu,Desserts,3,8,24,9.0
2026-07-05,ORD-36476,Pepperoni Pizza,Pizza,3,18,54,18.0
2026-07-05,ORD-15818,Soda,Drinks,3,3,9,1.5
2026-07-05,ORD-81471,Beef Burger,Burgers,3,14,42,18.0
2026-07-05,ORD-59539,Pepperoni Pizza,Pizza,3,18,54,18.0
2026-07-05,ORD-65542,Pepperoni Pizza,Pizza,2,18,36,12.0
2026-07-05,ORD-50560,Coffee,Drinks,3,4,12,3.0
2026-07-05,ORD-17592,Caesar Salad,Salads,1,12,12,4.0
2026-07-05,ORD-57315,Margherita Pizza,Pizza,4,15,60,20.0
2026-07-05,ORD-14278,Coffee,Drinks,2,4,8,2.0
2026-07-05,ORD-32134,Chicken Wings,Appetizers,2,10,20,8.0
2026-07-05,ORD-48073,Margherita Pizza,Pizza,3,15,45,15.0
2026-07-05,ORD-74287,Soda,Drinks,1,3,3,0.5
2026-07-05,ORD-24305,Chicken Wings,Appetizers,2,10,20,8.0
2026-07-05,ORD-42702,Beef Burger,Burgers,1,14,14,6.0
2026-07-05,ORD-26395,Coffee,Drinks,2,4,8,2.0
2026-07-05,ORD-34495,French Fries,Sides,3,5,15,4.5
2026-07-05,ORD-47428,Margherita Pizza,Pizza,4,15,60,20.0
2026-07-05,ORD-69134,Beef Burger,Burgers,3,14,42,18.0
2026-07-05,ORD-84977,Coffee,Drinks,2,4,8,2.0
2026-07-05,ORD-88637,Pepperoni Pizza,Pizza,2,18,36,12.0
2026-07-05,ORD-41744,Chicken Wings,Appetizers,2,10,20,8.0
2026-07-05,ORD-86446,Chicken Wings,Appetizers,3,10,30,12.0
2026-07-05,ORD-80039,Beef Burger,Burgers,1,14,14,6.0
2026-07-05,ORD-15581,Tiramisu,Desserts,3,8,24,9.0
2026-07-05,ORD-43265,Margherita Pizza,Pizza,3,15,45,15.0
2026-07-05,ORD-45217,Pepperoni Pizza,Pizza,1,18,18,6.0
2026-07-05,ORD-66315,Bruschetta,Appetizers,1,7,7,2.5
2026-07-05,ORD-66566,Caesar Salad,Salads,3,12,36,12.0
2026-07-05,ORD-24735,Tiramisu,Desserts,3,8,24,9.0
2026-07-05,ORD-84488,Pepperoni Pizza,Pizza,1,18,18,6.0
2026-07-05,ORD-52173,Pepperoni Pizza,Pizza,3,18,54,18.0
2026-07-05,ORD-71132,Soda,Drinks,2,3,6,1.0
2026-07-05,ORD-20858,French Fries,Sides,3,5,15,4.5
2026-07-05,ORD-13856,Chicken Wings,Appetizers,3,10,30,12.0
2026-07-05,ORD-38992,Soda,Drinks,1,3,3,0.5
2026-07-05,ORD-66211,Caesar Salad,Salads,2,12,24,8.0
2026-07-05,ORD-83723,Coffee,Drinks,3,4,12,3.0
2026-07-05,ORD-45365,Pepperoni Pizza,Pizza,3,18,54,18.0
2026-07-05,ORD-59080,Pepperoni Pizza,Pizza,3,18,54,18.0
2026-07-05,ORD-78292,Caesar Salad,Salads,2,12,24,8.0
2026-07-05,ORD-24854,Tiramisu,Desserts,1,8,8,3.0
2026-07-05,ORD-26572,Caesar Salad,Salads,2,12,24,8.0
2026-07-05,ORD-65618,French Fries,Sides,2,5,10,3.0
2026-07-05,ORD-51243,Coffee,Drinks,3,4,12,3.0
2026-07-05,ORD-76805,Soda,Drinks,1,3,3,0.5
2026-07-05,ORD-47535,Bruschetta,Appetizers,1,7,7,2.5
2026-07-05,ORD-41582,Pepperoni Pizza,Pizza,1,18,18,6.0
2026-07-05,ORD-16180,French Fries,Sides,3,5,15,4.5
2026-07-05,ORD-98206,Soda,Drinks,2,3,6,1.0
2026-07-05,ORD-72659,Tiramisu,Desserts,3,8,24,9.0
2026-07-05,ORD-42143,French Fries,Sides,2,5,10,3.0
2026-07-05,ORD-76664,Tiramisu,Desserts,3,8,24,9.0
2026-07-05,ORD-87544,Caesar Salad,Salads,1,12,12,4.0
2026-07-06,ORD-44228,Caesar Salad,Salads,1,12,12,4.0
2026-07-06,ORD-60605,Soda,Drinks,2,3,6,1.0
2026-07-06,ORD-45669,Tiramisu,Desserts,3,8,24,9.0
2026-07-06,ORD-72305,Caesar Salad,Salads,3,12,36,12.0
2026-07-06,ORD-16258,Soda,Drinks,1,3,3,0.5
2026-07-06,ORD-15092,Soda,Drinks,2,3,6,1.0
2026-07-06,ORD-94165,French Fries,Sides,2,5,10,3.0
2026-07-06,ORD-30304,Tiramisu,Desserts,3,8,24,9.0
2026-07-06,ORD-86387,Beef Burger,Burgers,1,14,14,6.0
2026-07-06,ORD-10689,Beef Burger,Burgers,1,14,14,6.0
2026-07-06,ORD-72165,Caesar Salad,Salads,3,12,36,12.0
2026-07-06,ORD-39104,Pepperoni Pizza,Pizza,2,18,36,12.0
2026-07-06,ORD-22323,Soda,Drinks,1,3,3,0.5
2026-07-06,ORD-49619,Soda,Drinks,2,3,6,1.0
2026-07-06,ORD-33449,Margherita Pizza,Pizza,5,15,75,25.0
2026-07-06,ORD-83019,Beef Burger,Burgers,1,14,14,6.0
2026-07-06,ORD-56276,Caesar Salad,Salads,1,12,12,4.0
2026-07-06,ORD-21217,Coffee,Drinks,3,4,12,3.0
2026-07-06,ORD-11408,French Fries,Sides,1,5,5,1.5
2026-07-06,ORD-67584,Soda,Drinks,3,3,9,1.5
2026-07-06,ORD-37596,Chicken Wings,Appetizers,1,10,10,4.0
2026-07-06,ORD-89983,Chicken Wings,Appetizers,3,10,30,12.0
2026-07-06,ORD-31640,Tiramisu,Desserts,3,8,24,9.0
2026-07-06,ORD-26588,Beef Burger,Burgers,2,14,28,12.0
2026-07-06,ORD-67027,Soda,Drinks,2,3,6,1.0
2026-07-06,ORD-55475,Soda,Drinks,1,3,3,0.5
2026-07-06,ORD-55076,Soda,Drinks,1,3,3,0.5
2026-07-06,ORD-75131,Beef Burger,Burgers,2,14,28,12.0
2026-07-06,ORD-86348,Tiramisu,Desserts,2,8,16,6.0
2026-07-06,ORD-59342,Coffee,Drinks,1,4,4,1.0
2026-07-06,ORD-51168,Pepperoni Pizza,Pizza,2,18,36,12.0
2026-07-06,ORD-54498,Tiramisu,Desserts,2,8,16,6.0
2026-07-06,ORD-92870,Pepperoni Pizza,Pizza,3,18,54,18.0
2026-07-06,ORD-67989,Chicken Wings,Appetizers,1,10,10,4.0
2026-07-06,ORD-19777,Chicken Wings,Appetizers,3,10,30,12.0
2026-07-06,ORD-21683,Bruschetta,Appetizers,1,7,7,2.5
2026-07-06,ORD-96961,French Fries,Sides,3,5,15,4.5
2026-07-06,ORD-85644,Coffee,Drinks,3,4,12,3.0
2026-07-06,ORD-99482,Margherita Pizza,Pizza,3,15,45,15.0
2026-07-06,ORD-57943,Bruschetta,Appetizers,1,7,7,2.5
2026-07-06,ORD-31447,Tiramisu,Desserts,3,8,24,9.0
2026-07-06,ORD-18282,Coffee,Drinks,1,4,4,1.0
2026-07-06,ORD-21123,Chicken Wings,Appetizers,1,10,10,4.0
2026-07-06,ORD-38297,French Fries,Sides,1,5,5,1.5
2026-07-06,ORD-23170,Pepperoni Pizza,Pizza,1,18,18,6.0
2026-07-06,ORD-53616,Chicken Wings,Appetizers,1,10,10,4.0
2026-07-06,ORD-45411,Coffee,Drinks,3,4,12,3.0
2026-07-06,ORD-26389,Coffee,Drinks,2,4,8,2.0
2026-07-06,ORD-49718,Bruschetta,Appetizers,1,7,7,2.5
2026-07-07,ORD-94182,Margherita Pizza,Pizza,4,15,60,20.0
2026-07-07,ORD-90683,French Fries,Sides,1,5,5,1.5
2026-07-07,ORD-38552,Pepperoni Pizza,Pizza,1,18,18,6.0
2026-07-07,ORD-12471,Coffee,Drinks,1,4,4,1.0
2026-07-07,ORD-40299,Beef Burger,Burgers,1,14,14,6.0
2026-07-07,ORD-39434,Margherita Pizza,Pizza,3,15,45,15.0
2026-07-07,ORD-20109,Soda,Drinks,3,3,9,1.5
2026-07-07,ORD-87705,Soda,Drinks,1,3,3,0.5
2026-07-07,ORD-92764,Tiramisu,Desserts,2,8,16,6.0
2026-07-07,ORD-84069,Caesar Salad,Salads,2,12,24,8.0
2026-07-07,ORD-37804,Beef Burger,Burgers,1,14,14,6.0
2026-07-07,ORD-20443,Tiramisu,Desserts,2,8,16,6.0
2026-07-07,ORD-62441,Caesar Salad,Salads,2,12,24,8.0
2026-07-07,ORD-76494,Chicken Wings,Appetizers,1,10,10,4.0
2026-07-07,ORD-76552,Bruschetta,Appetizers,1,7,7,2.5
2026-07-07,ORD-22322,Margherita Pizza,Pizza,3,15,45,15.0
2026-07-07,ORD-95869,Chicken Wings,Appetizers,3,10,30,12.0
2026-07-07,ORD-28212,Tiramisu,Desserts,3,8,24,9.0
2026-07-07,ORD-87771,Coffee,Drinks,2,4,8,2.0
2026-07-07,ORD-75504,Coffee,Drinks,2,4,8,2.0
2026-07-07,ORD-59454,Beef Burger,Burgers,3,14,42,18.0
2026-07-07,ORD-75143,Beef Burger,Burgers,3,14,42,18.0
2026-07-07,ORD-55324,Bruschetta,Appetizers,1,7,7,2.5
2026-07-07,ORD-64914,Caesar Salad,Salads,1,12,12,4.0
2026-07-07,ORD-31689,Pepperoni Pizza,Pizza,3,18,54,18.0
2026-07-07,ORD-59097,French Fries,Sides,2,5,10,3.0
2026-07-07,ORD-47845,Margherita Pizza,Pizza,2,15,30,10.0
2026-07-07,ORD-23730,Margherita Pizza,Pizza,3,15,45,15.0
2026-07-07,ORD-23391,French Fries,Sides,1,5,5,1.5
2026-07-07,ORD-54179,Soda,Drinks,2,3,6,1.0
2026-07-07,ORD-44687,Coffee,Drinks,2,4,8,2.0
2026-07-07,ORD-24563,Coffee,Drinks,1,4,4,1.0
2026-07-07,ORD-77834,Bruschetta,Appetizers,1,7,7,2.5
2026-07-07,ORD-37858,Pepperoni Pizza,Pizza,3,18,54,18.0
2026-07-07,ORD-59854,Caesar Salad,Salads,2,12,24,8.0
2026-07-07,ORD-35040,Chicken Wings,Appetizers,2,10,20,8.0
2026-07-07,ORD-37444,Tiramisu,Desserts,1,8,8,3.0
2026-07-07,ORD-56834,Coffee,Drinks,2,4,8,2.0
2026-07-07,ORD-86122,Chicken Wings,Appetizers,3,10,30,12.0
2026-07-07,ORD-46319,Pepperoni Pizza,Pizza,1,18,18,6.0
2026-07-07,ORD-77816,Tiramisu,Desserts,2,8,16,6.0
2026-07-07,ORD-89820,Beef Burger,Burgers,1,14,14,6.0
2026-07-07,ORD-41908,Caesar Salad,Salads,1,12,12,4.0
2026-07-07,ORD-68623,Coffee,Drinks,3,4,12,3.0
2026-07-07,ORD-49452,Margherita Pizza,Pizza,3,15,45,15.0
2026-07-07,ORD-91328,Chicken Wings,Appetizers,1,10,10,4.0
2026-07-07,ORD-66885,Chicken Wings,Appetizers,3,10,30,12.0
2026-07-07,ORD-24687,Margherita Pizza,Pizza,2,15,30,10.0
2026-07-07,ORD-82654,Chicken Wings,Appetizers,2,10,20,8.0
2026-07-08,ORD-13957,Tiramisu,Desserts,3,8,24,9.0
2026-07-08,ORD-15186,Caesar Salad,Salads,3,12,36,12.0
2026-07-08,ORD-61861,Pepperoni Pizza,Pizza,2,18,36,12.0
2026-07-08,ORD-35474,Bruschetta,Appetizers,1,7,7,2.5
2026-07-08,ORD-91627,Margherita Pizza,Pizza,5,15,75,25.0
2026-07-08,ORD-28856,Pepperoni Pizza,Pizza,3,18,54,18.0
2026-07-08,ORD-49621,Coffee,Drinks,1,4,4,1.0
2026-07-08,ORD-36597,Pepperoni Pizza,Pizza,1,18,18,6.0
2026-07-08,ORD-97837,Pepperoni Pizza,Pizza,3,18,54,18.0
2026-07-08,ORD-20538,Pepperoni Pizza,Pizza,3,18,54,18.0
2026-07-08,ORD-84909,Tiramisu,Desserts,3,8,24,9.0
2026-07-08,ORD-64789,Tiramisu,Desserts,1,8,8,3.0
2026-07-08,ORD-41523,Pepperoni Pizza,Pizza,1,18,18,6.0
2026-07-08,ORD-71744,Coffee,Drinks,2,4,8,2.0
2026-07-08,ORD-87188,Margherita Pizza,Pizza,4,15,60,20.0
2026-07-08,ORD-53317,Pepperoni Pizza,Pizza,2,18,36,12.0
2026-07-08,ORD-45069,Bruschetta,Appetizers,1,7,7,2.5
2026-07-08,ORD-64901,Tiramisu,Desserts,2,8,16,6.0
2026-07-08,ORD-99799,Tiramisu,Desserts,1,8,8,3.0
2026-07-08,ORD-95707,Coffee,Drinks,2,4,8,2.0
2026-07-08,ORD-17643,Coffee,Drinks,2,4,8,2.0
2026-07-08,ORD-71900,Soda,Drinks,1,3,3,0.5
2026-07-08,ORD-50862,Margherita Pizza,Pizza,2,15,30,10.0
2026-07-08,ORD-79114,Margherita Pizza,Pizza,5,15,75,25.0
2026-07-08,ORD-68366,Margherita Pizza,Pizza,5,15,75,25.0
2026-07-08,ORD-79054,Pepperoni Pizza,Pizza,1,18,18,6.0
2026-07-08,ORD-20066,French Fries,Sides,3,5,15,4.5
2026-07-08,ORD-56498,Pepperoni Pizza,Pizza,3,18,54,18.0
2026-07-08,ORD-66816,Tiramisu,Desserts,2,8,16,6.0
2026-07-08,ORD-47037,Bruschetta,Appetizers,1,7,7,2.5
2026-07-08,ORD-23237,Pepperoni Pizza,Pizza,3,18,54,18.0
2026-07-08,ORD-34803,Chicken Wings,Appetizers,1,10,10,4.0
2026-07-08,ORD-39211,Soda,Drinks,1,3,3,0.5
2026-07-08,ORD-23088,Margherita Pizza,Pizza,5,15,75,25.0
2026-07-08,ORD-25794,Chicken Wings,Appetizers,2,10,20,8.0
2026-07-08,ORD-20444,Tiramisu,Desserts,1,8,8,3.0
2026-07-08,ORD-92486,Beef Burger,Burgers,2,14,28,12.0
2026-07-08,ORD-97005,Soda,Drinks,2,3,6,1.0
2026-07-08,ORD-65804,French Fries,Sides,2,5,10,3.0
2026-07-08,ORD-76498,Caesar Salad,Salads,3,12,36,12.0
2026-07-08,ORD-50119,Soda,Drinks,1,3,3,0.5
2026-07-09,ORD-88479,Chicken Wings,Appetizers,1,10,10,4.0
2026-07-09,ORD-49228,Pepperoni Pizza,Pizza,3,18,54,18.0
2026-07-09,ORD-19402,Bruschetta,Appetizers,1,7,7,2.5
2026-07-09,ORD-78238,Pepperoni Pizza,Pizza,1,18,18,6.0
2026-07-09,ORD-83143,Beef Burger,Burgers,1,14,14,6.0
2026-07-09,ORD-91974,French Fries,Sides,3,5,15,4.5
2026-07-09,ORD-24327,Beef Burger,Burgers,3,14,42,18.0
2026-07-09,ORD-57464,French Fries,Sides,3,5,15,4.5
2026-07-09,ORD-11066,Coffee,Drinks,1,4,4,1.0
2026-07-09,ORD-92284,Pepperoni Pizza,Pizza,1,18,18,6.0
2026-07-09,ORD-18547,Coffee,Drinks,2,4,8,2.0
2026-07-09,ORD-14747,Pepperoni Pizza,Pizza,2,18,36,12.0
2026-07-09,ORD-20399,Soda,Drinks,3,3,9,1.5
2026-07-09,ORD-98808,Chicken Wings,Appetizers,2,10,20,8.0
2026-07-09,ORD-96412,Chicken Wings,Appetizers,1,10,10,4.0
2026-07-09,ORD-91697,Tiramisu,Desserts,2,8,16,6.0
2026-07-09,ORD-83365,Soda,Drinks,3,3,9,1.5
2026-07-09,ORD-34612,French Fries,Sides,3,5,15,4.5
2026-07-09,ORD-78522,Soda,Drinks,3,3,9,1.5
2026-07-09,ORD-41365,Bruschetta,Appetizers,1,7,7,2.5
2026-07-09,ORD-30897,Caesar Salad,Salads,2,12,24,8.0
2026-07-09,ORD-90343,Pepperoni Pizza,Pizza,2,18,36,12.0
2026-07-09,ORD-61582,French Fries,Sides,3,5,15,4.5
2026-07-09,ORD-19385,Soda,Drinks,2,3,6,1.0
2026-07-09,ORD-56947,Soda,Drinks,2,3,6,1.0
2026-07-09,ORD-24443,Tiramisu,Desserts,3,8,24,9.0
2026-07-09,ORD-29862,Pepperoni Pizza,Pizza,1,18,18,6.0
2026-07-09,ORD-10875,Caesar Salad,Salads,2,12,24,8.0
2026-07-09,ORD-99018,Pepperoni Pizza,Pizza,3,18,54,18.0
2026-07-09,ORD-72901,Pepperoni Pizza,Pizza,2,18,36,12.0
2026-07-09,ORD-52889,Margherita Pizza,Pizza,4,15,60,20.0
2026-07-09,ORD-33249,Soda,Drinks,1,3,3,0.5
2026-07-09,ORD-40434,Bruschetta,Appetizers,1,7,7,2.5
2026-07-09,ORD-34548,Caesar Salad,Salads,1,12,12,4.0
2026-07-09,ORD-63132,Soda,Drinks,1,3,3,0.5
2026-07-09,ORD-69583,Soda,Drinks,1,3,3,0.5
2026-07-09,ORD-53885,Tiramisu,Desserts,3,8,24,9.0
2026-07-09,ORD-85467,Beef Burger,Burgers,2,14,28,12.0
2026-07-09,ORD-56983,Beef Burger,Burgers,1,14,14,6.0
2026-07-09,ORD-28633,Soda,Drinks,1,3,3,0.5
2026-07-09,ORD-70076,Beef Burger,Burgers,2,14,28,12.0
2026-07-09,ORD-75336,Bruschetta,Appetizers,1,7,7,2.5
2026-07-09,ORD-29945,Tiramisu,Desserts,3,8,24,9.0
2026-07-09,ORD-93427,Beef Burger,Burgers,1,14,14,6.0
2026-07-09,ORD-70446,Beef Burger,Burgers,1,14,14,6.0
2026-07-09,ORD-50954,Chicken Wings,Appetizers,3,10,30,12.0
2026-07-09,ORD-87682,Pepperoni Pizza,Pizza,1,18,18,6.0
2026-07-09,ORD-47465,Soda,Drinks,2,3,6,1.0
2026-07-10,ORD-87120,Coffee,Drinks,1,4,4,1.0
2026-07-10,ORD-79696,Tiramisu,Desserts,2,8,16,6.0
2026-07-10,ORD-90450,Caesar Salad,Salads,3,12,36,12.0
2026-07-10,ORD-87695,Beef Burger,Burgers,2,14,28,12.0
2026-07-10,ORD-61237,Soda,Drinks,1,3,3,0.5
2026-07-10,ORD-55745,Chicken Wings,Appetizers,2,10,20,8.0
2026-07-10,ORD-13568,French Fries,Sides,2,5,10,3.0
2026-07-10,ORD-50915,Chicken Wings,Appetizers,2,10,20,8.0
2026-07-10,ORD-44893,Coffee,Drinks,1,4,4,1.0
2026-07-10,ORD-59117,Caesar Salad,Salads,1,12,12,4.0
2026-07-10,ORD-86128,Soda,Drinks,2,3,6,1.0
2026-07-10,ORD-54422,French Fries,Sides,3,5,15,4.5
2026-07-10,ORD-81243,Caesar Salad,Salads,3,12,36,12.0
2026-07-10,ORD-18454,Pepperoni Pizza,Pizza,1,18,18,6.0
2026-07-10,ORD-45861,Pepperoni Pizza,Pizza,3,18,54,18.0
2026-07-10,ORD-28159,Chicken Wings,Appetizers,1,10,10,4.0
2026-07-10,ORD-33926,Caesar Salad,Salads,3,12,36,12.0
2026-07-10,ORD-40031,Margherita Pizza,Pizza,4,15,60,20.0
2026-07-10,ORD-47872,Coffee,Drinks,1,4,4,1.0
2026-07-10,ORD-90225,Soda,Drinks,2,3,6,1.0
2026-07-10,ORD-49049,Tiramisu,Desserts,2,8,16,6.0
2026-07-10,ORD-20035,Coffee,Drinks,1,4,4,1.0
2026-07-10,ORD-27850,Beef Burger,Burgers,2,14,28,12.0
2026-07-10,ORD-65119,Chicken Wings,Appetizers,2,10,20,8.0
2026-07-10,ORD-83298,Caesar Salad,Salads,2,12,24,8.0
2026-07-10,ORD-75029,Margherita Pizza,Pizza,5,15,75,25.0
2026-07-10,ORD-87428,Bruschetta,Appetizers,1,7,7,2.5
2026-07-10,ORD-27475,Chicken Wings,Appetizers,2,10,20,8.0
2026-07-10,ORD-19255,Beef Burger,Burgers,1,14,14,6.0
2026-07-10,ORD-27888,Beef Burger,Burgers,3,14,42,18.0
2026-07-10,ORD-88080,Chicken Wings,Appetizers,1,10,10,4.0
2026-07-10,ORD-25470,Chicken Wings,Appetizers,1,10,10,4.0
2026-07-10,ORD-54735,French Fries,Sides,1,5,5,1.5
2026-07-10,ORD-10069,Pepperoni Pizza,Pizza,3,18,54,18.0
2026-07-10,ORD-62781,Coffee,Drinks,2,4,8,2.0
2026-07-10,ORD-83882,Beef Burger,Burgers,1,14,14,6.0
2026-07-10,ORD-59526,Pepperoni Pizza,Pizza,2,18,36,12.0
2026-07-10,ORD-32566,Soda,Drinks,1,3,3,0.5
2026-07-10,ORD-71165,Tiramisu,Desserts,2,8,16,6.0
2026-07-10,ORD-91697,Soda,Drinks,3,3,9,1.5
2026-07-10,ORD-20406,Caesar Salad,Salads,1,12,12,4.0
2026-07-10,ORD-65544,Margherita Pizza,Pizza,2,15,30,10.0
2026-07-10,ORD-15559,Soda,Drinks,2,3,6,1.0
2026-07-10,ORD-78380,French Fries,Sides,3,5,15,4.5
2026-07-10,ORD-44862,French Fries,Sides,2,5,10,3.0
2026-07-10,ORD-38633,Bruschetta,Appetizers,1,7,7,2.5
2026-07-10,ORD-27703,Margherita Pizza,Pizza,4,15,60,20.0
2026-07-10,ORD-92823,Tiramisu,Desserts,3,8,24,9.0
2026-07-10,ORD-79334,Margherita Pizza,Pizza,4,15,60,20.0
2026-07-10,ORD-58937,Coffee,Drinks,3,4,12,3.0
2026-07-10,ORD-76824,Soda,Drinks,1,3,3,0.5
2026-07-10,ORD-62249,Tiramisu,Desserts,2,8,16,6.0
2026-07-10,ORD-64665,Pepperoni Pizza,Pizza,3,18,54,18.0
2026-07-10,ORD-76985,Pepperoni Pizza,Pizza,3,18,54,18.0
2026-07-10,ORD-92363,Soda,Drinks,2,3,6,1.0
2026-07-10,ORD-80942,Chicken Wings,Appetizers,1,10,10,4.0
2026-07-10,ORD-90943,Caesar Salad,Salads,3,12,36,12.0
2026-07-10,ORD-52030,Tiramisu,Desserts,1,8,8,3.0
2026-07-10,ORD-57976,Coffee,Drinks,1,4,4,1.0
2026-07-10,ORD-19134,Caesar Salad,Salads,1,12,12,4.0
2026-07-10,ORD-71798,French Fries,Sides,3,5,15,4.5
2026-07-10,ORD-61091,Beef Burger,Burgers,2,14,28,12.0
2026-07-10,ORD-81586,Chicken Wings,Appetizers,2,10,20,8.0
2026-07-10,ORD-72054,Pepperoni Pizza,Pizza,2,18,36,12.0
2026-07-10,ORD-80343,Margherita Pizza,Pizza,4,15,60,20.0
2026-07-10,ORD-62777,Margherita Pizza,Pizza,3,15,45,15.0
2026-07-10,ORD-51002,Caesar Salad,Salads,2,12,24,8.0
2026-07-10,ORD-50937,Tiramisu,Desserts,3,8,24,9.0
2026-07-10,ORD-43431,Bruschetta,Appetizers,1,7,7,2.5
2026-07-10,ORD-60423,Tiramisu,Desserts,2,8,16,6.0
2026-07-10,ORD-21147,Bruschetta,Appetizers,1,7,7,2.5
2026-07-10,ORD-85843,Coffee,Drinks,1,4,4,1.0
2026-07-10,ORD-47422,Tiramisu,Desserts,3,8,24,9.0
2026-07-10,ORD-52313,Chicken Wings,Appetizers,3,10,30,12.0
2026-07-10,ORD-35095,Beef Burger,Burgers,1,14,14,6.0
2026-07-10,ORD-70629,Chicken Wings,Appetizers,3,10,30,12.0
2026-07-10,ORD-52034,Beef Burger,Burgers,1,14,14,6.0
2026-07-10,ORD-60423,Margherita Pizza,Pizza,4,15,60,20.0
2026-07-10,ORD-46263,Soda,Drinks,3,3,9,1.5
2026-07-10,ORD-81759,Margherita Pizza,Pizza,4,15,60,20.0
2026-07-10,ORD-56557,Beef Burger,Burgers,3,14,42,18.0
2026-07-10,ORD-68973,Caesar Salad,Salads,2,12,24,8.0
2026-07-10,ORD-14931,Margherita Pizza,Pizza,5,15,75,25.0
2026-07-10,ORD-93859,Tiramisu,Desserts,2,8,16,6.0
2026-07-10,ORD-23714,Coffee,Drinks,2,4,8,2.0
2026-07-10,ORD-20372,Chicken Wings,Appetizers,1,10,10,4.0
2026-07-10,ORD-51823,Margherita Pizza,Pizza,3,15,45,15.0
2026-07-10,ORD-20296,Chicken Wings,Appetizers,3,10,30,12.0
2026-07-10,ORD-36926,Tiramisu,Desserts,3,8,24,9.0
2026-07-10,ORD-49762,Coffee,Drinks,2,4,8,2.0
2026-07-10,ORD-62602,Beef Burger,Burgers,3,14,42,18.0
2026-07-10,ORD-35418,Pepperoni Pizza,Pizza,3,18,54,18.0
2026-07-10,ORD-91174,Tiramisu,Desserts,1,8,8,3.0
2026-07-10,ORD-96164,Tiramisu,Desserts,1,8,8,3.0
2026-07-10,ORD-99915,French Fries,Sides,1,5,5,1.5
2026-07-10,ORD-50704,Coffee,Drinks,2,4,8,2.0
2026-07-10,ORD-52169,Chicken Wings,Appetizers,3,10,30,12.0
2026-07-10,ORD-77266,Tiramisu,Desserts,1,8,8,3.0
2026-07-10,ORD-96552,Beef Burger,Burgers,2,14,28,12.0
2026-07-10,ORD-54345,Bruschetta,Appetizers,1,7,7,2.5
2026-07-10,ORD-17176,Caesar Salad,Salads,2,12,24,8.0
2026-07-10,ORD-56625,Margherita Pizza,Pizza,4,15,60,20.0
2026-07-10,ORD-50530,Coffee,Drinks,1,4,4,1.0
2026-07-10,ORD-79261,Soda,Drinks,1,3,3,0.5
2026-07-10,ORD-72678,Beef Burger,Burgers,1,14,14,6.0
2026-07-10,ORD-92094,Coffee,Drinks,2,4,8,2.0
2026-07-10,ORD-45371,Margherita Pizza,Pizza,4,15,60,20.0
2026-07-10,ORD-62072,Soda,Drinks,3,3,9,1.5
2026-07-10,ORD-95658,Tiramisu,Desserts,1,8,8,3.0
2026-07-10,ORD-12658,Margherita Pizza,Pizza,3,15,45,15.0
2026-07-10,ORD-36264,Beef Burger,Burgers,3,14,42,18.0
2026-07-10,ORD-42308,Coffee,Drinks,2,4,8,2.0
2026-07-10,ORD-41208,Beef Burger,Burgers,1,14,14,6.0
2026-07-10,ORD-66291,French Fries,Sides,2,5,10,3.0
2026-07-10,ORD-72054,Beef Burger,Burgers,3,14,42,18.0
2026-07-10,ORD-12634,Chicken Wings,Appetizers,1,10,10,4.0
2026-07-10,ORD-94976,Caesar Salad,Salads,1,12,12,4.0
2026-07-10,ORD-49245,French Fries,Sides,1,5,5,1.5
2026-07-10,ORD-38867,Beef Burger,Burgers,2,14,28,12.0
2026-07-10,ORD-20310,Caesar Salad,Salads,3,12,36,12.0
2026-07-10,ORD-96037,Soda,Drinks,3,3,9,1.5
2026-07-10,ORD-95581,French Fries,Sides,3,5,15,4.5
2026-07-10,ORD-88957,French Fries,Sides,1,5,5,1.5
2026-07-10,ORD-55759,Coffee,Drinks,1,4,4,1.0
2026-07-10,ORD-36404,Chicken Wings,Appetizers,1,10,10,4.0
2026-07-10,ORD-41409,Caesar Salad,Salads,3,12,36,12.0
2026-07-10,ORD-67877,Chicken Wings,Appetizers,2,10,20,8.0
2026-07-10,ORD-51400,Soda,Drinks,3,3,9,1.5
2026-07-10,ORD-51287,French Fries,Sides,1,5,5,1.5
2026-07-10,ORD-49750,Caesar Salad,Salads,2,12,24,8.0
2026-07-10,ORD-56011,Soda,Drinks,1,3,3,0.5
2026-07-10,ORD-47504,Beef Burger,Burgers,1,14,14,6.0
2026-07-10,ORD-38675,Chicken Wings,Appetizers,1,10,10,4.0
2026-07-11,ORD-86279,Soda,Drinks,1,3,3,0.5
2026-07-11,ORD-51826,Coffee,Drinks,2,4,8,2.0
2026-07-11,ORD-76402,Chicken Wings,Appetizers,1,10,10,4.0
2026-07-11,ORD-69964,Caesar Salad,Salads,2,12,24,8.0
2026-07-11,ORD-68098,Tiramisu,Desserts,2,8,16,6.0
2026-07-11,ORD-16165,Beef Burger,Burgers,2,14,28,12.0
2026-07-11,ORD-91390,Caesar Salad,Salads,3,12,36,12.0
2026-07-11,ORD-77745,French Fries,Sides,2,5,10,3.0
2026-07-11,ORD-60550,Coffee,Drinks,1,4,4,1.0
2026-07-11,ORD-59194,Pepperoni Pizza,Pizza,3,18,54,18.0
2026-07-11,ORD-48166,Caesar Salad,Salads,1,12,12,4.0
2026-07-11,ORD-66970,Margherita Pizza,Pizza,5,15,75,25.0
2026-07-11,ORD-97792,Coffee,Drinks,1,4,4,1.0
2026-07-11,ORD-99181,Beef Burger,Burgers,1,14,14,6.0
2026-07-11,ORD-11553,Pepperoni Pizza,Pizza,3,18,54,18.0
2026-07-11,ORD-28214,Caesar Salad,Salads,2,12,24,8.0
2026-07-11,ORD-64187,Coffee,Drinks,1,4,4,1.0
2026-07-11,ORD-55255,Caesar Salad,Salads,2,12,24,8.0
2026-07-11,ORD-76509,Soda,Drinks,3,3,9,1.5
2026-07-11,ORD-47665,Caesar Salad,Salads,2,12,24,8.0
2026-07-11,ORD-21681,Pepperoni Pizza,Pizza,2,18,36,12.0
2026-07-11,ORD-70075,Pepperoni Pizza,Pizza,1,18,18,6.0
2026-07-11,ORD-19150,French Fries,Sides,1,5,5,1.5
2026-07-11,ORD-14019,Beef Burger,Burgers,1,14,14,6.0
2026-07-11,ORD-70734,Caesar Salad,Salads,1,12,12,4.0
2026-07-11,ORD-11355,Margherita Pizza,Pizza,5,15,75,25.0
2026-07-11,ORD-30885,Pepperoni Pizza,Pizza,2,18,36,12.0
2026-07-11,ORD-55158,Chicken Wings,Appetizers,2,10,20,8.0
2026-07-11,ORD-98662,Soda,Drinks,1,3,3,0.5
2026-07-11,ORD-45291,Coffee,Drinks,3,4,12,3.0
2026-07-11,ORD-99957,Tiramisu,Desserts,2,8,16,6.0
2026-07-11,ORD-70104,Bruschetta,Appetizers,1,7,7,2.5
2026-07-11,ORD-75595,Beef Burger,Burgers,3,14,42,18.0
2026-07-11,ORD-95833,Chicken Wings,Appetizers,2,10,20,8.0
2026-07-11,ORD-88669,Coffee,Drinks,3,4,12,3.0
2026-07-11,ORD-81608,Margherita Pizza,Pizza,2,15,30,10.0
2026-07-11,ORD-20293,French Fries,Sides,3,5,15,4.5
2026-07-11,ORD-69651,Beef Burger,Burgers,1,14,14,6.0
2026-07-11,ORD-29170,Coffee,Drinks,2,4,8,2.0
2026-07-11,ORD-87023,Beef Burger,Burgers,3,14,42,18.0
2026-07-11,ORD-76952,Pepperoni Pizza,Pizza,2,18,36,12.0
2026-07-11,ORD-83781,Caesar Salad,Salads,2,12,24,8.0
2026-07-11,ORD-39161,Coffee,Drinks,1,4,4,1.0
2026-07-11,ORD-56590,Chicken Wings,Appetizers,2,10,20,8.0
2026-07-11,ORD-47027,Margherita Pizza,Pizza,2,15,30,10.0
2026-07-11,ORD-12529,Margherita Pizza,Pizza,3,15,45,15.0
2026-07-11,ORD-72336,Caesar Salad,Salads,1,12,12,4.0
2026-07-11,ORD-25024,Soda,Drinks,2,3,6,1.0
2026-07-11,ORD-10441,Soda,Drinks,2,3,6,1.0
2026-07-11,ORD-91284,Chicken Wings,Appetizers,2,10,20,8.0
2026-07-11,ORD-48491,Beef Burger,Burgers,1,14,14,6.0
2026-07-11,ORD-10034,Beef Burger,Burgers,2,14,28,12.0
2026-07-11,ORD-21425,Soda,Drinks,1,3,3,0.5
2026-07-11,ORD-78849,Caesar Salad,Salads,2,12,24,8.0
2026-07-11,ORD-51434,Soda,Drinks,3,3,9,1.5
2026-07-11,ORD-67668,Caesar Salad,Salads,2,12,24,8.0
2026-07-11,ORD-61970,Chicken Wings,Appetizers,1,10,10,4.0
2026-07-11,ORD-87510,Soda,Drinks,2,3,6,1.0
2026-07-11,ORD-63696,Margherita Pizza,Pizza,2,15,30,10.0
2026-07-11,ORD-38490,Pepperoni Pizza,Pizza,1,18,18,6.0
2026-07-11,ORD-63460,Beef Burger,Burgers,2,14,28,12.0
2026-07-11,ORD-96121,Tiramisu,Desserts,2,8,16,6.0
2026-07-11,ORD-43207,Soda,Drinks,3,3,9,1.5
2026-07-11,ORD-81299,French Fries,Sides,3,5,15,4.5
2026-07-11,ORD-22898,Margherita Pizza,Pizza,5,15,75,25.0
2026-07-11,ORD-40852,Coffee,Drinks,2,4,8,2.0
2026-07-11,ORD-47619,Caesar Salad,Salads,2,12,24,8.0
2026-07-11,ORD-79563,Tiramisu,Desserts,3,8,24,9.0
2026-07-11,ORD-94449,Beef Burger,Burgers,1,14,14,6.0
2026-07-11,ORD-99230,Margherita Pizza,Pizza,4,15,60,20.0
2026-07-11,ORD-25024,Caesar Salad,Salads,2,12,24,8.0
2026-07-11,ORD-45278,French Fries,Sides,1,5,5,1.5
2026-07-11,ORD-82879,Coffee,Drinks,1,4,4,1.0
2026-07-11,ORD-98295,French Fries,Sides,3,5,15,4.5
2026-07-11,ORD-13607,Tiramisu,Desserts,3,8,24,9.0
2026-07-11,ORD-28301,Pepperoni Pizza,Pizza,3,18,54,18.0
2026-07-11,ORD-45305,Coffee,Drinks,1,4,4,1.0
2026-07-11,ORD-11202,Pepperoni Pizza,Pizza,1,18,18,6.0
2026-07-11,ORD-58163,French Fries,Sides,2,5,10,3.0
2026-07-11,ORD-73227,Tiramisu,Desserts,1,8,8,3.0
2026-07-11,ORD-50360,Caesar Salad,Salads,3,12,36,12.0
2026-07-11,ORD-26198,Coffee,Drinks,1,4,4,1.0
2026-07-11,ORD-33369,Chicken Wings,Appetizers,3,10,30,12.0
2026-07-11,ORD-86703,Chicken Wings,Appetizers,2,10,20,8.0
2026-07-11,ORD-11668,Tiramisu,Desserts,1,8,8,3.0
2026-07-11,ORD-68946,Margherita Pizza,Pizza,3,15,45,15.0
2026-07-11,ORD-80934,Soda,Drinks,2,3,6,1.0
2026-07-11,ORD-60918,Pepperoni Pizza,Pizza,2,18,36,12.0
2026-07-11,ORD-28211,French Fries,Sides,2,5,10,3.0
2026-07-11,ORD-73271,Caesar Salad,Salads,3,12,36,12.0
2026-07-11,ORD-23011,French Fries,Sides,3,5,15,4.5
2026-07-11,ORD-46935,Caesar Salad,Salads,2,12,24,8.0
2026-07-11,ORD-34311,Beef Burger,Burgers,1,14,14,6.0
2026-07-11,ORD-56178,Beef Burger,Burgers,1,14,14,6.0
2026-07-11,ORD-98426,Chicken Wings,Appetizers,2,10,20,8.0
2026-07-11,ORD-47798,Tiramisu,Desserts,2,8,16,6.0
2026-07-11,ORD-99820,Tiramisu,Desserts,3,8,24,9.0
2026-07-11,ORD-96835,Caesar Salad,Salads,2,12,24,8.0
2026-07-11,ORD-50932,Tiramisu,Desserts,3,8,24,9.0
2026-07-11,ORD-77915,Margherita Pizza,Pizza,4,15,60,20.0
2026-07-11,ORD-20388,Coffee,Drinks,3,4,12,3.0
2026-07-11,ORD-59798,Caesar Salad,Salads,2,12,24,8.0
2026-07-11,ORD-92991,Caesar Salad,Salads,2,12,24,8.0
2026-07-11,ORD-20407,Caesar Salad,Salads,2,12,24,8.0
2026-07-11,ORD-63163,Pepperoni Pizza,Pizza,1,18,18,6.0
2026-07-11,ORD-31508,Chicken Wings,Appetizers,3,10,30,12.0
2026-07-11,ORD-75473,Chicken Wings,Appetizers,1,10,10,4.0
2026-07-11,ORD-79530,Tiramisu,Desserts,1,8,8,3.0
2026-07-11,ORD-23019,Margherita Pizza,Pizza,4,15,60,20.0
2026-07-11,ORD-34173,Pepperoni Pizza,Pizza,3,18,54,18.0
2026-07-11,ORD-88581,Margherita Pizza,Pizza,3,15,45,15.0
2026-07-11,ORD-28053,Chicken Wings,Appetizers,1,10,10,4.0
2026-07-11,ORD-92403,Caesar Salad,Salads,3,12,36,12.0
2026-07-11,ORD-51444,French Fries,Sides,1,5,5,1.5
2026-07-11,ORD-67842,Soda,Drinks,2,3,6,1.0
2026-07-11,ORD-26231,Tiramisu,Desserts,1,8,8,3.0
2026-07-11,ORD-60992,Beef Burger,Burgers,1,14,14,6.0
2026-07-11,ORD-76622,Chicken Wings,Appetizers,2,10,20,8.0
2026-07-11,ORD-36682,Tiramisu,Desserts,3,8,24,9.0
2026-07-11,ORD-72502,Tiramisu,Desserts,2,8,16,6.0
2026-07-11,ORD-52481,Beef Burger,Burgers,2,14,28,12.0
2026-07-11,ORD-99947,Margherita Pizza,Pizza,3,15,45,15.0
2026-07-11,ORD-50182,Soda,Drinks,1,3,3,0.5
2026-07-11,ORD-77709,Chicken Wings,Appetizers,2,10,20,8.0
2026-07-11,ORD-69830,Margherita Pizza,Pizza,4,15,60,20.0
2026-07-11,ORD-70344,Chicken Wings,Appetizers,1,10,10,4.0
2026-07-11,ORD-44541,Pepperoni Pizza,Pizza,2,18,36,12.0
2026-07-11,ORD-75557,Margherita Pizza,Pizza,2,15,30,10.0
2026-07-11,ORD-87648,Caesar Salad,Salads,3,12,36,12.0
2026-07-11,ORD-58404,Caesar Salad,Salads,1,12,12,4.0
2026-07-11,ORD-97127,Chicken Wings,Appetizers,3,10,30,12.0
2026-07-11,ORD-74196,French Fries,Sides,2,5,10,3.0
2026-07-11,ORD-46922,Soda,Drinks,3,3,9,1.5
2026-07-12,ORD-28306,Coffee,Drinks,2,4,8,2.0
2026-07-12,ORD-56354,Margherita Pizza,Pizza,4,15,60,20.0
2026-07-12,ORD-32822,Margherita Pizza,Pizza,3,15,45,15.0
2026-07-12,ORD-79781,Margherita Pizza,Pizza,2,15,30,10.0
2026-07-12,ORD-79865,Soda,Drinks,1,3,3,0.5
2026-07-12,ORD-68476,Soda,Drinks,3,3,9,1.5
2026-07-12,ORD-54348,Beef Burger,Burgers,1,14,14,6.0
2026-07-12,ORD-90548,Chicken Wings,Appetizers,3,10,30,12.0
2026-07-12,ORD-88150,French Fries,Sides,3,5,15,4.5
2026-07-12,ORD-29380,Beef Burger,Burgers,3,14,42,18.0
2026-07-12,ORD-46471,Tiramisu,Desserts,3,8,24,9.0
2026-07-12,ORD-84323,Margherita Pizza,Pizza,3,15,45,15.0
2026-07-12,ORD-94583,Chicken Wings,Appetizers,3,10,30,12.0
2026-07-12,ORD-91984,Margherita Pizza,Pizza,2,15,30,10.0
2026-07-12,ORD-63323,Pepperoni Pizza,Pizza,2,18,36,12.0
2026-07-12,ORD-97652,French Fries,Sides,1,5,5,1.5
2026-07-12,ORD-20670,Chicken Wings,Appetizers,2,10,20,8.0
2026-07-12,ORD-11713,Soda,Drinks,3,3,9,1.5
2026-07-12,ORD-15843,Beef Burger,Burgers,1,14,14,6.0
2026-07-12,ORD-94969,Pepperoni Pizza,Pizza,2,18,36,12.0
2026-07-12,ORD-22171,Caesar Salad,Salads,3,12,36,12.0
2026-07-12,ORD-38419,Caesar Salad,Salads,2,12,24,8.0
2026-07-12,ORD-34714,Margherita Pizza,Pizza,5,15,75,25.0
2026-07-12,ORD-54363,Chicken Wings,Appetizers,3,10,30,12.0
2026-07-12,ORD-41939,Caesar Salad,Salads,2,12,24,8.0
2026-07-12,ORD-28595,Soda,Drinks,2,3,6,1.0
2026-07-12,ORD-75756,Chicken Wings,Appetizers,3,10,30,12.0
2026-07-12,ORD-10406,Margherita Pizza,Pizza,4,15,60,20.0
2026-07-12,ORD-99723,Beef Burger,Burgers,2,14,28,12.0
2026-07-12,ORD-60322,Bruschetta,Appetizers,1,7,7,2.5
2026-07-12,ORD-60415,Margherita Pizza,Pizza,4,15,60,20.0
2026-07-12,ORD-94404,Beef Burger,Burgers,2,14,28,12.0
2026-07-12,ORD-65510,Beef Burger,Burgers,1,14,14,6.0
2026-07-12,ORD-43456,Margherita Pizza,Pizza,2,15,30,10.0
2026-07-12,ORD-16972,Pepperoni Pizza,Pizza,3,18,54,18.0
2026-07-12,ORD-47094,Soda,Drinks,2,3,6,1.0
2026-07-12,ORD-11005,Bruschetta,Appetizers,1,7,7,2.5
2026-07-12,ORD-86596,Tiramisu,Desserts,2,8,16,6.0
2026-07-12,ORD-26949,Pepperoni Pizza,Pizza,1,18,18,6.0
2026-07-12,ORD-62319,Pepperoni Pizza,Pizza,2,18,36,12.0
2026-07-12,ORD-80523,French Fries,Sides,1,5,5,1.5
2026-07-12,ORD-54328,Margherita Pizza,Pizza,5,15,75,25.0
2026-07-12,ORD-43730,Bruschetta,Appetizers,1,7,7,2.5
2026-07-12,ORD-92867,Margherita Pizza,Pizza,3,15,45,15.0
2026-07-12,ORD-53655,French Fries,Sides,2,5,10,3.0
2026-07-12,ORD-69619,Beef Burger,Burgers,2,14,28,12.0
2026-07-12,ORD-92574,Margherita Pizza,Pizza,3,15,45,15.0
2026-07-12,ORD-45451,Margherita Pizza,Pizza,4,15,60,20.0
2026-07-12,ORD-52805,Chicken Wings,Appetizers,3,10,30,12.0
2026-07-12,ORD-98474,Chicken Wings,Appetizers,2,10,20,8.0
2026-07-12,ORD-59471,Soda,Drinks,2,3,6,1.0
2026-07-12,ORD-13996,French Fries,Sides,3,5,15,4.5
2026-07-12,ORD-83932,French Fries,Sides,1,5,5,1.5
2026-07-12,ORD-77001,Tiramisu,Desserts,1,8,8,3.0
2026-07-12,ORD-70109,French Fries,Sides,2,5,10,3.0
2026-07-12,ORD-76753,Chicken Wings,Appetizers,1,10,10,4.0
2026-07-12,ORD-96139,Tiramisu,Desserts,1,8,8,3.0
2026-07-12,ORD-93336,Coffee,Drinks,3,4,12,3.0
2026-07-12,ORD-43825,Beef Burger,Burgers,2,14,28,12.0
2026-07-12,ORD-35975,Caesar Salad,Salads,2,12,24,8.0
2026-07-12,ORD-90335,Pepperoni Pizza,Pizza,1,18,18,6.0
2026-07-12,ORD-20090,Tiramisu,Desserts,2,8,16,6.0
2026-07-12,ORD-84427,Soda,Drinks,3,3,9,1.5
2026-07-12,ORD-73133,Tiramisu,Desserts,1,8,8,3.0
2026-07-12,ORD-59689,Chicken Wings,Appetizers,1,10,10,4.0
2026-07-12,ORD-33368,Coffee,Drinks,2,4,8,2.0
2026-07-12,ORD-62486,Caesar Salad,Salads,2,12,24,8.0
2026-07-12,ORD-72009,Caesar Salad,Salads,2,12,24,8.0
2026-07-12,ORD-60075,French Fries,Sides,3,5,15,4.5
2026-07-12,ORD-49334,Chicken Wings,Appetizers,1,10,10,4.0
2026-07-12,ORD-58187,Beef Burger,Burgers,1,14,14,6.0
2026-07-12,ORD-98692,Chicken Wings,Appetizers,1,10,10,4.0
2026-07-12,ORD-76627,Caesar Salad,Salads,1,12,12,4.0
2026-07-12,ORD-46702,French Fries,Sides,3,5,15,4.5
2026-07-12,ORD-65190,Soda,Drinks,2,3,6,1.0
2026-07-12,ORD-97994,Coffee,Drinks,3,4,12,3.0
2026-07-12,ORD-39636,French Fries,Sides,1,5,5,1.5
2026-07-12,ORD-39831,Tiramisu,Desserts,2,8,16,6.0
2026-07-12,ORD-89617,Chicken Wings,Appetizers,1,10,10,4.0
2026-07-12,ORD-46736,Soda,Drinks,1,3,3,0.5
2026-07-12,ORD-22721,Coffee,Drinks,3,4,12,3.0
2026-07-12,ORD-68363,Coffee,Drinks,2,4,8,2.0
2026-07-12,ORD-50923,Beef Burger,Burgers,3,14,42,18.0
2026-07-12,ORD-29747,Beef Burger,Burgers,2,14,28,12.0
2026-07-12,ORD-10157,Bruschetta,Appetizers,1,7,7,2.5
2026-07-12,ORD-79202,Chicken Wings,Appetizers,2,10,20,8.0
2026-07-12,ORD-81243,Margherita Pizza,Pizza,5,15,75,25.0
2026-07-12,ORD-16365,Soda,Drinks,3,3,9,1.5
2026-07-12,ORD-63620,Pepperoni Pizza,Pizza,3,18,54,18.0
2026-07-12,ORD-79658,Beef Burger,Burgers,2,14,28,12.0
2026-07-12,ORD-50195,Beef Burger,Burgers,2,14,28,12.0
2026-07-12,ORD-72016,Bruschetta,Appetizers,1,7,7,2.5
2026-07-12,ORD-84389,Chicken Wings,Appetizers,2,10,20,8.0
2026-07-12,ORD-62037,Soda,Drinks,2,3,6,1.0
2026-07-12,ORD-33446,Coffee,Drinks,2,4,8,2.0
2026-07-12,ORD-49805,French Fries,Sides,2,5,10,3.0
2026-07-12,ORD-18480,Bruschetta,Appetizers,1,7,7,2.5
2026-07-12,ORD-55692,Soda,Drinks,1,3,3,0.5
2026-07-12,ORD-54547,French Fries,Sides,3,5,15,4.5
2026-07-12,ORD-67560,Tiramisu,Desserts,1,8,8,3.0
2026-07-12,ORD-76660,Caesar Salad,Salads,1,12,12,4.0
2026-07-12,ORD-17277,Pepperoni Pizza,Pizza,3,18,54,18.0
2026-07-12,ORD-51937,Pepperoni Pizza,Pizza,2,18,36,12.0
2026-07-12,ORD-14629,Soda,Drinks,3,3,9,1.5
2026-07-12,ORD-27645,Bruschetta,Appetizers,1,7,7,2.5
2026-07-12,ORD-98818,French Fries,Sides,1,5,5,1.5
2026-07-12,ORD-20069,French Fries,Sides,1,5,5,1.5
2026-07-12,ORD-51131,Margherita Pizza,Pizza,2,15,30,10.0
2026-07-12,ORD-51134,Pepperoni Pizza,Pizza,3,18,54,18.0
2026-07-12,ORD-27761,Margherita Pizza,Pizza,5,15,75,25.0
2026-07-12,ORD-13806,Coffee,Drinks,1,4,4,1.0
2026-07-12,ORD-95657,Margherita Pizza,Pizza,5,15,75,25.0
2026-07-12,ORD-13246,Chicken Wings,Appetizers,2,10,20,8.0
2026-07-12,ORD-53106,Soda,Drinks,2,3,6,1.0
2026-07-12,ORD-55751,Chicken Wings,Appetizers,1,10,10,4.0
2026-07-12,ORD-99005,French Fries,Sides,2,5,10,3.0
2026-07-12,ORD-36546,Soda,Drinks,2,3,6,1.0
2026-07-12,ORD-49331,Tiramisu,Desserts,2,8,16,6.0
2026-07-12,ORD-18777,Soda,Drinks,3,3,9,1.5
2026-07-12,ORD-18113,Chicken Wings,Appetizers,3,10,30,12.0
2026-07-12,ORD-33465,Pepperoni Pizza,Pizza,3,18,54,18.0
2026-07-13,ORD-32664,Margherita Pizza,Pizza,3,15,45,15.0
2026-07-13,ORD-63247,Tiramisu,Desserts,1,8,8,3.0
2026-07-13,ORD-28224,Coffee,Drinks,2,4,8,2.0
2026-07-13,ORD-12936,Soda,Drinks,1,3,3,0.5
2026-07-13,ORD-91923,Caesar Salad,Salads,1,12,12,4.0
2026-07-13,ORD-95137,Bruschetta,Appetizers,1,7,7,2.5
2026-07-13,ORD-16866,Margherita Pizza,Pizza,4,15,60,20.0
2026-07-13,ORD-33672,Caesar Salad,Salads,1,12,12,4.0
2026-07-13,ORD-86986,Chicken Wings,Appetizers,1,10,10,4.0
2026-07-13,ORD-65913,French Fries,Sides,3,5,15,4.5
2026-07-13,ORD-39315,Soda,Drinks,2,3,6,1.0
2026-07-13,ORD-54616,Caesar Salad,Salads,2,12,24,8.0
2026-07-13,ORD-83190,Chicken Wings,Appetizers,1,10,10,4.0
2026-07-13,ORD-16326,Tiramisu,Desserts,2,8,16,6.0
2026-07-13,ORD-89474,Beef Burger,Burgers,1,14,14,6.0
2026-07-13,ORD-74767,French Fries,Sides,1,5,5,1.5
2026-07-13,ORD-39259,Tiramisu,Desserts,3,8,24,9.0
2026-07-13,ORD-63860,Soda,Drinks,3,3,9,1.5
2026-07-13,ORD-17892,Coffee,Drinks,1,4,4,1.0
2026-07-13,ORD-57104,Coffee,Drinks,1,4,4,1.0
2026-07-13,ORD-68447,Tiramisu,Desserts,3,8,24,9.0
2026-07-13,ORD-99993,Soda,Drinks,3,3,9,1.5
2026-07-13,ORD-16385,Beef Burger,Burgers,3,14,42,18.0
2026-07-13,ORD-50841,Bruschetta,Appetizers,1,7,7,2.5
2026-07-13,ORD-35481,Caesar Salad,Salads,2,12,24,8.0
2026-07-13,ORD-13858,French Fries,Sides,3,5,15,4.5
2026-07-13,ORD-50372,Margherita Pizza,Pizza,3,15,45,15.0
2026-07-13,ORD-15697,Caesar Salad,Salads,2,12,24,8.0
2026-07-13,ORD-70688,Tiramisu,Desserts,2,8,16,6.0
2026-07-13,ORD-33704,French Fries,Sides,1,5,5,1.5
2026-07-13,ORD-10149,Caesar Salad,Salads,1,12,12,4.0
2026-07-13,ORD-35799,Margherita Pizza,Pizza,3,15,45,15.0
2026-07-13,ORD-70387,Margherita Pizza,Pizza,2,15,30,10.0
2026-07-13,ORD-57127,Tiramisu,Desserts,2,8,16,6.0
2026-07-13,ORD-55818,Beef Burger,Burgers,3,14,42,18.0
2026-07-13,ORD-40144,Beef Burger,Burgers,2,14,28,12.0
2026-07-13,ORD-29807,Soda,Drinks,3,3,9,1.5
2026-07-13,ORD-53361,Tiramisu,Desserts,3,8,24,9.0
2026-07-13,ORD-63061,Caesar Salad,Salads,1,12,12,4.0
2026-07-13,ORD-23223,French Fries,Sides,3,5,15,4.5
2026-07-13,ORD-94572,Caesar Salad,Salads,1,12,12,4.0
2026-07-13,ORD-13888,Chicken Wings,Appetizers,1,10,10,4.0
2026-07-14,ORD-72036,Bruschetta,Appetizers,1,7,7,2.5
2026-07-14,ORD-64911,Beef Burger,Burgers,1,14,14,6.0
2026-07-14,ORD-95891,French Fries,Sides,3,5,15,4.5
2026-07-14,ORD-28676,Pepperoni Pizza,Pizza,1,18,18,6.0
2026-07-14,ORD-74937,Beef Burger,Burgers,3,14,42,18.0
2026-07-14,ORD-87330,Soda,Drinks,1,3,3,0.5
2026-07-14,ORD-74763,Margherita Pizza,Pizza,2,15,30,10.0
2026-07-14,ORD-77425,Coffee,Drinks,2,4,8,2.0
2026-07-14,ORD-96479,Soda,Drinks,3,3,9,1.5
2026-07-14,ORD-35766,Soda,Drinks,3,3,9,1.5
2026-07-14,ORD-99287,Caesar Salad,Salads,1,12,12,4.0
2026-07-14,ORD-20982,Tiramisu,Desserts,3,8,24,9.0
2026-07-14,ORD-25576,Caesar Salad,Salads,1,12,12,4.0
2026-07-14,ORD-81907,Margherita Pizza,Pizza,2,15,30,10.0
2026-07-14,ORD-49099,Tiramisu,Desserts,2,8,16,6.0
2026-07-14,ORD-71081,Caesar Salad,Salads,2,12,24,8.0
2026-07-14,ORD-66378,Bruschetta,Appetizers,1,7,7,2.5
2026-07-14,ORD-20282,Bruschetta,Appetizers,1,7,7,2.5
2026-07-14,ORD-43790,Soda,Drinks,3,3,9,1.5
2026-07-14,ORD-85140,Caesar Salad,Salads,1,12,12,4.0
2026-07-14,ORD-89061,Pepperoni Pizza,Pizza,2,18,36,12.0
2026-07-14,ORD-28711,Tiramisu,Desserts,1,8,8,3.0
2026-07-14,ORD-14844,Chicken Wings,Appetizers,1,10,10,4.0
2026-07-14,ORD-77574,Caesar Salad,Salads,2,12,24,8.0
2026-07-14,ORD-63268,Pepperoni Pizza,Pizza,1,18,18,6.0
2026-07-14,ORD-47083,Beef Burger,Burgers,3,14,42,18.0
2026-07-14,ORD-21402,Chicken Wings,Appetizers,3,10,30,12.0
2026-07-14,ORD-27790,Margherita Pizza,Pizza,2,15,30,10.0
2026-07-14,ORD-34208,Pepperoni Pizza,Pizza,1,18,18,6.0
2026-07-14,ORD-81608,French Fries,Sides,2,5,10,3.0
2026-07-14,ORD-74759,Coffee,Drinks,3,4,12,3.0
2026-07-15,ORD-34315,French Fries,Sides,1,5,5,1.5
2026-07-15,ORD-33069,Soda,Drinks,1,3,3,0.5
2026-07-15,ORD-85863,Tiramisu,Desserts,3,8,24,9.0
2026-07-15,ORD-46742,Beef Burger,Burgers,3,14,42,18.0
2026-07-15,ORD-23285,Pepperoni Pizza,Pizza,1,18,18,6.0
2026-07-15,ORD-25087,Beef Burger,Burgers,3,14,42,18.0
2026-07-15,ORD-79090,French Fries,Sides,2,5,10,3.0
2026-07-15,ORD-57872,Pepperoni Pizza,Pizza,1,18,18,6.0
2026-07-15,ORD-69828,Margherita Pizza,Pizza,5,15,75,25.0
2026-07-15,ORD-25568,Caesar Salad,Salads,2,12,24,8.0
2026-07-15,ORD-17362,Chicken Wings,Appetizers,3,10,30,12.0
2026-07-15,ORD-63283,Margherita Pizza,Pizza,2,15,30,10.0
2026-07-15,ORD-12172,Tiramisu,Desserts,3,8,24,9.0
2026-07-15,ORD-22781,Caesar Salad,Salads,3,12,36,12.0
2026-07-15,ORD-15240,Coffee,Drinks,1,4,4,1.0
2026-07-15,ORD-68994,Caesar Salad,Salads,2,12,24,8.0
2026-07-15,ORD-17088,Pepperoni Pizza,Pizza,2,18,36,12.0
2026-07-15,ORD-68567,Coffee,Drinks,3,4,12,3.0
2026-07-15,ORD-62391,Bruschetta,Appetizers,1,7,7,2.5
2026-07-15,ORD-48650,Chicken Wings,Appetizers,2,10,20,8.0
2026-07-15,ORD-51046,Beef Burger,Burgers,3,14,42,18.0
2026-07-15,ORD-80435,Tiramisu,Desserts,1,8,8,3.0
2026-07-15,ORD-23337,French Fries,Sides,2,5,10,3.0
2026-07-15,ORD-34261,Coffee,Drinks,3,4,12,3.0
2026-07-15,ORD-12615,Tiramisu,Desserts,2,8,16,6.0
2026-07-15,ORD-61462,Margherita Pizza,Pizza,2,15,30,10.0
2026-07-15,ORD-69321,Beef Burger,Burgers,2,14,28,12.0
2026-07-15,ORD-41232,Bruschetta,Appetizers,1,7,7,2.5
2026-07-15,ORD-72689,Margherita Pizza,Pizza,4,15,60,20.0
2026-07-15,ORD-66503,Tiramisu,Desserts,2,8,16,6.0
2026-07-15,ORD-81556,Margherita Pizza,Pizza,5,15,75,25.0
2026-07-16,ORD-54055,Pepperoni Pizza,Pizza,3,18,54,18.0
2026-07-16,ORD-60435,Coffee,Drinks,1,4,4,1.0
2026-07-16,ORD-78982,Caesar Salad,Salads,1,12,12,4.0
2026-07-16,ORD-45115,Beef Burger,Burgers,2,14,28,12.0
2026-07-16,ORD-82004,Beef Burger,Burgers,2,14,28,12.0
2026-07-16,ORD-98371,Chicken Wings,Appetizers,3,10,30,12.0
2026-07-16,ORD-32874,French Fries,Sides,1,5,5,1.5
2026-07-16,ORD-77688,Soda,Drinks,3,3,9,1.5
2026-07-16,ORD-27873,Coffee,Drinks,1,4,4,1.0
2026-07-16,ORD-43353,French Fries,Sides,3,5,15,4.5
2026-07-16,ORD-13477,Beef Burger,Burgers,2,14,28,12.0
2026-07-16,ORD-22767,Beef Burger,Burgers,2,14,28,12.0
2026-07-16,ORD-50689,French Fries,Sides,1,5,5,1.5
2026-07-16,ORD-27167,Coffee,Drinks,3,4,12,3.0
2026-07-16,ORD-93524,Soda,Drinks,3,3,9,1.5
2026-07-16,ORD-17139,Margherita Pizza,Pizza,2,15,30,10.0
2026-07-16,ORD-62268,Margherita Pizza,Pizza,2,15,30,10.0
2026-07-16,ORD-54911,Soda,Drinks,3,3,9,1.5
2026-07-16,ORD-72164,Pepperoni Pizza,Pizza,3,18,54,18.0
2026-07-16,ORD-57717,Coffee,Drinks,2,4,8,2.0
2026-07-16,ORD-87423,Soda,Drinks,2,3,6,1.0
2026-07-16,ORD-74931,Beef Burger,Burgers,1,14,14,6.0
2026-07-16,ORD-36915,Margherita Pizza,Pizza,2,15,30,10.0
2026-07-16,ORD-40770,Caesar Salad,Salads,2,12,24,8.0
2026-07-16,ORD-83520,Pepperoni Pizza,Pizza,1,18,18,6.0
2026-07-16,ORD-28297,Margherita Pizza,Pizza,2,15,30,10.0
2026-07-16,ORD-89338,Caesar Salad,Salads,3,12,36,12.0
2026-07-16,ORD-89219,Margherita Pizza,Pizza,3,15,45,15.0
2026-07-16,ORD-36382,French Fries,Sides,1,5,5,1.5
2026-07-16,ORD-11372,Chicken Wings,Appetizers,3,10,30,12.0
2026-07-16,ORD-53987,Coffee,Drinks,3,4,12,3.0
2026-07-16,ORD-89194,Pepperoni Pizza,Pizza,1,18,18,6.0
2026-07-16,ORD-52217,French Fries,Sides,2,5,10,3.0
2026-07-16,ORD-44946,Pepperoni Pizza,Pizza,1,18,18,6.0
2026-07-16,ORD-78585,Chicken Wings,Appetizers,2,10,20,8.0
2026-07-16,ORD-99258,Coffee,Drinks,1,4,4,1.0
2026-07-16,ORD-94440,Coffee,Drinks,3,4,12,3.0
2026-07-16,ORD-61314,French Fries,Sides,2,5,10,3.0
2026-07-17,ORD-16510,Caesar Salad,Salads,2,12,24,8.0
2026-07-17,ORD-92206,Margherita Pizza,Pizza,3,15,45,15.0
2026-07-17,ORD-83690,Tiramisu,Desserts,3,8,24,9.0
2026-07-17,ORD-78767,Coffee,Drinks,1,4,4,1.0
2026-07-17,ORD-31119,Coffee,Drinks,2,4,8,2.0
2026-07-17,ORD-89838,Chicken Wings,Appetizers,2,10,20,8.0
2026-07-17,ORD-68735,French Fries,Sides,1,5,5,1.5
2026-07-17,ORD-22771,Tiramisu,Desserts,2,8,16,6.0
2026-07-17,ORD-16505,Margherita Pizza,Pizza,4,15,60,20.0
2026-07-17,ORD-41774,Beef Burger,Burgers,3,14,42,18.0
2026-07-17,ORD-83589,Beef Burger,Burgers,1,14,14,6.0
2026-07-17,ORD-22216,Soda,Drinks,1,3,3,0.5
2026-07-17,ORD-25371,Caesar Salad,Salads,3,12,36,12.0
2026-07-17,ORD-90672,Margherita Pizza,Pizza,4,15,60,20.0
2026-07-17,ORD-11798,Tiramisu,Desserts,2,8,16,6.0
2026-07-17,ORD-33850,Tiramisu,Desserts,1,8,8,3.0
2026-07-17,ORD-73956,Caesar Salad,Salads,2,12,24,8.0
2026-07-17,ORD-81824,Tiramisu,Desserts,2,8,16,6.0
2026-07-17,ORD-29175,Margherita Pizza,Pizza,2,15,30,10.0
2026-07-17,ORD-20600,Coffee,Drinks,2,4,8,2.0
2026-07-17,ORD-66093,Beef Burger,Burgers,2,14,28,12.0
2026-07-17,ORD-39818,Coffee,Drinks,2,4,8,2.0
2026-07-17,ORD-41878,Margherita Pizza,Pizza,5,15,75,25.0
2026-07-17,ORD-60692,French Fries,Sides,3,5,15,4.5
2026-07-17,ORD-52385,Tiramisu,Desserts,3,8,24,9.0
2026-07-17,ORD-71443,Margherita Pizza,Pizza,4,15,60,20.0
2026-07-17,ORD-16411,Soda,Drinks,1,3,3,0.5
2026-07-17,ORD-56391,Caesar Salad,Salads,1,12,12,4.0
2026-07-17,ORD-86984,Beef Burger,Burgers,2,14,28,12.0
2026-07-17,ORD-40824,Caesar Salad,Salads,3,12,36,12.0
2026-07-17,ORD-10653,Caesar Salad,Salads,1,12,12,4.0
2026-07-17,ORD-59155,French Fries,Sides,3,5,15,4.5
2026-07-17,ORD-86862,Coffee,Drinks,2,4,8,2.0
2026-07-17,ORD-94925,Caesar Salad,Salads,3,12,36,12.0
2026-07-17,ORD-82404,Pepperoni Pizza,Pizza,2,18,36,12.0
2026-07-17,ORD-52474,Chicken Wings,Appetizers,2,10,20,8.0
2026-07-17,ORD-68898,Chicken Wings,Appetizers,3,10,30,12.0
2026-07-17,ORD-37659,Bruschetta,Appetizers,1,7,7,2.5
2026-07-17,ORD-56990,Margherita Pizza,Pizza,5,15,75,25.0
2026-07-17,ORD-62151,Beef Burger,Burgers,1,14,14,6.0
2026-07-17,ORD-35129,Chicken Wings,Appetizers,3,10,30,12.0
2026-07-17,ORD-54002,Pepperoni Pizza,Pizza,1,18,18,6.0
2026-07-17,ORD-90494,Tiramisu,Desserts,3,8,24,9.0
2026-07-17,ORD-54073,Margherita Pizza,Pizza,5,15,75,25.0
2026-07-17,ORD-89844,Soda,Drinks,3,3,9,1.5
2026-07-17,ORD-22228,French Fries,Sides,2,5,10,3.0
2026-07-17,ORD-11509,Chicken Wings,Appetizers,3,10,30,12.0
2026-07-17,ORD-89538,Beef Burger,Burgers,3,14,42,18.0
2026-07-17,ORD-83514,Pepperoni Pizza,Pizza,1,18,18,6.0
2026-07-17,ORD-73424,Soda,Drinks,1,3,3,0.5
2026-07-17,ORD-86202,Coffee,Drinks,2,4,8,2.0
2026-07-17,ORD-80486,Beef Burger,Burgers,2,14,28,12.0
2026-07-17,ORD-27685,Margherita Pizza,Pizza,5,15,75,25.0
2026-07-17,ORD-92250,Margherita Pizza,Pizza,5,15,75,25.0
2026-07-17,ORD-65883,Coffee,Drinks,1,4,4,1.0
2026-07-17,ORD-79462,Pepperoni Pizza,Pizza,2,18,36,12.0
2026-07-17,ORD-64072,Pepperoni Pizza,Pizza,3,18,54,18.0
2026-07-17,ORD-15826,Tiramisu,Desserts,2,8,16,6.0
2026-07-17,ORD-39894,Beef Burger,Burgers,2,14,28,12.0
2026-07-17,ORD-60688,Caesar Salad,Salads,2,12,24,8.0
2026-07-17,ORD-73807,Beef Burger,Burgers,3,14,42,18.0
2026-07-17,ORD-22165,Margherita Pizza,Pizza,3,15,45,15.0
2026-07-17,ORD-46656,Chicken Wings,Appetizers,3,10,30,12.0
2026-07-17,ORD-94113,Caesar Salad,Salads,1,12,12,4.0
2026-07-17,ORD-94083,Beef Burger,Burgers,1,14,14,6.0
2026-07-17,ORD-30556,Beef Burger,Burgers,3,14,42,18.0
2026-07-17,ORD-48533,Tiramisu,Desserts,3,8,24,9.0
2026-07-17,ORD-31196,Margherita Pizza,Pizza,2,15,30,10.0
2026-07-17,ORD-78172,Pepperoni Pizza,Pizza,2,18,36,12.0
2026-07-17,ORD-42617,Pepperoni Pizza,Pizza,1,18,18,6.0
2026-07-17,ORD-47772,Pepperoni Pizza,Pizza,3,18,54,18.0
2026-07-17,ORD-85585,Beef Burger,Burgers,1,14,14,6.0
2026-07-17,ORD-78597,Margherita Pizza,Pizza,4,15,60,20.0
2026-07-17,ORD-12360,Coffee,Drinks,3,4,12,3.0
2026-07-17,ORD-56422,Margherita Pizza,Pizza,4,15,60,20.0
2026-07-17,ORD-54915,Coffee,Drinks,2,4,8,2.0
2026-07-17,ORD-94152,Caesar Salad,Salads,2,12,24,8.0
2026-07-17,ORD-47329,French Fries,Sides,2,5,10,3.0
2026-07-17,ORD-99263,Soda,Drinks,1,3,3,0.5
2026-07-17,ORD-40648,Soda,Drinks,3,3,9,1.5
2026-07-17,ORD-98024,Chicken Wings,Appetizers,1,10,10,4.0
2026-07-17,ORD-15818,Caesar Salad,Salads,2,12,24,8.0
2026-07-17,ORD-86862,Beef Burger,Burgers,2,14,28,12.0
2026-07-17,ORD-72395,Caesar Salad,Salads,3,12,36,12.0
2026-07-17,ORD-95484,French Fries,Sides,3,5,15,4.5
2026-07-17,ORD-29160,Beef Burger,Burgers,2,14,28,12.0
2026-07-17,ORD-22947,Chicken Wings,Appetizers,2,10,20,8.0
2026-07-17,ORD-39416,Beef Burger,Burgers,3,14,42,18.0
2026-07-17,ORD-17122,Caesar Salad,Salads,3,12,36,12.0
2026-07-17,ORD-72631,Tiramisu,Desserts,2,8,16,6.0
2026-07-17,ORD-56413,Caesar Salad,Salads,2,12,24,8.0
2026-07-17,ORD-42443,Caesar Salad,Salads,2,12,24,8.0
2026-07-17,ORD-41648,Caesar Salad,Salads,3,12,36,12.0
2026-07-17,ORD-76576,Tiramisu,Desserts,2,8,16,6.0
2026-07-18,ORD-11288,Caesar Salad,Salads,1,12,12,4.0
2026-07-18,ORD-70275,Soda,Drinks,1,3,3,0.5
2026-07-18,ORD-28911,Coffee,Drinks,1,4,4,1.0
2026-07-18,ORD-14924,Beef Burger,Burgers,1,14,14,6.0
2026-07-18,ORD-74454,Bruschetta,Appetizers,1,7,7,2.5
2026-07-18,ORD-64267,Tiramisu,Desserts,3,8,24,9.0
2026-07-18,ORD-79656,Caesar Salad,Salads,2,12,24,8.0
2026-07-18,ORD-43462,Pepperoni Pizza,Pizza,3,18,54,18.0
2026-07-18,ORD-21982,Beef Burger,Burgers,1,14,14,6.0
2026-07-18,ORD-19333,Soda,Drinks,3,3,9,1.5
2026-07-18,ORD-78256,Pepperoni Pizza,Pizza,1,18,18,6.0
2026-07-18,ORD-16489,Beef Burger,Burgers,1,14,14,6.0
2026-07-18,ORD-55232,Coffee,Drinks,3,4,12,3.0
2026-07-18,ORD-28047,French Fries,Sides,2,5,10,3.0
2026-07-18,ORD-57833,Bruschetta,Appetizers,1,7,7,2.5
2026-07-18,ORD-92188,French Fries,Sides,2,5,10,3.0
2026-07-18,ORD-37408,Caesar Salad,Salads,3,12,36,12.0
2026-07-18,ORD-89483,Bruschetta,Appetizers,1,7,7,2.5
2026-07-18,ORD-43537,Caesar Salad,Salads,1,12,12,4.0
2026-07-18,ORD-26454,Chicken Wings,Appetizers,1,10,10,4.0
2026-07-18,ORD-71774,Margherita Pizza,Pizza,2,15,30,10.0
2026-07-18,ORD-76387,Caesar Salad,Salads,3,12,36,12.0
2026-07-18,ORD-47730,Soda,Drinks,1,3,3,0.5
2026-07-18,ORD-28708,Pepperoni Pizza,Pizza,2,18,36,12.0
2026-07-18,ORD-97627,Soda,Drinks,3,3,9,1.5
2026-07-18,ORD-50526,Chicken Wings,Appetizers,3,10,30,12.0
2026-07-18,ORD-15594,Beef Burger,Burgers,2,14,28,12.0
2026-07-18,ORD-24576,French Fries,Sides,1,5,5,1.5
2026-07-18,ORD-55170,Chicken Wings,Appetizers,2,10,20,8.0
2026-07-18,ORD-29083,Margherita Pizza,Pizza,4,15,60,20.0
2026-07-18,ORD-81890,Coffee,Drinks,2,4,8,2.0
2026-07-18,ORD-49940,Margherita Pizza,Pizza,4,15,60,20.0
2026-07-18,ORD-57870,Margherita Pizza,Pizza,3,15,45,15.0
2026-07-18,ORD-50266,Bruschetta,Appetizers,1,7,7,2.5
2026-07-18,ORD-68113,Soda,Drinks,1,3,3,0.5
2026-07-18,ORD-65394,Pepperoni Pizza,Pizza,2,18,36,12.0
2026-07-18,ORD-16058,Soda,Drinks,2,3,6,1.0
2026-07-18,ORD-73523,Caesar Salad,Salads,1,12,12,4.0
2026-07-18,ORD-53714,Chicken Wings,Appetizers,1,10,10,4.0
2026-07-18,ORD-81325,Margherita Pizza,Pizza,4,15,60,20.0
2026-07-18,ORD-35230,Pepperoni Pizza,Pizza,1,18,18,6.0
2026-07-18,ORD-38071,Beef Burger,Burgers,2,14,28,12.0
2026-07-18,ORD-14190,Margherita Pizza,Pizza,4,15,60,20.0
2026-07-18,ORD-84706,French Fries,Sides,2,5,10,3.0
2026-07-18,ORD-28450,Soda,Drinks,2,3,6,1.0
2026-07-18,ORD-45697,French Fries,Sides,1,5,5,1.5
2026-07-18,ORD-74422,Pepperoni Pizza,Pizza,1,18,18,6.0
2026-07-18,ORD-35451,French Fries,Sides,1,5,5,1.5
2026-07-18,ORD-56911,Caesar Salad,Salads,3,12,36,12.0
2026-07-18,ORD-22895,French Fries,Sides,2,5,10,3.0
2026-07-18,ORD-14307,Tiramisu,Desserts,3,8,24,9.0
2026-07-18,ORD-20752,Coffee,Drinks,1,4,4,1.0
2026-07-18,ORD-53579,Coffee,Drinks,1,4,4,1.0
2026-07-18,ORD-42755,Chicken Wings,Appetizers,3,10,30,12.0
2026-07-18,ORD-50227,Margherita Pizza,Pizza,2,15,30,10.0
2026-07-18,ORD-23141,Soda,Drinks,1,3,3,0.5
2026-07-18,ORD-55845,Tiramisu,Desserts,2,8,16,6.0
2026-07-18,ORD-29600,Tiramisu,Desserts,2,8,16,6.0
2026-07-18,ORD-10766,Tiramisu,Desserts,3,8,24,9.0
2026-07-18,ORD-54345,Coffee,Drinks,2,4,8,2.0
2026-07-18,ORD-78867,Chicken Wings,Appetizers,1,10,10,4.0
2026-07-18,ORD-14605,Coffee,Drinks,1,4,4,1.0
2026-07-18,ORD-80652,Pepperoni Pizza,Pizza,3,18,54,18.0
2026-07-18,ORD-58592,Margherita Pizza,Pizza,5,15,75,25.0
2026-07-18,ORD-62859,Caesar Salad,Salads,2,12,24,8.0
2026-07-18,ORD-84776,Pepperoni Pizza,Pizza,3,18,54,18.0
2026-07-18,ORD-66120,Margherita Pizza,Pizza,2,15,30,10.0
2026-07-18,ORD-96484,Soda,Drinks,2,3,6,1.0
2026-07-18,ORD-54406,Pepperoni Pizza,Pizza,2,18,36,12.0
2026-07-18,ORD-45149,Soda,Drinks,1,3,3,0.5
2026-07-18,ORD-59538,Pepperoni Pizza,Pizza,3,18,54,18.0
2026-07-18,ORD-75051,Chicken Wings,Appetizers,2,10,20,8.0
2026-07-18,ORD-52306,Chicken Wings,Appetizers,1,10,10,4.0
2026-07-18,ORD-73738,Coffee,Drinks,1,4,4,1.0
2026-07-18,ORD-59558,Caesar Salad,Salads,3,12,36,12.0
2026-07-18,ORD-45218,Pepperoni Pizza,Pizza,1,18,18,6.0
2026-07-18,ORD-64529,Tiramisu,Desserts,3,8,24,9.0
2026-07-18,ORD-65721,Chicken Wings,Appetizers,2,10,20,8.0
2026-07-18,ORD-83732,Pepperoni Pizza,Pizza,1,18,18,6.0
2026-07-18,ORD-63747,Margherita Pizza,Pizza,5,15,75,25.0
2026-07-18,ORD-34740,Chicken Wings,Appetizers,1,10,10,4.0
2026-07-18,ORD-25534,Margherita Pizza,Pizza,5,15,75,25.0
2026-07-18,ORD-21572,Beef Burger,Burgers,3,14,42,18.0
2026-07-18,ORD-71252,French Fries,Sides,2,5,10,3.0
2026-07-18,ORD-54839,Caesar Salad,Salads,1,12,12,4.0
2026-07-18,ORD-87748,Soda,Drinks,1,3,3,0.5
2026-07-18,ORD-93291,Caesar Salad,Salads,2,12,24,8.0
2026-07-18,ORD-89993,Pepperoni Pizza,Pizza,1,18,18,6.0
2026-07-18,ORD-98188,Coffee,Drinks,1,4,4,1.0
2026-07-18,ORD-29166,Soda,Drinks,2,3,6,1.0
2026-07-18,ORD-16001,Pepperoni Pizza,Pizza,2,18,36,12.0
2026-07-18,ORD-98425,Coffee,Drinks,2,4,8,2.0
2026-07-18,ORD-41682,Beef Burger,Burgers,2,14,28,12.0
2026-07-18,ORD-61603,Pepperoni Pizza,Pizza,2,18,36,12.0
2026-07-18,ORD-65408,Soda,Drinks,3,3,9,1.5
2026-07-18,ORD-32941,French Fries,Sides,2,5,10,3.0
2026-07-18,ORD-33664,Margherita Pizza,Pizza,3,15,45,15.0
2026-07-18,ORD-60057,Beef Burger,Burgers,1,14,14,6.0
2026-07-18,ORD-95570,Pepperoni Pizza,Pizza,2,18,36,12.0
2026-07-18,ORD-82486,Chicken Wings,Appetizers,2,10,20,8.0
2026-07-18,ORD-86258,Margherita Pizza,Pizza,4,15,60,20.0
2026-07-18,ORD-32509,Bruschetta,Appetizers,1,7,7,2.5
2026-07-18,ORD-34939,Soda,Drinks,2,3,6,1.0
2026-07-18,ORD-39612,Margherita Pizza,Pizza,4,15,60,20.0
2026-07-18,ORD-37558,Soda,Drinks,1,3,3,0.5
2026-07-18,ORD-86438,Caesar Salad,Salads,1,12,12,4.0
2026-07-18,ORD-46171,Chicken Wings,Appetizers,1,10,10,4.0
2026-07-18,ORD-92144,Chicken Wings,Appetizers,3,10,30,12.0
2026-07-18,ORD-46642,Coffee,Drinks,2,4,8,2.0
2026-07-18,ORD-12047,Pepperoni Pizza,Pizza,2,18,36,12.0
2026-07-18,ORD-15341,Soda,Drinks,2,3,6,1.0
2026-07-18,ORD-61962,Caesar Salad,Salads,3,12,36,12.0
2026-07-18,ORD-53517,Caesar Salad,Salads,2,12,24,8.0
2026-07-18,ORD-10122,Soda,Drinks,2,3,6,1.0
2026-07-18,ORD-69216,Beef Burger,Burgers,1,14,14,6.0
2026-07-18,ORD-49768,French Fries,Sides,1,5,5,1.5
2026-07-18,ORD-11658,Tiramisu,Desserts,3,8,24,9.0
2026-07-18,ORD-37608,Margherita Pizza,Pizza,4,15,60,20.0
2026-07-18,ORD-58760,Pepperoni Pizza,Pizza,1,18,18,6.0
2026-07-18,ORD-83415,Caesar Salad,Salads,2,12,24,8.0
2026-07-18,ORD-13437,Coffee,Drinks,3,4,12,3.0
2026-07-18,ORD-18732,Soda,Drinks,3,3,9,1.5
2026-07-18,ORD-82501,Chicken Wings,Appetizers,1,10,10,4.0
2026-07-18,ORD-34238,Pepperoni Pizza,Pizza,1,18,18,6.0
2026-07-18,ORD-98662,Pepperoni Pizza,Pizza,3,18,54,18.0
2026-07-18,ORD-26885,Margherita Pizza,Pizza,2,15,30,10.0
2026-07-18,ORD-48218,French Fries,Sides,1,5,5,1.5
2026-07-18,ORD-48515,Soda,Drinks,3,3,9,1.5
2026-07-18,ORD-79810,Tiramisu,Desserts,2,8,16,6.0
2026-07-18,ORD-19022,Margherita Pizza,Pizza,5,15,75,25.0
2026-07-18,ORD-87852,Beef Burger,Burgers,2,14,28,12.0
2026-07-18,ORD-42302,Pepperoni Pizza,Pizza,2,18,36,12.0
2026-07-18,ORD-78148,Tiramisu,Desserts,2,8,16,6.0
2026-07-18,ORD-29216,Coffee,Drinks,3,4,12,3.0
2026-07-18,ORD-32289,Tiramisu,Desserts,2,8,16,6.0
2026-07-18,ORD-58347,Pepperoni Pizza,Pizza,1,18,18,6.0
2026-07-18,ORD-35902,Soda,Drinks,2,3,6,1.0
2026-07-18,ORD-24353,Coffee,Drinks,3,4,12,3.0
2026-07-18,ORD-42740,Caesar Salad,Salads,1,12,12,4.0
2026-07-19,ORD-78985,Caesar Salad,Salads,2,12,24,8.0
2026-07-19,ORD-52416,Caesar Salad,Salads,2,12,24,8.0
2026-07-19,ORD-84562,Soda,Drinks,3,3,9,1.5
2026-07-19,ORD-49046,French Fries,Sides,1,5,5,1.5
2026-07-19,ORD-93796,Tiramisu,Desserts,1,8,8,3.0
2026-07-19,ORD-67388,Chicken Wings,Appetizers,1,10,10,4.0
2026-07-19,ORD-14392,Caesar Salad,Salads,1,12,12,4.0
2026-07-19,ORD-92823,Beef Burger,Burgers,2,14,28,12.0
2026-07-19,ORD-46016,Soda,Drinks,2,3,6,1.0
2026-07-19,ORD-45699,Caesar Salad,Salads,3,12,36,12.0
2026-07-19,ORD-99765,Tiramisu,Desserts,2,8,16,6.0
2026-07-19,ORD-57595,Beef Burger,Burgers,1,14,14,6.0
2026-07-19,ORD-11641,Pepperoni Pizza,Pizza,3,18,54,18.0
2026-07-19,ORD-93388,Pepperoni Pizza,Pizza,2,18,36,12.0
2026-07-19,ORD-82398,Margherita Pizza,Pizza,2,15,30,10.0
2026-07-19,ORD-32191,Tiramisu,Desserts,3,8,24,9.0
2026-07-19,ORD-83038,French Fries,Sides,2,5,10,3.0
2026-07-19,ORD-61208,French Fries,Sides,1,5,5,1.5
2026-07-19,ORD-54158,Beef Burger,Burgers,1,14,14,6.0
2026-07-19,ORD-64744,Beef Burger,Burgers,3,14,42,18.0
2026-07-19,ORD-16060,Margherita Pizza,Pizza,3,15,45,15.0
2026-07-19,ORD-40006,Tiramisu,Desserts,2,8,16,6.0
2026-07-19,ORD-40049,Beef Burger,Burgers,2,14,28,12.0
2026-07-19,ORD-11846,Beef Burger,Burgers,2,14,28,12.0
2026-07-19,ORD-47233,Tiramisu,Desserts,1,8,8,3.0
2026-07-19,ORD-61823,Soda,Drinks,3,3,9,1.5
2026-07-19,ORD-44109,French Fries,Sides,2,5,10,3.0
2026-07-19,ORD-46586,Margherita Pizza,Pizza,2,15,30,10.0
2026-07-19,ORD-97367,Soda,Drinks,2,3,6,1.0
2026-07-19,ORD-26647,Beef Burger,Burgers,1,14,14,6.0
2026-07-19,ORD-14972,Pepperoni Pizza,Pizza,2,18,36,12.0
2026-07-19,ORD-20454,Pepperoni Pizza,Pizza,1,18,18,6.0
2026-07-19,ORD-15039,Coffee,Drinks,3,4,12,3.0
2026-07-19,ORD-80679,French Fries,Sides,1,5,5,1.5
2026-07-19,ORD-80049,Tiramisu,Desserts,2,8,16,6.0
2026-07-19,ORD-55584,Coffee,Drinks,2,4,8,2.0
2026-07-19,ORD-25984,Soda,Drinks,2,3,6,1.0
2026-07-19,ORD-21141,Margherita Pizza,Pizza,5,15,75,25.0
2026-07-19,ORD-91791,Pepperoni Pizza,Pizza,1,18,18,6.0
2026-07-19,ORD-56447,Beef Burger,Burgers,2,14,28,12.0
2026-07-19,ORD-93647,Pepperoni Pizza,Pizza,3,18,54,18.0
2026-07-19,ORD-67654,Coffee,Drinks,2,4,8,2.0
2026-07-19,ORD-95555,Bruschetta,Appetizers,1,7,7,2.5
2026-07-19,ORD-83549,Bruschetta,Appetizers,1,7,7,2.5
2026-07-19,ORD-74438,Coffee,Drinks,2,4,8,2.0
2026-07-19,ORD-15096,Margherita Pizza,Pizza,2,15,30,10.0
2026-07-19,ORD-67831,Soda,Drinks,1,3,3,0.5
2026-07-19,ORD-64664,Caesar Salad,Salads,2,12,24,8.0
2026-07-19,ORD-45182,Chicken Wings,Appetizers,1,10,10,4.0
2026-07-19,ORD-84463,Tiramisu,Desserts,3,8,24,9.0
2026-07-19,ORD-40804,Beef Burger,Burgers,2,14,28,12.0
2026-07-19,ORD-19252,Caesar Salad,Salads,1,12,12,4.0
2026-07-19,ORD-56924,Chicken Wings,Appetizers,2,10,20,8.0
2026-07-19,ORD-80396,Caesar Salad,Salads,1,12,12,4.0
2026-07-19,ORD-38716,Soda,Drinks,1,3,3,0.5
2026-07-19,ORD-88637,Tiramisu,Desserts,2,8,16,6.0
2026-07-19,ORD-44084,Coffee,Drinks,3,4,12,3.0
2026-07-19,ORD-96685,Caesar Salad,Salads,2,12,24,8.0
2026-07-19,ORD-56212,Caesar Salad,Salads,3,12,36,12.0
2026-07-19,ORD-13453,Chicken Wings,Appetizers,1,10,10,4.0
2026-07-19,ORD-62575,Soda,Drinks,3,3,9,1.5
2026-07-19,ORD-78783,Soda,Drinks,1,3,3,0.5
2026-07-19,ORD-61025,Chicken Wings,Appetizers,3,10,30,12.0
2026-07-19,ORD-44031,Beef Burger,Burgers,3,14,42,18.0
2026-07-19,ORD-54984,Tiramisu,Desserts,3,8,24,9.0
2026-07-19,ORD-98369,Tiramisu,Desserts,3,8,24,9.0
2026-07-19,ORD-45570,French Fries,Sides,1,5,5,1.5
2026-07-19,ORD-40159,Coffee,Drinks,3,4,12,3.0
2026-07-19,ORD-21294,Bruschetta,Appetizers,1,7,7,2.5
2026-07-19,ORD-21078,Tiramisu,Desserts,3,8,24,9.0
2026-07-19,ORD-31374,Beef Burger,Burgers,3,14,42,18.0
2026-07-19,ORD-89085,Coffee,Drinks,3,4,12,3.0
2026-07-19,ORD-72344,Pepperoni Pizza,Pizza,3,18,54,18.0
2026-07-19,ORD-46666,Margherita Pizza,Pizza,5,15,75,25.0
2026-07-19,ORD-28741,Soda,Drinks,1,3,3,0.5
2026-07-19,ORD-80778,Chicken Wings,Appetizers,2,10,20,8.0
2026-07-19,ORD-86753,Coffee,Drinks,3,4,12,3.0
2026-07-19,ORD-42359,Coffee,Drinks,3,4,12,3.0
2026-07-19,ORD-70092,Pepperoni Pizza,Pizza,3,18,54,18.0
2026-07-19,ORD-99786,Soda,Drinks,3,3,9,1.5
2026-07-19,ORD-20488,Caesar Salad,Salads,2,12,24,8.0
2026-07-19,ORD-91261,Pepperoni Pizza,Pizza,3,18,54,18.0
2026-07-19,ORD-22365,Tiramisu,Desserts,3,8,24,9.0
2026-07-19,ORD-41888,Coffee,Drinks,2,4,8,2.0
2026-07-19,ORD-79627,Margherita Pizza,Pizza,4,15,60,20.0
2026-07-20,ORD-14013,Chicken Wings,Appetizers,2,10,20,8.0
2026-07-20,ORD-44828,Soda,Drinks,3,3,9,1.5
2026-07-20,ORD-55198,French Fries,Sides,2,5,10,3.0
2026-07-20,ORD-38448,Coffee,Drinks,3,4,12,3.0
2026-07-20,ORD-99691,Margherita Pizza,Pizza,4,15,60,20.0
2026-07-20,ORD-58392,Coffee,Drinks,3,4,12,3.0
2026-07-20,ORD-29037,Coffee,Drinks,2,4,8,2.0
2026-07-20,ORD-55985,Coffee,Drinks,2,4,8,2.0
2026-07-20,ORD-30148,Margherita Pizza,Pizza,5,15,75,25.0
2026-07-20,ORD-62966,Coffee,Drinks,1,4,4,1.0
2026-07-20,ORD-50022,Chicken Wings,Appetizers,2,10,20,8.0
2026-07-20,ORD-36925,Tiramisu,Desserts,2,8,16,6.0
2026-07-20,ORD-81885,Coffee,Drinks,2,4,8,2.0
2026-07-20,ORD-16904,Bruschetta,Appetizers,1,7,7,2.5
2026-07-20,ORD-27498,Beef Burger,Burgers,2,14,28,12.0
2026-07-20,ORD-47331,Chicken Wings,Appetizers,1,10,10,4.0
2026-07-20,ORD-68634,Coffee,Drinks,3,4,12,3.0
2026-07-20,ORD-53150,Pepperoni Pizza,Pizza,2,18,36,12.0
2026-07-20,ORD-41135,Bruschetta,Appetizers,1,7,7,2.5
2026-07-20,ORD-16554,Soda,Drinks,2,3,6,1.0
2026-07-20,ORD-48874,Soda,Drinks,2,3,6,1.0
2026-07-20,ORD-80057,Chicken Wings,Appetizers,1,10,10,4.0
2026-07-20,ORD-63361,Coffee,Drinks,3,4,12,3.0
2026-07-20,ORD-10267,Coffee,Drinks,2,4,8,2.0
2026-07-20,ORD-10131,Coffee,Drinks,2,4,8,2.0
2026-07-20,ORD-29706,Caesar Salad,Salads,3,12,36,12.0
2026-07-20,ORD-78974,Bruschetta,Appetizers,1,7,7,2.5
2026-07-20,ORD-83775,French Fries,Sides,1,5,5,1.5
2026-07-20,ORD-43119,Pepperoni Pizza,Pizza,1,18,18,6.0
2026-07-20,ORD-66829,Coffee,Drinks,2,4,8,2.0
2026-07-20,ORD-90627,Caesar Salad,Salads,3,12,36,12.0
2026-07-20,ORD-99008,Beef Burger,Burgers,3,14,42,18.0
2026-07-20,ORD-98267,Pepperoni Pizza,Pizza,3,18,54,18.0
2026-07-20,ORD-14099,Caesar Salad,Salads,3,12,36,12.0
2026-07-21,ORD-34919,Beef Burger,Burgers,3,14,42,18.0
2026-07-21,ORD-61704,French Fries,Sides,2,5,10,3.0
2026-07-21,ORD-99836,Beef Burger,Burgers,1,14,14,6.0
2026-07-21,ORD-96919,Caesar Salad,Salads,2,12,24,8.0
2026-07-21,ORD-58773,Margherita Pizza,Pizza,3,15,45,15.0
2026-07-21,ORD-38370,Pepperoni Pizza,Pizza,2,18,36,12.0
2026-07-21,ORD-65328,Caesar Salad,Salads,2,12,24,8.0
2026-07-21,ORD-45485,Beef Burger,Burgers,1,14,14,6.0
2026-07-21,ORD-24245,Tiramisu,Desserts,3,8,24,9.0
2026-07-21,ORD-17493,Beef Burger,Burgers,2,14,28,12.0
2026-07-21,ORD-46019,Coffee,Drinks,1,4,4,1.0
2026-07-21,ORD-80190,Chicken Wings,Appetizers,1,10,10,4.0
2026-07-21,ORD-45242,Tiramisu,Desserts,3,8,24,9.0
2026-07-21,ORD-92141,Soda,Drinks,2,3,6,1.0
2026-07-21,ORD-13917,Coffee,Drinks,2,4,8,2.0
2026-07-21,ORD-87572,Chicken Wings,Appetizers,1,10,10,4.0
2026-07-21,ORD-77416,Beef Burger,Burgers,1,14,14,6.0
2026-07-21,ORD-26996,Coffee,Drinks,1,4,4,1.0
2026-07-21,ORD-52025,Soda,Drinks,1,3,3,0.5
2026-07-21,ORD-26574,Beef Burger,Burgers,3,14,42,18.0
2026-07-21,ORD-44498,Pepperoni Pizza,Pizza,1,18,18,6.0
2026-07-21,ORD-77896,Caesar Salad,Salads,3,12,36,12.0
2026-07-21,ORD-40558,Tiramisu,Desserts,1,8,8,3.0
2026-07-21,ORD-46313,Tiramisu,Desserts,2,8,16,6.0
2026-07-21,ORD-22354,Margherita Pizza,Pizza,5,15,75,25.0
2026-07-21,ORD-57013,Tiramisu,Desserts,1,8,8,3.0
2026-07-22,ORD-31742,Margherita Pizza,Pizza,4,15,60,20.0
2026-07-22,ORD-85751,Soda,Drinks,2,3,6,1.0
2026-07-22,ORD-13022,Margherita Pizza,Pizza,3,15,45,15.0
2026-07-22,ORD-83649,Margherita Pizza,Pizza,2,15,30,10.0
2026-07-22,ORD-44157,Coffee,Drinks,2,4,8,2.0
2026-07-22,ORD-15445,Soda,Drinks,3,3,9,1.5
2026-07-22,ORD-79795,Coffee,Drinks,2,4,8,2.0
2026-07-22,ORD-88205,Tiramisu,Desserts,3,8,24,9.0
2026-07-22,ORD-97229,Pepperoni Pizza,Pizza,3,18,54,18.0
2026-07-22,ORD-84054,Chicken Wings,Appetizers,2,10,20,8.0
2026-07-22,ORD-49217,Soda,Drinks,3,3,9,1.5
2026-07-22,ORD-31764,French Fries,Sides,3,5,15,4.5
2026-07-22,ORD-21374,Caesar Salad,Salads,3,12,36,12.0
2026-07-22,ORD-65498,Pepperoni Pizza,Pizza,1,18,18,6.0
2026-07-22,ORD-46910,Tiramisu,Desserts,1,8,8,3.0
2026-07-22,ORD-50713,Chicken Wings,Appetizers,2,10,20,8.0
2026-07-22,ORD-97373,Soda,Drinks,1,3,3,0.5
2026-07-22,ORD-42383,Margherita Pizza,Pizza,2,15,30,10.0
2026-07-22,ORD-51703,Pepperoni Pizza,Pizza,3,18,54,18.0
2026-07-22,ORD-56714,Tiramisu,Desserts,2,8,16,6.0
2026-07-22,ORD-54532,Soda,Drinks,3,3,9,1.5
2026-07-22,ORD-20814,Beef Burger,Burgers,1,14,14,6.0
2026-07-22,ORD-45807,Pepperoni Pizza,Pizza,2,18,36,12.0
2026-07-22,ORD-37115,Tiramisu,Desserts,1,8,8,3.0
2026-07-22,ORD-47273,French Fries,Sides,1,5,5,1.5
2026-07-22,ORD-38278,Chicken Wings,Appetizers,3,10,30,12.0
2026-07-22,ORD-64553,Tiramisu,Desserts,3,8,24,9.0
2026-07-22,ORD-79645,Beef Burger,Burgers,3,14,42,18.0
2026-07-22,ORD-64277,Chicken Wings,Appetizers,2,10,20,8.0
2026-07-22,ORD-28756,Chicken Wings,Appetizers,3,10,30,12.0
2026-07-22,ORD-98032,Caesar Salad,Salads,3,12,36,12.0
2026-07-22,ORD-91146,Chicken Wings,Appetizers,2,10,20,8.0
2026-07-23,ORD-26457,Margherita Pizza,Pizza,4,15,60,20.0
2026-07-23,ORD-87882,Margherita Pizza,Pizza,2,15,30,10.0
2026-07-23,ORD-30621,Bruschetta,Appetizers,1,7,7,2.5
2026-07-23,ORD-90616,Tiramisu,Desserts,1,8,8,3.0
2026-07-23,ORD-39995,Pepperoni Pizza,Pizza,3,18,54,18.0
2026-07-23,ORD-78796,Soda,Drinks,3,3,9,1.5
2026-07-23,ORD-89832,Margherita Pizza,Pizza,5,15,75,25.0
2026-07-23,ORD-85219,Chicken Wings,Appetizers,3,10,30,12.0
2026-07-23,ORD-97362,Caesar Salad,Salads,2,12,24,8.0
2026-07-23,ORD-93480,Tiramisu,Desserts,3,8,24,9.0
2026-07-23,ORD-46184,Soda,Drinks,2,3,6,1.0
2026-07-23,ORD-74766,Beef Burger,Burgers,2,14,28,12.0
2026-07-23,ORD-68917,Soda,Drinks,1,3,3,0.5
2026-07-23,ORD-10674,French Fries,Sides,2,5,10,3.0
2026-07-23,ORD-24692,Chicken Wings,Appetizers,2,10,20,8.0
2026-07-23,ORD-78252,Pepperoni Pizza,Pizza,1,18,18,6.0
2026-07-23,ORD-75394,Caesar Salad,Salads,2,12,24,8.0
2026-07-23,ORD-46997,French Fries,Sides,3,5,15,4.5
2026-07-23,ORD-30018,Caesar Salad,Salads,2,12,24,8.0
2026-07-23,ORD-34870,Tiramisu,Desserts,1,8,8,3.0
2026-07-23,ORD-81722,Tiramisu,Desserts,1,8,8,3.0
2026-07-23,ORD-33686,French Fries,Sides,3,5,15,4.5
2026-07-23,ORD-70731,Tiramisu,Desserts,2,8,16,6.0
2026-07-23,ORD-18112,Pepperoni Pizza,Pizza,1,18,18,6.0
2026-07-23,ORD-96909,French Fries,Sides,1,5,5,1.5
2026-07-23,ORD-43675,Margherita Pizza,Pizza,2,15,30,10.0
2026-07-23,ORD-40408,French Fries,Sides,1,5,5,1.5
2026-07-24,ORD-10025,Tiramisu,Desserts,3,8,24,9.0
2026-07-24,ORD-60676,Caesar Salad,Salads,3,12,36,12.0
2026-07-24,ORD-58328,Pepperoni Pizza,Pizza,1,18,18,6.0
2026-07-24,ORD-35153,Caesar Salad,Salads,2,12,24,8.0
2026-07-24,ORD-55896,Chicken Wings,Appetizers,1,10,10,4.0
2026-07-24,ORD-39541,Caesar Salad,Salads,1,12,12,4.0
2026-07-24,ORD-27244,Tiramisu,Desserts,1,8,8,3.0
2026-07-24,ORD-25171,French Fries,Sides,3,5,15,4.5
2026-07-24,ORD-14086,Tiramisu,Desserts,2,8,16,6.0
2026-07-24,ORD-80704,Pepperoni Pizza,Pizza,1,18,18,6.0
2026-07-24,ORD-62548,Margherita Pizza,Pizza,5,15,75,25.0
2026-07-24,ORD-63362,Pepperoni Pizza,Pizza,1,18,18,6.0
2026-07-24,ORD-67279,Coffee,Drinks,2,4,8,2.0
2026-07-24,ORD-79203,Soda,Drinks,2,3,6,1.0
2026-07-24,ORD-33041,Soda,Drinks,2,3,6,1.0
2026-07-24,ORD-52932,Pepperoni Pizza,Pizza,2,18,36,12.0
2026-07-24,ORD-23955,Tiramisu,Desserts,3,8,24,9.0
2026-07-24,ORD-53886,Chicken Wings,Appetizers,3,10,30,12.0
2026-07-24,ORD-52507,Beef Burger,Burgers,1,14,14,6.0
2026-07-24,ORD-39410,Tiramisu,Desserts,2,8,16,6.0
2026-07-24,ORD-82920,Beef Burger,Burgers,1,14,14,6.0
2026-07-24,ORD-23037,Bruschetta,Appetizers,1,7,7,2.5
2026-07-24,ORD-67231,Tiramisu,Desserts,1,8,8,3.0
2026-07-24,ORD-95786,French Fries,Sides,2,5,10,3.0
2026-07-24,ORD-27834,Soda,Drinks,1,3,3,0.5
2026-07-24,ORD-98854,Chicken Wings,Appetizers,2,10,20,8.0
2026-07-24,ORD-88698,Caesar Salad,Salads,2,12,24,8.0
2026-07-24,ORD-67440,French Fries,Sides,2,5,10,3.0
2026-07-24,ORD-52272,Chicken Wings,Appetizers,1,10,10,4.0
2026-07-24,ORD-27043,Bruschetta,Appetizers,1,7,7,2.5
2026-07-24,ORD-57585,Margherita Pizza,Pizza,3,15,45,15.0
2026-07-24,ORD-49824,Pepperoni Pizza,Pizza,1,18,18,6.0
2026-07-24,ORD-97185,Coffee,Drinks,1,4,4,1.0
2026-07-24,ORD-77518,Margherita Pizza,Pizza,3,15,45,15.0
2026-07-24,ORD-70927,Beef Burger,Burgers,1,14,14,6.0
2026-07-24,ORD-60099,Margherita Pizza,Pizza,3,15,45,15.0
2026-07-24,ORD-92273,Margherita Pizza,Pizza,2,15,30,10.0
2026-07-24,ORD-38410,Caesar Salad,Salads,1,12,12,4.0
2026-07-24,ORD-89850,Caesar Salad,Salads,1,12,12,4.0
2026-07-24,ORD-61430,Margherita Pizza,Pizza,3,15,45,15.0
2026-07-24,ORD-78221,Caesar Salad,Salads,3,12,36,12.0
2026-07-24,ORD-99846,Pepperoni Pizza,Pizza,1,18,18,6.0
2026-07-24,ORD-41636,Margherita Pizza,Pizza,5,15,75,25.0
2026-07-24,ORD-96937,Caesar Salad,Salads,1,12,12,4.0
2026-07-24,ORD-95647,Chicken Wings,Appetizers,2,10,20,8.0
2026-07-24,ORD-17386,Soda,Drinks,2,3,6,1.0
2026-07-24,ORD-60795,Chicken Wings,Appetizers,2,10,20,8.0
2026-07-24,ORD-38108,French Fries,Sides,1,5,5,1.5
2026-07-24,ORD-32576,French Fries,Sides,3,5,15,4.5
2026-07-24,ORD-43565,Beef Burger,Burgers,3,14,42,18.0
2026-07-24,ORD-28375,Tiramisu,Desserts,3,8,24,9.0
2026-07-24,ORD-15376,Margherita Pizza,Pizza,3,15,45,15.0
2026-07-24,ORD-72347,Soda,Drinks,2,3,6,1.0
2026-07-24,ORD-59747,Chicken Wings,Appetizers,3,10,30,12.0
2026-07-24,ORD-43089,Tiramisu,Desserts,3,8,24,9.0
2026-07-24,ORD-33633,French Fries,Sides,3,5,15,4.5
2026-07-24,ORD-90028,Tiramisu,Desserts,2,8,16,6.0
2026-07-24,ORD-33795,Soda,Drinks,2,3,6,1.0
2026-07-24,ORD-17976,Bruschetta,Appetizers,1,7,7,2.5
2026-07-24,ORD-38536,Margherita Pizza,Pizza,2,15,30,10.0
2026-07-24,ORD-48610,Coffee,Drinks,2,4,8,2.0
2026-07-24,ORD-10159,Tiramisu,Desserts,1,8,8,3.0
2026-07-24,ORD-34783,Pepperoni Pizza,Pizza,2,18,36,12.0
2026-07-24,ORD-82450,Tiramisu,Desserts,1,8,8,3.0
2026-07-24,ORD-20284,Soda,Drinks,1,3,3,0.5
2026-07-24,ORD-27874,Bruschetta,Appetizers,1,7,7,2.5
2026-07-24,ORD-64872,French Fries,Sides,2,5,10,3.0
2026-07-24,ORD-28600,Coffee,Drinks,2,4,8,2.0
2026-07-24,ORD-65907,Caesar Salad,Salads,2,12,24,8.0
2026-07-24,ORD-87887,Coffee,Drinks,2,4,8,2.0
2026-07-24,ORD-90877,Beef Burger,Burgers,3,14,42,18.0
2026-07-24,ORD-56548,Soda,Drinks,2,3,6,1.0
2026-07-24,ORD-37315,Pepperoni Pizza,Pizza,2,18,36,12.0
2026-07-24,ORD-80834,Beef Burger,Burgers,1,14,14,6.0
2026-07-24,ORD-67027,Margherita Pizza,Pizza,2,15,30,10.0
2026-07-24,ORD-13867,Beef Burger,Burgers,3,14,42,18.0
2026-07-24,ORD-83752,Coffee,Drinks,2,4,8,2.0
2026-07-24,ORD-16882,Beef Burger,Burgers,2,14,28,12.0
2026-07-24,ORD-22649,Tiramisu,Desserts,1,8,8,3.0
2026-07-24,ORD-17967,Chicken Wings,Appetizers,3,10,30,12.0
2026-07-24,ORD-61729,Coffee,Drinks,2,4,8,2.0
2026-07-24,ORD-96640,Beef Burger,Burgers,3,14,42,18.0
2026-07-24,ORD-62135,Coffee,Drinks,2,4,8,2.0
2026-07-24,ORD-82455,Tiramisu,Desserts,1,8,8,3.0
2026-07-24,ORD-19131,Tiramisu,Desserts,2,8,16,6.0
2026-07-24,ORD-10448,Chicken Wings,Appetizers,3,10,30,12.0
2026-07-24,ORD-61026,Margherita Pizza,Pizza,4,15,60,20.0
2026-07-24,ORD-67053,Beef Burger,Burgers,2,14,28,12.0
2026-07-24,ORD-64344,Pepperoni Pizza,Pizza,3,18,54,18.0
2026-07-24,ORD-26595,French Fries,Sides,3,5,15,4.5
2026-07-24,ORD-37905,Soda,Drinks,1,3,3,0.5
2026-07-24,ORD-25038,Margherita Pizza,Pizza,2,15,30,10.0
2026-07-24,ORD-74992,Margherita Pizza,Pizza,3,15,45,15.0
2026-07-24,ORD-66561,Tiramisu,Desserts,3,8,24,9.0
2026-07-24,ORD-89199,French Fries,Sides,2,5,10,3.0
2026-07-24,ORD-40135,Tiramisu,Desserts,2,8,16,6.0
2026-07-24,ORD-85670,Chicken Wings,Appetizers,1,10,10,4.0
2026-07-24,ORD-93994,Soda,Drinks,1,3,3,0.5
2026-07-24,ORD-94063,Tiramisu,Desserts,1,8,8,3.0
2026-07-24,ORD-52804,Tiramisu,Desserts,3,8,24,9.0
2026-07-24,ORD-36001,Soda,Drinks,1,3,3,0.5
2026-07-24,ORD-68068,Chicken Wings,Appetizers,1,10,10,4.0
2026-07-24,ORD-41242,Soda,Drinks,2,3,6,1.0
2026-07-24,ORD-18479,Soda,Drinks,3,3,9,1.5
2026-07-24,ORD-21743,Soda,Drinks,2,3,6,1.0
2026-07-24,ORD-47436,Coffee,Drinks,3,4,12,3.0
2026-07-24,ORD-25909,Beef Burger,Burgers,3,14,42,18.0
2026-07-24,ORD-54638,Coffee,Drinks,1,4,4,1.0
2026-07-24,ORD-43420,Pepperoni Pizza,Pizza,3,18,54,18.0
2026-07-24,ORD-40852,Margherita Pizza,Pizza,4,15,60,20.0
2026-07-24,ORD-80943,Margherita Pizza,Pizza,3,15,45,15.0
2026-07-24,ORD-83581,Chicken Wings,Appetizers,1,10,10,4.0
2026-07-25,ORD-64122,Coffee,Drinks,1,4,4,1.0
2026-07-25,ORD-27514,Coffee,Drinks,2,4,8,2.0
2026-07-25,ORD-32900,Margherita Pizza,Pizza,5,15,75,25.0
2026-07-25,ORD-48276,Soda,Drinks,3,3,9,1.5
2026-07-25,ORD-25455,Chicken Wings,Appetizers,1,10,10,4.0
2026-07-25,ORD-43774,Caesar Salad,Salads,2,12,24,8.0
2026-07-25,ORD-43954,Tiramisu,Desserts,1,8,8,3.0
2026-07-25,ORD-88843,Tiramisu,Desserts,3,8,24,9.0
2026-07-25,ORD-73786,Soda,Drinks,1,3,3,0.5
2026-07-25,ORD-56779,Margherita Pizza,Pizza,3,15,45,15.0
2026-07-25,ORD-95036,Coffee,Drinks,2,4,8,2.0
2026-07-25,ORD-10637,French Fries,Sides,2,5,10,3.0
2026-07-25,ORD-69785,Caesar Salad,Salads,1,12,12,4.0
2026-07-25,ORD-50978,Tiramisu,Desserts,2,8,16,6.0
2026-07-25,ORD-15803,French Fries,Sides,2,5,10,3.0
2026-07-25,ORD-91890,Pepperoni Pizza,Pizza,1,18,18,6.0
2026-07-25,ORD-52269,Soda,Drinks,2,3,6,1.0
2026-07-25,ORD-11262,Pepperoni Pizza,Pizza,3,18,54,18.0
2026-07-25,ORD-63361,Margherita Pizza,Pizza,4,15,60,20.0
2026-07-25,ORD-63298,Tiramisu,Desserts,1,8,8,3.0
2026-07-25,ORD-34823,Soda,Drinks,1,3,3,0.5
2026-07-25,ORD-67865,Tiramisu,Desserts,2,8,16,6.0
2026-07-25,ORD-18119,French Fries,Sides,2,5,10,3.0
2026-07-25,ORD-79720,Chicken Wings,Appetizers,2,10,20,8.0
2026-07-25,ORD-62091,Tiramisu,Desserts,3,8,24,9.0
2026-07-25,ORD-66688,Tiramisu,Desserts,2,8,16,6.0
2026-07-25,ORD-38152,Coffee,Drinks,3,4,12,3.0
2026-07-25,ORD-81426,Soda,Drinks,2,3,6,1.0
2026-07-25,ORD-81243,Beef Burger,Burgers,2,14,28,12.0
2026-07-25,ORD-84468,Coffee,Drinks,2,4,8,2.0
2026-07-25,ORD-93441,Chicken Wings,Appetizers,3,10,30,12.0
2026-07-25,ORD-13755,Pepperoni Pizza,Pizza,1,18,18,6.0
2026-07-25,ORD-12772,Tiramisu,Desserts,1,8,8,3.0
2026-07-25,ORD-60317,Beef Burger,Burgers,2,14,28,12.0
2026-07-25,ORD-74701,Bruschetta,Appetizers,1,7,7,2.5
2026-07-25,ORD-35626,Coffee,Drinks,1,4,4,1.0
2026-07-25,ORD-29417,Pepperoni Pizza,Pizza,2,18,36,12.0
2026-07-25,ORD-45430,Margherita Pizza,Pizza,4,15,60,20.0
2026-07-25,ORD-41304,Margherita Pizza,Pizza,3,15,45,15.0
2026-07-25,ORD-75123,Bruschetta,Appetizers,1,7,7,2.5
2026-07-25,ORD-80332,Chicken Wings,Appetizers,2,10,20,8.0
2026-07-25,ORD-95250,Caesar Salad,Salads,1,12,12,4.0
2026-07-25,ORD-22715,Tiramisu,Desserts,1,8,8,3.0
2026-07-25,ORD-96397,Chicken Wings,Appetizers,1,10,10,4.0
2026-07-25,ORD-36903,Chicken Wings,Appetizers,2,10,20,8.0
2026-07-25,ORD-52538,Tiramisu,Desserts,2,8,16,6.0
2026-07-25,ORD-13598,Chicken Wings,Appetizers,3,10,30,12.0
2026-07-25,ORD-83005,Bruschetta,Appetizers,1,7,7,2.5
2026-07-25,ORD-67222,Bruschetta,Appetizers,1,7,7,2.5
2026-07-25,ORD-67851,Pepperoni Pizza,Pizza,3,18,54,18.0
2026-07-25,ORD-57563,Beef Burger,Burgers,1,14,14,6.0
2026-07-25,ORD-59345,Beef Burger,Burgers,2,14,28,12.0
2026-07-25,ORD-64286,Margherita Pizza,Pizza,2,15,30,10.0
2026-07-25,ORD-51374,Caesar Salad,Salads,2,12,24,8.0
2026-07-25,ORD-33710,Beef Burger,Burgers,1,14,14,6.0
2026-07-25,ORD-35420,Tiramisu,Desserts,3,8,24,9.0
2026-07-25,ORD-49413,French Fries,Sides,1,5,5,1.5
2026-07-25,ORD-26462,Beef Burger,Burgers,1,14,14,6.0
2026-07-25,ORD-15516,Caesar Salad,Salads,2,12,24,8.0
2026-07-25,ORD-72633,Margherita Pizza,Pizza,5,15,75,25.0
2026-07-25,ORD-66567,Soda,Drinks,2,3,6,1.0
2026-07-25,ORD-53615,Coffee,Drinks,3,4,12,3.0
2026-07-25,ORD-11905,French Fries,Sides,3,5,15,4.5
2026-07-25,ORD-43139,Caesar Salad,Salads,2,12,24,8.0
2026-07-25,ORD-31270,Coffee,Drinks,2,4,8,2.0
2026-07-25,ORD-10220,Beef Burger,Burgers,2,14,28,12.0
2026-07-25,ORD-66061,French Fries,Sides,1,5,5,1.5
2026-07-25,ORD-95805,Caesar Salad,Salads,3,12,36,12.0
2026-07-25,ORD-25634,French Fries,Sides,1,5,5,1.5
2026-07-25,ORD-37695,Caesar Salad,Salads,3,12,36,12.0
2026-07-25,ORD-99997,Chicken Wings,Appetizers,1,10,10,4.0
2026-07-25,ORD-45156,Soda,Drinks,1,3,3,0.5
2026-07-25,ORD-40261,Caesar Salad,Salads,2,12,24,8.0
2026-07-25,ORD-15169,Chicken Wings,Appetizers,1,10,10,4.0
2026-07-25,ORD-94181,Coffee,Drinks,1,4,4,1.0
2026-07-25,ORD-45747,Beef Burger,Burgers,2,14,28,12.0
2026-07-25,ORD-50359,Caesar Salad,Salads,2,12,24,8.0
2026-07-25,ORD-75530,Caesar Salad,Salads,2,12,24,8.0
2026-07-25,ORD-64161,Chicken Wings,Appetizers,2,10,20,8.0
2026-07-25,ORD-39836,Soda,Drinks,3,3,9,1.5
2026-07-25,ORD-20577,French Fries,Sides,2,5,10,3.0
2026-07-25,ORD-33146,Pepperoni Pizza,Pizza,2,18,36,12.0
2026-07-25,ORD-99972,Chicken Wings,Appetizers,2,10,20,8.0
2026-07-25,ORD-90163,French Fries,Sides,1,5,5,1.5
2026-07-25,ORD-95363,Tiramisu,Desserts,1,8,8,3.0
2026-07-25,ORD-69025,Pepperoni Pizza,Pizza,1,18,18,6.0
2026-07-25,ORD-91733,French Fries,Sides,1,5,5,1.5
2026-07-25,ORD-46482,Beef Burger,Burgers,3,14,42,18.0
2026-07-25,ORD-95898,French Fries,Sides,3,5,15,4.5
2026-07-25,ORD-57510,Chicken Wings,Appetizers,1,10,10,4.0
2026-07-25,ORD-81825,Beef Burger,Burgers,3,14,42,18.0
2026-07-25,ORD-82533,Pepperoni Pizza,Pizza,3,18,54,18.0
2026-07-25,ORD-46790,French Fries,Sides,2,5,10,3.0
2026-07-25,ORD-23883,Tiramisu,Desserts,2,8,16,6.0
2026-07-25,ORD-14273,Beef Burger,Burgers,2,14,28,12.0
2026-07-25,ORD-98514,Chicken Wings,Appetizers,2,10,20,8.0
2026-07-25,ORD-35320,Tiramisu,Desserts,1,8,8,3.0
2026-07-25,ORD-79613,Pepperoni Pizza,Pizza,3,18,54,18.0
2026-07-25,ORD-40484,Coffee,Drinks,2,4,8,2.0
2026-07-25,ORD-20867,French Fries,Sides,2,5,10,3.0
2026-07-25,ORD-28568,Chicken Wings,Appetizers,3,10,30,12.0
2026-07-25,ORD-26292,Tiramisu,Desserts,2,8,16,6.0
2026-07-25,ORD-69690,French Fries,Sides,2,5,10,3.0
2026-07-25,ORD-74878,French Fries,Sides,3,5,15,4.5
2026-07-25,ORD-29287,Caesar Salad,Salads,1,12,12,4.0
2026-07-25,ORD-78114,Beef Burger,Burgers,2,14,28,12.0
2026-07-25,ORD-65305,Margherita Pizza,Pizza,2,15,30,10.0
2026-07-25,ORD-15406,Chicken Wings,Appetizers,2,10,20,8.0
2026-07-25,ORD-33794,Margherita Pizza,Pizza,5,15,75,25.0
2026-07-25,ORD-67745,Tiramisu,Desserts,1,8,8,3.0
2026-07-25,ORD-95495,Caesar Salad,Salads,2,12,24,8.0
2026-07-25,ORD-90931,Margherita Pizza,Pizza,3,15,45,15.0
2026-07-25,ORD-85193,Chicken Wings,Appetizers,1,10,10,4.0
2026-07-25,ORD-91297,Tiramisu,Desserts,1,8,8,3.0
2026-07-25,ORD-90003,Pepperoni Pizza,Pizza,3,18,54,18.0
2026-07-26,ORD-22299,Chicken Wings,Appetizers,1,10,10,4.0
2026-07-26,ORD-52757,Chicken Wings,Appetizers,1,10,10,4.0
2026-07-26,ORD-26979,Soda,Drinks,1,3,3,0.5
2026-07-26,ORD-75636,Chicken Wings,Appetizers,1,10,10,4.0
2026-07-26,ORD-18318,Caesar Salad,Salads,2,12,24,8.0
2026-07-26,ORD-63258,French Fries,Sides,2,5,10,3.0
2026-07-26,ORD-27691,Chicken Wings,Appetizers,3,10,30,12.0
2026-07-26,ORD-35708,Margherita Pizza,Pizza,4,15,60,20.0
2026-07-26,ORD-35495,Chicken Wings,Appetizers,2,10,20,8.0
2026-07-26,ORD-74045,French Fries,Sides,1,5,5,1.5
2026-07-26,ORD-16101,Pepperoni Pizza,Pizza,1,18,18,6.0
2026-07-26,ORD-58345,Pepperoni Pizza,Pizza,1,18,18,6.0
2026-07-26,ORD-77967,Tiramisu,Desserts,3,8,24,9.0
2026-07-26,ORD-79896,Pepperoni Pizza,Pizza,1,18,18,6.0
2026-07-26,ORD-74656,Beef Burger,Burgers,1,14,14,6.0
2026-07-26,ORD-28052,Tiramisu,Desserts,2,8,16,6.0
2026-07-26,ORD-14188,Bruschetta,Appetizers,1,7,7,2.5
2026-07-26,ORD-56558,French Fries,Sides,2,5,10,3.0
2026-07-26,ORD-17466,French Fries,Sides,3,5,15,4.5
2026-07-26,ORD-59736,Chicken Wings,Appetizers,1,10,10,4.0
2026-07-26,ORD-22632,French Fries,Sides,2,5,10,3.0
2026-07-26,ORD-36385,Tiramisu,Desserts,1,8,8,3.0
2026-07-26,ORD-40474,Beef Burger,Burgers,2,14,28,12.0
2026-07-26,ORD-23715,Pepperoni Pizza,Pizza,1,18,18,6.0
2026-07-26,ORD-19208,Soda,Drinks,2,3,6,1.0
2026-07-26,ORD-86839,Bruschetta,Appetizers,1,7,7,2.5
2026-07-26,ORD-67188,Beef Burger,Burgers,1,14,14,6.0
2026-07-26,ORD-96770,French Fries,Sides,3,5,15,4.5
2026-07-26,ORD-37491,Caesar Salad,Salads,1,12,12,4.0
2026-07-26,ORD-83394,Soda,Drinks,1,3,3,0.5
2026-07-26,ORD-85114,French Fries,Sides,2,5,10,3.0
2026-07-26,ORD-65956,Coffee,Drinks,3,4,12,3.0
2026-07-26,ORD-54979,Chicken Wings,Appetizers,3,10,30,12.0
2026-07-26,ORD-58537,French Fries,Sides,1,5,5,1.5
2026-07-26,ORD-82626,Soda,Drinks,2,3,6,1.0
2026-07-26,ORD-84448,Chicken Wings,Appetizers,2,10,20,8.0
2026-07-26,ORD-62063,Pepperoni Pizza,Pizza,1,18,18,6.0
2026-07-26,ORD-71899,Caesar Salad,Salads,2,12,24,8.0
2026-07-26,ORD-37640,Coffee,Drinks,1,4,4,1.0
2026-07-26,ORD-31934,Coffee,Drinks,2,4,8,2.0
2026-07-26,ORD-36331,Pepperoni Pizza,Pizza,3,18,54,18.0
2026-07-26,ORD-28706,Pepperoni Pizza,Pizza,3,18,54,18.0
2026-07-26,ORD-76379,Soda,Drinks,1,3,3,0.5
2026-07-26,ORD-41222,Pepperoni Pizza,Pizza,3,18,54,18.0
2026-07-26,ORD-52233,Beef Burger,Burgers,3,14,42,18.0
2026-07-26,ORD-50009,Soda,Drinks,2,3,6,1.0
2026-07-26,ORD-10895,Pepperoni Pizza,Pizza,2,18,36,12.0
2026-07-26,ORD-89430,Caesar Salad,Salads,3,12,36,12.0
2026-07-26,ORD-67414,Margherita Pizza,Pizza,2,15,30,10.0
2026-07-26,ORD-11948,French Fries,Sides,1,5,5,1.5
2026-07-26,ORD-87672,Tiramisu,Desserts,1,8,8,3.0
2026-07-26,ORD-35676,French Fries,Sides,1,5,5,1.5
2026-07-26,ORD-27451,Margherita Pizza,Pizza,4,15,60,20.0
2026-07-26,ORD-78437,Coffee,Drinks,1,4,4,1.0
2026-07-26,ORD-68714,Margherita Pizza,Pizza,2,15,30,10.0
2026-07-26,ORD-66639,Margherita Pizza,Pizza,2,15,30,10.0
2026-07-26,ORD-68551,Beef Burger,Burgers,2,14,28,12.0
2026-07-26,ORD-96790,Caesar Salad,Salads,3,12,36,12.0
2026-07-26,ORD-56385,Beef Burger,Burgers,1,14,14,6.0
2026-07-26,ORD-78131,French Fries,Sides,1,5,5,1.5
2026-07-26,ORD-52796,Caesar Salad,Salads,1,12,12,4.0
2026-07-26,ORD-65231,Caesar Salad,Salads,3,12,36,12.0
2026-07-26,ORD-54753,Chicken Wings,Appetizers,1,10,10,4.0
2026-07-26,ORD-73130,Chicken Wings,Appetizers,1,10,10,4.0
2026-07-26,ORD-54271,Beef Burger,Burgers,2,14,28,12.0
2026-07-26,ORD-63636,Soda,Drinks,2,3,6,1.0
2026-07-26,ORD-39489,French Fries,Sides,2,5,10,3.0
2026-07-26,ORD-29234,Pepperoni Pizza,Pizza,3,18,54,18.0
2026-07-26,ORD-13325,Soda,Drinks,1,3,3,0.5
2026-07-26,ORD-96755,Soda,Drinks,2,3,6,1.0
2026-07-26,ORD-23436,Caesar Salad,Salads,2,12,24,8.0
2026-07-26,ORD-63637,Coffee,Drinks,1,4,4,1.0
2026-07-26,ORD-79836,Chicken Wings,Appetizers,1,10,10,4.0
2026-07-26,ORD-98803,Tiramisu,Desserts,2,8,16,6.0
2026-07-26,ORD-51544,Soda,Drinks,1,3,3,0.5
2026-07-26,ORD-23577,Coffee,Drinks,2,4,8,2.0
2026-07-26,ORD-17123,Caesar Salad,Salads,2,12,24,8.0
2026-07-26,ORD-52379,French Fries,Sides,3,5,15,4.5
2026-07-26,ORD-67731,Margherita Pizza,Pizza,5,15,75,25.0
2026-07-26,ORD-96277,Coffee,Drinks,1,4,4,1.0
2026-07-26,ORD-37575,Beef Burger,Burgers,1,14,14,6.0
2026-07-26,ORD-35437,French Fries,Sides,2,5,10,3.0
2026-07-26,ORD-36736,French Fries,Sides,2,5,10,3.0
2026-07-26,ORD-98750,Pepperoni Pizza,Pizza,2,18,36,12.0
2026-07-26,ORD-51326,Pepperoni Pizza,Pizza,3,18,54,18.0
2026-07-26,ORD-73065,Beef Burger,Burgers,2,14,28,12.0
2026-07-26,ORD-65751,Caesar Salad,Salads,2,12,24,8.0
2026-07-26,ORD-83001,Beef Burger,Burgers,1,14,14,6.0
2026-07-26,ORD-79185,Chicken Wings,Appetizers,1,10,10,4.0
2026-07-26,ORD-48951,Margherita Pizza,Pizza,4,15,60,20.0
2026-07-26,ORD-23607,Tiramisu,Desserts,2,8,16,6.0
2026-07-26,ORD-52499,Beef Burger,Burgers,1,14,14,6.0
2026-07-26,ORD-58203,Margherita Pizza,Pizza,5,15,75,25.0
2026-07-26,ORD-98264,Coffee,Drinks,1,4,4,1.0
2026-07-26,ORD-14981,Pepperoni Pizza,Pizza,1,18,18,6.0
2026-07-26,ORD-24522,Margherita Pizza,Pizza,4,15,60,20.0
2026-07-26,ORD-88626,Margherita Pizza,Pizza,3,15,45,15.0
2026-07-26,ORD-44076,Coffee,Drinks,1,4,4,1.0
2026-07-26,ORD-31559,Margherita Pizza,Pizza,2,15,30,10.0
2026-07-26,ORD-89742,Chicken Wings,Appetizers,2,10,20,8.0
2026-07-26,ORD-45661,Beef Burger,Burgers,2,14,28,12.0
2026-07-27,ORD-93518,Margherita Pizza,Pizza,3,15,45,15.0
2026-07-27,ORD-69967,Coffee,Drinks,1,4,4,1.0
2026-07-27,ORD-32396,Tiramisu,Desserts,2,8,16,6.0
2026-07-27,ORD-16653,Caesar Salad,Salads,1,12,12,4.0
2026-07-27,ORD-43464,Caesar Salad,Salads,1,12,12,4.0
2026-07-27,ORD-57234,Caesar Salad,Salads,3,12,36,12.0
2026-07-27,ORD-23178,French Fries,Sides,3,5,15,4.5
2026-07-27,ORD-11352,Beef Burger,Burgers,3,14,42,18.0
2026-07-27,ORD-83490,Tiramisu,Desserts,2,8,16,6.0
2026-07-27,ORD-61415,Soda,Drinks,3,3,9,1.5
2026-07-27,ORD-95182,Margherita Pizza,Pizza,4,15,60,20.0
2026-07-27,ORD-63296,Coffee,Drinks,3,4,12,3.0
2026-07-27,ORD-40931,Tiramisu,Desserts,3,8,24,9.0
2026-07-27,ORD-29294,Soda,Drinks,2,3,6,1.0
2026-07-27,ORD-26855,Tiramisu,Desserts,3,8,24,9.0
2026-07-27,ORD-89299,Pepperoni Pizza,Pizza,2,18,36,12.0
2026-07-27,ORD-10679,Chicken Wings,Appetizers,2,10,20,8.0
2026-07-27,ORD-15415,Tiramisu,Desserts,3,8,24,9.0
2026-07-27,ORD-43277,Tiramisu,Desserts,1,8,8,3.0
2026-07-27,ORD-72824,Soda,Drinks,1,3,3,0.5
2026-07-27,ORD-91952,Bruschetta,Appetizers,1,7,7,2.5
2026-07-27,ORD-88081,Bruschetta,Appetizers,1,7,7,2.5
2026-07-27,ORD-40221,French Fries,Sides,3,5,15,4.5
2026-07-27,ORD-39928,Bruschetta,Appetizers,1,7,7,2.5
2026-07-27,ORD-92538,Beef Burger,Burgers,3,14,42,18.0
2026-07-27,ORD-58755,Chicken Wings,Appetizers,2,10,20,8.0
2026-07-27,ORD-14825,Tiramisu,Desserts,2,8,16,6.0
2026-07-27,ORD-11528,Chicken Wings,Appetizers,1,10,10,4.0
2026-07-27,ORD-64191,Chicken Wings,Appetizers,1,10,10,4.0
2026-07-27,ORD-66904,Beef Burger,Burgers,2,14,28,12.0
2026-07-27,ORD-26094,Margherita Pizza,Pizza,5,15,75,25.0
2026-07-27,ORD-67369,Caesar Salad,Salads,3,12,36,12.0
2026-07-27,ORD-98735,Tiramisu,Desserts,3,8,24,9.0
2026-07-27,ORD-75437,Pepperoni Pizza,Pizza,1,18,18,6.0
2026-07-27,ORD-65905,Margherita Pizza,Pizza,3,15,45,15.0
2026-07-27,ORD-43345,Margherita Pizza,Pizza,4,15,60,20.0
2026-07-27,ORD-37505,Chicken Wings,Appetizers,2,10,20,8.0
2026-07-27,ORD-64643,French Fries,Sides,2,5,10,3.0
2026-07-27,ORD-97657,Beef Burger,Burgers,1,14,14,6.0
2026-07-27,ORD-63463,Tiramisu,Desserts,2,8,16,6.0
2026-07-27,ORD-94131,Margherita Pizza,Pizza,5,15,75,25.0
2026-07-27,ORD-63261,French Fries,Sides,1,5,5,1.5
2026-07-27,ORD-85034,Beef Burger,Burgers,1,14,14,6.0
2026-07-27,ORD-40630,Pepperoni Pizza,Pizza,3,18,54,18.0
2026-07-27,ORD-98237,Pepperoni Pizza,Pizza,1,18,18,6.0
2026-07-28,ORD-29941,Tiramisu,Desserts,1,8,8,3.0
2026-07-28,ORD-78787,Margherita Pizza,Pizza,4,15,60,20.0
2026-07-28,ORD-94889,Pepperoni Pizza,Pizza,3,18,54,18.0
2026-07-28,ORD-99954,Chicken Wings,Appetizers,2,10,20,8.0
2026-07-28,ORD-55635,Soda,Drinks,2,3,6,1.0
2026-07-28,ORD-21268,Soda,Drinks,3,3,9,1.5
2026-07-28,ORD-73794,French Fries,Sides,2,5,10,3.0
2026-07-28,ORD-99200,Margherita Pizza,Pizza,5,15,75,25.0
2026-07-28,ORD-56911,Chicken Wings,Appetizers,3,10,30,12.0
2026-07-28,ORD-77518,Margherita Pizza,Pizza,5,15,75,25.0
2026-07-28,ORD-29504,Soda,Drinks,1,3,3,0.5
2026-07-28,ORD-10816,Tiramisu,Desserts,2,8,16,6.0
2026-07-28,ORD-53804,Pepperoni Pizza,Pizza,1,18,18,6.0
2026-07-28,ORD-96222,French Fries,Sides,2,5,10,3.0
2026-07-28,ORD-69355,Caesar Salad,Salads,3,12,36,12.0
2026-07-28,ORD-67782,Margherita Pizza,Pizza,3,15,45,15.0
2026-07-28,ORD-96463,Coffee,Drinks,3,4,12,3.0
2026-07-28,ORD-99814,Soda,Drinks,1,3,3,0.5
2026-07-28,ORD-57603,Beef Burger,Burgers,1,14,14,6.0
2026-07-28,ORD-75097,Chicken Wings,Appetizers,3,10,30,12.0
2026-07-28,ORD-13072,Margherita Pizza,Pizza,5,15,75,25.0
2026-07-28,ORD-16278,Margherita Pizza,Pizza,3,15,45,15.0
2026-07-28,ORD-31480,Chicken Wings,Appetizers,2,10,20,8.0
2026-07-28,ORD-75808,Soda,Drinks,2,3,6,1.0
2026-07-28,ORD-34850,Pepperoni Pizza,Pizza,3,18,54,18.0
2026-07-28,ORD-61613,Chicken Wings,Appetizers,1,10,10,4.0
2026-07-28,ORD-83185,Coffee,Drinks,3,4,12,3.0
2026-07-28,ORD-14619,Margherita Pizza,Pizza,2,15,30,10.0
2026-07-28,ORD-44037,Tiramisu,Desserts,1,8,8,3.0
2026-07-28,ORD-32387,Chicken Wings,Appetizers,2,10,20,8.0
2026-07-28,ORD-63841,Soda,Drinks,2,3,6,1.0
2026-07-28,ORD-42269,French Fries,Sides,3,5,15,4.5
2026-07-28,ORD-90045,Soda,Drinks,3,3,9,1.5
2026-07-28,ORD-48548,French Fries,Sides,3,5,15,4.5
2026-07-28,ORD-96503,Coffee,Drinks,2,4,8,2.0
2026-07-28,ORD-47554,Bruschetta,Appetizers,1,7,7,2.5
2026-07-28,ORD-65896,Bruschetta,Appetizers,1,7,7,2.5
2026-07-28,ORD-94133,Pepperoni Pizza,Pizza,2,18,36,12.0
2026-07-28,ORD-45472,French Fries,Sides,1,5,5,1.5
2026-07-28,ORD-93353,Soda,Drinks,1,3,3,0.5
2026-07-28,ORD-73708,Chicken Wings,Appetizers,3,10,30,12.0
2026-07-28,ORD-59694,Pepperoni Pizza,Pizza,1,18,18,6.0
2026-07-28,ORD-60455,Tiramisu,Desserts,3,8,24,9.0
2026-07-28,ORD-70469,French Fries,Sides,3,5,15,4.5
2026-07-28,ORD-31088,Bruschetta,Appetizers,1,7,7,2.5
2026-07-28,ORD-12679,Caesar Salad,Salads,2,12,24,8.0
2026-07-28,ORD-73117,Pepperoni Pizza,Pizza,2,18,36,12.0
2026-07-28,ORD-99402,Soda,Drinks,2,3,6,1.0
2026-07-28,ORD-63735,French Fries,Sides,2,5,10,3.0
2026-07-28,ORD-96603,Pepperoni Pizza,Pizza,1,18,18,6.0
2026-07-28,ORD-31091,Bruschetta,Appetizers,1,7,7,2.5
2026-07-28,ORD-99074,French Fries,Sides,3,5,15,4.5
2026-07-28,ORD-46181,Beef Burger,Burgers,2,14,28,12.0
2026-07-28,ORD-10456,Coffee,Drinks,1,4,4,1.0
2026-07-28,ORD-16898,Chicken Wings,Appetizers,3,10,30,12.0
2026-07-28,ORD-62170,Beef Burger,Burgers,1,14,14,6.0
2026-07-29,ORD-79130,Coffee,Drinks,1,4,4,1.0
2026-07-29,ORD-23679,French Fries,Sides,2,5,10,3.0
2026-07-29,ORD-45298,Pepperoni Pizza,Pizza,1,18,18,6.0
2026-07-29,ORD-25717,Chicken Wings,Appetizers,1,10,10,4.0
2026-07-29,ORD-28376,Pepperoni Pizza,Pizza,1,18,18,6.0
2026-07-29,ORD-15861,Chicken Wings,Appetizers,3,10,30,12.0
2026-07-29,ORD-23159,French Fries,Sides,2,5,10,3.0
2026-07-29,ORD-54140,Pepperoni Pizza,Pizza,3,18,54,18.0
2026-07-29,ORD-64392,Chicken Wings,Appetizers,1,10,10,4.0
2026-07-29,ORD-59882,Soda,Drinks,3,3,9,1.5
2026-07-29,ORD-45979,Chicken Wings,Appetizers,2,10,20,8.0
2026-07-29,ORD-89754,Beef Burger,Burgers,3,14,42,18.0
2026-07-29,ORD-29191,Tiramisu,Desserts,1,8,8,3.0
2026-07-29,ORD-34129,Beef Burger,Burgers,3,14,42,18.0
2026-07-29,ORD-60394,Margherita Pizza,Pizza,3,15,45,15.0
2026-07-29,ORD-36141,Chicken Wings,Appetizers,2,10,20,8.0
2026-07-29,ORD-48092,Margherita Pizza,Pizza,2,15,30,10.0
2026-07-29,ORD-38429,Coffee,Drinks,2,4,8,2.0
2026-07-29,ORD-16961,Caesar Salad,Salads,3,12,36,12.0
2026-07-29,ORD-98520,French Fries,Sides,3,5,15,4.5
2026-07-29,ORD-47644,Soda,Drinks,1,3,3,0.5
2026-07-29,ORD-58337,Chicken Wings,Appetizers,2,10,20,8.0
2026-07-29,ORD-79249,Chicken Wings,Appetizers,1,10,10,4.0
2026-07-29,ORD-67573,Tiramisu,Desserts,3,8,24,9.0
2026-07-29,ORD-47316,Caesar Salad,Salads,1,12,12,4.0
2026-07-29,ORD-72638,Coffee,Drinks,2,4,8,2.0
2026-07-29,ORD-29820,Soda,Drinks,3,3,9,1.5
2026-07-29,ORD-19573,Bruschetta,Appetizers,1,7,7,2.5
2026-07-29,ORD-30832,Caesar Salad,Salads,3,12,36,12.0
2026-07-29,ORD-25588,Coffee,Drinks,3,4,12,3.0
2026-07-29,ORD-13779,Tiramisu,Desserts,1,8,8,3.0
2026-07-29,ORD-64711,Pepperoni Pizza,Pizza,1,18,18,6.0
2026-07-29,ORD-20103,Bruschetta,Appetizers,1,7,7,2.5
2026-07-29,ORD-92696,Soda,Drinks,1,3,3,0.5
2026-07-29,ORD-48749,French Fries,Sides,2,5,10,3.0
2026-07-29,ORD-52555,French Fries,Sides,2,5,10,3.0
2026-07-29,ORD-15625,Coffee,Drinks,1,4,4,1.0
2026-07-29,ORD-77638,Margherita Pizza,Pizza,3,15,45,15.0
2026-07-29,ORD-64695,Margherita Pizza,Pizza,3,15,45,15.0
2026-07-29,ORD-73423,Chicken Wings,Appetizers,2,10,20,8.0
2026-07-29,ORD-46208,Margherita Pizza,Pizza,5,15,75,25.0
2026-07-29,ORD-34745,Pepperoni Pizza,Pizza,1,18,18,6.0
2026-07-29,ORD-65310,Pepperoni Pizza,Pizza,3,18,54,18.0
2026-07-29,ORD-45297,French Fries,Sides,1,5,5,1.5
2026-07-29,ORD-70073,Beef Burger,Burgers,3,14,42,18.0
2026-07-29,ORD-65635,Chicken Wings,Appetizers,3,10,30,12.0
2026-07-29,ORD-10502,Pepperoni Pizza,Pizza,1,18,18,6.0
2026-07-29,ORD-95755,Margherita Pizza,Pizza,2,15,30,10.0
2026-07-29,ORD-24644,Chicken Wings,Appetizers,2,10,20,8.0
2026-07-29,ORD-65392,Margherita Pizza,Pizza,2,15,30,10.0
2026-07-29,ORD-39333,Tiramisu,Desserts,3,8,24,9.0
2026-07-29,ORD-76582,Margherita Pizza,Pizza,4,15,60,20.0
2026-07-30,ORD-76154,Tiramisu,Desserts,2,8,16,6.0
2026-07-30,ORD-49244,Chicken Wings,Appetizers,1,10,10,4.0
2026-07-30,ORD-57604,Pepperoni Pizza,Pizza,3,18,54,18.0
2026-07-30,ORD-64971,Bruschetta,Appetizers,1,7,7,2.5
2026-07-30,ORD-42149,Caesar Salad,Salads,3,12,36,12.0
2026-07-30,ORD-36258,Margherita Pizza,Pizza,4,15,60,20.0
2026-07-30,ORD-66217,Coffee,Drinks,1,4,4,1.0
2026-07-30,ORD-55730,Beef Burger,Burgers,1,14,14,6.0
2026-07-30,ORD-94190,Pepperoni Pizza,Pizza,2,18,36,12.0
2026-07-30,ORD-43646,Caesar Salad,Salads,2,12,24,8.0
2026-07-30,ORD-45452,Caesar Salad,Salads,2,12,24,8.0
2026-07-30,ORD-96268,Beef Burger,Burgers,3,14,42,18.0
2026-07-30,ORD-27316,Bruschetta,Appetizers,1,7,7,2.5
2026-07-30,ORD-24768,Tiramisu,Desserts,1,8,8,3.0
2026-07-30,ORD-49002,Chicken Wings,Appetizers,2,10,20,8.0
2026-07-30,ORD-97360,Beef Burger,Burgers,1,14,14,6.0
2026-07-30,ORD-61245,Tiramisu,Desserts,1,8,8,3.0
2026-07-30,ORD-91379,Pepperoni Pizza,Pizza,1,18,18,6.0
2026-07-30,ORD-82909,Bruschetta,Appetizers,1,7,7,2.5
2026-07-30,ORD-55995,French Fries,Sides,2,5,10,3.0
2026-07-30,ORD-25621,French Fries,Sides,3,5,15,4.5
2026-07-30,ORD-11006,Soda,Drinks,2,3,6,1.0
2026-07-30,ORD-53156,Pepperoni Pizza,Pizza,2,18,36,12.0
2026-07-30,ORD-84053,Margherita Pizza,Pizza,2,15,30,10.0
2026-07-30,ORD-37115,Soda,Drinks,1,3,3,0.5
2026-07-30,ORD-65336,Caesar Salad,Salads,1,12,12,4.0
2026-07-30,ORD-41146,Chicken Wings,Appetizers,3,10,30,12.0
2026-07-30,ORD-68605,Soda,Drinks,3,3,9,1.5
2026-07-30,ORD-65888,Soda,Drinks,3,3,9,1.5
2026-07-30,ORD-97782,Pepperoni Pizza,Pizza,1,18,18,6.0
2026-07-30,ORD-58450,Pepperoni Pizza,Pizza,1,18,18,6.0
2026-07-30,ORD-48386,Margherita Pizza,Pizza,5,15,75,25.0
2026-07-30,ORD-33616,Beef Burger,Burgers,3,14,42,18.0
2026-07-30,ORD-26403,Margherita Pizza,Pizza,4,15,60,20.0
2026-07-30,ORD-94956,Soda,Drinks,2,3,6,1.0
2026-07-30,ORD-57367,Beef Burger,Burgers,3,14,42,18.0
2026-07-31,ORD-24177,Caesar Salad,Salads,1,12,12,4.0
2026-07-31,ORD-65432,Coffee,Drinks,3,4,12,3.0
2026-07-31,ORD-42816,Caesar Salad,Salads,2,12,24,8.0
2026-07-31,ORD-74740,Pepperoni Pizza,Pizza,2,18,36,12.0
2026-07-31,ORD-52751,Soda,Drinks,2,3,6,1.0
2026-07-31,ORD-96650,Chicken Wings,Appetizers,2,10,20,8.0
2026-07-31,ORD-84423,Beef Burger,Burgers,1,14,14,6.0
2026-07-31,ORD-74649,Soda,Drinks,3,3,9,1.5
2026-07-31,ORD-87435,Caesar Salad,Salads,3,12,36,12.0
2026-07-31,ORD-76574,Tiramisu,Desserts,1,8,8,3.0
2026-07-31,ORD-66729,Caesar Salad,Salads,3,12,36,12.0
2026-07-31,ORD-11896,Chicken Wings,Appetizers,1,10,10,4.0
2026-07-31,ORD-37663,Margherita Pizza,Pizza,5,15,75,25.0
2026-07-31,ORD-88993,Caesar Salad,Salads,3,12,36,12.0
2026-07-31,ORD-28933,Beef Burger,Burgers,2,14,28,12.0
2026-07-31,ORD-21244,French Fries,Sides,3,5,15,4.5
2026-07-31,ORD-73071,Beef Burger,Burgers,2,14,28,12.0
2026-07-31,ORD-22033,French Fries,Sides,1,5,5,1.5
2026-07-31,ORD-47072,Caesar Salad,Salads,3,12,36,12.0
2026-07-31,ORD-18833,Pepperoni Pizza,Pizza,1,18,18,6.0
2026-07-31,ORD-34063,Margherita Pizza,Pizza,2,15,30,10.0
2026-07-31,ORD-61426,Margherita Pizza,Pizza,3,15,45,15.0
2026-07-31,ORD-92068,French Fries,Sides,1,5,5,1.5
2026-07-31,ORD-83071,Margherita Pizza,Pizza,5,15,75,25.0
2026-07-31,ORD-71479,Tiramisu,Desserts,1,8,8,3.0
2026-07-31,ORD-64716,Beef Burger,Burgers,1,14,14,6.0
2026-07-31,ORD-27113,Pepperoni Pizza,Pizza,1,18,18,6.0
2026-07-31,ORD-35764,Coffee,Drinks,1,4,4,1.0
2026-07-31,ORD-41995,Coffee,Drinks,3,4,12,3.0
2026-07-31,ORD-69867,French Fries,Sides,1,5,5,1.5
2026-07-31,ORD-77741,Pepperoni Pizza,Pizza,1,18,18,6.0
2026-07-31,ORD-87478,Margherita Pizza,Pizza,2,15,30,10.0
2026-07-31,ORD-68337,Caesar Salad,Salads,1,12,12,4.0
2026-07-31,ORD-28930,Coffee,Drinks,3,4,12,3.0
2026-07-31,ORD-57973,French Fries,Sides,1,5,5,1.5
2026-07-31,ORD-13395,Soda,Drinks,2,3,6,1.0
2026-07-31,ORD-14085,Bruschetta,Appetizers,1,7,7,2.5
2026-07-31,ORD-80712,Beef Burger,Burgers,2,14,28,12.0
2026-07-31,ORD-83161,Tiramisu,Desserts,1,8,8,3.0
2026-07-31,ORD-51947,Tiramisu,Desserts,1,8,8,3.0
2026-07-31,ORD-76090,Soda,Drinks,1,3,3,0.5
2026-07-31,ORD-37638,Beef Burger,Burgers,1,14,14,6.0
2026-07-31,ORD-44581,Margherita Pizza,Pizza,2,15,30,10.0
2026-07-31,ORD-96335,Margherita Pizza,Pizza,2,15,30,10.0
2026-07-31,ORD-32912,Beef Burger,Burgers,1,14,14,6.0
2026-07-31,ORD-26951,Margherita Pizza,Pizza,5,15,75,25.0
2026-07-31,ORD-74427,Beef Burger,Burgers,3,14,42,18.0
2026-07-31,ORD-12439,Caesar Salad,Salads,2,12,24,8.0
2026-07-31,ORD-83253,Tiramisu,Desserts,2,8,16,6.0
2026-07-31,ORD-59375,Margherita Pizza,Pizza,5,15,75,25.0
2026-07-31,ORD-68325,Soda,Drinks,2,3,6,1.0
2026-07-31,ORD-48824,French Fries,Sides,3,5,15,4.5
2026-07-31,ORD-42600,Caesar Salad,Salads,3,12,36,12.0
2026-07-31,ORD-20971,Caesar Salad,Salads,1,12,12,4.0
2026-07-31,ORD-28794,Margherita Pizza,Pizza,3,15,45,15.0
2026-07-31,ORD-32486,Chicken Wings,Appetizers,3,10,30,12.0
2026-07-31,ORD-97723,French Fries,Sides,3,5,15,4.5
2026-07-31,ORD-99192,Beef Burger,Burgers,3,14,42,18.0
2026-07-31,ORD-76506,Caesar Salad,Salads,2,12,24,8.0
2026-07-31,ORD-47818,French Fries,Sides,2,5,10,3.0
2026-07-31,ORD-88228,Pepperoni Pizza,Pizza,1,18,18,6.0
2026-07-31,ORD-82749,Coffee,Drinks,1,4,4,1.0
2026-07-31,ORD-98269,Chicken Wings,Appetizers,2,10,20,8.0
2026-07-31,ORD-88479,Pepperoni Pizza,Pizza,1,18,18,6.0
2026-07-31,ORD-47590,Caesar Salad,Salads,1,12,12,4.0
2026-07-31,ORD-27321,Caesar Salad,Salads,3,12,36,12.0
2026-07-31,ORD-46514,French Fries,Sides,2,5,10,3.0
2026-07-31,ORD-26610,Tiramisu,Desserts,1,8,8,3.0
2026-07-31,ORD-48596,French Fries,Sides,1,5,5,1.5
2026-07-31,ORD-85151,Caesar Salad,Salads,1,12,12,4.0
2026-07-31,ORD-71412,Coffee,Drinks,2,4,8,2.0
2026-07-31,ORD-27214,Chicken Wings,Appetizers,2,10,20,8.0
2026-07-31,ORD-46076,Soda,Drinks,1,3,3,0.5
2026-07-31,ORD-67186,Coffee,Drinks,2,4,8,2.0
2026-07-31,ORD-26532,Tiramisu,Desserts,1,8,8,3.0
2026-07-31,ORD-63482,Beef Burger,Burgers,3,14,42,18.0
2026-07-31,ORD-52589,Tiramisu,Desserts,1,8,8,3.0
2026-07-31,ORD-19327,Pepperoni Pizza,Pizza,2,18,36,12.0
2026-07-31,ORD-76958,Tiramisu,Desserts,2,8,16,6.0
2026-07-31,ORD-61860,Beef Burger,Burgers,3,14,42,18.0
2026-07-31,ORD-14556,French Fries,Sides,3,5,15,4.5
2026-07-31,ORD-64671,Tiramisu,Desserts,1,8,8,3.0
2026-07-31,ORD-77111,Beef Burger,Burgers,1,14,14,6.0
2026-07-31,ORD-83919,Margherita Pizza,Pizza,4,15,60,20.0
2026-07-31,ORD-45491,French Fries,Sides,2,5,10,3.0
2026-07-31,ORD-77006,Coffee,Drinks,1,4,4,1.0
2026-07-31,ORD-37105,French Fries,Sides,2,5,10,3.0
2026-07-31,ORD-93942,Chicken Wings,Appetizers,2,10,20,8.0
2026-07-31,ORD-12442,Margherita Pizza,Pizza,4,15,60,20.0
2026-07-31,ORD-16031,Pepperoni Pizza,Pizza,3,18,54,18.0
2026-07-31,ORD-18288,Bruschetta,Appetizers,1,7,7,2.5
2026-07-31,ORD-12075,Tiramisu,Desserts,1,8,8,3.0
2026-07-31,ORD-77837,Caesar Salad,Salads,2,12,24,8.0
2026-07-31,ORD-67310,Margherita Pizza,Pizza,5,15,75,25.0
2026-07-31,ORD-47708,Tiramisu,Desserts,2,8,16,6.0
2026-07-31,ORD-68998,Tiramisu,Desserts,3,8,24,9.0
2026-07-31,ORD-19099,French Fries,Sides,3,5,15,4.5
2026-07-31,ORD-47061,Chicken Wings,Appetizers,1,10,10,4.0
2026-07-31,ORD-84392,French Fries,Sides,3,5,15,4.5
2026-07-31,ORD-69770,Beef Burger,Burgers,1,14,14,6.0
2026-07-31,ORD-85512,Caesar Salad,Salads,2,12,24,8.0
2026-07-31,ORD-31594,Beef Burger,Burgers,2,14,28,12.0
2026-07-31,ORD-18889,Margherita Pizza,Pizza,2,15,30,10.0
2026-07-31,ORD-99732,Beef Burger,Burgers,1,14,14,6.0
2026-07-31,ORD-18237,French Fries,Sides,2,5,10,3.0
2026-07-31,ORD-50139,Coffee,Drinks,3,4,12,3.0
2026-07-31,ORD-93857,French Fries,Sides,3,5,15,4.5
2026-07-31,ORD-31878,Beef Burger,Burgers,2,14,28,12.0
2026-07-31,ORD-84983,Coffee,Drinks,2,4,8,2.0
2026-07-31,ORD-19431,Chicken Wings,Appetizers,3,10,30,12.0
2026-07-31,ORD-90995,Soda,Drinks,1,3,3,0.5
2026-07-31,ORD-16646,French Fries,Sides,3,5,15,4.5
2026-07-31,ORD-41222,Tiramisu,Desserts,3,8,24,9.0
2026-07-31,ORD-87679,Coffee,Drinks,3,4,12,3.0
2026-07-31,ORD-26379,Pepperoni Pizza,Pizza,1,18,18,6.0
2026-07-31,ORD-62563,Bruschetta,Appetizers,1,7,7,2.5
2026-07-31,ORD-48612,Beef Burger,Burgers,1,14,14,6.0
2026-07-31,ORD-35378,Beef Burger,Burgers,1,14,14,6.0
2026-07-31,ORD-78747,Bruschetta,Appetizers,1,7,7,2.5
2026-07-31,ORD-33211,French Fries,Sides,2,5,10,3.0
2026-07-31,ORD-67677,Pepperoni Pizza,Pizza,2,18,36,12.0
2026-07-31,ORD-40019,Soda,Drinks,3,3,9,1.5
2026-08-01,ORD-41486,French Fries,Sides,3,5,15,4.5
2026-08-01,ORD-25045,Pepperoni Pizza,Pizza,1,18,18,6.0
2026-08-01,ORD-35815,Coffee,Drinks,1,4,4,1.0
2026-08-01,ORD-97973,French Fries,Sides,2,5,10,3.0
2026-08-01,ORD-29231,Coffee,Drinks,3,4,12,3.0
2026-08-01,ORD-74039,Margherita Pizza,Pizza,2,15,30,10.0
2026-08-01,ORD-56856,Chicken Wings,Appetizers,1,10,10,4.0
2026-08-01,ORD-47903,French Fries,Sides,3,5,15,4.5
2026-08-01,ORD-64520,Beef Burger,Burgers,1,14,14,6.0
2026-08-01,ORD-83920,Chicken Wings,Appetizers,2,10,20,8.0
2026-08-01,ORD-11229,French Fries,Sides,2,5,10,3.0
2026-08-01,ORD-99837,Coffee,Drinks,3,4,12,3.0
2026-08-01,ORD-23761,Coffee,Drinks,1,4,4,1.0
2026-08-01,ORD-44939,Soda,Drinks,2,3,6,1.0
2026-08-01,ORD-81052,Pepperoni Pizza,Pizza,3,18,54,18.0
2026-08-01,ORD-81117,Caesar Salad,Salads,3,12,36,12.0
2026-08-01,ORD-79299,French Fries,Sides,3,5,15,4.5
2026-08-01,ORD-17818,Margherita Pizza,Pizza,5,15,75,25.0
2026-08-01,ORD-59618,Tiramisu,Desserts,1,8,8,3.0
2026-08-01,ORD-74699,Coffee,Drinks,1,4,4,1.0
2026-08-01,ORD-23161,Margherita Pizza,Pizza,5,15,75,25.0
2026-08-01,ORD-44481,Coffee,Drinks,1,4,4,1.0
2026-08-01,ORD-19473,Caesar Salad,Salads,2,12,24,8.0
2026-08-01,ORD-56079,Soda,Drinks,1,3,3,0.5
2026-08-01,ORD-27105,French Fries,Sides,2,5,10,3.0
2026-08-01,ORD-26001,Tiramisu,Desserts,3,8,24,9.0
2026-08-01,ORD-91091,Pepperoni Pizza,Pizza,2,18,36,12.0
2026-08-01,ORD-77571,Caesar Salad,Salads,2,12,24,8.0
2026-08-01,ORD-78335,Margherita Pizza,Pizza,5,15,75,25.0
2026-08-01,ORD-85019,Tiramisu,Desserts,2,8,16,6.0
2026-08-01,ORD-15149,Beef Burger,Burgers,3,14,42,18.0
2026-08-01,ORD-46194,Tiramisu,Desserts,1,8,8,3.0
2026-08-01,ORD-21243,Soda,Drinks,2,3,6,1.0
2026-08-01,ORD-24008,Beef Burger,Burgers,3,14,42,18.0
2026-08-01,ORD-24790,Tiramisu,Desserts,2,8,16,6.0
2026-08-01,ORD-23704,Beef Burger,Burgers,1,14,14,6.0
2026-08-01,ORD-68938,Coffee,Drinks,2,4,8,2.0
2026-08-01,ORD-26725,Beef Burger,Burgers,2,14,28,12.0
2026-08-01,ORD-78969,Margherita Pizza,Pizza,5,15,75,25.0
2026-08-01,ORD-77097,French Fries,Sides,2,5,10,3.0
2026-08-01,ORD-30596,Pepperoni Pizza,Pizza,1,18,18,6.0
2026-08-01,ORD-80523,Coffee,Drinks,1,4,4,1.0
2026-08-01,ORD-97776,Tiramisu,Desserts,1,8,8,3.0
2026-08-01,ORD-90583,Soda,Drinks,1,3,3,0.5
2026-08-01,ORD-10046,Tiramisu,Desserts,1,8,8,3.0
2026-08-01,ORD-97601,Coffee,Drinks,3,4,12,3.0
2026-08-01,ORD-54081,Tiramisu,Desserts,1,8,8,3.0
2026-08-01,ORD-76141,Tiramisu,Desserts,1,8,8,3.0
2026-08-01,ORD-79038,Tiramisu,Desserts,3,8,24,9.0
2026-08-01,ORD-37831,Pepperoni Pizza,Pizza,1,18,18,6.0
2026-08-01,ORD-32489,Beef Burger,Burgers,2,14,28,12.0
2026-08-01,ORD-95411,French Fries,Sides,1,5,5,1.5
2026-08-01,ORD-19611,French Fries,Sides,1,5,5,1.5
2026-08-01,ORD-43130,Margherita Pizza,Pizza,5,15,75,25.0
2026-08-01,ORD-15986,Tiramisu,Desserts,3,8,24,9.0
2026-08-01,ORD-91860,Beef Burger,Burgers,2,14,28,12.0
2026-08-01,ORD-36429,Margherita Pizza,Pizza,3,15,45,15.0
2026-08-01,ORD-68878,Pepperoni Pizza,Pizza,2,18,36,12.0
2026-08-01,ORD-27625,Margherita Pizza,Pizza,4,15,60,20.0
2026-08-01,ORD-76785,Margherita Pizza,Pizza,3,15,45,15.0
2026-08-01,ORD-68722,Soda,Drinks,3,3,9,1.5
2026-08-01,ORD-78311,Caesar Salad,Salads,2,12,24,8.0
2026-08-01,ORD-45206,French Fries,Sides,2,5,10,3.0
2026-08-01,ORD-57114,Caesar Salad,Salads,3,12,36,12.0
2026-08-01,ORD-17305,Caesar Salad,Salads,2,12,24,8.0
2026-08-01,ORD-68847,Caesar Salad,Salads,1,12,12,4.0
2026-08-01,ORD-33577,Soda,Drinks,2,3,6,1.0
2026-08-01,ORD-78232,Chicken Wings,Appetizers,3,10,30,12.0
2026-08-01,ORD-35583,French Fries,Sides,3,5,15,4.5
2026-08-01,ORD-35343,Chicken Wings,Appetizers,1,10,10,4.0
2026-08-01,ORD-19482,Chicken Wings,Appetizers,3,10,30,12.0
2026-08-01,ORD-16501,Tiramisu,Desserts,3,8,24,9.0
2026-08-01,ORD-90064,Pepperoni Pizza,Pizza,3,18,54,18.0
2026-08-01,ORD-29405,Chicken Wings,Appetizers,3,10,30,12.0
2026-08-01,ORD-39759,Tiramisu,Desserts,1,8,8,3.0
2026-08-01,ORD-56721,Coffee,Drinks,3,4,12,3.0
2026-08-01,ORD-45406,Caesar Salad,Salads,2,12,24,8.0
2026-08-01,ORD-88914,Coffee,Drinks,1,4,4,1.0
2026-08-01,ORD-75064,Pepperoni Pizza,Pizza,2,18,36,12.0
2026-08-01,ORD-14578,Coffee,Drinks,3,4,12,3.0
2026-08-01,ORD-90906,Soda,Drinks,2,3,6,1.0
2026-08-01,ORD-38921,Coffee,Drinks,2,4,8,2.0
2026-08-01,ORD-12204,Pepperoni Pizza,Pizza,1,18,18,6.0
2026-08-01,ORD-63184,Pepperoni Pizza,Pizza,1,18,18,6.0
2026-08-01,ORD-27946,Pepperoni Pizza,Pizza,1,18,18,6.0
2026-08-01,ORD-14086,Beef Burger,Burgers,1,14,14,6.0
2026-08-01,ORD-48515,Tiramisu,Desserts,1,8,8,3.0
2026-08-01,ORD-91318,Margherita Pizza,Pizza,3,15,45,15.0
2026-08-01,ORD-97619,Margherita Pizza,Pizza,5,15,75,25.0
2026-08-01,ORD-15403,Beef Burger,Burgers,3,14,42,18.0
2026-08-01,ORD-17485,Soda,Drinks,2,3,6,1.0
2026-08-01,ORD-35020,Pepperoni Pizza,Pizza,1,18,18,6.0
2026-08-01,ORD-19434,Caesar Salad,Salads,1,12,12,4.0
2026-08-01,ORD-47700,Coffee,Drinks,1,4,4,1.0
2026-08-01,ORD-14760,Soda,Drinks,3,3,9,1.5
2026-08-01,ORD-52749,Chicken Wings,Appetizers,2,10,20,8.0
2026-08-01,ORD-94771,Margherita Pizza,Pizza,4,15,60,20.0
2026-08-01,ORD-35119,Caesar Salad,Salads,2,12,24,8.0
2026-08-01,ORD-68835,Pepperoni Pizza,Pizza,3,18,54,18.0
2026-08-01,ORD-65979,French Fries,Sides,1,5,5,1.5
2026-08-01,ORD-61798,Margherita Pizza,Pizza,5,15,75,25.0
2026-08-01,ORD-90050,Soda,Drinks,3,3,9,1.5
2026-08-01,ORD-99162,Chicken Wings,Appetizers,3,10,30,12.0
2026-08-01,ORD-60885,Soda,Drinks,3,3,9,1.5
2026-08-01,ORD-41255,Pepperoni Pizza,Pizza,2,18,36,12.0
2026-08-01,ORD-30069,Bruschetta,Appetizers,1,7,7,2.5
2026-08-01,ORD-93880,Caesar Salad,Salads,1,12,12,4.0
2026-08-01,ORD-19512,Coffee,Drinks,1,4,4,1.0
2026-08-01,ORD-91299,Coffee,Drinks,3,4,12,3.0
2026-08-01,ORD-62385,Coffee,Drinks,3,4,12,3.0
2026-08-01,ORD-36670,Chicken Wings,Appetizers,3,10,30,12.0
2026-08-01,ORD-60891,Coffee,Drinks,2,4,8,2.0
2026-08-01,ORD-41323,Pepperoni Pizza,Pizza,1,18,18,6.0
2026-08-01,ORD-95267,Chicken Wings,Appetizers,2,10,20,8.0
2026-08-01,ORD-63648,Beef Burger,Burgers,2,14,28,12.0
2026-08-01,ORD-40305,Soda,Drinks,1,3,3,0.5
2026-08-01,ORD-11744,French Fries,Sides,3,5,15,4.5
2026-08-01,ORD-75342,Beef Burger,Burgers,3,14,42,18.0
2026-08-01,ORD-41261,French Fries,Sides,1,5,5,1.5
2026-08-01,ORD-21194,Bruschetta,Appetizers,1,7,7,2.5
2026-08-01,ORD-12078,Coffee,Drinks,3,4,12,3.0
2026-08-01,ORD-64332,Beef Burger,Burgers,3,14,42,18.0
2026-08-01,ORD-74296,Pepperoni Pizza,Pizza,2,18,36,12.0
2026-08-01,ORD-68208,Tiramisu,Desserts,1,8,8,3.0
2026-08-01,ORD-63824,Soda,Drinks,3,3,9,1.5
2026-08-01,ORD-71413,Chicken Wings,Appetizers,3,10,30,12.0
2026-08-01,ORD-72323,Pepperoni Pizza,Pizza,2,18,36,12.0
2026-08-01,ORD-87856,Pepperoni Pizza,Pizza,2,18,36,12.0
2026-08-01,ORD-88245,Pepperoni Pizza,Pizza,1,18,18,6.0
2026-08-01,ORD-26229,French Fries,Sides,3,5,15,4.5
2026-08-01,ORD-95970,Caesar Salad,Salads,3,12,36,12.0
2026-08-01,ORD-87909,Caesar Salad,Salads,3,12,36,12.0
2026-08-01,ORD-99670,Caesar Salad,Salads,3,12,36,12.0
2026-08-01,ORD-19901,Beef Burger,Burgers,1,14,14,6.0
2026-08-01,ORD-65746,Margherita Pizza,Pizza,3,15,45,15.0
2026-08-01,ORD-71989,French Fries,Sides,2,5,10,3.0
2026-08-02,ORD-71025,Soda,Drinks,3,3,9,1.5
2026-08-02,ORD-39184,Tiramisu,Desserts,1,8,8,3.0
2026-08-02,ORD-64975,Chicken Wings,Appetizers,2,10,20,8.0
2026-08-02,ORD-43642,Beef Burger,Burgers,1,14,14,6.0
2026-08-02,ORD-38164,Pepperoni Pizza,Pizza,1,18,18,6.0
2026-08-02,ORD-54947,Beef Burger,Burgers,3,14,42,18.0
2026-08-02,ORD-83356,Coffee,Drinks,1,4,4,1.0
2026-08-02,ORD-32775,Caesar Salad,Salads,1,12,12,4.0
2026-08-02,ORD-40770,Caesar Salad,Salads,2,12,24,8.0
2026-08-02,ORD-48261,French Fries,Sides,2,5,10,3.0
2026-08-02,ORD-68023,Tiramisu,Desserts,3,8,24,9.0
2026-08-02,ORD-82874,Soda,Drinks,2,3,6,1.0
2026-08-02,ORD-76621,Caesar Salad,Salads,3,12,36,12.0
2026-08-02,ORD-65582,French Fries,Sides,3,5,15,4.5
2026-08-02,ORD-47893,Beef Burger,Burgers,1,14,14,6.0
2026-08-02,ORD-32470,Soda,Drinks,1,3,3,0.5
2026-08-02,ORD-66468,Coffee,Drinks,2,4,8,2.0
2026-08-02,ORD-21731,Tiramisu,Desserts,2,8,16,6.0
2026-08-02,ORD-62764,Beef Burger,Burgers,1,14,14,6.0
2026-08-02,ORD-56499,Margherita Pizza,Pizza,3,15,45,15.0
2026-08-02,ORD-65140,French Fries,Sides,1,5,5,1.5
2026-08-02,ORD-25382,Soda,Drinks,1,3,3,0.5
2026-08-02,ORD-52328,Margherita Pizza,Pizza,4,15,60,20.0
2026-08-02,ORD-66199,Beef Burger,Burgers,1,14,14,6.0
2026-08-02,ORD-14186,Beef Burger,Burgers,2,14,28,12.0
2026-08-02,ORD-57394,Beef Burger,Burgers,1,14,14,6.0
2026-08-02,ORD-96259,Tiramisu,Desserts,2,8,16,6.0
2026-08-02,ORD-93477,Soda,Drinks,2,3,6,1.0
2026-08-02,ORD-49908,Margherita Pizza,Pizza,5,15,75,25.0
2026-08-02,ORD-13658,Soda,Drinks,1,3,3,0.5
2026-08-02,ORD-52696,Beef Burger,Burgers,2,14,28,12.0
2026-08-02,ORD-35736,Pepperoni Pizza,Pizza,1,18,18,6.0
2026-08-02,ORD-86712,Soda,Drinks,3,3,9,1.5
2026-08-02,ORD-17652,Soda,Drinks,1,3,3,0.5
2026-08-02,ORD-86214,Pepperoni Pizza,Pizza,1,18,18,6.0
2026-08-02,ORD-52441,Caesar Salad,Salads,3,12,36,12.0
2026-08-02,ORD-58202,Beef Burger,Burgers,1,14,14,6.0
2026-08-02,ORD-63393,Coffee,Drinks,1,4,4,1.0
2026-08-02,ORD-89606,Pepperoni Pizza,Pizza,1,18,18,6.0
2026-08-02,ORD-88931,Margherita Pizza,Pizza,2,15,30,10.0
2026-08-02,ORD-34585,Margherita Pizza,Pizza,2,15,30,10.0
2026-08-02,ORD-77233,Pepperoni Pizza,Pizza,3,18,54,18.0
2026-08-02,ORD-55674,Soda,Drinks,3,3,9,1.5
2026-08-02,ORD-53117,Chicken Wings,Appetizers,3,10,30,12.0
2026-08-02,ORD-47999,Soda,Drinks,1,3,3,0.5
2026-08-02,ORD-78643,Margherita Pizza,Pizza,3,15,45,15.0
2026-08-02,ORD-57529,Pepperoni Pizza,Pizza,3,18,54,18.0
2026-08-02,ORD-49699,Pepperoni Pizza,Pizza,1,18,18,6.0
2026-08-02,ORD-41268,Bruschetta,Appetizers,1,7,7,2.5
2026-08-02,ORD-38857,Chicken Wings,Appetizers,2,10,20,8.0
2026-08-02,ORD-36255,Tiramisu,Desserts,2,8,16,6.0
2026-08-02,ORD-87853,Chicken Wings,Appetizers,3,10,30,12.0
2026-08-02,ORD-99127,Coffee,Drinks,2,4,8,2.0
2026-08-02,ORD-48135,Tiramisu,Desserts,3,8,24,9.0
2026-08-02,ORD-45984,Beef Burger,Burgers,2,14,28,12.0
2026-08-02,ORD-10697,Beef Burger,Burgers,1,14,14,6.0
2026-08-02,ORD-35978,Tiramisu,Desserts,1,8,8,3.0
2026-08-02,ORD-61441,Coffee,Drinks,1,4,4,1.0
2026-08-02,ORD-52747,Soda,Drinks,2,3,6,1.0
2026-08-02,ORD-97934,Caesar Salad,Salads,2,12,24,8.0
2026-08-02,ORD-41535,Chicken Wings,Appetizers,1,10,10,4.0
2026-08-02,ORD-12219,Soda,Drinks,2,3,6,1.0
2026-08-02,ORD-26034,Beef Burger,Burgers,2,14,28,12.0
2026-08-02,ORD-49073,Tiramisu,Desserts,3,8,24,9.0
2026-08-02,ORD-18112,Caesar Salad,Salads,1,12,12,4.0
2026-08-02,ORD-12904,Chicken Wings,Appetizers,3,10,30,12.0
2026-08-02,ORD-16527,Chicken Wings,Appetizers,2,10,20,8.0
2026-08-02,ORD-58079,Soda,Drinks,1,3,3,0.5
2026-08-02,ORD-42288,Tiramisu,Desserts,2,8,16,6.0
2026-08-02,ORD-74411,Chicken Wings,Appetizers,3,10,30,12.0
2026-08-02,ORD-18640,French Fries,Sides,2,5,10,3.0
2026-08-02,ORD-35568,Beef Burger,Burgers,3,14,42,18.0
2026-08-02,ORD-12508,Margherita Pizza,Pizza,4,15,60,20.0
2026-08-02,ORD-85013,Coffee,Drinks,1,4,4,1.0
2026-08-02,ORD-28342,Coffee,Drinks,3,4,12,3.0
2026-08-02,ORD-16298,Tiramisu,Desserts,3,8,24,9.0
2026-08-02,ORD-76112,Coffee,Drinks,3,4,12,3.0
2026-08-02,ORD-90472,Bruschetta,Appetizers,1,7,7,2.5
2026-08-02,ORD-31069,Margherita Pizza,Pizza,4,15,60,20.0
2026-08-02,ORD-73383,Caesar Salad,Salads,3,12,36,12.0
2026-08-02,ORD-48648,Pepperoni Pizza,Pizza,2,18,36,12.0
2026-08-02,ORD-57369,Margherita Pizza,Pizza,5,15,75,25.0
2026-08-02,ORD-11307,Pepperoni Pizza,Pizza,2,18,36,12.0
2026-08-02,ORD-25137,Margherita Pizza,Pizza,4,15,60,20.0
2026-08-02,ORD-87006,Coffee,Drinks,3,4,12,3.0
2026-08-02,ORD-89549,Caesar Salad,Salads,3,12,36,12.0
2026-08-02,ORD-61214,Soda,Drinks,2,3,6,1.0
2026-08-02,ORD-29953,Tiramisu,Desserts,2,8,16,6.0
2026-08-02,ORD-80836,Caesar Salad,Salads,1,12,12,4.0
2026-08-02,ORD-66984,Tiramisu,Desserts,2,8,16,6.0
2026-08-02,ORD-94567,French Fries,Sides,1,5,5,1.5
2026-08-02,ORD-73451,Margherita Pizza,Pizza,4,15,60,20.0
2026-08-02,ORD-44298,Tiramisu,Desserts,2,8,16,6.0
2026-08-02,ORD-73863,Pepperoni Pizza,Pizza,3,18,54,18.0
2026-08-02,ORD-20851,Margherita Pizza,Pizza,2,15,30,10.0
2026-08-02,ORD-93585,Tiramisu,Desserts,3,8,24,9.0
2026-08-02,ORD-94399,Beef Burger,Burgers,2,14,28,12.0
2026-08-02,ORD-31983,Pepperoni Pizza,Pizza,3,18,54,18.0
2026-08-02,ORD-32400,Coffee,Drinks,2,4,8,2.0
2026-08-02,ORD-67390,Pepperoni Pizza,Pizza,2,18,36,12.0
2026-08-02,ORD-52264,Soda,Drinks,2,3,6,1.0
2026-08-02,ORD-88367,Pepperoni Pizza,Pizza,1,18,18,6.0
2026-08-02,ORD-37553,Coffee,Drinks,1,4,4,1.0
2026-08-02,ORD-23052,Beef Burger,Burgers,1,14,14,6.0
2026-08-02,ORD-38704,Chicken Wings,Appetizers,3,10,30,12.0
2026-08-02,ORD-89292,Margherita Pizza,Pizza,5,15,75,25.0
2026-08-02,ORD-89494,Soda,Drinks,2,3,6,1.0
2026-08-02,ORD-82649,French Fries,Sides,2,5,10,3.0
2026-08-02,ORD-26997,Pepperoni Pizza,Pizza,1,18,18,6.0
2026-08-02,ORD-85892,Chicken Wings,Appetizers,1,10,10,4.0
2026-08-02,ORD-25317,Pepperoni Pizza,Pizza,1,18,18,6.0
2026-08-02,ORD-56727,Soda,Drinks,3,3,9,1.5
2026-08-02,ORD-87331,Soda,Drinks,1,3,3,0.5
2026-08-02,ORD-89434,Coffee,Drinks,3,4,12,3.0
2026-08-02,ORD-57047,Chicken Wings,Appetizers,1,10,10,4.0
2026-08-02,ORD-95696,Soda,Drinks,2,3,6,1.0
2026-08-02,ORD-94996,Caesar Salad,Salads,3,12,36,12.0
2026-08-02,ORD-63670,Bruschetta,Appetizers,1,7,7,2.5
2026-08-02,ORD-54193,Margherita Pizza,Pizza,2,15,30,10.0
2026-08-02,ORD-73980,Chicken Wings,Appetizers,1,10,10,4.0
2026-08-02,ORD-10184,Coffee,Drinks,3,4,12,3.0
2026-08-02,ORD-10791,Chicken Wings,Appetizers,1,10,10,4.0
2026-08-02,ORD-51409,Beef Burger,Burgers,1,14,14,6.0
2026-08-02,ORD-98288,Caesar Salad,Salads,1,12,12,4.0
2026-08-02,ORD-36922,French Fries,Sides,3,5,15,4.5
2026-08-02,ORD-12346,Chicken Wings,Appetizers,3,10,30,12.0
2026-08-02,ORD-83197,Tiramisu,Desserts,3,8,24,9.0
2026-08-02,ORD-54054,Pepperoni Pizza,Pizza,3,18,54,18.0
2026-08-02,ORD-88529,Caesar Salad,Salads,1,12,12,4.0
2026-08-02,ORD-87433,Beef Burger,Burgers,3,14,42,18.0
2026-08-02,ORD-26614,Margherita Pizza,Pizza,2,15,30,10.0
2026-08-02,ORD-41982,Beef Burger,Burgers,3,14,42,18.0
2026-08-02,ORD-74223,Tiramisu,Desserts,1,8,8,3.0
2026-08-02,ORD-59958,French Fries,Sides,2,5,10,3.0
2026-08-02,ORD-14223,Beef Burger,Burgers,2,14,28,12.0
2026-08-03,ORD-38382,Beef Burger,Burgers,3,14,42,18.0
2026-08-03,ORD-26507,Beef Burger,Burgers,2,14,28,12.0
2026-08-03,ORD-26065,Pepperoni Pizza,Pizza,1,18,18,6.0
2026-08-03,ORD-24076,Pepperoni Pizza,Pizza,2,18,36,12.0
2026-08-03,ORD-33817,French Fries,Sides,2,5,10,3.0
2026-08-03,ORD-34173,Soda,Drinks,1,3,3,0.5
2026-08-03,ORD-99641,Caesar Salad,Salads,3,12,36,12.0
2026-08-03,ORD-99616,Caesar Salad,Salads,3,12,36,12.0
2026-08-03,ORD-93039,Tiramisu,Desserts,1,8,8,3.0
2026-08-03,ORD-67305,Beef Burger,Burgers,3,14,42,18.0
2026-08-03,ORD-19530,Tiramisu,Desserts,1,8,8,3.0
2026-08-03,ORD-20308,Bruschetta,Appetizers,1,7,7,2.5
2026-08-03,ORD-77239,French Fries,Sides,3,5,15,4.5
2026-08-03,ORD-46998,Coffee,Drinks,1,4,4,1.0
2026-08-03,ORD-49610,Soda,Drinks,1,3,3,0.5
2026-08-03,ORD-11313,Caesar Salad,Salads,2,12,24,8.0
2026-08-03,ORD-80479,Soda,Drinks,2,3,6,1.0
2026-08-03,ORD-79297,Beef Burger,Burgers,2,14,28,12.0
2026-08-03,ORD-22230,Chicken Wings,Appetizers,2,10,20,8.0
2026-08-03,ORD-30130,Tiramisu,Desserts,1,8,8,3.0
2026-08-03,ORD-59502,Coffee,Drinks,1,4,4,1.0
2026-08-03,ORD-44705,Beef Burger,Burgers,1,14,14,6.0
2026-08-03,ORD-43158,Pepperoni Pizza,Pizza,3,18,54,18.0
2026-08-03,ORD-41960,Chicken Wings,Appetizers,3,10,30,12.0
2026-08-03,ORD-71670,Tiramisu,Desserts,3,8,24,9.0
2026-08-03,ORD-68883,French Fries,Sides,3,5,15,4.5
2026-08-03,ORD-66674,Chicken Wings,Appetizers,2,10,20,8.0
2026-08-03,ORD-71960,Tiramisu,Desserts,1,8,8,3.0
2026-08-03,ORD-23748,Caesar Salad,Salads,1,12,12,4.0
2026-08-03,ORD-49058,Caesar Salad,Salads,2,12,24,8.0
2026-08-03,ORD-66377,Caesar Salad,Salads,1,12,12,4.0
2026-08-03,ORD-29504,Bruschetta,Appetizers,1,7,7,2.5
2026-08-03,ORD-79458,Chicken Wings,Appetizers,2,10,20,8.0
2026-08-03,ORD-87972,Tiramisu,Desserts,1,8,8,3.0
2026-08-03,ORD-21906,Caesar Salad,Salads,3,12,36,12.0
2026-08-03,ORD-57603,Coffee,Drinks,2,4,8,2.0
2026-08-03,ORD-57741,Chicken Wings,Appetizers,2,10,20,8.0
2026-08-03,ORD-46516,Coffee,Drinks,3,4,12,3.0
2026-08-03,ORD-47233,Chicken Wings,Appetizers,3,10,30,12.0
2026-08-03,ORD-63137,Margherita Pizza,Pizza,2,15,30,10.0
2026-08-03,ORD-27734,Coffee,Drinks,1,4,4,1.0
2026-08-04,ORD-21929,Tiramisu,Desserts,1,8,8,3.0
2026-08-04,ORD-74565,Soda,Drinks,1,3,3,0.5
2026-08-04,ORD-89225,Bruschetta,Appetizers,1,7,7,2.5
2026-08-04,ORD-18057,Caesar Salad,Salads,2,12,24,8.0
2026-08-04,ORD-68039,Tiramisu,Desserts,3,8,24,9.0
2026-08-04,ORD-42082,French Fries,Sides,2,5,10,3.0
2026-08-04,ORD-54887,Tiramisu,Desserts,3,8,24,9.0
2026-08-04,ORD-22353,Pepperoni Pizza,Pizza,1,18,18,6.0
2026-08-04,ORD-61884,Pepperoni Pizza,Pizza,2,18,36,12.0
2026-08-04,ORD-46381,Soda,Drinks,1,3,3,0.5
2026-08-04,ORD-56637,Chicken Wings,Appetizers,2,10,20,8.0
2026-08-04,ORD-91301,Margherita Pizza,Pizza,4,15,60,20.0
2026-08-04,ORD-30134,Chicken Wings,Appetizers,2,10,20,8.0
2026-08-04,ORD-82021,Caesar Salad,Salads,3,12,36,12.0
2026-08-04,ORD-18122,Tiramisu,Desserts,2,8,16,6.0
2026-08-04,ORD-97793,Coffee,Drinks,2,4,8,2.0
2026-08-04,ORD-26047,Beef Burger,Burgers,3,14,42,18.0
2026-08-04,ORD-96380,Caesar Salad,Salads,1,12,12,4.0
2026-08-04,ORD-81382,Chicken Wings,Appetizers,1,10,10,4.0
2026-08-04,ORD-14154,Caesar Salad,Salads,2,12,24,8.0
2026-08-04,ORD-12208,Chicken Wings,Appetizers,2,10,20,8.0
2026-08-04,ORD-21129,Margherita Pizza,Pizza,5,15,75,25.0
2026-08-04,ORD-91529,Tiramisu,Desserts,2,8,16,6.0
2026-08-04,ORD-89164,Caesar Salad,Salads,1,12,12,4.0
2026-08-04,ORD-27699,Margherita Pizza,Pizza,5,15,75,25.0
2026-08-04,ORD-21883,Pepperoni Pizza,Pizza,3,18,54,18.0
2026-08-04,ORD-91728,Soda,Drinks,3,3,9,1.5
2026-08-04,ORD-41700,Coffee,Drinks,2,4,8,2.0
2026-08-04,ORD-92809,Pepperoni Pizza,Pizza,3,18,54,18.0
2026-08-04,ORD-30623,Bruschetta,Appetizers,1,7,7,2.5
2026-08-04,ORD-21281,Margherita Pizza,Pizza,4,15,60,20.0
2026-08-04,ORD-76839,French Fries,Sides,3,5,15,4.5
2026-08-04,ORD-83681,Beef Burger,Burgers,1,14,14,6.0
2026-08-04,ORD-60410,Tiramisu,Desserts,3,8,24,9.0
2026-08-04,ORD-52089,Pepperoni Pizza,Pizza,3,18,54,18.0
2026-08-04,ORD-10544,Chicken Wings,Appetizers,1,10,10,4.0
2026-08-05,ORD-64617,Soda,Drinks,1,3,3,0.5
2026-08-05,ORD-73817,Soda,Drinks,3,3,9,1.5
2026-08-05,ORD-15961,Tiramisu,Desserts,3,8,24,9.0
2026-08-05,ORD-87323,Coffee,Drinks,1,4,4,1.0
2026-08-05,ORD-31129,Caesar Salad,Salads,1,12,12,4.0
2026-08-05,ORD-84303,Beef Burger,Burgers,2,14,28,12.0
2026-08-05,ORD-23992,Tiramisu,Desserts,1,8,8,3.0
2026-08-05,ORD-46445,Pepperoni Pizza,Pizza,1,18,18,6.0
2026-08-05,ORD-19559,Tiramisu,Desserts,2,8,16,6.0
2026-08-05,ORD-59997,French Fries,Sides,2,5,10,3.0
2026-08-05,ORD-96913,Beef Burger,Burgers,3,14,42,18.0
2026-08-05,ORD-51766,Margherita Pizza,Pizza,2,15,30,10.0
2026-08-05,ORD-64650,Pepperoni Pizza,Pizza,3,18,54,18.0
2026-08-05,ORD-38973,Soda,Drinks,2,3,6,1.0
2026-08-05,ORD-79036,Pepperoni Pizza,Pizza,2,18,36,12.0
2026-08-05,ORD-23175,Caesar Salad,Salads,1,12,12,4.0
2026-08-05,ORD-95810,Bruschetta,Appetizers,1,7,7,2.5
2026-08-05,ORD-31953,Pepperoni Pizza,Pizza,3,18,54,18.0
2026-08-05,ORD-99719,Tiramisu,Desserts,1,8,8,3.0
2026-08-05,ORD-87914,Tiramisu,Desserts,1,8,8,3.0
2026-08-05,ORD-48465,Margherita Pizza,Pizza,2,15,30,10.0
2026-08-05,ORD-71287,Chicken Wings,Appetizers,3,10,30,12.0
2026-08-05,ORD-23388,Caesar Salad,Salads,1,12,12,4.0
2026-08-05,ORD-34297,Margherita Pizza,Pizza,5,15,75,25.0
2026-08-05,ORD-11204,French Fries,Sides,2,5,10,3.0
2026-08-05,ORD-24238,Soda,Drinks,1,3,3,0.5
2026-08-05,ORD-52910,Margherita Pizza,Pizza,4,15,60,20.0
2026-08-05,ORD-37161,Beef Burger,Burgers,2,14,28,12.0
2026-08-05,ORD-65416,Caesar Salad,Salads,2,12,24,8.0
2026-08-05,ORD-61505,Tiramisu,Desserts,2,8,16,6.0
2026-08-05,ORD-55347,French Fries,Sides,2,5,10,3.0
2026-08-05,ORD-75189,Beef Burger,Burgers,1,14,14,6.0
2026-08-05,ORD-43105,Margherita Pizza,Pizza,5,15,75,25.0
2026-08-05,ORD-85189,Chicken Wings,Appetizers,3,10,30,12.0
2026-08-05,ORD-54017,Beef Burger,Burgers,1,14,14,6.0
2026-08-05,ORD-23805,Pepperoni Pizza,Pizza,2,18,36,12.0
2026-08-05,ORD-27511,Soda,Drinks,2,3,6,1.0
2026-08-05,ORD-10959,Soda,Drinks,2,3,6,1.0
2026-08-05,ORD-48673,Beef Burger,Burgers,1,14,14,6.0
2026-08-05,ORD-44251,Pepperoni Pizza,Pizza,3,18,54,18.0
2026-08-05,ORD-53084,Bruschetta,Appetizers,1,7,7,2.5
2026-08-05,ORD-91554,Margherita Pizza,Pizza,2,15,30,10.0
2026-08-05,ORD-74938,Beef Burger,Burgers,1,14,14,6.0
2026-08-05,ORD-46223,Soda,Drinks,3,3,9,1.5
2026-08-05,ORD-89855,Soda,Drinks,2,3,6,1.0
2026-08-05,ORD-70532,Coffee,Drinks,1,4,4,1.0
2026-08-05,ORD-44771,Chicken Wings,Appetizers,3,10,30,12.0
2026-08-05,ORD-91507,Margherita Pizza,Pizza,3,15,45,15.0
2026-08-05,ORD-38717,Caesar Salad,Salads,2,12,24,8.0
2026-08-05,ORD-82572,Beef Burger,Burgers,2,14,28,12.0
2026-08-05,ORD-53482,Tiramisu,Desserts,2,8,16,6.0
2026-08-05,ORD-55224,Tiramisu,Desserts,1,8,8,3.0
2026-08-05,ORD-82191,Chicken Wings,Appetizers,2,10,20,8.0
2026-08-05,ORD-66472,Margherita Pizza,Pizza,3,15,45,15.0
2026-08-05,ORD-93688,Chicken Wings,Appetizers,3,10,30,12.0
2026-08-06,ORD-31390,Chicken Wings,Appetizers,3,10,30,12.0
2026-08-06,ORD-24861,French Fries,Sides,1,5,5,1.5
2026-08-06,ORD-21224,Margherita Pizza,Pizza,4,15,60,20.0
2026-08-06,ORD-61667,Bruschetta,Appetizers,1,7,7,2.5
2026-08-06,ORD-55688,Soda,Drinks,3,3,9,1.5
2026-08-06,ORD-73148,Chicken Wings,Appetizers,3,10,30,12.0
2026-08-06,ORD-85658,Tiramisu,Desserts,2,8,16,6.0
2026-08-06,ORD-31064,Pepperoni Pizza,Pizza,1,18,18,6.0
2026-08-06,ORD-34848,Tiramisu,Desserts,3,8,24,9.0
2026-08-06,ORD-83474,Pepperoni Pizza,Pizza,3,18,54,18.0
2026-08-06,ORD-86546,Chicken Wings,Appetizers,2,10,20,8.0
2026-08-06,ORD-87077,Beef Burger,Burgers,1,14,14,6.0
2026-08-06,ORD-38141,Chicken Wings,Appetizers,2,10,20,8.0
2026-08-06,ORD-16800,Beef Burger,Burgers,1,14,14,6.0
2026-08-06,ORD-25282,Soda,Drinks,2,3,6,1.0
2026-08-06,ORD-79549,Chicken Wings,Appetizers,2,10,20,8.0
2026-08-06,ORD-83342,Coffee,Drinks,1,4,4,1.0
2026-08-06,ORD-92922,Coffee,Drinks,3,4,12,3.0
2026-08-06,ORD-15076,Chicken Wings,Appetizers,1,10,10,4.0
2026-08-06,ORD-45402,Soda,Drinks,2,3,6,1.0
2026-08-06,ORD-24776,Soda,Drinks,1,3,3,0.5
2026-08-06,ORD-42117,Margherita Pizza,Pizza,2,15,30,10.0
2026-08-06,ORD-93591,Soda,Drinks,2,3,6,1.0
2026-08-06,ORD-77365,Chicken Wings,Appetizers,2,10,20,8.0
2026-08-06,ORD-18547,Coffee,Drinks,3,4,12,3.0
2026-08-06,ORD-73840,French Fries,Sides,2,5,10,3.0
2026-08-06,ORD-34832,Coffee,Drinks,3,4,12,3.0
2026-08-06,ORD-18639,Pepperoni Pizza,Pizza,3,18,54,18.0
2026-08-06,ORD-47980,Soda,Drinks,1,3,3,0.5
2026-08-06,ORD-69113,Pepperoni Pizza,Pizza,3,18,54,18.0
2026-08-06,ORD-32909,French Fries,Sides,2,5,10,3.0
2026-08-06,ORD-27610,Coffee,Drinks,3,4,12,3.0
2026-08-06,ORD-14774,French Fries,Sides,3,5,15,4.5
2026-08-06,ORD-59881,Tiramisu,Desserts,3,8,24,9.0
2026-08-07,ORD-14162,Bruschetta,Appetizers,1,7,7,2.5
2026-08-07,ORD-68087,Margherita Pizza,Pizza,4,15,60,20.0
2026-08-07,ORD-34557,Tiramisu,Desserts,3,8,24,9.0
2026-08-07,ORD-48503,Margherita Pizza,Pizza,2,15,30,10.0
2026-08-07,ORD-49973,Chicken Wings,Appetizers,1,10,10,4.0
2026-08-07,ORD-50934,Coffee,Drinks,3,4,12,3.0
2026-08-07,ORD-23355,Soda,Drinks,1,3,3,0.5
2026-08-07,ORD-98737,Bruschetta,Appetizers,1,7,7,2.5
2026-08-07,ORD-91967,Tiramisu,Desserts,1,8,8,3.0
2026-08-07,ORD-69661,French Fries,Sides,1,5,5,1.5
2026-08-07,ORD-59982,Chicken Wings,Appetizers,3,10,30,12.0
2026-08-07,ORD-30929,Chicken Wings,Appetizers,2,10,20,8.0
2026-08-07,ORD-38584,Soda,Drinks,2,3,6,1.0
2026-08-07,ORD-93428,Beef Burger,Burgers,2,14,28,12.0
2026-08-07,ORD-40299,Tiramisu,Desserts,2,8,16,6.0
2026-08-07,ORD-37427,French Fries,Sides,1,5,5,1.5
2026-08-07,ORD-21645,Caesar Salad,Salads,2,12,24,8.0
2026-08-07,ORD-11075,Soda,Drinks,2,3,6,1.0
2026-08-07,ORD-95986,Caesar Salad,Salads,1,12,12,4.0
2026-08-07,ORD-17050,Pepperoni Pizza,Pizza,1,18,18,6.0
2026-08-07,ORD-16940,Pepperoni Pizza,Pizza,3,18,54,18.0
2026-08-07,ORD-35735,French Fries,Sides,1,5,5,1.5
2026-08-07,ORD-22125,Margherita Pizza,Pizza,3,15,45,15.0
2026-08-07,ORD-34298,Coffee,Drinks,1,4,4,1.0
2026-08-07,ORD-22960,French Fries,Sides,2,5,10,3.0
2026-08-07,ORD-27179,Chicken Wings,Appetizers,3,10,30,12.0
2026-08-07,ORD-85656,Beef Burger,Burgers,3,14,42,18.0
2026-08-07,ORD-71096,Beef Burger,Burgers,2,14,28,12.0
2026-08-07,ORD-89478,Chicken Wings,Appetizers,3,10,30,12.0
2026-08-07,ORD-22224,Soda,Drinks,3,3,9,1.5
2026-08-07,ORD-15119,Margherita Pizza,Pizza,2,15,30,10.0
2026-08-07,ORD-66421,Soda,Drinks,3,3,9,1.5
2026-08-07,ORD-14104,Margherita Pizza,Pizza,4,15,60,20.0
2026-08-07,ORD-99442,Soda,Drinks,1,3,3,0.5
2026-08-07,ORD-58746,Caesar Salad,Salads,1,12,12,4.0
2026-08-07,ORD-82031,French Fries,Sides,3,5,15,4.5
2026-08-07,ORD-57869,Chicken Wings,Appetizers,2,10,20,8.0
2026-08-07,ORD-72853,Pepperoni Pizza,Pizza,3,18,54,18.0
2026-08-07,ORD-87099,Caesar Salad,Salads,2,12,24,8.0
2026-08-07,ORD-16693,French Fries,Sides,3,5,15,4.5
2026-08-07,ORD-50581,Beef Burger,Burgers,3,14,42,18.0
2026-08-07,ORD-97619,Beef Burger,Burgers,3,14,42,18.0
2026-08-07,ORD-71592,French Fries,Sides,1,5,5,1.5
2026-08-07,ORD-93336,Tiramisu,Desserts,3,8,24,9.0
2026-08-07,ORD-86841,French Fries,Sides,2,5,10,3.0
2026-08-07,ORD-30692,Pepperoni Pizza,Pizza,2,18,36,12.0
2026-08-07,ORD-16948,Margherita Pizza,Pizza,5,15,75,25.0
2026-08-07,ORD-66190,Soda,Drinks,3,3,9,1.5
2026-08-07,ORD-12422,French Fries,Sides,1,5,5,1.5
2026-08-07,ORD-73120,Margherita Pizza,Pizza,2,15,30,10.0
2026-08-07,ORD-51873,Pepperoni Pizza,Pizza,2,18,36,12.0
2026-08-07,ORD-90457,Chicken Wings,Appetizers,3,10,30,12.0
2026-08-07,ORD-36037,Coffee,Drinks,3,4,12,3.0
2026-08-07,ORD-97665,Soda,Drinks,2,3,6,1.0
2026-08-07,ORD-57023,Chicken Wings,Appetizers,3,10,30,12.0
2026-08-07,ORD-17840,Caesar Salad,Salads,2,12,24,8.0
2026-08-07,ORD-33879,Coffee,Drinks,3,4,12,3.0
2026-08-07,ORD-23328,Chicken Wings,Appetizers,1,10,10,4.0
2026-08-07,ORD-80134,Pepperoni Pizza,Pizza,3,18,54,18.0
2026-08-07,ORD-78413,Tiramisu,Desserts,3,8,24,9.0
2026-08-07,ORD-84315,Chicken Wings,Appetizers,1,10,10,4.0
2026-08-07,ORD-16208,French Fries,Sides,2,5,10,3.0
2026-08-07,ORD-35194,Pepperoni Pizza,Pizza,2,18,36,12.0
2026-08-07,ORD-96199,Pepperoni Pizza,Pizza,3,18,54,18.0
2026-08-07,ORD-34958,Caesar Salad,Salads,3,12,36,12.0
2026-08-07,ORD-65567,Chicken Wings,Appetizers,1,10,10,4.0
2026-08-07,ORD-42401,Caesar Salad,Salads,1,12,12,4.0
2026-08-07,ORD-14241,Caesar Salad,Salads,1,12,12,4.0
2026-08-07,ORD-20472,Chicken Wings,Appetizers,1,10,10,4.0
2026-08-07,ORD-45167,Soda,Drinks,1,3,3,0.5
2026-08-07,ORD-87908,Margherita Pizza,Pizza,4,15,60,20.0
2026-08-07,ORD-38498,Caesar Salad,Salads,2,12,24,8.0
2026-08-07,ORD-46558,Margherita Pizza,Pizza,5,15,75,25.0
2026-08-07,ORD-94836,Coffee,Drinks,2,4,8,2.0
2026-08-07,ORD-50942,Chicken Wings,Appetizers,2,10,20,8.0
2026-08-07,ORD-92582,Margherita Pizza,Pizza,5,15,75,25.0
2026-08-07,ORD-35058,Soda,Drinks,1,3,3,0.5
2026-08-07,ORD-82734,Tiramisu,Desserts,3,8,24,9.0
2026-08-07,ORD-59722,Chicken Wings,Appetizers,1,10,10,4.0
2026-08-07,ORD-66439,Beef Burger,Burgers,3,14,42,18.0
2026-08-07,ORD-53476,Caesar Salad,Salads,2,12,24,8.0
2026-08-07,ORD-61793,French Fries,Sides,2,5,10,3.0
2026-08-07,ORD-62574,Tiramisu,Desserts,2,8,16,6.0
2026-08-07,ORD-45391,Beef Burger,Burgers,2,14,28,12.0
2026-08-07,ORD-42122,French Fries,Sides,1,5,5,1.5
2026-08-07,ORD-71852,Tiramisu,Desserts,2,8,16,6.0
2026-08-07,ORD-79659,Tiramisu,Desserts,2,8,16,6.0
2026-08-07,ORD-34226,Beef Burger,Burgers,2,14,28,12.0
2026-08-07,ORD-14848,Tiramisu,Desserts,1,8,8,3.0
2026-08-07,ORD-20658,Soda,Drinks,3,3,9,1.5
2026-08-07,ORD-16848,Coffee,Drinks,1,4,4,1.0
2026-08-07,ORD-16931,Coffee,Drinks,1,4,4,1.0
2026-08-07,ORD-71458,Beef Burger,Burgers,2,14,28,12.0
2026-08-07,ORD-95737,Margherita Pizza,Pizza,4,15,60,20.0
2026-08-07,ORD-43774,Soda,Drinks,1,3,3,0.5
2026-08-07,ORD-23516,Chicken Wings,Appetizers,3,10,30,12.0
2026-08-07,ORD-38376,Beef Burger,Burgers,3,14,42,18.0
2026-08-07,ORD-25891,Coffee,Drinks,2,4,8,2.0
2026-08-07,ORD-62612,Beef Burger,Burgers,1,14,14,6.0
2026-08-07,ORD-60403,Chicken Wings,Appetizers,2,10,20,8.0
2026-08-07,ORD-97222,French Fries,Sides,2,5,10,3.0
2026-08-07,ORD-36756,Bruschetta,Appetizers,1,7,7,2.5
2026-08-07,ORD-48584,Chicken Wings,Appetizers,3,10,30,12.0
2026-08-07,ORD-36966,Pepperoni Pizza,Pizza,2,18,36,12.0
2026-08-07,ORD-65180,Pepperoni Pizza,Pizza,2,18,36,12.0
2026-08-07,ORD-28363,Pepperoni Pizza,Pizza,1,18,18,6.0
2026-08-07,ORD-54709,Caesar Salad,Salads,1,12,12,4.0
2026-08-07,ORD-28242,Caesar Salad,Salads,1,12,12,4.0
2026-08-07,ORD-12143,Caesar Salad,Salads,3,12,36,12.0
2026-08-07,ORD-96273,Chicken Wings,Appetizers,3,10,30,12.0
2026-08-07,ORD-92294,Soda,Drinks,1,3,3,0.5
2026-08-07,ORD-46610,Chicken Wings,Appetizers,1,10,10,4.0
2026-08-07,ORD-31358,Bruschetta,Appetizers,1,7,7,2.5
2026-08-07,ORD-48598,Chicken Wings,Appetizers,2,10,20,8.0
2026-08-07,ORD-71262,Coffee,Drinks,3,4,12,3.0
2026-08-07,ORD-81947,Coffee,Drinks,2,4,8,2.0
2026-08-07,ORD-31508,Chicken Wings,Appetizers,1,10,10,4.0
2026-08-07,ORD-34666,Coffee,Drinks,2,4,8,2.0
2026-08-07,ORD-33859,Beef Burger,Burgers,3,14,42,18.0
2026-08-07,ORD-87362,Beef Burger,Burgers,2,14,28,12.0
2026-08-07,ORD-60055,Tiramisu,Desserts,3,8,24,9.0
2026-08-07,ORD-91761,Pepperoni Pizza,Pizza,2,18,36,12.0
2026-08-07,ORD-29144,Chicken Wings,Appetizers,3,10,30,12.0
2026-08-07,ORD-79330,Caesar Salad,Salads,2,12,24,8.0
2026-08-07,ORD-92897,Chicken Wings,Appetizers,2,10,20,8.0
2026-08-07,ORD-89722,Coffee,Drinks,1,4,4,1.0
2026-08-07,ORD-56489,Pepperoni Pizza,Pizza,1,18,18,6.0
2026-08-07,ORD-10726,Chicken Wings,Appetizers,1,10,10,4.0
2026-08-07,ORD-59694,Chicken Wings,Appetizers,2,10,20,8.0
2026-08-07,ORD-24728,Tiramisu,Desserts,3,8,24,9.0
2026-08-07,ORD-85606,Soda,Drinks,2,3,6,1.0
2026-08-07,ORD-60534,Tiramisu,Desserts,2,8,16,6.0
2026-08-07,ORD-59966,Beef Burger,Burgers,2,14,28,12.0
2026-08-07,ORD-95855,French Fries,Sides,3,5,15,4.5
2026-08-08,ORD-99579,Caesar Salad,Salads,2,12,24,8.0
2026-08-08,ORD-36309,French Fries,Sides,1,5,5,1.5
2026-08-08,ORD-41586,Pepperoni Pizza,Pizza,1,18,18,6.0
2026-08-08,ORD-60305,Caesar Salad,Salads,1,12,12,4.0
2026-08-08,ORD-35601,Margherita Pizza,Pizza,4,15,60,20.0
2026-08-08,ORD-75623,Caesar Salad,Salads,2,12,24,8.0
2026-08-08,ORD-93041,Tiramisu,Desserts,1,8,8,3.0
2026-08-08,ORD-37141,Soda,Drinks,1,3,3,0.5
2026-08-08,ORD-67913,French Fries,Sides,3,5,15,4.5
2026-08-08,ORD-24026,Margherita Pizza,Pizza,5,15,75,25.0
2026-08-08,ORD-83079,Soda,Drinks,3,3,9,1.5
2026-08-08,ORD-12895,Caesar Salad,Salads,2,12,24,8.0
2026-08-08,ORD-35814,Coffee,Drinks,1,4,4,1.0
2026-08-08,ORD-21465,Coffee,Drinks,2,4,8,2.0
2026-08-08,ORD-72852,Beef Burger,Burgers,3,14,42,18.0
2026-08-08,ORD-93793,Chicken Wings,Appetizers,2,10,20,8.0
2026-08-08,ORD-90124,French Fries,Sides,3,5,15,4.5
2026-08-08,ORD-57515,Chicken Wings,Appetizers,2,10,20,8.0
2026-08-08,ORD-22133,Soda,Drinks,3,3,9,1.5
2026-08-08,ORD-33858,Soda,Drinks,2,3,6,1.0
2026-08-08,ORD-45533,Margherita Pizza,Pizza,5,15,75,25.0
2026-08-08,ORD-31717,French Fries,Sides,1,5,5,1.5
2026-08-08,ORD-52594,Pepperoni Pizza,Pizza,1,18,18,6.0
2026-08-08,ORD-40070,Chicken Wings,Appetizers,1,10,10,4.0
2026-08-08,ORD-97482,Bruschetta,Appetizers,1,7,7,2.5
2026-08-08,ORD-82750,Coffee,Drinks,3,4,12,3.0
2026-08-08,ORD-83146,Soda,Drinks,1,3,3,0.5
2026-08-08,ORD-69955,Chicken Wings,Appetizers,3,10,30,12.0
2026-08-08,ORD-51619,Bruschetta,Appetizers,1,7,7,2.5
2026-08-08,ORD-45737,Soda,Drinks,3,3,9,1.5
2026-08-08,ORD-51639,French Fries,Sides,1,5,5,1.5
2026-08-08,ORD-86893,Coffee,Drinks,1,4,4,1.0
2026-08-08,ORD-69469,Beef Burger,Burgers,3,14,42,18.0
2026-08-08,ORD-35067,Soda,Drinks,1,3,3,0.5
2026-08-08,ORD-12997,Margherita Pizza,Pizza,5,15,75,25.0
2026-08-08,ORD-52070,Soda,Drinks,2,3,6,1.0
2026-08-08,ORD-94283,Caesar Salad,Salads,3,12,36,12.0
2026-08-08,ORD-17548,Soda,Drinks,2,3,6,1.0
2026-08-08,ORD-48007,Chicken Wings,Appetizers,3,10,30,12.0
2026-08-08,ORD-82515,Beef Burger,Burgers,3,14,42,18.0
2026-08-08,ORD-60309,Margherita Pizza,Pizza,4,15,60,20.0
2026-08-08,ORD-46997,Pepperoni Pizza,Pizza,2,18,36,12.0
2026-08-08,ORD-71615,Pepperoni Pizza,Pizza,3,18,54,18.0
2026-08-08,ORD-29120,Caesar Salad,Salads,2,12,24,8.0
2026-08-08,ORD-10781,Margherita Pizza,Pizza,3,15,45,15.0
2026-08-08,ORD-35955,Coffee,Drinks,3,4,12,3.0
2026-08-08,ORD-41203,Margherita Pizza,Pizza,4,15,60,20.0
2026-08-08,ORD-84565,Margherita Pizza,Pizza,3,15,45,15.0
2026-08-08,ORD-89943,Soda,Drinks,3,3,9,1.5
2026-08-08,ORD-46626,Beef Burger,Burgers,1,14,14,6.0
2026-08-08,ORD-83965,Caesar Salad,Salads,1,12,12,4.0
2026-08-08,ORD-53096,Chicken Wings,Appetizers,2,10,20,8.0
2026-08-08,ORD-79902,French Fries,Sides,3,5,15,4.5
2026-08-08,ORD-95510,Coffee,Drinks,1,4,4,1.0
2026-08-08,ORD-46369,Pepperoni Pizza,Pizza,3,18,54,18.0
2026-08-08,ORD-64086,Tiramisu,Desserts,1,8,8,3.0
2026-08-08,ORD-55229,Chicken Wings,Appetizers,1,10,10,4.0
2026-08-08,ORD-74819,Soda,Drinks,2,3,6,1.0
2026-08-08,ORD-60188,Margherita Pizza,Pizza,5,15,75,25.0
2026-08-08,ORD-96990,Beef Burger,Burgers,1,14,14,6.0
2026-08-08,ORD-61496,French Fries,Sides,1,5,5,1.5
2026-08-08,ORD-60017,Soda,Drinks,2,3,6,1.0
2026-08-08,ORD-28919,Tiramisu,Desserts,3,8,24,9.0
2026-08-08,ORD-12951,Tiramisu,Desserts,3,8,24,9.0
2026-08-08,ORD-63139,Caesar Salad,Salads,3,12,36,12.0
2026-08-08,ORD-57268,Bruschetta,Appetizers,1,7,7,2.5
2026-08-08,ORD-61321,Caesar Salad,Salads,1,12,12,4.0
2026-08-08,ORD-56437,Tiramisu,Desserts,3,8,24,9.0
2026-08-08,ORD-32695,Beef Burger,Burgers,3,14,42,18.0
2026-08-08,ORD-70309,Tiramisu,Desserts,1,8,8,3.0
2026-08-08,ORD-29793,French Fries,Sides,1,5,5,1.5
2026-08-08,ORD-31853,Pepperoni Pizza,Pizza,1,18,18,6.0
2026-08-08,ORD-10143,Caesar Salad,Salads,3,12,36,12.0
2026-08-08,ORD-99168,Tiramisu,Desserts,2,8,16,6.0
2026-08-08,ORD-46976,Chicken Wings,Appetizers,1,10,10,4.0
2026-08-08,ORD-81969,Soda,Drinks,1,3,3,0.5
2026-08-08,ORD-16831,French Fries,Sides,1,5,5,1.5
2026-08-08,ORD-23195,Pepperoni Pizza,Pizza,1,18,18,6.0
2026-08-08,ORD-30821,French Fries,Sides,1,5,5,1.5
2026-08-08,ORD-37378,Caesar Salad,Salads,1,12,12,4.0
2026-08-08,ORD-96300,Chicken Wings,Appetizers,1,10,10,4.0
2026-08-08,ORD-36041,Soda,Drinks,1,3,3,0.5
2026-08-08,ORD-95710,Bruschetta,Appetizers,1,7,7,2.5
2026-08-08,ORD-95034,French Fries,Sides,3,5,15,4.5
2026-08-08,ORD-30976,Tiramisu,Desserts,3,8,24,9.0
2026-08-08,ORD-24163,French Fries,Sides,2,5,10,3.0
2026-08-08,ORD-89295,Caesar Salad,Salads,3,12,36,12.0
2026-08-08,ORD-42586,Tiramisu,Desserts,2,8,16,6.0
2026-08-09,ORD-54959,Chicken Wings,Appetizers,1,10,10,4.0
2026-08-09,ORD-90450,Pepperoni Pizza,Pizza,3,18,54,18.0
2026-08-09,ORD-62836,Tiramisu,Desserts,2,8,16,6.0
2026-08-09,ORD-43804,Chicken Wings,Appetizers,1,10,10,4.0
2026-08-09,ORD-89916,Tiramisu,Desserts,2,8,16,6.0
2026-08-09,ORD-87321,Beef Burger,Burgers,2,14,28,12.0
2026-08-09,ORD-62670,Margherita Pizza,Pizza,4,15,60,20.0
2026-08-09,ORD-48614,Coffee,Drinks,3,4,12,3.0
2026-08-09,ORD-10541,Coffee,Drinks,1,4,4,1.0
2026-08-09,ORD-55886,Tiramisu,Desserts,1,8,8,3.0
2026-08-09,ORD-94851,Soda,Drinks,1,3,3,0.5
2026-08-09,ORD-34529,French Fries,Sides,3,5,15,4.5
2026-08-09,ORD-77342,Margherita Pizza,Pizza,4,15,60,20.0
2026-08-09,ORD-23675,French Fries,Sides,1,5,5,1.5
2026-08-09,ORD-69129,Coffee,Drinks,2,4,8,2.0
2026-08-09,ORD-32002,Margherita Pizza,Pizza,4,15,60,20.0
2026-08-09,ORD-35591,Pepperoni Pizza,Pizza,2,18,36,12.0
2026-08-09,ORD-29519,Soda,Drinks,3,3,9,1.5
2026-08-09,ORD-80816,Pepperoni Pizza,Pizza,3,18,54,18.0
2026-08-09,ORD-31988,Pepperoni Pizza,Pizza,1,18,18,6.0
2026-08-09,ORD-49232,Beef Burger,Burgers,2,14,28,12.0
2026-08-09,ORD-77534,Coffee,Drinks,3,4,12,3.0
2026-08-09,ORD-33816,Soda,Drinks,1,3,3,0.5
2026-08-09,ORD-61487,Chicken Wings,Appetizers,1,10,10,4.0
2026-08-09,ORD-78617,Soda,Drinks,3,3,9,1.5
2026-08-09,ORD-32559,Margherita Pizza,Pizza,4,15,60,20.0
2026-08-09,ORD-27986,Coffee,Drinks,2,4,8,2.0
2026-08-09,ORD-53488,Tiramisu,Desserts,1,8,8,3.0
2026-08-09,ORD-84931,Caesar Salad,Salads,1,12,12,4.0
2026-08-09,ORD-76085,Chicken Wings,Appetizers,3,10,30,12.0
2026-08-09,ORD-40730,French Fries,Sides,1,5,5,1.5
2026-08-09,ORD-78438,Beef Burger,Burgers,3,14,42,18.0
2026-08-09,ORD-44089,Coffee,Drinks,3,4,12,3.0
2026-08-09,ORD-88783,Soda,Drinks,2,3,6,1.0
2026-08-09,ORD-83271,Caesar Salad,Salads,3,12,36,12.0
2026-08-09,ORD-13375,Chicken Wings,Appetizers,1,10,10,4.0
2026-08-09,ORD-57604,French Fries,Sides,2,5,10,3.0
2026-08-09,ORD-11271,Beef Burger,Burgers,2,14,28,12.0
2026-08-09,ORD-57806,Soda,Drinks,2,3,6,1.0
2026-08-09,ORD-85641,Chicken Wings,Appetizers,2,10,20,8.0
2026-08-09,ORD-65251,Tiramisu,Desserts,3,8,24,9.0
2026-08-09,ORD-36439,Tiramisu,Desserts,1,8,8,3.0
2026-08-09,ORD-95718,Pepperoni Pizza,Pizza,3,18,54,18.0
2026-08-09,ORD-50314,Margherita Pizza,Pizza,2,15,30,10.0
2026-08-09,ORD-67143,Caesar Salad,Salads,1,12,12,4.0
2026-08-09,ORD-29073,Pepperoni Pizza,Pizza,1,18,18,6.0
2026-08-09,ORD-16769,Soda,Drinks,2,3,6,1.0
2026-08-09,ORD-47476,Tiramisu,Desserts,2,8,16,6.0
2026-08-09,ORD-22230,Chicken Wings,Appetizers,1,10,10,4.0
2026-08-09,ORD-83712,Coffee,Drinks,1,4,4,1.0
2026-08-09,ORD-50365,Bruschetta,Appetizers,1,7,7,2.5
2026-08-09,ORD-58588,Caesar Salad,Salads,1,12,12,4.0
2026-08-09,ORD-26415,Chicken Wings,Appetizers,2,10,20,8.0
2026-08-09,ORD-10016,Caesar Salad,Salads,2,12,24,8.0
2026-08-09,ORD-42924,Margherita Pizza,Pizza,5,15,75,25.0
2026-08-09,ORD-80359,Beef Burger,Burgers,2,14,28,12.0
2026-08-09,ORD-34025,Caesar Salad,Salads,3,12,36,12.0
2026-08-09,ORD-19621,Beef Burger,Burgers,2,14,28,12.0
2026-08-09,ORD-62066,Caesar Salad,Salads,1,12,12,4.0
2026-08-09,ORD-58538,Chicken Wings,Appetizers,1,10,10,4.0
2026-08-09,ORD-63766,Soda,Drinks,2,3,6,1.0
2026-08-09,ORD-77441,Soda,Drinks,1,3,3,0.5
2026-08-09,ORD-82688,Caesar Salad,Salads,2,12,24,8.0
2026-08-09,ORD-33644,Caesar Salad,Salads,1,12,12,4.0
2026-08-09,ORD-37595,Beef Burger,Burgers,1,14,14,6.0
2026-08-09,ORD-48492,Tiramisu,Desserts,2,8,16,6.0
2026-08-09,ORD-55316,Chicken Wings,Appetizers,2,10,20,8.0
2026-08-09,ORD-99001,Margherita Pizza,Pizza,3,15,45,15.0
2026-08-09,ORD-41111,Margherita Pizza,Pizza,2,15,30,10.0
2026-08-09,ORD-94213,Caesar Salad,Salads,2,12,24,8.0
2026-08-09,ORD-79831,Chicken Wings,Appetizers,2,10,20,8.0
2026-08-10,ORD-22788,Soda,Drinks,3,3,9,1.5
2026-08-10,ORD-79326,Tiramisu,Desserts,3,8,24,9.0
2026-08-10,ORD-88473,Chicken Wings,Appetizers,2,10,20,8.0
2026-08-10,ORD-82663,Chicken Wings,Appetizers,1,10,10,4.0
2026-08-10,ORD-86982,Margherita Pizza,Pizza,3,15,45,15.0
2026-08-10,ORD-26939,Soda,Drinks,1,3,3,0.5
2026-08-10,ORD-10168,Margherita Pizza,Pizza,4,15,60,20.0
2026-08-10,ORD-38446,French Fries,Sides,2,5,10,3.0
2026-08-10,ORD-64971,French Fries,Sides,3,5,15,4.5
2026-08-10,ORD-81645,Caesar Salad,Salads,1,12,12,4.0
2026-08-10,ORD-85268,Beef Burger,Burgers,2,14,28,12.0
2026-08-10,ORD-15051,Chicken Wings,Appetizers,2,10,20,8.0
2026-08-10,ORD-36076,Margherita Pizza,Pizza,4,15,60,20.0
2026-08-10,ORD-31837,Tiramisu,Desserts,2,8,16,6.0
2026-08-10,ORD-10021,Caesar Salad,Salads,1,12,12,4.0
2026-08-10,ORD-59085,Soda,Drinks,3,3,9,1.5
2026-08-10,ORD-89743,Tiramisu,Desserts,1,8,8,3.0
2026-08-10,ORD-32389,Coffee,Drinks,3,4,12,3.0
2026-08-10,ORD-64190,French Fries,Sides,3,5,15,4.5
2026-08-10,ORD-29208,Margherita Pizza,Pizza,5,15,75,25.0
2026-08-10,ORD-33254,Tiramisu,Desserts,1,8,8,3.0
2026-08-10,ORD-13463,Soda,Drinks,3,3,9,1.5
2026-08-10,ORD-62361,Bruschetta,Appetizers,1,7,7,2.5
2026-08-10,ORD-92072,Pepperoni Pizza,Pizza,3,18,54,18.0
2026-08-10,ORD-95191,Tiramisu,Desserts,1,8,8,3.0
2026-08-10,ORD-75542,Margherita Pizza,Pizza,4,15,60,20.0
2026-08-10,ORD-81257,Coffee,Drinks,1,4,4,1.0
2026-08-10,ORD-78828,Bruschetta,Appetizers,1,7,7,2.5
2026-08-10,ORD-94055,Coffee,Drinks,2,4,8,2.0
2026-08-10,ORD-55377,Beef Burger,Burgers,3,14,42,18.0
2026-08-10,ORD-43006,Coffee,Drinks,3,4,12,3.0
2026-08-10,ORD-53477,Beef Burger,Burgers,3,14,42,18.0
2026-08-10,ORD-60647,French Fries,Sides,3,5,15,4.5
2026-08-10,ORD-58718,Beef Burger,Burgers,3,14,42,18.0
2026-08-10,ORD-98803,Soda,Drinks,1,3,3,0.5
2026-08-10,ORD-72395,French Fries,Sides,1,5,5,1.5
2026-08-10,ORD-15652,Margherita Pizza,Pizza,5,15,75,25.0
2026-08-10,ORD-63685,Pepperoni Pizza,Pizza,3,18,54,18.0
2026-08-11,ORD-83291,Caesar Salad,Salads,3,12,36,12.0
2026-08-11,ORD-88756,French Fries,Sides,3,5,15,4.5
2026-08-11,ORD-93368,Caesar Salad,Salads,3,12,36,12.0
2026-08-11,ORD-82586,Chicken Wings,Appetizers,1,10,10,4.0
2026-08-11,ORD-58206,Pepperoni Pizza,Pizza,3,18,54,18.0
2026-08-11,ORD-11167,Coffee,Drinks,3,4,12,3.0
2026-08-11,ORD-43373,French Fries,Sides,1,5,5,1.5
2026-08-11,ORD-43859,Margherita Pizza,Pizza,5,15,75,25.0
2026-08-11,ORD-79342,Bruschetta,Appetizers,1,7,7,2.5
2026-08-11,ORD-79592,Soda,Drinks,1,3,3,0.5
2026-08-11,ORD-24592,Pepperoni Pizza,Pizza,1,18,18,6.0
2026-08-11,ORD-22635,Tiramisu,Desserts,2,8,16,6.0
2026-08-11,ORD-93764,French Fries,Sides,3,5,15,4.5
2026-08-11,ORD-91845,Caesar Salad,Salads,2,12,24,8.0
2026-08-11,ORD-22191,Soda,Drinks,3,3,9,1.5
2026-08-11,ORD-84263,Coffee,Drinks,1,4,4,1.0
2026-08-11,ORD-23777,Caesar Salad,Salads,1,12,12,4.0
2026-08-11,ORD-66364,Coffee,Drinks,2,4,8,2.0
2026-08-11,ORD-32916,Beef Burger,Burgers,3,14,42,18.0
2026-08-11,ORD-56048,Beef Burger,Burgers,1,14,14,6.0
2026-08-11,ORD-50825,Margherita Pizza,Pizza,5,15,75,25.0
2026-08-11,ORD-45212,Margherita Pizza,Pizza,5,15,75,25.0
2026-08-11,ORD-38764,Bruschetta,Appetizers,1,7,7,2.5
2026-08-11,ORD-85436,Chicken Wings,Appetizers,3,10,30,12.0
2026-08-11,ORD-16291,Beef Burger,Burgers,1,14,14,6.0
2026-08-11,ORD-43940,Soda,Drinks,2,3,6,1.0
2026-08-11,ORD-60485,Coffee,Drinks,3,4,12,3.0
2026-08-11,ORD-16714,Tiramisu,Desserts,3,8,24,9.0
2026-08-11,ORD-63088,Beef Burger,Burgers,1,14,14,6.0
2026-08-11,ORD-76447,Caesar Salad,Salads,3,12,36,12.0
2026-08-11,ORD-98125,Soda,Drinks,1,3,3,0.5
2026-08-11,ORD-37766,Chicken Wings,Appetizers,1,10,10,4.0
2026-08-11,ORD-54763,Soda,Drinks,1,3,3,0.5
2026-08-11,ORD-63351,Pepperoni Pizza,Pizza,1,18,18,6.0
2026-08-11,ORD-75276,Bruschetta,Appetizers,1,7,7,2.5
2026-08-11,ORD-41656,Tiramisu,Desserts,3,8,24,9.0
2026-08-11,ORD-82003,Chicken Wings,Appetizers,2,10,20,8.0
2026-08-11,ORD-20023,French Fries,Sides,1,5,5,1.5
2026-08-11,ORD-25265,Coffee,Drinks,3,4,12,3.0
2026-08-11,ORD-33963,Pepperoni Pizza,Pizza,1,18,18,6.0
2026-08-11,ORD-51688,Soda,Drinks,2,3,6,1.0
2026-08-12,ORD-19302,Chicken Wings,Appetizers,3,10,30,12.0
2026-08-12,ORD-73762,Beef Burger,Burgers,3,14,42,18.0
2026-08-12,ORD-35322,Coffee,Drinks,2,4,8,2.0
2026-08-12,ORD-31426,Tiramisu,Desserts,3,8,24,9.0
2026-08-12,ORD-16303,Chicken Wings,Appetizers,2,10,20,8.0
2026-08-12,ORD-23441,Tiramisu,Desserts,3,8,24,9.0
2026-08-12,ORD-87687,Chicken Wings,Appetizers,2,10,20,8.0
2026-08-12,ORD-21351,Soda,Drinks,3,3,9,1.5
2026-08-12,ORD-98975,Bruschetta,Appetizers,1,7,7,2.5
2026-08-12,ORD-95606,Pepperoni Pizza,Pizza,2,18,36,12.0
2026-08-12,ORD-26658,French Fries,Sides,1,5,5,1.5
2026-08-12,ORD-18983,Caesar Salad,Salads,1,12,12,4.0
2026-08-12,ORD-57441,Margherita Pizza,Pizza,3,15,45,15.0
2026-08-12,ORD-32060,Chicken Wings,Appetizers,2,10,20,8.0
2026-08-12,ORD-98383,Caesar Salad,Salads,1,12,12,4.0
2026-08-12,ORD-30585,Pepperoni Pizza,Pizza,1,18,18,6.0
2026-08-12,ORD-54231,Chicken Wings,Appetizers,3,10,30,12.0
2026-08-12,ORD-77608,Chicken Wings,Appetizers,1,10,10,4.0
2026-08-12,ORD-68347,Caesar Salad,Salads,3,12,36,12.0
2026-08-12,ORD-87319,Coffee,Drinks,3,4,12,3.0
2026-08-12,ORD-19986,Pepperoni Pizza,Pizza,3,18,54,18.0
2026-08-12,ORD-63849,French Fries,Sides,3,5,15,4.5
2026-08-12,ORD-30033,Coffee,Drinks,1,4,4,1.0
2026-08-12,ORD-29842,Pepperoni Pizza,Pizza,3,18,54,18.0
2026-08-12,ORD-51190,Beef Burger,Burgers,1,14,14,6.0
2026-08-12,ORD-15288,Soda,Drinks,1,3,3,0.5
2026-08-12,ORD-72416,Soda,Drinks,3,3,9,1.5
2026-08-12,ORD-83200,Margherita Pizza,Pizza,2,15,30,10.0
2026-08-12,ORD-12791,Coffee,Drinks,1,4,4,1.0
2026-08-12,ORD-60947,Chicken Wings,Appetizers,3,10,30,12.0
2026-08-12,ORD-92055,Beef Burger,Burgers,1,14,14,6.0
2026-08-12,ORD-77099,Soda,Drinks,3,3,9,1.5
2026-08-12,ORD-31638,Caesar Salad,Salads,2,12,24,8.0
2026-08-12,ORD-28078,Coffee,Drinks,1,4,4,1.0
2026-08-12,ORD-25412,Beef Burger,Burgers,2,14,28,12.0
2026-08-12,ORD-39638,Pepperoni Pizza,Pizza,1,18,18,6.0
2026-08-12,ORD-74401,Caesar Salad,Salads,1,12,12,4.0
2026-08-12,ORD-27164,Coffee,Drinks,1,4,4,1.0
2026-08-12,ORD-21511,Bruschetta,Appetizers,1,7,7,2.5
2026-08-12,ORD-80762,French Fries,Sides,2,5,10,3.0
2026-08-12,ORD-83570,Coffee,Drinks,1,4,4,1.0
2026-08-12,ORD-50788,Coffee,Drinks,1,4,4,1.0
2026-08-12,ORD-78855,Beef Burger,Burgers,1,14,14,6.0
2026-08-12,ORD-94400,Coffee,Drinks,3,4,12,3.0
2026-08-13,ORD-86292,Caesar Salad,Salads,3,12,36,12.0
2026-08-13,ORD-82861,Pepperoni Pizza,Pizza,3,18,54,18.0
2026-08-13,ORD-11544,Coffee,Drinks,3,4,12,3.0
2026-08-13,ORD-59242,Margherita Pizza,Pizza,3,15,45,15.0
2026-08-13,ORD-25369,Pepperoni Pizza,Pizza,3,18,54,18.0
2026-08-13,ORD-41901,Beef Burger,Burgers,2,14,28,12.0
2026-08-13,ORD-98373,Margherita Pizza,Pizza,4,15,60,20.0
2026-08-13,ORD-50380,Coffee,Drinks,3,4,12,3.0
2026-08-13,ORD-92836,Margherita Pizza,Pizza,5,15,75,25.0
2026-08-13,ORD-23464,Caesar Salad,Salads,1,12,12,4.0
2026-08-13,ORD-57263,Margherita Pizza,Pizza,2,15,30,10.0
2026-08-13,ORD-53819,Caesar Salad,Salads,2,12,24,8.0
2026-08-13,ORD-41223,French Fries,Sides,1,5,5,1.5
2026-08-13,ORD-46948,French Fries,Sides,1,5,5,1.5
2026-08-13,ORD-55138,Coffee,Drinks,2,4,8,2.0
2026-08-13,ORD-46777,Soda,Drinks,2,3,6,1.0
2026-08-13,ORD-61946,Chicken Wings,Appetizers,1,10,10,4.0
2026-08-13,ORD-16042,Beef Burger,Burgers,3,14,42,18.0
2026-08-13,ORD-12580,French Fries,Sides,1,5,5,1.5
2026-08-13,ORD-67570,Caesar Salad,Salads,2,12,24,8.0
2026-08-13,ORD-33072,Pepperoni Pizza,Pizza,2,18,36,12.0
2026-08-13,ORD-51127,Caesar Salad,Salads,1,12,12,4.0
2026-08-13,ORD-84070,Coffee,Drinks,2,4,8,2.0
2026-08-13,ORD-10216,Bruschetta,Appetizers,1,7,7,2.5
2026-08-13,ORD-11973,Soda,Drinks,3,3,9,1.5
2026-08-13,ORD-90727,Soda,Drinks,1,3,3,0.5
2026-08-13,ORD-71130,Caesar Salad,Salads,3,12,36,12.0
2026-08-13,ORD-37864,Beef Burger,Burgers,2,14,28,12.0
2026-08-13,ORD-63245,Chicken Wings,Appetizers,1,10,10,4.0
2026-08-13,ORD-25512,Beef Burger,Burgers,1,14,14,6.0
2026-08-13,ORD-56986,Caesar Salad,Salads,2,12,24,8.0
2026-08-13,ORD-16685,Beef Burger,Burgers,3,14,42,18.0
2026-08-13,ORD-84998,Soda,Drinks,3,3,9,1.5
2026-08-13,ORD-82617,Caesar Salad,Salads,3,12,36,12.0
2026-08-13,ORD-24781,Pepperoni Pizza,Pizza,2,18,36,12.0
2026-08-13,ORD-61073,Tiramisu,Desserts,2,8,16,6.0
2026-08-13,ORD-57508,Beef Burger,Burgers,2,14,28,12.0
2026-08-14,ORD-59580,Chicken Wings,Appetizers,2,10,20,8.0
2026-08-14,ORD-96277,Margherita Pizza,Pizza,4,15,60,20.0
2026-08-14,ORD-46180,Pepperoni Pizza,Pizza,3,18,54,18.0
2026-08-14,ORD-89679,Coffee,Drinks,1,4,4,1.0
2026-08-14,ORD-13247,Pepperoni Pizza,Pizza,2,18,36,12.0
2026-08-14,ORD-70026,Tiramisu,Desserts,3,8,24,9.0
2026-08-14,ORD-84737,Margherita Pizza,Pizza,5,15,75,25.0
2026-08-14,ORD-92377,Soda,Drinks,2,3,6,1.0
2026-08-14,ORD-66245,Caesar Salad,Salads,1,12,12,4.0
2026-08-14,ORD-58009,Pepperoni Pizza,Pizza,2,18,36,12.0
2026-08-14,ORD-11607,French Fries,Sides,3,5,15,4.5
2026-08-14,ORD-72497,Chicken Wings,Appetizers,3,10,30,12.0
2026-08-14,ORD-86483,Soda,Drinks,1,3,3,0.5
2026-08-14,ORD-19989,Soda,Drinks,1,3,3,0.5
2026-08-14,ORD-32920,Tiramisu,Desserts,2,8,16,6.0
2026-08-14,ORD-55095,Caesar Salad,Salads,2,12,24,8.0
2026-08-14,ORD-82931,Coffee,Drinks,3,4,12,3.0
2026-08-14,ORD-59441,Caesar Salad,Salads,1,12,12,4.0
2026-08-14,ORD-98855,Soda,Drinks,2,3,6,1.0
2026-08-14,ORD-54287,Coffee,Drinks,1,4,4,1.0
2026-08-14,ORD-21904,French Fries,Sides,3,5,15,4.5
2026-08-14,ORD-83886,Pepperoni Pizza,Pizza,1,18,18,6.0
2026-08-14,ORD-17920,Caesar Salad,Salads,1,12,12,4.0
2026-08-14,ORD-79498,Margherita Pizza,Pizza,2,15,30,10.0
2026-08-14,ORD-40356,Chicken Wings,Appetizers,1,10,10,4.0
2026-08-14,ORD-22761,Margherita Pizza,Pizza,4,15,60,20.0
2026-08-14,ORD-62546,Chicken Wings,Appetizers,2,10,20,8.0
2026-08-14,ORD-80520,Pepperoni Pizza,Pizza,3,18,54,18.0
2026-08-14,ORD-15507,Bruschetta,Appetizers,1,7,7,2.5
2026-08-14,ORD-53290,Tiramisu,Desserts,2,8,16,6.0
2026-08-14,ORD-36030,French Fries,Sides,2,5,10,3.0
2026-08-14,ORD-75834,Pepperoni Pizza,Pizza,2,18,36,12.0
2026-08-14,ORD-54816,Chicken Wings,Appetizers,2,10,20,8.0
2026-08-14,ORD-46047,Beef Burger,Burgers,1,14,14,6.0
2026-08-14,ORD-85775,Pepperoni Pizza,Pizza,3,18,54,18.0
2026-08-14,ORD-10809,Tiramisu,Desserts,2,8,16,6.0
2026-08-14,ORD-89211,Chicken Wings,Appetizers,2,10,20,8.0
2026-08-14,ORD-43587,French Fries,Sides,1,5,5,1.5
2026-08-14,ORD-21931,Soda,Drinks,1,3,3,0.5
2026-08-14,ORD-46987,French Fries,Sides,1,5,5,1.5
2026-08-14,ORD-10259,Chicken Wings,Appetizers,2,10,20,8.0
2026-08-14,ORD-12564,Soda,Drinks,2,3,6,1.0
2026-08-14,ORD-79103,Caesar Salad,Salads,2,12,24,8.0
2026-08-14,ORD-44350,Caesar Salad,Salads,3,12,36,12.0
2026-08-14,ORD-60408,Beef Burger,Burgers,3,14,42,18.0
2026-08-14,ORD-17209,Soda,Drinks,2,3,6,1.0
2026-08-14,ORD-81899,Caesar Salad,Salads,3,12,36,12.0
2026-08-14,ORD-52126,Soda,Drinks,2,3,6,1.0
2026-08-14,ORD-97927,Coffee,Drinks,1,4,4,1.0
2026-08-14,ORD-60121,Beef Burger,Burgers,3,14,42,18.0
2026-08-14,ORD-36789,Soda,Drinks,2,3,6,1.0
2026-08-14,ORD-13020,Pepperoni Pizza,Pizza,2,18,36,12.0
2026-08-14,ORD-25823,Coffee,Drinks,1,4,4,1.0
2026-08-14,ORD-85783,Coffee,Drinks,3,4,12,3.0
2026-08-14,ORD-10478,Beef Burger,Burgers,2,14,28,12.0
2026-08-14,ORD-71105,French Fries,Sides,3,5,15,4.5
2026-08-14,ORD-62273,Margherita Pizza,Pizza,2,15,30,10.0
2026-08-14,ORD-35633,Bruschetta,Appetizers,1,7,7,2.5
2026-08-14,ORD-39746,French Fries,Sides,1,5,5,1.5
2026-08-14,ORD-36654,Caesar Salad,Salads,1,12,12,4.0
2026-08-14,ORD-60956,Tiramisu,Desserts,1,8,8,3.0
2026-08-14,ORD-10801,Margherita Pizza,Pizza,5,15,75,25.0
2026-08-14,ORD-31898,Tiramisu,Desserts,1,8,8,3.0
2026-08-14,ORD-31776,French Fries,Sides,1,5,5,1.5
2026-08-14,ORD-99754,Soda,Drinks,2,3,6,1.0
2026-08-14,ORD-70248,Tiramisu,Desserts,2,8,16,6.0
2026-08-14,ORD-75598,Coffee,Drinks,3,4,12,3.0
2026-08-14,ORD-81632,Beef Burger,Burgers,3,14,42,18.0
2026-08-14,ORD-27402,Margherita Pizza,Pizza,4,15,60,20.0
2026-08-14,ORD-43715,French Fries,Sides,3,5,15,4.5
2026-08-14,ORD-47162,Coffee,Drinks,1,4,4,1.0
2026-08-14,ORD-82821,Pepperoni Pizza,Pizza,3,18,54,18.0
2026-08-14,ORD-87554,Beef Burger,Burgers,3,14,42,18.0
2026-08-14,ORD-16889,Caesar Salad,Salads,3,12,36,12.0
2026-08-14,ORD-77325,Margherita Pizza,Pizza,5,15,75,25.0
2026-08-14,ORD-50082,Margherita Pizza,Pizza,5,15,75,25.0
2026-08-14,ORD-75248,Beef Burger,Burgers,3,14,42,18.0
2026-08-14,ORD-46765,Margherita Pizza,Pizza,3,15,45,15.0
2026-08-14,ORD-75899,Beef Burger,Burgers,1,14,14,6.0
2026-08-14,ORD-25229,Soda,Drinks,2,3,6,1.0
2026-08-14,ORD-49051,French Fries,Sides,1,5,5,1.5
2026-08-14,ORD-28107,Caesar Salad,Salads,1,12,12,4.0
2026-08-14,ORD-41453,Caesar Salad,Salads,1,12,12,4.0
2026-08-14,ORD-32891,French Fries,Sides,1,5,5,1.5
2026-08-14,ORD-20898,Chicken Wings,Appetizers,1,10,10,4.0
2026-08-14,ORD-25467,French Fries,Sides,2,5,10,3.0
2026-08-14,ORD-65761,Chicken Wings,Appetizers,2,10,20,8.0
2026-08-14,ORD-68085,Soda,Drinks,1,3,3,0.5
2026-08-14,ORD-17562,Beef Burger,Burgers,2,14,28,12.0
2026-08-14,ORD-13039,Tiramisu,Desserts,2,8,16,6.0
2026-08-14,ORD-27305,Caesar Salad,Salads,1,12,12,4.0
2026-08-14,ORD-58873,French Fries,Sides,1,5,5,1.5
2026-08-14,ORD-97565,Beef Burger,Burgers,3,14,42,18.0
2026-08-14,ORD-59723,French Fries,Sides,2,5,10,3.0
2026-08-14,ORD-85725,Beef Burger,Burgers,1,14,14,6.0
2026-08-14,ORD-47889,Chicken Wings,Appetizers,3,10,30,12.0
2026-08-14,ORD-19210,French Fries,Sides,1,5,5,1.5
2026-08-14,ORD-20289,Chicken Wings,Appetizers,3,10,30,12.0
2026-08-14,ORD-19695,Margherita Pizza,Pizza,5,15,75,25.0
2026-08-14,ORD-96814,Tiramisu,Desserts,3,8,24,9.0
2026-08-14,ORD-40767,Margherita Pizza,Pizza,3,15,45,15.0
2026-08-14,ORD-65167,Soda,Drinks,3,3,9,1.5
2026-08-14,ORD-50104,Soda,Drinks,3,3,9,1.5
2026-08-14,ORD-13854,Chicken Wings,Appetizers,2,10,20,8.0
2026-08-14,ORD-20761,Soda,Drinks,3,3,9,1.5
2026-08-14,ORD-65625,Beef Burger,Burgers,3,14,42,18.0
2026-08-14,ORD-34179,French Fries,Sides,1,5,5,1.5
2026-08-14,ORD-72890,Soda,Drinks,1,3,3,0.5
2026-08-14,ORD-36408,Beef Burger,Burgers,2,14,28,12.0
2026-08-14,ORD-16600,Coffee,Drinks,2,4,8,2.0
2026-08-14,ORD-54234,Caesar Salad,Salads,3,12,36,12.0
2026-08-14,ORD-41216,Beef Burger,Burgers,1,14,14,6.0
2026-08-14,ORD-82188,Chicken Wings,Appetizers,3,10,30,12.0
2026-08-14,ORD-39882,Caesar Salad,Salads,3,12,36,12.0
2026-08-14,ORD-72418,Pepperoni Pizza,Pizza,1,18,18,6.0
2026-08-15,ORD-57213,Pepperoni Pizza,Pizza,2,18,36,12.0
2026-08-15,ORD-41417,Coffee,Drinks,2,4,8,2.0
2026-08-15,ORD-44521,Caesar Salad,Salads,1,12,12,4.0
2026-08-15,ORD-43128,Margherita Pizza,Pizza,5,15,75,25.0
2026-08-15,ORD-31851,Bruschetta,Appetizers,1,7,7,2.5
2026-08-15,ORD-73095,Caesar Salad,Salads,3,12,36,12.0
2026-08-15,ORD-54950,Tiramisu,Desserts,2,8,16,6.0
2026-08-15,ORD-42343,Chicken Wings,Appetizers,3,10,30,12.0
2026-08-15,ORD-44102,Tiramisu,Desserts,2,8,16,6.0
2026-08-15,ORD-53181,Coffee,Drinks,3,4,12,3.0
2026-08-15,ORD-28924,Chicken Wings,Appetizers,2,10,20,8.0
2026-08-15,ORD-70947,Caesar Salad,Salads,2,12,24,8.0
2026-08-15,ORD-59615,Beef Burger,Burgers,3,14,42,18.0
2026-08-15,ORD-35351,Caesar Salad,Salads,2,12,24,8.0
2026-08-15,ORD-55546,Soda,Drinks,2,3,6,1.0
2026-08-15,ORD-58374,Soda,Drinks,2,3,6,1.0
2026-08-15,ORD-63659,Margherita Pizza,Pizza,5,15,75,25.0
2026-08-15,ORD-93496,Coffee,Drinks,2,4,8,2.0
2026-08-15,ORD-18454,Tiramisu,Desserts,2,8,16,6.0
2026-08-15,ORD-74336,Beef Burger,Burgers,1,14,14,6.0
2026-08-15,ORD-93297,French Fries,Sides,3,5,15,4.5
2026-08-15,ORD-79522,French Fries,Sides,2,5,10,3.0
2026-08-15,ORD-82274,Chicken Wings,Appetizers,3,10,30,12.0
2026-08-15,ORD-48676,Chicken Wings,Appetizers,2,10,20,8.0
2026-08-15,ORD-42629,Pepperoni Pizza,Pizza,1,18,18,6.0
2026-08-15,ORD-52033,Soda,Drinks,2,3,6,1.0
2026-08-15,ORD-54724,Caesar Salad,Salads,2,12,24,8.0
2026-08-15,ORD-25300,Pepperoni Pizza,Pizza,3,18,54,18.0
2026-08-15,ORD-53085,Tiramisu,Desserts,1,8,8,3.0
2026-08-15,ORD-72062,Chicken Wings,Appetizers,1,10,10,4.0
2026-08-15,ORD-76027,Beef Burger,Burgers,1,14,14,6.0
2026-08-15,ORD-26745,Chicken Wings,Appetizers,2,10,20,8.0
2026-08-15,ORD-75222,Coffee,Drinks,1,4,4,1.0
2026-08-15,ORD-67801,Margherita Pizza,Pizza,3,15,45,15.0
2026-08-15,ORD-30592,Coffee,Drinks,1,4,4,1.0
2026-08-15,ORD-32666,Margherita Pizza,Pizza,3,15,45,15.0
2026-08-15,ORD-89482,Tiramisu,Desserts,1,8,8,3.0
2026-08-15,ORD-54527,Pepperoni Pizza,Pizza,2,18,36,12.0
2026-08-15,ORD-38366,Pepperoni Pizza,Pizza,1,18,18,6.0
2026-08-15,ORD-93059,Beef Burger,Burgers,1,14,14,6.0
2026-08-15,ORD-14813,Chicken Wings,Appetizers,3,10,30,12.0
2026-08-15,ORD-56340,French Fries,Sides,3,5,15,4.5
2026-08-15,ORD-99403,Beef Burger,Burgers,1,14,14,6.0
2026-08-15,ORD-72872,French Fries,Sides,3,5,15,4.5
2026-08-15,ORD-54161,Pepperoni Pizza,Pizza,2,18,36,12.0
2026-08-15,ORD-56402,Bruschetta,Appetizers,1,7,7,2.5
2026-08-15,ORD-56090,Pepperoni Pizza,Pizza,1,18,18,6.0
2026-08-15,ORD-88173,Margherita Pizza,Pizza,2,15,30,10.0
2026-08-15,ORD-90525,Tiramisu,Desserts,1,8,8,3.0
2026-08-15,ORD-68268,Coffee,Drinks,3,4,12,3.0
2026-08-15,ORD-90516,Soda,Drinks,2,3,6,1.0
2026-08-15,ORD-80477,French Fries,Sides,2,5,10,3.0
2026-08-15,ORD-88612,Tiramisu,Desserts,2,8,16,6.0
2026-08-15,ORD-40717,Pepperoni Pizza,Pizza,1,18,18,6.0
2026-08-15,ORD-89739,Coffee,Drinks,1,4,4,1.0
2026-08-15,ORD-81721,Caesar Salad,Salads,1,12,12,4.0
2026-08-15,ORD-93035,Coffee,Drinks,3,4,12,3.0
2026-08-15,ORD-43220,Pepperoni Pizza,Pizza,1,18,18,6.0
2026-08-15,ORD-88694,Pepperoni Pizza,Pizza,3,18,54,18.0
2026-08-15,ORD-88541,Pepperoni Pizza,Pizza,3,18,54,18.0
2026-08-15,ORD-28469,French Fries,Sides,2,5,10,3.0
2026-08-15,ORD-76012,Soda,Drinks,1,3,3,0.5
2026-08-15,ORD-36021,Beef Burger,Burgers,1,14,14,6.0
2026-08-15,ORD-73818,Soda,Drinks,3,3,9,1.5
2026-08-15,ORD-41534,Caesar Salad,Salads,2,12,24,8.0
2026-08-15,ORD-22212,Margherita Pizza,Pizza,5,15,75,25.0
2026-08-15,ORD-17252,Pepperoni Pizza,Pizza,1,18,18,6.0
2026-08-15,ORD-68882,Caesar Salad,Salads,2,12,24,8.0
2026-08-15,ORD-68139,Pepperoni Pizza,Pizza,1,18,18,6.0
2026-08-15,ORD-99097,Pepperoni Pizza,Pizza,1,18,18,6.0
2026-08-15,ORD-70911,Beef Burger,Burgers,2,14,28,12.0
2026-08-15,ORD-95729,Beef Burger,Burgers,3,14,42,18.0
2026-08-15,ORD-66522,Tiramisu,Desserts,1,8,8,3.0
2026-08-15,ORD-71010,Margherita Pizza,Pizza,3,15,45,15.0
2026-08-15,ORD-46600,Pepperoni Pizza,Pizza,2,18,36,12.0
2026-08-15,ORD-57399,French Fries,Sides,1,5,5,1.5
2026-08-15,ORD-18844,Pepperoni Pizza,Pizza,1,18,18,6.0
2026-08-15,ORD-86102,Soda,Drinks,2,3,6,1.0
2026-08-15,ORD-21835,Soda,Drinks,1,3,3,0.5
2026-08-15,ORD-47086,Caesar Salad,Salads,3,12,36,12.0
2026-08-15,ORD-10390,Soda,Drinks,2,3,6,1.0
2026-08-15,ORD-55304,Chicken Wings,Appetizers,1,10,10,4.0
2026-08-15,ORD-51167,Beef Burger,Burgers,1,14,14,6.0
2026-08-15,ORD-97941,Margherita Pizza,Pizza,5,15,75,25.0
2026-08-15,ORD-23566,Caesar Salad,Salads,1,12,12,4.0
2026-08-15,ORD-54637,Caesar Salad,Salads,1,12,12,4.0
2026-08-15,ORD-23671,French Fries,Sides,2,5,10,3.0
2026-08-15,ORD-78261,Chicken Wings,Appetizers,3,10,30,12.0
2026-08-15,ORD-98919,Soda,Drinks,3,3,9,1.5
2026-08-15,ORD-42504,Chicken Wings,Appetizers,2,10,20,8.0
2026-08-15,ORD-96975,Soda,Drinks,1,3,3,0.5
2026-08-15,ORD-61614,Chicken Wings,Appetizers,2,10,20,8.0
2026-08-15,ORD-25186,French Fries,Sides,2,5,10,3.0
2026-08-15,ORD-17253,Chicken Wings,Appetizers,3,10,30,12.0
2026-08-15,ORD-78147,Soda,Drinks,1,3,3,0.5
2026-08-15,ORD-41115,Coffee,Drinks,2,4,8,2.0
2026-08-15,ORD-74161,Soda,Drinks,3,3,9,1.5
2026-08-15,ORD-58617,Tiramisu,Desserts,2,8,16,6.0
2026-08-15,ORD-84209,Pepperoni Pizza,Pizza,2,18,36,12.0
2026-08-15,ORD-24711,Soda,Drinks,3,3,9,1.5
2026-08-15,ORD-13887,Pepperoni Pizza,Pizza,1,18,18,6.0
2026-08-15,ORD-85581,Coffee,Drinks,3,4,12,3.0
2026-08-15,ORD-78654,Caesar Salad,Salads,3,12,36,12.0
2026-08-15,ORD-38601,French Fries,Sides,3,5,15,4.5
2026-08-15,ORD-47549,Chicken Wings,Appetizers,1,10,10,4.0
2026-08-15,ORD-48692,French Fries,Sides,2,5,10,3.0
2026-08-15,ORD-14280,Soda,Drinks,1,3,3,0.5
2026-08-15,ORD-62011,Bruschetta,Appetizers,1,7,7,2.5
2026-08-15,ORD-23801,Coffee,Drinks,1,4,4,1.0
2026-08-15,ORD-81398,Caesar Salad,Salads,1,12,12,4.0
2026-08-15,ORD-63206,Soda,Drinks,3,3,9,1.5
2026-08-15,ORD-32731,French Fries,Sides,3,5,15,4.5
2026-08-15,ORD-10421,French Fries,Sides,2,5,10,3.0
2026-08-15,ORD-68152,Coffee,Drinks,1,4,4,1.0
2026-08-15,ORD-80873,Chicken Wings,Appetizers,1,10,10,4.0
2026-08-15,ORD-78733,Chicken Wings,Appetizers,1,10,10,4.0
2026-08-15,ORD-93272,Pepperoni Pizza,Pizza,3,18,54,18.0
2026-08-16,ORD-40181,Chicken Wings,Appetizers,2,10,20,8.0
2026-08-16,ORD-76203,Pepperoni Pizza,Pizza,2,18,36,12.0
2026-08-16,ORD-31479,Margherita Pizza,Pizza,3,15,45,15.0
2026-08-16,ORD-71544,Tiramisu,Desserts,2,8,16,6.0
2026-08-16,ORD-99745,Beef Burger,Burgers,1,14,14,6.0
2026-08-16,ORD-39495,Chicken Wings,Appetizers,1,10,10,4.0
2026-08-16,ORD-61915,Pepperoni Pizza,Pizza,1,18,18,6.0
2026-08-16,ORD-73736,Soda,Drinks,2,3,6,1.0
2026-08-16,ORD-56225,Chicken Wings,Appetizers,1,10,10,4.0
2026-08-16,ORD-56906,Margherita Pizza,Pizza,2,15,30,10.0
2026-08-16,ORD-13920,Soda,Drinks,3,3,9,1.5
2026-08-16,ORD-59601,Margherita Pizza,Pizza,5,15,75,25.0
2026-08-16,ORD-89446,Soda,Drinks,3,3,9,1.5
2026-08-16,ORD-99493,Pepperoni Pizza,Pizza,1,18,18,6.0
2026-08-16,ORD-42775,Chicken Wings,Appetizers,1,10,10,4.0
2026-08-16,ORD-68895,Chicken Wings,Appetizers,3,10,30,12.0
2026-08-16,ORD-44117,Tiramisu,Desserts,3,8,24,9.0
2026-08-16,ORD-40935,French Fries,Sides,3,5,15,4.5
2026-08-16,ORD-18903,Coffee,Drinks,3,4,12,3.0
2026-08-16,ORD-20803,Tiramisu,Desserts,2,8,16,6.0
2026-08-16,ORD-94206,Soda,Drinks,3,3,9,1.5
2026-08-16,ORD-66341,Chicken Wings,Appetizers,3,10,30,12.0
2026-08-16,ORD-69210,Margherita Pizza,Pizza,5,15,75,25.0
2026-08-16,ORD-95383,Coffee,Drinks,3,4,12,3.0
2026-08-16,ORD-77772,Tiramisu,Desserts,3,8,24,9.0
2026-08-16,ORD-97413,Tiramisu,Desserts,3,8,24,9.0
2026-08-16,ORD-87191,Bruschetta,Appetizers,1,7,7,2.5
2026-08-16,ORD-10862,Caesar Salad,Salads,3,12,36,12.0
2026-08-16,ORD-94517,French Fries,Sides,3,5,15,4.5
2026-08-16,ORD-50198,Coffee,Drinks,3,4,12,3.0
2026-08-16,ORD-21757,Soda,Drinks,3,3,9,1.5
2026-08-16,ORD-13063,Beef Burger,Burgers,1,14,14,6.0
2026-08-16,ORD-59520,Pepperoni Pizza,Pizza,1,18,18,6.0
2026-08-16,ORD-18963,Caesar Salad,Salads,1,12,12,4.0
2026-08-16,ORD-79112,Soda,Drinks,3,3,9,1.5
2026-08-16,ORD-16936,Pepperoni Pizza,Pizza,1,18,18,6.0
2026-08-16,ORD-75232,Tiramisu,Desserts,2,8,16,6.0
2026-08-16,ORD-86016,Tiramisu,Desserts,2,8,16,6.0
2026-08-16,ORD-34040,Soda,Drinks,1,3,3,0.5
2026-08-16,ORD-41580,Soda,Drinks,3,3,9,1.5
2026-08-16,ORD-10858,Margherita Pizza,Pizza,4,15,60,20.0
2026-08-16,ORD-89765,Soda,Drinks,2,3,6,1.0
2026-08-16,ORD-27810,Coffee,Drinks,2,4,8,2.0
2026-08-16,ORD-17879,French Fries,Sides,1,5,5,1.5
2026-08-16,ORD-35153,Pepperoni Pizza,Pizza,3,18,54,18.0
2026-08-16,ORD-87373,Margherita Pizza,Pizza,4,15,60,20.0
2026-08-16,ORD-33084,Margherita Pizza,Pizza,3,15,45,15.0
2026-08-16,ORD-83429,Chicken Wings,Appetizers,2,10,20,8.0
2026-08-16,ORD-25732,Chicken Wings,Appetizers,1,10,10,4.0
2026-08-16,ORD-33617,Coffee,Drinks,3,4,12,3.0
2026-08-16,ORD-86417,Margherita Pizza,Pizza,5,15,75,25.0
2026-08-16,ORD-20004,Chicken Wings,Appetizers,2,10,20,8.0
2026-08-16,ORD-69233,French Fries,Sides,2,5,10,3.0
2026-08-16,ORD-73816,Chicken Wings,Appetizers,2,10,20,8.0
2026-08-16,ORD-76028,French Fries,Sides,2,5,10,3.0
2026-08-16,ORD-12654,Margherita Pizza,Pizza,4,15,60,20.0
2026-08-16,ORD-41190,Coffee,Drinks,3,4,12,3.0
2026-08-16,ORD-38178,Bruschetta,Appetizers,1,7,7,2.5
2026-08-16,ORD-83279,Coffee,Drinks,2,4,8,2.0
2026-08-16,ORD-76458,Chicken Wings,Appetizers,2,10,20,8.0
2026-08-16,ORD-66540,Beef Burger,Burgers,1,14,14,6.0
2026-08-16,ORD-64646,French Fries,Sides,3,5,15,4.5
2026-08-16,ORD-69630,Margherita Pizza,Pizza,4,15,60,20.0
2026-08-16,ORD-80643,Chicken Wings,Appetizers,3,10,30,12.0
2026-08-16,ORD-18819,Caesar Salad,Salads,3,12,36,12.0
2026-08-16,ORD-20011,Chicken Wings,Appetizers,1,10,10,4.0
2026-08-16,ORD-35107,Beef Burger,Burgers,1,14,14,6.0
2026-08-16,ORD-21042,Margherita Pizza,Pizza,3,15,45,15.0
2026-08-16,ORD-28160,French Fries,Sides,3,5,15,4.5
2026-08-16,ORD-65755,Caesar Salad,Salads,3,12,36,12.0
2026-08-16,ORD-76066,Pepperoni Pizza,Pizza,1,18,18,6.0
2026-08-16,ORD-68703,Caesar Salad,Salads,2,12,24,8.0
2026-08-16,ORD-62952,Caesar Salad,Salads,3,12,36,12.0
2026-08-16,ORD-41492,Soda,Drinks,2,3,6,1.0
2026-08-16,ORD-75524,Chicken Wings,Appetizers,1,10,10,4.0
2026-08-16,ORD-98746,French Fries,Sides,1,5,5,1.5
2026-08-16,ORD-90978,Caesar Salad,Salads,3,12,36,12.0
2026-08-16,ORD-37566,Bruschetta,Appetizers,1,7,7,2.5
2026-08-16,ORD-89229,Bruschetta,Appetizers,1,7,7,2.5
2026-08-16,ORD-76685,Pepperoni Pizza,Pizza,2,18,36,12.0
2026-08-16,ORD-89358,Bruschetta,Appetizers,1,7,7,2.5
2026-08-16,ORD-16839,Caesar Salad,Salads,1,12,12,4.0
2026-08-16,ORD-36212,Chicken Wings,Appetizers,3,10,30,12.0
2026-08-16,ORD-34251,Tiramisu,Desserts,3,8,24,9.0
2026-08-16,ORD-95435,Beef Burger,Burgers,3,14,42,18.0
2026-08-16,ORD-63764,Tiramisu,Desserts,3,8,24,9.0
2026-08-16,ORD-85460,Soda,Drinks,1,3,3,0.5
2026-08-16,ORD-44769,Tiramisu,Desserts,1,8,8,3.0
2026-08-16,ORD-72754,Pepperoni Pizza,Pizza,1,18,18,6.0
2026-08-16,ORD-54002,Margherita Pizza,Pizza,4,15,60,20.0
2026-08-16,ORD-44200,Tiramisu,Desserts,2,8,16,6.0
2026-08-16,ORD-76077,Caesar Salad,Salads,1,12,12,4.0
2026-08-16,ORD-79545,French Fries,Sides,1,5,5,1.5
2026-08-16,ORD-55714,Chicken Wings,Appetizers,3,10,30,12.0
2026-08-16,ORD-84394,Chicken Wings,Appetizers,3,10,30,12.0
2026-08-16,ORD-57213,Margherita Pizza,Pizza,2,15,30,10.0
2026-08-16,ORD-48651,Chicken Wings,Appetizers,3,10,30,12.0
2026-08-16,ORD-60746,Margherita Pizza,Pizza,5,15,75,25.0
2026-08-16,ORD-19256,Chicken Wings,Appetizers,3,10,30,12.0
2026-08-16,ORD-65474,Caesar Salad,Salads,2,12,24,8.0
2026-08-16,ORD-67737,Margherita Pizza,Pizza,2,15,30,10.0
2026-08-16,ORD-63146,Bruschetta,Appetizers,1,7,7,2.5
2026-08-16,ORD-94751,Margherita Pizza,Pizza,2,15,30,10.0
2026-08-16,ORD-92821,Caesar Salad,Salads,3,12,36,12.0
2026-08-16,ORD-34110,Chicken Wings,Appetizers,3,10,30,12.0
2026-08-16,ORD-42133,Caesar Salad,Salads,1,12,12,4.0
2026-08-16,ORD-95637,Beef Burger,Burgers,3,14,42,18.0
2026-08-16,ORD-56877,Tiramisu,Desserts,3,8,24,9.0
2026-08-16,ORD-44289,French Fries,Sides,1,5,5,1.5
2026-08-16,ORD-94280,Pepperoni Pizza,Pizza,3,18,54,18.0
2026-08-16,ORD-99531,Pepperoni Pizza,Pizza,1,18,18,6.0
2026-08-16,ORD-49326,Margherita Pizza,Pizza,4,15,60,20.0
2026-08-17,ORD-82496,Caesar Salad,Salads,3,12,36,12.0
2026-08-17,ORD-17026,Coffee,Drinks,2,4,8,2.0
2026-08-17,ORD-78729,Caesar Salad,Salads,2,12,24,8.0
2026-08-17,ORD-56067,Margherita Pizza,Pizza,5,15,75,25.0
2026-08-17,ORD-63205,Chicken Wings,Appetizers,2,10,20,8.0
2026-08-17,ORD-16872,Caesar Salad,Salads,2,12,24,8.0
2026-08-17,ORD-30059,Caesar Salad,Salads,2,12,24,8.0
2026-08-17,ORD-94297,Margherita Pizza,Pizza,3,15,45,15.0
2026-08-17,ORD-37196,Soda,Drinks,2,3,6,1.0
2026-08-17,ORD-55824,Pepperoni Pizza,Pizza,3,18,54,18.0
2026-08-17,ORD-49383,Margherita Pizza,Pizza,4,15,60,20.0
2026-08-17,ORD-39062,Caesar Salad,Salads,2,12,24,8.0
2026-08-17,ORD-61320,Margherita Pizza,Pizza,5,15,75,25.0
2026-08-17,ORD-42634,Tiramisu,Desserts,2,8,16,6.0
2026-08-17,ORD-33079,Pepperoni Pizza,Pizza,1,18,18,6.0
2026-08-17,ORD-17364,Tiramisu,Desserts,2,8,16,6.0
2026-08-17,ORD-91791,Tiramisu,Desserts,2,8,16,6.0
2026-08-17,ORD-34258,Tiramisu,Desserts,2,8,16,6.0
2026-08-17,ORD-30254,Beef Burger,Burgers,2,14,28,12.0
2026-08-17,ORD-88734,French Fries,Sides,2,5,10,3.0
2026-08-17,ORD-45492,Caesar Salad,Salads,1,12,12,4.0
2026-08-17,ORD-14542,Pepperoni Pizza,Pizza,1,18,18,6.0
2026-08-17,ORD-74449,Chicken Wings,Appetizers,1,10,10,4.0
2026-08-17,ORD-11095,French Fries,Sides,1,5,5,1.5
2026-08-17,ORD-93310,French Fries,Sides,1,5,5,1.5
2026-08-17,ORD-14324,Chicken Wings,Appetizers,2,10,20,8.0
2026-08-17,ORD-25187,Caesar Salad,Salads,3,12,36,12.0
2026-08-17,ORD-73518,Caesar Salad,Salads,2,12,24,8.0
2026-08-17,ORD-99410,Margherita Pizza,Pizza,2,15,30,10.0
2026-08-17,ORD-73322,Chicken Wings,Appetizers,2,10,20,8.0
2026-08-18,ORD-12809,Margherita Pizza,Pizza,5,15,75,25.0
2026-08-18,ORD-43102,Soda,Drinks,3,3,9,1.5
2026-08-18,ORD-30700,Chicken Wings,Appetizers,1,10,10,4.0
2026-08-18,ORD-93223,Soda,Drinks,3,3,9,1.5
2026-08-18,ORD-19431,Coffee,Drinks,2,4,8,2.0
2026-08-18,ORD-34785,Margherita Pizza,Pizza,2,15,30,10.0
2026-08-18,ORD-78665,Caesar Salad,Salads,1,12,12,4.0
2026-08-18,ORD-11014,Coffee,Drinks,3,4,12,3.0
2026-08-18,ORD-44023,Beef Burger,Burgers,2,14,28,12.0
2026-08-18,ORD-77799,Beef Burger,Burgers,3,14,42,18.0
2026-08-18,ORD-42793,Soda,Drinks,3,3,9,1.5
2026-08-18,ORD-79264,French Fries,Sides,2,5,10,3.0
2026-08-18,ORD-19659,Margherita Pizza,Pizza,2,15,30,10.0
2026-08-18,ORD-93286,Pepperoni Pizza,Pizza,2,18,36,12.0
2026-08-18,ORD-53460,Caesar Salad,Salads,3,12,36,12.0
2026-08-18,ORD-17118,Bruschetta,Appetizers,1,7,7,2.5
2026-08-18,ORD-88743,Coffee,Drinks,1,4,4,1.0
2026-08-18,ORD-64231,Coffee,Drinks,3,4,12,3.0
2026-08-18,ORD-60752,Caesar Salad,Salads,1,12,12,4.0
2026-08-18,ORD-71167,Soda,Drinks,2,3,6,1.0
2026-08-18,ORD-46900,Caesar Salad,Salads,1,12,12,4.0
2026-08-18,ORD-16838,Chicken Wings,Appetizers,1,10,10,4.0
2026-08-18,ORD-35246,Soda,Drinks,1,3,3,0.5
2026-08-18,ORD-95367,Pepperoni Pizza,Pizza,2,18,36,12.0
2026-08-18,ORD-95187,Soda,Drinks,2,3,6,1.0
2026-08-18,ORD-29399,Chicken Wings,Appetizers,3,10,30,12.0
2026-08-18,ORD-81691,Caesar Salad,Salads,2,12,24,8.0
2026-08-18,ORD-24408,Chicken Wings,Appetizers,3,10,30,12.0
2026-08-18,ORD-77983,Soda,Drinks,1,3,3,0.5
2026-08-18,ORD-15797,Caesar Salad,Salads,2,12,24,8.0
2026-08-18,ORD-23283,Pepperoni Pizza,Pizza,3,18,54,18.0
2026-08-19,ORD-97463,Caesar Salad,Salads,3,12,36,12.0
2026-08-19,ORD-38141,Bruschetta,Appetizers,1,7,7,2.5
2026-08-19,ORD-23509,Bruschetta,Appetizers,1,7,7,2.5
2026-08-19,ORD-63320,Pepperoni Pizza,Pizza,1,18,18,6.0
2026-08-19,ORD-85549,Caesar Salad,Salads,2,12,24,8.0
2026-08-19,ORD-57646,Coffee,Drinks,3,4,12,3.0
2026-08-19,ORD-37434,Caesar Salad,Salads,2,12,24,8.0
2026-08-19,ORD-35360,Margherita Pizza,Pizza,4,15,60,20.0
2026-08-19,ORD-83496,Margherita Pizza,Pizza,3,15,45,15.0
2026-08-19,ORD-55382,Margherita Pizza,Pizza,2,15,30,10.0
2026-08-19,ORD-95444,Pepperoni Pizza,Pizza,1,18,18,6.0
2026-08-19,ORD-38110,Pepperoni Pizza,Pizza,2,18,36,12.0
2026-08-19,ORD-39464,French Fries,Sides,1,5,5,1.5
2026-08-19,ORD-75211,Chicken Wings,Appetizers,1,10,10,4.0
2026-08-19,ORD-82216,Pepperoni Pizza,Pizza,2,18,36,12.0
2026-08-19,ORD-40870,Coffee,Drinks,1,4,4,1.0
2026-08-19,ORD-92151,Pepperoni Pizza,Pizza,3,18,54,18.0
2026-08-19,ORD-25775,Bruschetta,Appetizers,1,7,7,2.5
2026-08-19,ORD-14511,Bruschetta,Appetizers,1,7,7,2.5
2026-08-19,ORD-52883,Caesar Salad,Salads,1,12,12,4.0
2026-08-19,ORD-20173,Chicken Wings,Appetizers,3,10,30,12.0
2026-08-19,ORD-44400,Pepperoni Pizza,Pizza,3,18,54,18.0
2026-08-19,ORD-62905,Beef Burger,Burgers,3,14,42,18.0
2026-08-19,ORD-35798,Margherita Pizza,Pizza,5,15,75,25.0
2026-08-19,ORD-14832,Beef Burger,Burgers,3,14,42,18.0
2026-08-19,ORD-64530,Margherita Pizza,Pizza,4,15,60,20.0
2026-08-19,ORD-62283,Margherita Pizza,Pizza,5,15,75,25.0
2026-08-19,ORD-19336,Caesar Salad,Salads,2,12,24,8.0
2026-08-19,ORD-89144,Soda,Drinks,1,3,3,0.5
2026-08-19,ORD-84483,French Fries,Sides,1,5,5,1.5
2026-08-19,ORD-27118,Caesar Salad,Salads,3,12,36,12.0
2026-08-19,ORD-68790,Margherita Pizza,Pizza,3,15,45,15.0
2026-08-19,ORD-92218,Bruschetta,Appetizers,1,7,7,2.5
2026-08-19,ORD-13431,Chicken Wings,Appetizers,1,10,10,4.0
2026-08-20,ORD-74914,Margherita Pizza,Pizza,3,15,45,15.0
2026-08-20,ORD-96669,Pepperoni Pizza,Pizza,1,18,18,6.0
2026-08-20,ORD-66667,Soda,Drinks,3,3,9,1.5
2026-08-20,ORD-26267,Coffee,Drinks,1,4,4,1.0
2026-08-20,ORD-25511,Tiramisu,Desserts,1,8,8,3.0
2026-08-20,ORD-61339,Soda,Drinks,3,3,9,1.5
2026-08-20,ORD-15193,Chicken Wings,Appetizers,2,10,20,8.0
2026-08-20,ORD-36627,Chicken Wings,Appetizers,1,10,10,4.0
2026-08-20,ORD-18385,Soda,Drinks,3,3,9,1.5
2026-08-20,ORD-27298,Pepperoni Pizza,Pizza,3,18,54,18.0
2026-08-20,ORD-50481,Coffee,Drinks,3,4,12,3.0
2026-08-20,ORD-97914,Pepperoni Pizza,Pizza,1,18,18,6.0
2026-08-20,ORD-62191,Soda,Drinks,3,3,9,1.5
2026-08-20,ORD-46442,Chicken Wings,Appetizers,3,10,30,12.0
2026-08-20,ORD-17095,Beef Burger,Burgers,2,14,28,12.0
2026-08-20,ORD-25047,Tiramisu,Desserts,2,8,16,6.0
2026-08-20,ORD-97066,Tiramisu,Desserts,1,8,8,3.0
2026-08-20,ORD-89852,Chicken Wings,Appetizers,3,10,30,12.0
2026-08-20,ORD-43188,Margherita Pizza,Pizza,5,15,75,25.0
2026-08-20,ORD-63664,Margherita Pizza,Pizza,3,15,45,15.0
2026-08-20,ORD-47560,Beef Burger,Burgers,3,14,42,18.0
2026-08-20,ORD-40765,Margherita Pizza,Pizza,5,15,75,25.0
2026-08-20,ORD-39883,Caesar Salad,Salads,3,12,36,12.0
2026-08-20,ORD-20461,Beef Burger,Burgers,2,14,28,12.0
2026-08-20,ORD-86270,Chicken Wings,Appetizers,3,10,30,12.0
2026-08-20,ORD-48239,Coffee,Drinks,3,4,12,3.0
2026-08-20,ORD-34113,Soda,Drinks,2,3,6,1.0
2026-08-20,ORD-33578,Pepperoni Pizza,Pizza,3,18,54,18.0
2026-08-20,ORD-90441,Bruschetta,Appetizers,1,7,7,2.5
2026-08-20,ORD-28810,Coffee,Drinks,3,4,12,3.0
2026-08-20,ORD-42390,Caesar Salad,Salads,1,12,12,4.0
2026-08-20,ORD-91592,Chicken Wings,Appetizers,3,10,30,12.0
2026-08-20,ORD-92970,Beef Burger,Burgers,2,14,28,12.0
2026-08-20,ORD-52879,French Fries,Sides,3,5,15,4.5
2026-08-20,ORD-34806,Beef Burger,Burgers,2,14,28,12.0
2026-08-20,ORD-63429,Beef Burger,Burgers,3,14,42,18.0
2026-08-20,ORD-40147,Margherita Pizza,Pizza,2,15,30,10.0
2026-08-20,ORD-42622,Caesar Salad,Salads,3,12,36,12.0
2026-08-20,ORD-30275,Tiramisu,Desserts,1,8,8,3.0
2026-08-20,ORD-95801,Beef Burger,Burgers,2,14,28,12.0
2026-08-20,ORD-93164,Beef Burger,Burgers,3,14,42,18.0
2026-08-21,ORD-14136,Caesar Salad,Salads,2,12,24,8.0
2026-08-21,ORD-50931,Chicken Wings,Appetizers,2,10,20,8.0
2026-08-21,ORD-90040,Soda,Drinks,2,3,6,1.0
2026-08-21,ORD-61253,Pepperoni Pizza,Pizza,2,18,36,12.0
2026-08-21,ORD-50225,Bruschetta,Appetizers,1,7,7,2.5
2026-08-21,ORD-69418,Caesar Salad,Salads,2,12,24,8.0
2026-08-21,ORD-68476,Pepperoni Pizza,Pizza,3,18,54,18.0
2026-08-21,ORD-28734,French Fries,Sides,2,5,10,3.0
2026-08-21,ORD-17345,Soda,Drinks,1,3,3,0.5
2026-08-21,ORD-42583,French Fries,Sides,2,5,10,3.0
2026-08-21,ORD-12461,Margherita Pizza,Pizza,5,15,75,25.0
2026-08-21,ORD-15956,Soda,Drinks,3,3,9,1.5
2026-08-21,ORD-47819,Caesar Salad,Salads,1,12,12,4.0
2026-08-21,ORD-23397,Margherita Pizza,Pizza,4,15,60,20.0
2026-08-21,ORD-52633,Caesar Salad,Salads,1,12,12,4.0
2026-08-21,ORD-60685,Tiramisu,Desserts,2,8,16,6.0
2026-08-21,ORD-20013,Margherita Pizza,Pizza,3,15,45,15.0
2026-08-21,ORD-55579,Beef Burger,Burgers,3,14,42,18.0
2026-08-21,ORD-92904,Pepperoni Pizza,Pizza,3,18,54,18.0
2026-08-21,ORD-35071,Tiramisu,Desserts,3,8,24,9.0
2026-08-21,ORD-49039,Tiramisu,Desserts,1,8,8,3.0
2026-08-21,ORD-49587,Beef Burger,Burgers,2,14,28,12.0
2026-08-21,ORD-91850,Bruschetta,Appetizers,1,7,7,2.5
2026-08-21,ORD-86386,Margherita Pizza,Pizza,5,15,75,25.0
2026-08-21,ORD-77289,Caesar Salad,Salads,2,12,24,8.0
2026-08-21,ORD-96794,Caesar Salad,Salads,1,12,12,4.0
2026-08-21,ORD-12079,Beef Burger,Burgers,3,14,42,18.0
2026-08-21,ORD-53998,Tiramisu,Desserts,1,8,8,3.0
2026-08-21,ORD-61193,Beef Burger,Burgers,3,14,42,18.0
2026-08-21,ORD-12817,Chicken Wings,Appetizers,3,10,30,12.0
2026-08-21,ORD-77342,Margherita Pizza,Pizza,4,15,60,20.0
2026-08-21,ORD-30319,Chicken Wings,Appetizers,1,10,10,4.0
2026-08-21,ORD-38789,Tiramisu,Desserts,1,8,8,3.0
2026-08-21,ORD-23567,Chicken Wings,Appetizers,1,10,10,4.0
2026-08-21,ORD-94028,Tiramisu,Desserts,1,8,8,3.0
2026-08-21,ORD-62014,Chicken Wings,Appetizers,3,10,30,12.0
2026-08-21,ORD-87545,Bruschetta,Appetizers,1,7,7,2.5
2026-08-21,ORD-46395,Coffee,Drinks,3,4,12,3.0
2026-08-21,ORD-22919,Coffee,Drinks,3,4,12,3.0
2026-08-21,ORD-11503,Pepperoni Pizza,Pizza,3,18,54,18.0
2026-08-21,ORD-89444,Caesar Salad,Salads,2,12,24,8.0
2026-08-21,ORD-81443,French Fries,Sides,2,5,10,3.0
2026-08-21,ORD-46079,Caesar Salad,Salads,2,12,24,8.0
2026-08-21,ORD-94644,Chicken Wings,Appetizers,3,10,30,12.0
2026-08-21,ORD-39996,Margherita Pizza,Pizza,2,15,30,10.0
2026-08-21,ORD-92206,Beef Burger,Burgers,1,14,14,6.0
2026-08-21,ORD-52432,Pepperoni Pizza,Pizza,1,18,18,6.0
2026-08-21,ORD-75870,Tiramisu,Desserts,1,8,8,3.0
2026-08-21,ORD-46205,Chicken Wings,Appetizers,2,10,20,8.0
2026-08-21,ORD-70076,Soda,Drinks,3,3,9,1.5
2026-08-21,ORD-36978,Pepperoni Pizza,Pizza,2,18,36,12.0
2026-08-21,ORD-61765,Chicken Wings,Appetizers,3,10,30,12.0
2026-08-21,ORD-29368,Beef Burger,Burgers,2,14,28,12.0
2026-08-21,ORD-55341,Coffee,Drinks,1,4,4,1.0
2026-08-21,ORD-36794,Chicken Wings,Appetizers,3,10,30,12.0
2026-08-21,ORD-41774,Coffee,Drinks,2,4,8,2.0
2026-08-21,ORD-51179,Tiramisu,Desserts,1,8,8,3.0
2026-08-21,ORD-24957,Soda,Drinks,3,3,9,1.5
2026-08-21,ORD-41544,Coffee,Drinks,2,4,8,2.0
2026-08-21,ORD-45634,Chicken Wings,Appetizers,1,10,10,4.0
2026-08-21,ORD-79356,Caesar Salad,Salads,3,12,36,12.0
2026-08-21,ORD-86765,Chicken Wings,Appetizers,3,10,30,12.0
2026-08-21,ORD-49810,Tiramisu,Desserts,3,8,24,9.0
2026-08-21,ORD-78956,Beef Burger,Burgers,1,14,14,6.0
2026-08-21,ORD-98869,French Fries,Sides,3,5,15,4.5
2026-08-21,ORD-93574,Soda,Drinks,1,3,3,0.5
2026-08-21,ORD-74444,Chicken Wings,Appetizers,3,10,30,12.0
2026-08-21,ORD-99923,Caesar Salad,Salads,2,12,24,8.0
2026-08-21,ORD-28143,Tiramisu,Desserts,2,8,16,6.0
2026-08-21,ORD-23471,Coffee,Drinks,3,4,12,3.0
2026-08-21,ORD-37596,Soda,Drinks,2,3,6,1.0
2026-08-21,ORD-51972,Soda,Drinks,2,3,6,1.0
2026-08-21,ORD-77459,Margherita Pizza,Pizza,2,15,30,10.0
2026-08-21,ORD-61741,Chicken Wings,Appetizers,3,10,30,12.0
2026-08-21,ORD-16699,Soda,Drinks,2,3,6,1.0
2026-08-21,ORD-45258,Margherita Pizza,Pizza,4,15,60,20.0
2026-08-21,ORD-32481,Soda,Drinks,3,3,9,1.5
2026-08-21,ORD-69454,Beef Burger,Burgers,3,14,42,18.0
2026-08-21,ORD-44919,Margherita Pizza,Pizza,5,15,75,25.0
2026-08-21,ORD-24733,Tiramisu,Desserts,1,8,8,3.0
2026-08-21,ORD-87250,Soda,Drinks,2,3,6,1.0
2026-08-21,ORD-57227,Bruschetta,Appetizers,1,7,7,2.5
2026-08-21,ORD-11027,French Fries,Sides,1,5,5,1.5
2026-08-21,ORD-34981,Tiramisu,Desserts,3,8,24,9.0
2026-08-21,ORD-13452,Beef Burger,Burgers,3,14,42,18.0
2026-08-21,ORD-72538,Chicken Wings,Appetizers,1,10,10,4.0
2026-08-21,ORD-79140,Coffee,Drinks,1,4,4,1.0
2026-08-21,ORD-64672,Margherita Pizza,Pizza,4,15,60,20.0
2026-08-21,ORD-88807,Beef Burger,Burgers,1,14,14,6.0
2026-08-21,ORD-39946,Beef Burger,Burgers,2,14,28,12.0
2026-08-21,ORD-97620,French Fries,Sides,2,5,10,3.0
2026-08-21,ORD-45496,Bruschetta,Appetizers,1,7,7,2.5
2026-08-21,ORD-84692,Tiramisu,Desserts,1,8,8,3.0
2026-08-21,ORD-95582,Bruschetta,Appetizers,1,7,7,2.5
2026-08-21,ORD-94708,French Fries,Sides,3,5,15,4.5
2026-08-21,ORD-38399,Chicken Wings,Appetizers,3,10,30,12.0
2026-08-21,ORD-46045,Margherita Pizza,Pizza,2,15,30,10.0
2026-08-21,ORD-73937,Margherita Pizza,Pizza,3,15,45,15.0
2026-08-21,ORD-82382,Margherita Pizza,Pizza,5,15,75,25.0
2026-08-21,ORD-83140,Tiramisu,Desserts,1,8,8,3.0
2026-08-21,ORD-80662,French Fries,Sides,1,5,5,1.5
2026-08-21,ORD-57462,Coffee,Drinks,1,4,4,1.0
2026-08-21,ORD-67144,Beef Burger,Burgers,2,14,28,12.0
2026-08-21,ORD-27252,Coffee,Drinks,2,4,8,2.0
2026-08-21,ORD-66719,Coffee,Drinks,1,4,4,1.0
2026-08-21,ORD-28984,Caesar Salad,Salads,3,12,36,12.0
2026-08-21,ORD-79070,Caesar Salad,Salads,2,12,24,8.0
2026-08-21,ORD-83981,Margherita Pizza,Pizza,2,15,30,10.0
2026-08-21,ORD-37970,Coffee,Drinks,2,4,8,2.0
2026-08-21,ORD-61973,Pepperoni Pizza,Pizza,3,18,54,18.0
2026-08-21,ORD-52746,Pepperoni Pizza,Pizza,2,18,36,12.0
2026-08-21,ORD-68077,Caesar Salad,Salads,3,12,36,12.0
2026-08-21,ORD-54974,Margherita Pizza,Pizza,3,15,45,15.0
2026-08-21,ORD-53669,Caesar Salad,Salads,3,12,36,12.0
2026-08-21,ORD-23427,Chicken Wings,Appetizers,2,10,20,8.0
2026-08-21,ORD-80738,Caesar Salad,Salads,1,12,12,4.0
2026-08-21,ORD-30522,Bruschetta,Appetizers,1,7,7,2.5
2026-08-21,ORD-94105,Coffee,Drinks,3,4,12,3.0
2026-08-22,ORD-97068,Soda,Drinks,3,3,9,1.5
2026-08-22,ORD-88447,Pepperoni Pizza,Pizza,1,18,18,6.0
2026-08-22,ORD-33930,Margherita Pizza,Pizza,5,15,75,25.0
2026-08-22,ORD-77272,Pepperoni Pizza,Pizza,1,18,18,6.0
2026-08-22,ORD-31536,Margherita Pizza,Pizza,2,15,30,10.0
2026-08-22,ORD-59732,Chicken Wings,Appetizers,3,10,30,12.0
2026-08-22,ORD-24363,Coffee,Drinks,3,4,12,3.0
2026-08-22,ORD-36348,Tiramisu,Desserts,2,8,16,6.0
2026-08-22,ORD-78912,Margherita Pizza,Pizza,3,15,45,15.0
2026-08-22,ORD-64732,Caesar Salad,Salads,2,12,24,8.0
2026-08-22,ORD-16952,Bruschetta,Appetizers,1,7,7,2.5
2026-08-22,ORD-46823,Soda,Drinks,2,3,6,1.0
2026-08-22,ORD-99632,Tiramisu,Desserts,3,8,24,9.0
2026-08-22,ORD-37388,Tiramisu,Desserts,3,8,24,9.0
2026-08-22,ORD-20085,Caesar Salad,Salads,2,12,24,8.0
2026-08-22,ORD-28384,Chicken Wings,Appetizers,2,10,20,8.0
2026-08-22,ORD-87111,Pepperoni Pizza,Pizza,3,18,54,18.0
2026-08-22,ORD-70640,Pepperoni Pizza,Pizza,3,18,54,18.0
2026-08-22,ORD-61625,Beef Burger,Burgers,3,14,42,18.0
2026-08-22,ORD-40102,Margherita Pizza,Pizza,3,15,45,15.0
2026-08-22,ORD-74907,Soda,Drinks,1,3,3,0.5
2026-08-22,ORD-65725,Soda,Drinks,2,3,6,1.0
2026-08-22,ORD-40771,Caesar Salad,Salads,1,12,12,4.0
2026-08-22,ORD-88173,Margherita Pizza,Pizza,4,15,60,20.0
2026-08-22,ORD-11441,Chicken Wings,Appetizers,3,10,30,12.0
2026-08-22,ORD-45159,Margherita Pizza,Pizza,4,15,60,20.0
2026-08-22,ORD-35071,Chicken Wings,Appetizers,2,10,20,8.0
2026-08-22,ORD-19375,Pepperoni Pizza,Pizza,1,18,18,6.0
2026-08-22,ORD-32898,French Fries,Sides,2,5,10,3.0
2026-08-22,ORD-64531,Bruschetta,Appetizers,1,7,7,2.5
2026-08-22,ORD-74177,Pepperoni Pizza,Pizza,2,18,36,12.0
2026-08-22,ORD-84565,French Fries,Sides,2,5,10,3.0
2026-08-22,ORD-68677,Caesar Salad,Salads,3,12,36,12.0
2026-08-22,ORD-82292,Pepperoni Pizza,Pizza,2,18,36,12.0
2026-08-22,ORD-79633,Pepperoni Pizza,Pizza,1,18,18,6.0
2026-08-22,ORD-59439,Beef Burger,Burgers,2,14,28,12.0
2026-08-22,ORD-68616,French Fries,Sides,2,5,10,3.0
2026-08-22,ORD-46815,French Fries,Sides,1,5,5,1.5
2026-08-22,ORD-97644,Caesar Salad,Salads,3,12,36,12.0
2026-08-22,ORD-82000,Coffee,Drinks,2,4,8,2.0
2026-08-22,ORD-35646,Soda,Drinks,3,3,9,1.5
2026-08-22,ORD-52169,Chicken Wings,Appetizers,1,10,10,4.0
2026-08-22,ORD-51141,Margherita Pizza,Pizza,5,15,75,25.0
2026-08-22,ORD-65913,Soda,Drinks,3,3,9,1.5
2026-08-22,ORD-34219,Soda,Drinks,3,3,9,1.5
2026-08-22,ORD-35249,Beef Burger,Burgers,1,14,14,6.0
2026-08-22,ORD-53291,French Fries,Sides,1,5,5,1.5
2026-08-22,ORD-86327,French Fries,Sides,3,5,15,4.5
2026-08-22,ORD-95132,Coffee,Drinks,2,4,8,2.0
2026-08-22,ORD-34068,Pepperoni Pizza,Pizza,3,18,54,18.0
2026-08-22,ORD-85923,Pepperoni Pizza,Pizza,3,18,54,18.0
2026-08-22,ORD-44636,Coffee,Drinks,1,4,4,1.0
2026-08-22,ORD-31408,Soda,Drinks,1,3,3,0.5
2026-08-22,ORD-82287,Tiramisu,Desserts,1,8,8,3.0
2026-08-22,ORD-72612,Soda,Drinks,3,3,9,1.5
2026-08-22,ORD-13533,Chicken Wings,Appetizers,1,10,10,4.0
2026-08-22,ORD-74757,Pepperoni Pizza,Pizza,2,18,36,12.0
2026-08-22,ORD-48908,French Fries,Sides,1,5,5,1.5
2026-08-22,ORD-94335,Caesar Salad,Salads,1,12,12,4.0
2026-08-22,ORD-46400,Chicken Wings,Appetizers,3,10,30,12.0
2026-08-22,ORD-47516,Coffee,Drinks,2,4,8,2.0
2026-08-22,ORD-54789,Tiramisu,Desserts,3,8,24,9.0
2026-08-22,ORD-67959,Caesar Salad,Salads,3,12,36,12.0
2026-08-22,ORD-71325,Chicken Wings,Appetizers,2,10,20,8.0
2026-08-22,ORD-13953,Chicken Wings,Appetizers,1,10,10,4.0
2026-08-22,ORD-48696,Chicken Wings,Appetizers,1,10,10,4.0
2026-08-22,ORD-33545,Pepperoni Pizza,Pizza,2,18,36,12.0
2026-08-22,ORD-31563,Coffee,Drinks,1,4,4,1.0
2026-08-22,ORD-25636,Chicken Wings,Appetizers,1,10,10,4.0
2026-08-22,ORD-63899,French Fries,Sides,3,5,15,4.5
2026-08-22,ORD-46088,Beef Burger,Burgers,1,14,14,6.0
2026-08-22,ORD-21771,Margherita Pizza,Pizza,4,15,60,20.0
2026-08-22,ORD-47512,Margherita Pizza,Pizza,2,15,30,10.0
2026-08-22,ORD-57651,Coffee,Drinks,1,4,4,1.0
2026-08-22,ORD-38780,Soda,Drinks,2,3,6,1.0
2026-08-22,ORD-85528,Caesar Salad,Salads,3,12,36,12.0
2026-08-22,ORD-26939,Tiramisu,Desserts,3,8,24,9.0
2026-08-22,ORD-80959,Tiramisu,Desserts,2,8,16,6.0
2026-08-22,ORD-88103,Chicken Wings,Appetizers,1,10,10,4.0
2026-08-22,ORD-93688,Chicken Wings,Appetizers,2,10,20,8.0
2026-08-22,ORD-90846,Margherita Pizza,Pizza,3,15,45,15.0
2026-08-22,ORD-47729,Pepperoni Pizza,Pizza,3,18,54,18.0
2026-08-22,ORD-50341,Beef Burger,Burgers,3,14,42,18.0
2026-08-22,ORD-59188,Tiramisu,Desserts,3,8,24,9.0
2026-08-22,ORD-57578,Margherita Pizza,Pizza,5,15,75,25.0
2026-08-22,ORD-72858,Tiramisu,Desserts,3,8,24,9.0
2026-08-22,ORD-13877,Caesar Salad,Salads,2,12,24,8.0
2026-08-22,ORD-76435,Beef Burger,Burgers,1,14,14,6.0
2026-08-22,ORD-36931,French Fries,Sides,1,5,5,1.5
2026-08-22,ORD-86184,French Fries,Sides,1,5,5,1.5
2026-08-22,ORD-49404,Chicken Wings,Appetizers,1,10,10,4.0
2026-08-22,ORD-44532,Pepperoni Pizza,Pizza,1,18,18,6.0
2026-08-22,ORD-64198,Coffee,Drinks,3,4,12,3.0
2026-08-22,ORD-15619,Pepperoni Pizza,Pizza,3,18,54,18.0
2026-08-22,ORD-37637,Caesar Salad,Salads,2,12,24,8.0
2026-08-22,ORD-48472,Pepperoni Pizza,Pizza,2,18,36,12.0
2026-08-23,ORD-34531,Tiramisu,Desserts,2,8,16,6.0
2026-08-23,ORD-79950,Margherita Pizza,Pizza,5,15,75,25.0
2026-08-23,ORD-13425,French Fries,Sides,1,5,5,1.5
2026-08-23,ORD-15536,Caesar Salad,Salads,1,12,12,4.0
2026-08-23,ORD-28728,Tiramisu,Desserts,3,8,24,9.0
2026-08-23,ORD-52785,Chicken Wings,Appetizers,3,10,30,12.0
2026-08-23,ORD-99024,Margherita Pizza,Pizza,5,15,75,25.0
2026-08-23,ORD-32596,Soda,Drinks,1,3,3,0.5
2026-08-23,ORD-82022,Beef Burger,Burgers,2,14,28,12.0
2026-08-23,ORD-91811,Coffee,Drinks,2,4,8,2.0
2026-08-23,ORD-25075,Beef Burger,Burgers,2,14,28,12.0
2026-08-23,ORD-53830,French Fries,Sides,3,5,15,4.5
2026-08-23,ORD-34349,Pepperoni Pizza,Pizza,2,18,36,12.0
2026-08-23,ORD-97265,Caesar Salad,Salads,2,12,24,8.0
2026-08-23,ORD-56510,Pepperoni Pizza,Pizza,1,18,18,6.0
2026-08-23,ORD-49229,Caesar Salad,Salads,3,12,36,12.0
2026-08-23,ORD-72385,French Fries,Sides,2,5,10,3.0
2026-08-23,ORD-89740,Tiramisu,Desserts,1,8,8,3.0
2026-08-23,ORD-19514,Pepperoni Pizza,Pizza,2,18,36,12.0
2026-08-23,ORD-76134,Pepperoni Pizza,Pizza,2,18,36,12.0
2026-08-23,ORD-84519,Coffee,Drinks,2,4,8,2.0
2026-08-23,ORD-28585,Caesar Salad,Salads,2,12,24,8.0
2026-08-23,ORD-77116,Bruschetta,Appetizers,1,7,7,2.5
2026-08-23,ORD-20952,Coffee,Drinks,2,4,8,2.0
2026-08-23,ORD-18325,Soda,Drinks,2,3,6,1.0
2026-08-23,ORD-82542,Tiramisu,Desserts,2,8,16,6.0
2026-08-23,ORD-57282,Soda,Drinks,1,3,3,0.5
2026-08-23,ORD-95020,Bruschetta,Appetizers,1,7,7,2.5
2026-08-23,ORD-32784,Caesar Salad,Salads,3,12,36,12.0
2026-08-23,ORD-99010,Chicken Wings,Appetizers,2,10,20,8.0
2026-08-23,ORD-93674,Caesar Salad,Salads,2,12,24,8.0
2026-08-23,ORD-13412,Caesar Salad,Salads,1,12,12,4.0
2026-08-23,ORD-90514,Soda,Drinks,3,3,9,1.5
2026-08-23,ORD-77068,Pepperoni Pizza,Pizza,1,18,18,6.0
2026-08-23,ORD-69472,French Fries,Sides,3,5,15,4.5
2026-08-23,ORD-73874,Tiramisu,Desserts,3,8,24,9.0
2026-08-23,ORD-28838,Tiramisu,Desserts,2,8,16,6.0
2026-08-23,ORD-93499,Caesar Salad,Salads,2,12,24,8.0
2026-08-23,ORD-54382,Tiramisu,Desserts,2,8,16,6.0
2026-08-23,ORD-12393,Soda,Drinks,3,3,9,1.5
2026-08-23,ORD-95401,Tiramisu,Desserts,2,8,16,6.0
2026-08-23,ORD-14791,Margherita Pizza,Pizza,4,15,60,20.0
2026-08-23,ORD-22530,Beef Burger,Burgers,2,14,28,12.0
2026-08-23,ORD-24103,Margherita Pizza,Pizza,4,15,60,20.0
2026-08-23,ORD-69100,Caesar Salad,Salads,2,12,24,8.0
2026-08-23,ORD-73407,Caesar Salad,Salads,1,12,12,4.0
2026-08-23,ORD-13073,Tiramisu,Desserts,1,8,8,3.0
2026-08-23,ORD-17195,Beef Burger,Burgers,3,14,42,18.0
2026-08-23,ORD-71482,Soda,Drinks,2,3,6,1.0
2026-08-23,ORD-68757,Beef Burger,Burgers,1,14,14,6.0
2026-08-23,ORD-92429,Pepperoni Pizza,Pizza,1,18,18,6.0
2026-08-23,ORD-53656,French Fries,Sides,1,5,5,1.5
2026-08-23,ORD-45618,Caesar Salad,Salads,3,12,36,12.0
2026-08-23,ORD-95031,Coffee,Drinks,2,4,8,2.0
2026-08-23,ORD-39066,Chicken Wings,Appetizers,3,10,30,12.0
2026-08-23,ORD-10871,Pepperoni Pizza,Pizza,1,18,18,6.0
2026-08-23,ORD-94873,Soda,Drinks,2,3,6,1.0
2026-08-23,ORD-54736,Margherita Pizza,Pizza,5,15,75,25.0
2026-08-23,ORD-44219,Margherita Pizza,Pizza,4,15,60,20.0
2026-08-23,ORD-84943,Coffee,Drinks,1,4,4,1.0
2026-08-23,ORD-83815,Soda,Drinks,1,3,3,0.5
2026-08-23,ORD-31614,French Fries,Sides,3,5,15,4.5
2026-08-23,ORD-71479,Chicken Wings,Appetizers,3,10,30,12.0
2026-08-23,ORD-90295,French Fries,Sides,1,5,5,1.5
2026-08-23,ORD-10374,Tiramisu,Desserts,2,8,16,6.0
2026-08-23,ORD-85444,Margherita Pizza,Pizza,2,15,30,10.0
2026-08-23,ORD-33388,Caesar Salad,Salads,1,12,12,4.0
2026-08-23,ORD-60562,Tiramisu,Desserts,2,8,16,6.0
2026-08-23,ORD-25480,Tiramisu,Desserts,1,8,8,3.0
2026-08-23,ORD-49088,Chicken Wings,Appetizers,2,10,20,8.0
2026-08-23,ORD-94934,Soda,Drinks,2,3,6,1.0
2026-08-23,ORD-31519,Pepperoni Pizza,Pizza,2,18,36,12.0
2026-08-23,ORD-77932,Caesar Salad,Salads,1,12,12,4.0
2026-08-23,ORD-41527,Margherita Pizza,Pizza,5,15,75,25.0
2026-08-23,ORD-47115,Soda,Drinks,3,3,9,1.5
2026-08-23,ORD-59677,Coffee,Drinks,2,4,8,2.0
2026-08-23,ORD-93247,Pepperoni Pizza,Pizza,1,18,18,6.0
2026-08-23,ORD-41578,Margherita Pizza,Pizza,2,15,30,10.0
2026-08-23,ORD-85553,Margherita Pizza,Pizza,5,15,75,25.0
2026-08-23,ORD-97416,Pepperoni Pizza,Pizza,1,18,18,6.0
2026-08-23,ORD-77814,French Fries,Sides,2,5,10,3.0
2026-08-23,ORD-12315,Chicken Wings,Appetizers,3,10,30,12.0
2026-08-23,ORD-22891,Beef Burger,Burgers,1,14,14,6.0
2026-08-23,ORD-86976,Beef Burger,Burgers,2,14,28,12.0
2026-08-23,ORD-80814,Caesar Salad,Salads,1,12,12,4.0
2026-08-23,ORD-49753,French Fries,Sides,1,5,5,1.5
2026-08-23,ORD-64265,Soda,Drinks,2,3,6,1.0
2026-08-23,ORD-17162,Soda,Drinks,1,3,3,0.5
2026-08-23,ORD-25024,Pepperoni Pizza,Pizza,2,18,36,12.0
2026-08-23,ORD-11755,Beef Burger,Burgers,2,14,28,12.0
2026-08-23,ORD-91371,Chicken Wings,Appetizers,2,10,20,8.0
2026-08-23,ORD-16685,Chicken Wings,Appetizers,3,10,30,12.0
2026-08-23,ORD-49233,Chicken Wings,Appetizers,2,10,20,8.0
2026-08-23,ORD-11058,Soda,Drinks,2,3,6,1.0
2026-08-23,ORD-25654,Coffee,Drinks,2,4,8,2.0
2026-08-23,ORD-95377,Tiramisu,Desserts,3,8,24,9.0
2026-08-23,ORD-83865,Pepperoni Pizza,Pizza,3,18,54,18.0
2026-08-23,ORD-71418,French Fries,Sides,3,5,15,4.5
2026-08-23,ORD-30678,Pepperoni Pizza,Pizza,2,18,36,12.0
2026-08-23,ORD-63245,Beef Burger,Burgers,1,14,14,6.0
2026-08-23,ORD-44672,Soda,Drinks,1,3,3,0.5
2026-08-23,ORD-82552,Beef Burger,Burgers,3,14,42,18.0
2026-08-23,ORD-79255,Pepperoni Pizza,Pizza,2,18,36,12.0
2026-08-23,ORD-93487,French Fries,Sides,2,5,10,3.0
2026-08-23,ORD-57050,Tiramisu,Desserts,3,8,24,9.0
2026-08-23,ORD-51652,Margherita Pizza,Pizza,2,15,30,10.0
2026-08-23,ORD-48986,Pepperoni Pizza,Pizza,3,18,54,18.0
2026-08-23,ORD-87526,Margherita Pizza,Pizza,3,15,45,15.0
2026-08-23,ORD-29264,Soda,Drinks,1,3,3,0.5
2026-08-24,ORD-57712,Coffee,Drinks,2,4,8,2.0
2026-08-24,ORD-97205,Chicken Wings,Appetizers,3,10,30,12.0
2026-08-24,ORD-93480,French Fries,Sides,2,5,10,3.0
2026-08-24,ORD-84083,Soda,Drinks,3,3,9,1.5
2026-08-24,ORD-41323,Pepperoni Pizza,Pizza,3,18,54,18.0
2026-08-24,ORD-79980,Tiramisu,Desserts,1,8,8,3.0
2026-08-24,ORD-89289,Pepperoni Pizza,Pizza,2,18,36,12.0
2026-08-24,ORD-70659,Margherita Pizza,Pizza,4,15,60,20.0
2026-08-24,ORD-50123,Beef Burger,Burgers,2,14,28,12.0
2026-08-24,ORD-87287,Pepperoni Pizza,Pizza,1,18,18,6.0
2026-08-24,ORD-80846,Caesar Salad,Salads,1,12,12,4.0
2026-08-24,ORD-59687,Tiramisu,Desserts,2,8,16,6.0
2026-08-24,ORD-83218,Caesar Salad,Salads,2,12,24,8.0
2026-08-24,ORD-98171,Tiramisu,Desserts,3,8,24,9.0
2026-08-24,ORD-92914,Soda,Drinks,1,3,3,0.5
2026-08-24,ORD-80007,Tiramisu,Desserts,3,8,24,9.0
2026-08-24,ORD-78881,Tiramisu,Desserts,3,8,24,9.0
2026-08-24,ORD-63607,French Fries,Sides,2,5,10,3.0
2026-08-24,ORD-91223,Chicken Wings,Appetizers,2,10,20,8.0
2026-08-24,ORD-90022,Beef Burger,Burgers,1,14,14,6.0
2026-08-24,ORD-72835,Coffee,Drinks,2,4,8,2.0
2026-08-24,ORD-59168,Chicken Wings,Appetizers,2,10,20,8.0
2026-08-24,ORD-77414,Tiramisu,Desserts,2,8,16,6.0
2026-08-24,ORD-21286,Chicken Wings,Appetizers,1,10,10,4.0
2026-08-24,ORD-79358,Margherita Pizza,Pizza,4,15,60,20.0
2026-08-24,ORD-57912,Tiramisu,Desserts,2,8,16,6.0
2026-08-24,ORD-19345,Chicken Wings,Appetizers,2,10,20,8.0
2026-08-24,ORD-14279,Coffee,Drinks,1,4,4,1.0
2026-08-24,ORD-15683,Tiramisu,Desserts,2,8,16,6.0
2026-08-24,ORD-41207,Chicken Wings,Appetizers,3,10,30,12.0
2026-08-24,ORD-15578,Pepperoni Pizza,Pizza,1,18,18,6.0
2026-08-24,ORD-29696,Margherita Pizza,Pizza,5,15,75,25.0
2026-08-24,ORD-57122,Caesar Salad,Salads,3,12,36,12.0
2026-08-24,ORD-49663,Tiramisu,Desserts,3,8,24,9.0
2026-08-24,ORD-22123,Chicken Wings,Appetizers,2,10,20,8.0
2026-08-24,ORD-17919,Margherita Pizza,Pizza,3,15,45,15.0
2026-08-24,ORD-99482,Beef Burger,Burgers,2,14,28,12.0
2026-08-24,ORD-37620,Margherita Pizza,Pizza,5,15,75,25.0
2026-08-24,ORD-66747,Caesar Salad,Salads,2,12,24,8.0
2026-08-24,ORD-13003,Pepperoni Pizza,Pizza,2,18,36,12.0
2026-08-24,ORD-85571,Coffee,Drinks,1,4,4,1.0
2026-08-24,ORD-82346,Caesar Salad,Salads,2,12,24,8.0
2026-08-24,ORD-14403,French Fries,Sides,2,5,10,3.0
2026-08-24,ORD-71246,Beef Burger,Burgers,2,14,28,12.0
2026-08-24,ORD-76559,Beef Burger,Burgers,2,14,28,12.0
2026-08-24,ORD-29038,Coffee,Drinks,3,4,12,3.0
2026-08-24,ORD-21147,Caesar Salad,Salads,3,12,36,12.0
2026-08-24,ORD-10332,Soda,Drinks,2,3,6,1.0
2026-08-25,ORD-22712,Soda,Drinks,1,3,3,0.5
2026-08-25,ORD-10670,Beef Burger,Burgers,1,14,14,6.0
2026-08-25,ORD-41628,Coffee,Drinks,2,4,8,2.0
2026-08-25,ORD-41313,Beef Burger,Burgers,3,14,42,18.0
2026-08-25,ORD-97705,Soda,Drinks,1,3,3,0.5
2026-08-25,ORD-73178,Pepperoni Pizza,Pizza,3,18,54,18.0
2026-08-25,ORD-93101,French Fries,Sides,2,5,10,3.0
2026-08-25,ORD-36519,Coffee,Drinks,3,4,12,3.0
2026-08-25,ORD-25132,Caesar Salad,Salads,3,12,36,12.0
2026-08-25,ORD-22163,Soda,Drinks,3,3,9,1.5
2026-08-25,ORD-67010,Soda,Drinks,2,3,6,1.0
2026-08-25,ORD-93070,Caesar Salad,Salads,2,12,24,8.0
2026-08-25,ORD-45478,French Fries,Sides,3,5,15,4.5
2026-08-25,ORD-98150,Soda,Drinks,2,3,6,1.0
2026-08-25,ORD-90516,Coffee,Drinks,1,4,4,1.0
2026-08-25,ORD-31827,Coffee,Drinks,1,4,4,1.0
2026-08-25,ORD-40839,Soda,Drinks,3,3,9,1.5
2026-08-25,ORD-35386,Beef Burger,Burgers,3,14,42,18.0
2026-08-25,ORD-89394,Beef Burger,Burgers,1,14,14,6.0
2026-08-25,ORD-82032,Tiramisu,Desserts,3,8,24,9.0
2026-08-25,ORD-84636,Soda,Drinks,2,3,6,1.0
2026-08-25,ORD-64335,Margherita Pizza,Pizza,4,15,60,20.0
2026-08-25,ORD-26658,Soda,Drinks,3,3,9,1.5
2026-08-25,ORD-11726,Coffee,Drinks,2,4,8,2.0
2026-08-25,ORD-21118,French Fries,Sides,1,5,5,1.5
2026-08-25,ORD-68259,Chicken Wings,Appetizers,1,10,10,4.0
2026-08-25,ORD-95712,Chicken Wings,Appetizers,2,10,20,8.0
2026-08-25,ORD-89148,Caesar Salad,Salads,2,12,24,8.0
2026-08-25,ORD-54826,Soda,Drinks,3,3,9,1.5
2026-08-25,ORD-92149,Beef Burger,Burgers,2,14,28,12.0
2026-08-25,ORD-62121,Coffee,Drinks,1,4,4,1.0
2026-08-25,ORD-14674,French Fries,Sides,1,5,5,1.5
2026-08-25,ORD-83034,Margherita Pizza,Pizza,3,15,45,15.0
2026-08-25,ORD-13277,Coffee,Drinks,2,4,8,2.0
2026-08-25,ORD-95542,Pepperoni Pizza,Pizza,1,18,18,6.0
2026-08-25,ORD-97269,Caesar Salad,Salads,2,12,24,8.0
2026-08-25,ORD-83148,Chicken Wings,Appetizers,3,10,30,12.0
2026-08-25,ORD-53617,Chicken Wings,Appetizers,2,10,20,8.0
2026-08-25,ORD-43839,Beef Burger,Burgers,3,14,42,18.0
2026-08-25,ORD-40808,Beef Burger,Burgers,1,14,14,6.0
2026-08-25,ORD-61840,Chicken Wings,Appetizers,1,10,10,4.0
2026-08-25,ORD-56480,Margherita Pizza,Pizza,3,15,45,15.0
2026-08-25,ORD-94469,Pepperoni Pizza,Pizza,3,18,54,18.0
2026-08-26,ORD-21349,Tiramisu,Desserts,2,8,16,6.0
2026-08-26,ORD-86750,Margherita Pizza,Pizza,4,15,60,20.0
2026-08-26,ORD-89548,Caesar Salad,Salads,2,12,24,8.0
2026-08-26,ORD-31306,Pepperoni Pizza,Pizza,3,18,54,18.0
2026-08-26,ORD-76779,Caesar Salad,Salads,2,12,24,8.0
2026-08-26,ORD-96044,Soda,Drinks,1,3,3,0.5
2026-08-26,ORD-48551,Tiramisu,Desserts,2,8,16,6.0
2026-08-26,ORD-83976,Coffee,Drinks,1,4,4,1.0
2026-08-26,ORD-81451,Caesar Salad,Salads,1,12,12,4.0
2026-08-26,ORD-98025,Chicken Wings,Appetizers,3,10,30,12.0
2026-08-26,ORD-57939,Coffee,Drinks,1,4,4,1.0
2026-08-26,ORD-58651,French Fries,Sides,1,5,5,1.5
2026-08-26,ORD-64234,French Fries,Sides,2,5,10,3.0
2026-08-26,ORD-41938,Caesar Salad,Salads,1,12,12,4.0
2026-08-26,ORD-31529,Caesar Salad,Salads,2,12,24,8.0
2026-08-26,ORD-68947,Pepperoni Pizza,Pizza,2,18,36,12.0
2026-08-26,ORD-96794,Coffee,Drinks,1,4,4,1.0
2026-08-26,ORD-53596,Soda,Drinks,1,3,3,0.5
2026-08-26,ORD-45088,Tiramisu,Desserts,1,8,8,3.0
2026-08-26,ORD-12435,Chicken Wings,Appetizers,2,10,20,8.0
2026-08-26,ORD-28000,Caesar Salad,Salads,3,12,36,12.0
2026-08-26,ORD-97397,Pepperoni Pizza,Pizza,1,18,18,6.0
2026-08-26,ORD-19190,Caesar Salad,Salads,1,12,12,4.0
2026-08-26,ORD-48627,Chicken Wings,Appetizers,1,10,10,4.0
2026-08-26,ORD-34167,Tiramisu,Desserts,3,8,24,9.0
2026-08-26,ORD-40349,Margherita Pizza,Pizza,2,15,30,10.0
2026-08-26,ORD-19086,Chicken Wings,Appetizers,2,10,20,8.0
2026-08-26,ORD-46386,Beef Burger,Burgers,1,14,14,6.0
2026-08-26,ORD-46831,Soda,Drinks,3,3,9,1.5
2026-08-26,ORD-78478,Caesar Salad,Salads,1,12,12,4.0
2026-08-26,ORD-18528,Soda,Drinks,3,3,9,1.5
2026-08-26,ORD-41110,Soda,Drinks,2,3,6,1.0
2026-08-26,ORD-54638,Beef Burger,Burgers,1,14,14,6.0
2026-08-26,ORD-62389,French Fries,Sides,1,5,5,1.5
2026-08-26,ORD-70742,Margherita Pizza,Pizza,4,15,60,20.0
2026-08-26,ORD-35250,Coffee,Drinks,3,4,12,3.0
2026-08-26,ORD-40289,Coffee,Drinks,2,4,8,2.0
2026-08-26,ORD-22977,Caesar Salad,Salads,1,12,12,4.0
2026-08-26,ORD-51458,French Fries,Sides,3,5,15,4.5
2026-08-26,ORD-14710,Coffee,Drinks,2,4,8,2.0
2026-08-26,ORD-93521,French Fries,Sides,3,5,15,4.5
2026-08-26,ORD-53912,Beef Burger,Burgers,1,14,14,6.0
2026-08-26,ORD-30943,Chicken Wings,Appetizers,1,10,10,4.0
2026-08-26,ORD-87258,Margherita Pizza,Pizza,4,15,60,20.0
2026-08-26,ORD-63535,Chicken Wings,Appetizers,2,10,20,8.0
2026-08-26,ORD-10183,Coffee,Drinks,1,4,4,1.0
2026-08-26,ORD-59628,Coffee,Drinks,3,4,12,3.0
2026-08-26,ORD-21044,Caesar Salad,Salads,1,12,12,4.0
2026-08-26,ORD-31764,Soda,Drinks,1,3,3,0.5
2026-08-26,ORD-23698,Pepperoni Pizza,Pizza,1,18,18,6.0
2026-08-26,ORD-52776,French Fries,Sides,1,5,5,1.5
2026-08-26,ORD-78721,Pepperoni Pizza,Pizza,3,18,54,18.0
2026-08-26,ORD-31671,Coffee,Drinks,1,4,4,1.0
2026-08-26,ORD-77896,Chicken Wings,Appetizers,1,10,10,4.0
2026-08-27,ORD-96061,Caesar Salad,Salads,1,12,12,4.0
2026-08-27,ORD-53047,Caesar Salad,Salads,3,12,36,12.0
2026-08-27,ORD-19290,Margherita Pizza,Pizza,2,15,30,10.0
2026-08-27,ORD-39787,Tiramisu,Desserts,3,8,24,9.0
2026-08-27,ORD-24494,Pepperoni Pizza,Pizza,2,18,36,12.0
2026-08-27,ORD-23723,Coffee,Drinks,1,4,4,1.0
2026-08-27,ORD-15429,Pepperoni Pizza,Pizza,1,18,18,6.0
2026-08-27,ORD-52181,Tiramisu,Desserts,3,8,24,9.0
2026-08-27,ORD-57617,Tiramisu,Desserts,3,8,24,9.0
2026-08-27,ORD-41153,French Fries,Sides,2,5,10,3.0
2026-08-27,ORD-60438,Coffee,Drinks,3,4,12,3.0
2026-08-27,ORD-64923,French Fries,Sides,1,5,5,1.5
2026-08-27,ORD-94126,Caesar Salad,Salads,1,12,12,4.0
2026-08-27,ORD-16349,Caesar Salad,Salads,2,12,24,8.0
2026-08-27,ORD-20361,French Fries,Sides,2,5,10,3.0
2026-08-27,ORD-39713,Margherita Pizza,Pizza,4,15,60,20.0
2026-08-27,ORD-71289,Beef Burger,Burgers,1,14,14,6.0
2026-08-27,ORD-45803,Chicken Wings,Appetizers,1,10,10,4.0
2026-08-27,ORD-28628,Beef Burger,Burgers,1,14,14,6.0
2026-08-27,ORD-10505,Tiramisu,Desserts,2,8,16,6.0
2026-08-27,ORD-36691,Margherita Pizza,Pizza,3,15,45,15.0
2026-08-27,ORD-87753,Soda,Drinks,3,3,9,1.5
2026-08-27,ORD-82868,Tiramisu,Desserts,3,8,24,9.0
2026-08-27,ORD-66326,Bruschetta,Appetizers,1,7,7,2.5
2026-08-27,ORD-10998,Bruschetta,Appetizers,1,7,7,2.5
2026-08-27,ORD-30780,Beef Burger,Burgers,2,14,28,12.0
2026-08-27,ORD-30157,Pepperoni Pizza,Pizza,1,18,18,6.0
2026-08-27,ORD-72944,Margherita Pizza,Pizza,5,15,75,25.0
2026-08-27,ORD-22067,Beef Burger,Burgers,2,14,28,12.0
2026-08-27,ORD-63274,Margherita Pizza,Pizza,2,15,30,10.0
2026-08-27,ORD-80190,Chicken Wings,Appetizers,1,10,10,4.0
2026-08-27,ORD-79581,Coffee,Drinks,2,4,8,2.0
2026-08-27,ORD-21811,Margherita Pizza,Pizza,4,15,60,20.0
2026-08-27,ORD-68479,French Fries,Sides,1,5,5,1.5
2026-08-27,ORD-24863,Tiramisu,Desserts,2,8,16,6.0
2026-08-27,ORD-35536,Soda,Drinks,2,3,6,1.0
2026-08-27,ORD-83949,French Fries,Sides,3,5,15,4.5
2026-08-27,ORD-41826,Coffee,Drinks,2,4,8,2.0
2026-08-27,ORD-74834,Beef Burger,Burgers,2,14,28,12.0
2026-08-27,ORD-44768,Caesar Salad,Salads,2,12,24,8.0
2026-08-27,ORD-95718,Caesar Salad,Salads,2,12,24,8.0
2026-08-27,ORD-75658,Beef Burger,Burgers,1,14,14,6.0
2026-08-27,ORD-26481,Caesar Salad,Salads,1,12,12,4.0
2026-08-27,ORD-19975,Pepperoni Pizza,Pizza,1,18,18,6.0
2026-08-27,ORD-87618,Coffee,Drinks,2,4,8,2.0
2026-08-27,ORD-40529,Tiramisu,Desserts,2,8,16,6.0
2026-08-27,ORD-43875,Pepperoni Pizza,Pizza,2,18,36,12.0
2026-08-27,ORD-91370,Beef Burger,Burgers,2,14,28,12.0
2026-08-27,ORD-68754,Margherita Pizza,Pizza,4,15,60,20.0
2026-08-27,ORD-31805,Chicken Wings,Appetizers,1,10,10,4.0
2026-08-27,ORD-90283,Tiramisu,Desserts,2,8,16,6.0
2026-08-27,ORD-95187,Soda,Drinks,1,3,3,0.5
2026-08-28,ORD-81110,Caesar Salad,Salads,1,12,12,4.0
2026-08-28,ORD-75450,Coffee,Drinks,3,4,12,3.0
2026-08-28,ORD-48281,Bruschetta,Appetizers,1,7,7,2.5
2026-08-28,ORD-62775,Soda,Drinks,3,3,9,1.5
2026-08-28,ORD-56938,Pepperoni Pizza,Pizza,3,18,54,18.0
2026-08-28,ORD-32383,Coffee,Drinks,1,4,4,1.0
2026-08-28,ORD-83787,French Fries,Sides,2,5,10,3.0
2026-08-28,ORD-80342,Beef Burger,Burgers,2,14,28,12.0
2026-08-28,ORD-58116,Soda,Drinks,3,3,9,1.5
2026-08-28,ORD-93103,Caesar Salad,Salads,3,12,36,12.0
2026-08-28,ORD-82940,Coffee,Drinks,2,4,8,2.0
2026-08-28,ORD-93648,Coffee,Drinks,2,4,8,2.0
2026-08-28,ORD-95259,Chicken Wings,Appetizers,3,10,30,12.0
2026-08-28,ORD-26148,Chicken Wings,Appetizers,3,10,30,12.0
2026-08-28,ORD-28572,French Fries,Sides,3,5,15,4.5
2026-08-28,ORD-76143,Pepperoni Pizza,Pizza,2,18,36,12.0
2026-08-28,ORD-86684,Pepperoni Pizza,Pizza,2,18,36,12.0
2026-08-28,ORD-68004,Margherita Pizza,Pizza,4,15,60,20.0
2026-08-28,ORD-15768,Bruschetta,Appetizers,1,7,7,2.5
2026-08-28,ORD-44752,Soda,Drinks,3,3,9,1.5
2026-08-28,ORD-67243,Caesar Salad,Salads,1,12,12,4.0
2026-08-28,ORD-84978,Beef Burger,Burgers,2,14,28,12.0
2026-08-28,ORD-62085,Beef Burger,Burgers,3,14,42,18.0
2026-08-28,ORD-73669,Coffee,Drinks,2,4,8,2.0
2026-08-28,ORD-83354,Margherita Pizza,Pizza,5,15,75,25.0
2026-08-28,ORD-86123,Soda,Drinks,1,3,3,0.5
2026-08-28,ORD-73615,Bruschetta,Appetizers,1,7,7,2.5
2026-08-28,ORD-67303,Soda,Drinks,2,3,6,1.0
2026-08-28,ORD-92756,Caesar Salad,Salads,2,12,24,8.0
2026-08-28,ORD-82706,Margherita Pizza,Pizza,4,15,60,20.0
2026-08-28,ORD-27209,French Fries,Sides,1,5,5,1.5
2026-08-28,ORD-89842,Bruschetta,Appetizers,1,7,7,2.5
2026-08-28,ORD-85915,Coffee,Drinks,1,4,4,1.0
2026-08-28,ORD-43916,Caesar Salad,Salads,3,12,36,12.0
2026-08-28,ORD-79543,Caesar Salad,Salads,1,12,12,4.0
2026-08-28,ORD-25265,Soda,Drinks,2,3,6,1.0
2026-08-28,ORD-33915,Chicken Wings,Appetizers,1,10,10,4.0
2026-08-28,ORD-96876,Bruschetta,Appetizers,1,7,7,2.5
2026-08-28,ORD-54018,Tiramisu,Desserts,2,8,16,6.0
2026-08-28,ORD-78691,French Fries,Sides,3,5,15,4.5
2026-08-28,ORD-53786,Pepperoni Pizza,Pizza,1,18,18,6.0
2026-08-28,ORD-28045,Caesar Salad,Salads,1,12,12,4.0
2026-08-28,ORD-14535,Coffee,Drinks,2,4,8,2.0
2026-08-28,ORD-75305,Soda,Drinks,2,3,6,1.0
2026-08-28,ORD-52794,Tiramisu,Desserts,2,8,16,6.0
2026-08-28,ORD-34463,Caesar Salad,Salads,3,12,36,12.0
2026-08-28,ORD-34628,Coffee,Drinks,1,4,4,1.0
2026-08-28,ORD-28193,French Fries,Sides,3,5,15,4.5
2026-08-28,ORD-80232,Bruschetta,Appetizers,1,7,7,2.5
2026-08-28,ORD-84911,French Fries,Sides,1,5,5,1.5
2026-08-28,ORD-26921,Chicken Wings,Appetizers,1,10,10,4.0
2026-08-28,ORD-87103,Beef Burger,Burgers,3,14,42,18.0
2026-08-28,ORD-16281,Coffee,Drinks,1,4,4,1.0
2026-08-28,ORD-19142,Caesar Salad,Salads,2,12,24,8.0
2026-08-28,ORD-45970,Caesar Salad,Salads,1,12,12,4.0
2026-08-28,ORD-86915,Caesar Salad,Salads,1,12,12,4.0
2026-08-28,ORD-38376,Bruschetta,Appetizers,1,7,7,2.5
2026-08-28,ORD-28659,Caesar Salad,Salads,1,12,12,4.0
2026-08-28,ORD-36147,Pepperoni Pizza,Pizza,2,18,36,12.0
2026-08-28,ORD-92408,Coffee,Drinks,1,4,4,1.0
2026-08-28,ORD-64229,Tiramisu,Desserts,3,8,24,9.0
2026-08-28,ORD-60210,Caesar Salad,Salads,3,12,36,12.0
2026-08-28,ORD-87844,Soda,Drinks,1,3,3,0.5
2026-08-28,ORD-20909,Margherita Pizza,Pizza,4,15,60,20.0
2026-08-28,ORD-73990,Chicken Wings,Appetizers,2,10,20,8.0
2026-08-28,ORD-89522,Soda,Drinks,2,3,6,1.0
2026-08-28,ORD-76533,Coffee,Drinks,3,4,12,3.0
2026-08-28,ORD-88311,Chicken Wings,Appetizers,2,10,20,8.0
2026-08-28,ORD-35640,Caesar Salad,Salads,3,12,36,12.0
2026-08-28,ORD-25457,Pepperoni Pizza,Pizza,1,18,18,6.0
2026-08-28,ORD-13138,Tiramisu,Desserts,3,8,24,9.0
2026-08-28,ORD-26001,French Fries,Sides,1,5,5,1.5
2026-08-28,ORD-48509,Coffee,Drinks,3,4,12,3.0
2026-08-28,ORD-86405,French Fries,Sides,3,5,15,4.5
2026-08-28,ORD-33590,Coffee,Drinks,2,4,8,2.0
2026-08-28,ORD-73279,Coffee,Drinks,3,4,12,3.0
2026-08-28,ORD-86884,Beef Burger,Burgers,1,14,14,6.0
2026-08-28,ORD-34657,Bruschetta,Appetizers,1,7,7,2.5
2026-08-28,ORD-73467,Pepperoni Pizza,Pizza,2,18,36,12.0
2026-08-28,ORD-85572,Coffee,Drinks,1,4,4,1.0
2026-08-28,ORD-98417,Pepperoni Pizza,Pizza,1,18,18,6.0
2026-08-28,ORD-58351,Bruschetta,Appetizers,1,7,7,2.5
2026-08-28,ORD-75880,Chicken Wings,Appetizers,2,10,20,8.0
2026-08-28,ORD-44641,Pepperoni Pizza,Pizza,3,18,54,18.0
2026-08-28,ORD-90262,Chicken Wings,Appetizers,1,10,10,4.0
2026-08-28,ORD-33613,French Fries,Sides,1,5,5,1.5
2026-08-28,ORD-96599,Margherita Pizza,Pizza,3,15,45,15.0
2026-08-28,ORD-29253,Chicken Wings,Appetizers,1,10,10,4.0
2026-08-28,ORD-50838,Caesar Salad,Salads,2,12,24,8.0
2026-08-28,ORD-41472,Soda,Drinks,3,3,9,1.5
2026-08-28,ORD-59330,Beef Burger,Burgers,2,14,28,12.0
2026-08-28,ORD-70253,Margherita Pizza,Pizza,3,15,45,15.0
2026-08-28,ORD-79198,Caesar Salad,Salads,1,12,12,4.0
2026-08-28,ORD-19914,Chicken Wings,Appetizers,3,10,30,12.0
2026-08-28,ORD-24512,Pepperoni Pizza,Pizza,3,18,54,18.0
2026-08-28,ORD-91082,Caesar Salad,Salads,3,12,36,12.0
2026-08-28,ORD-39318,Caesar Salad,Salads,2,12,24,8.0
2026-08-28,ORD-25236,Margherita Pizza,Pizza,3,15,45,15.0
2026-08-28,ORD-54616,Beef Burger,Burgers,2,14,28,12.0
2026-08-28,ORD-57109,Tiramisu,Desserts,1,8,8,3.0
2026-08-28,ORD-77919,Chicken Wings,Appetizers,3,10,30,12.0
2026-08-28,ORD-72573,Margherita Pizza,Pizza,4,15,60,20.0
2026-08-28,ORD-83334,Bruschetta,Appetizers,1,7,7,2.5
2026-08-28,ORD-67389,Pepperoni Pizza,Pizza,3,18,54,18.0
2026-08-28,ORD-18483,Beef Burger,Burgers,2,14,28,12.0
2026-08-28,ORD-97901,Caesar Salad,Salads,1,12,12,4.0
2026-08-28,ORD-44892,Pepperoni Pizza,Pizza,3,18,54,18.0
2026-08-28,ORD-97020,Caesar Salad,Salads,2,12,24,8.0
2026-08-28,ORD-43050,Coffee,Drinks,3,4,12,3.0
2026-08-28,ORD-14042,Caesar Salad,Salads,3,12,36,12.0
2026-08-28,ORD-44225,Caesar Salad,Salads,3,12,36,12.0
2026-08-28,ORD-67646,Margherita Pizza,Pizza,4,15,60,20.0
2026-08-29,ORD-56059,Caesar Salad,Salads,3,12,36,12.0
2026-08-29,ORD-65896,Tiramisu,Desserts,3,8,24,9.0
2026-08-29,ORD-21238,Margherita Pizza,Pizza,2,15,30,10.0
2026-08-29,ORD-91216,Soda,Drinks,1,3,3,0.5
2026-08-29,ORD-97522,French Fries,Sides,2,5,10,3.0
2026-08-29,ORD-15058,Caesar Salad,Salads,3,12,36,12.0
2026-08-29,ORD-73967,Caesar Salad,Salads,3,12,36,12.0
2026-08-29,ORD-69897,Coffee,Drinks,3,4,12,3.0
2026-08-29,ORD-60728,French Fries,Sides,2,5,10,3.0
2026-08-29,ORD-67934,Pepperoni Pizza,Pizza,1,18,18,6.0
2026-08-29,ORD-56015,Chicken Wings,Appetizers,1,10,10,4.0
2026-08-29,ORD-94342,Bruschetta,Appetizers,1,7,7,2.5
2026-08-29,ORD-34026,Chicken Wings,Appetizers,1,10,10,4.0
2026-08-29,ORD-93943,Chicken Wings,Appetizers,3,10,30,12.0
2026-08-29,ORD-22921,Pepperoni Pizza,Pizza,1,18,18,6.0
2026-08-29,ORD-79403,Caesar Salad,Salads,2,12,24,8.0
2026-08-29,ORD-53613,Pepperoni Pizza,Pizza,2,18,36,12.0
2026-08-29,ORD-51848,Caesar Salad,Salads,1,12,12,4.0
2026-08-29,ORD-28328,Bruschetta,Appetizers,1,7,7,2.5
2026-08-29,ORD-88710,Tiramisu,Desserts,3,8,24,9.0
2026-08-29,ORD-21852,Pepperoni Pizza,Pizza,3,18,54,18.0
2026-08-29,ORD-74854,Beef Burger,Burgers,1,14,14,6.0
2026-08-29,ORD-67542,Bruschetta,Appetizers,1,7,7,2.5
2026-08-29,ORD-79522,Tiramisu,Desserts,1,8,8,3.0
2026-08-29,ORD-94800,Pepperoni Pizza,Pizza,2,18,36,12.0
2026-08-29,ORD-64340,Beef Burger,Burgers,3,14,42,18.0
2026-08-29,ORD-40441,Margherita Pizza,Pizza,5,15,75,25.0
2026-08-29,ORD-22578,French Fries,Sides,1,5,5,1.5
2026-08-29,ORD-67144,Bruschetta,Appetizers,1,7,7,2.5
2026-08-29,ORD-20359,Pepperoni Pizza,Pizza,2,18,36,12.0
2026-08-29,ORD-82443,Beef Burger,Burgers,1,14,14,6.0
2026-08-29,ORD-64353,Coffee,Drinks,3,4,12,3.0
2026-08-29,ORD-55235,Coffee,Drinks,1,4,4,1.0
2026-08-29,ORD-48210,Chicken Wings,Appetizers,2,10,20,8.0
2026-08-29,ORD-73133,Coffee,Drinks,3,4,12,3.0
2026-08-29,ORD-35584,Beef Burger,Burgers,1,14,14,6.0
2026-08-29,ORD-14684,Bruschetta,Appetizers,1,7,7,2.5
2026-08-29,ORD-90384,Chicken Wings,Appetizers,3,10,30,12.0
2026-08-29,ORD-75809,Coffee,Drinks,3,4,12,3.0
2026-08-29,ORD-81344,Beef Burger,Burgers,1,14,14,6.0
2026-08-29,ORD-95399,Margherita Pizza,Pizza,5,15,75,25.0
2026-08-29,ORD-79748,Coffee,Drinks,1,4,4,1.0
2026-08-29,ORD-32609,Beef Burger,Burgers,3,14,42,18.0
2026-08-29,ORD-47740,Coffee,Drinks,1,4,4,1.0
2026-08-29,ORD-41134,Margherita Pizza,Pizza,5,15,75,25.0
2026-08-29,ORD-71898,Margherita Pizza,Pizza,2,15,30,10.0
2026-08-29,ORD-82081,Pepperoni Pizza,Pizza,2,18,36,12.0
2026-08-29,ORD-92325,Beef Burger,Burgers,1,14,14,6.0
2026-08-29,ORD-56079,Margherita Pizza,Pizza,2,15,30,10.0
2026-08-29,ORD-11241,Coffee,Drinks,3,4,12,3.0
2026-08-29,ORD-77442,Caesar Salad,Salads,2,12,24,8.0
2026-08-29,ORD-65948,Caesar Salad,Salads,1,12,12,4.0
2026-08-29,ORD-41453,Tiramisu,Desserts,2,8,16,6.0
2026-08-29,ORD-50396,Beef Burger,Burgers,2,14,28,12.0
2026-08-29,ORD-71123,Soda,Drinks,1,3,3,0.5
2026-08-29,ORD-37000,Soda,Drinks,2,3,6,1.0
2026-08-29,ORD-51679,Caesar Salad,Salads,3,12,36,12.0
2026-08-29,ORD-82558,Pepperoni Pizza,Pizza,1,18,18,6.0
2026-08-29,ORD-24129,Margherita Pizza,Pizza,5,15,75,25.0
2026-08-29,ORD-93949,Soda,Drinks,3,3,9,1.5
2026-08-29,ORD-46945,French Fries,Sides,1,5,5,1.5
2026-08-29,ORD-66596,Caesar Salad,Salads,3,12,36,12.0
2026-08-29,ORD-29499,French Fries,Sides,1,5,5,1.5
2026-08-29,ORD-53990,French Fries,Sides,3,5,15,4.5
2026-08-29,ORD-66962,Tiramisu,Desserts,1,8,8,3.0
2026-08-29,ORD-35517,Beef Burger,Burgers,1,14,14,6.0
2026-08-29,ORD-51322,Chicken Wings,Appetizers,3,10,30,12.0
2026-08-29,ORD-78838,Soda,Drinks,1,3,3,0.5
2026-08-29,ORD-12236,Tiramisu,Desserts,3,8,24,9.0
2026-08-29,ORD-49046,Caesar Salad,Salads,3,12,36,12.0
2026-08-29,ORD-31488,Chicken Wings,Appetizers,2,10,20,8.0
2026-08-29,ORD-42547,Soda,Drinks,1,3,3,0.5
2026-08-29,ORD-64390,Tiramisu,Desserts,1,8,8,3.0
2026-08-29,ORD-74672,Pepperoni Pizza,Pizza,3,18,54,18.0
2026-08-29,ORD-82274,Caesar Salad,Salads,1,12,12,4.0
2026-08-29,ORD-34434,Caesar Salad,Salads,1,12,12,4.0
2026-08-29,ORD-19040,Chicken Wings,Appetizers,2,10,20,8.0
2026-08-29,ORD-33475,Coffee,Drinks,2,4,8,2.0
2026-08-29,ORD-84044,Beef Burger,Burgers,2,14,28,12.0
2026-08-29,ORD-38260,Tiramisu,Desserts,2,8,16,6.0
2026-08-29,ORD-34491,Pepperoni Pizza,Pizza,2,18,36,12.0
2026-08-29,ORD-17311,Soda,Drinks,1,3,3,0.5
2026-08-30,ORD-23021,Soda,Drinks,2,3,6,1.0
2026-08-30,ORD-43574,Coffee,Drinks,1,4,4,1.0
2026-08-30,ORD-30808,Pepperoni Pizza,Pizza,2,18,36,12.0
2026-08-30,ORD-14679,Caesar Salad,Salads,3,12,36,12.0
2026-08-30,ORD-93000,Coffee,Drinks,2,4,8,2.0
2026-08-30,ORD-71958,Tiramisu,Desserts,3,8,24,9.0
2026-08-30,ORD-65001,Bruschetta,Appetizers,1,7,7,2.5
2026-08-30,ORD-81775,Pepperoni Pizza,Pizza,1,18,18,6.0
2026-08-30,ORD-78693,Pepperoni Pizza,Pizza,3,18,54,18.0
2026-08-30,ORD-13727,Pepperoni Pizza,Pizza,3,18,54,18.0
2026-08-30,ORD-48568,Tiramisu,Desserts,1,8,8,3.0
2026-08-30,ORD-42587,Margherita Pizza,Pizza,2,15,30,10.0
2026-08-30,ORD-96407,Tiramisu,Desserts,1,8,8,3.0
2026-08-30,ORD-22130,Chicken Wings,Appetizers,2,10,20,8.0
2026-08-30,ORD-10566,Margherita Pizza,Pizza,4,15,60,20.0
2026-08-30,ORD-42575,Margherita Pizza,Pizza,2,15,30,10.0
2026-08-30,ORD-69658,Beef Burger,Burgers,2,14,28,12.0
2026-08-30,ORD-81933,French Fries,Sides,2,5,10,3.0
2026-08-30,ORD-61378,Margherita Pizza,Pizza,4,15,60,20.0
2026-08-30,ORD-85543,Tiramisu,Desserts,1,8,8,3.0
2026-08-30,ORD-75478,French Fries,Sides,1,5,5,1.5
2026-08-30,ORD-91873,Pepperoni Pizza,Pizza,2,18,36,12.0
2026-08-30,ORD-97231,Caesar Salad,Salads,3,12,36,12.0
2026-08-30,ORD-27131,Pepperoni Pizza,Pizza,3,18,54,18.0
2026-08-30,ORD-41912,Tiramisu,Desserts,1,8,8,3.0
2026-08-30,ORD-61258,Chicken Wings,Appetizers,1,10,10,4.0
2026-08-30,ORD-57766,Soda,Drinks,1,3,3,0.5
2026-08-30,ORD-22945,Beef Burger,Burgers,2,14,28,12.0
2026-08-30,ORD-19327,Margherita Pizza,Pizza,5,15,75,25.0
2026-08-30,ORD-23075,Bruschetta,Appetizers,1,7,7,2.5
2026-08-30,ORD-85312,Tiramisu,Desserts,2,8,16,6.0
2026-08-30,ORD-52959,Coffee,Drinks,3,4,12,3.0
2026-08-30,ORD-29558,Beef Burger,Burgers,2,14,28,12.0
2026-08-30,ORD-44025,Chicken Wings,Appetizers,1,10,10,4.0
2026-08-30,ORD-97538,Soda,Drinks,2,3,6,1.0
2026-08-30,ORD-99381,Bruschetta,Appetizers,1,7,7,2.5
2026-08-30,ORD-17298,Soda,Drinks,2,3,6,1.0
2026-08-30,ORD-34575,Coffee,Drinks,1,4,4,1.0
2026-08-30,ORD-49226,Margherita Pizza,Pizza,5,15,75,25.0
2026-08-30,ORD-36981,French Fries,Sides,2,5,10,3.0
2026-08-30,ORD-88559,Tiramisu,Desserts,1,8,8,3.0
2026-08-30,ORD-36903,Pepperoni Pizza,Pizza,3,18,54,18.0
2026-08-30,ORD-68296,Tiramisu,Desserts,1,8,8,3.0
2026-08-30,ORD-65949,Margherita Pizza,Pizza,3,15,45,15.0
2026-08-30,ORD-40890,Margherita Pizza,Pizza,5,15,75,25.0
2026-08-30,ORD-84918,Pepperoni Pizza,Pizza,1,18,18,6.0
2026-08-30,ORD-86460,Coffee,Drinks,2,4,8,2.0
2026-08-30,ORD-30216,French Fries,Sides,2,5,10,3.0
2026-08-30,ORD-22119,Pepperoni Pizza,Pizza,2,18,36,12.0
2026-08-30,ORD-97121,Pepperoni Pizza,Pizza,3,18,54,18.0
2026-08-30,ORD-19550,Beef Burger,Burgers,3,14,42,18.0
2026-08-30,ORD-59769,Chicken Wings,Appetizers,3,10,30,12.0
2026-08-30,ORD-68971,Pepperoni Pizza,Pizza,1,18,18,6.0
2026-08-30,ORD-56923,Chicken Wings,Appetizers,2,10,20,8.0
2026-08-30,ORD-25429,Margherita Pizza,Pizza,4,15,60,20.0
2026-08-30,ORD-93814,Beef Burger,Burgers,3,14,42,18.0
2026-08-30,ORD-95777,Tiramisu,Desserts,1,8,8,3.0
2026-08-30,ORD-89281,Pepperoni Pizza,Pizza,2,18,36,12.0
2026-08-30,ORD-68895,Margherita Pizza,Pizza,4,15,60,20.0
2026-08-30,ORD-70046,Chicken Wings,Appetizers,3,10,30,12.0
2026-08-30,ORD-54009,Margherita Pizza,Pizza,3,15,45,15.0
2026-08-30,ORD-49328,Beef Burger,Burgers,1,14,14,6.0
2026-08-30,ORD-66397,Beef Burger,Burgers,3,14,42,18.0
2026-08-30,ORD-38984,Caesar Salad,Salads,2,12,24,8.0
2026-08-30,ORD-72625,Soda,Drinks,3,3,9,1.5
2026-08-30,ORD-40972,Tiramisu,Desserts,2,8,16,6.0
2026-08-30,ORD-76689,Margherita Pizza,Pizza,4,15,60,20.0
2026-08-30,ORD-11235,Coffee,Drinks,1,4,4,1.0
2026-08-30,ORD-25790,French Fries,Sides,1,5,5,1.5
2026-08-30,ORD-42044,Beef Burger,Burgers,1,14,14,6.0
2026-08-30,ORD-67911,Pepperoni Pizza,Pizza,3,18,54,18.0
2026-08-30,ORD-98165,Pepperoni Pizza,Pizza,3,18,54,18.0
2026-08-30,ORD-71331,Margherita Pizza,Pizza,5,15,75,25.0
2026-08-30,ORD-37915,Tiramisu,Desserts,2,8,16,6.0
2026-08-30,ORD-69375,Beef Burger,Burgers,2,14,28,12.0
2026-08-30,ORD-15798,Chicken Wings,Appetizers,1,10,10,4.0
2026-08-30,ORD-74657,Caesar Salad,Salads,2,12,24,8.0
2026-08-30,ORD-88728,Pepperoni Pizza,Pizza,1,18,18,6.0
2026-08-30,ORD-72008,Coffee,Drinks,3,4,12,3.0
2026-08-30,ORD-53377,Margherita Pizza,Pizza,4,15,60,20.0
2026-08-30,ORD-18216,Coffee,Drinks,2,4,8,2.0
2026-08-30,ORD-61457,Coffee,Drinks,2,4,8,2.0
2026-08-30,ORD-34173,Coffee,Drinks,1,4,4,1.0
2026-08-30,ORD-40697,French Fries,Sides,3,5,15,4.5
2026-08-30,ORD-25057,French Fries,Sides,3,5,15,4.5
2026-08-30,ORD-16846,Tiramisu,Desserts,1,8,8,3.0
2026-08-30,ORD-93903,Pepperoni Pizza,Pizza,1,18,18,6.0
2026-08-30,ORD-42165,Soda,Drinks,1,3,3,0.5
2026-08-30,ORD-42710,Soda,Drinks,1,3,3,0.5
2026-08-30,ORD-17010,Beef Burger,Burgers,1,14,14,6.0
2026-08-30,ORD-23815,French Fries,Sides,3,5,15,4.5
2026-08-30,ORD-50963,Caesar Salad,Salads,3,12,36,12.0
2026-08-30,ORD-97265,Beef Burger,Burgers,2,14,28,12.0
2026-08-30,ORD-56217,Chicken Wings,Appetizers,3,10,30,12.0
2026-08-30,ORD-79953,Caesar Salad,Salads,3,12,36,12.0
2026-08-30,ORD-40483,Bruschetta,Appetizers,1,7,7,2.5
2026-08-30,ORD-13626,Margherita Pizza,Pizza,4,15,60,20.0
2026-08-30,ORD-97505,Tiramisu,Desserts,1,8,8,3.0
2026-08-30,ORD-92346,Coffee,Drinks,1,4,4,1.0
2026-08-30,ORD-67245,French Fries,Sides,1,5,5,1.5
2026-08-30,ORD-90332,Tiramisu,Desserts,2,8,16,6.0
2026-08-30,ORD-69085,Beef Burger,Burgers,2,14,28,12.0
2026-08-30,ORD-39182,Tiramisu,Desserts,2,8,16,6.0
2026-08-30,ORD-34210,Soda,Drinks,3,3,9,1.5
2026-08-30,ORD-19565,Caesar Salad,Salads,1,12,12,4.0
2026-08-30,ORD-57190,Caesar Salad,Salads,3,12,36,12.0
2026-08-30,ORD-86365,Margherita Pizza,Pizza,2,15,30,10.0
2026-08-30,ORD-44614,Chicken Wings,Appetizers,3,10,30,12.0
2026-08-30,ORD-32298,Pepperoni Pizza,Pizza,3,18,54,18.0
2026-08-30,ORD-54866,Chicken Wings,Appetizers,2,10,20,8.0
2026-08-30,ORD-87017,Pepperoni Pizza,Pizza,3,18,54,18.0
2026-08-30,ORD-74915,Tiramisu,Desserts,1,8,8,3.0
2026-08-30,ORD-87767,French Fries,Sides,3,5,15,4.5
2026-08-30,ORD-42020,Beef Burger,Burgers,1,14,14,6.0
2026-08-30,ORD-52799,Caesar Salad,Salads,1,12,12,4.0
2026-08-30,ORD-33502,Tiramisu,Desserts,1,8,8,3.0
2026-08-30,ORD-60849,Caesar Salad,Salads,2,12,24,8.0
2026-08-30,ORD-46648,French Fries,Sides,1,5,5,1.5
2026-08-30,ORD-89370,Beef Burger,Burgers,3,14,42,18.0
2026-08-30,ORD-10061,Soda,Drinks,1,3,3,0.5
2026-08-30,ORD-97797,French Fries,Sides,1,5,5,1.5
2026-08-30,ORD-20406,Caesar Salad,Salads,2,12,24,8.0
2026-08-30,ORD-69771,Margherita Pizza,Pizza,4,15,60,20.0
2026-08-30,ORD-37352,Soda,Drinks,2,3,6,1.0
2026-08-30,ORD-34356,Tiramisu,Desserts,1,8,8,3.0
2026-08-30,ORD-55951,Beef Burger,Burgers,1,14,14,6.0
2026-08-30,ORD-82496,French Fries,Sides,2,5,10,3.0
2026-08-30,ORD-41029,Caesar Salad,Salads,3,12,36,12.0
2026-08-30,ORD-49064,Margherita Pizza,Pizza,4,15,60,20.0
2026-08-30,ORD-48196,French Fries,Sides,2,5,10,3.0
2026-08-30,ORD-68767,Caesar Salad,Salads,3,12,36,12.0
2026-08-30,ORD-93124,Soda,Drinks,2,3,6,1.0
2026-08-30,ORD-31355,Coffee,Drinks,2,4,8,2.0
2026-08-31,ORD-59777,Tiramisu,Desserts,3,8,24,9.0
2026-08-31,ORD-87477,Pepperoni Pizza,Pizza,2,18,36,12.0
2026-08-31,ORD-93426,Caesar Salad,Salads,3,12,36,12.0
2026-08-31,ORD-49711,Soda,Drinks,1,3,3,0.5
2026-08-31,ORD-16389,French Fries,Sides,3,5,15,4.5
2026-08-31,ORD-31635,Margherita Pizza,Pizza,5,15,75,25.0
2026-08-31,ORD-29158,Beef Burger,Burgers,3,14,42,18.0
2026-08-31,ORD-66072,Tiramisu,Desserts,2,8,16,6.0
2026-08-31,ORD-93966,Chicken Wings,Appetizers,2,10,20,8.0
2026-08-31,ORD-89051,Beef Burger,Burgers,1,14,14,6.0
2026-08-31,ORD-86405,Chicken Wings,Appetizers,2,10,20,8.0
2026-08-31,ORD-49534,Soda,Drinks,1,3,3,0.5
2026-08-31,ORD-63399,Tiramisu,Desserts,3,8,24,9.0
2026-08-31,ORD-99957,Beef Burger,Burgers,1,14,14,6.0
2026-08-31,ORD-63539,Margherita Pizza,Pizza,2,15,30,10.0
2026-08-31,ORD-83309,French Fries,Sides,2,5,10,3.0
2026-08-31,ORD-59994,French Fries,Sides,2,5,10,3.0
2026-08-31,ORD-15488,French Fries,Sides,2,5,10,3.0
2026-08-31,ORD-24282,Beef Burger,Burgers,3,14,42,18.0
2026-08-31,ORD-93656,Soda,Drinks,2,3,6,1.0
2026-08-31,ORD-14947,Beef Burger,Burgers,1,14,14,6.0
2026-08-31,ORD-53155,Beef Burger,Burgers,1,14,14,6.0
2026-08-31,ORD-60912,Caesar Salad,Salads,3,12,36,12.0
2026-08-31,ORD-85100,French Fries,Sides,2,5,10,3.0
2026-08-31,ORD-45728,Caesar Salad,Salads,1,12,12,4.0
2026-08-31,ORD-24240,Soda,Drinks,1,3,3,0.5
2026-08-31,ORD-97627,Caesar Salad,Salads,1,12,12,4.0
2026-08-31,ORD-54382,Coffee,Drinks,2,4,8,2.0
2026-08-31,ORD-20285,Caesar Salad,Salads,2,12,24,8.0
2026-08-31,ORD-22175,Coffee,Drinks,3,4,12,3.0
2026-08-31,ORD-78843,Caesar Salad,Salads,1,12,12,4.0
2026-08-31,ORD-12429,Chicken Wings,Appetizers,2,10,20,8.0
2026-08-31,ORD-24533,Beef Burger,Burgers,2,14,28,12.0
2026-08-31,ORD-96196,Margherita Pizza,Pizza,3,15,45,15.0
2026-08-31,ORD-16173,Beef Burger,Burgers,2,14,28,12.0
2026-08-31,ORD-39796,Chicken Wings,Appetizers,1,10,10,4.0
2026-08-31,ORD-64914,Beef Burger,Burgers,3,14,42,18.0
2026-08-31,ORD-62103,Pepperoni Pizza,Pizza,1,18,18,6.0
2026-08-31,ORD-70030,Coffee,Drinks,2,4,8,2.0
2026-08-31,ORD-70420,Tiramisu,Desserts,2,8,16,6.0
2026-08-31,ORD-58993,Beef Burger,Burgers,2,14,28,12.0
2026-08-31,ORD-67116,Chicken Wings,Appetizers,3,10,30,12.0
2026-08-31,ORD-34426,Coffee,Drinks,1,4,4,1.0
2026-08-31,ORD-82654,Pepperoni Pizza,Pizza,1,18,18,6.0
2026-08-31,ORD-36043,Bruschetta,Appetizers,1,7,7,2.5
2026-08-31,ORD-89989,Margherita Pizza,Pizza,3,15,45,15.0
2026-08-31,ORD-36029,Bruschetta,Appetizers,1,7,7,2.5
