Date,Invoice #,Customer Name,Product,Qty,Unit Price,Amount,Cost
2026-01-01,INV-948637,MegaMart Corp,Premium Widget,144,150,21600,17280
2026-01-01,INV-157307,Small Dealer 20,Budget Widget,414,30,12420,7452
2026-01-01,INV-325228,SuperStore Inc,Premium Widget,123,150,18450,14760
2026-01-01,INV-748268,Small Dealer 15,Budget Widget,142,30,4260,2556
2026-01-01,INV-103890,BigBuy Distribution,Low Stock Item,240,200,48000,31200
2026-01-01,INV-211718,MegaMart Corp,Standard Widget,321,80,25680,16050
2026-01-01,INV-402965,Small Dealer 13,Gadget Pro,324,250,81000,56700
2026-01-01,INV-104516,BigBuy Distribution,Declining Product,46,100,4600,2990
2026-01-01,INV-547351,Small Dealer 1,Standard Widget,95,80,7600,4750
2026-01-01,INV-168542,Small Dealer 15,Budget Widget,129,30,3870,2322
2026-01-01,INV-612659,Small Dealer 18,Premium Widget,188,150,28200,22560
2026-01-01,INV-818741,Small Dealer 13,Standard Widget,54,80,4320,2700
2026-01-01,INV-731830,Small Dealer 3,Premium Widget,283,150,42450,33960
2026-01-01,INV-925025,SuperStore Inc,Budget Widget,218,30,6540,3924
2026-01-01,INV-139271,SuperStore Inc,Standard Widget,212,80,16960,10600
2026-01-01,INV-394543,SuperStore Inc,Premium Widget,41,150,6150,4920
2026-01-01,INV-633479,BigBuy Distribution,Low Stock Item,149,200,29800,19370
2026-01-01,INV-126584,SuperStore Inc,Gadget Lite,64,90,5760,3520
2026-01-01,INV-603810,Small Dealer 28,Standard Widget,344,80,27520,17200
2026-01-01,INV-948240,SuperStore Inc,Low Stock Item,111,200,22200,14430
2026-01-01,INV-138287,Small Dealer 14,Gadget Lite,36,90,3240,1980
2026-01-01,INV-197334,MegaMart Corp,Standard Widget,482,80,38560,24100
2026-01-01,INV-949507,SuperStore Inc,Premium Widget,493,150,73950,59160
2026-01-02,INV-417758,BigBuy Distribution,Gadget Pro,275,250,68750,48125
2026-01-02,INV-459077,Small Dealer 24,Declining Product,483,100,48300,31395
2026-01-02,INV-214187,MegaMart Corp,Standard Widget,300,80,24000,15000
2026-01-02,INV-321371,BigBuy Distribution,Premium Widget,429,150,64350,51480
2026-01-02,INV-101323,Small Dealer 12,Standard Widget,474,80,37920,23700
2026-01-02,INV-747169,Small Dealer 25,Premium Widget,169,150,25350,20280
2026-01-02,INV-503415,Small Dealer 19,Low Stock Item,102,200,20400,13260
2026-01-02,INV-504663,SuperStore Inc,Standard Widget,378,80,30240,18900
2026-01-02,INV-779052,Small Dealer 24,Low Stock Item,254,200,50800,33020
2026-01-02,INV-326970,Small Dealer 8,Premium Widget,242,150,36300,29040
2026-01-02,INV-548341,Small Dealer 28,Budget Widget,400,30,12000,7200
2026-01-02,INV-619370,Small Dealer 5,Budget Widget,269,30,8070,4842
2026-01-02,INV-882498,Small Dealer 5,Standard Widget,415,80,33200,20750
2026-01-02,INV-651605,Small Dealer 27,Budget Widget,443,30,13290,7974
2026-01-02,INV-976183,SuperStore Inc,Gadget Pro,134,250,33500,23450
2026-01-02,INV-506868,SuperStore Inc,Gadget Pro,425,250,106250,74375
2026-01-02,INV-835361,BigBuy Distribution,Premium Widget,143,150,21450,17160
2026-01-03,INV-310510,Small Dealer 8,Budget Widget,305,30,9150,5490
2026-01-03,INV-738538,Small Dealer 29,Gadget Lite,256,90,23040,14080
2026-01-03,INV-340119,BigBuy Distribution,Premium Widget,254,150,38100,30480
2026-01-03,INV-224195,Small Dealer 15,Low Stock Item,74,200,14800,9620
2026-01-03,INV-684363,BigBuy Distribution,Gadget Lite,310,90,27900,17050
2026-01-03,INV-512242,SuperStore Inc,Gadget Lite,144,90,12960,7920
2026-01-03,INV-661108,MegaMart Corp,Gadget Lite,313,90,28170,17215
2026-01-03,INV-410347,Small Dealer 15,Premium Widget,62,150,9300,7440
2026-01-03,INV-478136,Small Dealer 21,Gadget Pro,177,250,44250,30975
2026-01-03,INV-348865,MegaMart Corp,Low Stock Item,377,200,75400,49010
2026-01-04,INV-203868,Small Dealer 16,Gadget Pro,440,250,110000,77000
2026-01-04,INV-258246,Small Dealer 13,Declining Product,308,100,30800,20020
2026-01-04,INV-993643,MegaMart Corp,Low Stock Item,436,200,87200,56680
2026-01-04,INV-282069,SuperStore Inc,Premium Widget,328,150,49200,39360
2026-01-04,INV-799200,MegaMart Corp,Premium Widget,34,150,5100,4080
2026-01-04,INV-886270,MegaMart Corp,Gadget Pro,404,250,101000,70700
2026-01-04,INV-753773,SuperStore Inc,Gadget Lite,392,90,35280,21560
2026-01-04,INV-191981,MegaMart Corp,Standard Widget,495,80,39600,24750
2026-01-04,INV-875806,Small Dealer 1,Premium Widget,354,150,53100,42480
2026-01-04,INV-302603,MegaMart Corp,Gadget Pro,401,250,100250,70175
2026-01-04,INV-972633,SuperStore Inc,Gadget Pro,202,250,50500,35350
2026-01-04,INV-819950,MegaMart Corp,Gadget Lite,358,90,32220,19690
2026-01-04,INV-994118,Small Dealer 23,Gadget Lite,297,90,26730,16335
2026-01-04,INV-328643,MegaMart Corp,Standard Widget,355,80,28400,17750
2026-01-04,INV-654932,SuperStore Inc,Gadget Pro,144,250,36000,25200
2026-01-04,INV-758641,BigBuy Distribution,Declining Product,135,100,13500,8775
2026-01-05,INV-539343,Small Dealer 12,Budget Widget,381,30,11430,6858
2026-01-05,INV-909605,MegaMart Corp,Standard Widget,46,80,3680,2300
2026-01-05,INV-246495,Small Dealer 18,Standard Widget,459,80,36720,22950
2026-01-05,INV-651833,MegaMart Corp,Gadget Lite,51,90,4590,2805
2026-01-05,INV-227469,Small Dealer 13,Gadget Lite,157,90,14130,8635
2026-01-05,INV-757853,MegaMart Corp,Gadget Pro,332,250,83000,58100
2026-01-05,INV-263096,Small Dealer 8,Gadget Lite,24,90,2160,1320
2026-01-05,INV-823808,SuperStore Inc,Gadget Lite,69,90,6210,3795
2026-01-05,INV-631358,BigBuy Distribution,Standard Widget,226,80,18080,11300
2026-01-05,INV-169329,BigBuy Distribution,Low Stock Item,312,200,62400,40560
2026-01-05,INV-705453,Small Dealer 5,Standard Widget,410,80,32800,20500
2026-01-05,INV-339196,Small Dealer 23,Low Stock Item,385,200,77000,50050
2026-01-05,INV-659583,Small Dealer 11,Standard Widget,413,80,33040,20650
2026-01-05,INV-944149,BigBuy Distribution,Gadget Lite,215,90,19350,11825
2026-01-05,INV-731770,MegaMart Corp,Standard Widget,204,80,16320,10200
2026-01-05,INV-986795,BigBuy Distribution,Budget Widget,319,30,9570,5742
2026-01-05,INV-273451,SuperStore Inc,Gadget Lite,450,90,40500,24750
2026-01-05,INV-744770,Small Dealer 11,Standard Widget,474,80,37920,23700
2026-01-05,INV-817010,SuperStore Inc,Budget Widget,164,30,4920,2952
2026-01-05,INV-883278,MegaMart Corp,Gadget Lite,481,90,43290,26455
2026-01-05,INV-556137,BigBuy Distribution,Gadget Pro,287,250,71750,50225
2026-01-05,INV-921196,MegaMart Corp,Premium Widget,168,150,25200,20160
2026-01-06,INV-734388,SuperStore Inc,Budget Widget,22,30,660,396
2026-01-06,INV-623954,Small Dealer 1,Budget Widget,297,30,8910,5346
2026-01-06,INV-464610,SuperStore Inc,Budget Widget,369,30,11070,6642
2026-01-06,INV-158496,BigBuy Distribution,Gadget Lite,365,90,32850,20075
2026-01-06,INV-275006,Small Dealer 13,Gadget Pro,465,250,116250,81375
2026-01-06,INV-280072,Small Dealer 17,Declining Product,36,100,3600,2340
2026-01-06,INV-259324,Small Dealer 19,Premium Widget,362,150,54300,43440
2026-01-06,INV-509126,BigBuy Distribution,Budget Widget,498,30,14940,8964
2026-01-06,INV-532491,Small Dealer 15,Standard Widget,69,80,5520,3450
2026-01-06,INV-633431,MegaMart Corp,Standard Widget,175,80,14000,8750
2026-01-06,INV-283720,BigBuy Distribution,Gadget Lite,13,90,1170,715
2026-01-06,INV-718069,SuperStore Inc,Gadget Pro,327,250,81750,57225
2026-01-06,INV-730869,Small Dealer 26,Low Stock Item,110,200,22000,14300
2026-01-06,INV-431189,Small Dealer 16,Gadget Lite,306,90,27540,16830
2026-01-06,INV-955767,Small Dealer 3,Low Stock Item,339,200,67800,44070
2026-01-07,INV-189483,SuperStore Inc,Budget Widget,359,30,10770,6462
2026-01-07,INV-510531,SuperStore Inc,Gadget Pro,120,250,30000,21000
2026-01-07,INV-844996,Small Dealer 15,Premium Widget,121,150,18150,14520
2026-01-07,INV-784653,MegaMart Corp,Budget Widget,211,30,6330,3798
2026-01-07,INV-268100,SuperStore Inc,Premium Widget,62,150,9300,7440
2026-01-07,INV-991459,BigBuy Distribution,Budget Widget,383,30,11490,6894
2026-01-07,INV-115113,MegaMart Corp,Premium Widget,417,150,62550,50040
2026-01-07,INV-879212,SuperStore Inc,Declining Product,26,100,2600,1690
2026-01-07,INV-274198,Small Dealer 23,Standard Widget,305,80,24400,15250
2026-01-07,INV-636112,BigBuy Distribution,Low Stock Item,81,200,16200,10530
2026-01-07,INV-141225,MegaMart Corp,Gadget Lite,66,90,5940,3630
2026-01-07,INV-650254,Small Dealer 22,Gadget Pro,277,250,69250,48475
2026-01-07,INV-340677,MegaMart Corp,Gadget Pro,235,250,58750,41125
2026-01-07,INV-404724,Small Dealer 12,Gadget Lite,480,90,43200,26400
2026-01-08,INV-240230,MegaMart Corp,Premium Widget,251,150,37650,30120
2026-01-08,INV-409253,BigBuy Distribution,Declining Product,291,100,29100,18915
2026-01-08,INV-806129,SuperStore Inc,Budget Widget,434,30,13020,7812
2026-01-08,INV-613861,BigBuy Distribution,Gadget Pro,92,250,23000,16100
2026-01-08,INV-319509,SuperStore Inc,Gadget Lite,464,90,41760,25520
2026-01-08,INV-755051,SuperStore Inc,Premium Widget,90,150,13500,10800
2026-01-08,INV-195813,Small Dealer 11,Budget Widget,179,30,5370,3222
2026-01-08,INV-481086,Small Dealer 1,Premium Widget,499,150,74850,59880
2026-01-08,INV-748484,Small Dealer 2,Low Stock Item,68,200,13600,8840
2026-01-08,INV-844494,BigBuy Distribution,Gadget Lite,141,90,12690,7755
2026-01-08,INV-823603,SuperStore Inc,Standard Widget,116,80,9280,5800
2026-01-08,INV-140146,MegaMart Corp,Standard Widget,174,80,13920,8700
2026-01-08,INV-102957,BigBuy Distribution,Low Stock Item,128,200,25600,16640
2026-01-08,INV-815970,Small Dealer 7,Gadget Pro,149,250,37250,26075
2026-01-08,INV-579090,BigBuy Distribution,Budget Widget,111,30,3330,1998
2026-01-08,INV-555856,MegaMart Corp,Low Stock Item,68,200,13600,8840
2026-01-08,INV-687469,Small Dealer 5,Gadget Lite,499,90,44910,27445
2026-01-08,INV-535728,BigBuy Distribution,Premium Widget,456,150,68400,54720
2026-01-08,INV-981049,Small Dealer 8,Premium Widget,226,150,33900,27120
2026-01-08,INV-976765,Small Dealer 14,Low Stock Item,207,200,41400,26910
2026-01-08,INV-109699,BigBuy Distribution,Gadget Pro,166,250,41500,29050
2026-01-08,INV-391974,MegaMart Corp,Budget Widget,201,30,6030,3618
2026-01-08,INV-204427,Small Dealer 3,Premium Widget,209,150,31350,25080
2026-01-08,INV-104492,SuperStore Inc,Low Stock Item,247,200,49400,32110
2026-01-08,INV-927094,BigBuy Distribution,Budget Widget,158,30,4740,2844
2026-01-08,INV-445188,Small Dealer 18,Premium Widget,61,150,9150,7320
2026-01-09,INV-278212,SuperStore Inc,Gadget Lite,364,90,32760,20020
2026-01-09,INV-200550,BigBuy Distribution,Standard Widget,161,80,12880,8050
2026-01-09,INV-119040,MegaMart Corp,Budget Widget,428,30,12840,7704
2026-01-09,INV-853755,Small Dealer 14,Premium Widget,384,150,57600,46080
2026-01-09,INV-270318,Small Dealer 4,Budget Widget,438,30,13140,7884
2026-01-09,INV-356421,Small Dealer 12,Standard Widget,367,80,29360,18350
2026-01-09,INV-679521,Small Dealer 5,Gadget Pro,416,250,104000,72800
2026-01-09,INV-674879,Small Dealer 11,Low Stock Item,438,200,87600,56940
2026-01-09,INV-766853,SuperStore Inc,Gadget Pro,237,250,59250,41475
2026-01-09,INV-160047,SuperStore Inc,Budget Widget,388,30,11640,6984
2026-01-09,INV-621083,Small Dealer 28,Gadget Pro,166,250,41500,29050
2026-01-09,INV-809217,Small Dealer 6,Budget Widget,392,30,11760,7056
2026-01-09,INV-211680,SuperStore Inc,Premium Widget,405,150,60750,48600
2026-01-09,INV-956761,SuperStore Inc,Gadget Lite,91,90,8190,5005
2026-01-09,INV-975376,BigBuy Distribution,Gadget Pro,232,250,58000,40600
2026-01-09,INV-678985,SuperStore Inc,Gadget Pro,288,250,72000,50400
2026-01-09,INV-186461,SuperStore Inc,Premium Widget,123,150,18450,14760
2026-01-09,INV-119588,Small Dealer 9,Low Stock Item,310,200,62000,40300
2026-01-09,INV-476170,Small Dealer 1,Budget Widget,475,30,14250,8550
2026-01-09,INV-107332,Small Dealer 18,Gadget Lite,269,90,24210,14795
2026-01-09,INV-990813,MegaMart Corp,Gadget Lite,465,90,41850,25575
2026-01-09,INV-738742,Small Dealer 27,Standard Widget,101,80,8080,5050
2026-01-09,INV-836643,Small Dealer 8,Budget Widget,500,30,15000,9000
2026-01-09,INV-792847,BigBuy Distribution,Gadget Lite,161,90,14490,8855
2026-01-09,INV-441820,Small Dealer 20,Standard Widget,33,80,2640,1650
2026-01-09,INV-564471,Small Dealer 12,Low Stock Item,218,200,43600,28340
2026-01-09,INV-994005,SuperStore Inc,Low Stock Item,320,200,64000,41600
2026-01-09,INV-571033,BigBuy Distribution,Standard Widget,412,80,32960,20600
2026-01-09,INV-119211,Small Dealer 26,Low Stock Item,124,200,24800,16120
2026-01-09,INV-531674,Small Dealer 25,Budget Widget,249,30,7470,4482
2026-01-10,INV-815997,SuperStore Inc,Budget Widget,402,30,12060,7236
2026-01-10,INV-697674,SuperStore Inc,Premium Widget,291,150,43650,34920
2026-01-10,INV-698149,Small Dealer 28,Budget Widget,281,30,8430,5058
2026-01-10,INV-214325,MegaMart Corp,Gadget Lite,397,90,35730,21835
2026-01-10,INV-221934,Small Dealer 22,Standard Widget,102,80,8160,5100
2026-01-10,INV-638986,SuperStore Inc,Premium Widget,13,150,1950,1560
2026-01-10,INV-705832,BigBuy Distribution,Low Stock Item,335,200,67000,43550
2026-01-10,INV-338321,Small Dealer 19,Low Stock Item,379,200,75800,49270
2026-01-10,INV-210968,SuperStore Inc,Budget Widget,209,30,6270,3762
2026-01-10,INV-977764,Small Dealer 24,Standard Widget,384,80,30720,19200
2026-01-10,INV-210239,Small Dealer 20,Standard Widget,248,80,19840,12400
2026-01-11,INV-151001,Small Dealer 11,Gadget Pro,211,250,52750,36925
2026-01-11,INV-321505,Small Dealer 28,Gadget Lite,122,90,10980,6710
2026-01-11,INV-644262,SuperStore Inc,Gadget Pro,286,250,71500,50050
2026-01-11,INV-638301,Small Dealer 29,Gadget Lite,84,90,7560,4620
2026-01-11,INV-744632,BigBuy Distribution,Low Stock Item,450,200,90000,58500
2026-01-11,INV-672625,BigBuy Distribution,Gadget Pro,63,250,15750,11025
2026-01-11,INV-703330,Small Dealer 9,Gadget Lite,130,90,11700,7150
2026-01-11,INV-846338,BigBuy Distribution,Standard Widget,36,80,2880,1800
2026-01-11,INV-104270,Small Dealer 19,Premium Widget,340,150,51000,40800
2026-01-11,INV-745373,SuperStore Inc,Low Stock Item,155,200,31000,20150
2026-01-11,INV-863361,BigBuy Distribution,Gadget Lite,410,90,36900,22550
2026-01-11,INV-427819,Small Dealer 10,Gadget Lite,151,90,13590,8305
2026-01-11,INV-938830,BigBuy Distribution,Gadget Pro,139,250,34750,24325
2026-01-11,INV-573850,MegaMart Corp,Gadget Lite,32,90,2880,1760
2026-01-11,INV-242016,MegaMart Corp,Gadget Pro,228,250,57000,39900
2026-01-11,INV-343541,SuperStore Inc,Budget Widget,344,30,10320,6192
2026-01-11,INV-695638,SuperStore Inc,Gadget Lite,191,90,17190,10505
2026-01-11,INV-939209,SuperStore Inc,Premium Widget,489,150,73350,58680
2026-01-11,INV-783943,Small Dealer 8,Budget Widget,306,30,9180,5508
2026-01-11,INV-445390,Small Dealer 7,Low Stock Item,274,200,54800,35620
2026-01-11,INV-695267,Small Dealer 21,Gadget Pro,451,250,112750,78925
2026-01-11,INV-838242,Small Dealer 15,Gadget Lite,320,90,28800,17600
2026-01-11,INV-996608,Small Dealer 14,Budget Widget,269,30,8070,4842
2026-01-11,INV-804570,BigBuy Distribution,Gadget Lite,124,90,11160,6820
2026-01-11,INV-678985,SuperStore Inc,Gadget Pro,418,250,104500,73150
2026-01-11,INV-963828,SuperStore Inc,Low Stock Item,168,200,33600,21840
2026-01-11,INV-612549,SuperStore Inc,Gadget Pro,29,250,7250,5075
2026-01-11,INV-564368,Small Dealer 23,Standard Widget,39,80,3120,1950
2026-01-11,INV-981010,Small Dealer 4,Gadget Lite,361,90,32490,19855
2026-01-11,INV-819409,SuperStore Inc,Premium Widget,460,150,69000,55200
2026-01-12,INV-773100,Small Dealer 11,Gadget Pro,23,250,5750,4025
2026-01-12,INV-328497,SuperStore Inc,Low Stock Item,283,200,56600,36790
2026-01-12,INV-306958,MegaMart Corp,Standard Widget,107,80,8560,5350
2026-01-12,INV-114317,Small Dealer 17,Budget Widget,154,30,4620,2772
2026-01-12,INV-815252,MegaMart Corp,Low Stock Item,180,200,36000,23400
2026-01-12,INV-191224,Small Dealer 24,Standard Widget,124,80,9920,6200
2026-01-12,INV-940079,Small Dealer 5,Gadget Lite,359,90,32310,19745
2026-01-12,INV-349448,MegaMart Corp,Standard Widget,244,80,19520,12200
2026-01-12,INV-948153,BigBuy Distribution,Gadget Pro,179,250,44750,31325
2026-01-12,INV-234174,MegaMart Corp,Standard Widget,81,80,6480,4050
2026-01-12,INV-135001,BigBuy Distribution,Budget Widget,463,30,13890,8334
2026-01-12,INV-486027,BigBuy Distribution,Budget Widget,170,30,5100,3060
2026-01-12,INV-256024,SuperStore Inc,Premium Widget,477,150,71550,57240
2026-01-12,INV-363692,SuperStore Inc,Premium Widget,250,150,37500,30000
2026-01-12,INV-931486,SuperStore Inc,Budget Widget,145,30,4350,2610
2026-01-12,INV-938017,SuperStore Inc,Gadget Lite,250,90,22500,13750
2026-01-12,INV-691101,MegaMart Corp,Premium Widget,292,150,43800,35040
2026-01-12,INV-765706,BigBuy Distribution,Low Stock Item,57,200,11400,7410
2026-01-12,INV-923861,BigBuy Distribution,Gadget Pro,396,250,99000,69300
2026-01-12,INV-558856,SuperStore Inc,Budget Widget,25,30,750,450
2026-01-12,INV-256685,Small Dealer 4,Standard Widget,96,80,7680,4800
2026-01-12,INV-788091,Small Dealer 18,Gadget Pro,131,250,32750,22925
2026-01-12,INV-410420,Small Dealer 1,Budget Widget,207,30,6210,3726
2026-01-12,INV-360395,BigBuy Distribution,Gadget Pro,190,250,47500,33250
2026-01-12,INV-439572,Small Dealer 9,Budget Widget,199,30,5970,3582
2026-01-12,INV-153535,Small Dealer 11,Low Stock Item,180,200,36000,23400
2026-01-12,INV-448997,SuperStore Inc,Standard Widget,371,80,29680,18550
2026-01-13,INV-940968,SuperStore Inc,Declining Product,320,100,32000,20800
2026-01-13,INV-777554,Small Dealer 26,Standard Widget,128,80,10240,6400
2026-01-13,INV-704565,SuperStore Inc,Gadget Lite,108,90,9720,5940
2026-01-13,INV-963481,Small Dealer 2,Budget Widget,357,30,10710,6426
2026-01-13,INV-828006,MegaMart Corp,Low Stock Item,101,200,20200,13130
2026-01-13,INV-544689,Small Dealer 27,Gadget Lite,82,90,7380,4510
2026-01-13,INV-818958,Small Dealer 19,Premium Widget,104,150,15600,12480
2026-01-13,INV-492717,MegaMart Corp,Low Stock Item,237,200,47400,30810
2026-01-13,INV-209244,Small Dealer 22,Premium Widget,215,150,32250,25800
2026-01-13,INV-774564,BigBuy Distribution,Premium Widget,231,150,34650,27720
2026-01-13,INV-856340,Small Dealer 15,Premium Widget,479,150,71850,57480
2026-01-13,INV-281029,SuperStore Inc,Gadget Pro,65,250,16250,11375
2026-01-13,INV-318927,MegaMart Corp,Low Stock Item,444,200,88800,57720
2026-01-13,INV-557623,BigBuy Distribution,Premium Widget,244,150,36600,29280
2026-01-13,INV-291177,MegaMart Corp,Premium Widget,205,150,30750,24600
2026-01-13,INV-819183,Small Dealer 18,Gadget Pro,109,250,27250,19075
2026-01-13,INV-716736,BigBuy Distribution,Gadget Lite,128,90,11520,7040
2026-01-13,INV-876609,Small Dealer 28,Gadget Lite,47,90,4230,2585
2026-01-13,INV-253832,BigBuy Distribution,Declining Product,322,100,32200,20930
2026-01-13,INV-603719,SuperStore Inc,Standard Widget,22,80,1760,1100
2026-01-13,INV-252376,BigBuy Distribution,Standard Widget,462,80,36960,23100
2026-01-14,INV-750581,MegaMart Corp,Budget Widget,156,30,4680,2808
2026-01-14,INV-661457,SuperStore Inc,Gadget Pro,287,250,71750,50225
2026-01-14,INV-674097,Small Dealer 26,Standard Widget,466,80,37280,23300
2026-01-14,INV-827398,BigBuy Distribution,Low Stock Item,435,200,87000,56550
2026-01-14,INV-541857,Small Dealer 1,Premium Widget,95,150,14250,11400
2026-01-14,INV-405278,Small Dealer 18,Premium Widget,471,150,70650,56520
2026-01-14,INV-383903,MegaMart Corp,Gadget Pro,461,250,115250,80675
2026-01-14,INV-537210,MegaMart Corp,Gadget Lite,300,90,27000,16500
2026-01-14,INV-547308,Small Dealer 27,Premium Widget,341,150,51150,40920
2026-01-14,INV-583427,SuperStore Inc,Standard Widget,195,80,15600,9750
2026-01-14,INV-114778,BigBuy Distribution,Low Stock Item,143,200,28600,18590
2026-01-14,INV-385825,BigBuy Distribution,Gadget Pro,320,250,80000,56000
2026-01-14,INV-744687,Small Dealer 14,Premium Widget,82,150,12300,9840
2026-01-14,INV-672266,BigBuy Distribution,Declining Product,88,100,8800,5720
2026-01-14,INV-934210,SuperStore Inc,Low Stock Item,41,200,8200,5330
2026-01-14,INV-520535,BigBuy Distribution,Gadget Lite,85,90,7650,4675
2026-01-14,INV-892607,Small Dealer 3,Gadget Pro,339,250,84750,59325
2026-01-14,INV-641008,SuperStore Inc,Premium Widget,340,150,51000,40800
2026-01-14,INV-864030,Small Dealer 2,Budget Widget,208,30,6240,3744
2026-01-15,INV-311041,BigBuy Distribution,Premium Widget,416,150,62400,49920
2026-01-15,INV-485542,Small Dealer 28,Low Stock Item,439,200,87800,57070
2026-01-15,INV-898754,MegaMart Corp,Standard Widget,399,80,31920,19950
2026-01-15,INV-478497,Small Dealer 5,Low Stock Item,360,200,72000,46800
2026-01-15,INV-383175,SuperStore Inc,Gadget Pro,361,250,90250,63175
2026-01-15,INV-188857,SuperStore Inc,Gadget Lite,19,90,1710,1045
2026-01-15,INV-813989,MegaMart Corp,Low Stock Item,294,200,58800,38220
2026-01-15,INV-102897,MegaMart Corp,Low Stock Item,235,200,47000,30550
2026-01-15,INV-609501,BigBuy Distribution,Gadget Pro,214,250,53500,37450
2026-01-15,INV-141323,Small Dealer 4,Budget Widget,97,30,2910,1746
2026-01-15,INV-157476,BigBuy Distribution,Premium Widget,380,150,57000,45600
2026-01-15,INV-337071,SuperStore Inc,Premium Widget,155,150,23250,18600
2026-01-15,INV-867567,BigBuy Distribution,Low Stock Item,200,200,40000,26000
2026-01-15,INV-968931,MegaMart Corp,Premium Widget,27,150,4050,3240
2026-01-15,INV-591763,MegaMart Corp,Premium Widget,356,150,53400,42720
2026-01-15,INV-490305,BigBuy Distribution,Standard Widget,16,80,1280,800
2026-01-15,INV-692808,SuperStore Inc,Gadget Pro,157,250,39250,27475
2026-01-15,INV-757161,BigBuy Distribution,Gadget Lite,486,90,43740,26730
2026-01-15,INV-134364,BigBuy Distribution,Low Stock Item,99,200,19800,12870
2026-01-15,INV-593531,BigBuy Distribution,Standard Widget,327,80,26160,16350
2026-01-15,INV-596365,BigBuy Distribution,Gadget Lite,318,90,28620,17490
2026-01-15,INV-785719,SuperStore Inc,Gadget Pro,364,250,91000,63700
2026-01-15,INV-728250,Small Dealer 11,Gadget Pro,127,250,31750,22225
2026-01-15,INV-573227,BigBuy Distribution,Gadget Lite,393,90,35370,21615
2026-01-15,INV-275110,Small Dealer 9,Gadget Lite,399,90,35910,21945
2026-01-15,INV-813510,SuperStore Inc,Gadget Pro,357,250,89250,62475
2026-01-16,INV-273815,Small Dealer 9,Gadget Pro,342,250,85500,59850
2026-01-16,INV-405891,BigBuy Distribution,Standard Widget,235,80,18800,11750
2026-01-16,INV-197429,BigBuy Distribution,Gadget Lite,197,90,17730,10835
2026-01-16,INV-918913,Small Dealer 7,Standard Widget,244,80,19520,12200
2026-01-16,INV-565713,Small Dealer 25,Standard Widget,454,80,36320,22700
2026-01-16,INV-877580,Small Dealer 26,Gadget Lite,212,90,19080,11660
2026-01-16,INV-497746,BigBuy Distribution,Low Stock Item,239,200,47800,31070
2026-01-16,INV-495023,BigBuy Distribution,Gadget Pro,471,250,117750,82425
2026-01-16,INV-435786,Small Dealer 1,Gadget Lite,281,90,25290,15455
2026-01-16,INV-580043,MegaMart Corp,Gadget Lite,417,90,37530,22935
2026-01-16,INV-480811,BigBuy Distribution,Premium Widget,419,150,62850,50280
2026-01-16,INV-641286,BigBuy Distribution,Gadget Pro,210,250,52500,36750
2026-01-16,INV-742016,SuperStore Inc,Budget Widget,311,30,9330,5598
2026-01-16,INV-959294,MegaMart Corp,Standard Widget,499,80,39920,24950
2026-01-16,INV-367902,Small Dealer 22,Budget Widget,237,30,7110,4266
2026-01-16,INV-705614,MegaMart Corp,Low Stock Item,326,200,65200,42380
2026-01-16,INV-492047,MegaMart Corp,Standard Widget,142,80,11360,7100
2026-01-16,INV-872420,Small Dealer 11,Standard Widget,235,80,18800,11750
2026-01-16,INV-825063,MegaMart Corp,Premium Widget,56,150,8400,6720
2026-01-16,INV-939574,Small Dealer 23,Low Stock Item,200,200,40000,26000
2026-01-16,INV-530292,Small Dealer 3,Low Stock Item,138,200,27600,17940
2026-01-16,INV-680809,Small Dealer 29,Low Stock Item,322,200,64400,41860
2026-01-16,INV-333174,Small Dealer 24,Budget Widget,315,30,9450,5670
2026-01-16,INV-966913,Small Dealer 3,Standard Widget,192,80,15360,9600
2026-01-16,INV-319828,MegaMart Corp,Low Stock Item,350,200,70000,45500
2026-01-16,INV-992780,SuperStore Inc,Gadget Pro,489,250,122250,85575
2026-01-17,INV-788538,MegaMart Corp,Standard Widget,85,80,6800,4250
2026-01-17,INV-746132,Small Dealer 9,Standard Widget,187,80,14960,9350
2026-01-17,INV-240777,Small Dealer 16,Gadget Pro,487,250,121750,85225
2026-01-17,INV-966369,SuperStore Inc,Budget Widget,289,30,8670,5202
2026-01-17,INV-607793,BigBuy Distribution,Low Stock Item,455,200,91000,59150
2026-01-17,INV-853151,Small Dealer 18,Gadget Lite,62,90,5580,3410
2026-01-17,INV-943438,MegaMart Corp,Gadget Lite,398,90,35820,21890
2026-01-17,INV-864248,BigBuy Distribution,Budget Widget,321,30,9630,5778
2026-01-17,INV-105158,SuperStore Inc,Budget Widget,207,30,6210,3726
2026-01-17,INV-577801,BigBuy Distribution,Standard Widget,488,80,39040,24400
2026-01-17,INV-364314,Small Dealer 16,Gadget Pro,290,250,72500,50750
2026-01-17,INV-374989,Small Dealer 26,Standard Widget,51,80,4080,2550
2026-01-17,INV-452268,SuperStore Inc,Standard Widget,265,80,21200,13250
2026-01-17,INV-251054,SuperStore Inc,Budget Widget,419,30,12570,7542
2026-01-17,INV-627902,Small Dealer 14,Low Stock Item,480,200,96000,62400
2026-01-17,INV-573871,BigBuy Distribution,Budget Widget,462,30,13860,8316
2026-01-17,INV-104478,Small Dealer 3,Standard Widget,152,80,12160,7600
2026-01-17,INV-709479,BigBuy Distribution,Standard Widget,379,80,30320,18950
2026-01-17,INV-103419,Small Dealer 7,Declining Product,479,100,47900,31135
2026-01-17,INV-709670,BigBuy Distribution,Premium Widget,367,150,55050,44040
2026-01-17,INV-732092,SuperStore Inc,Standard Widget,274,80,21920,13700
2026-01-17,INV-982365,MegaMart Corp,Gadget Lite,152,90,13680,8360
2026-01-17,INV-601761,Small Dealer 10,Gadget Lite,160,90,14400,8800
2026-01-18,INV-466448,BigBuy Distribution,Gadget Lite,352,90,31680,19360
2026-01-18,INV-681314,MegaMart Corp,Budget Widget,219,30,6570,3942
2026-01-18,INV-835293,Small Dealer 5,Gadget Pro,77,250,19250,13475
2026-01-18,INV-950804,Small Dealer 28,Premium Widget,492,150,73800,59040
2026-01-18,INV-343338,MegaMart Corp,Gadget Lite,171,90,15390,9405
2026-01-18,INV-236877,MegaMart Corp,Standard Widget,371,80,29680,18550
2026-01-18,INV-155425,SuperStore Inc,Standard Widget,137,80,10960,6850
2026-01-18,INV-947696,SuperStore Inc,Gadget Pro,100,250,25000,17500
2026-01-18,INV-615960,Small Dealer 21,Gadget Pro,394,250,98500,68950
2026-01-18,INV-269818,SuperStore Inc,Gadget Pro,342,250,85500,59850
2026-01-18,INV-469249,SuperStore Inc,Gadget Lite,457,90,41130,25135
2026-01-18,INV-210247,MegaMart Corp,Gadget Lite,422,90,37980,23210
2026-01-18,INV-832460,MegaMart Corp,Standard Widget,288,80,23040,14400
2026-01-18,INV-684686,BigBuy Distribution,Gadget Lite,105,90,9450,5775
2026-01-18,INV-149792,Small Dealer 18,Gadget Lite,418,90,37620,22990
2026-01-18,INV-830809,Small Dealer 14,Premium Widget,173,150,25950,20760
2026-01-18,INV-635462,Small Dealer 12,Low Stock Item,451,200,90200,58630
2026-01-18,INV-183786,BigBuy Distribution,Gadget Lite,161,90,14490,8855
2026-01-18,INV-996023,MegaMart Corp,Standard Widget,331,80,26480,16550
2026-01-18,INV-246286,BigBuy Distribution,Standard Widget,183,80,14640,9150
2026-01-18,INV-839133,MegaMart Corp,Gadget Pro,277,250,69250,48475
2026-01-18,INV-431453,SuperStore Inc,Low Stock Item,31,200,6200,4030
2026-01-18,INV-717959,Small Dealer 20,Budget Widget,209,30,6270,3762
2026-01-18,INV-425228,Small Dealer 20,Low Stock Item,399,200,79800,51870
2026-01-18,INV-981536,BigBuy Distribution,Standard Widget,364,80,29120,18200
2026-01-18,INV-261601,SuperStore Inc,Declining Product,178,100,17800,11570
2026-01-18,INV-980526,MegaMart Corp,Gadget Pro,122,250,30500,21350
2026-01-19,INV-582629,BigBuy Distribution,Low Stock Item,294,200,58800,38220
2026-01-19,INV-275727,BigBuy Distribution,Gadget Lite,452,90,40680,24860
2026-01-19,INV-553604,MegaMart Corp,Premium Widget,116,150,17400,13920
2026-01-19,INV-925908,Small Dealer 17,Declining Product,74,100,7400,4810
2026-01-19,INV-915578,BigBuy Distribution,Gadget Pro,349,250,87250,61075
2026-01-19,INV-585247,SuperStore Inc,Standard Widget,280,80,22400,14000
2026-01-19,INV-256807,Small Dealer 1,Gadget Pro,134,250,33500,23450
2026-01-19,INV-879490,Small Dealer 15,Premium Widget,499,150,74850,59880
2026-01-19,INV-338609,MegaMart Corp,Gadget Pro,284,250,71000,49700
2026-01-19,INV-463812,Small Dealer 9,Gadget Pro,334,250,83500,58450
2026-01-19,INV-767532,Small Dealer 25,Gadget Lite,499,90,44910,27445
2026-01-19,INV-545941,Small Dealer 16,Standard Widget,185,80,14800,9250
2026-01-19,INV-943285,BigBuy Distribution,Standard Widget,449,80,35920,22450
2026-01-19,INV-323310,Small Dealer 2,Budget Widget,179,30,5370,3222
2026-01-19,INV-592638,SuperStore Inc,Gadget Pro,309,250,77250,54075
2026-01-19,INV-331343,MegaMart Corp,Gadget Lite,246,90,22140,13530
2026-01-19,INV-278483,Small Dealer 22,Gadget Lite,74,90,6660,4070
2026-01-19,INV-843635,SuperStore Inc,Premium Widget,169,150,25350,20280
2026-01-19,INV-862126,SuperStore Inc,Premium Widget,400,150,60000,48000
2026-01-19,INV-404457,Small Dealer 11,Budget Widget,182,30,5460,3276
2026-01-19,INV-928109,Small Dealer 17,Low Stock Item,381,200,76200,49530
2026-01-19,INV-571720,Small Dealer 8,Low Stock Item,417,200,83400,54210
2026-01-19,INV-407412,Small Dealer 15,Gadget Pro,29,250,7250,5075
2026-01-19,INV-995283,SuperStore Inc,Declining Product,285,100,28500,18525
2026-01-19,INV-541792,Small Dealer 12,Gadget Lite,308,90,27720,16940
2026-01-19,INV-344157,SuperStore Inc,Declining Product,245,100,24500,15925
2026-01-19,INV-377407,SuperStore Inc,Low Stock Item,353,200,70600,45890
2026-01-20,INV-317295,Small Dealer 16,Gadget Pro,126,250,31500,22050
2026-01-20,INV-173980,MegaMart Corp,Low Stock Item,444,200,88800,57720
2026-01-20,INV-731544,Small Dealer 6,Budget Widget,288,30,8640,5184
2026-01-20,INV-130416,BigBuy Distribution,Declining Product,234,100,23400,15210
2026-01-20,INV-810295,SuperStore Inc,Standard Widget,132,80,10560,6600
2026-01-20,INV-721621,SuperStore Inc,Low Stock Item,440,200,88000,57200
2026-01-20,INV-387925,Small Dealer 9,Standard Widget,225,80,18000,11250
2026-01-20,INV-682125,SuperStore Inc,Premium Widget,335,150,50250,40200
2026-01-20,INV-235028,MegaMart Corp,Premium Widget,53,150,7950,6360
2026-01-20,INV-356837,Small Dealer 2,Standard Widget,450,80,36000,22500
2026-01-20,INV-353046,MegaMart Corp,Gadget Pro,70,250,17500,12250
2026-01-20,INV-359785,Small Dealer 5,Low Stock Item,124,200,24800,16120
2026-01-20,INV-436035,BigBuy Distribution,Low Stock Item,37,200,7400,4810
2026-01-20,INV-140046,Small Dealer 18,Gadget Lite,48,90,4320,2640
2026-01-20,INV-958374,MegaMart Corp,Premium Widget,197,150,29550,23640
2026-01-20,INV-947371,SuperStore Inc,Budget Widget,438,30,13140,7884
2026-01-20,INV-499477,Small Dealer 3,Budget Widget,484,30,14520,8712
2026-01-20,INV-485971,SuperStore Inc,Gadget Pro,327,250,81750,57225
2026-01-20,INV-410184,BigBuy Distribution,Gadget Pro,469,250,117250,82075
2026-01-20,INV-459933,SuperStore Inc,Budget Widget,300,30,9000,5400
2026-01-20,INV-459245,SuperStore Inc,Budget Widget,23,30,690,414
2026-01-20,INV-759757,BigBuy Distribution,Standard Widget,362,80,28960,18100
2026-01-20,INV-187009,BigBuy Distribution,Gadget Pro,333,250,83250,58275
2026-01-20,INV-980637,SuperStore Inc,Low Stock Item,196,200,39200,25480
2026-01-20,INV-754589,MegaMart Corp,Low Stock Item,124,200,24800,16120
2026-01-20,INV-237344,MegaMart Corp,Gadget Pro,170,250,42500,29750
2026-01-20,INV-948303,Small Dealer 22,Budget Widget,83,30,2490,1494
2026-01-20,INV-655319,Small Dealer 15,Gadget Pro,406,250,101500,71050
2026-01-20,INV-896191,BigBuy Distribution,Standard Widget,406,80,32480,20300
2026-01-20,INV-170360,BigBuy Distribution,Budget Widget,59,30,1770,1062
2026-01-21,INV-972657,MegaMart Corp,Premium Widget,163,150,24450,19560
2026-01-21,INV-410222,Small Dealer 16,Budget Widget,373,30,11190,6714
2026-01-21,INV-142320,MegaMart Corp,Gadget Lite,114,90,10260,6270
2026-01-21,INV-761310,Small Dealer 22,Standard Widget,252,80,20160,12600
2026-01-21,INV-312316,BigBuy Distribution,Budget Widget,247,30,7410,4446
2026-01-21,INV-248369,BigBuy Distribution,Gadget Lite,290,90,26100,15950
2026-01-21,INV-864183,MegaMart Corp,Standard Widget,431,80,34480,21550
2026-01-21,INV-196009,MegaMart Corp,Standard Widget,380,80,30400,19000
2026-01-21,INV-399610,Small Dealer 24,Budget Widget,459,30,13770,8262
2026-01-21,INV-310003,BigBuy Distribution,Standard Widget,308,80,24640,15400
2026-01-21,INV-775267,Small Dealer 14,Standard Widget,158,80,12640,7900
2026-01-21,INV-362683,Small Dealer 26,Premium Widget,304,150,45600,36480
2026-01-21,INV-678475,BigBuy Distribution,Premium Widget,431,150,64650,51720
2026-01-21,INV-792096,Small Dealer 12,Gadget Pro,435,250,108750,76125
2026-01-21,INV-711314,SuperStore Inc,Low Stock Item,172,200,34400,22360
2026-01-21,INV-957000,BigBuy Distribution,Premium Widget,154,150,23100,18480
2026-01-21,INV-939361,SuperStore Inc,Premium Widget,79,150,11850,9480
2026-01-21,INV-417180,Small Dealer 8,Standard Widget,176,80,14080,8800
2026-01-21,INV-723214,MegaMart Corp,Low Stock Item,470,200,94000,61100
2026-01-21,INV-417303,MegaMart Corp,Standard Widget,419,80,33520,20950
2026-01-21,INV-939956,Small Dealer 24,Standard Widget,144,80,11520,7200
2026-01-21,INV-825514,BigBuy Distribution,Low Stock Item,231,200,46200,30030
2026-01-21,INV-959189,SuperStore Inc,Standard Widget,158,80,12640,7900
2026-01-21,INV-910834,MegaMart Corp,Standard Widget,23,80,1840,1150
2026-01-21,INV-313716,MegaMart Corp,Gadget Pro,372,250,93000,65100
2026-01-21,INV-404086,MegaMart Corp,Premium Widget,57,150,8550,6840
2026-01-21,INV-270667,SuperStore Inc,Low Stock Item,27,200,5400,3510
2026-01-22,INV-671511,BigBuy Distribution,Premium Widget,294,150,44100,35280
2026-01-22,INV-498297,BigBuy Distribution,Premium Widget,306,150,45900,36720
2026-01-22,INV-265447,Small Dealer 10,Gadget Lite,194,90,17460,10670
2026-01-22,INV-703680,BigBuy Distribution,Premium Widget,356,150,53400,42720
2026-01-22,INV-173508,Small Dealer 2,Low Stock Item,88,200,17600,11440
2026-01-22,INV-688867,Small Dealer 7,Budget Widget,210,30,6300,3780
2026-01-22,INV-563752,Small Dealer 23,Standard Widget,58,80,4640,2900
2026-01-22,INV-756445,Small Dealer 8,Gadget Lite,230,90,20700,12650
2026-01-22,INV-846087,MegaMart Corp,Budget Widget,483,30,14490,8694
2026-01-22,INV-690542,Small Dealer 7,Gadget Pro,290,250,72500,50750
2026-01-22,INV-899778,MegaMart Corp,Low Stock Item,416,200,83200,54080
2026-01-22,INV-131638,MegaMart Corp,Budget Widget,426,30,12780,7668
2026-01-22,INV-266606,BigBuy Distribution,Standard Widget,410,80,32800,20500
2026-01-22,INV-937825,MegaMart Corp,Budget Widget,497,30,14910,8946
2026-01-22,INV-907347,SuperStore Inc,Low Stock Item,253,200,50600,32890
2026-01-22,INV-620021,MegaMart Corp,Gadget Lite,376,90,33840,20680
2026-01-22,INV-841853,BigBuy Distribution,Standard Widget,193,80,15440,9650
2026-01-22,INV-178896,Small Dealer 15,Standard Widget,125,80,10000,6250
2026-01-22,INV-223387,Small Dealer 25,Gadget Pro,116,250,29000,20300
2026-01-22,INV-773699,MegaMart Corp,Gadget Pro,264,250,66000,46200
2026-01-22,INV-994200,MegaMart Corp,Premium Widget,343,150,51450,41160
2026-01-22,INV-907973,Small Dealer 25,Premium Widget,171,150,25650,20520
2026-01-22,INV-297093,Small Dealer 25,Declining Product,25,100,2500,1625
2026-01-22,INV-908961,Small Dealer 19,Low Stock Item,204,200,40800,26520
2026-01-22,INV-114328,SuperStore Inc,Declining Product,21,100,2100,1365
2026-01-22,INV-726205,BigBuy Distribution,Budget Widget,216,30,6480,3888
2026-01-23,INV-328799,Small Dealer 5,Gadget Lite,136,90,12240,7480
2026-01-23,INV-213345,Small Dealer 2,Premium Widget,262,150,39300,31440
2026-01-23,INV-109334,Small Dealer 11,Low Stock Item,429,200,85800,55770
2026-01-23,INV-387675,Small Dealer 19,Declining Product,43,100,4300,2795
2026-01-23,INV-132108,SuperStore Inc,Standard Widget,442,80,35360,22100
2026-01-23,INV-660481,Small Dealer 13,Budget Widget,465,30,13950,8370
2026-01-23,INV-829646,Small Dealer 10,Budget Widget,461,30,13830,8298
2026-01-23,INV-753316,BigBuy Distribution,Low Stock Item,108,200,21600,14040
2026-01-23,INV-451329,Small Dealer 6,Standard Widget,249,80,19920,12450
2026-01-23,INV-616830,MegaMart Corp,Gadget Lite,305,90,27450,16775
2026-01-23,INV-440810,BigBuy Distribution,Gadget Lite,465,90,41850,25575
2026-01-23,INV-819214,Small Dealer 27,Gadget Pro,82,250,20500,14350
2026-01-23,INV-473367,SuperStore Inc,Gadget Pro,150,250,37500,26250
2026-01-23,INV-906665,MegaMart Corp,Standard Widget,327,80,26160,16350
2026-01-23,INV-425912,BigBuy Distribution,Declining Product,119,100,11900,7735
2026-01-23,INV-346633,MegaMart Corp,Gadget Lite,394,90,35460,21670
2026-01-24,INV-844944,BigBuy Distribution,Standard Widget,290,80,23200,14500
2026-01-24,INV-765747,SuperStore Inc,Low Stock Item,440,200,88000,57200
2026-01-24,INV-134122,MegaMart Corp,Low Stock Item,18,200,3600,2340
2026-01-24,INV-846283,Small Dealer 17,Declining Product,493,100,49300,32045
2026-01-24,INV-903968,SuperStore Inc,Standard Widget,261,80,20880,13050
2026-01-24,INV-563748,SuperStore Inc,Standard Widget,304,80,24320,15200
2026-01-24,INV-475757,MegaMart Corp,Premium Widget,143,150,21450,17160
2026-01-24,INV-216295,MegaMart Corp,Low Stock Item,62,200,12400,8060
2026-01-24,INV-183331,Small Dealer 9,Budget Widget,419,30,12570,7542
2026-01-24,INV-841063,MegaMart Corp,Low Stock Item,67,200,13400,8710
2026-01-24,INV-171766,MegaMart Corp,Gadget Pro,204,250,51000,35700
2026-01-24,INV-493270,MegaMart Corp,Gadget Lite,111,90,9990,6105
2026-01-24,INV-519082,BigBuy Distribution,Low Stock Item,95,200,19000,12350
2026-01-24,INV-458293,Small Dealer 1,Gadget Lite,180,90,16200,9900
2026-01-24,INV-467666,BigBuy Distribution,Budget Widget,204,30,6120,3672
2026-01-24,INV-625101,Small Dealer 6,Gadget Pro,213,250,53250,37275
2026-01-24,INV-367898,Small Dealer 13,Low Stock Item,395,200,79000,51350
2026-01-24,INV-624111,Small Dealer 25,Gadget Lite,128,90,11520,7040
2026-01-24,INV-308042,SuperStore Inc,Gadget Lite,23,90,2070,1265
2026-01-25,INV-819308,Small Dealer 22,Budget Widget,333,30,9990,5994
2026-01-25,INV-471376,SuperStore Inc,Gadget Lite,300,90,27000,16500
2026-01-25,INV-197219,MegaMart Corp,Gadget Lite,54,90,4860,2970
2026-01-25,INV-259580,SuperStore Inc,Gadget Pro,80,250,20000,14000
2026-01-25,INV-494691,MegaMart Corp,Standard Widget,277,80,22160,13850
2026-01-25,INV-231814,Small Dealer 16,Budget Widget,361,30,10830,6498
2026-01-25,INV-903159,Small Dealer 21,Gadget Lite,382,90,34380,21010
2026-01-25,INV-661071,MegaMart Corp,Declining Product,128,100,12800,8320
2026-01-25,INV-978425,MegaMart Corp,Low Stock Item,176,200,35200,22880
2026-01-25,INV-713917,Small Dealer 15,Premium Widget,414,150,62100,49680
2026-01-25,INV-733926,MegaMart Corp,Gadget Lite,376,90,33840,20680
2026-01-25,INV-478233,SuperStore Inc,Gadget Pro,480,250,120000,84000
2026-01-25,INV-531869,MegaMart Corp,Premium Widget,106,150,15900,12720
2026-01-25,INV-890224,Small Dealer 26,Budget Widget,448,30,13440,8064
2026-01-25,INV-955896,Small Dealer 1,Standard Widget,150,80,12000,7500
2026-01-25,INV-297991,SuperStore Inc,Low Stock Item,149,200,29800,19370
2026-01-25,INV-135574,Small Dealer 16,Gadget Lite,247,90,22230,13585
2026-01-25,INV-610671,SuperStore Inc,Standard Widget,424,80,33920,21200
2026-01-26,INV-451675,BigBuy Distribution,Gadget Pro,305,250,76250,53375
2026-01-26,INV-290046,Small Dealer 4,Budget Widget,425,30,12750,7650
2026-01-26,INV-742836,SuperStore Inc,Budget Widget,155,30,4650,2790
2026-01-26,INV-407949,Small Dealer 14,Low Stock Item,178,200,35600,23140
2026-01-26,INV-830542,MegaMart Corp,Gadget Pro,394,250,98500,68950
2026-01-26,INV-985774,BigBuy Distribution,Gadget Pro,191,250,47750,33425
2026-01-26,INV-624801,SuperStore Inc,Budget Widget,96,30,2880,1728
2026-01-26,INV-878552,MegaMart Corp,Premium Widget,222,150,33300,26640
2026-01-26,INV-170083,Small Dealer 29,Gadget Pro,452,250,113000,79100
2026-01-26,INV-420898,SuperStore Inc,Standard Widget,148,80,11840,7400
2026-01-26,INV-830980,BigBuy Distribution,Gadget Lite,155,90,13950,8525
2026-01-26,INV-428250,Small Dealer 19,Standard Widget,129,80,10320,6450
2026-01-26,INV-816718,Small Dealer 20,Declining Product,361,100,36100,23465
2026-01-26,INV-113379,Small Dealer 2,Premium Widget,237,150,35550,28440
2026-01-26,INV-846693,MegaMart Corp,Standard Widget,359,80,28720,17950
2026-01-26,INV-570256,BigBuy Distribution,Gadget Pro,182,250,45500,31850
2026-01-26,INV-351037,MegaMart Corp,Gadget Pro,388,250,97000,67900
2026-01-26,INV-693786,SuperStore Inc,Gadget Lite,408,90,36720,22440
2026-01-26,INV-994631,SuperStore Inc,Premium Widget,367,150,55050,44040
2026-01-26,INV-768047,BigBuy Distribution,Gadget Pro,466,250,116500,81550
2026-01-26,INV-848298,Small Dealer 26,Standard Widget,170,80,13600,8500
2026-01-26,INV-953092,MegaMart Corp,Gadget Lite,464,90,41760,25520
2026-01-26,INV-606874,Small Dealer 7,Gadget Pro,119,250,29750,20825
2026-01-26,INV-847573,BigBuy Distribution,Gadget Lite,251,90,22590,13805
2026-01-26,INV-701650,SuperStore Inc,Gadget Pro,261,250,65250,45675
2026-01-26,INV-150622,Small Dealer 4,Gadget Pro,116,250,29000,20300
2026-01-26,INV-387224,Small Dealer 14,Budget Widget,203,30,6090,3654
2026-01-26,INV-864160,BigBuy Distribution,Low Stock Item,76,200,15200,9880
2026-01-26,INV-591513,Small Dealer 3,Gadget Lite,278,90,25020,15290
2026-01-26,INV-723396,Small Dealer 22,Low Stock Item,414,200,82800,53820
2026-01-26,INV-863071,BigBuy Distribution,Premium Widget,259,150,38850,31080
2026-01-26,INV-500372,SuperStore Inc,Budget Widget,140,30,4200,2520
2026-01-26,INV-997852,Small Dealer 3,Premium Widget,308,150,46200,36960
2026-01-26,INV-579698,MegaMart Corp,Gadget Lite,305,90,27450,16775
2026-01-26,INV-904725,SuperStore Inc,Standard Widget,384,80,30720,19200
2026-01-27,INV-952841,Small Dealer 16,Standard Widget,384,80,30720,19200
2026-01-27,INV-783183,Small Dealer 17,Low Stock Item,449,200,89800,58370
2026-01-27,INV-621185,Small Dealer 23,Standard Widget,133,80,10640,6650
2026-01-27,INV-807464,Small Dealer 22,Declining Product,296,100,29600,19240
2026-01-27,INV-226877,BigBuy Distribution,Low Stock Item,464,200,92800,60320
2026-01-27,INV-450574,SuperStore Inc,Standard Widget,98,80,7840,4900
2026-01-27,INV-781366,Small Dealer 6,Premium Widget,394,150,59100,47280
2026-01-27,INV-677347,Small Dealer 18,Gadget Lite,25,90,2250,1375
2026-01-27,INV-606536,Small Dealer 25,Standard Widget,217,80,17360,10850
2026-01-27,INV-528971,BigBuy Distribution,Premium Widget,324,150,48600,38880
2026-01-27,INV-255611,Small Dealer 14,Gadget Pro,19,250,4750,3325
2026-01-27,INV-313142,SuperStore Inc,Gadget Pro,441,250,110250,77175
2026-01-27,INV-777995,MegaMart Corp,Gadget Lite,302,90,27180,16610
2026-01-27,INV-422373,Small Dealer 15,Premium Widget,219,150,32850,26280
2026-01-27,INV-213683,BigBuy Distribution,Low Stock Item,78,200,15600,10140
2026-01-27,INV-298088,Small Dealer 1,Gadget Lite,17,90,1530,935
2026-01-27,INV-568732,Small Dealer 19,Gadget Lite,20,90,1800,1100
2026-01-28,INV-163722,Small Dealer 16,Low Stock Item,407,200,81400,52910
2026-01-28,INV-537166,BigBuy Distribution,Gadget Lite,385,90,34650,21175
2026-01-28,INV-887963,Small Dealer 23,Gadget Lite,232,90,20880,12760
2026-01-28,INV-138361,Small Dealer 19,Standard Widget,94,80,7520,4700
2026-01-28,INV-639858,BigBuy Distribution,Premium Widget,302,150,45300,36240
2026-01-28,INV-262058,BigBuy Distribution,Budget Widget,314,30,9420,5652
2026-01-28,INV-817346,SuperStore Inc,Gadget Lite,219,90,19710,12045
2026-01-28,INV-993829,SuperStore Inc,Budget Widget,40,30,1200,720
2026-01-28,INV-382089,SuperStore Inc,Gadget Pro,452,250,113000,79100
2026-01-28,INV-239703,Small Dealer 13,Budget Widget,236,30,7080,4248
2026-01-29,INV-194174,SuperStore Inc,Gadget Pro,151,250,37750,26425
2026-01-29,INV-207964,Small Dealer 17,Standard Widget,267,80,21360,13350
2026-01-29,INV-599781,BigBuy Distribution,Budget Widget,265,30,7950,4770
2026-01-29,INV-945640,MegaMart Corp,Gadget Lite,480,90,43200,26400
2026-01-29,INV-238807,SuperStore Inc,Budget Widget,401,30,12030,7218
2026-01-29,INV-288273,Small Dealer 2,Standard Widget,233,80,18640,11650
2026-01-29,INV-231079,MegaMart Corp,Premium Widget,120,150,18000,14400
2026-01-29,INV-368109,Small Dealer 13,Gadget Pro,497,250,124250,86975
2026-01-29,INV-583861,BigBuy Distribution,Gadget Lite,26,90,2340,1430
2026-01-29,INV-897544,Small Dealer 27,Budget Widget,407,30,12210,7326
2026-01-29,INV-190745,SuperStore Inc,Standard Widget,181,80,14480,9050
2026-01-29,INV-255698,SuperStore Inc,Standard Widget,341,80,27280,17050
2026-01-29,INV-485976,SuperStore Inc,Gadget Pro,255,250,63750,44625
2026-01-29,INV-309826,SuperStore Inc,Gadget Pro,295,250,73750,51625
2026-01-29,INV-125924,BigBuy Distribution,Low Stock Item,313,200,62600,40690
2026-01-29,INV-320139,SuperStore Inc,Gadget Lite,439,90,39510,24145
2026-01-29,INV-319011,SuperStore Inc,Low Stock Item,486,200,97200,63180
2026-01-29,INV-472194,Small Dealer 5,Standard Widget,282,80,22560,14100
2026-01-29,INV-908219,Small Dealer 6,Gadget Lite,494,90,44460,27170
2026-01-29,INV-924729,SuperStore Inc,Standard Widget,468,80,37440,23400
2026-01-29,INV-806917,Small Dealer 27,Standard Widget,264,80,21120,13200
2026-01-30,INV-137061,BigBuy Distribution,Standard Widget,62,80,4960,3100
2026-01-30,INV-964605,MegaMart Corp,Gadget Pro,251,250,62750,43925
2026-01-30,INV-155791,Small Dealer 23,Gadget Pro,463,250,115750,81025
2026-01-30,INV-249500,BigBuy Distribution,Low Stock Item,169,200,33800,21970
2026-01-30,INV-879158,Small Dealer 9,Premium Widget,114,150,17100,13680
2026-01-30,INV-344550,SuperStore Inc,Standard Widget,107,80,8560,5350
2026-01-30,INV-762968,Small Dealer 7,Gadget Pro,73,250,18250,12775
2026-01-30,INV-394577,BigBuy Distribution,Standard Widget,283,80,22640,14150
2026-01-30,INV-234094,BigBuy Distribution,Gadget Lite,52,90,4680,2860
2026-01-30,INV-113255,SuperStore Inc,Low Stock Item,330,200,66000,42900
2026-01-30,INV-489739,BigBuy Distribution,Gadget Pro,330,250,82500,57750
2026-01-30,INV-600714,Small Dealer 22,Gadget Pro,68,250,17000,11900
2026-01-30,INV-666601,Small Dealer 19,Gadget Pro,207,250,51750,36225
2026-01-30,INV-410160,BigBuy Distribution,Gadget Pro,207,250,51750,36225
2026-01-31,INV-863265,Small Dealer 12,Budget Widget,164,30,4920,2952
2026-01-31,INV-613243,Small Dealer 5,Premium Widget,198,150,29700,23760
2026-01-31,INV-586085,Small Dealer 18,Gadget Lite,123,90,11070,6765
2026-01-31,INV-963929,BigBuy Distribution,Standard Widget,332,80,26560,16600
2026-01-31,INV-647770,BigBuy Distribution,Low Stock Item,229,200,45800,29770
2026-01-31,INV-861085,BigBuy Distribution,Standard Widget,144,80,11520,7200
2026-01-31,INV-766537,Small Dealer 17,Low Stock Item,119,200,23800,15470
2026-01-31,INV-579004,Small Dealer 2,Standard Widget,318,80,25440,15900
2026-01-31,INV-804779,BigBuy Distribution,Declining Product,356,100,35600,23140
2026-01-31,INV-184203,MegaMart Corp,Gadget Pro,118,250,29500,20650
2026-01-31,INV-199198,Small Dealer 1,Standard Widget,94,80,7520,4700
2026-01-31,INV-964314,SuperStore Inc,Gadget Lite,307,90,27630,16885
2026-01-31,INV-917236,Small Dealer 12,Gadget Lite,195,90,17550,10725
2026-01-31,INV-233973,BigBuy Distribution,Gadget Pro,25,250,6250,4375
2026-01-31,INV-768882,Small Dealer 21,Low Stock Item,217,200,43400,28210
2026-01-31,INV-705034,SuperStore Inc,Gadget Lite,300,90,27000,16500
2026-01-31,INV-686692,Small Dealer 14,Standard Widget,82,80,6560,4100
2026-02-01,INV-866208,BigBuy Distribution,Premium Widget,465,150,69750,55800
2026-02-01,INV-425498,BigBuy Distribution,Budget Widget,104,30,3120,1872
2026-02-01,INV-519892,SuperStore Inc,Low Stock Item,398,200,79600,51740
2026-02-01,INV-733043,SuperStore Inc,Standard Widget,315,80,25200,15750
2026-02-01,INV-107573,SuperStore Inc,Low Stock Item,157,200,31400,20410
2026-02-01,INV-926147,BigBuy Distribution,Budget Widget,174,30,5220,3132
2026-02-01,INV-916521,Small Dealer 14,Budget Widget,232,30,6960,4176
2026-02-01,INV-592757,Small Dealer 12,Standard Widget,48,80,3840,2400
2026-02-01,INV-156177,SuperStore Inc,Standard Widget,26,80,2080,1300
2026-02-01,INV-253586,MegaMart Corp,Premium Widget,349,150,52350,41880
2026-02-01,INV-804098,Small Dealer 15,Standard Widget,204,80,16320,10200
2026-02-01,INV-467970,BigBuy Distribution,Gadget Pro,95,250,23750,16625
2026-02-01,INV-314840,Small Dealer 22,Gadget Lite,246,90,22140,13530
2026-02-01,INV-865160,Small Dealer 27,Standard Widget,97,80,7760,4850
2026-02-01,INV-135006,MegaMart Corp,Low Stock Item,73,200,14600,9490
2026-02-01,INV-551717,SuperStore Inc,Low Stock Item,275,200,55000,35750
2026-02-01,INV-563853,BigBuy Distribution,Premium Widget,392,150,58800,47040
2026-02-01,INV-424578,BigBuy Distribution,Standard Widget,221,80,17680,11050
2026-02-01,INV-684707,SuperStore Inc,Gadget Lite,403,90,36270,22165
2026-02-01,INV-796751,Small Dealer 21,Gadget Pro,111,250,27750,19425
2026-02-01,INV-760708,SuperStore Inc,Low Stock Item,195,200,39000,25350
2026-02-01,INV-161110,Small Dealer 3,Declining Product,417,100,41700,27105
2026-02-01,INV-728589,Small Dealer 20,Gadget Pro,21,250,5250,3675
2026-02-02,INV-769516,Small Dealer 22,Gadget Pro,197,250,49250,34475
2026-02-02,INV-467074,Small Dealer 4,Premium Widget,156,150,23400,18720
2026-02-02,INV-385107,Small Dealer 27,Standard Widget,376,80,30080,18800
2026-02-02,INV-367325,BigBuy Distribution,Gadget Lite,163,90,14670,8965
2026-02-02,INV-345166,Small Dealer 26,Standard Widget,362,80,28960,18100
2026-02-02,INV-908444,BigBuy Distribution,Premium Widget,391,150,58650,46920
2026-02-02,INV-625518,Small Dealer 23,Budget Widget,76,30,2280,1368
2026-02-02,INV-507886,Small Dealer 1,Gadget Pro,179,250,44750,31325
2026-02-02,INV-563997,MegaMart Corp,Low Stock Item,107,200,21400,13910
2026-02-02,INV-564039,SuperStore Inc,Gadget Pro,240,250,60000,42000
2026-02-02,INV-626864,BigBuy Distribution,Gadget Lite,286,90,25740,15730
2026-02-02,INV-954891,SuperStore Inc,Budget Widget,135,30,4050,2430
2026-02-02,INV-522866,MegaMart Corp,Low Stock Item,429,200,85800,55770
2026-02-02,INV-142547,BigBuy Distribution,Standard Widget,267,80,21360,13350
2026-02-02,INV-257073,BigBuy Distribution,Budget Widget,39,30,1170,702
2026-02-02,INV-776252,BigBuy Distribution,Gadget Lite,302,90,27180,16610
2026-02-02,INV-333089,Small Dealer 21,Standard Widget,145,80,11600,7250
2026-02-02,INV-654056,MegaMart Corp,Budget Widget,138,30,4140,2484
2026-02-02,INV-295732,SuperStore Inc,Standard Widget,67,80,5360,3350
2026-02-02,INV-133757,Small Dealer 22,Budget Widget,209,30,6270,3762
2026-02-02,INV-425416,MegaMart Corp,Standard Widget,179,80,14320,8950
2026-02-02,INV-322232,Small Dealer 19,Gadget Lite,40,90,3600,2200
2026-02-02,INV-877705,BigBuy Distribution,Premium Widget,346,150,51900,41520
2026-02-02,INV-286037,Small Dealer 14,Premium Widget,105,150,15750,12600
2026-02-02,INV-349288,SuperStore Inc,Premium Widget,396,150,59400,47520
2026-02-02,INV-832695,Small Dealer 27,Gadget Pro,217,250,54250,37975
2026-02-02,INV-528631,SuperStore Inc,Low Stock Item,413,200,82600,53690
2026-02-02,INV-769488,Small Dealer 23,Gadget Pro,45,250,11250,7875
2026-02-02,INV-926098,BigBuy Distribution,Premium Widget,31,150,4650,3720
2026-02-02,INV-731429,Small Dealer 4,Budget Widget,276,30,8280,4968
2026-02-02,INV-986143,MegaMart Corp,Budget Widget,77,30,2310,1386
2026-02-02,INV-520576,BigBuy Distribution,Gadget Pro,348,250,87000,60900
2026-02-02,INV-430986,MegaMart Corp,Low Stock Item,170,200,34000,22100
2026-02-02,INV-275479,Small Dealer 25,Gadget Lite,23,90,2070,1265
2026-02-02,INV-643852,SuperStore Inc,Standard Widget,414,80,33120,20700
2026-02-02,INV-997127,MegaMart Corp,Premium Widget,104,150,15600,12480
2026-02-03,INV-503457,SuperStore Inc,Low Stock Item,38,200,7600,4940
2026-02-03,INV-726773,Small Dealer 21,Gadget Lite,56,90,5040,3080
2026-02-03,INV-221567,BigBuy Distribution,Gadget Lite,306,90,27540,16830
2026-02-03,INV-859193,SuperStore Inc,Gadget Pro,411,250,102750,71925
2026-02-03,INV-703546,SuperStore Inc,Budget Widget,71,30,2130,1278
2026-02-03,INV-333424,BigBuy Distribution,Gadget Lite,313,90,28170,17215
2026-02-03,INV-616376,SuperStore Inc,Gadget Lite,348,90,31320,19140
2026-02-03,INV-773196,MegaMart Corp,Low Stock Item,15,200,3000,1950
2026-02-03,INV-313917,MegaMart Corp,Low Stock Item,445,200,89000,57850
2026-02-03,INV-990880,Small Dealer 25,Gadget Lite,495,90,44550,27225
2026-02-03,INV-483401,BigBuy Distribution,Gadget Lite,443,90,39870,24365
2026-02-03,INV-543090,BigBuy Distribution,Premium Widget,317,150,47550,38040
2026-02-03,INV-952262,BigBuy Distribution,Standard Widget,116,80,9280,5800
2026-02-03,INV-470162,MegaMart Corp,Budget Widget,305,30,9150,5490
2026-02-03,INV-909153,MegaMart Corp,Premium Widget,298,150,44700,35760
2026-02-03,INV-967008,Small Dealer 2,Gadget Pro,36,250,9000,6300
2026-02-03,INV-594072,BigBuy Distribution,Premium Widget,489,150,73350,58680
2026-02-04,INV-262004,BigBuy Distribution,Budget Widget,207,30,6210,3726
2026-02-04,INV-507539,Small Dealer 9,Low Stock Item,13,200,2600,1690
2026-02-04,INV-290120,MegaMart Corp,Gadget Pro,480,250,120000,84000
2026-02-04,INV-855829,Small Dealer 26,Gadget Pro,77,250,19250,13475
2026-02-04,INV-720661,MegaMart Corp,Premium Widget,208,150,31200,24960
2026-02-04,INV-433448,Small Dealer 12,Premium Widget,229,150,34350,27480
2026-02-04,INV-223605,MegaMart Corp,Standard Widget,66,80,5280,3300
2026-02-04,INV-166555,MegaMart Corp,Gadget Lite,339,90,30510,18645
2026-02-04,INV-238160,MegaMart Corp,Gadget Pro,383,250,95750,67025
2026-02-04,INV-341195,Small Dealer 23,Gadget Pro,409,250,102250,71575
2026-02-04,INV-332418,Small Dealer 20,Gadget Lite,321,90,28890,17655
2026-02-04,INV-712071,MegaMart Corp,Budget Widget,192,30,5760,3456
2026-02-04,INV-709022,Small Dealer 17,Gadget Lite,263,90,23670,14465
2026-02-04,INV-926309,Small Dealer 5,Premium Widget,229,150,34350,27480
2026-02-04,INV-955631,MegaMart Corp,Gadget Lite,155,90,13950,8525
2026-02-04,INV-955070,Small Dealer 23,Low Stock Item,443,200,88600,57590
2026-02-04,INV-505697,MegaMart Corp,Low Stock Item,370,200,74000,48100
2026-02-04,INV-674171,BigBuy Distribution,Gadget Lite,217,90,19530,11935
2026-02-04,INV-460479,SuperStore Inc,Budget Widget,25,30,750,450
2026-02-04,INV-151331,MegaMart Corp,Standard Widget,396,80,31680,19800
2026-02-04,INV-822507,SuperStore Inc,Gadget Lite,62,90,5580,3410
2026-02-04,INV-367500,Small Dealer 25,Premium Widget,139,150,20850,16680
2026-02-04,INV-667400,Small Dealer 26,Declining Product,458,100,45800,29770
2026-02-05,INV-139993,BigBuy Distribution,Declining Product,141,100,14100,9165
2026-02-05,INV-386444,Small Dealer 18,Gadget Lite,130,90,11700,7150
2026-02-05,INV-693535,SuperStore Inc,Budget Widget,153,30,4590,2754
2026-02-05,INV-112116,Small Dealer 1,Gadget Lite,216,90,19440,11880
2026-02-05,INV-625863,BigBuy Distribution,Budget Widget,434,30,13020,7812
2026-02-05,INV-578919,MegaMart Corp,Gadget Pro,493,250,123250,86275
2026-02-05,INV-973558,BigBuy Distribution,Gadget Pro,289,250,72250,50575
2026-02-05,INV-370418,BigBuy Distribution,Premium Widget,259,150,38850,31080
2026-02-05,INV-250025,SuperStore Inc,Premium Widget,166,150,24900,19920
2026-02-05,INV-750429,Small Dealer 22,Premium Widget,158,150,23700,18960
2026-02-05,INV-431555,BigBuy Distribution,Declining Product,101,100,10100,6565
2026-02-05,INV-659576,Small Dealer 22,Gadget Lite,331,90,29790,18205
2026-02-05,INV-734199,SuperStore Inc,Gadget Lite,209,90,18810,11495
2026-02-05,INV-304735,BigBuy Distribution,Gadget Lite,186,90,16740,10230
2026-02-05,INV-619432,SuperStore Inc,Gadget Lite,156,90,14040,8580
2026-02-05,INV-643951,Small Dealer 22,Gadget Pro,202,250,50500,35350
2026-02-05,INV-819723,MegaMart Corp,Standard Widget,410,80,32800,20500
2026-02-05,INV-506936,BigBuy Distribution,Gadget Lite,238,90,21420,13090
2026-02-05,INV-383187,BigBuy Distribution,Low Stock Item,75,200,15000,9750
2026-02-05,INV-761993,Small Dealer 13,Low Stock Item,314,200,62800,40820
2026-02-05,INV-265047,SuperStore Inc,Budget Widget,203,30,6090,3654
2026-02-05,INV-146981,Small Dealer 24,Declining Product,161,100,16100,10465
2026-02-05,INV-621394,SuperStore Inc,Gadget Lite,488,90,43920,26840
2026-02-05,INV-254683,Small Dealer 7,Premium Widget,377,150,56550,45240
2026-02-05,INV-456728,SuperStore Inc,Standard Widget,113,80,9040,5650
2026-02-05,INV-646306,BigBuy Distribution,Declining Product,10,100,1000,650
2026-02-05,INV-423904,BigBuy Distribution,Gadget Lite,327,90,29430,17985
2026-02-06,INV-257494,MegaMart Corp,Budget Widget,405,30,12150,7290
2026-02-06,INV-338720,SuperStore Inc,Gadget Pro,469,250,117250,82075
2026-02-06,INV-224808,MegaMart Corp,Standard Widget,378,80,30240,18900
2026-02-06,INV-796130,BigBuy Distribution,Standard Widget,157,80,12560,7850
2026-02-06,INV-852697,MegaMart Corp,Standard Widget,381,80,30480,19050
2026-02-06,INV-254019,Small Dealer 1,Low Stock Item,53,200,10600,6890
2026-02-06,INV-370682,Small Dealer 19,Budget Widget,479,30,14370,8622
2026-02-06,INV-931342,Small Dealer 8,Gadget Pro,65,250,16250,11375
2026-02-06,INV-178753,Small Dealer 23,Gadget Pro,418,250,104500,73150
2026-02-06,INV-664394,MegaMart Corp,Gadget Lite,472,90,42480,25960
2026-02-06,INV-378123,Small Dealer 16,Low Stock Item,123,200,24600,15990
2026-02-06,INV-813989,Small Dealer 26,Gadget Lite,110,90,9900,6050
2026-02-06,INV-720485,Small Dealer 15,Gadget Lite,256,90,23040,14080
2026-02-06,INV-418491,Small Dealer 5,Gadget Pro,457,250,114250,79975
2026-02-06,INV-220331,MegaMart Corp,Premium Widget,485,150,72750,58200
2026-02-06,INV-197233,BigBuy Distribution,Standard Widget,126,80,10080,6300
2026-02-06,INV-814558,BigBuy Distribution,Low Stock Item,453,200,90600,58890
2026-02-06,INV-214346,Small Dealer 17,Premium Widget,267,150,40050,32040
2026-02-06,INV-694397,Small Dealer 2,Gadget Lite,358,90,32220,19690
2026-02-06,INV-460504,SuperStore Inc,Standard Widget,219,80,17520,10950
2026-02-06,INV-891486,Small Dealer 17,Gadget Lite,325,90,29250,17875
2026-02-06,INV-448647,Small Dealer 26,Standard Widget,357,80,28560,17850
2026-02-06,INV-463674,SuperStore Inc,Declining Product,407,100,40700,26455
2026-02-06,INV-836385,Small Dealer 14,Standard Widget,402,80,32160,20100
2026-02-06,INV-304914,BigBuy Distribution,Low Stock Item,83,200,16600,10790
2026-02-06,INV-256336,Small Dealer 16,Gadget Lite,330,90,29700,18150
2026-02-06,INV-234491,SuperStore Inc,Gadget Pro,105,250,26250,18375
2026-02-07,INV-588574,SuperStore Inc,Premium Widget,44,150,6600,5280
2026-02-07,INV-295628,Small Dealer 22,Low Stock Item,397,200,79400,51610
2026-02-07,INV-363995,SuperStore Inc,Premium Widget,137,150,20550,16440
2026-02-07,INV-652879,MegaMart Corp,Low Stock Item,386,200,77200,50180
2026-02-07,INV-374722,SuperStore Inc,Standard Widget,13,80,1040,650
2026-02-07,INV-666582,MegaMart Corp,Low Stock Item,75,200,15000,9750
2026-02-07,INV-841101,SuperStore Inc,Budget Widget,174,30,5220,3132
2026-02-07,INV-428629,Small Dealer 2,Gadget Pro,251,250,62750,43925
2026-02-07,INV-325599,BigBuy Distribution,Gadget Lite,430,90,38700,23650
2026-02-07,INV-733525,Small Dealer 13,Low Stock Item,194,200,38800,25220
2026-02-07,INV-843805,SuperStore Inc,Gadget Lite,394,90,35460,21670
2026-02-07,INV-786649,MegaMart Corp,Premium Widget,346,150,51900,41520
2026-02-07,INV-186192,SuperStore Inc,Gadget Pro,470,250,117500,82250
2026-02-07,INV-766443,SuperStore Inc,Standard Widget,11,80,880,550
2026-02-07,INV-185584,Small Dealer 1,Gadget Lite,208,90,18720,11440
2026-02-07,INV-719583,SuperStore Inc,Budget Widget,82,30,2460,1476
2026-02-07,INV-842210,Small Dealer 20,Declining Product,190,100,19000,12350
2026-02-07,INV-172485,SuperStore Inc,Standard Widget,119,80,9520,5950
2026-02-07,INV-201381,BigBuy Distribution,Gadget Lite,255,90,22950,14025
2026-02-07,INV-337797,Small Dealer 22,Gadget Lite,195,90,17550,10725
2026-02-07,INV-708833,MegaMart Corp,Budget Widget,412,30,12360,7416
2026-02-07,INV-982901,Small Dealer 6,Low Stock Item,231,200,46200,30030
2026-02-07,INV-886437,MegaMart Corp,Premium Widget,22,150,3300,2640
2026-02-07,INV-417240,MegaMart Corp,Gadget Lite,334,90,30060,18370
2026-02-07,INV-620444,SuperStore Inc,Low Stock Item,317,200,63400,41210
2026-02-07,INV-473235,BigBuy Distribution,Low Stock Item,368,200,73600,47840
2026-02-07,INV-978569,Small Dealer 17,Low Stock Item,57,200,11400,7410
2026-02-08,INV-845070,SuperStore Inc,Premium Widget,495,150,74250,59400
2026-02-08,INV-484152,Small Dealer 26,Standard Widget,69,80,5520,3450
2026-02-08,INV-233760,SuperStore Inc,Standard Widget,273,80,21840,13650
2026-02-08,INV-147223,SuperStore Inc,Low Stock Item,454,200,90800,59020
2026-02-08,INV-267958,Small Dealer 7,Standard Widget,70,80,5600,3500
2026-02-08,INV-437109,MegaMart Corp,Gadget Lite,318,90,28620,17490
2026-02-08,INV-867385,BigBuy Distribution,Premium Widget,169,150,25350,20280
2026-02-08,INV-936297,Small Dealer 24,Low Stock Item,121,200,24200,15730
2026-02-08,INV-594507,SuperStore Inc,Budget Widget,245,30,7350,4410
2026-02-08,INV-581341,Small Dealer 16,Budget Widget,13,30,390,234
2026-02-08,INV-113129,Small Dealer 25,Budget Widget,215,30,6450,3870
2026-02-08,INV-269926,SuperStore Inc,Declining Product,81,100,8100,5265
2026-02-08,INV-225982,Small Dealer 18,Gadget Lite,89,90,8010,4895
2026-02-08,INV-776351,Small Dealer 6,Gadget Lite,361,90,32490,19855
2026-02-08,INV-322850,MegaMart Corp,Low Stock Item,434,200,86800,56420
2026-02-08,INV-273049,Small Dealer 17,Declining Product,285,100,28500,18525
2026-02-08,INV-240156,SuperStore Inc,Gadget Lite,235,90,21150,12925
2026-02-08,INV-727779,BigBuy Distribution,Gadget Lite,120,90,10800,6600
2026-02-08,INV-917100,MegaMart Corp,Budget Widget,379,30,11370,6822
2026-02-08,INV-697604,BigBuy Distribution,Gadget Lite,230,90,20700,12650
2026-02-08,INV-469428,Small Dealer 2,Budget Widget,288,30,8640,5184
2026-02-08,INV-364633,Small Dealer 4,Standard Widget,113,80,9040,5650
2026-02-08,INV-646361,Small Dealer 9,Standard Widget,184,80,14720,9200
2026-02-08,INV-689741,Small Dealer 9,Low Stock Item,459,200,91800,59670
2026-02-08,INV-937117,BigBuy Distribution,Gadget Pro,168,250,42000,29400
2026-02-08,INV-290123,MegaMart Corp,Standard Widget,143,80,11440,7150
2026-02-08,INV-590400,SuperStore Inc,Gadget Pro,130,250,32500,22750
2026-02-08,INV-421839,MegaMart Corp,Declining Product,19,100,1900,1235
2026-02-08,INV-494542,BigBuy Distribution,Standard Widget,414,80,33120,20700
2026-02-08,INV-822780,BigBuy Distribution,Premium Widget,52,150,7800,6240
2026-02-08,INV-478986,SuperStore Inc,Low Stock Item,189,200,37800,24570
2026-02-08,INV-755804,Small Dealer 27,Low Stock Item,422,200,84400,54860
2026-02-08,INV-176809,Small Dealer 19,Budget Widget,95,30,2850,1710
2026-02-08,INV-306919,SuperStore Inc,Low Stock Item,396,200,79200,51480
2026-02-08,INV-530034,Small Dealer 7,Gadget Lite,446,90,40140,24530
2026-02-09,INV-620664,Small Dealer 13,Budget Widget,305,30,9150,5490
2026-02-09,INV-319781,SuperStore Inc,Budget Widget,300,30,9000,5400
2026-02-09,INV-369314,Small Dealer 10,Premium Widget,258,150,38700,30960
2026-02-09,INV-330748,Small Dealer 3,Low Stock Item,187,200,37400,24310
2026-02-09,INV-784046,Small Dealer 18,Premium Widget,290,150,43500,34800
2026-02-09,INV-924833,SuperStore Inc,Standard Widget,231,80,18480,11550
2026-02-09,INV-737330,MegaMart Corp,Standard Widget,112,80,8960,5600
2026-02-09,INV-990791,BigBuy Distribution,Gadget Lite,260,90,23400,14300
2026-02-09,INV-134768,SuperStore Inc,Gadget Lite,24,90,2160,1320
2026-02-09,INV-211424,MegaMart Corp,Standard Widget,322,80,25760,16100
2026-02-09,INV-396808,BigBuy Distribution,Premium Widget,167,150,25050,20040
2026-02-09,INV-748517,MegaMart Corp,Declining Product,265,100,26500,17225
2026-02-09,INV-733034,MegaMart Corp,Budget Widget,309,30,9270,5562
2026-02-09,INV-650056,MegaMart Corp,Gadget Lite,381,90,34290,20955
2026-02-10,INV-963307,SuperStore Inc,Gadget Lite,429,90,38610,23595
2026-02-10,INV-119449,SuperStore Inc,Gadget Pro,320,250,80000,56000
2026-02-10,INV-732067,BigBuy Distribution,Gadget Lite,347,90,31230,19085
2026-02-10,INV-604582,MegaMart Corp,Budget Widget,473,30,14190,8514
2026-02-10,INV-576252,BigBuy Distribution,Premium Widget,205,150,30750,24600
2026-02-10,INV-712403,SuperStore Inc,Standard Widget,28,80,2240,1400
2026-02-10,INV-290028,Small Dealer 4,Premium Widget,420,150,63000,50400
2026-02-10,INV-420395,Small Dealer 15,Standard Widget,231,80,18480,11550
2026-02-10,INV-633638,MegaMart Corp,Premium Widget,196,150,29400,23520
2026-02-10,INV-265917,Small Dealer 19,Low Stock Item,234,200,46800,30420
2026-02-10,INV-208588,Small Dealer 12,Low Stock Item,250,200,50000,32500
2026-02-10,INV-479492,Small Dealer 25,Gadget Pro,196,250,49000,34300
2026-02-10,INV-264580,Small Dealer 15,Low Stock Item,110,200,22000,14300
2026-02-10,INV-748624,SuperStore Inc,Budget Widget,357,30,10710,6426
2026-02-10,INV-315589,SuperStore Inc,Gadget Pro,265,250,66250,46375
2026-02-10,INV-991339,MegaMart Corp,Gadget Pro,438,250,109500,76650
2026-02-10,INV-771980,BigBuy Distribution,Gadget Pro,284,250,71000,49700
2026-02-10,INV-136630,Small Dealer 14,Gadget Lite,42,90,3780,2310
2026-02-10,INV-734336,Small Dealer 17,Budget Widget,354,30,10620,6372
2026-02-10,INV-602109,SuperStore Inc,Low Stock Item,203,200,40600,26390
2026-02-10,INV-407592,Small Dealer 27,Gadget Lite,312,90,28080,17160
2026-02-10,INV-530673,Small Dealer 23,Standard Widget,447,80,35760,22350
2026-02-10,INV-501267,SuperStore Inc,Premium Widget,96,150,14400,11520
2026-02-10,INV-544907,SuperStore Inc,Declining Product,346,100,34600,22490
2026-02-10,INV-723407,Small Dealer 25,Gadget Lite,189,90,17010,10395
2026-02-10,INV-643416,SuperStore Inc,Gadget Pro,181,250,45250,31675
2026-02-10,INV-564119,BigBuy Distribution,Gadget Pro,145,250,36250,25375
2026-02-10,INV-758880,Small Dealer 12,Budget Widget,441,30,13230,7938
2026-02-10,INV-564888,Small Dealer 8,Budget Widget,447,30,13410,8046
2026-02-10,INV-137831,Small Dealer 28,Budget Widget,341,30,10230,6138
2026-02-10,INV-912282,Small Dealer 5,Budget Widget,22,30,660,396
2026-02-10,INV-812220,BigBuy Distribution,Gadget Pro,149,250,37250,26075
2026-02-10,INV-430113,Small Dealer 17,Low Stock Item,213,200,42600,27690
2026-02-10,INV-448930,Small Dealer 21,Low Stock Item,142,200,28400,18460
2026-02-10,INV-393242,Small Dealer 8,Declining Product,188,100,18800,12220
2026-02-11,INV-650478,Small Dealer 2,Gadget Lite,256,90,23040,14080
2026-02-11,INV-308374,MegaMart Corp,Low Stock Item,120,200,24000,15600
2026-02-11,INV-526856,BigBuy Distribution,Premium Widget,136,150,20400,16320
2026-02-11,INV-144983,SuperStore Inc,Gadget Pro,278,250,69500,48650
2026-02-11,INV-130592,Small Dealer 9,Gadget Lite,409,90,36810,22495
2026-02-11,INV-941934,SuperStore Inc,Standard Widget,38,80,3040,1900
2026-02-11,INV-856768,Small Dealer 3,Budget Widget,10,30,300,180
2026-02-11,INV-840843,Small Dealer 7,Standard Widget,425,80,34000,21250
2026-02-11,INV-148118,MegaMart Corp,Budget Widget,62,30,1860,1116
2026-02-11,INV-478498,Small Dealer 29,Standard Widget,218,80,17440,10900
2026-02-11,INV-513734,MegaMart Corp,Budget Widget,483,30,14490,8694
2026-02-11,INV-139156,Small Dealer 26,Declining Product,391,100,39100,25415
2026-02-11,INV-843138,MegaMart Corp,Gadget Lite,37,90,3330,2035
2026-02-11,INV-955340,Small Dealer 19,Budget Widget,428,30,12840,7704
2026-02-11,INV-758804,MegaMart Corp,Premium Widget,101,150,15150,12120
2026-02-11,INV-815193,MegaMart Corp,Declining Product,66,100,6600,4290
2026-02-11,INV-413555,Small Dealer 11,Premium Widget,210,150,31500,25200
2026-02-11,INV-583900,Small Dealer 9,Low Stock Item,461,200,92200,59930
2026-02-11,INV-122783,MegaMart Corp,Gadget Lite,437,90,39330,24035
2026-02-11,INV-437045,SuperStore Inc,Budget Widget,120,30,3600,2160
2026-02-11,INV-840100,BigBuy Distribution,Budget Widget,148,30,4440,2664
2026-02-12,INV-457977,BigBuy Distribution,Standard Widget,447,80,35760,22350
2026-02-12,INV-905866,SuperStore Inc,Gadget Pro,397,250,99250,69475
2026-02-12,INV-653498,Small Dealer 1,Gadget Pro,216,250,54000,37800
2026-02-12,INV-163399,SuperStore Inc,Gadget Lite,250,90,22500,13750
2026-02-12,INV-833581,BigBuy Distribution,Gadget Lite,478,90,43020,26290
2026-02-12,INV-291190,MegaMart Corp,Standard Widget,317,80,25360,15850
2026-02-12,INV-329031,BigBuy Distribution,Declining Product,451,100,45100,29315
2026-02-12,INV-584149,MegaMart Corp,Standard Widget,261,80,20880,13050
2026-02-12,INV-646221,BigBuy Distribution,Gadget Pro,311,250,77750,54425
2026-02-12,INV-872191,Small Dealer 22,Premium Widget,368,150,55200,44160
2026-02-12,INV-827107,MegaMart Corp,Budget Widget,479,30,14370,8622
2026-02-12,INV-524109,Small Dealer 21,Gadget Lite,395,90,35550,21725
2026-02-12,INV-131417,Small Dealer 12,Premium Widget,463,150,69450,55560
2026-02-12,INV-137552,Small Dealer 9,Premium Widget,263,150,39450,31560
2026-02-12,INV-663968,Small Dealer 17,Standard Widget,399,80,31920,19950
2026-02-12,INV-339073,MegaMart Corp,Gadget Lite,15,90,1350,825
2026-02-12,INV-823622,Small Dealer 11,Gadget Pro,155,250,38750,27125
2026-02-12,INV-375062,Small Dealer 28,Budget Widget,459,30,13770,8262
2026-02-12,INV-160561,SuperStore Inc,Standard Widget,273,80,21840,13650
2026-02-12,INV-573627,MegaMart Corp,Premium Widget,453,150,67950,54360
2026-02-12,INV-795436,BigBuy Distribution,Standard Widget,415,80,33200,20750
2026-02-12,INV-875272,Small Dealer 26,Budget Widget,135,30,4050,2430
2026-02-12,INV-882355,Small Dealer 14,Declining Product,176,100,17600,11440
2026-02-12,INV-143669,SuperStore Inc,Budget Widget,146,30,4380,2628
2026-02-12,INV-430774,BigBuy Distribution,Low Stock Item,471,200,94200,61230
2026-02-12,INV-309613,Small Dealer 19,Standard Widget,22,80,1760,1100
2026-02-12,INV-756758,Small Dealer 21,Premium Widget,246,150,36900,29520
2026-02-12,INV-847892,Small Dealer 14,Premium Widget,442,150,66300,53040
2026-02-12,INV-266674,Small Dealer 4,Gadget Pro,195,250,48750,34125
2026-02-12,INV-236659,BigBuy Distribution,Premium Widget,470,150,70500,56400
2026-02-12,INV-521742,BigBuy Distribution,Gadget Pro,328,250,82000,57400
2026-02-12,INV-962475,MegaMart Corp,Premium Widget,317,150,47550,38040
2026-02-12,INV-518959,Small Dealer 8,Budget Widget,445,30,13350,8010
2026-02-12,INV-561548,MegaMart Corp,Standard Widget,25,80,2000,1250
2026-02-13,INV-388545,MegaMart Corp,Gadget Lite,190,90,17100,10450
2026-02-13,INV-288744,Small Dealer 27,Premium Widget,421,150,63150,50520
2026-02-13,INV-223181,Small Dealer 7,Standard Widget,23,80,1840,1150
2026-02-13,INV-325445,BigBuy Distribution,Low Stock Item,192,200,38400,24960
2026-02-13,INV-406400,SuperStore Inc,Premium Widget,21,150,3150,2520
2026-02-13,INV-657527,MegaMart Corp,Gadget Pro,495,250,123750,86625
2026-02-13,INV-995823,MegaMart Corp,Gadget Lite,364,90,32760,20020
2026-02-13,INV-158160,BigBuy Distribution,Standard Widget,423,80,33840,21150
2026-02-13,INV-134112,MegaMart Corp,Gadget Lite,364,90,32760,20020
2026-02-13,INV-656465,MegaMart Corp,Budget Widget,162,30,4860,2916
2026-02-13,INV-641280,SuperStore Inc,Standard Widget,478,80,38240,23900
2026-02-13,INV-314510,SuperStore Inc,Low Stock Item,238,200,47600,30940
2026-02-13,INV-384054,BigBuy Distribution,Gadget Pro,86,250,21500,15050
2026-02-13,INV-443321,Small Dealer 11,Gadget Pro,358,250,89500,62650
2026-02-13,INV-188757,MegaMart Corp,Budget Widget,449,30,13470,8082
2026-02-13,INV-811449,SuperStore Inc,Standard Widget,450,80,36000,22500
2026-02-13,INV-557798,BigBuy Distribution,Gadget Lite,80,90,7200,4400
2026-02-13,INV-472282,Small Dealer 28,Standard Widget,310,80,24800,15500
2026-02-13,INV-293636,Small Dealer 4,Low Stock Item,185,200,37000,24050
2026-02-13,INV-818862,Small Dealer 12,Gadget Pro,249,250,62250,43575
2026-02-13,INV-793510,BigBuy Distribution,Gadget Lite,279,90,25110,15345
2026-02-13,INV-143011,Small Dealer 11,Budget Widget,312,30,9360,5616
2026-02-13,INV-543780,BigBuy Distribution,Premium Widget,304,150,45600,36480
2026-02-13,INV-444294,Small Dealer 28,Gadget Lite,327,90,29430,17985
2026-02-13,INV-575511,Small Dealer 9,Gadget Pro,266,250,66500,46550
2026-02-13,INV-115616,BigBuy Distribution,Gadget Lite,183,90,16470,10065
2026-02-13,INV-681337,Small Dealer 25,Budget Widget,272,30,8160,4896
2026-02-13,INV-847631,BigBuy Distribution,Premium Widget,463,150,69450,55560
2026-02-13,INV-699899,Small Dealer 24,Premium Widget,271,150,40650,32520
2026-02-14,INV-348855,Small Dealer 10,Declining Product,31,100,3100,2015
2026-02-14,INV-724594,Small Dealer 1,Declining Product,221,100,22100,14365
2026-02-14,INV-730544,Small Dealer 12,Gadget Lite,190,90,17100,10450
2026-02-14,INV-448799,Small Dealer 25,Standard Widget,198,80,15840,9900
2026-02-14,INV-632455,MegaMart Corp,Gadget Lite,41,90,3690,2255
2026-02-14,INV-568332,Small Dealer 5,Gadget Pro,88,250,22000,15400
2026-02-14,INV-904927,SuperStore Inc,Budget Widget,238,30,7140,4284
2026-02-14,INV-490179,Small Dealer 21,Declining Product,149,100,14900,9685
2026-02-14,INV-842433,MegaMart Corp,Budget Widget,155,30,4650,2790
2026-02-14,INV-255592,MegaMart Corp,Low Stock Item,239,200,47800,31070
2026-02-14,INV-950835,Small Dealer 24,Low Stock Item,425,200,85000,55250
2026-02-14,INV-447009,MegaMart Corp,Gadget Pro,155,250,38750,27125
2026-02-14,INV-972549,Small Dealer 20,Budget Widget,290,30,8700,5220
2026-02-15,INV-210648,BigBuy Distribution,Gadget Lite,467,90,42030,25685
2026-02-15,INV-691019,MegaMart Corp,Standard Widget,357,80,28560,17850
2026-02-15,INV-612312,SuperStore Inc,Gadget Pro,442,250,110500,77350
2026-02-15,INV-331732,SuperStore Inc,Budget Widget,310,30,9300,5580
2026-02-15,INV-572281,MegaMart Corp,Standard Widget,407,80,32560,20350
2026-02-15,INV-929669,SuperStore Inc,Low Stock Item,385,200,77000,50050
2026-02-15,INV-262387,SuperStore Inc,Premium Widget,410,150,61500,49200
2026-02-15,INV-165802,SuperStore Inc,Standard Widget,422,80,33760,21100
2026-02-15,INV-218673,Small Dealer 27,Budget Widget,495,30,14850,8910
2026-02-15,INV-620551,Small Dealer 7,Budget Widget,62,30,1860,1116
2026-02-15,INV-158596,Small Dealer 21,Gadget Lite,35,90,3150,1925
2026-02-15,INV-352349,SuperStore Inc,Budget Widget,294,30,8820,5292
2026-02-15,INV-452543,Small Dealer 12,Budget Widget,328,30,9840,5904
2026-02-15,INV-229002,Small Dealer 12,Declining Product,500,100,50000,32500
2026-02-15,INV-313424,BigBuy Distribution,Gadget Pro,119,250,29750,20825
2026-02-15,INV-901415,BigBuy Distribution,Declining Product,450,100,45000,29250
2026-02-15,INV-960222,BigBuy Distribution,Premium Widget,296,150,44400,35520
2026-02-16,INV-879949,MegaMart Corp,Budget Widget,421,30,12630,7578
2026-02-16,INV-896007,MegaMart Corp,Low Stock Item,223,200,44600,28990
2026-02-16,INV-596657,Small Dealer 10,Standard Widget,50,80,4000,2500
2026-02-16,INV-686316,SuperStore Inc,Gadget Pro,251,250,62750,43925
2026-02-16,INV-853084,MegaMart Corp,Premium Widget,330,150,49500,39600
2026-02-16,INV-509960,BigBuy Distribution,Standard Widget,124,80,9920,6200
2026-02-16,INV-745988,MegaMart Corp,Gadget Lite,490,90,44100,26950
2026-02-16,INV-800689,Small Dealer 8,Gadget Lite,45,90,4050,2475
2026-02-16,INV-642798,Small Dealer 2,Low Stock Item,304,200,60800,39520
2026-02-16,INV-812210,Small Dealer 18,Budget Widget,340,30,10200,6120
2026-02-16,INV-489866,MegaMart Corp,Premium Widget,198,150,29700,23760
2026-02-16,INV-182081,Small Dealer 18,Standard Widget,315,80,25200,15750
2026-02-16,INV-281625,SuperStore Inc,Gadget Lite,114,90,10260,6270
2026-02-16,INV-134580,SuperStore Inc,Budget Widget,34,30,1020,612
2026-02-16,INV-869201,MegaMart Corp,Gadget Pro,357,250,89250,62475
2026-02-16,INV-354797,MegaMart Corp,Low Stock Item,231,200,46200,30030
2026-02-16,INV-102557,MegaMart Corp,Standard Widget,475,80,38000,23750
2026-02-16,INV-687743,Small Dealer 29,Standard Widget,288,80,23040,14400
2026-02-16,INV-786694,BigBuy Distribution,Standard Widget,493,80,39440,24650
2026-02-16,INV-744809,Small Dealer 3,Low Stock Item,282,200,56400,36660
2026-02-16,INV-571643,SuperStore Inc,Budget Widget,497,30,14910,8946
2026-02-16,INV-553275,SuperStore Inc,Gadget Lite,241,90,21690,13255
2026-02-16,INV-984288,BigBuy Distribution,Budget Widget,460,30,13800,8280
2026-02-16,INV-343883,Small Dealer 24,Premium Widget,288,150,43200,34560
2026-02-16,INV-408224,BigBuy Distribution,Premium Widget,105,150,15750,12600
2026-02-16,INV-421864,BigBuy Distribution,Gadget Lite,221,90,19890,12155
2026-02-16,INV-779733,MegaMart Corp,Budget Widget,247,30,7410,4446
2026-02-16,INV-898622,BigBuy Distribution,Gadget Lite,95,90,8550,5225
2026-02-16,INV-197438,BigBuy Distribution,Budget Widget,275,30,8250,4950
2026-02-16,INV-276962,Small Dealer 9,Low Stock Item,300,200,60000,39000
2026-02-16,INV-369739,BigBuy Distribution,Declining Product,166,100,16600,10790
2026-02-16,INV-696678,BigBuy Distribution,Standard Widget,416,80,33280,20800
2026-02-17,INV-442922,Small Dealer 8,Premium Widget,424,150,63600,50880
2026-02-17,INV-260008,BigBuy Distribution,Budget Widget,15,30,450,270
2026-02-17,INV-988029,BigBuy Distribution,Gadget Lite,15,90,1350,825
2026-02-17,INV-381300,BigBuy Distribution,Gadget Lite,202,90,18180,11110
2026-02-17,INV-227648,Small Dealer 26,Low Stock Item,42,200,8400,5460
2026-02-17,INV-245862,Small Dealer 18,Standard Widget,439,80,35120,21950
2026-02-17,INV-909617,MegaMart Corp,Standard Widget,350,80,28000,17500
2026-02-17,INV-502347,BigBuy Distribution,Standard Widget,146,80,11680,7300
2026-02-17,INV-155000,MegaMart Corp,Standard Widget,472,80,37760,23600
2026-02-17,INV-841345,MegaMart Corp,Standard Widget,258,80,20640,12900
2026-02-17,INV-808302,SuperStore Inc,Premium Widget,208,150,31200,24960
2026-02-17,INV-615836,Small Dealer 7,Low Stock Item,221,200,44200,28730
2026-02-17,INV-619855,Small Dealer 23,Low Stock Item,177,200,35400,23010
2026-02-17,INV-445718,MegaMart Corp,Budget Widget,413,30,12390,7434
2026-02-17,INV-441365,SuperStore Inc,Gadget Pro,419,250,104750,73325
2026-02-17,INV-783384,Small Dealer 15,Gadget Pro,214,250,53500,37450
2026-02-17,INV-940058,Small Dealer 26,Budget Widget,432,30,12960,7776
2026-02-17,INV-102232,SuperStore Inc,Low Stock Item,356,200,71200,46280
2026-02-17,INV-991006,SuperStore Inc,Budget Widget,44,30,1320,792
2026-02-17,INV-602244,Small Dealer 13,Gadget Pro,393,250,98250,68775
2026-02-17,INV-730880,Small Dealer 9,Gadget Pro,140,250,35000,24500
2026-02-17,INV-589571,SuperStore Inc,Standard Widget,94,80,7520,4700
2026-02-17,INV-555494,SuperStore Inc,Premium Widget,140,150,21000,16800
2026-02-17,INV-286197,SuperStore Inc,Gadget Lite,139,90,12510,7645
2026-02-17,INV-818272,SuperStore Inc,Standard Widget,54,80,4320,2700
2026-02-17,INV-850108,SuperStore Inc,Budget Widget,243,30,7290,4374
2026-02-17,INV-361682,SuperStore Inc,Standard Widget,35,80,2800,1750
2026-02-18,INV-653313,BigBuy Distribution,Premium Widget,302,150,45300,36240
2026-02-18,INV-456863,BigBuy Distribution,Premium Widget,421,150,63150,50520
2026-02-18,INV-334669,BigBuy Distribution,Premium Widget,130,150,19500,15600
2026-02-18,INV-669820,BigBuy Distribution,Budget Widget,35,30,1050,630
2026-02-18,INV-294646,SuperStore Inc,Standard Widget,477,80,38160,23850
2026-02-18,INV-598905,Small Dealer 23,Low Stock Item,266,200,53200,34580
2026-02-18,INV-295210,Small Dealer 14,Gadget Pro,114,250,28500,19950
2026-02-18,INV-851477,Small Dealer 22,Low Stock Item,364,200,72800,47320
2026-02-18,INV-314386,SuperStore Inc,Standard Widget,116,80,9280,5800
2026-02-18,INV-181181,Small Dealer 26,Low Stock Item,325,200,65000,42250
2026-02-18,INV-481294,Small Dealer 16,Premium Widget,29,150,4350,3480
2026-02-18,INV-380254,BigBuy Distribution,Premium Widget,280,150,42000,33600
2026-02-18,INV-409824,BigBuy Distribution,Gadget Lite,436,90,39240,23980
2026-02-18,INV-727675,SuperStore Inc,Budget Widget,326,30,9780,5868
2026-02-18,INV-200330,BigBuy Distribution,Low Stock Item,229,200,45800,29770
2026-02-18,INV-431905,Small Dealer 26,Budget Widget,120,30,3600,2160
2026-02-18,INV-146920,Small Dealer 17,Gadget Lite,109,90,9810,5995
2026-02-18,INV-602409,MegaMart Corp,Gadget Pro,257,250,64250,44975
2026-02-19,INV-331552,Small Dealer 24,Budget Widget,73,30,2190,1314
2026-02-19,INV-887659,MegaMart Corp,Premium Widget,314,150,47100,37680
2026-02-19,INV-676464,MegaMart Corp,Premium Widget,215,150,32250,25800
2026-02-19,INV-310938,SuperStore Inc,Budget Widget,421,30,12630,7578
2026-02-19,INV-350826,Small Dealer 4,Budget Widget,238,30,7140,4284
2026-02-19,INV-357770,Small Dealer 5,Premium Widget,155,150,23250,18600
2026-02-19,INV-311022,MegaMart Corp,Standard Widget,123,80,9840,6150
2026-02-19,INV-634975,SuperStore Inc,Budget Widget,183,30,5490,3294
2026-02-19,INV-441692,MegaMart Corp,Budget Widget,242,30,7260,4356
2026-02-19,INV-524864,MegaMart Corp,Gadget Pro,133,250,33250,23275
2026-02-19,INV-250967,SuperStore Inc,Gadget Pro,39,250,9750,6825
2026-02-19,INV-108077,SuperStore Inc,Premium Widget,13,150,1950,1560
2026-02-19,INV-982879,Small Dealer 12,Gadget Pro,442,250,110500,77350
2026-02-19,INV-143693,Small Dealer 14,Low Stock Item,259,200,51800,33670
2026-02-19,INV-179707,MegaMart Corp,Budget Widget,246,30,7380,4428
2026-02-19,INV-647933,Small Dealer 6,Premium Widget,367,150,55050,44040
2026-02-19,INV-312451,SuperStore Inc,Declining Product,316,100,31600,20540
2026-02-19,INV-934394,Small Dealer 8,Budget Widget,419,30,12570,7542
2026-02-19,INV-342584,MegaMart Corp,Gadget Lite,366,90,32940,20130
2026-02-19,INV-395568,SuperStore Inc,Budget Widget,281,30,8430,5058
2026-02-19,INV-538937,Small Dealer 23,Budget Widget,51,30,1530,918
2026-02-19,INV-338238,MegaMart Corp,Gadget Pro,280,250,70000,49000
2026-02-19,INV-816601,SuperStore Inc,Standard Widget,212,80,16960,10600
2026-02-19,INV-450568,BigBuy Distribution,Low Stock Item,411,200,82200,53430
2026-02-19,INV-215730,BigBuy Distribution,Budget Widget,388,30,11640,6984
2026-02-19,INV-419382,MegaMart Corp,Gadget Pro,27,250,6750,4725
2026-02-19,INV-844588,BigBuy Distribution,Premium Widget,175,150,26250,21000
2026-02-19,INV-431415,BigBuy Distribution,Premium Widget,408,150,61200,48960
2026-02-19,INV-398249,BigBuy Distribution,Standard Widget,107,80,8560,5350
2026-02-20,INV-536886,Small Dealer 24,Standard Widget,124,80,9920,6200
2026-02-20,INV-605407,MegaMart Corp,Premium Widget,171,150,25650,20520
2026-02-20,INV-302907,Small Dealer 12,Gadget Pro,164,250,41000,28700
2026-02-20,INV-959446,MegaMart Corp,Premium Widget,305,150,45750,36600
2026-02-20,INV-908524,SuperStore Inc,Premium Widget,217,150,32550,26040
2026-02-20,INV-770865,Small Dealer 8,Declining Product,26,100,2600,1690
2026-02-20,INV-111244,MegaMart Corp,Gadget Lite,246,90,22140,13530
2026-02-20,INV-164474,Small Dealer 24,Budget Widget,235,30,7050,4230
2026-02-20,INV-834077,MegaMart Corp,Budget Widget,370,30,11100,6660
2026-02-20,INV-812991,Small Dealer 6,Low Stock Item,470,200,94000,61100
2026-02-20,INV-758071,Small Dealer 8,Gadget Lite,118,90,10620,6490
2026-02-20,INV-654891,BigBuy Distribution,Budget Widget,204,30,6120,3672
2026-02-20,INV-493190,SuperStore Inc,Low Stock Item,237,200,47400,30810
2026-02-20,INV-875418,BigBuy Distribution,Premium Widget,262,150,39300,31440
2026-02-20,INV-350588,BigBuy Distribution,Gadget Lite,298,90,26820,16390
2026-02-20,INV-818936,BigBuy Distribution,Premium Widget,39,150,5850,4680
2026-02-20,INV-188040,SuperStore Inc,Gadget Lite,311,90,27990,17105
2026-02-20,INV-298395,Small Dealer 20,Gadget Lite,290,90,26100,15950
2026-02-20,INV-717462,BigBuy Distribution,Premium Widget,259,150,38850,31080
2026-02-20,INV-623834,SuperStore Inc,Budget Widget,339,30,10170,6102
2026-02-20,INV-370218,BigBuy Distribution,Gadget Pro,428,250,107000,74900
2026-02-21,INV-852222,SuperStore Inc,Budget Widget,370,30,11100,6660
2026-02-21,INV-968257,Small Dealer 10,Gadget Lite,191,90,17190,10505
2026-02-21,INV-312474,BigBuy Distribution,Budget Widget,302,30,9060,5436
2026-02-21,INV-107032,SuperStore Inc,Gadget Lite,198,90,17820,10890
2026-02-21,INV-112949,SuperStore Inc,Standard Widget,455,80,36400,22750
2026-02-21,INV-254355,BigBuy Distribution,Budget Widget,227,30,6810,4086
2026-02-21,INV-216034,Small Dealer 24,Standard Widget,240,80,19200,12000
2026-02-21,INV-925896,BigBuy Distribution,Gadget Pro,206,250,51500,36050
2026-02-21,INV-557294,Small Dealer 3,Premium Widget,297,150,44550,35640
2026-02-21,INV-127671,MegaMart Corp,Gadget Pro,70,250,17500,12250
2026-02-21,INV-557184,Small Dealer 29,Gadget Lite,122,90,10980,6710
2026-02-21,INV-718206,Small Dealer 19,Gadget Pro,44,250,11000,7700
2026-02-21,INV-682743,BigBuy Distribution,Premium Widget,427,150,64050,51240
2026-02-21,INV-305840,SuperStore Inc,Premium Widget,35,150,5250,4200
2026-02-21,INV-799160,Small Dealer 16,Gadget Pro,217,250,54250,37975
2026-02-21,INV-985007,MegaMart Corp,Budget Widget,485,30,14550,8730
2026-02-21,INV-584266,Small Dealer 22,Gadget Pro,278,250,69500,48650
2026-02-21,INV-923021,SuperStore Inc,Gadget Lite,263,90,23670,14465
2026-02-21,INV-586692,SuperStore Inc,Gadget Pro,311,250,77750,54425
2026-02-21,INV-205441,SuperStore Inc,Low Stock Item,76,200,15200,9880
2026-02-21,INV-870964,SuperStore Inc,Declining Product,405,100,40500,26325
2026-02-21,INV-129539,SuperStore Inc,Budget Widget,232,30,6960,4176
2026-02-21,INV-433378,Small Dealer 15,Standard Widget,335,80,26800,16750
2026-02-21,INV-819162,Small Dealer 12,Declining Product,298,100,29800,19370
2026-02-21,INV-256548,BigBuy Distribution,Gadget Lite,95,90,8550,5225
2026-02-21,INV-520760,MegaMart Corp,Standard Widget,198,80,15840,9900
2026-02-21,INV-874402,BigBuy Distribution,Gadget Lite,301,90,27090,16555
2026-02-21,INV-656423,Small Dealer 26,Budget Widget,384,30,11520,6912
2026-02-21,INV-147064,Small Dealer 20,Standard Widget,190,80,15200,9500
2026-02-21,INV-589659,SuperStore Inc,Premium Widget,227,150,34050,27240
2026-02-21,INV-650440,Small Dealer 29,Gadget Lite,379,90,34110,20845
2026-02-22,INV-226508,MegaMart Corp,Budget Widget,287,30,8610,5166
2026-02-22,INV-862250,BigBuy Distribution,Premium Widget,260,150,39000,31200
2026-02-22,INV-623371,BigBuy Distribution,Declining Product,154,100,15400,10010
2026-02-22,INV-744055,MegaMart Corp,Budget Widget,452,30,13560,8136
2026-02-22,INV-449272,Small Dealer 22,Gadget Pro,493,250,123250,86275
2026-02-22,INV-346621,Small Dealer 10,Standard Widget,284,80,22720,14200
2026-02-22,INV-592490,BigBuy Distribution,Low Stock Item,312,200,62400,40560
2026-02-22,INV-910571,Small Dealer 6,Budget Widget,84,30,2520,1512
2026-02-22,INV-164573,MegaMart Corp,Low Stock Item,112,200,22400,14560
2026-02-22,INV-771520,Small Dealer 29,Budget Widget,228,30,6840,4104
2026-02-22,INV-705375,MegaMart Corp,Declining Product,67,100,6700,4355
2026-02-22,INV-298337,SuperStore Inc,Low Stock Item,304,200,60800,39520
2026-02-22,INV-323228,MegaMart Corp,Gadget Pro,29,250,7250,5075
2026-02-22,INV-601628,MegaMart Corp,Gadget Lite,294,90,26460,16170
2026-02-22,INV-512420,MegaMart Corp,Budget Widget,338,30,10140,6084
2026-02-22,INV-858852,BigBuy Distribution,Gadget Lite,387,90,34830,21285
2026-02-22,INV-445426,Small Dealer 12,Standard Widget,130,80,10400,6500
2026-02-22,INV-242345,Small Dealer 6,Declining Product,37,100,3700,2405
2026-02-22,INV-614808,SuperStore Inc,Gadget Lite,291,90,26190,16005
2026-02-22,INV-295346,BigBuy Distribution,Premium Widget,68,150,10200,8160
2026-02-22,INV-796729,SuperStore Inc,Low Stock Item,447,200,89400,58110
2026-02-22,INV-228157,SuperStore Inc,Gadget Pro,198,250,49500,34650
2026-02-22,INV-233729,BigBuy Distribution,Standard Widget,419,80,33520,20950
2026-02-23,INV-552462,MegaMart Corp,Declining Product,271,100,27100,17615
2026-02-23,INV-695232,MegaMart Corp,Gadget Lite,135,90,12150,7425
2026-02-23,INV-984990,Small Dealer 22,Gadget Pro,425,250,106250,74375
2026-02-23,INV-431628,BigBuy Distribution,Gadget Pro,38,250,9500,6650
2026-02-23,INV-618991,SuperStore Inc,Gadget Pro,348,250,87000,60900
2026-02-23,INV-182709,Small Dealer 25,Gadget Lite,298,90,26820,16390
2026-02-23,INV-231637,MegaMart Corp,Premium Widget,478,150,71700,57360
2026-02-23,INV-434773,Small Dealer 7,Budget Widget,338,30,10140,6084
2026-02-23,INV-829460,MegaMart Corp,Low Stock Item,483,200,96600,62790
2026-02-23,INV-468803,BigBuy Distribution,Budget Widget,263,30,7890,4734
2026-02-23,INV-581744,BigBuy Distribution,Standard Widget,470,80,37600,23500
2026-02-23,INV-136322,BigBuy Distribution,Budget Widget,273,30,8190,4914
2026-02-23,INV-537995,Small Dealer 15,Gadget Pro,190,250,47500,33250
2026-02-24,INV-704627,Small Dealer 9,Standard Widget,112,80,8960,5600
2026-02-24,INV-582986,BigBuy Distribution,Declining Product,414,100,41400,26910
2026-02-24,INV-430745,Small Dealer 26,Low Stock Item,284,200,56800,36920
2026-02-24,INV-385502,SuperStore Inc,Low Stock Item,398,200,79600,51740
2026-02-24,INV-385827,BigBuy Distribution,Gadget Pro,478,250,119500,83650
2026-02-24,INV-851675,MegaMart Corp,Premium Widget,412,150,61800,49440
2026-02-24,INV-610430,SuperStore Inc,Standard Widget,449,80,35920,22450
2026-02-24,INV-257552,SuperStore Inc,Gadget Lite,309,90,27810,16995
2026-02-24,INV-650053,MegaMart Corp,Premium Widget,445,150,66750,53400
2026-02-24,INV-771481,Small Dealer 17,Low Stock Item,459,200,91800,59670
2026-02-24,INV-219143,BigBuy Distribution,Low Stock Item,338,200,67600,43940
2026-02-24,INV-758145,MegaMart Corp,Gadget Lite,443,90,39870,24365
2026-02-24,INV-320344,SuperStore Inc,Declining Product,174,100,17400,11310
2026-02-24,INV-205639,BigBuy Distribution,Gadget Pro,49,250,12250,8575
2026-02-25,INV-297816,SuperStore Inc,Premium Widget,447,150,67050,53640
2026-02-25,INV-820493,SuperStore Inc,Budget Widget,440,30,13200,7920
2026-02-25,INV-450563,MegaMart Corp,Budget Widget,436,30,13080,7848
2026-02-25,INV-286508,Small Dealer 10,Declining Product,11,100,1100,715
2026-02-25,INV-843491,Small Dealer 27,Standard Widget,184,80,14720,9200
2026-02-25,INV-829564,SuperStore Inc,Low Stock Item,373,200,74600,48490
2026-02-25,INV-398310,BigBuy Distribution,Standard Widget,301,80,24080,15050
2026-02-25,INV-358075,MegaMart Corp,Gadget Lite,237,90,21330,13035
2026-02-25,INV-501630,Small Dealer 8,Budget Widget,207,30,6210,3726
2026-02-25,INV-457062,Small Dealer 26,Low Stock Item,484,200,96800,62920
2026-02-25,INV-794148,Small Dealer 9,Declining Product,379,100,37900,24635
2026-02-26,INV-994679,MegaMart Corp,Low Stock Item,279,200,55800,36270
2026-02-26,INV-873995,SuperStore Inc,Gadget Pro,400,250,100000,70000
2026-02-26,INV-278737,MegaMart Corp,Premium Widget,477,150,71550,57240
2026-02-26,INV-454370,BigBuy Distribution,Premium Widget,259,150,38850,31080
2026-02-26,INV-736876,SuperStore Inc,Low Stock Item,31,200,6200,4030
2026-02-26,INV-190066,SuperStore Inc,Gadget Pro,434,250,108500,75950
2026-02-26,INV-301059,SuperStore Inc,Budget Widget,72,30,2160,1296
2026-02-26,INV-457086,Small Dealer 1,Standard Widget,275,80,22000,13750
2026-02-27,INV-552035,MegaMart Corp,Budget Widget,473,30,14190,8514
2026-02-27,INV-222235,Small Dealer 29,Budget Widget,292,30,8760,5256
2026-02-27,INV-491339,BigBuy Distribution,Premium Widget,351,150,52650,42120
2026-02-27,INV-162436,Small Dealer 18,Standard Widget,299,80,23920,14950
2026-02-27,INV-418785,Small Dealer 6,Gadget Pro,421,250,105250,73675
2026-02-27,INV-713308,MegaMart Corp,Premium Widget,426,150,63900,51120
2026-02-27,INV-782004,Small Dealer 21,Gadget Pro,62,250,15500,10850
2026-02-27,INV-737119,BigBuy Distribution,Low Stock Item,476,200,95200,61880
2026-02-27,INV-398051,MegaMart Corp,Budget Widget,66,30,1980,1188
2026-02-27,INV-638160,MegaMart Corp,Standard Widget,427,80,34160,21350
2026-02-27,INV-705286,Small Dealer 23,Gadget Pro,213,250,53250,37275
2026-02-27,INV-996239,BigBuy Distribution,Premium Widget,155,150,23250,18600
2026-02-27,INV-226569,SuperStore Inc,Standard Widget,12,80,960,600
2026-02-27,INV-213322,Small Dealer 27,Gadget Pro,25,250,6250,4375
2026-02-27,INV-749361,MegaMart Corp,Standard Widget,36,80,2880,1800
2026-02-27,INV-422147,Small Dealer 21,Budget Widget,369,30,11070,6642
2026-02-27,INV-509997,BigBuy Distribution,Low Stock Item,276,200,55200,35880
2026-02-27,INV-177702,BigBuy Distribution,Budget Widget,288,30,8640,5184
2026-02-27,INV-504315,Small Dealer 4,Standard Widget,348,80,27840,17400
2026-02-27,INV-736140,BigBuy Distribution,Budget Widget,496,30,14880,8928
2026-02-27,INV-386377,Small Dealer 14,Budget Widget,499,30,14970,8982
2026-02-27,INV-428576,Small Dealer 19,Premium Widget,475,150,71250,57000
2026-02-27,INV-686936,MegaMart Corp,Gadget Pro,68,250,17000,11900
2026-02-27,INV-299950,Small Dealer 29,Premium Widget,60,150,9000,7200
2026-02-27,INV-207312,SuperStore Inc,Standard Widget,121,80,9680,6050
2026-02-27,INV-347277,BigBuy Distribution,Gadget Lite,97,90,8730,5335
2026-02-27,INV-850010,BigBuy Distribution,Budget Widget,488,30,14640,8784
2026-02-27,INV-861819,Small Dealer 24,Standard Widget,85,80,6800,4250
2026-02-27,INV-918265,MegaMart Corp,Gadget Pro,134,250,33500,23450
2026-02-27,INV-975595,MegaMart Corp,Budget Widget,136,30,4080,2448
2026-02-27,INV-353484,Small Dealer 29,Budget Widget,91,30,2730,1638
2026-02-27,INV-953061,SuperStore Inc,Gadget Lite,30,90,2700,1650
2026-02-27,INV-910295,SuperStore Inc,Premium Widget,169,150,25350,20280
2026-02-27,INV-765301,BigBuy Distribution,Standard Widget,343,80,27440,17150
2026-02-27,INV-661263,Small Dealer 22,Low Stock Item,394,200,78800,51220
2026-02-27,INV-592585,BigBuy Distribution,Declining Product,475,100,47500,30875
2026-02-27,INV-623456,BigBuy Distribution,Gadget Pro,458,250,114500,80150
2026-02-27,INV-570623,MegaMart Corp,Premium Widget,30,150,4500,3600
2026-02-28,INV-154273,SuperStore Inc,Gadget Lite,362,90,32580,19910
2026-02-28,INV-929819,MegaMart Corp,Gadget Pro,28,250,7000,4900
2026-02-28,INV-805916,MegaMart Corp,Premium Widget,362,150,54300,43440
2026-02-28,INV-616996,Small Dealer 25,Low Stock Item,375,200,75000,48750
2026-02-28,INV-584391,Small Dealer 5,Budget Widget,418,30,12540,7524
2026-02-28,INV-291728,Small Dealer 5,Budget Widget,151,30,4530,2718
2026-02-28,INV-881127,SuperStore Inc,Premium Widget,233,150,34950,27960
2026-02-28,INV-317440,Small Dealer 18,Low Stock Item,353,200,70600,45890
2026-02-28,INV-889007,SuperStore Inc,Gadget Lite,232,90,20880,12760
2026-02-28,INV-345297,Small Dealer 25,Gadget Pro,375,250,93750,65625
2026-02-28,INV-330194,SuperStore Inc,Gadget Pro,104,250,26000,18200
2026-02-28,INV-277481,MegaMart Corp,Gadget Lite,292,90,26280,16060
2026-02-28,INV-499850,Small Dealer 17,Low Stock Item,107,200,21400,13910
2026-02-28,INV-914813,BigBuy Distribution,Gadget Pro,95,250,23750,16625
2026-02-28,INV-641036,Small Dealer 18,Gadget Pro,228,250,57000,39900
2026-02-28,INV-289420,BigBuy Distribution,Premium Widget,150,150,22500,18000
2026-02-28,INV-578788,Small Dealer 8,Budget Widget,472,30,14160,8496
2026-02-28,INV-744031,Small Dealer 8,Premium Widget,276,150,41400,33120
2026-02-28,INV-960481,BigBuy Distribution,Standard Widget,46,80,3680,2300
2026-02-28,INV-721984,SuperStore Inc,Gadget Pro,306,250,76500,53550
2026-02-28,INV-434232,MegaMart Corp,Gadget Pro,107,250,26750,18725
2026-02-28,INV-107168,BigBuy Distribution,Declining Product,187,100,18700,12155
2026-02-28,INV-619693,Small Dealer 28,Gadget Pro,11,250,2750,1925
2026-02-28,INV-678372,MegaMart Corp,Gadget Pro,295,250,73750,51625
2026-02-28,INV-396277,Small Dealer 29,Budget Widget,299,30,8970,5382
2026-02-28,INV-518904,Small Dealer 20,Low Stock Item,415,200,83000,53950
2026-02-28,INV-174126,SuperStore Inc,Standard Widget,403,80,32240,20150
2026-02-28,INV-706916,MegaMart Corp,Gadget Lite,176,90,15840,9680
2026-02-28,INV-369698,BigBuy Distribution,Gadget Lite,431,90,38790,23705
2026-03-01,INV-279636,SuperStore Inc,Budget Widget,393,30,11790,7074
2026-03-01,INV-452999,SuperStore Inc,Low Stock Item,180,200,36000,23400
2026-03-01,INV-878563,MegaMart Corp,Gadget Pro,27,250,6750,4725
2026-03-01,INV-200943,MegaMart Corp,Budget Widget,160,30,4800,2880
2026-03-01,INV-471601,MegaMart Corp,Gadget Pro,362,250,90500,63350
2026-03-01,INV-204335,BigBuy Distribution,Gadget Pro,483,250,120750,84525
2026-03-01,INV-549721,MegaMart Corp,Gadget Lite,423,90,38070,23265
2026-03-01,INV-110293,SuperStore Inc,Gadget Pro,319,250,79750,55825
2026-03-01,INV-364040,Small Dealer 11,Gadget Pro,25,250,6250,4375
2026-03-01,INV-249277,MegaMart Corp,Declining Product,473,100,47300,30745
2026-03-01,INV-836165,SuperStore Inc,Standard Widget,224,80,17920,11200
2026-03-01,INV-588764,BigBuy Distribution,Gadget Lite,424,90,38160,23320
2026-03-01,INV-966185,Small Dealer 2,Gadget Pro,111,250,27750,19425
2026-03-01,INV-671466,Small Dealer 7,Gadget Pro,432,250,108000,75600
2026-03-01,INV-166194,BigBuy Distribution,Premium Widget,235,150,35250,28200
2026-03-01,INV-752306,Small Dealer 28,Low Stock Item,427,200,85400,55510
2026-03-01,INV-470466,Small Dealer 19,Gadget Lite,127,90,11430,6985
2026-03-01,INV-877753,Small Dealer 10,Gadget Pro,236,250,59000,41300
2026-03-01,INV-245781,Small Dealer 24,Budget Widget,459,30,13770,8262
2026-03-01,INV-269063,Small Dealer 4,Premium Widget,472,150,70800,56640
2026-03-01,INV-356029,SuperStore Inc,Low Stock Item,226,200,45200,29380
2026-03-01,INV-173746,Small Dealer 16,Gadget Lite,121,90,10890,6655
2026-03-01,INV-315843,BigBuy Distribution,Gadget Lite,498,90,44820,27390
2026-03-01,INV-628344,MegaMart Corp,Premium Widget,283,150,42450,33960
2026-03-01,INV-552968,MegaMart Corp,Premium Widget,428,150,64200,51360
2026-03-01,INV-372017,Small Dealer 11,Gadget Lite,307,90,27630,16885
2026-03-02,INV-658416,Small Dealer 1,Standard Widget,426,80,34080,21300
2026-03-02,INV-537761,MegaMart Corp,Standard Widget,370,80,29600,18500
2026-03-02,INV-810420,SuperStore Inc,Gadget Pro,57,250,14250,9975
2026-03-02,INV-625126,MegaMart Corp,Standard Widget,44,80,3520,2200
2026-03-02,INV-124888,MegaMart Corp,Gadget Pro,139,250,34750,24325
2026-03-02,INV-642948,SuperStore Inc,Premium Widget,78,150,11700,9360
2026-03-02,INV-765224,SuperStore Inc,Premium Widget,227,150,34050,27240
2026-03-02,INV-300865,BigBuy Distribution,Declining Product,333,100,33300,21645
2026-03-02,INV-736047,MegaMart Corp,Budget Widget,300,30,9000,5400
2026-03-02,INV-234594,MegaMart Corp,Standard Widget,350,80,28000,17500
2026-03-02,INV-426513,Small Dealer 9,Standard Widget,339,80,27120,16950
2026-03-02,INV-314885,Small Dealer 9,Standard Widget,380,80,30400,19000
2026-03-02,INV-531340,MegaMart Corp,Premium Widget,32,150,4800,3840
2026-03-02,INV-408521,MegaMart Corp,Gadget Lite,20,90,1800,1100
2026-03-02,INV-759560,Small Dealer 1,Premium Widget,16,150,2400,1920
2026-03-02,INV-452560,MegaMart Corp,Premium Widget,130,150,19500,15600
2026-03-02,INV-817889,BigBuy Distribution,Declining Product,85,100,8500,5525
2026-03-02,INV-474698,Small Dealer 22,Standard Widget,315,80,25200,15750
2026-03-02,INV-180483,SuperStore Inc,Gadget Lite,409,90,36810,22495
2026-03-02,INV-895349,Small Dealer 26,Gadget Lite,317,90,28530,17435
2026-03-02,INV-850061,BigBuy Distribution,Low Stock Item,264,200,52800,34320
2026-03-02,INV-328314,Small Dealer 12,Gadget Lite,42,90,3780,2310
2026-03-02,INV-235048,SuperStore Inc,Gadget Pro,49,250,12250,8575
2026-03-02,INV-658923,Small Dealer 20,Low Stock Item,53,200,10600,6890
2026-03-02,INV-774468,Small Dealer 8,Low Stock Item,243,200,48600,31590
2026-03-02,INV-631291,MegaMart Corp,Premium Widget,152,150,22800,18240
2026-03-02,INV-222588,MegaMart Corp,Budget Widget,194,30,5820,3492
2026-03-02,INV-625642,SuperStore Inc,Budget Widget,388,30,11640,6984
2026-03-03,INV-776541,Small Dealer 26,Gadget Lite,53,90,4770,2915
2026-03-03,INV-334195,Small Dealer 15,Gadget Lite,380,90,34200,20900
2026-03-03,INV-818894,BigBuy Distribution,Low Stock Item,470,200,94000,61100
2026-03-03,INV-916693,BigBuy Distribution,Gadget Pro,216,250,54000,37800
2026-03-03,INV-756805,BigBuy Distribution,Premium Widget,136,150,20400,16320
2026-03-03,INV-607993,MegaMart Corp,Budget Widget,458,30,13740,8244
2026-03-03,INV-302066,Small Dealer 17,Budget Widget,327,30,9810,5886
2026-03-03,INV-768530,Small Dealer 4,Gadget Lite,286,90,25740,15730
2026-03-03,INV-479266,BigBuy Distribution,Declining Product,26,100,2600,1690
2026-03-03,INV-300501,Small Dealer 27,Budget Widget,317,30,9510,5706
2026-03-03,INV-185092,Small Dealer 19,Standard Widget,239,80,19120,11950
2026-03-03,INV-530522,Small Dealer 11,Budget Widget,25,30,750,450
2026-03-03,INV-578241,SuperStore Inc,Gadget Lite,225,90,20250,12375
2026-03-03,INV-765727,MegaMart Corp,Gadget Pro,249,250,62250,43575
2026-03-03,INV-686072,SuperStore Inc,Standard Widget,244,80,19520,12200
2026-03-03,INV-463190,Small Dealer 6,Premium Widget,361,150,54150,43320
2026-03-03,INV-452925,BigBuy Distribution,Budget Widget,378,30,11340,6804
2026-03-03,INV-396134,Small Dealer 22,Budget Widget,146,30,4380,2628
2026-03-03,INV-895706,Small Dealer 28,Premium Widget,240,150,36000,28800
2026-03-03,INV-810442,Small Dealer 17,Gadget Pro,313,250,78250,54775
2026-03-03,INV-651166,SuperStore Inc,Gadget Pro,267,250,66750,46725
2026-03-03,INV-850578,BigBuy Distribution,Standard Widget,339,80,27120,16950
2026-03-03,INV-899314,Small Dealer 5,Gadget Lite,64,90,5760,3520
2026-03-04,INV-798439,MegaMart Corp,Declining Product,357,100,35700,23205
2026-03-04,INV-892824,SuperStore Inc,Premium Widget,403,150,60450,48360
2026-03-04,INV-230857,SuperStore Inc,Gadget Lite,44,90,3960,2420
2026-03-04,INV-124102,SuperStore Inc,Premium Widget,492,150,73800,59040
2026-03-04,INV-528715,Small Dealer 10,Low Stock Item,228,200,45600,29640
2026-03-04,INV-406545,SuperStore Inc,Standard Widget,404,80,32320,20200
2026-03-04,INV-371330,SuperStore Inc,Premium Widget,366,150,54900,43920
2026-03-04,INV-588847,Small Dealer 4,Low Stock Item,247,200,49400,32110
2026-03-04,INV-442149,Small Dealer 8,Standard Widget,90,80,7200,4500
2026-03-04,INV-791654,MegaMart Corp,Gadget Pro,156,250,39000,27300
2026-03-04,INV-910211,SuperStore Inc,Gadget Pro,226,250,56500,39550
2026-03-04,INV-789196,BigBuy Distribution,Gadget Lite,257,90,23130,14135
2026-03-04,INV-812314,Small Dealer 20,Gadget Lite,425,90,38250,23375
2026-03-04,INV-159818,MegaMart Corp,Gadget Pro,407,250,101750,71225
2026-03-04,INV-941795,MegaMart Corp,Low Stock Item,61,200,12200,7930
2026-03-04,INV-876665,BigBuy Distribution,Low Stock Item,459,200,91800,59670
2026-03-04,INV-373806,BigBuy Distribution,Low Stock Item,83,200,16600,10790
2026-03-04,INV-589806,BigBuy Distribution,Standard Widget,155,80,12400,7750
2026-03-04,INV-813123,BigBuy Distribution,Premium Widget,63,150,9450,7560
2026-03-04,INV-905100,MegaMart Corp,Low Stock Item,228,200,45600,29640
2026-03-04,INV-187805,Small Dealer 8,Standard Widget,136,80,10880,6800
2026-03-04,INV-955208,Small Dealer 12,Gadget Pro,204,250,51000,35700
2026-03-04,INV-274117,BigBuy Distribution,Gadget Lite,73,90,6570,4015
2026-03-04,INV-956560,BigBuy Distribution,Premium Widget,469,150,70350,56280
2026-03-04,INV-353789,MegaMart Corp,Standard Widget,148,80,11840,7400
2026-03-04,INV-864241,Small Dealer 15,Budget Widget,111,30,3330,1998
2026-03-04,INV-410397,Small Dealer 12,Declining Product,250,100,25000,16250
2026-03-04,INV-498398,BigBuy Distribution,Budget Widget,117,30,3510,2106
2026-03-04,INV-262357,MegaMart Corp,Gadget Pro,353,250,88250,61775
2026-03-04,INV-370359,MegaMart Corp,Gadget Lite,182,90,16380,10010
2026-03-04,INV-976575,MegaMart Corp,Premium Widget,313,150,46950,37560
2026-03-04,INV-129116,Small Dealer 1,Gadget Pro,80,250,20000,14000
2026-03-04,INV-872806,SuperStore Inc,Premium Widget,136,150,20400,16320
2026-03-04,INV-922145,BigBuy Distribution,Standard Widget,37,80,2960,1850
2026-03-05,INV-807680,MegaMart Corp,Standard Widget,48,80,3840,2400
2026-03-05,INV-544419,MegaMart Corp,Gadget Pro,452,250,113000,79100
2026-03-05,INV-356213,Small Dealer 15,Gadget Pro,494,250,123500,86450
2026-03-05,INV-687766,Small Dealer 12,Gadget Lite,112,90,10080,6160
2026-03-05,INV-545036,MegaMart Corp,Budget Widget,406,30,12180,7308
2026-03-05,INV-427858,SuperStore Inc,Premium Widget,360,150,54000,43200
2026-03-05,INV-740794,Small Dealer 20,Low Stock Item,376,200,75200,48880
2026-03-05,INV-930583,BigBuy Distribution,Standard Widget,221,80,17680,11050
2026-03-05,INV-967204,Small Dealer 18,Budget Widget,445,30,13350,8010
2026-03-05,INV-432115,MegaMart Corp,Declining Product,459,100,45900,29835
2026-03-06,INV-211638,SuperStore Inc,Premium Widget,283,150,42450,33960
2026-03-06,INV-993490,BigBuy Distribution,Low Stock Item,428,200,85600,55640
2026-03-06,INV-300806,Small Dealer 2,Standard Widget,419,80,33520,20950
2026-03-06,INV-721975,SuperStore Inc,Low Stock Item,199,200,39800,25870
2026-03-06,INV-827359,SuperStore Inc,Low Stock Item,38,200,7600,4940
2026-03-06,INV-759115,BigBuy Distribution,Gadget Pro,487,250,121750,85225
2026-03-06,INV-643027,BigBuy Distribution,Standard Widget,270,80,21600,13500
2026-03-06,INV-431509,MegaMart Corp,Gadget Lite,263,90,23670,14465
2026-03-06,INV-633180,SuperStore Inc,Gadget Pro,350,250,87500,61250
2026-03-06,INV-572975,BigBuy Distribution,Gadget Pro,430,250,107500,75250
2026-03-06,INV-928304,Small Dealer 12,Budget Widget,413,30,12390,7434
2026-03-06,INV-394124,Small Dealer 5,Budget Widget,102,30,3060,1836
2026-03-06,INV-377393,SuperStore Inc,Low Stock Item,209,200,41800,27170
2026-03-06,INV-547886,Small Dealer 8,Premium Widget,166,150,24900,19920
2026-03-06,INV-109132,MegaMart Corp,Premium Widget,232,150,34800,27840
2026-03-06,INV-242309,BigBuy Distribution,Gadget Lite,271,90,24390,14905
2026-03-06,INV-482736,Small Dealer 15,Budget Widget,422,30,12660,7596
2026-03-06,INV-955192,Small Dealer 16,Declining Product,412,100,41200,26780
2026-03-06,INV-404352,Small Dealer 12,Gadget Pro,453,250,113250,79275
2026-03-06,INV-205566,Small Dealer 13,Premium Widget,308,150,46200,36960
2026-03-06,INV-125540,MegaMart Corp,Gadget Lite,140,90,12600,7700
2026-03-06,INV-471434,SuperStore Inc,Budget Widget,424,30,12720,7632
2026-03-06,INV-744346,Small Dealer 2,Low Stock Item,436,200,87200,56680
2026-03-06,INV-983328,Small Dealer 27,Standard Widget,82,80,6560,4100
2026-03-06,INV-800898,SuperStore Inc,Standard Widget,194,80,15520,9700
2026-03-06,INV-600091,Small Dealer 26,Premium Widget,371,150,55650,44520
2026-03-06,INV-911442,MegaMart Corp,Gadget Pro,211,250,52750,36925
2026-03-06,INV-780614,MegaMart Corp,Budget Widget,40,30,1200,720
2026-03-06,INV-914729,Small Dealer 24,Gadget Pro,364,250,91000,63700
2026-03-07,INV-633217,BigBuy Distribution,Gadget Pro,315,250,78750,55125
2026-03-07,INV-262062,Small Dealer 9,Budget Widget,490,30,14700,8820
2026-03-07,INV-818986,BigBuy Distribution,Budget Widget,89,30,2670,1602
2026-03-07,INV-992509,Small Dealer 14,Premium Widget,412,150,61800,49440
2026-03-07,INV-861170,SuperStore Inc,Low Stock Item,222,200,44400,28860
2026-03-07,INV-884813,SuperStore Inc,Low Stock Item,367,200,73400,47710
2026-03-07,INV-983659,Small Dealer 23,Low Stock Item,191,200,38200,24830
2026-03-07,INV-570417,BigBuy Distribution,Premium Widget,98,150,14700,11760
2026-03-07,INV-844101,Small Dealer 24,Premium Widget,262,150,39300,31440
2026-03-07,INV-790746,Small Dealer 22,Gadget Pro,451,250,112750,78925
2026-03-07,INV-654784,Small Dealer 15,Gadget Pro,64,250,16000,11200
2026-03-07,INV-124818,MegaMart Corp,Gadget Pro,153,250,38250,26775
2026-03-07,INV-797995,BigBuy Distribution,Standard Widget,211,80,16880,10550
2026-03-07,INV-903676,SuperStore Inc,Gadget Pro,25,250,6250,4375
2026-03-07,INV-508356,Small Dealer 2,Budget Widget,382,30,11460,6876
2026-03-07,INV-271306,SuperStore Inc,Premium Widget,51,150,7650,6120
2026-03-07,INV-228733,MegaMart Corp,Low Stock Item,50,200,10000,6500
2026-03-07,INV-242456,Small Dealer 12,Premium Widget,490,150,73500,58800
2026-03-07,INV-853358,Small Dealer 26,Standard Widget,282,80,22560,14100
2026-03-07,INV-812162,MegaMart Corp,Declining Product,159,100,15900,10335
2026-03-07,INV-931669,BigBuy Distribution,Budget Widget,96,30,2880,1728
2026-03-07,INV-241381,Small Dealer 17,Gadget Pro,495,250,123750,86625
2026-03-07,INV-433809,MegaMart Corp,Low Stock Item,117,200,23400,15210
2026-03-07,INV-959747,Small Dealer 7,Gadget Lite,127,90,11430,6985
2026-03-07,INV-925792,SuperStore Inc,Standard Widget,384,80,30720,19200
2026-03-07,INV-737441,SuperStore Inc,Low Stock Item,120,200,24000,15600
2026-03-08,INV-964940,Small Dealer 19,Standard Widget,50,80,4000,2500
2026-03-08,INV-244654,Small Dealer 4,Premium Widget,16,150,2400,1920
2026-03-08,INV-369966,SuperStore Inc,Declining Product,44,100,4400,2860
2026-03-08,INV-830761,BigBuy Distribution,Gadget Pro,138,250,34500,24150
2026-03-08,INV-501245,BigBuy Distribution,Gadget Pro,413,250,103250,72275
2026-03-08,INV-620846,Small Dealer 27,Budget Widget,120,30,3600,2160
2026-03-08,INV-687532,Small Dealer 12,Standard Widget,12,80,960,600
2026-03-08,INV-575189,MegaMart Corp,Premium Widget,294,150,44100,35280
2026-03-08,INV-478904,BigBuy Distribution,Gadget Lite,300,90,27000,16500
2026-03-08,INV-344254,BigBuy Distribution,Standard Widget,440,80,35200,22000
2026-03-08,INV-742043,MegaMart Corp,Premium Widget,76,150,11400,9120
2026-03-08,INV-189794,MegaMart Corp,Budget Widget,491,30,14730,8838
2026-03-08,INV-904460,Small Dealer 17,Budget Widget,36,30,1080,648
2026-03-08,INV-736000,BigBuy Distribution,Declining Product,201,100,20100,13065
2026-03-08,INV-256633,BigBuy Distribution,Premium Widget,279,150,41850,33480
2026-03-08,INV-737005,BigBuy Distribution,Premium Widget,10,150,1500,1200
2026-03-08,INV-688015,MegaMart Corp,Standard Widget,24,80,1920,1200
2026-03-08,INV-264230,Small Dealer 16,Premium Widget,456,150,68400,54720
2026-03-08,INV-986329,Small Dealer 4,Low Stock Item,309,200,61800,40170
2026-03-08,INV-357227,Small Dealer 9,Budget Widget,102,30,3060,1836
2026-03-08,INV-697934,BigBuy Distribution,Gadget Pro,175,250,43750,30625
2026-03-08,INV-319891,MegaMart Corp,Standard Widget,130,80,10400,6500
2026-03-09,INV-917643,Small Dealer 26,Low Stock Item,474,200,94800,61620
2026-03-09,INV-467819,Small Dealer 17,Gadget Pro,247,250,61750,43225
2026-03-09,INV-307304,SuperStore Inc,Declining Product,25,100,2500,1625
2026-03-09,INV-677553,MegaMart Corp,Gadget Lite,489,90,44010,26895
2026-03-09,INV-103172,MegaMart Corp,Gadget Lite,232,90,20880,12760
2026-03-09,INV-452552,Small Dealer 10,Premium Widget,248,150,37200,29760
2026-03-09,INV-331772,BigBuy Distribution,Budget Widget,72,30,2160,1296
2026-03-09,INV-640723,SuperStore Inc,Gadget Pro,188,250,47000,32900
2026-03-09,INV-815938,Small Dealer 16,Budget Widget,184,30,5520,3312
2026-03-09,INV-702973,MegaMart Corp,Low Stock Item,183,200,36600,23790
2026-03-09,INV-411087,Small Dealer 10,Budget Widget,32,30,960,576
2026-03-10,INV-360159,Small Dealer 15,Standard Widget,471,80,37680,23550
2026-03-10,INV-512453,BigBuy Distribution,Budget Widget,356,30,10680,6408
2026-03-10,INV-455589,MegaMart Corp,Low Stock Item,229,200,45800,29770
2026-03-10,INV-823306,MegaMart Corp,Budget Widget,402,30,12060,7236
2026-03-10,INV-336941,SuperStore Inc,Gadget Lite,480,90,43200,26400
2026-03-10,INV-439689,Small Dealer 9,Gadget Lite,349,90,31410,19195
2026-03-10,INV-520862,Small Dealer 22,Gadget Pro,142,250,35500,24850
2026-03-10,INV-310963,SuperStore Inc,Low Stock Item,455,200,91000,59150
2026-03-10,INV-546425,Small Dealer 29,Budget Widget,64,30,1920,1152
2026-03-10,INV-496004,Small Dealer 23,Gadget Lite,463,90,41670,25465
2026-03-10,INV-691019,Small Dealer 22,Gadget Pro,224,250,56000,39200
2026-03-10,INV-477384,BigBuy Distribution,Gadget Lite,494,90,44460,27170
2026-03-10,INV-179037,SuperStore Inc,Budget Widget,327,30,9810,5886
2026-03-10,INV-776991,Small Dealer 3,Premium Widget,212,150,31800,25440
2026-03-10,INV-403769,Small Dealer 14,Declining Product,229,100,22900,14885
2026-03-10,INV-707192,Small Dealer 17,Declining Product,344,100,34400,22360
2026-03-10,INV-576592,BigBuy Distribution,Budget Widget,120,30,3600,2160
2026-03-10,INV-702921,MegaMart Corp,Standard Widget,152,80,12160,7600
2026-03-10,INV-808615,MegaMart Corp,Declining Product,192,100,19200,12480
2026-03-10,INV-371245,Small Dealer 17,Standard Widget,484,80,38720,24200
2026-03-10,INV-383542,Small Dealer 15,Low Stock Item,17,200,3400,2210
2026-03-10,INV-758784,SuperStore Inc,Premium Widget,257,150,38550,30840
2026-03-10,INV-940749,SuperStore Inc,Budget Widget,44,30,1320,792
2026-03-10,INV-924566,SuperStore Inc,Budget Widget,211,30,6330,3798
2026-03-10,INV-718123,SuperStore Inc,Gadget Pro,472,250,118000,82600
2026-03-10,INV-915198,MegaMart Corp,Gadget Lite,406,90,36540,22330
2026-03-10,INV-860494,Small Dealer 8,Gadget Pro,495,250,123750,86625
2026-03-11,INV-620425,MegaMart Corp,Budget Widget,407,30,12210,7326
2026-03-11,INV-175880,SuperStore Inc,Declining Product,104,100,10400,6760
2026-03-11,INV-679408,MegaMart Corp,Premium Widget,23,150,3450,2760
2026-03-11,INV-704092,Small Dealer 15,Gadget Pro,269,250,67250,47075
2026-03-11,INV-345501,BigBuy Distribution,Premium Widget,198,150,29700,23760
2026-03-11,INV-913268,SuperStore Inc,Standard Widget,184,80,14720,9200
2026-03-11,INV-665866,MegaMart Corp,Premium Widget,307,150,46050,36840
2026-03-11,INV-449851,Small Dealer 28,Premium Widget,458,150,68700,54960
2026-03-11,INV-527047,Small Dealer 26,Low Stock Item,118,200,23600,15340
2026-03-11,INV-315523,Small Dealer 2,Gadget Pro,498,250,124500,87150
2026-03-11,INV-357834,SuperStore Inc,Premium Widget,430,150,64500,51600
2026-03-11,INV-298231,Small Dealer 13,Budget Widget,344,30,10320,6192
2026-03-11,INV-867847,BigBuy Distribution,Budget Widget,232,30,6960,4176
2026-03-11,INV-812668,Small Dealer 9,Low Stock Item,465,200,93000,60450
2026-03-11,INV-941693,SuperStore Inc,Gadget Lite,378,90,34020,20790
2026-03-12,INV-940190,Small Dealer 1,Gadget Pro,265,250,66250,46375
2026-03-12,INV-385585,MegaMart Corp,Premium Widget,265,150,39750,31800
2026-03-12,INV-925417,Small Dealer 4,Gadget Lite,152,90,13680,8360
2026-03-12,INV-922014,SuperStore Inc,Premium Widget,36,150,5400,4320
2026-03-12,INV-792559,BigBuy Distribution,Premium Widget,383,150,57450,45960
2026-03-12,INV-506343,SuperStore Inc,Budget Widget,110,30,3300,1980
2026-03-12,INV-767869,MegaMart Corp,Gadget Pro,382,250,95500,66850
2026-03-12,INV-415674,SuperStore Inc,Declining Product,419,100,41900,27235
2026-03-12,INV-492855,Small Dealer 24,Budget Widget,140,30,4200,2520
2026-03-12,INV-422548,BigBuy Distribution,Gadget Pro,265,250,66250,46375
2026-03-12,INV-214113,Small Dealer 21,Premium Widget,138,150,20700,16560
2026-03-12,INV-592962,Small Dealer 20,Low Stock Item,266,200,53200,34580
2026-03-12,INV-819374,MegaMart Corp,Gadget Pro,142,250,35500,24850
2026-03-12,INV-242976,MegaMart Corp,Gadget Pro,92,250,23000,16100
2026-03-12,INV-713659,MegaMart Corp,Low Stock Item,455,200,91000,59150
2026-03-12,INV-266949,Small Dealer 17,Gadget Lite,428,90,38520,23540
2026-03-12,INV-114993,BigBuy Distribution,Gadget Lite,22,90,1980,1210
2026-03-12,INV-245345,MegaMart Corp,Standard Widget,450,80,36000,22500
2026-03-12,INV-386370,Small Dealer 1,Budget Widget,377,30,11310,6786
2026-03-12,INV-540307,Small Dealer 9,Gadget Lite,189,90,17010,10395
2026-03-13,INV-970368,Small Dealer 16,Premium Widget,196,150,29400,23520
2026-03-13,INV-587230,Small Dealer 9,Premium Widget,385,150,57750,46200
2026-03-13,INV-341878,BigBuy Distribution,Low Stock Item,438,200,87600,56940
2026-03-13,INV-425180,MegaMart Corp,Declining Product,388,100,38800,25220
2026-03-13,INV-490534,Small Dealer 22,Declining Product,214,100,21400,13910
2026-03-13,INV-873211,MegaMart Corp,Low Stock Item,353,200,70600,45890
2026-03-13,INV-714586,Small Dealer 28,Gadget Pro,81,250,20250,14175
2026-03-13,INV-294034,SuperStore Inc,Budget Widget,484,30,14520,8712
2026-03-13,INV-701071,SuperStore Inc,Premium Widget,157,150,23550,18840
2026-03-13,INV-478108,BigBuy Distribution,Declining Product,249,100,24900,16185
2026-03-13,INV-105187,SuperStore Inc,Standard Widget,95,80,7600,4750
2026-03-13,INV-479390,BigBuy Distribution,Gadget Pro,293,250,73250,51275
2026-03-13,INV-723810,Small Dealer 14,Low Stock Item,97,200,19400,12610
2026-03-13,INV-343436,Small Dealer 15,Gadget Lite,357,90,32130,19635
2026-03-13,INV-389018,SuperStore Inc,Gadget Lite,361,90,32490,19855
2026-03-13,INV-246478,SuperStore Inc,Gadget Lite,255,90,22950,14025
2026-03-13,INV-139240,SuperStore Inc,Standard Widget,309,80,24720,15450
2026-03-13,INV-158311,MegaMart Corp,Budget Widget,136,30,4080,2448
2026-03-13,INV-694197,BigBuy Distribution,Gadget Pro,107,250,26750,18725
2026-03-14,INV-182816,Small Dealer 8,Gadget Lite,20,90,1800,1100
2026-03-14,INV-633001,MegaMart Corp,Gadget Lite,454,90,40860,24970
2026-03-14,INV-622350,SuperStore Inc,Budget Widget,277,30,8310,4986
2026-03-14,INV-472746,MegaMart Corp,Gadget Pro,158,250,39500,27650
2026-03-14,INV-178454,SuperStore Inc,Premium Widget,185,150,27750,22200
2026-03-14,INV-365238,SuperStore Inc,Low Stock Item,244,200,48800,31720
2026-03-14,INV-432798,BigBuy Distribution,Low Stock Item,118,200,23600,15340
2026-03-14,INV-672739,SuperStore Inc,Low Stock Item,460,200,92000,59800
2026-03-14,INV-788632,BigBuy Distribution,Declining Product,55,100,5500,3575
2026-03-14,INV-747629,SuperStore Inc,Declining Product,477,100,47700,31005
2026-03-14,INV-947129,MegaMart Corp,Gadget Pro,114,250,28500,19950
2026-03-14,INV-472665,Small Dealer 23,Gadget Lite,304,90,27360,16720
2026-03-14,INV-796563,Small Dealer 24,Low Stock Item,233,200,46600,30290
2026-03-14,INV-247709,SuperStore Inc,Gadget Pro,283,250,70750,49525
2026-03-14,INV-228625,BigBuy Distribution,Declining Product,364,100,36400,23660
2026-03-14,INV-912555,BigBuy Distribution,Low Stock Item,66,200,13200,8580
2026-03-14,INV-593383,Small Dealer 20,Budget Widget,334,30,10020,6012
2026-03-14,INV-512440,MegaMart Corp,Low Stock Item,110,200,22000,14300
2026-03-14,INV-244061,Small Dealer 22,Low Stock Item,155,200,31000,20150
2026-03-14,INV-608817,SuperStore Inc,Gadget Lite,69,90,6210,3795
2026-03-14,INV-604770,Small Dealer 15,Standard Widget,232,80,18560,11600
2026-03-14,INV-952128,BigBuy Distribution,Premium Widget,56,150,8400,6720
2026-03-14,INV-956418,Small Dealer 5,Gadget Pro,486,250,121500,85050
2026-03-14,INV-895871,Small Dealer 27,Premium Widget,320,150,48000,38400
2026-03-14,INV-855287,BigBuy Distribution,Budget Widget,448,30,13440,8064
2026-03-14,INV-109466,Small Dealer 28,Standard Widget,438,80,35040,21900
2026-03-14,INV-940592,Small Dealer 4,Gadget Lite,450,90,40500,24750
2026-03-14,INV-764704,MegaMart Corp,Low Stock Item,31,200,6200,4030
2026-03-14,INV-501280,SuperStore Inc,Gadget Pro,417,250,104250,72975
2026-03-14,INV-383809,SuperStore Inc,Gadget Lite,380,90,34200,20900
2026-03-14,INV-198409,MegaMart Corp,Standard Widget,28,80,2240,1400
2026-03-14,INV-469945,Small Dealer 20,Standard Widget,357,80,28560,17850
2026-03-15,INV-237863,SuperStore Inc,Standard Widget,384,80,30720,19200
2026-03-15,INV-664616,SuperStore Inc,Standard Widget,354,80,28320,17700
2026-03-15,INV-156260,SuperStore Inc,Premium Widget,130,150,19500,15600
2026-03-15,INV-996665,SuperStore Inc,Budget Widget,493,30,14790,8874
2026-03-15,INV-168729,BigBuy Distribution,Gadget Lite,155,90,13950,8525
2026-03-15,INV-247999,Small Dealer 29,Standard Widget,41,80,3280,2050
2026-03-15,INV-889602,Small Dealer 17,Budget Widget,107,30,3210,1926
2026-03-15,INV-873326,BigBuy Distribution,Low Stock Item,118,200,23600,15340
2026-03-15,INV-996499,Small Dealer 6,Low Stock Item,37,200,7400,4810
2026-03-15,INV-588249,BigBuy Distribution,Low Stock Item,415,200,83000,53950
2026-03-16,INV-925999,SuperStore Inc,Premium Widget,164,150,24600,19680
2026-03-16,INV-590793,MegaMart Corp,Low Stock Item,16,200,3200,2080
2026-03-16,INV-347054,BigBuy Distribution,Low Stock Item,99,200,19800,12870
2026-03-16,INV-235495,Small Dealer 23,Gadget Pro,133,250,33250,23275
2026-03-16,INV-613297,Small Dealer 16,Declining Product,122,100,12200,7930
2026-03-16,INV-517162,SuperStore Inc,Budget Widget,235,30,7050,4230
2026-03-16,INV-684493,Small Dealer 11,Budget Widget,168,30,5040,3024
2026-03-16,INV-508560,Small Dealer 10,Declining Product,102,100,10200,6630
2026-03-16,INV-816535,MegaMart Corp,Budget Widget,466,30,13980,8388
2026-03-17,INV-233732,BigBuy Distribution,Gadget Pro,455,250,113750,79625
2026-03-17,INV-245580,MegaMart Corp,Declining Product,436,100,43600,28340
2026-03-17,INV-772838,Small Dealer 12,Premium Widget,488,150,73200,58560
2026-03-17,INV-333395,SuperStore Inc,Gadget Lite,447,90,40230,24585
2026-03-17,INV-265252,BigBuy Distribution,Premium Widget,233,150,34950,27960
2026-03-17,INV-775318,BigBuy Distribution,Low Stock Item,323,200,64600,41990
2026-03-17,INV-402012,Small Dealer 17,Standard Widget,466,80,37280,23300
2026-03-17,INV-839094,Small Dealer 16,Standard Widget,120,80,9600,6000
2026-03-17,INV-237989,Small Dealer 19,Premium Widget,435,150,65250,52200
2026-03-17,INV-331784,BigBuy Distribution,Gadget Lite,32,90,2880,1760
2026-03-17,INV-214968,MegaMart Corp,Gadget Pro,317,250,79250,55475
2026-03-17,INV-354196,SuperStore Inc,Budget Widget,316,30,9480,5688
2026-03-17,INV-800404,SuperStore Inc,Budget Widget,246,30,7380,4428
2026-03-17,INV-188369,Small Dealer 10,Gadget Lite,102,90,9180,5610
2026-03-17,INV-285886,Small Dealer 3,Declining Product,105,100,10500,6825
2026-03-17,INV-805665,BigBuy Distribution,Declining Product,379,100,37900,24635
2026-03-17,INV-851977,MegaMart Corp,Premium Widget,11,150,1650,1320
2026-03-18,INV-320479,SuperStore Inc,Budget Widget,138,30,4140,2484
2026-03-18,INV-947630,Small Dealer 24,Gadget Lite,298,90,26820,16390
2026-03-18,INV-254512,Small Dealer 19,Premium Widget,139,150,20850,16680
2026-03-18,INV-159112,BigBuy Distribution,Premium Widget,333,150,49950,39960
2026-03-18,INV-562879,MegaMart Corp,Standard Widget,480,80,38400,24000
2026-03-18,INV-264847,BigBuy Distribution,Standard Widget,173,80,13840,8650
2026-03-18,INV-631912,MegaMart Corp,Gadget Lite,331,90,29790,18205
2026-03-18,INV-801134,Small Dealer 15,Low Stock Item,173,200,34600,22490
2026-03-18,INV-328903,MegaMart Corp,Low Stock Item,478,200,95600,62140
2026-03-18,INV-114957,SuperStore Inc,Standard Widget,30,80,2400,1500
2026-03-18,INV-543543,MegaMart Corp,Premium Widget,350,150,52500,42000
2026-03-18,INV-866387,MegaMart Corp,Budget Widget,273,30,8190,4914
2026-03-18,INV-446769,Small Dealer 21,Declining Product,462,100,46200,30030
2026-03-18,INV-226453,SuperStore Inc,Low Stock Item,221,200,44200,28730
2026-03-18,INV-584988,BigBuy Distribution,Gadget Pro,168,250,42000,29400
2026-03-18,INV-942452,Small Dealer 8,Budget Widget,150,30,4500,2700
2026-03-18,INV-846311,MegaMart Corp,Standard Widget,104,80,8320,5200
2026-03-19,INV-897669,Small Dealer 12,Gadget Pro,413,250,103250,72275
2026-03-19,INV-398892,Small Dealer 28,Gadget Lite,280,90,25200,15400
2026-03-19,INV-411098,Small Dealer 25,Premium Widget,181,150,27150,21720
2026-03-19,INV-226969,Small Dealer 24,Standard Widget,180,80,14400,9000
2026-03-19,INV-893035,SuperStore Inc,Standard Widget,170,80,13600,8500
2026-03-19,INV-925866,BigBuy Distribution,Budget Widget,65,30,1950,1170
2026-03-19,INV-476412,Small Dealer 16,Declining Product,207,100,20700,13455
2026-03-19,INV-708085,Small Dealer 19,Budget Widget,477,30,14310,8586
2026-03-19,INV-923804,SuperStore Inc,Premium Widget,31,150,4650,3720
2026-03-19,INV-329562,Small Dealer 25,Standard Widget,371,80,29680,18550
2026-03-19,INV-697026,SuperStore Inc,Standard Widget,103,80,8240,5150
2026-03-19,INV-368736,Small Dealer 24,Budget Widget,274,30,8220,4932
2026-03-19,INV-267516,MegaMart Corp,Premium Widget,298,150,44700,35760
2026-03-19,INV-867927,MegaMart Corp,Budget Widget,57,30,1710,1026
2026-03-19,INV-486155,SuperStore Inc,Declining Product,334,100,33400,21710
2026-03-19,INV-608216,Small Dealer 7,Declining Product,127,100,12700,8255
2026-03-19,INV-398571,MegaMart Corp,Budget Widget,45,30,1350,810
2026-03-19,INV-160206,SuperStore Inc,Budget Widget,119,30,3570,2142
2026-03-19,INV-181242,SuperStore Inc,Premium Widget,289,150,43350,34680
2026-03-20,INV-686746,Small Dealer 5,Standard Widget,312,80,24960,15600
2026-03-20,INV-310046,MegaMart Corp,Low Stock Item,408,200,81600,53040
2026-03-20,INV-803776,MegaMart Corp,Budget Widget,466,30,13980,8388
2026-03-20,INV-768950,MegaMart Corp,Standard Widget,320,80,25600,16000
2026-03-20,INV-799450,MegaMart Corp,Gadget Pro,354,250,88500,61950
2026-03-20,INV-239551,Small Dealer 10,Low Stock Item,211,200,42200,27430
2026-03-20,INV-777811,MegaMart Corp,Declining Product,356,100,35600,23140
2026-03-20,INV-732770,Small Dealer 26,Budget Widget,111,30,3330,1998
2026-03-20,INV-623058,BigBuy Distribution,Budget Widget,394,30,11820,7092
2026-03-20,INV-152740,BigBuy Distribution,Low Stock Item,22,200,4400,2860
2026-03-20,INV-425796,Small Dealer 15,Low Stock Item,89,200,17800,11570
2026-03-20,INV-817523,BigBuy Distribution,Standard Widget,230,80,18400,11500
2026-03-20,INV-424321,Small Dealer 22,Low Stock Item,334,200,66800,43420
2026-03-20,INV-815418,SuperStore Inc,Low Stock Item,91,200,18200,11830
2026-03-20,INV-655092,Small Dealer 29,Gadget Pro,18,250,4500,3150
2026-03-21,INV-763970,MegaMart Corp,Budget Widget,413,30,12390,7434
2026-03-21,INV-498797,BigBuy Distribution,Declining Product,203,100,20300,13195
2026-03-21,INV-915856,MegaMart Corp,Standard Widget,423,80,33840,21150
2026-03-21,INV-266555,SuperStore Inc,Gadget Pro,427,250,106750,74725
2026-03-21,INV-968125,BigBuy Distribution,Budget Widget,377,30,11310,6786
2026-03-21,INV-735162,Small Dealer 18,Gadget Lite,377,90,33930,20735
2026-03-21,INV-815153,Small Dealer 16,Premium Widget,382,150,57300,45840
2026-03-21,INV-804615,MegaMart Corp,Standard Widget,409,80,32720,20450
2026-03-21,INV-551331,Small Dealer 9,Gadget Pro,138,250,34500,24150
2026-03-21,INV-204994,MegaMart Corp,Premium Widget,190,150,28500,22800
2026-03-21,INV-879769,Small Dealer 10,Low Stock Item,383,200,76600,49790
2026-03-21,INV-638131,BigBuy Distribution,Premium Widget,203,150,30450,24360
2026-03-21,INV-504869,BigBuy Distribution,Gadget Lite,291,90,26190,16005
2026-03-21,INV-647123,Small Dealer 24,Low Stock Item,366,200,73200,47580
2026-03-21,INV-362752,Small Dealer 20,Standard Widget,149,80,11920,7450
2026-03-21,INV-357749,SuperStore Inc,Premium Widget,396,150,59400,47520
2026-03-21,INV-808664,Small Dealer 26,Gadget Lite,342,90,30780,18810
2026-03-21,INV-547997,Small Dealer 12,Premium Widget,276,150,41400,33120
2026-03-21,INV-799631,SuperStore Inc,Declining Product,127,100,12700,8255
2026-03-21,INV-666474,MegaMart Corp,Gadget Lite,297,90,26730,16335
2026-03-22,INV-670911,Small Dealer 8,Gadget Lite,61,90,5490,3355
2026-03-22,INV-707442,MegaMart Corp,Premium Widget,212,150,31800,25440
2026-03-22,INV-928360,MegaMart Corp,Gadget Pro,436,250,109000,76300
2026-03-22,INV-359734,Small Dealer 16,Declining Product,411,100,41100,26715
2026-03-22,INV-102473,BigBuy Distribution,Low Stock Item,423,200,84600,54990
2026-03-22,INV-938649,BigBuy Distribution,Standard Widget,91,80,7280,4550
2026-03-22,INV-625519,SuperStore Inc,Standard Widget,59,80,4720,2950
2026-03-22,INV-757649,Small Dealer 6,Premium Widget,13,150,1950,1560
2026-03-22,INV-259281,BigBuy Distribution,Premium Widget,196,150,29400,23520
2026-03-22,INV-966092,MegaMart Corp,Standard Widget,426,80,34080,21300
2026-03-22,INV-169801,BigBuy Distribution,Standard Widget,357,80,28560,17850
2026-03-22,INV-286052,MegaMart Corp,Low Stock Item,293,200,58600,38090
2026-03-22,INV-356278,SuperStore Inc,Premium Widget,103,150,15450,12360
2026-03-22,INV-464572,MegaMart Corp,Standard Widget,328,80,26240,16400
2026-03-22,INV-910846,MegaMart Corp,Premium Widget,349,150,52350,41880
2026-03-23,INV-822739,SuperStore Inc,Declining Product,367,100,36700,23855
2026-03-23,INV-210308,BigBuy Distribution,Premium Widget,363,150,54450,43560
2026-03-23,INV-183028,Small Dealer 21,Gadget Lite,393,90,35370,21615
2026-03-23,INV-983839,Small Dealer 13,Gadget Lite,185,90,16650,10175
2026-03-23,INV-282624,Small Dealer 7,Gadget Lite,397,90,35730,21835
2026-03-23,INV-350041,Small Dealer 28,Budget Widget,281,30,8430,5058
2026-03-23,INV-635101,MegaMart Corp,Gadget Lite,452,90,40680,24860
2026-03-23,INV-176263,Small Dealer 16,Premium Widget,200,150,30000,24000
2026-03-23,INV-850289,MegaMart Corp,Declining Product,39,100,3900,2535
2026-03-23,INV-606077,Small Dealer 15,Premium Widget,78,150,11700,9360
2026-03-23,INV-366878,MegaMart Corp,Premium Widget,442,150,66300,53040
2026-03-23,INV-868371,BigBuy Distribution,Standard Widget,346,80,27680,17300
2026-03-23,INV-671805,Small Dealer 1,Gadget Lite,455,90,40950,25025
2026-03-23,INV-848050,Small Dealer 7,Budget Widget,331,30,9930,5958
2026-03-23,INV-314848,MegaMart Corp,Standard Widget,438,80,35040,21900
2026-03-23,INV-113231,SuperStore Inc,Gadget Pro,358,250,89500,62650
2026-03-23,INV-325123,BigBuy Distribution,Gadget Lite,373,90,33570,20515
2026-03-23,INV-344775,BigBuy Distribution,Premium Widget,289,150,43350,34680
2026-03-23,INV-295981,BigBuy Distribution,Gadget Lite,189,90,17010,10395
2026-03-23,INV-254723,Small Dealer 13,Standard Widget,194,80,15520,9700
2026-03-23,INV-330941,Small Dealer 2,Standard Widget,55,80,4400,2750
2026-03-23,INV-404226,SuperStore Inc,Declining Product,381,100,38100,24765
2026-03-23,INV-505043,BigBuy Distribution,Standard Widget,95,80,7600,4750
2026-03-24,INV-187494,Small Dealer 4,Gadget Pro,397,250,99250,69475
2026-03-24,INV-942221,BigBuy Distribution,Premium Widget,67,150,10050,8040
2026-03-24,INV-878012,SuperStore Inc,Gadget Lite,434,90,39060,23870
2026-03-24,INV-726841,BigBuy Distribution,Standard Widget,497,80,39760,24850
2026-03-24,INV-297973,SuperStore Inc,Premium Widget,180,150,27000,21600
2026-03-24,INV-553310,SuperStore Inc,Gadget Lite,96,90,8640,5280
2026-03-24,INV-142777,MegaMart Corp,Standard Widget,97,80,7760,4850
2026-03-24,INV-819081,SuperStore Inc,Premium Widget,257,150,38550,30840
2026-03-24,INV-998765,Small Dealer 11,Standard Widget,338,80,27040,16900
2026-03-24,INV-930410,BigBuy Distribution,Premium Widget,194,150,29100,23280
2026-03-24,INV-917161,BigBuy Distribution,Low Stock Item,153,200,30600,19890
2026-03-24,INV-569089,BigBuy Distribution,Budget Widget,24,30,720,432
2026-03-24,INV-372061,SuperStore Inc,Premium Widget,280,150,42000,33600
2026-03-24,INV-532915,MegaMart Corp,Low Stock Item,159,200,31800,20670
2026-03-24,INV-919639,Small Dealer 15,Premium Widget,129,150,19350,15480
2026-03-24,INV-786870,BigBuy Distribution,Premium Widget,296,150,44400,35520
2026-03-24,INV-511779,Small Dealer 1,Gadget Pro,240,250,60000,42000
2026-03-24,INV-456245,SuperStore Inc,Gadget Lite,30,90,2700,1650
2026-03-24,INV-852758,Small Dealer 8,Budget Widget,177,30,5310,3186
2026-03-24,INV-275110,Small Dealer 3,Declining Product,236,100,23600,15340
2026-03-24,INV-127051,Small Dealer 18,Standard Widget,299,80,23920,14950
2026-03-24,INV-347734,BigBuy Distribution,Low Stock Item,474,200,94800,61620
2026-03-24,INV-887906,SuperStore Inc,Premium Widget,56,150,8400,6720
2026-03-25,INV-547928,MegaMart Corp,Budget Widget,24,30,720,432
2026-03-25,INV-747968,Small Dealer 28,Declining Product,47,100,4700,3055
2026-03-25,INV-417560,SuperStore Inc,Premium Widget,101,150,15150,12120
2026-03-25,INV-807168,SuperStore Inc,Premium Widget,43,150,6450,5160
2026-03-25,INV-997435,BigBuy Distribution,Gadget Lite,149,90,13410,8195
2026-03-25,INV-193024,Small Dealer 26,Premium Widget,378,150,56700,45360
2026-03-25,INV-634999,SuperStore Inc,Low Stock Item,233,200,46600,30290
2026-03-25,INV-193915,MegaMart Corp,Gadget Pro,346,250,86500,60550
2026-03-25,INV-569584,SuperStore Inc,Gadget Lite,38,90,3420,2090
2026-03-25,INV-765552,Small Dealer 20,Premium Widget,167,150,25050,20040
2026-03-25,INV-358424,BigBuy Distribution,Premium Widget,491,150,73650,58920
2026-03-25,INV-705604,BigBuy Distribution,Low Stock Item,71,200,14200,9230
2026-03-25,INV-985539,MegaMart Corp,Premium Widget,395,150,59250,47400
2026-03-25,INV-624128,SuperStore Inc,Gadget Pro,218,250,54500,38150
2026-03-26,INV-691915,SuperStore Inc,Standard Widget,147,80,11760,7350
2026-03-26,INV-140905,MegaMart Corp,Premium Widget,257,150,38550,30840
2026-03-26,INV-589371,SuperStore Inc,Gadget Lite,495,90,44550,27225
2026-03-26,INV-259981,Small Dealer 2,Standard Widget,462,80,36960,23100
2026-03-26,INV-838164,Small Dealer 18,Premium Widget,138,150,20700,16560
2026-03-26,INV-629322,Small Dealer 8,Budget Widget,241,30,7230,4338
2026-03-26,INV-298806,Small Dealer 15,Declining Product,175,100,17500,11375
2026-03-26,INV-470475,Small Dealer 2,Low Stock Item,479,200,95800,62270
2026-03-26,INV-657963,BigBuy Distribution,Gadget Pro,103,250,25750,18025
2026-03-26,INV-921916,BigBuy Distribution,Low Stock Item,252,200,50400,32760
2026-03-26,INV-283135,BigBuy Distribution,Low Stock Item,265,200,53000,34450
2026-03-26,INV-299412,Small Dealer 6,Low Stock Item,321,200,64200,41730
2026-03-26,INV-595554,BigBuy Distribution,Budget Widget,368,30,11040,6624
2026-03-26,INV-834032,Small Dealer 21,Premium Widget,93,150,13950,11160
2026-03-26,INV-354466,Small Dealer 1,Gadget Lite,323,90,29070,17765
2026-03-26,INV-304942,SuperStore Inc,Gadget Pro,226,250,56500,39550
2026-03-26,INV-902989,Small Dealer 26,Low Stock Item,167,200,33400,21710
2026-03-26,INV-241888,BigBuy Distribution,Budget Widget,146,30,4380,2628
2026-03-26,INV-343813,Small Dealer 8,Low Stock Item,295,200,59000,38350
2026-03-26,INV-463649,SuperStore Inc,Gadget Lite,356,90,32040,19580
2026-03-26,INV-679939,MegaMart Corp,Low Stock Item,49,200,9800,6370
2026-03-26,INV-524947,Small Dealer 14,Gadget Pro,242,250,60500,42350
2026-03-26,INV-346073,Small Dealer 28,Standard Widget,435,80,34800,21750
2026-03-26,INV-509394,Small Dealer 29,Premium Widget,490,150,73500,58800
2026-03-26,INV-530976,MegaMart Corp,Gadget Lite,63,90,5670,3465
2026-03-26,INV-161971,MegaMart Corp,Budget Widget,409,30,12270,7362
2026-03-26,INV-492585,BigBuy Distribution,Standard Widget,57,80,4560,2850
2026-03-26,INV-822505,MegaMart Corp,Budget Widget,461,30,13830,8298
2026-03-26,INV-322067,Small Dealer 6,Gadget Lite,222,90,19980,12210
2026-03-26,INV-290785,BigBuy Distribution,Low Stock Item,224,200,44800,29120
2026-03-26,INV-133716,Small Dealer 7,Budget Widget,245,30,7350,4410
2026-03-26,INV-938035,SuperStore Inc,Budget Widget,195,30,5850,3510
2026-03-27,INV-384054,BigBuy Distribution,Budget Widget,114,30,3420,2052
2026-03-27,INV-210365,Small Dealer 5,Premium Widget,49,150,7350,5880
2026-03-27,INV-407261,SuperStore Inc,Low Stock Item,145,200,29000,18850
2026-03-27,INV-902484,Small Dealer 11,Declining Product,95,100,9500,6175
2026-03-27,INV-853499,Small Dealer 21,Low Stock Item,282,200,56400,36660
2026-03-27,INV-496954,BigBuy Distribution,Gadget Lite,163,90,14670,8965
2026-03-27,INV-269261,MegaMart Corp,Budget Widget,48,30,1440,864
2026-03-27,INV-363900,BigBuy Distribution,Standard Widget,471,80,37680,23550
2026-03-27,INV-725194,Small Dealer 10,Standard Widget,310,80,24800,15500
2026-03-27,INV-562345,Small Dealer 15,Standard Widget,139,80,11120,6950
2026-03-27,INV-751974,Small Dealer 11,Standard Widget,343,80,27440,17150
2026-03-27,INV-776485,SuperStore Inc,Budget Widget,401,30,12030,7218
2026-03-27,INV-995554,MegaMart Corp,Budget Widget,132,30,3960,2376
2026-03-27,INV-225021,SuperStore Inc,Budget Widget,424,30,12720,7632
2026-03-27,INV-654730,BigBuy Distribution,Premium Widget,418,150,62700,50160
2026-03-27,INV-820753,SuperStore Inc,Declining Product,100,100,10000,6500
2026-03-27,INV-588151,Small Dealer 2,Budget Widget,500,30,15000,9000
2026-03-27,INV-440034,Small Dealer 18,Standard Widget,143,80,11440,7150
2026-03-27,INV-627614,Small Dealer 3,Premium Widget,380,150,57000,45600
2026-03-27,INV-350202,SuperStore Inc,Declining Product,472,100,47200,30680
2026-03-27,INV-966010,Small Dealer 18,Gadget Pro,358,250,89500,62650
2026-03-27,INV-880955,Small Dealer 6,Budget Widget,115,30,3450,2070
2026-03-27,INV-381701,BigBuy Distribution,Premium Widget,481,150,72150,57720
2026-03-27,INV-127771,Small Dealer 13,Premium Widget,381,150,57150,45720
2026-03-27,INV-354117,BigBuy Distribution,Gadget Pro,221,250,55250,38675
2026-03-27,INV-951496,Small Dealer 10,Low Stock Item,62,200,12400,8060
2026-03-27,INV-614939,MegaMart Corp,Low Stock Item,477,200,95400,62010
2026-03-27,INV-504496,BigBuy Distribution,Gadget Pro,28,250,7000,4900
2026-03-27,INV-910280,SuperStore Inc,Premium Widget,444,150,66600,53280
2026-03-27,INV-109425,MegaMart Corp,Budget Widget,307,30,9210,5526
2026-03-28,INV-245535,MegaMart Corp,Budget Widget,11,30,330,198
2026-03-28,INV-146242,Small Dealer 7,Premium Widget,222,150,33300,26640
2026-03-28,INV-296342,SuperStore Inc,Gadget Lite,36,90,3240,1980
2026-03-28,INV-950767,Small Dealer 16,Standard Widget,295,80,23600,14750
2026-03-28,INV-636281,SuperStore Inc,Gadget Lite,450,90,40500,24750
2026-03-28,INV-281038,Small Dealer 21,Standard Widget,67,80,5360,3350
2026-03-28,INV-883844,SuperStore Inc,Premium Widget,145,150,21750,17400
2026-03-28,INV-489992,Small Dealer 18,Budget Widget,82,30,2460,1476
2026-03-28,INV-899916,SuperStore Inc,Low Stock Item,212,200,42400,27560
2026-03-28,INV-889003,BigBuy Distribution,Gadget Lite,335,90,30150,18425
2026-03-28,INV-133995,Small Dealer 17,Budget Widget,93,30,2790,1674
2026-03-28,INV-188895,Small Dealer 21,Premium Widget,156,150,23400,18720
2026-03-28,INV-511310,SuperStore Inc,Standard Widget,141,80,11280,7050
2026-03-29,INV-277817,MegaMart Corp,Gadget Lite,260,90,23400,14300
2026-03-29,INV-644021,Small Dealer 19,Budget Widget,96,30,2880,1728
2026-03-29,INV-728070,Small Dealer 27,Budget Widget,388,30,11640,6984
2026-03-29,INV-439391,Small Dealer 20,Budget Widget,243,30,7290,4374
2026-03-29,INV-738377,Small Dealer 16,Gadget Pro,401,250,100250,70175
2026-03-29,INV-456530,BigBuy Distribution,Standard Widget,24,80,1920,1200
2026-03-29,INV-792141,SuperStore Inc,Low Stock Item,250,200,50000,32500
2026-03-29,INV-972222,Small Dealer 21,Low Stock Item,444,200,88800,57720
2026-03-30,INV-427032,SuperStore Inc,Premium Widget,250,150,37500,30000
2026-03-30,INV-715126,Small Dealer 4,Premium Widget,198,150,29700,23760
2026-03-30,INV-661497,SuperStore Inc,Gadget Pro,354,250,88500,61950
2026-03-30,INV-957009,MegaMart Corp,Gadget Lite,153,90,13770,8415
2026-03-30,INV-457564,Small Dealer 19,Premium Widget,131,150,19650,15720
2026-03-30,INV-239846,Small Dealer 14,Gadget Pro,23,250,5750,4025
2026-03-30,INV-749039,BigBuy Distribution,Gadget Pro,219,250,54750,38325
2026-03-30,INV-747392,SuperStore Inc,Declining Product,447,100,44700,29055
2026-03-30,INV-590736,SuperStore Inc,Budget Widget,356,30,10680,6408
2026-03-30,INV-609785,Small Dealer 13,Premium Widget,474,150,71100,56880
2026-03-30,INV-191302,MegaMart Corp,Gadget Lite,97,90,8730,5335
2026-03-30,INV-508336,BigBuy Distribution,Budget Widget,76,30,2280,1368
2026-03-30,INV-923189,Small Dealer 4,Low Stock Item,21,200,4200,2730
2026-03-30,INV-407646,SuperStore Inc,Budget Widget,308,30,9240,5544
2026-03-30,INV-763960,SuperStore Inc,Gadget Lite,320,90,28800,17600
2026-03-31,INV-265127,SuperStore Inc,Standard Widget,182,80,14560,9100
2026-03-31,INV-910426,Small Dealer 21,Standard Widget,250,80,20000,12500
2026-03-31,INV-139916,BigBuy Distribution,Low Stock Item,179,200,35800,23270
2026-03-31,INV-480131,Small Dealer 24,Declining Product,484,100,48400,31460
2026-03-31,INV-364248,Small Dealer 11,Declining Product,258,100,25800,16770
2026-03-31,INV-469748,BigBuy Distribution,Gadget Lite,382,90,34380,21010
2026-03-31,INV-179742,Small Dealer 24,Standard Widget,179,80,14320,8950
2026-03-31,INV-677565,SuperStore Inc,Gadget Lite,391,90,35190,21505
2026-03-31,INV-771322,Small Dealer 14,Declining Product,442,100,44200,28730
2026-03-31,INV-278150,BigBuy Distribution,Declining Product,405,100,40500,26325
2026-03-31,INV-283664,Small Dealer 28,Declining Product,334,100,33400,21710
2026-03-31,INV-988673,BigBuy Distribution,Gadget Pro,399,250,99750,69825
2026-03-31,INV-924745,Small Dealer 11,Standard Widget,117,80,9360,5850
2026-03-31,INV-713208,SuperStore Inc,Budget Widget,357,30,10710,6426
2026-03-31,INV-249117,Small Dealer 19,Low Stock Item,37,200,7400,4810
2026-03-31,INV-455906,MegaMart Corp,Gadget Pro,274,250,68500,47950
2026-03-31,INV-687486,SuperStore Inc,Premium Widget,40,150,6000,4800
2026-04-01,INV-186138,Small Dealer 11,Low Stock Item,375,200,75000,48750
2026-04-01,INV-691640,Small Dealer 10,Standard Widget,222,80,17760,11100
2026-04-01,INV-977822,Small Dealer 16,Budget Widget,123,30,3690,2214
2026-04-01,INV-311514,Small Dealer 11,Premium Widget,372,150,55800,44640
2026-04-01,INV-493337,Small Dealer 20,Gadget Lite,256,90,23040,14080
2026-04-01,INV-398131,Small Dealer 11,Standard Widget,324,80,25920,16200
2026-04-01,INV-555486,SuperStore Inc,Standard Widget,380,80,30400,19000
2026-04-01,INV-635950,Small Dealer 1,Budget Widget,40,30,1200,720
2026-04-01,INV-376259,MegaMart Corp,Declining Product,114,100,11400,7410
2026-04-01,INV-727906,Small Dealer 3,Premium Widget,279,150,41850,33480
2026-04-01,INV-250914,SuperStore Inc,Standard Widget,239,80,19120,11950
2026-04-01,INV-970705,BigBuy Distribution,Declining Product,318,100,31800,20670
2026-04-01,INV-143061,MegaMart Corp,Gadget Pro,269,250,67250,47075
2026-04-01,INV-604326,BigBuy Distribution,Low Stock Item,43,200,8600,5590
2026-04-01,INV-312160,SuperStore Inc,Premium Widget,135,150,20250,16200
2026-04-01,INV-342647,Small Dealer 24,Gadget Lite,356,90,32040,19580
2026-04-01,INV-191055,SuperStore Inc,Budget Widget,154,30,4620,2772
2026-04-01,INV-784396,SuperStore Inc,Standard Widget,224,80,17920,11200
2026-04-02,INV-809868,Small Dealer 2,Gadget Pro,102,250,25500,17850
2026-04-02,INV-333327,BigBuy Distribution,Standard Widget,54,80,4320,2700
2026-04-02,INV-866678,BigBuy Distribution,Low Stock Item,34,200,6800,4420
2026-04-02,INV-351967,MegaMart Corp,Premium Widget,307,150,46050,36840
2026-04-02,INV-533266,Small Dealer 16,Gadget Pro,380,250,95000,66500
2026-04-02,INV-577017,SuperStore Inc,Gadget Lite,247,90,22230,13585
2026-04-02,INV-578297,SuperStore Inc,Budget Widget,401,30,12030,7218
2026-04-02,INV-446894,SuperStore Inc,Budget Widget,162,30,4860,2916
2026-04-02,INV-628759,MegaMart Corp,Standard Widget,138,80,11040,6900
2026-04-02,INV-829609,SuperStore Inc,Gadget Lite,450,90,40500,24750
2026-04-02,INV-856984,SuperStore Inc,Gadget Lite,388,90,34920,21340
2026-04-02,INV-754586,MegaMart Corp,Standard Widget,205,80,16400,10250
2026-04-02,INV-346456,SuperStore Inc,Budget Widget,115,30,3450,2070
2026-04-02,INV-887593,Small Dealer 18,Low Stock Item,384,200,76800,49920
2026-04-02,INV-784511,BigBuy Distribution,Standard Widget,106,80,8480,5300
2026-04-02,INV-811684,Small Dealer 3,Standard Widget,196,80,15680,9800
2026-04-02,INV-645282,Small Dealer 3,Budget Widget,345,30,10350,6210
2026-04-02,INV-587074,BigBuy Distribution,Gadget Lite,24,90,2160,1320
2026-04-02,INV-553157,SuperStore Inc,Budget Widget,18,30,540,324
2026-04-02,INV-561390,SuperStore Inc,Premium Widget,207,150,31050,24840
2026-04-02,INV-229285,MegaMart Corp,Budget Widget,333,30,9990,5994
2026-04-02,INV-631675,Small Dealer 10,Budget Widget,427,30,12810,7686
2026-04-02,INV-540470,MegaMart Corp,Premium Widget,487,150,73050,58440
2026-04-02,INV-367361,Small Dealer 18,Standard Widget,386,80,30880,19300
2026-04-02,INV-975853,Small Dealer 15,Gadget Pro,459,250,114750,80325
2026-04-02,INV-282729,Small Dealer 15,Standard Widget,37,80,2960,1850
2026-04-02,INV-601204,MegaMart Corp,Declining Product,432,100,43200,28080
2026-04-02,INV-135208,Small Dealer 12,Standard Widget,351,80,28080,17550
2026-04-02,INV-478771,BigBuy Distribution,Gadget Lite,406,90,36540,22330
2026-04-02,INV-663098,SuperStore Inc,Low Stock Item,102,200,20400,13260
2026-04-02,INV-188743,BigBuy Distribution,Low Stock Item,467,200,93400,60710
2026-04-02,INV-414736,BigBuy Distribution,Low Stock Item,498,200,99600,64740
2026-04-02,INV-811666,Small Dealer 12,Premium Widget,206,150,30900,24720
2026-04-02,INV-885530,Small Dealer 20,Low Stock Item,44,200,8800,5720
2026-04-03,INV-956161,Small Dealer 9,Budget Widget,438,30,13140,7884
2026-04-03,INV-363634,SuperStore Inc,Budget Widget,231,30,6930,4158
2026-04-03,INV-712555,Small Dealer 5,Standard Widget,432,80,34560,21600
2026-04-03,INV-278126,SuperStore Inc,Premium Widget,199,150,29850,23880
2026-04-03,INV-651885,MegaMart Corp,Gadget Lite,387,90,34830,21285
2026-04-03,INV-368064,BigBuy Distribution,Budget Widget,179,30,5370,3222
2026-04-03,INV-626496,MegaMart Corp,Gadget Lite,45,90,4050,2475
2026-04-03,INV-463488,SuperStore Inc,Low Stock Item,361,200,72200,46930
2026-04-03,INV-494002,Small Dealer 4,Gadget Pro,164,250,41000,28700
2026-04-03,INV-745991,MegaMart Corp,Gadget Pro,487,250,121750,85225
2026-04-03,INV-234401,Small Dealer 11,Premium Widget,390,150,58500,46800
2026-04-03,INV-936194,Small Dealer 23,Premium Widget,39,150,5850,4680
2026-04-03,INV-607047,Small Dealer 22,Premium Widget,246,150,36900,29520
2026-04-03,INV-619346,Small Dealer 2,Gadget Lite,335,90,30150,18425
2026-04-03,INV-144976,BigBuy Distribution,Gadget Lite,226,90,20340,12430
2026-04-03,INV-715939,Small Dealer 1,Gadget Pro,259,250,64750,45325
2026-04-03,INV-504059,BigBuy Distribution,Gadget Pro,54,250,13500,9450
2026-04-03,INV-287886,SuperStore Inc,Budget Widget,341,30,10230,6138
2026-04-03,INV-310993,Small Dealer 23,Gadget Pro,457,250,114250,79975
2026-04-03,INV-519024,Small Dealer 25,Low Stock Item,396,200,79200,51480
2026-04-03,INV-194696,BigBuy Distribution,Budget Widget,481,30,14430,8658
2026-04-03,INV-510267,Small Dealer 22,Premium Widget,226,150,33900,27120
2026-04-03,INV-475991,BigBuy Distribution,Premium Widget,187,150,28050,22440
2026-04-03,INV-482526,Small Dealer 4,Gadget Pro,176,250,44000,30800
2026-04-03,INV-416162,BigBuy Distribution,Low Stock Item,466,200,93200,60580
2026-04-03,INV-882519,Small Dealer 19,Standard Widget,225,80,18000,11250
2026-04-03,INV-696298,SuperStore Inc,Declining Product,184,100,18400,11960
2026-04-03,INV-533398,Small Dealer 11,Premium Widget,366,150,54900,43920
2026-04-04,INV-715527,Small Dealer 3,Standard Widget,116,80,9280,5800
2026-04-04,INV-373467,MegaMart Corp,Standard Widget,77,80,6160,3850
2026-04-04,INV-491320,Small Dealer 3,Low Stock Item,86,200,17200,11180
2026-04-04,INV-234909,SuperStore Inc,Premium Widget,313,150,46950,37560
2026-04-04,INV-550527,MegaMart Corp,Gadget Pro,373,250,93250,65275
2026-04-04,INV-427040,Small Dealer 15,Gadget Lite,388,90,34920,21340
2026-04-04,INV-418948,BigBuy Distribution,Declining Product,293,100,29300,19045
2026-04-04,INV-632118,BigBuy Distribution,Gadget Lite,433,90,38970,23815
2026-04-04,INV-189416,SuperStore Inc,Gadget Pro,111,250,27750,19425
2026-04-04,INV-269907,MegaMart Corp,Premium Widget,187,150,28050,22440
2026-04-04,INV-314817,MegaMart Corp,Budget Widget,372,30,11160,6696
2026-04-04,INV-464426,MegaMart Corp,Standard Widget,400,80,32000,20000
2026-04-04,INV-362605,Small Dealer 24,Premium Widget,226,150,33900,27120
2026-04-05,INV-395244,MegaMart Corp,Standard Widget,257,80,20560,12850
2026-04-05,INV-215968,BigBuy Distribution,Gadget Lite,15,90,1350,825
2026-04-05,INV-735372,MegaMart Corp,Premium Widget,395,150,59250,47400
2026-04-05,INV-355555,BigBuy Distribution,Gadget Lite,227,90,20430,12485
2026-04-05,INV-977505,BigBuy Distribution,Gadget Pro,18,250,4500,3150
2026-04-05,INV-951762,BigBuy Distribution,Budget Widget,125,30,3750,2250
2026-04-05,INV-282218,SuperStore Inc,Gadget Lite,86,90,7740,4730
2026-04-05,INV-537443,SuperStore Inc,Standard Widget,188,80,15040,9400
2026-04-05,INV-614150,BigBuy Distribution,Gadget Pro,190,250,47500,33250
2026-04-05,INV-403385,SuperStore Inc,Low Stock Item,384,200,76800,49920
2026-04-05,INV-939267,BigBuy Distribution,Low Stock Item,168,200,33600,21840
2026-04-05,INV-844421,SuperStore Inc,Premium Widget,439,150,65850,52680
2026-04-05,INV-313111,BigBuy Distribution,Standard Widget,250,80,20000,12500
2026-04-05,INV-649203,MegaMart Corp,Budget Widget,402,30,12060,7236
2026-04-06,INV-499441,Small Dealer 10,Gadget Lite,365,90,32850,20075
2026-04-06,INV-859827,SuperStore Inc,Standard Widget,359,80,28720,17950
2026-04-06,INV-184791,SuperStore Inc,Gadget Lite,221,90,19890,12155
2026-04-06,INV-258593,BigBuy Distribution,Gadget Pro,395,250,98750,69125
2026-04-06,INV-103466,MegaMart Corp,Gadget Lite,286,90,25740,15730
2026-04-06,INV-805271,Small Dealer 14,Gadget Lite,432,90,38880,23760
2026-04-06,INV-798557,Small Dealer 19,Budget Widget,268,30,8040,4824
2026-04-06,INV-689490,Small Dealer 5,Gadget Pro,44,250,11000,7700
2026-04-06,INV-167187,BigBuy Distribution,Gadget Pro,457,250,114250,79975
2026-04-06,INV-271525,Small Dealer 4,Gadget Pro,486,250,121500,85050
2026-04-06,INV-131478,MegaMart Corp,Declining Product,318,100,31800,20670
2026-04-06,INV-544490,Small Dealer 7,Gadget Pro,210,250,52500,36750
2026-04-06,INV-746632,MegaMart Corp,Declining Product,490,100,49000,31850
2026-04-06,INV-781620,MegaMart Corp,Low Stock Item,47,200,9400,6110
2026-04-06,INV-709760,SuperStore Inc,Gadget Lite,177,90,15930,9735
2026-04-07,INV-817088,MegaMart Corp,Standard Widget,112,80,8960,5600
2026-04-07,INV-800284,MegaMart Corp,Gadget Pro,98,250,24500,17150
2026-04-07,INV-335840,Small Dealer 9,Premium Widget,436,150,65400,52320
2026-04-07,INV-821939,MegaMart Corp,Budget Widget,334,30,10020,6012
2026-04-07,INV-310626,BigBuy Distribution,Premium Widget,347,150,52050,41640
2026-04-07,INV-232271,SuperStore Inc,Gadget Pro,185,250,46250,32375
2026-04-07,INV-534688,Small Dealer 15,Gadget Pro,178,250,44500,31150
2026-04-07,INV-458931,MegaMart Corp,Low Stock Item,333,200,66600,43290
2026-04-07,INV-487085,BigBuy Distribution,Standard Widget,37,80,2960,1850
2026-04-07,INV-578235,SuperStore Inc,Low Stock Item,41,200,8200,5330
2026-04-07,INV-910411,Small Dealer 5,Gadget Pro,449,250,112250,78575
2026-04-07,INV-995815,MegaMart Corp,Budget Widget,444,30,13320,7992
2026-04-07,INV-624809,BigBuy Distribution,Low Stock Item,46,200,9200,5980
2026-04-07,INV-629878,BigBuy Distribution,Low Stock Item,499,200,99800,64870
2026-04-07,INV-104170,BigBuy Distribution,Standard Widget,475,80,38000,23750
2026-04-07,INV-389970,Small Dealer 3,Budget Widget,71,30,2130,1278
2026-04-07,INV-998753,MegaMart Corp,Declining Product,219,100,21900,14235
2026-04-07,INV-244353,SuperStore Inc,Gadget Lite,187,90,16830,10285
2026-04-07,INV-944057,MegaMart Corp,Standard Widget,370,80,29600,18500
2026-04-07,INV-787354,Small Dealer 4,Gadget Lite,300,90,27000,16500
2026-04-07,INV-690928,SuperStore Inc,Gadget Pro,485,250,121250,84875
2026-04-07,INV-237405,Small Dealer 1,Gadget Lite,499,90,44910,27445
2026-04-07,INV-708594,BigBuy Distribution,Gadget Lite,144,90,12960,7920
2026-04-07,INV-880854,Small Dealer 7,Gadget Pro,446,250,111500,78050
2026-04-07,INV-580267,Small Dealer 24,Gadget Lite,173,90,15570,9515
2026-04-08,INV-180556,Small Dealer 14,Gadget Lite,212,90,19080,11660
2026-04-08,INV-985250,Small Dealer 8,Low Stock Item,284,200,56800,36920
2026-04-08,INV-914684,BigBuy Distribution,Budget Widget,18,30,540,324
2026-04-08,INV-710921,Small Dealer 29,Premium Widget,372,150,55800,44640
2026-04-08,INV-463519,Small Dealer 23,Budget Widget,314,30,9420,5652
2026-04-08,INV-318404,Small Dealer 24,Declining Product,82,100,8200,5330
2026-04-08,INV-901114,BigBuy Distribution,Gadget Pro,411,250,102750,71925
2026-04-08,INV-502258,BigBuy Distribution,Gadget Lite,106,90,9540,5830
2026-04-08,INV-398610,Small Dealer 4,Low Stock Item,409,200,81800,53170
2026-04-08,INV-803966,BigBuy Distribution,Gadget Lite,177,90,15930,9735
2026-04-08,INV-616657,MegaMart Corp,Gadget Pro,281,250,70250,49175
2026-04-08,INV-801435,SuperStore Inc,Standard Widget,10,80,800,500
2026-04-08,INV-325091,MegaMart Corp,Gadget Pro,374,250,93500,65450
2026-04-08,INV-169931,BigBuy Distribution,Premium Widget,493,150,73950,59160
2026-04-08,INV-515254,BigBuy Distribution,Low Stock Item,228,200,45600,29640
2026-04-08,INV-271852,Small Dealer 14,Standard Widget,236,80,18880,11800
2026-04-08,INV-334404,Small Dealer 7,Gadget Pro,237,250,59250,41475
2026-04-08,INV-493567,SuperStore Inc,Low Stock Item,124,200,24800,16120
2026-04-08,INV-771716,SuperStore Inc,Premium Widget,245,150,36750,29400
2026-04-08,INV-464387,BigBuy Distribution,Gadget Pro,11,250,2750,1925
2026-04-08,INV-987633,SuperStore Inc,Declining Product,439,100,43900,28535
2026-04-08,INV-373300,SuperStore Inc,Declining Product,172,100,17200,11180
2026-04-08,INV-355840,SuperStore Inc,Standard Widget,317,80,25360,15850
2026-04-08,INV-105911,SuperStore Inc,Gadget Pro,315,250,78750,55125
2026-04-09,INV-676456,Small Dealer 11,Budget Widget,227,30,6810,4086
2026-04-09,INV-853592,Small Dealer 16,Gadget Pro,133,250,33250,23275
2026-04-09,INV-627028,Small Dealer 25,Budget Widget,274,30,8220,4932
2026-04-09,INV-268640,MegaMart Corp,Premium Widget,445,150,66750,53400
2026-04-09,INV-939703,MegaMart Corp,Standard Widget,311,80,24880,15550
2026-04-09,INV-385340,SuperStore Inc,Standard Widget,171,80,13680,8550
2026-04-09,INV-151069,Small Dealer 25,Low Stock Item,468,200,93600,60840
2026-04-09,INV-154262,Small Dealer 19,Budget Widget,274,30,8220,4932
2026-04-09,INV-504860,MegaMart Corp,Gadget Lite,160,90,14400,8800
2026-04-09,INV-589523,SuperStore Inc,Low Stock Item,413,200,82600,53690
2026-04-09,INV-173756,Small Dealer 1,Premium Widget,23,150,3450,2760
2026-04-09,INV-136618,Small Dealer 22,Premium Widget,465,150,69750,55800
2026-04-09,INV-435781,BigBuy Distribution,Low Stock Item,490,200,98000,63700
2026-04-09,INV-343052,SuperStore Inc,Gadget Lite,373,90,33570,20515
2026-04-09,INV-960127,Small Dealer 25,Low Stock Item,128,200,25600,16640
2026-04-09,INV-389715,MegaMart Corp,Low Stock Item,319,200,63800,41470
2026-04-09,INV-433401,MegaMart Corp,Low Stock Item,281,200,56200,36530
2026-04-09,INV-467161,MegaMart Corp,Standard Widget,16,80,1280,800
2026-04-09,INV-365414,BigBuy Distribution,Low Stock Item,336,200,67200,43680
2026-04-09,INV-760874,Small Dealer 23,Standard Widget,193,80,15440,9650
2026-04-09,INV-143882,MegaMart Corp,Low Stock Item,345,200,69000,44850
2026-04-09,INV-884323,SuperStore Inc,Low Stock Item,163,200,32600,21190
2026-04-09,INV-705461,SuperStore Inc,Standard Widget,348,80,27840,17400
2026-04-09,INV-570266,MegaMart Corp,Budget Widget,299,30,8970,5382
2026-04-09,INV-138117,BigBuy Distribution,Gadget Lite,311,90,27990,17105
2026-04-09,INV-246299,Small Dealer 8,Gadget Lite,405,90,36450,22275
2026-04-10,INV-508094,BigBuy Distribution,Declining Product,249,100,24900,16185
2026-04-10,INV-971776,Small Dealer 2,Gadget Pro,208,250,52000,36400
2026-04-10,INV-435734,BigBuy Distribution,Low Stock Item,305,200,61000,39650
2026-04-10,INV-311825,Small Dealer 27,Premium Widget,467,150,70050,56040
2026-04-10,INV-779126,Small Dealer 27,Budget Widget,18,30,540,324
2026-04-10,INV-676835,BigBuy Distribution,Gadget Lite,250,90,22500,13750
2026-04-10,INV-801624,SuperStore Inc,Budget Widget,158,30,4740,2844
2026-04-10,INV-204773,Small Dealer 7,Premium Widget,280,150,42000,33600
2026-04-10,INV-824126,SuperStore Inc,Standard Widget,92,80,7360,4600
2026-04-10,INV-753770,Small Dealer 22,Standard Widget,334,80,26720,16700
2026-04-10,INV-503521,Small Dealer 27,Declining Product,102,100,10200,6630
2026-04-10,INV-104629,Small Dealer 8,Low Stock Item,95,200,19000,12350
2026-04-10,INV-183723,SuperStore Inc,Budget Widget,296,30,8880,5328
2026-04-10,INV-964973,MegaMart Corp,Standard Widget,124,80,9920,6200
2026-04-10,INV-634097,Small Dealer 3,Gadget Lite,250,90,22500,13750
2026-04-10,INV-983127,SuperStore Inc,Declining Product,217,100,21700,14105
2026-04-10,INV-838559,MegaMart Corp,Low Stock Item,79,200,15800,10270
2026-04-11,INV-736249,Small Dealer 22,Low Stock Item,292,200,58400,37960
2026-04-11,INV-161945,MegaMart Corp,Gadget Lite,126,90,11340,6930
2026-04-11,INV-754569,MegaMart Corp,Budget Widget,267,30,8010,4806
2026-04-11,INV-976568,Small Dealer 6,Standard Widget,357,80,28560,17850
2026-04-11,INV-559177,SuperStore Inc,Premium Widget,203,150,30450,24360
2026-04-11,INV-774662,SuperStore Inc,Premium Widget,314,150,47100,37680
2026-04-11,INV-496367,BigBuy Distribution,Declining Product,99,100,9900,6435
2026-04-11,INV-524542,SuperStore Inc,Premium Widget,106,150,15900,12720
2026-04-11,INV-481145,SuperStore Inc,Declining Product,367,100,36700,23855
2026-04-11,INV-339997,BigBuy Distribution,Budget Widget,171,30,5130,3078
2026-04-11,INV-854110,MegaMart Corp,Budget Widget,237,30,7110,4266
2026-04-11,INV-963606,SuperStore Inc,Gadget Pro,425,250,106250,74375
2026-04-11,INV-246272,MegaMart Corp,Gadget Lite,175,90,15750,9625
2026-04-11,INV-732861,Small Dealer 21,Gadget Lite,495,90,44550,27225
2026-04-11,INV-956028,MegaMart Corp,Gadget Pro,67,250,16750,11725
2026-04-11,INV-208030,MegaMart Corp,Gadget Lite,483,90,43470,26565
2026-04-11,INV-599461,Small Dealer 11,Gadget Pro,231,250,57750,40425
2026-04-11,INV-461044,Small Dealer 26,Standard Widget,288,80,23040,14400
2026-04-11,INV-163212,MegaMart Corp,Gadget Pro,198,250,49500,34650
2026-04-11,INV-657902,Small Dealer 25,Gadget Lite,443,90,39870,24365
2026-04-11,INV-628487,BigBuy Distribution,Low Stock Item,113,200,22600,14690
2026-04-11,INV-334188,Small Dealer 3,Gadget Lite,308,90,27720,16940
2026-04-11,INV-286098,SuperStore Inc,Gadget Pro,40,250,10000,7000
2026-04-11,INV-549132,Small Dealer 11,Low Stock Item,497,200,99400,64610
2026-04-11,INV-881761,BigBuy Distribution,Budget Widget,392,30,11760,7056
2026-04-11,INV-352753,Small Dealer 13,Standard Widget,362,80,28960,18100
2026-04-11,INV-258051,Small Dealer 25,Low Stock Item,305,200,61000,39650
2026-04-11,INV-392444,BigBuy Distribution,Budget Widget,80,30,2400,1440
2026-04-11,INV-180877,Small Dealer 15,Premium Widget,183,150,27450,21960
2026-04-11,INV-994676,SuperStore Inc,Gadget Pro,250,250,62500,43750
2026-04-11,INV-301723,BigBuy Distribution,Standard Widget,216,80,17280,10800
2026-04-11,INV-312367,MegaMart Corp,Gadget Lite,337,90,30330,18535
2026-04-11,INV-252404,Small Dealer 9,Gadget Pro,388,250,97000,67900
2026-04-12,INV-883748,MegaMart Corp,Gadget Pro,278,250,69500,48650
2026-04-12,INV-821441,Small Dealer 25,Standard Widget,376,80,30080,18800
2026-04-12,INV-871580,BigBuy Distribution,Declining Product,246,100,24600,15990
2026-04-12,INV-288600,SuperStore Inc,Gadget Pro,422,250,105500,73850
2026-04-12,INV-125779,Small Dealer 7,Gadget Pro,250,250,62500,43750
2026-04-12,INV-392667,BigBuy Distribution,Budget Widget,343,30,10290,6174
2026-04-12,INV-828827,SuperStore Inc,Gadget Lite,455,90,40950,25025
2026-04-12,INV-298401,BigBuy Distribution,Premium Widget,302,150,45300,36240
2026-04-12,INV-287541,Small Dealer 26,Low Stock Item,89,200,17800,11570
2026-04-12,INV-932763,Small Dealer 9,Premium Widget,405,150,60750,48600
2026-04-12,INV-246274,Small Dealer 6,Gadget Pro,124,250,31000,21700
2026-04-12,INV-901417,BigBuy Distribution,Premium Widget,453,150,67950,54360
2026-04-12,INV-352342,Small Dealer 13,Standard Widget,188,80,15040,9400
2026-04-12,INV-199397,Small Dealer 9,Gadget Lite,384,90,34560,21120
2026-04-12,INV-485935,Small Dealer 12,Budget Widget,184,30,5520,3312
2026-04-12,INV-433759,BigBuy Distribution,Low Stock Item,94,200,18800,12220
2026-04-12,INV-373970,BigBuy Distribution,Standard Widget,53,80,4240,2650
2026-04-12,INV-521880,Small Dealer 2,Standard Widget,187,80,14960,9350
2026-04-12,INV-257981,MegaMart Corp,Standard Widget,268,80,21440,13400
2026-04-12,INV-417471,MegaMart Corp,Budget Widget,351,30,10530,6318
2026-04-12,INV-707725,Small Dealer 1,Budget Widget,238,30,7140,4284
2026-04-12,INV-557898,BigBuy Distribution,Low Stock Item,375,200,75000,48750
2026-04-12,INV-917323,Small Dealer 3,Standard Widget,85,80,6800,4250
2026-04-13,INV-281004,Small Dealer 2,Low Stock Item,223,200,44600,28990
2026-04-13,INV-504681,Small Dealer 14,Low Stock Item,170,200,34000,22100
2026-04-13,INV-559542,BigBuy Distribution,Standard Widget,162,80,12960,8100
2026-04-13,INV-964032,BigBuy Distribution,Gadget Pro,278,250,69500,48650
2026-04-13,INV-121270,Small Dealer 18,Standard Widget,117,80,9360,5850
2026-04-13,INV-285695,SuperStore Inc,Low Stock Item,234,200,46800,30420
2026-04-13,INV-514250,BigBuy Distribution,Gadget Pro,158,250,39500,27650
2026-04-13,INV-319505,BigBuy Distribution,Standard Widget,211,80,16880,10550
2026-04-13,INV-993313,MegaMart Corp,Standard Widget,18,80,1440,900
2026-04-13,INV-591875,SuperStore Inc,Premium Widget,62,150,9300,7440
2026-04-13,INV-906866,SuperStore Inc,Standard Widget,273,80,21840,13650
2026-04-13,INV-524909,MegaMart Corp,Gadget Pro,465,250,116250,81375
2026-04-13,INV-949284,MegaMart Corp,Low Stock Item,432,200,86400,56160
2026-04-13,INV-366471,MegaMart Corp,Declining Product,132,100,13200,8580
2026-04-13,INV-812834,Small Dealer 23,Standard Widget,449,80,35920,22450
2026-04-13,INV-823175,MegaMart Corp,Premium Widget,375,150,56250,45000
2026-04-13,INV-493578,SuperStore Inc,Standard Widget,403,80,32240,20150
2026-04-13,INV-480458,MegaMart Corp,Low Stock Item,150,200,30000,19500
2026-04-13,INV-886568,Small Dealer 10,Premium Widget,158,150,23700,18960
2026-04-13,INV-745211,BigBuy Distribution,Budget Widget,242,30,7260,4356
2026-04-13,INV-978218,Small Dealer 12,Premium Widget,401,150,60150,48120
2026-04-13,INV-652650,MegaMart Corp,Low Stock Item,169,200,33800,21970
2026-04-13,INV-534710,MegaMart Corp,Declining Product,406,100,40600,26390
2026-04-13,INV-163055,Small Dealer 24,Gadget Pro,414,250,103500,72450
2026-04-13,INV-539184,SuperStore Inc,Premium Widget,161,150,24150,19320
2026-04-13,INV-374566,BigBuy Distribution,Premium Widget,236,150,35400,28320
2026-04-13,INV-969595,SuperStore Inc,Standard Widget,271,80,21680,13550
2026-04-13,INV-498180,MegaMart Corp,Gadget Lite,378,90,34020,20790
2026-04-13,INV-176117,Small Dealer 5,Budget Widget,152,30,4560,2736
2026-04-13,INV-670789,Small Dealer 14,Declining Product,289,100,28900,18785
2026-04-13,INV-331576,SuperStore Inc,Gadget Lite,486,90,43740,26730
2026-04-14,INV-321731,Small Dealer 22,Budget Widget,88,30,2640,1584
2026-04-14,INV-379001,Small Dealer 19,Standard Widget,187,80,14960,9350
2026-04-14,INV-583304,Small Dealer 28,Gadget Lite,17,90,1530,935
2026-04-14,INV-116055,MegaMart Corp,Gadget Pro,483,250,120750,84525
2026-04-14,INV-640865,Small Dealer 25,Standard Widget,325,80,26000,16250
2026-04-14,INV-790780,MegaMart Corp,Standard Widget,348,80,27840,17400
2026-04-14,INV-885413,SuperStore Inc,Gadget Pro,486,250,121500,85050
2026-04-14,INV-333177,SuperStore Inc,Standard Widget,486,80,38880,24300
2026-04-14,INV-901069,Small Dealer 25,Premium Widget,265,150,39750,31800
2026-04-14,INV-432177,SuperStore Inc,Low Stock Item,399,200,79800,51870
2026-04-14,INV-278996,BigBuy Distribution,Gadget Lite,43,90,3870,2365
2026-04-14,INV-406925,BigBuy Distribution,Gadget Pro,94,250,23500,16450
2026-04-14,INV-106067,Small Dealer 19,Standard Widget,90,80,7200,4500
2026-04-14,INV-804091,Small Dealer 6,Low Stock Item,500,200,100000,65000
2026-04-14,INV-785323,Small Dealer 3,Budget Widget,412,30,12360,7416
2026-04-14,INV-813100,BigBuy Distribution,Low Stock Item,450,200,90000,58500
2026-04-14,INV-511540,MegaMart Corp,Gadget Lite,235,90,21150,12925
2026-04-14,INV-537314,MegaMart Corp,Gadget Lite,90,90,8100,4950
2026-04-14,INV-992377,MegaMart Corp,Budget Widget,33,30,990,594
2026-04-14,INV-242471,MegaMart Corp,Declining Product,374,100,37400,24310
2026-04-14,INV-729968,BigBuy Distribution,Premium Widget,128,150,19200,15360
2026-04-14,INV-821419,MegaMart Corp,Standard Widget,428,80,34240,21400
2026-04-14,INV-892373,Small Dealer 12,Premium Widget,389,150,58350,46680
2026-04-14,INV-953628,SuperStore Inc,Low Stock Item,213,200,42600,27690
2026-04-14,INV-630399,MegaMart Corp,Low Stock Item,127,200,25400,16510
2026-04-14,INV-812161,Small Dealer 10,Premium Widget,398,150,59700,47760
2026-04-14,INV-472013,Small Dealer 16,Gadget Pro,211,250,52750,36925
2026-04-14,INV-378939,BigBuy Distribution,Low Stock Item,313,200,62600,40690
2026-04-14,INV-473673,BigBuy Distribution,Low Stock Item,397,200,79400,51610
2026-04-14,INV-127578,Small Dealer 1,Standard Widget,125,80,10000,6250
2026-04-14,INV-200693,BigBuy Distribution,Budget Widget,430,30,12900,7740
2026-04-14,INV-969781,SuperStore Inc,Gadget Pro,135,250,33750,23625
2026-04-14,INV-434834,BigBuy Distribution,Premium Widget,273,150,40950,32760
2026-04-14,INV-970185,Small Dealer 11,Premium Widget,396,150,59400,47520
2026-04-14,INV-619650,BigBuy Distribution,Low Stock Item,447,200,89400,58110
2026-04-15,INV-430252,BigBuy Distribution,Premium Widget,438,150,65700,52560
2026-04-15,INV-611942,MegaMart Corp,Standard Widget,248,80,19840,12400
2026-04-15,INV-606779,MegaMart Corp,Low Stock Item,36,200,7200,4680
2026-04-15,INV-695591,SuperStore Inc,Declining Product,128,100,12800,8320
2026-04-15,INV-130998,Small Dealer 28,Gadget Pro,15,250,3750,2625
2026-04-15,INV-653515,SuperStore Inc,Budget Widget,211,30,6330,3798
2026-04-15,INV-655700,Small Dealer 17,Gadget Pro,151,250,37750,26425
2026-04-15,INV-408041,BigBuy Distribution,Declining Product,255,100,25500,16575
2026-04-15,INV-512885,Small Dealer 15,Standard Widget,122,80,9760,6100
2026-04-15,INV-992549,MegaMart Corp,Gadget Lite,159,90,14310,8745
2026-04-15,INV-255168,Small Dealer 16,Budget Widget,63,30,1890,1134
2026-04-15,INV-302333,MegaMart Corp,Low Stock Item,10,200,2000,1300
2026-04-15,INV-770467,BigBuy Distribution,Standard Widget,266,80,21280,13300
2026-04-15,INV-811333,MegaMart Corp,Gadget Lite,283,90,25470,15565
2026-04-15,INV-421007,Small Dealer 21,Budget Widget,12,30,360,216
2026-04-15,INV-222648,MegaMart Corp,Gadget Lite,196,90,17640,10780
2026-04-15,INV-444571,MegaMart Corp,Declining Product,372,100,37200,24180
2026-04-15,INV-823455,SuperStore Inc,Budget Widget,77,30,2310,1386
2026-04-15,INV-686069,Small Dealer 14,Low Stock Item,158,200,31600,20540
2026-04-15,INV-203439,Small Dealer 7,Gadget Pro,389,250,97250,68075
2026-04-15,INV-430405,SuperStore Inc,Declining Product,245,100,24500,15925
2026-04-15,INV-360564,BigBuy Distribution,Low Stock Item,44,200,8800,5720
2026-04-15,INV-739436,SuperStore Inc,Declining Product,90,100,9000,5850
2026-04-15,INV-743066,Small Dealer 17,Standard Widget,397,80,31760,19850
2026-04-15,INV-475281,MegaMart Corp,Low Stock Item,400,200,80000,52000
2026-04-15,INV-832101,SuperStore Inc,Standard Widget,389,80,31120,19450
2026-04-15,INV-785206,Small Dealer 13,Premium Widget,277,150,41550,33240
2026-04-15,INV-729237,SuperStore Inc,Standard Widget,102,80,8160,5100
2026-04-15,INV-839053,Small Dealer 27,Declining Product,158,100,15800,10270
2026-04-16,INV-949011,MegaMart Corp,Budget Widget,327,30,9810,5886
2026-04-16,INV-445026,BigBuy Distribution,Budget Widget,243,30,7290,4374
2026-04-16,INV-785982,SuperStore Inc,Standard Widget,354,80,28320,17700
2026-04-16,INV-897810,SuperStore Inc,Premium Widget,151,150,22650,18120
2026-04-16,INV-537267,BigBuy Distribution,Premium Widget,304,150,45600,36480
2026-04-16,INV-482304,MegaMart Corp,Low Stock Item,168,200,33600,21840
2026-04-16,INV-702893,Small Dealer 13,Gadget Lite,182,90,16380,10010
2026-04-16,INV-503645,SuperStore Inc,Standard Widget,322,80,25760,16100
2026-04-16,INV-910879,MegaMart Corp,Gadget Pro,112,250,28000,19600
2026-04-16,INV-315580,Small Dealer 1,Budget Widget,250,30,7500,4500
2026-04-16,INV-990155,Small Dealer 13,Low Stock Item,472,200,94400,61360
2026-04-16,INV-882047,Small Dealer 4,Premium Widget,275,150,41250,33000
2026-04-16,INV-621050,MegaMart Corp,Gadget Pro,355,250,88750,62125
2026-04-16,INV-325000,Small Dealer 11,Declining Product,152,100,15200,9880
2026-04-16,INV-209129,BigBuy Distribution,Standard Widget,422,80,33760,21100
2026-04-16,INV-630841,Small Dealer 17,Gadget Pro,416,250,104000,72800
2026-04-16,INV-810336,SuperStore Inc,Gadget Lite,44,90,3960,2420
2026-04-16,INV-506014,Small Dealer 19,Low Stock Item,61,200,12200,7930
2026-04-16,INV-530105,SuperStore Inc,Standard Widget,128,80,10240,6400
2026-04-16,INV-376499,MegaMart Corp,Premium Widget,26,150,3900,3120
2026-04-16,INV-848553,SuperStore Inc,Declining Product,479,100,47900,31135
2026-04-16,INV-443609,MegaMart Corp,Standard Widget,207,80,16560,10350
2026-04-16,INV-972326,Small Dealer 23,Standard Widget,291,80,23280,14550
2026-04-16,INV-715353,MegaMart Corp,Gadget Lite,404,90,36360,22220
2026-04-16,INV-894967,Small Dealer 6,Gadget Lite,261,90,23490,14355
2026-04-16,INV-633611,BigBuy Distribution,Gadget Lite,283,90,25470,15565
2026-04-16,INV-705502,BigBuy Distribution,Standard Widget,142,80,11360,7100
2026-04-16,INV-523975,Small Dealer 19,Premium Widget,329,150,49350,39480
2026-04-16,INV-853970,BigBuy Distribution,Budget Widget,61,30,1830,1098
2026-04-16,INV-450994,Small Dealer 22,Low Stock Item,408,200,81600,53040
2026-04-16,INV-840459,Small Dealer 7,Declining Product,41,100,4100,2665
2026-04-16,INV-230001,Small Dealer 7,Declining Product,114,100,11400,7410
2026-04-16,INV-618016,SuperStore Inc,Low Stock Item,216,200,43200,28080
2026-04-16,INV-367860,MegaMart Corp,Declining Product,437,100,43700,28405
2026-04-16,INV-384146,BigBuy Distribution,Gadget Lite,58,90,5220,3190
2026-04-16,INV-882600,Small Dealer 1,Premium Widget,40,150,6000,4800
2026-04-16,INV-487544,Small Dealer 2,Gadget Lite,237,90,21330,13035
2026-04-17,INV-229013,MegaMart Corp,Gadget Lite,451,90,40590,24805
2026-04-17,INV-142310,SuperStore Inc,Budget Widget,407,30,12210,7326
2026-04-17,INV-868581,BigBuy Distribution,Standard Widget,100,80,8000,5000
2026-04-17,INV-930502,BigBuy Distribution,Budget Widget,393,30,11790,7074
2026-04-17,INV-380366,SuperStore Inc,Standard Widget,390,80,31200,19500
2026-04-17,INV-703689,BigBuy Distribution,Gadget Pro,258,250,64500,45150
2026-04-17,INV-493041,Small Dealer 20,Standard Widget,468,80,37440,23400
2026-04-17,INV-823154,BigBuy Distribution,Low Stock Item,255,200,51000,33150
2026-04-17,INV-437329,SuperStore Inc,Declining Product,459,100,45900,29835
2026-04-17,INV-484014,Small Dealer 15,Gadget Pro,491,250,122750,85925
2026-04-17,INV-836358,SuperStore Inc,Gadget Lite,296,90,26640,16280
2026-04-17,INV-799216,Small Dealer 22,Gadget Pro,134,250,33500,23450
2026-04-17,INV-834896,MegaMart Corp,Premium Widget,439,150,65850,52680
2026-04-17,INV-249815,BigBuy Distribution,Gadget Pro,366,250,91500,64050
2026-04-17,INV-934765,BigBuy Distribution,Low Stock Item,38,200,7600,4940
2026-04-17,INV-335299,SuperStore Inc,Budget Widget,485,30,14550,8730
2026-04-17,INV-265470,Small Dealer 9,Premium Widget,483,150,72450,57960
2026-04-17,INV-226791,MegaMart Corp,Premium Widget,160,150,24000,19200
2026-04-17,INV-618209,MegaMart Corp,Declining Product,443,100,44300,28795
2026-04-17,INV-559086,MegaMart Corp,Declining Product,10,100,1000,650
2026-04-18,INV-870684,Small Dealer 29,Declining Product,371,100,37100,24115
2026-04-18,INV-935460,Small Dealer 11,Premium Widget,220,150,33000,26400
2026-04-18,INV-264924,Small Dealer 6,Gadget Pro,244,250,61000,42700
2026-04-18,INV-408396,BigBuy Distribution,Premium Widget,362,150,54300,43440
2026-04-18,INV-610741,BigBuy Distribution,Gadget Pro,61,250,15250,10675
2026-04-18,INV-559699,Small Dealer 6,Gadget Lite,462,90,41580,25410
2026-04-18,INV-358552,BigBuy Distribution,Budget Widget,169,30,5070,3042
2026-04-18,INV-702463,Small Dealer 13,Gadget Pro,128,250,32000,22400
2026-04-18,INV-385956,BigBuy Distribution,Budget Widget,225,30,6750,4050
2026-04-18,INV-156810,Small Dealer 5,Budget Widget,224,30,6720,4032
2026-04-18,INV-637261,Small Dealer 13,Gadget Lite,249,90,22410,13695
2026-04-19,INV-557008,Small Dealer 2,Gadget Pro,114,250,28500,19950
2026-04-19,INV-212721,SuperStore Inc,Gadget Pro,474,250,118500,82950
2026-04-19,INV-795335,BigBuy Distribution,Budget Widget,26,30,780,468
2026-04-19,INV-369868,Small Dealer 13,Premium Widget,131,150,19650,15720
2026-04-19,INV-337434,BigBuy Distribution,Gadget Lite,251,90,22590,13805
2026-04-19,INV-908244,MegaMart Corp,Standard Widget,415,80,33200,20750
2026-04-19,INV-552942,Small Dealer 27,Gadget Lite,374,90,33660,20570
2026-04-19,INV-787849,SuperStore Inc,Declining Product,156,100,15600,10140
2026-04-19,INV-287443,MegaMart Corp,Gadget Pro,335,250,83750,58625
2026-04-19,INV-825201,BigBuy Distribution,Gadget Pro,68,250,17000,11900
2026-04-19,INV-451210,Small Dealer 19,Budget Widget,123,30,3690,2214
2026-04-19,INV-555434,MegaMart Corp,Low Stock Item,391,200,78200,50830
2026-04-19,INV-112610,Small Dealer 15,Low Stock Item,350,200,70000,45500
2026-04-19,INV-133577,MegaMart Corp,Standard Widget,275,80,22000,13750
2026-04-19,INV-221366,Small Dealer 15,Standard Widget,105,80,8400,5250
2026-04-20,INV-893990,SuperStore Inc,Gadget Lite,295,90,26550,16225
2026-04-20,INV-411020,Small Dealer 21,Low Stock Item,207,200,41400,26910
2026-04-20,INV-215567,SuperStore Inc,Standard Widget,219,80,17520,10950
2026-04-20,INV-108806,Small Dealer 22,Budget Widget,264,30,7920,4752
2026-04-20,INV-491623,MegaMart Corp,Low Stock Item,494,200,98800,64220
2026-04-20,INV-936599,SuperStore Inc,Low Stock Item,262,200,52400,34060
2026-04-20,INV-300227,MegaMart Corp,Standard Widget,405,80,32400,20250
2026-04-20,INV-978047,BigBuy Distribution,Low Stock Item,308,200,61600,40040
2026-04-20,INV-555101,Small Dealer 23,Low Stock Item,311,200,62200,40430
2026-04-20,INV-725687,Small Dealer 11,Low Stock Item,213,200,42600,27690
2026-04-20,INV-551816,SuperStore Inc,Standard Widget,170,80,13600,8500
2026-04-20,INV-450985,SuperStore Inc,Gadget Pro,105,250,26250,18375
2026-04-20,INV-606009,Small Dealer 3,Budget Widget,54,30,1620,972
2026-04-20,INV-568436,Small Dealer 19,Gadget Lite,396,90,35640,21780
2026-04-20,INV-713448,Small Dealer 12,Premium Widget,453,150,67950,54360
2026-04-20,INV-450827,BigBuy Distribution,Budget Widget,311,30,9330,5598
2026-04-21,INV-902403,MegaMart Corp,Declining Product,146,100,14600,9490
2026-04-21,INV-655703,Small Dealer 26,Gadget Lite,181,90,16290,9955
2026-04-21,INV-616437,BigBuy Distribution,Premium Widget,329,150,49350,39480
2026-04-21,INV-381903,MegaMart Corp,Premium Widget,111,150,16650,13320
2026-04-21,INV-833911,SuperStore Inc,Standard Widget,490,80,39200,24500
2026-04-21,INV-360320,Small Dealer 14,Gadget Lite,181,90,16290,9955
2026-04-21,INV-807943,MegaMart Corp,Standard Widget,443,80,35440,22150
2026-04-21,INV-141026,Small Dealer 29,Gadget Lite,240,90,21600,13200
2026-04-21,INV-212418,Small Dealer 17,Premium Widget,11,150,1650,1320
2026-04-21,INV-711171,BigBuy Distribution,Premium Widget,95,150,14250,11400
2026-04-21,INV-661244,Small Dealer 3,Low Stock Item,295,200,59000,38350
2026-04-21,INV-790273,BigBuy Distribution,Low Stock Item,460,200,92000,59800
2026-04-21,INV-416712,SuperStore Inc,Gadget Lite,414,90,37260,22770
2026-04-21,INV-868891,BigBuy Distribution,Gadget Pro,429,250,107250,75075
2026-04-21,INV-521370,Small Dealer 26,Standard Widget,467,80,37360,23350
2026-04-22,INV-863183,BigBuy Distribution,Standard Widget,14,80,1120,700
2026-04-22,INV-668160,MegaMart Corp,Budget Widget,273,30,8190,4914
2026-04-22,INV-445715,Small Dealer 20,Gadget Lite,16,90,1440,880
2026-04-22,INV-226603,Small Dealer 17,Premium Widget,289,150,43350,34680
2026-04-22,INV-847003,MegaMart Corp,Standard Widget,154,80,12320,7700
2026-04-22,INV-979596,Small Dealer 11,Premium Widget,293,150,43950,35160
2026-04-22,INV-150567,Small Dealer 23,Gadget Pro,467,250,116750,81725
2026-04-22,INV-772737,BigBuy Distribution,Standard Widget,184,80,14720,9200
2026-04-22,INV-718973,BigBuy Distribution,Declining Product,312,100,31200,20280
2026-04-22,INV-347373,MegaMart Corp,Premium Widget,408,150,61200,48960
2026-04-22,INV-418201,Small Dealer 4,Declining Product,301,100,30100,19565
2026-04-22,INV-268572,MegaMart Corp,Gadget Pro,48,250,12000,8400
2026-04-22,INV-551060,Small Dealer 29,Budget Widget,473,30,14190,8514
2026-04-22,INV-630286,Small Dealer 27,Declining Product,83,100,8300,5395
2026-04-22,INV-862556,BigBuy Distribution,Gadget Pro,380,250,95000,66500
2026-04-22,INV-515801,BigBuy Distribution,Gadget Lite,107,90,9630,5885
2026-04-22,INV-752103,Small Dealer 2,Declining Product,146,100,14600,9490
2026-04-22,INV-376257,BigBuy Distribution,Gadget Lite,439,90,39510,24145
2026-04-22,INV-727906,BigBuy Distribution,Gadget Pro,174,250,43500,30450
2026-04-22,INV-182874,MegaMart Corp,Standard Widget,124,80,9920,6200
2026-04-22,INV-487390,Small Dealer 9,Gadget Pro,231,250,57750,40425
2026-04-22,INV-850186,BigBuy Distribution,Budget Widget,263,30,7890,4734
2026-04-22,INV-509723,Small Dealer 4,Gadget Lite,224,90,20160,12320
2026-04-22,INV-321335,BigBuy Distribution,Gadget Pro,59,250,14750,10325
2026-04-22,INV-990623,BigBuy Distribution,Low Stock Item,186,200,37200,24180
2026-04-23,INV-890418,BigBuy Distribution,Low Stock Item,355,200,71000,46150
2026-04-23,INV-383818,BigBuy Distribution,Premium Widget,213,150,31950,25560
2026-04-23,INV-932891,Small Dealer 19,Budget Widget,107,30,3210,1926
2026-04-23,INV-337093,Small Dealer 25,Standard Widget,443,80,35440,22150
2026-04-23,INV-862805,MegaMart Corp,Budget Widget,467,30,14010,8406
2026-04-23,INV-980575,BigBuy Distribution,Budget Widget,427,30,12810,7686
2026-04-23,INV-113968,MegaMart Corp,Low Stock Item,391,200,78200,50830
2026-04-24,INV-357320,BigBuy Distribution,Standard Widget,305,80,24400,15250
2026-04-24,INV-486917,MegaMart Corp,Low Stock Item,122,200,24400,15860
2026-04-24,INV-808133,SuperStore Inc,Gadget Lite,82,90,7380,4510
2026-04-24,INV-692024,BigBuy Distribution,Low Stock Item,190,200,38000,24700
2026-04-24,INV-280338,BigBuy Distribution,Premium Widget,311,150,46650,37320
2026-04-24,INV-726945,MegaMart Corp,Budget Widget,350,30,10500,6300
2026-04-24,INV-245601,MegaMart Corp,Declining Product,93,100,9300,6045
2026-04-24,INV-945362,BigBuy Distribution,Standard Widget,52,80,4160,2600
2026-04-24,INV-366670,SuperStore Inc,Standard Widget,473,80,37840,23650
2026-04-24,INV-736838,MegaMart Corp,Low Stock Item,388,200,77600,50440
2026-04-24,INV-593144,Small Dealer 12,Budget Widget,335,30,10050,6030
2026-04-24,INV-134305,Small Dealer 27,Gadget Pro,408,250,102000,71400
2026-04-24,INV-192201,MegaMart Corp,Low Stock Item,19,200,3800,2470
2026-04-24,INV-128034,Small Dealer 16,Premium Widget,357,150,53550,42840
2026-04-24,INV-118591,BigBuy Distribution,Budget Widget,195,30,5850,3510
2026-04-24,INV-699147,SuperStore Inc,Gadget Pro,398,250,99500,69650
2026-04-24,INV-482472,SuperStore Inc,Standard Widget,407,80,32560,20350
2026-04-24,INV-979691,Small Dealer 9,Premium Widget,460,150,69000,55200
2026-04-24,INV-176780,BigBuy Distribution,Standard Widget,328,80,26240,16400
2026-04-24,INV-349910,MegaMart Corp,Standard Widget,496,80,39680,24800
2026-04-24,INV-552128,Small Dealer 4,Gadget Lite,280,90,25200,15400
2026-04-24,INV-700958,Small Dealer 24,Declining Product,448,100,44800,29120
2026-04-24,INV-369491,SuperStore Inc,Declining Product,391,100,39100,25415
2026-04-24,INV-887643,BigBuy Distribution,Gadget Pro,79,250,19750,13825
2026-04-24,INV-164505,MegaMart Corp,Premium Widget,348,150,52200,41760
2026-04-24,INV-362482,BigBuy Distribution,Standard Widget,270,80,21600,13500
2026-04-24,INV-281840,SuperStore Inc,Gadget Lite,295,90,26550,16225
2026-04-24,INV-568677,MegaMart Corp,Gadget Pro,289,250,72250,50575
2026-04-24,INV-889509,SuperStore Inc,Gadget Lite,327,90,29430,17985
2026-04-24,INV-883260,MegaMart Corp,Standard Widget,453,80,36240,22650
2026-04-24,INV-322028,Small Dealer 5,Standard Widget,176,80,14080,8800
2026-04-25,INV-376486,BigBuy Distribution,Standard Widget,78,80,6240,3900
2026-04-25,INV-578138,SuperStore Inc,Declining Product,102,100,10200,6630
2026-04-25,INV-272863,SuperStore Inc,Declining Product,34,100,3400,2210
2026-04-25,INV-651068,Small Dealer 22,Gadget Lite,276,90,24840,15180
2026-04-25,INV-395671,Small Dealer 6,Premium Widget,61,150,9150,7320
2026-04-25,INV-845511,SuperStore Inc,Premium Widget,126,150,18900,15120
2026-04-25,INV-967282,BigBuy Distribution,Standard Widget,308,80,24640,15400
2026-04-25,INV-412195,BigBuy Distribution,Declining Product,268,100,26800,17420
2026-04-25,INV-934479,MegaMart Corp,Gadget Lite,393,90,35370,21615
2026-04-25,INV-821484,Small Dealer 15,Budget Widget,470,30,14100,8460
2026-04-25,INV-358562,BigBuy Distribution,Gadget Lite,296,90,26640,16280
2026-04-25,INV-426184,BigBuy Distribution,Gadget Lite,314,90,28260,17270
2026-04-25,INV-501938,SuperStore Inc,Premium Widget,460,150,69000,55200
2026-04-25,INV-815621,BigBuy Distribution,Gadget Lite,135,90,12150,7425
2026-04-25,INV-237156,BigBuy Distribution,Budget Widget,133,30,3990,2394
2026-04-25,INV-432642,MegaMart Corp,Standard Widget,488,80,39040,24400
2026-04-25,INV-847307,MegaMart Corp,Gadget Lite,224,90,20160,12320
2026-04-25,INV-531498,Small Dealer 21,Declining Product,158,100,15800,10270
2026-04-25,INV-650858,Small Dealer 15,Gadget Pro,241,250,60250,42175
2026-04-25,INV-697171,Small Dealer 3,Low Stock Item,399,200,79800,51870
2026-04-25,INV-534388,SuperStore Inc,Standard Widget,377,80,30160,18850
2026-04-25,INV-702083,Small Dealer 3,Gadget Lite,125,90,11250,6875
2026-04-25,INV-768166,BigBuy Distribution,Budget Widget,409,30,12270,7362
2026-04-25,INV-167783,BigBuy Distribution,Standard Widget,370,80,29600,18500
2026-04-25,INV-559514,BigBuy Distribution,Budget Widget,393,30,11790,7074
2026-04-25,INV-154168,BigBuy Distribution,Budget Widget,332,30,9960,5976
2026-04-25,INV-807457,SuperStore Inc,Standard Widget,215,80,17200,10750
2026-04-26,INV-406246,BigBuy Distribution,Declining Product,190,100,19000,12350
2026-04-26,INV-617435,Small Dealer 19,Low Stock Item,459,200,91800,59670
2026-04-26,INV-601943,Small Dealer 19,Premium Widget,372,150,55800,44640
2026-04-26,INV-932881,BigBuy Distribution,Standard Widget,424,80,33920,21200
2026-04-26,INV-776126,MegaMart Corp,Low Stock Item,377,200,75400,49010
2026-04-26,INV-367934,MegaMart Corp,Premium Widget,390,150,58500,46800
2026-04-26,INV-725109,SuperStore Inc,Gadget Pro,223,250,55750,39025
2026-04-26,INV-437443,MegaMart Corp,Budget Widget,53,30,1590,954
2026-04-26,INV-365665,BigBuy Distribution,Budget Widget,65,30,1950,1170
2026-04-26,INV-144820,Small Dealer 25,Gadget Lite,399,90,35910,21945
2026-04-26,INV-796044,Small Dealer 22,Gadget Lite,17,90,1530,935
2026-04-26,INV-761821,MegaMart Corp,Gadget Pro,145,250,36250,25375
2026-04-26,INV-292301,Small Dealer 17,Gadget Pro,257,250,64250,44975
2026-04-26,INV-999476,BigBuy Distribution,Standard Widget,257,80,20560,12850
2026-04-26,INV-855704,Small Dealer 21,Budget Widget,458,30,13740,8244
2026-04-27,INV-641352,Small Dealer 20,Budget Widget,427,30,12810,7686
2026-04-27,INV-578819,MegaMart Corp,Budget Widget,68,30,2040,1224
2026-04-27,INV-448009,SuperStore Inc,Standard Widget,390,80,31200,19500
2026-04-27,INV-368455,BigBuy Distribution,Standard Widget,452,80,36160,22600
2026-04-27,INV-553005,MegaMart Corp,Budget Widget,128,30,3840,2304
2026-04-27,INV-565858,BigBuy Distribution,Declining Product,264,100,26400,17160
2026-04-27,INV-236399,BigBuy Distribution,Gadget Lite,430,90,38700,23650
2026-04-27,INV-605525,SuperStore Inc,Low Stock Item,447,200,89400,58110
2026-04-27,INV-109515,MegaMart Corp,Gadget Pro,45,250,11250,7875
2026-04-27,INV-728375,BigBuy Distribution,Low Stock Item,234,200,46800,30420
2026-04-27,INV-760129,MegaMart Corp,Declining Product,48,100,4800,3120
2026-04-27,INV-634778,Small Dealer 21,Standard Widget,454,80,36320,22700
2026-04-27,INV-792439,SuperStore Inc,Premium Widget,491,150,73650,58920
2026-04-27,INV-983287,Small Dealer 20,Premium Widget,256,150,38400,30720
2026-04-27,INV-733599,SuperStore Inc,Declining Product,221,100,22100,14365
2026-04-27,INV-597619,Small Dealer 27,Gadget Pro,149,250,37250,26075
2026-04-27,INV-225521,BigBuy Distribution,Premium Widget,245,150,36750,29400
2026-04-27,INV-341448,Small Dealer 6,Budget Widget,403,30,12090,7254
2026-04-27,INV-948998,SuperStore Inc,Low Stock Item,346,200,69200,44980
2026-04-27,INV-261102,BigBuy Distribution,Premium Widget,121,150,18150,14520
2026-04-27,INV-700647,MegaMart Corp,Declining Product,443,100,44300,28795
2026-04-27,INV-657862,MegaMart Corp,Budget Widget,176,30,5280,3168
2026-04-27,INV-864721,BigBuy Distribution,Declining Product,173,100,17300,11245
2026-04-27,INV-882361,BigBuy Distribution,Gadget Lite,57,90,5130,3135
2026-04-27,INV-822021,SuperStore Inc,Standard Widget,277,80,22160,13850
2026-04-27,INV-583657,BigBuy Distribution,Budget Widget,425,30,12750,7650
2026-04-27,INV-885555,Small Dealer 9,Gadget Pro,222,250,55500,38850
2026-04-27,INV-497281,Small Dealer 3,Standard Widget,358,80,28640,17900
2026-04-27,INV-926985,BigBuy Distribution,Gadget Pro,337,250,84250,58975
2026-04-27,INV-212529,BigBuy Distribution,Declining Product,131,100,13100,8515
2026-04-27,INV-562838,Small Dealer 13,Standard Widget,450,80,36000,22500
2026-04-28,INV-708272,SuperStore Inc,Budget Widget,124,30,3720,2232
2026-04-28,INV-166724,Small Dealer 2,Low Stock Item,173,200,34600,22490
2026-04-28,INV-328287,SuperStore Inc,Declining Product,215,100,21500,13975
2026-04-28,INV-310608,Small Dealer 2,Gadget Pro,211,250,52750,36925
2026-04-28,INV-156431,BigBuy Distribution,Premium Widget,415,150,62250,49800
2026-04-28,INV-949152,SuperStore Inc,Gadget Lite,389,90,35010,21395
2026-04-28,INV-415055,Small Dealer 21,Premium Widget,456,150,68400,54720
2026-04-28,INV-314414,Small Dealer 17,Premium Widget,56,150,8400,6720
2026-04-28,INV-890352,Small Dealer 12,Gadget Lite,452,90,40680,24860
2026-04-28,INV-884989,BigBuy Distribution,Gadget Pro,253,250,63250,44275
2026-04-28,INV-733709,BigBuy Distribution,Gadget Pro,136,250,34000,23800
2026-04-28,INV-271115,MegaMart Corp,Declining Product,464,100,46400,30160
2026-04-28,INV-885697,Small Dealer 20,Budget Widget,307,30,9210,5526
2026-04-28,INV-450894,SuperStore Inc,Declining Product,41,100,4100,2665
2026-04-28,INV-848921,BigBuy Distribution,Low Stock Item,309,200,61800,40170
2026-04-28,INV-827077,Small Dealer 16,Premium Widget,103,150,15450,12360
2026-04-28,INV-200767,BigBuy Distribution,Declining Product,317,100,31700,20605
2026-04-28,INV-962026,BigBuy Distribution,Low Stock Item,103,200,20600,13390
2026-04-28,INV-233475,Small Dealer 1,Premium Widget,346,150,51900,41520
2026-04-29,INV-322449,BigBuy Distribution,Gadget Lite,63,90,5670,3465
2026-04-29,INV-304509,Small Dealer 13,Low Stock Item,302,200,60400,39260
2026-04-29,INV-985319,SuperStore Inc,Gadget Lite,289,90,26010,15895
2026-04-29,INV-605444,MegaMart Corp,Budget Widget,265,30,7950,4770
2026-04-29,INV-170672,MegaMart Corp,Gadget Pro,321,250,80250,56175
2026-04-29,INV-777534,MegaMart Corp,Gadget Pro,330,250,82500,57750
2026-04-29,INV-935187,BigBuy Distribution,Low Stock Item,190,200,38000,24700
2026-04-29,INV-482297,MegaMart Corp,Declining Product,474,100,47400,30810
2026-04-29,INV-330806,BigBuy Distribution,Standard Widget,89,80,7120,4450
2026-04-29,INV-673356,Small Dealer 12,Standard Widget,363,80,29040,18150
2026-04-29,INV-558415,SuperStore Inc,Gadget Pro,23,250,5750,4025
2026-04-29,INV-255023,BigBuy Distribution,Standard Widget,403,80,32240,20150
2026-04-29,INV-333619,BigBuy Distribution,Standard Widget,321,80,25680,16050
2026-04-29,INV-995338,Small Dealer 12,Standard Widget,288,80,23040,14400
2026-04-29,INV-727705,Small Dealer 7,Budget Widget,421,30,12630,7578
2026-04-29,INV-651811,SuperStore Inc,Declining Product,220,100,22000,14300
2026-04-29,INV-379007,Small Dealer 28,Gadget Pro,265,250,66250,46375
2026-04-29,INV-135471,BigBuy Distribution,Budget Widget,174,30,5220,3132
2026-04-29,INV-207697,MegaMart Corp,Low Stock Item,135,200,27000,17550
2026-04-29,INV-470590,Small Dealer 4,Low Stock Item,495,200,99000,64350
2026-04-29,INV-151503,Small Dealer 2,Low Stock Item,289,200,57800,37570
2026-04-29,INV-875982,Small Dealer 16,Budget Widget,216,30,6480,3888
2026-04-29,INV-883468,SuperStore Inc,Gadget Lite,23,90,2070,1265
2026-04-29,INV-112559,Small Dealer 18,Premium Widget,343,150,51450,41160
2026-04-29,INV-689312,MegaMart Corp,Premium Widget,10,150,1500,1200
2026-04-29,INV-540891,Small Dealer 18,Gadget Pro,431,250,107750,75425
2026-04-30,INV-556384,SuperStore Inc,Budget Widget,265,30,7950,4770
2026-04-30,INV-865327,MegaMart Corp,Declining Product,405,100,40500,26325
2026-04-30,INV-899847,BigBuy Distribution,Budget Widget,208,30,6240,3744
2026-04-30,INV-956936,MegaMart Corp,Standard Widget,163,80,13040,8150
2026-04-30,INV-528263,SuperStore Inc,Gadget Pro,303,250,75750,53025
2026-04-30,INV-255081,Small Dealer 7,Declining Product,450,100,45000,29250
2026-04-30,INV-626383,BigBuy Distribution,Declining Product,97,100,9700,6305
2026-04-30,INV-290125,MegaMart Corp,Budget Widget,10,30,300,180
2026-04-30,INV-769848,SuperStore Inc,Standard Widget,291,80,23280,14550
2026-04-30,INV-438828,SuperStore Inc,Budget Widget,35,30,1050,630
2026-04-30,INV-109094,Small Dealer 4,Low Stock Item,158,200,31600,20540
2026-04-30,INV-596226,BigBuy Distribution,Premium Widget,139,150,20850,16680
2026-04-30,INV-601430,SuperStore Inc,Premium Widget,329,150,49350,39480
2026-04-30,INV-271804,Small Dealer 21,Low Stock Item,228,200,45600,29640
2026-04-30,INV-716036,SuperStore Inc,Budget Widget,496,30,14880,8928
2026-04-30,INV-220430,BigBuy Distribution,Budget Widget,307,30,9210,5526
2026-04-30,INV-855704,MegaMart Corp,Declining Product,258,100,25800,16770
2026-04-30,INV-743823,SuperStore Inc,Budget Widget,114,30,3420,2052
2026-04-30,INV-649425,BigBuy Distribution,Low Stock Item,189,200,37800,24570
2026-04-30,INV-724528,SuperStore Inc,Low Stock Item,392,200,78400,50960
2026-04-30,INV-479801,Small Dealer 12,Gadget Pro,456,250,114000,79800
2026-04-30,INV-762435,MegaMart Corp,Premium Widget,419,150,62850,50280
2026-04-30,INV-931149,SuperStore Inc,Budget Widget,145,30,4350,2610
2026-05-01,INV-556278,SuperStore Inc,Premium Widget,480,150,72000,57600
2026-05-01,INV-455412,BigBuy Distribution,Budget Widget,102,30,3060,1836
2026-05-01,INV-559893,SuperStore Inc,Declining Product,131,100,13100,8515
2026-05-01,INV-632245,MegaMart Corp,Standard Widget,123,80,9840,6150
2026-05-01,INV-751001,Small Dealer 3,Gadget Lite,448,90,40320,24640
2026-05-01,INV-973051,BigBuy Distribution,Gadget Lite,298,90,26820,16390
2026-05-01,INV-721414,SuperStore Inc,Budget Widget,262,30,7860,4716
2026-05-01,INV-232993,Small Dealer 18,Gadget Lite,123,90,11070,6765
2026-05-01,INV-770302,Small Dealer 27,Low Stock Item,30,200,6000,3900
2026-05-01,INV-112892,Small Dealer 2,Budget Widget,311,30,9330,5598
2026-05-01,INV-559433,SuperStore Inc,Gadget Pro,68,250,17000,11900
2026-05-01,INV-398196,SuperStore Inc,Low Stock Item,196,200,39200,25480
2026-05-01,INV-699421,BigBuy Distribution,Low Stock Item,44,200,8800,5720
2026-05-01,INV-528605,SuperStore Inc,Standard Widget,158,80,12640,7900
2026-05-01,INV-592147,BigBuy Distribution,Gadget Pro,455,250,113750,79625
2026-05-01,INV-345673,MegaMart Corp,Standard Widget,322,80,25760,16100
2026-05-01,INV-526162,MegaMart Corp,Gadget Lite,400,90,36000,22000
2026-05-01,INV-929878,MegaMart Corp,Budget Widget,459,30,13770,8262
2026-05-01,INV-595247,BigBuy Distribution,Budget Widget,323,30,9690,5814
2026-05-01,INV-121114,BigBuy Distribution,Gadget Pro,287,250,71750,50225
2026-05-01,INV-865708,MegaMart Corp,Low Stock Item,105,200,21000,13650
2026-05-01,INV-613893,Small Dealer 20,Declining Product,278,100,27800,18070
2026-05-01,INV-593553,BigBuy Distribution,Budget Widget,334,30,10020,6012
2026-05-01,INV-835638,BigBuy Distribution,Standard Widget,408,80,32640,20400
2026-05-01,INV-359575,Small Dealer 7,Declining Product,227,100,22700,14755
2026-05-01,INV-558589,BigBuy Distribution,Gadget Pro,136,250,34000,23800
2026-05-01,INV-623782,Small Dealer 14,Premium Widget,301,150,45150,36120
2026-05-01,INV-441734,Small Dealer 16,Low Stock Item,424,200,84800,55120
2026-05-01,INV-890710,Small Dealer 1,Gadget Lite,460,90,41400,25300
2026-05-01,INV-481471,BigBuy Distribution,Budget Widget,152,30,4560,2736
2026-05-01,INV-729776,Small Dealer 15,Gadget Pro,81,250,20250,14175
2026-05-02,INV-876383,BigBuy Distribution,Gadget Pro,405,250,101250,70875
2026-05-02,INV-562886,MegaMart Corp,Premium Widget,485,150,72750,58200
2026-05-02,INV-254733,BigBuy Distribution,Standard Widget,363,80,29040,18150
2026-05-02,INV-403719,MegaMart Corp,Declining Product,186,100,18600,12090
2026-05-02,INV-419070,MegaMart Corp,Budget Widget,328,30,9840,5904
2026-05-02,INV-624157,Small Dealer 24,Budget Widget,227,30,6810,4086
2026-05-02,INV-272585,BigBuy Distribution,Gadget Lite,236,90,21240,12980
2026-05-02,INV-194959,BigBuy Distribution,Budget Widget,293,30,8790,5274
2026-05-02,INV-988609,Small Dealer 19,Gadget Lite,443,90,39870,24365
2026-05-02,INV-803863,BigBuy Distribution,Premium Widget,269,150,40350,32280
2026-05-02,INV-945586,MegaMart Corp,Gadget Pro,291,250,72750,50925
2026-05-02,INV-455185,MegaMart Corp,Gadget Pro,210,250,52500,36750
2026-05-02,INV-646909,SuperStore Inc,Standard Widget,233,80,18640,11650
2026-05-02,INV-906799,BigBuy Distribution,Budget Widget,27,30,810,486
2026-05-02,INV-186057,BigBuy Distribution,Premium Widget,188,150,28200,22560
2026-05-02,INV-735447,Small Dealer 28,Premium Widget,219,150,32850,26280
2026-05-02,INV-234733,MegaMart Corp,Premium Widget,409,150,61350,49080
2026-05-02,INV-571756,SuperStore Inc,Declining Product,293,100,29300,19045
2026-05-02,INV-645986,Small Dealer 27,Standard Widget,257,80,20560,12850
2026-05-02,INV-683790,Small Dealer 8,Declining Product,426,100,42600,27690
2026-05-03,INV-278938,SuperStore Inc,Gadget Pro,303,250,75750,53025
2026-05-03,INV-693869,SuperStore Inc,Gadget Pro,108,250,27000,18900
2026-05-03,INV-326231,BigBuy Distribution,Budget Widget,281,30,8430,5058
2026-05-03,INV-626238,BigBuy Distribution,Budget Widget,359,30,10770,6462
2026-05-03,INV-900020,SuperStore Inc,Gadget Lite,487,90,43830,26785
2026-05-03,INV-661753,MegaMart Corp,Declining Product,111,100,11100,7215
2026-05-03,INV-148158,SuperStore Inc,Gadget Pro,221,250,55250,38675
2026-05-03,INV-922777,Small Dealer 19,Budget Widget,239,30,7170,4302
2026-05-03,INV-950273,SuperStore Inc,Budget Widget,61,30,1830,1098
2026-05-03,INV-801590,BigBuy Distribution,Gadget Lite,337,90,30330,18535
2026-05-03,INV-470977,Small Dealer 16,Gadget Pro,76,250,19000,13300
2026-05-03,INV-444152,Small Dealer 10,Premium Widget,101,150,15150,12120
2026-05-03,INV-782608,Small Dealer 26,Gadget Pro,282,250,70500,49350
2026-05-03,INV-127043,BigBuy Distribution,Low Stock Item,43,200,8600,5590
2026-05-03,INV-654275,SuperStore Inc,Gadget Lite,176,90,15840,9680
2026-05-03,INV-628325,MegaMart Corp,Budget Widget,258,30,7740,4644
2026-05-03,INV-759851,SuperStore Inc,Gadget Lite,251,90,22590,13805
2026-05-03,INV-402126,BigBuy Distribution,Premium Widget,88,150,13200,10560
2026-05-03,INV-189807,Small Dealer 1,Gadget Lite,156,90,14040,8580
2026-05-03,INV-899775,SuperStore Inc,Gadget Pro,496,250,124000,86800
2026-05-03,INV-497384,MegaMart Corp,Premium Widget,217,150,32550,26040
2026-05-03,INV-903761,BigBuy Distribution,Premium Widget,229,150,34350,27480
2026-05-03,INV-766068,Small Dealer 4,Premium Widget,185,150,27750,22200
2026-05-03,INV-561845,MegaMart Corp,Gadget Pro,151,250,37750,26425
2026-05-03,INV-143443,Small Dealer 12,Premium Widget,31,150,4650,3720
2026-05-03,INV-415484,Small Dealer 10,Budget Widget,292,30,8760,5256
2026-05-03,INV-244471,BigBuy Distribution,Low Stock Item,310,200,62000,40300
2026-05-03,INV-698400,SuperStore Inc,Premium Widget,217,150,32550,26040
2026-05-03,INV-425235,MegaMart Corp,Gadget Pro,206,250,51500,36050
2026-05-03,INV-448162,SuperStore Inc,Low Stock Item,133,200,26600,17290
2026-05-03,INV-993701,SuperStore Inc,Gadget Pro,366,250,91500,64050
2026-05-04,INV-810668,BigBuy Distribution,Premium Widget,481,150,72150,57720
2026-05-04,INV-634760,SuperStore Inc,Budget Widget,404,30,12120,7272
2026-05-04,INV-920351,Small Dealer 8,Budget Widget,43,30,1290,774
2026-05-04,INV-800325,Small Dealer 10,Gadget Lite,339,90,30510,18645
2026-05-04,INV-921483,SuperStore Inc,Gadget Pro,335,250,83750,58625
2026-05-04,INV-803797,BigBuy Distribution,Declining Product,136,100,13600,8840
2026-05-04,INV-372472,MegaMart Corp,Gadget Pro,27,250,6750,4725
2026-05-04,INV-119061,BigBuy Distribution,Gadget Pro,290,250,72500,50750
2026-05-04,INV-897551,BigBuy Distribution,Low Stock Item,454,200,90800,59020
2026-05-04,INV-983078,BigBuy Distribution,Declining Product,94,100,9400,6110
2026-05-04,INV-703301,SuperStore Inc,Premium Widget,361,150,54150,43320
2026-05-04,INV-621998,SuperStore Inc,Standard Widget,47,80,3760,2350
2026-05-04,INV-517333,Small Dealer 19,Low Stock Item,69,200,13800,8970
2026-05-04,INV-333704,Small Dealer 18,Low Stock Item,62,200,12400,8060
2026-05-04,INV-672075,Small Dealer 8,Gadget Lite,330,90,29700,18150
2026-05-04,INV-289407,BigBuy Distribution,Premium Widget,357,150,53550,42840
2026-05-04,INV-499530,SuperStore Inc,Premium Widget,61,150,9150,7320
2026-05-04,INV-262306,SuperStore Inc,Standard Widget,67,80,5360,3350
2026-05-04,INV-513833,BigBuy Distribution,Low Stock Item,241,200,48200,31330
2026-05-04,INV-712371,MegaMart Corp,Gadget Lite,397,90,35730,21835
2026-05-04,INV-769909,SuperStore Inc,Gadget Lite,391,90,35190,21505
2026-05-04,INV-779018,MegaMart Corp,Gadget Pro,298,250,74500,52150
2026-05-04,INV-342787,SuperStore Inc,Premium Widget,248,150,37200,29760
2026-05-04,INV-911604,Small Dealer 3,Gadget Lite,182,90,16380,10010
2026-05-04,INV-391236,SuperStore Inc,Premium Widget,467,150,70050,56040
2026-05-04,INV-907400,MegaMart Corp,Budget Widget,437,30,13110,7866
2026-05-04,INV-487951,Small Dealer 9,Gadget Lite,63,90,5670,3465
2026-05-04,INV-815325,SuperStore Inc,Budget Widget,186,30,5580,3348
2026-05-04,INV-728721,Small Dealer 24,Gadget Pro,83,250,20750,14525
2026-05-04,INV-399689,Small Dealer 14,Gadget Pro,315,250,78750,55125
2026-05-05,INV-805866,Small Dealer 9,Premium Widget,347,150,52050,41640
2026-05-05,INV-329842,Small Dealer 26,Premium Widget,437,150,65550,52440
2026-05-05,INV-723836,Small Dealer 27,Declining Product,140,100,14000,9100
2026-05-05,INV-732228,SuperStore Inc,Standard Widget,20,80,1600,1000
2026-05-05,INV-565823,BigBuy Distribution,Gadget Lite,108,90,9720,5940
2026-05-05,INV-272785,SuperStore Inc,Budget Widget,386,30,11580,6948
2026-05-05,INV-802669,MegaMart Corp,Gadget Lite,253,90,22770,13915
2026-05-05,INV-394983,BigBuy Distribution,Gadget Lite,258,90,23220,14190
2026-05-05,INV-374233,Small Dealer 4,Budget Widget,233,30,6990,4194
2026-05-05,INV-935460,Small Dealer 29,Budget Widget,11,30,330,198
2026-05-05,INV-469417,BigBuy Distribution,Premium Widget,107,150,16050,12840
2026-05-05,INV-458074,MegaMart Corp,Budget Widget,190,30,5700,3420
2026-05-05,INV-956954,BigBuy Distribution,Standard Widget,83,80,6640,4150
2026-05-05,INV-192573,Small Dealer 24,Standard Widget,435,80,34800,21750
2026-05-05,INV-821347,SuperStore Inc,Premium Widget,451,150,67650,54120
2026-05-05,INV-703601,MegaMart Corp,Gadget Lite,14,90,1260,770
2026-05-05,INV-758956,Small Dealer 9,Standard Widget,455,80,36400,22750
2026-05-05,INV-455748,MegaMart Corp,Gadget Lite,256,90,23040,14080
2026-05-05,INV-769633,SuperStore Inc,Low Stock Item,267,200,53400,34710
2026-05-05,INV-651122,SuperStore Inc,Gadget Pro,458,250,114500,80150
2026-05-05,INV-263949,Small Dealer 23,Premium Widget,234,150,35100,28080
2026-05-05,INV-788468,BigBuy Distribution,Gadget Pro,104,250,26000,18200
2026-05-05,INV-210436,SuperStore Inc,Low Stock Item,489,200,97800,63570
2026-05-05,INV-592686,Small Dealer 8,Standard Widget,218,80,17440,10900
2026-05-05,INV-529314,MegaMart Corp,Standard Widget,89,80,7120,4450
2026-05-05,INV-560289,SuperStore Inc,Gadget Pro,229,250,57250,40075
2026-05-05,INV-631218,BigBuy Distribution,Budget Widget,476,30,14280,8568
2026-05-05,INV-765383,Small Dealer 28,Premium Widget,307,150,46050,36840
2026-05-05,INV-771261,Small Dealer 25,Declining Product,238,100,23800,15470
2026-05-05,INV-819318,Small Dealer 25,Budget Widget,308,30,9240,5544
2026-05-05,INV-736587,BigBuy Distribution,Budget Widget,147,30,4410,2646
2026-05-05,INV-612736,MegaMart Corp,Standard Widget,223,80,17840,11150
2026-05-06,INV-969535,SuperStore Inc,Standard Widget,453,80,36240,22650
2026-05-06,INV-843772,Small Dealer 29,Declining Product,143,100,14300,9295
2026-05-06,INV-820104,Small Dealer 29,Premium Widget,475,150,71250,57000
2026-05-06,INV-560471,SuperStore Inc,Gadget Pro,226,250,56500,39550
2026-05-06,INV-133290,MegaMart Corp,Gadget Lite,105,90,9450,5775
2026-05-06,INV-847807,SuperStore Inc,Premium Widget,471,150,70650,56520
2026-05-06,INV-607157,Small Dealer 7,Gadget Lite,64,90,5760,3520
2026-05-06,INV-417096,MegaMart Corp,Budget Widget,134,30,4020,2412
2026-05-06,INV-659951,MegaMart Corp,Low Stock Item,358,200,71600,46540
2026-05-06,INV-434388,MegaMart Corp,Premium Widget,344,150,51600,41280
2026-05-06,INV-636966,Small Dealer 22,Gadget Pro,59,250,14750,10325
2026-05-06,INV-241738,Small Dealer 6,Standard Widget,226,80,18080,11300
2026-05-06,INV-332869,MegaMart Corp,Gadget Lite,315,90,28350,17325
2026-05-06,INV-744456,BigBuy Distribution,Gadget Pro,478,250,119500,83650
2026-05-06,INV-215708,SuperStore Inc,Standard Widget,46,80,3680,2300
2026-05-06,INV-607536,BigBuy Distribution,Standard Widget,298,80,23840,14900
2026-05-06,INV-358023,MegaMart Corp,Budget Widget,258,30,7740,4644
2026-05-06,INV-707966,MegaMart Corp,Gadget Lite,172,90,15480,9460
2026-05-06,INV-912541,Small Dealer 1,Gadget Pro,203,250,50750,35525
2026-05-06,INV-850491,BigBuy Distribution,Declining Product,130,100,13000,8450
2026-05-07,INV-250524,BigBuy Distribution,Standard Widget,424,80,33920,21200
2026-05-07,INV-734519,SuperStore Inc,Low Stock Item,337,200,67400,43810
2026-05-07,INV-919798,SuperStore Inc,Premium Widget,336,150,50400,40320
2026-05-07,INV-546967,BigBuy Distribution,Standard Widget,454,80,36320,22700
2026-05-07,INV-356601,Small Dealer 4,Gadget Lite,407,90,36630,22385
2026-05-07,INV-163276,SuperStore Inc,Standard Widget,43,80,3440,2150
2026-05-07,INV-603387,MegaMart Corp,Premium Widget,175,150,26250,21000
2026-05-07,INV-783263,Small Dealer 29,Low Stock Item,264,200,52800,34320
2026-05-07,INV-648880,MegaMart Corp,Gadget Pro,324,250,81000,56700
2026-05-07,INV-773780,BigBuy Distribution,Low Stock Item,254,200,50800,33020
2026-05-07,INV-538723,SuperStore Inc,Low Stock Item,212,200,42400,27560
2026-05-07,INV-539088,Small Dealer 2,Low Stock Item,119,200,23800,15470
2026-05-07,INV-948847,SuperStore Inc,Low Stock Item,486,200,97200,63180
2026-05-07,INV-144011,Small Dealer 6,Premium Widget,158,150,23700,18960
2026-05-07,INV-650978,MegaMart Corp,Declining Product,37,100,3700,2405
2026-05-07,INV-394202,Small Dealer 15,Premium Widget,482,150,72300,57840
2026-05-07,INV-749195,Small Dealer 19,Premium Widget,109,150,16350,13080
2026-05-07,INV-154577,MegaMart Corp,Premium Widget,477,150,71550,57240
2026-05-07,INV-285684,BigBuy Distribution,Gadget Pro,210,250,52500,36750
2026-05-07,INV-399280,BigBuy Distribution,Budget Widget,262,30,7860,4716
2026-05-08,INV-753998,Small Dealer 29,Gadget Pro,239,250,59750,41825
2026-05-08,INV-745969,BigBuy Distribution,Gadget Lite,281,90,25290,15455
2026-05-08,INV-339507,MegaMart Corp,Standard Widget,246,80,19680,12300
2026-05-08,INV-725008,SuperStore Inc,Standard Widget,88,80,7040,4400
2026-05-08,INV-702823,Small Dealer 7,Standard Widget,79,80,6320,3950
2026-05-08,INV-443905,BigBuy Distribution,Standard Widget,404,80,32320,20200
2026-05-08,INV-803349,MegaMart Corp,Budget Widget,313,30,9390,5634
2026-05-08,INV-986840,Small Dealer 8,Low Stock Item,360,200,72000,46800
2026-05-08,INV-485695,Small Dealer 16,Gadget Lite,462,90,41580,25410
2026-05-08,INV-663090,BigBuy Distribution,Premium Widget,269,150,40350,32280
2026-05-08,INV-381296,SuperStore Inc,Budget Widget,317,30,9510,5706
2026-05-08,INV-953531,MegaMart Corp,Premium Widget,253,150,37950,30360
2026-05-08,INV-382692,BigBuy Distribution,Standard Widget,387,80,30960,19350
2026-05-08,INV-976438,Small Dealer 7,Declining Product,316,100,31600,20540
2026-05-08,INV-476937,SuperStore Inc,Gadget Lite,189,90,17010,10395
2026-05-08,INV-117897,Small Dealer 21,Budget Widget,341,30,10230,6138
2026-05-08,INV-665877,SuperStore Inc,Low Stock Item,134,200,26800,17420
2026-05-08,INV-877711,MegaMart Corp,Premium Widget,457,150,68550,54840
2026-05-08,INV-709282,SuperStore Inc,Premium Widget,325,150,48750,39000
2026-05-08,INV-927896,MegaMart Corp,Premium Widget,237,150,35550,28440
2026-05-08,INV-338049,BigBuy Distribution,Premium Widget,416,150,62400,49920
2026-05-08,INV-102479,Small Dealer 19,Gadget Pro,266,250,66500,46550
2026-05-08,INV-945346,MegaMart Corp,Standard Widget,66,80,5280,3300
2026-05-08,INV-119279,Small Dealer 22,Declining Product,145,100,14500,9425
2026-05-08,INV-132499,MegaMart Corp,Budget Widget,217,30,6510,3906
2026-05-08,INV-318943,BigBuy Distribution,Gadget Pro,112,250,28000,19600
2026-05-09,INV-948772,SuperStore Inc,Standard Widget,99,80,7920,4950
2026-05-09,INV-317125,Small Dealer 2,Gadget Pro,300,250,75000,52500
2026-05-09,INV-236789,SuperStore Inc,Gadget Pro,151,250,37750,26425
2026-05-09,INV-337728,Small Dealer 13,Gadget Lite,489,90,44010,26895
2026-05-09,INV-155034,SuperStore Inc,Premium Widget,159,150,23850,19080
2026-05-09,INV-108180,Small Dealer 5,Standard Widget,63,80,5040,3150
2026-05-09,INV-226957,MegaMart Corp,Gadget Pro,239,250,59750,41825
2026-05-09,INV-587703,BigBuy Distribution,Budget Widget,172,30,5160,3096
2026-05-09,INV-899444,Small Dealer 9,Premium Widget,181,150,27150,21720
2026-05-09,INV-479562,BigBuy Distribution,Gadget Pro,303,250,75750,53025
2026-05-09,INV-844228,MegaMart Corp,Low Stock Item,468,200,93600,60840
2026-05-09,INV-947872,SuperStore Inc,Declining Product,418,100,41800,27170
2026-05-09,INV-537461,SuperStore Inc,Standard Widget,420,80,33600,21000
2026-05-09,INV-191255,Small Dealer 12,Low Stock Item,198,200,39600,25740
2026-05-09,INV-290965,SuperStore Inc,Standard Widget,195,80,15600,9750
2026-05-09,INV-129497,MegaMart Corp,Gadget Pro,493,250,123250,86275
2026-05-09,INV-652868,MegaMart Corp,Gadget Lite,485,90,43650,26675
2026-05-09,INV-516129,Small Dealer 13,Declining Product,37,100,3700,2405
2026-05-09,INV-567404,MegaMart Corp,Standard Widget,197,80,15760,9850
2026-05-10,INV-708149,MegaMart Corp,Gadget Pro,164,250,41000,28700
2026-05-10,INV-453507,SuperStore Inc,Premium Widget,265,150,39750,31800
2026-05-10,INV-815411,MegaMart Corp,Gadget Pro,263,250,65750,46025
2026-05-10,INV-617159,BigBuy Distribution,Gadget Lite,437,90,39330,24035
2026-05-10,INV-271142,Small Dealer 22,Gadget Lite,188,90,16920,10340
2026-05-10,INV-587157,MegaMart Corp,Budget Widget,279,30,8370,5022
2026-05-10,INV-984953,Small Dealer 17,Low Stock Item,370,200,74000,48100
2026-05-10,INV-220949,Small Dealer 20,Gadget Lite,375,90,33750,20625
2026-05-10,INV-361383,BigBuy Distribution,Low Stock Item,451,200,90200,58630
2026-05-10,INV-218830,MegaMart Corp,Budget Widget,453,30,13590,8154
2026-05-10,INV-375874,SuperStore Inc,Standard Widget,380,80,30400,19000
2026-05-10,INV-625075,SuperStore Inc,Gadget Pro,422,250,105500,73850
2026-05-10,INV-560954,SuperStore Inc,Budget Widget,223,30,6690,4014
2026-05-10,INV-177966,BigBuy Distribution,Standard Widget,237,80,18960,11850
2026-05-10,INV-848639,Small Dealer 16,Gadget Lite,463,90,41670,25465
2026-05-10,INV-529776,BigBuy Distribution,Premium Widget,359,150,53850,43080
2026-05-10,INV-432901,SuperStore Inc,Budget Widget,473,30,14190,8514
2026-05-10,INV-876236,Small Dealer 18,Budget Widget,253,30,7590,4554
2026-05-10,INV-228184,Small Dealer 7,Budget Widget,13,30,390,234
2026-05-10,INV-193674,MegaMart Corp,Declining Product,474,100,47400,30810
2026-05-10,INV-781837,SuperStore Inc,Premium Widget,115,150,17250,13800
2026-05-10,INV-231829,Small Dealer 4,Premium Widget,354,150,53100,42480
2026-05-10,INV-194869,BigBuy Distribution,Standard Widget,448,80,35840,22400
2026-05-10,INV-781550,Small Dealer 17,Gadget Pro,434,250,108500,75950
2026-05-11,INV-592965,MegaMart Corp,Standard Widget,172,80,13760,8600
2026-05-11,INV-372135,SuperStore Inc,Gadget Lite,226,90,20340,12430
2026-05-11,INV-798041,MegaMart Corp,Low Stock Item,42,200,8400,5460
2026-05-11,INV-432600,Small Dealer 21,Gadget Pro,476,250,119000,83300
2026-05-11,INV-857908,MegaMart Corp,Gadget Lite,214,90,19260,11770
2026-05-11,INV-255768,SuperStore Inc,Low Stock Item,429,200,85800,55770
2026-05-11,INV-393768,Small Dealer 3,Premium Widget,225,150,33750,27000
2026-05-11,INV-792891,BigBuy Distribution,Standard Widget,165,80,13200,8250
2026-05-11,INV-228035,Small Dealer 27,Premium Widget,438,150,65700,52560
2026-05-11,INV-405808,SuperStore Inc,Budget Widget,459,30,13770,8262
2026-05-11,INV-889466,Small Dealer 14,Standard Widget,150,80,12000,7500
2026-05-11,INV-983906,MegaMart Corp,Standard Widget,497,80,39760,24850
2026-05-12,INV-176846,SuperStore Inc,Standard Widget,390,80,31200,19500
2026-05-12,INV-519777,Small Dealer 14,Low Stock Item,143,200,28600,18590
2026-05-12,INV-726626,BigBuy Distribution,Gadget Lite,496,90,44640,27280
2026-05-12,INV-454355,Small Dealer 4,Gadget Pro,369,250,92250,64575
2026-05-12,INV-822935,MegaMart Corp,Budget Widget,480,30,14400,8640
2026-05-12,INV-986572,SuperStore Inc,Standard Widget,43,80,3440,2150
2026-05-12,INV-554196,MegaMart Corp,Premium Widget,494,150,74100,59280
2026-05-12,INV-429749,Small Dealer 9,Low Stock Item,415,200,83000,53950
2026-05-12,INV-776933,MegaMart Corp,Gadget Lite,175,90,15750,9625
2026-05-12,INV-323550,Small Dealer 4,Premium Widget,363,150,54450,43560
2026-05-13,INV-334635,Small Dealer 21,Premium Widget,486,150,72900,58320
2026-05-13,INV-878913,SuperStore Inc,Gadget Pro,227,250,56750,39725
2026-05-13,INV-893682,Small Dealer 8,Gadget Pro,63,250,15750,11025
2026-05-13,INV-989013,Small Dealer 16,Low Stock Item,316,200,63200,41080
2026-05-13,INV-976201,Small Dealer 21,Declining Product,305,100,30500,19825
2026-05-13,INV-216890,Small Dealer 11,Declining Product,37,100,3700,2405
2026-05-13,INV-387613,BigBuy Distribution,Standard Widget,17,80,1360,850
2026-05-13,INV-391829,BigBuy Distribution,Budget Widget,334,30,10020,6012
2026-05-13,INV-622515,SuperStore Inc,Budget Widget,438,30,13140,7884
2026-05-13,INV-489146,SuperStore Inc,Gadget Pro,124,250,31000,21700
2026-05-13,INV-738274,Small Dealer 27,Gadget Pro,448,250,112000,78400
2026-05-13,INV-601025,SuperStore Inc,Gadget Lite,318,90,28620,17490
2026-05-13,INV-263826,BigBuy Distribution,Declining Product,194,100,19400,12610
2026-05-13,INV-180219,Small Dealer 12,Gadget Lite,133,90,11970,7315
2026-05-13,INV-935734,Small Dealer 27,Gadget Pro,257,250,64250,44975
2026-05-13,INV-933788,Small Dealer 2,Budget Widget,12,30,360,216
2026-05-13,INV-883951,SuperStore Inc,Premium Widget,52,150,7800,6240
2026-05-13,INV-684066,SuperStore Inc,Low Stock Item,213,200,42600,27690
2026-05-13,INV-118716,SuperStore Inc,Budget Widget,339,30,10170,6102
2026-05-13,INV-122278,Small Dealer 12,Standard Widget,299,80,23920,14950
2026-05-13,INV-728058,BigBuy Distribution,Budget Widget,26,30,780,468
2026-05-13,INV-170695,BigBuy Distribution,Standard Widget,267,80,21360,13350
2026-05-13,INV-509543,SuperStore Inc,Gadget Pro,88,250,22000,15400
2026-05-13,INV-735797,MegaMart Corp,Declining Product,389,100,38900,25285
2026-05-13,INV-546715,MegaMart Corp,Budget Widget,49,30,1470,882
2026-05-14,INV-382495,MegaMart Corp,Low Stock Item,187,200,37400,24310
2026-05-14,INV-767164,BigBuy Distribution,Gadget Pro,380,250,95000,66500
2026-05-14,INV-635321,BigBuy Distribution,Low Stock Item,23,200,4600,2990
2026-05-14,INV-156544,Small Dealer 24,Gadget Pro,345,250,86250,60375
2026-05-14,INV-228700,MegaMart Corp,Premium Widget,400,150,60000,48000
2026-05-14,INV-582711,BigBuy Distribution,Gadget Lite,70,90,6300,3850
2026-05-14,INV-681341,Small Dealer 11,Low Stock Item,81,200,16200,10530
2026-05-14,INV-185260,MegaMart Corp,Standard Widget,133,80,10640,6650
2026-05-14,INV-102421,SuperStore Inc,Declining Product,187,100,18700,12155
2026-05-14,INV-644319,Small Dealer 23,Gadget Lite,119,90,10710,6545
2026-05-14,INV-373893,SuperStore Inc,Gadget Pro,69,250,17250,12075
2026-05-14,INV-620937,SuperStore Inc,Gadget Lite,99,90,8910,5445
2026-05-14,INV-311340,Small Dealer 16,Standard Widget,83,80,6640,4150
2026-05-14,INV-613880,SuperStore Inc,Standard Widget,368,80,29440,18400
2026-05-14,INV-809082,Small Dealer 6,Gadget Lite,61,90,5490,3355
2026-05-14,INV-738794,Small Dealer 24,Standard Widget,16,80,1280,800
2026-05-14,INV-604520,MegaMart Corp,Declining Product,468,100,46800,30420
2026-05-14,INV-577462,SuperStore Inc,Gadget Pro,270,250,67500,47250
2026-05-14,INV-250443,BigBuy Distribution,Low Stock Item,157,200,31400,20410
2026-05-14,INV-242545,BigBuy Distribution,Budget Widget,300,30,9000,5400
2026-05-14,INV-337214,Small Dealer 28,Gadget Lite,178,90,16020,9790
2026-05-14,INV-102291,Small Dealer 29,Gadget Pro,423,250,105750,74025
2026-05-14,INV-822560,Small Dealer 19,Budget Widget,193,30,5790,3474
2026-05-14,INV-618384,Small Dealer 22,Low Stock Item,261,200,52200,33930
2026-05-14,INV-514587,BigBuy Distribution,Low Stock Item,124,200,24800,16120
2026-05-14,INV-645858,SuperStore Inc,Standard Widget,123,80,9840,6150
2026-05-14,INV-174912,Small Dealer 4,Declining Product,411,100,41100,26715
2026-05-14,INV-436193,MegaMart Corp,Premium Widget,132,150,19800,15840
2026-05-14,INV-351007,BigBuy Distribution,Gadget Pro,47,250,11750,8225
2026-05-14,INV-598518,Small Dealer 2,Premium Widget,25,150,3750,3000
2026-05-14,INV-146505,SuperStore Inc,Gadget Lite,356,90,32040,19580
2026-05-14,INV-650786,SuperStore Inc,Declining Product,152,100,15200,9880
2026-05-14,INV-867243,Small Dealer 27,Budget Widget,374,30,11220,6732
2026-05-14,INV-962743,Small Dealer 6,Standard Widget,81,80,6480,4050
2026-05-14,INV-278391,Small Dealer 6,Standard Widget,448,80,35840,22400
2026-05-14,INV-889167,Small Dealer 18,Declining Product,278,100,27800,18070
2026-05-14,INV-597561,BigBuy Distribution,Gadget Lite,422,90,37980,23210
2026-05-15,INV-703477,Small Dealer 25,Gadget Lite,378,90,34020,20790
2026-05-15,INV-209918,BigBuy Distribution,Gadget Lite,436,90,39240,23980
2026-05-15,INV-689149,MegaMart Corp,Low Stock Item,190,200,38000,24700
2026-05-15,INV-747988,Small Dealer 17,Standard Widget,255,80,20400,12750
2026-05-15,INV-955384,MegaMart Corp,Premium Widget,227,150,34050,27240
2026-05-15,INV-494038,Small Dealer 18,Standard Widget,81,80,6480,4050
2026-05-15,INV-949040,BigBuy Distribution,Premium Widget,326,150,48900,39120
2026-05-15,INV-211892,SuperStore Inc,Premium Widget,200,150,30000,24000
2026-05-15,INV-383070,MegaMart Corp,Declining Product,164,100,16400,10660
2026-05-15,INV-910138,Small Dealer 18,Low Stock Item,412,200,82400,53560
2026-05-15,INV-565843,Small Dealer 18,Premium Widget,111,150,16650,13320
2026-05-16,INV-342545,BigBuy Distribution,Declining Product,421,100,42100,27365
2026-05-16,INV-319011,MegaMart Corp,Standard Widget,416,80,33280,20800
2026-05-16,INV-379532,BigBuy Distribution,Budget Widget,304,30,9120,5472
2026-05-16,INV-428371,SuperStore Inc,Gadget Lite,197,90,17730,10835
2026-05-16,INV-115996,SuperStore Inc,Gadget Lite,259,90,23310,14245
2026-05-16,INV-781586,MegaMart Corp,Budget Widget,174,30,5220,3132
2026-05-16,INV-314396,Small Dealer 17,Standard Widget,447,80,35760,22350
2026-05-16,INV-799542,Small Dealer 18,Gadget Pro,61,250,15250,10675
2026-05-16,INV-682385,BigBuy Distribution,Premium Widget,351,150,52650,42120
2026-05-16,INV-343628,Small Dealer 19,Gadget Pro,391,250,97750,68425
2026-05-16,INV-242901,SuperStore Inc,Premium Widget,422,150,63300,50640
2026-05-16,INV-604621,Small Dealer 18,Budget Widget,261,30,7830,4698
2026-05-16,INV-457156,BigBuy Distribution,Gadget Lite,94,90,8460,5170
2026-05-16,INV-587060,BigBuy Distribution,Budget Widget,122,30,3660,2196
2026-05-16,INV-436726,SuperStore Inc,Declining Product,61,100,6100,3965
2026-05-16,INV-879621,Small Dealer 26,Standard Widget,120,80,9600,6000
2026-05-16,INV-617386,MegaMart Corp,Declining Product,358,100,35800,23270
2026-05-16,INV-323519,BigBuy Distribution,Gadget Pro,215,250,53750,37625
2026-05-16,INV-700908,Small Dealer 8,Premium Widget,61,150,9150,7320
2026-05-16,INV-830817,Small Dealer 3,Gadget Pro,230,250,57500,40250
2026-05-16,INV-453327,MegaMart Corp,Low Stock Item,180,200,36000,23400
2026-05-16,INV-613880,Small Dealer 1,Low Stock Item,135,200,27000,17550
2026-05-16,INV-368051,MegaMart Corp,Gadget Lite,107,90,9630,5885
2026-05-16,INV-589173,Small Dealer 8,Declining Product,49,100,4900,3185
2026-05-16,INV-321467,MegaMart Corp,Declining Product,343,100,34300,22295
2026-05-16,INV-708918,MegaMart Corp,Gadget Lite,285,90,25650,15675
2026-05-16,INV-489093,MegaMart Corp,Premium Widget,156,150,23400,18720
2026-05-16,INV-570565,MegaMart Corp,Gadget Lite,148,90,13320,8140
2026-05-16,INV-552564,Small Dealer 10,Standard Widget,162,80,12960,8100
2026-05-17,INV-477682,SuperStore Inc,Standard Widget,85,80,6800,4250
2026-05-17,INV-545224,Small Dealer 11,Premium Widget,403,150,60450,48360
2026-05-17,INV-792658,Small Dealer 27,Standard Widget,304,80,24320,15200
2026-05-17,INV-329473,SuperStore Inc,Gadget Pro,466,250,116500,81550
2026-05-17,INV-225459,SuperStore Inc,Low Stock Item,335,200,67000,43550
2026-05-17,INV-884374,SuperStore Inc,Standard Widget,474,80,37920,23700
2026-05-17,INV-675388,Small Dealer 20,Budget Widget,254,30,7620,4572
2026-05-17,INV-345528,Small Dealer 20,Premium Widget,443,150,66450,53160
2026-05-17,INV-663200,BigBuy Distribution,Budget Widget,15,30,450,270
2026-05-17,INV-927983,BigBuy Distribution,Gadget Lite,420,90,37800,23100
2026-05-17,INV-939628,Small Dealer 14,Low Stock Item,450,200,90000,58500
2026-05-17,INV-437466,Small Dealer 24,Budget Widget,152,30,4560,2736
2026-05-17,INV-830881,BigBuy Distribution,Declining Product,390,100,39000,25350
2026-05-17,INV-864564,Small Dealer 25,Premium Widget,432,150,64800,51840
2026-05-17,INV-429875,SuperStore Inc,Standard Widget,27,80,2160,1350
2026-05-17,INV-189045,BigBuy Distribution,Budget Widget,472,30,14160,8496
2026-05-17,INV-441658,Small Dealer 12,Gadget Pro,350,250,87500,61250
2026-05-17,INV-925296,SuperStore Inc,Premium Widget,298,150,44700,35760
2026-05-17,INV-777368,MegaMart Corp,Gadget Pro,211,250,52750,36925
2026-05-17,INV-725740,SuperStore Inc,Low Stock Item,386,200,77200,50180
2026-05-17,INV-334961,Small Dealer 2,Premium Widget,46,150,6900,5520
2026-05-17,INV-417950,Small Dealer 28,Gadget Pro,50,250,12500,8750
2026-05-17,INV-665019,Small Dealer 12,Gadget Pro,332,250,83000,58100
2026-05-17,INV-384970,SuperStore Inc,Gadget Lite,412,90,37080,22660
2026-05-17,INV-369885,Small Dealer 12,Budget Widget,275,30,8250,4950
2026-05-17,INV-408069,MegaMart Corp,Premium Widget,30,150,4500,3600
2026-05-18,INV-321308,BigBuy Distribution,Declining Product,415,100,41500,26975
2026-05-18,INV-468057,BigBuy Distribution,Gadget Lite,235,90,21150,12925
2026-05-18,INV-678391,SuperStore Inc,Premium Widget,154,150,23100,18480
2026-05-18,INV-515566,MegaMart Corp,Gadget Lite,154,90,13860,8470
2026-05-18,INV-301762,SuperStore Inc,Declining Product,52,100,5200,3380
2026-05-18,INV-182963,BigBuy Distribution,Declining Product,388,100,38800,25220
2026-05-18,INV-800016,BigBuy Distribution,Premium Widget,97,150,14550,11640
2026-05-18,INV-470046,Small Dealer 26,Gadget Lite,206,90,18540,11330
2026-05-18,INV-683923,BigBuy Distribution,Budget Widget,40,30,1200,720
2026-05-18,INV-730888,Small Dealer 12,Low Stock Item,178,200,35600,23140
2026-05-19,INV-122580,MegaMart Corp,Budget Widget,491,30,14730,8838
2026-05-19,INV-369193,MegaMart Corp,Gadget Lite,264,90,23760,14520
2026-05-19,INV-604393,SuperStore Inc,Gadget Pro,150,250,37500,26250
2026-05-19,INV-856788,Small Dealer 16,Gadget Lite,402,90,36180,22110
2026-05-19,INV-907741,Small Dealer 29,Standard Widget,429,80,34320,21450
2026-05-19,INV-824336,Small Dealer 4,Gadget Pro,30,250,7500,5250
2026-05-19,INV-263902,Small Dealer 8,Gadget Lite,431,90,38790,23705
2026-05-19,INV-521528,Small Dealer 4,Low Stock Item,244,200,48800,31720
2026-05-19,INV-494005,MegaMart Corp,Budget Widget,167,30,5010,3006
2026-05-19,INV-406733,BigBuy Distribution,Budget Widget,481,30,14430,8658
2026-05-20,INV-898050,SuperStore Inc,Budget Widget,197,30,5910,3546
2026-05-20,INV-895980,Small Dealer 17,Low Stock Item,472,200,94400,61360
2026-05-20,INV-796544,BigBuy Distribution,Budget Widget,53,30,1590,954
2026-05-20,INV-910176,MegaMart Corp,Low Stock Item,468,200,93600,60840
2026-05-20,INV-933787,MegaMart Corp,Gadget Lite,419,90,37710,23045
2026-05-20,INV-385061,SuperStore Inc,Gadget Pro,75,250,18750,13125
2026-05-20,INV-904702,Small Dealer 22,Gadget Pro,152,250,38000,26600
2026-05-20,INV-844741,BigBuy Distribution,Low Stock Item,428,200,85600,55640
2026-05-20,INV-702611,BigBuy Distribution,Declining Product,176,100,17600,11440
2026-05-20,INV-656031,SuperStore Inc,Gadget Lite,163,90,14670,8965
2026-05-20,INV-105207,Small Dealer 19,Budget Widget,20,30,600,360
2026-05-20,INV-670860,SuperStore Inc,Declining Product,399,100,39900,25935
2026-05-20,INV-934202,SuperStore Inc,Standard Widget,461,80,36880,23050
2026-05-20,INV-687569,BigBuy Distribution,Gadget Pro,158,250,39500,27650
2026-05-20,INV-687359,Small Dealer 26,Low Stock Item,263,200,52600,34190
2026-05-20,INV-601658,SuperStore Inc,Gadget Lite,134,90,12060,7370
2026-05-20,INV-600528,BigBuy Distribution,Gadget Pro,422,250,105500,73850
2026-05-20,INV-592853,SuperStore Inc,Gadget Lite,302,90,27180,16610
2026-05-21,INV-360289,BigBuy Distribution,Premium Widget,174,150,26100,20880
2026-05-21,INV-690246,MegaMart Corp,Budget Widget,67,30,2010,1206
2026-05-21,INV-421505,BigBuy Distribution,Low Stock Item,238,200,47600,30940
2026-05-21,INV-519721,SuperStore Inc,Declining Product,496,100,49600,32240
2026-05-21,INV-716906,Small Dealer 23,Low Stock Item,51,200,10200,6630
2026-05-21,INV-499033,MegaMart Corp,Budget Widget,93,30,2790,1674
2026-05-21,INV-789775,Small Dealer 5,Budget Widget,305,30,9150,5490
2026-05-21,INV-556370,MegaMart Corp,Premium Widget,239,150,35850,28680
2026-05-21,INV-987967,Small Dealer 16,Gadget Lite,485,90,43650,26675
2026-05-21,INV-434033,SuperStore Inc,Declining Product,239,100,23900,15535
2026-05-21,INV-986796,MegaMart Corp,Gadget Pro,201,250,50250,35175
2026-05-21,INV-935194,Small Dealer 24,Gadget Lite,118,90,10620,6490
2026-05-21,INV-964278,Small Dealer 19,Gadget Pro,353,250,88250,61775
2026-05-21,INV-417730,Small Dealer 16,Premium Widget,348,150,52200,41760
2026-05-21,INV-964952,Small Dealer 26,Declining Product,256,100,25600,16640
2026-05-21,INV-944060,Small Dealer 9,Premium Widget,191,150,28650,22920
2026-05-21,INV-482929,SuperStore Inc,Premium Widget,79,150,11850,9480
2026-05-21,INV-189707,Small Dealer 24,Premium Widget,366,150,54900,43920
2026-05-21,INV-395881,SuperStore Inc,Budget Widget,326,30,9780,5868
2026-05-21,INV-664372,BigBuy Distribution,Gadget Pro,328,250,82000,57400
2026-05-21,INV-508360,SuperStore Inc,Standard Widget,199,80,15920,9950
2026-05-21,INV-474275,Small Dealer 24,Low Stock Item,147,200,29400,19110
2026-05-21,INV-786288,SuperStore Inc,Gadget Pro,352,250,88000,61600
2026-05-21,INV-103380,Small Dealer 23,Budget Widget,104,30,3120,1872
2026-05-21,INV-458048,Small Dealer 11,Premium Widget,299,150,44850,35880
2026-05-21,INV-571143,Small Dealer 25,Premium Widget,361,150,54150,43320
2026-05-21,INV-597866,BigBuy Distribution,Gadget Lite,83,90,7470,4565
2026-05-21,INV-683333,SuperStore Inc,Gadget Pro,269,250,67250,47075
2026-05-21,INV-385949,BigBuy Distribution,Low Stock Item,307,200,61400,39910
2026-05-21,INV-776451,Small Dealer 28,Standard Widget,386,80,30880,19300
2026-05-21,INV-666552,SuperStore Inc,Gadget Lite,322,90,28980,17710
2026-05-21,INV-587256,BigBuy Distribution,Standard Widget,408,80,32640,20400
2026-05-21,INV-280857,SuperStore Inc,Budget Widget,286,30,8580,5148
2026-05-21,INV-399337,BigBuy Distribution,Gadget Lite,421,90,37890,23155
2026-05-22,INV-732456,Small Dealer 2,Premium Widget,256,150,38400,30720
2026-05-22,INV-472126,Small Dealer 26,Premium Widget,231,150,34650,27720
2026-05-22,INV-589721,SuperStore Inc,Gadget Lite,409,90,36810,22495
2026-05-22,INV-614822,Small Dealer 9,Standard Widget,152,80,12160,7600
2026-05-22,INV-714904,SuperStore Inc,Low Stock Item,43,200,8600,5590
2026-05-22,INV-710210,MegaMart Corp,Gadget Pro,229,250,57250,40075
2026-05-22,INV-736889,BigBuy Distribution,Declining Product,185,100,18500,12025
2026-05-22,INV-735896,MegaMart Corp,Premium Widget,208,150,31200,24960
2026-05-22,INV-655915,SuperStore Inc,Low Stock Item,253,200,50600,32890
2026-05-22,INV-318271,BigBuy Distribution,Low Stock Item,82,200,16400,10660
2026-05-22,INV-649334,BigBuy Distribution,Premium Widget,20,150,3000,2400
2026-05-22,INV-885939,MegaMart Corp,Gadget Lite,445,90,40050,24475
2026-05-22,INV-248288,BigBuy Distribution,Low Stock Item,19,200,3800,2470
2026-05-22,INV-286489,SuperStore Inc,Budget Widget,128,30,3840,2304
2026-05-22,INV-850894,Small Dealer 14,Low Stock Item,450,200,90000,58500
2026-05-22,INV-202413,SuperStore Inc,Low Stock Item,154,200,30800,20020
2026-05-23,INV-469579,BigBuy Distribution,Declining Product,337,100,33700,21905
2026-05-23,INV-776186,Small Dealer 20,Premium Widget,70,150,10500,8400
2026-05-23,INV-540957,Small Dealer 19,Gadget Lite,163,90,14670,8965
2026-05-23,INV-212175,Small Dealer 2,Standard Widget,44,80,3520,2200
2026-05-23,INV-199019,BigBuy Distribution,Declining Product,473,100,47300,30745
2026-05-23,INV-200546,SuperStore Inc,Low Stock Item,188,200,37600,24440
2026-05-23,INV-949053,Small Dealer 21,Standard Widget,24,80,1920,1200
2026-05-23,INV-885746,MegaMart Corp,Low Stock Item,426,200,85200,55380
2026-05-23,INV-503462,Small Dealer 12,Low Stock Item,497,200,99400,64610
2026-05-23,INV-261672,Small Dealer 22,Declining Product,139,100,13900,9035
2026-05-23,INV-684711,SuperStore Inc,Gadget Lite,106,90,9540,5830
2026-05-23,INV-808769,Small Dealer 24,Declining Product,451,100,45100,29315
2026-05-23,INV-625241,Small Dealer 10,Standard Widget,281,80,22480,14050
2026-05-23,INV-421379,MegaMart Corp,Declining Product,133,100,13300,8645
2026-05-23,INV-156319,BigBuy Distribution,Gadget Lite,176,90,15840,9680
2026-05-23,INV-288020,Small Dealer 1,Gadget Lite,384,90,34560,21120
2026-05-23,INV-816999,Small Dealer 16,Gadget Lite,79,90,7110,4345
2026-05-23,INV-953563,Small Dealer 15,Low Stock Item,114,200,22800,14820
2026-05-23,INV-982308,MegaMart Corp,Budget Widget,33,30,990,594
2026-05-23,INV-565058,MegaMart Corp,Standard Widget,227,80,18160,11350
2026-05-23,INV-982796,MegaMart Corp,Budget Widget,451,30,13530,8118
2026-05-23,INV-837099,Small Dealer 10,Gadget Pro,406,250,101500,71050
2026-05-23,INV-717803,Small Dealer 23,Declining Product,259,100,25900,16835
2026-05-23,INV-798360,Small Dealer 24,Low Stock Item,460,200,92000,59800
2026-05-23,INV-183108,SuperStore Inc,Gadget Lite,314,90,28260,17270
2026-05-23,INV-563935,Small Dealer 28,Low Stock Item,233,200,46600,30290
2026-05-24,INV-926752,SuperStore Inc,Budget Widget,264,30,7920,4752
2026-05-24,INV-408872,BigBuy Distribution,Premium Widget,36,150,5400,4320
2026-05-24,INV-998556,SuperStore Inc,Gadget Pro,456,250,114000,79800
2026-05-24,INV-932965,Small Dealer 20,Declining Product,500,100,50000,32500
2026-05-24,INV-395382,MegaMart Corp,Gadget Lite,393,90,35370,21615
2026-05-24,INV-399537,Small Dealer 2,Standard Widget,19,80,1520,950
2026-05-24,INV-108337,MegaMart Corp,Gadget Pro,468,250,117000,81900
2026-05-24,INV-241191,MegaMart Corp,Low Stock Item,45,200,9000,5850
2026-05-24,INV-821919,SuperStore Inc,Standard Widget,412,80,32960,20600
2026-05-24,INV-482114,MegaMart Corp,Standard Widget,226,80,18080,11300
2026-05-24,INV-514877,MegaMart Corp,Budget Widget,327,30,9810,5886
2026-05-24,INV-182782,SuperStore Inc,Budget Widget,25,30,750,450
2026-05-24,INV-166165,SuperStore Inc,Standard Widget,472,80,37760,23600
2026-05-24,INV-439004,Small Dealer 1,Premium Widget,378,150,56700,45360
2026-05-25,INV-196079,SuperStore Inc,Declining Product,498,100,49800,32370
2026-05-25,INV-148571,Small Dealer 16,Premium Widget,365,150,54750,43800
2026-05-25,INV-826720,Small Dealer 23,Premium Widget,350,150,52500,42000
2026-05-25,INV-572919,BigBuy Distribution,Standard Widget,57,80,4560,2850
2026-05-25,INV-344546,MegaMart Corp,Gadget Lite,265,90,23850,14575
2026-05-25,INV-834211,MegaMart Corp,Gadget Pro,487,250,121750,85225
2026-05-25,INV-146440,BigBuy Distribution,Declining Product,347,100,34700,22555
2026-05-25,INV-403483,MegaMart Corp,Premium Widget,348,150,52200,41760
2026-05-25,INV-967262,SuperStore Inc,Standard Widget,49,80,3920,2450
2026-05-25,INV-265741,Small Dealer 18,Low Stock Item,446,200,89200,57980
2026-05-25,INV-373759,Small Dealer 6,Gadget Pro,356,250,89000,62300
2026-05-25,INV-826098,SuperStore Inc,Budget Widget,443,30,13290,7974
2026-05-25,INV-781918,SuperStore Inc,Premium Widget,97,150,14550,11640
2026-05-25,INV-457974,MegaMart Corp,Budget Widget,137,30,4110,2466
2026-05-25,INV-968924,MegaMart Corp,Gadget Lite,151,90,13590,8305
2026-05-25,INV-845768,MegaMart Corp,Gadget Lite,295,90,26550,16225
2026-05-25,INV-417543,Small Dealer 26,Premium Widget,499,150,74850,59880
2026-05-25,INV-354199,MegaMart Corp,Budget Widget,392,30,11760,7056
2026-05-25,INV-443909,Small Dealer 23,Premium Widget,302,150,45300,36240
2026-05-25,INV-937641,Small Dealer 16,Declining Product,107,100,10700,6955
2026-05-25,INV-893346,Small Dealer 28,Budget Widget,417,30,12510,7506
2026-05-25,INV-537402,SuperStore Inc,Low Stock Item,233,200,46600,30290
2026-05-25,INV-626830,SuperStore Inc,Budget Widget,477,30,14310,8586
2026-05-26,INV-595132,Small Dealer 13,Standard Widget,172,80,13760,8600
2026-05-26,INV-424655,SuperStore Inc,Standard Widget,101,80,8080,5050
2026-05-26,INV-505578,SuperStore Inc,Gadget Lite,39,90,3510,2145
2026-05-26,INV-825875,SuperStore Inc,Gadget Pro,392,250,98000,68600
2026-05-26,INV-897003,MegaMart Corp,Gadget Lite,383,90,34470,21065
2026-05-26,INV-643395,SuperStore Inc,Premium Widget,388,150,58200,46560
2026-05-26,INV-221434,SuperStore Inc,Premium Widget,416,150,62400,49920
2026-05-26,INV-201855,BigBuy Distribution,Gadget Lite,413,90,37170,22715
2026-05-26,INV-179312,SuperStore Inc,Low Stock Item,20,200,4000,2600
2026-05-26,INV-446364,BigBuy Distribution,Gadget Lite,451,90,40590,24805
2026-05-26,INV-278681,SuperStore Inc,Premium Widget,295,150,44250,35400
2026-05-26,INV-991580,BigBuy Distribution,Low Stock Item,205,200,41000,26650
2026-05-26,INV-383987,Small Dealer 29,Premium Widget,144,150,21600,17280
2026-05-26,INV-392545,Small Dealer 3,Budget Widget,473,30,14190,8514
2026-05-26,INV-251991,Small Dealer 20,Budget Widget,402,30,12060,7236
2026-05-26,INV-119694,Small Dealer 16,Gadget Lite,332,90,29880,18260
2026-05-26,INV-989243,MegaMart Corp,Gadget Pro,187,250,46750,32725
2026-05-26,INV-338373,SuperStore Inc,Gadget Lite,73,90,6570,4015
2026-05-26,INV-908355,BigBuy Distribution,Gadget Pro,222,250,55500,38850
2026-05-26,INV-747415,Small Dealer 14,Low Stock Item,139,200,27800,18070
2026-05-26,INV-249924,Small Dealer 15,Premium Widget,160,150,24000,19200
2026-05-26,INV-797600,SuperStore Inc,Gadget Pro,298,250,74500,52150
2026-05-26,INV-105848,SuperStore Inc,Standard Widget,457,80,36560,22850
2026-05-26,INV-182414,SuperStore Inc,Gadget Pro,285,250,71250,49875
2026-05-26,INV-660856,MegaMart Corp,Premium Widget,229,150,34350,27480
2026-05-26,INV-477432,SuperStore Inc,Standard Widget,228,80,18240,11400
2026-05-26,INV-336591,MegaMart Corp,Gadget Pro,487,250,121750,85225
2026-05-26,INV-510448,BigBuy Distribution,Gadget Lite,249,90,22410,13695
2026-05-26,INV-428087,MegaMart Corp,Gadget Pro,34,250,8500,5950
2026-05-26,INV-438109,SuperStore Inc,Gadget Lite,52,90,4680,2860
2026-05-26,INV-844865,Small Dealer 28,Declining Product,66,100,6600,4290
2026-05-26,INV-570577,Small Dealer 29,Premium Widget,12,150,1800,1440
2026-05-26,INV-631527,Small Dealer 18,Budget Widget,101,30,3030,1818
2026-05-26,INV-558018,SuperStore Inc,Budget Widget,243,30,7290,4374
2026-05-26,INV-937966,BigBuy Distribution,Declining Product,256,100,25600,16640
2026-05-27,INV-196825,SuperStore Inc,Standard Widget,362,80,28960,18100
2026-05-27,INV-285468,MegaMart Corp,Gadget Lite,433,90,38970,23815
2026-05-27,INV-223019,MegaMart Corp,Budget Widget,310,30,9300,5580
2026-05-27,INV-934195,MegaMart Corp,Gadget Pro,313,250,78250,54775
2026-05-27,INV-285289,SuperStore Inc,Standard Widget,241,80,19280,12050
2026-05-27,INV-543363,Small Dealer 20,Declining Product,110,100,11000,7150
2026-05-27,INV-821542,Small Dealer 15,Budget Widget,411,30,12330,7398
2026-05-27,INV-207225,BigBuy Distribution,Gadget Pro,305,250,76250,53375
2026-05-27,INV-712365,MegaMart Corp,Budget Widget,313,30,9390,5634
2026-05-27,INV-587927,Small Dealer 26,Budget Widget,362,30,10860,6516
2026-05-27,INV-988528,SuperStore Inc,Low Stock Item,386,200,77200,50180
2026-05-28,INV-284933,Small Dealer 18,Premium Widget,56,150,8400,6720
2026-05-28,INV-524678,Small Dealer 6,Budget Widget,396,30,11880,7128
2026-05-28,INV-535097,Small Dealer 2,Low Stock Item,120,200,24000,15600
2026-05-28,INV-665934,MegaMart Corp,Gadget Lite,296,90,26640,16280
2026-05-28,INV-930605,SuperStore Inc,Declining Product,29,100,2900,1885
2026-05-28,INV-276582,SuperStore Inc,Gadget Lite,342,90,30780,18810
2026-05-28,INV-853160,Small Dealer 24,Gadget Pro,213,250,53250,37275
2026-05-28,INV-489715,MegaMart Corp,Standard Widget,471,80,37680,23550
2026-05-28,INV-752998,Small Dealer 20,Budget Widget,463,30,13890,8334
2026-05-28,INV-889868,MegaMart Corp,Declining Product,203,100,20300,13195
2026-05-28,INV-515831,SuperStore Inc,Low Stock Item,450,200,90000,58500
2026-05-28,INV-997456,Small Dealer 24,Standard Widget,207,80,16560,10350
2026-05-28,INV-355296,Small Dealer 5,Gadget Lite,194,90,17460,10670
2026-05-28,INV-297140,Small Dealer 13,Low Stock Item,259,200,51800,33670
2026-05-28,INV-255369,Small Dealer 26,Premium Widget,326,150,48900,39120
2026-05-28,INV-944179,SuperStore Inc,Budget Widget,33,30,990,594
2026-05-28,INV-742286,MegaMart Corp,Declining Product,19,100,1900,1235
2026-05-28,INV-962303,SuperStore Inc,Gadget Lite,114,90,10260,6270
2026-05-28,INV-622209,Small Dealer 21,Gadget Lite,296,90,26640,16280
2026-05-28,INV-309809,Small Dealer 27,Gadget Lite,284,90,25560,15620
2026-05-28,INV-158643,SuperStore Inc,Premium Widget,396,150,59400,47520
2026-05-28,INV-508430,Small Dealer 21,Premium Widget,233,150,34950,27960
2026-05-28,INV-352546,SuperStore Inc,Low Stock Item,157,200,31400,20410
2026-05-28,INV-690941,Small Dealer 25,Gadget Lite,414,90,37260,22770
2026-05-28,INV-390091,MegaMart Corp,Gadget Lite,12,90,1080,660
2026-05-28,INV-428393,MegaMart Corp,Gadget Pro,425,250,106250,74375
2026-05-29,INV-659606,Small Dealer 14,Premium Widget,372,150,55800,44640
2026-05-29,INV-389322,BigBuy Distribution,Declining Product,206,100,20600,13390
2026-05-29,INV-491080,BigBuy Distribution,Standard Widget,250,80,20000,12500
2026-05-29,INV-590186,MegaMart Corp,Budget Widget,154,30,4620,2772
2026-05-29,INV-430176,Small Dealer 2,Gadget Pro,435,250,108750,76125
2026-05-29,INV-375570,Small Dealer 27,Standard Widget,39,80,3120,1950
2026-05-29,INV-124747,MegaMart Corp,Declining Product,305,100,30500,19825
2026-05-29,INV-905245,MegaMart Corp,Premium Widget,361,150,54150,43320
2026-05-29,INV-995753,BigBuy Distribution,Gadget Lite,35,90,3150,1925
2026-05-29,INV-443694,BigBuy Distribution,Low Stock Item,484,200,96800,62920
2026-05-29,INV-319939,Small Dealer 11,Budget Widget,256,30,7680,4608
2026-05-29,INV-668264,Small Dealer 17,Gadget Lite,10,90,900,550
2026-05-29,INV-501404,SuperStore Inc,Budget Widget,22,30,660,396
2026-05-29,INV-922143,MegaMart Corp,Low Stock Item,176,200,35200,22880
2026-05-29,INV-334561,MegaMart Corp,Budget Widget,171,30,5130,3078
2026-05-29,INV-662292,SuperStore Inc,Gadget Pro,81,250,20250,14175
2026-05-29,INV-158810,SuperStore Inc,Gadget Lite,199,90,17910,10945
2026-05-29,INV-590854,SuperStore Inc,Standard Widget,139,80,11120,6950
2026-05-29,INV-597007,SuperStore Inc,Low Stock Item,271,200,54200,35230
2026-05-29,INV-854506,Small Dealer 25,Budget Widget,16,30,480,288
2026-05-29,INV-882420,MegaMart Corp,Gadget Lite,328,90,29520,18040
2026-05-29,INV-380214,Small Dealer 29,Low Stock Item,335,200,67000,43550
2026-05-29,INV-197085,MegaMart Corp,Budget Widget,393,30,11790,7074
2026-05-29,INV-847828,Small Dealer 4,Standard Widget,21,80,1680,1050
2026-05-29,INV-171036,Small Dealer 9,Gadget Pro,201,250,50250,35175
2026-05-29,INV-978558,BigBuy Distribution,Low Stock Item,478,200,95600,62140
2026-05-29,INV-252462,MegaMart Corp,Declining Product,329,100,32900,21385
2026-05-29,INV-712279,Small Dealer 13,Low Stock Item,302,200,60400,39260
2026-05-29,INV-978040,MegaMart Corp,Low Stock Item,248,200,49600,32240
2026-05-29,INV-258181,MegaMart Corp,Low Stock Item,489,200,97800,63570
2026-05-29,INV-732008,Small Dealer 6,Gadget Lite,114,90,10260,6270
2026-05-29,INV-308346,MegaMart Corp,Budget Widget,221,30,6630,3978
2026-05-29,INV-315150,MegaMart Corp,Standard Widget,254,80,20320,12700
2026-05-30,INV-776520,Small Dealer 20,Premium Widget,80,150,12000,9600
2026-05-30,INV-551153,MegaMart Corp,Low Stock Item,123,200,24600,15990
2026-05-30,INV-551599,SuperStore Inc,Gadget Lite,107,90,9630,5885
2026-05-30,INV-827021,SuperStore Inc,Budget Widget,357,30,10710,6426
2026-05-30,INV-875146,BigBuy Distribution,Budget Widget,471,30,14130,8478
2026-05-30,INV-393547,Small Dealer 23,Low Stock Item,415,200,83000,53950
2026-05-30,INV-223040,SuperStore Inc,Low Stock Item,399,200,79800,51870
2026-05-30,INV-214151,BigBuy Distribution,Low Stock Item,173,200,34600,22490
2026-05-30,INV-928137,Small Dealer 13,Gadget Pro,129,250,32250,22575
2026-05-30,INV-747358,Small Dealer 4,Low Stock Item,239,200,47800,31070
2026-05-30,INV-806518,SuperStore Inc,Declining Product,132,100,13200,8580
2026-05-30,INV-394850,Small Dealer 5,Standard Widget,14,80,1120,700
2026-05-30,INV-332803,MegaMart Corp,Standard Widget,426,80,34080,21300
2026-05-30,INV-350941,Small Dealer 17,Gadget Pro,398,250,99500,69650
2026-05-30,INV-848376,MegaMart Corp,Low Stock Item,381,200,76200,49530
2026-05-30,INV-106047,Small Dealer 16,Premium Widget,142,150,21300,17040
2026-05-30,INV-975604,SuperStore Inc,Standard Widget,406,80,32480,20300
2026-05-30,INV-590001,SuperStore Inc,Declining Product,165,100,16500,10725
2026-05-30,INV-507579,SuperStore Inc,Gadget Pro,88,250,22000,15400
2026-05-30,INV-630830,MegaMart Corp,Declining Product,385,100,38500,25025
2026-05-30,INV-627921,SuperStore Inc,Standard Widget,221,80,17680,11050
2026-05-30,INV-254385,BigBuy Distribution,Gadget Lite,279,90,25110,15345
2026-05-30,INV-130977,MegaMart Corp,Low Stock Item,245,200,49000,31850
2026-05-30,INV-408915,BigBuy Distribution,Low Stock Item,96,200,19200,12480
2026-05-30,INV-589383,MegaMart Corp,Gadget Pro,361,250,90250,63175
2026-05-30,INV-515418,BigBuy Distribution,Gadget Pro,482,250,120500,84350
2026-05-30,INV-792299,MegaMart Corp,Low Stock Item,269,200,53800,34970
2026-05-31,INV-534140,Small Dealer 21,Gadget Lite,471,90,42390,25905
2026-05-31,INV-282312,Small Dealer 13,Declining Product,361,100,36100,23465
2026-05-31,INV-544195,BigBuy Distribution,Premium Widget,460,150,69000,55200
2026-05-31,INV-628690,SuperStore Inc,Gadget Lite,415,90,37350,22825
2026-05-31,INV-267383,Small Dealer 17,Premium Widget,458,150,68700,54960
2026-05-31,INV-271369,MegaMart Corp,Budget Widget,382,30,11460,6876
2026-05-31,INV-495766,BigBuy Distribution,Gadget Pro,146,250,36500,25550
2026-05-31,INV-810531,MegaMart Corp,Declining Product,48,100,4800,3120
2026-05-31,INV-399352,MegaMart Corp,Standard Widget,333,80,26640,16650
2026-05-31,INV-578507,BigBuy Distribution,Low Stock Item,412,200,82400,53560
2026-05-31,INV-229301,Small Dealer 15,Premium Widget,121,150,18150,14520
2026-05-31,INV-377247,MegaMart Corp,Low Stock Item,118,200,23600,15340
2026-05-31,INV-991525,MegaMart Corp,Low Stock Item,289,200,57800,37570
2026-05-31,INV-656487,BigBuy Distribution,Budget Widget,141,30,4230,2538
2026-05-31,INV-959754,Small Dealer 18,Low Stock Item,32,200,6400,4160
2026-05-31,INV-301743,Small Dealer 9,Low Stock Item,136,200,27200,17680
2026-05-31,INV-825667,SuperStore Inc,Low Stock Item,203,200,40600,26390
2026-05-31,INV-505683,BigBuy Distribution,Gadget Pro,79,250,19750,13825
2026-05-31,INV-802510,MegaMart Corp,Standard Widget,45,80,3600,2250
2026-05-31,INV-837392,Small Dealer 23,Premium Widget,226,150,33900,27120
2026-05-31,INV-706036,BigBuy Distribution,Low Stock Item,462,200,92400,60060
2026-05-31,INV-771450,BigBuy Distribution,Budget Widget,123,30,3690,2214
2026-05-31,INV-109032,SuperStore Inc,Gadget Pro,294,250,73500,51450
2026-05-31,INV-773621,Small Dealer 7,Declining Product,482,100,48200,31330
2026-05-31,INV-560131,Small Dealer 23,Gadget Lite,133,90,11970,7315
2026-05-31,INV-651429,SuperStore Inc,Gadget Pro,458,250,114500,80150
2026-05-31,INV-184196,MegaMart Corp,Budget Widget,468,30,14040,8424
2026-05-31,INV-203212,SuperStore Inc,Declining Product,335,100,33500,21775
2026-06-01,INV-181607,SuperStore Inc,Standard Widget,375,80,30000,18750
2026-06-01,INV-601240,MegaMart Corp,Premium Widget,440,150,66000,52800
2026-06-01,INV-603813,Small Dealer 13,Standard Widget,148,80,11840,7400
2026-06-01,INV-358213,SuperStore Inc,Gadget Pro,139,250,34750,24325
2026-06-01,INV-571421,MegaMart Corp,Declining Product,91,100,9100,5915
2026-06-01,INV-746615,MegaMart Corp,Budget Widget,342,30,10260,6156
2026-06-01,INV-653519,SuperStore Inc,Standard Widget,26,80,2080,1300
2026-06-01,INV-520451,MegaMart Corp,Declining Product,376,100,37600,24440
2026-06-01,INV-448182,MegaMart Corp,Gadget Lite,68,90,6120,3740
2026-06-01,INV-222520,SuperStore Inc,Declining Product,81,100,8100,5265
2026-06-01,INV-983424,BigBuy Distribution,Declining Product,172,100,17200,11180
2026-06-01,INV-460293,BigBuy Distribution,Standard Widget,171,80,13680,8550
2026-06-01,INV-450329,Small Dealer 10,Standard Widget,144,80,11520,7200
2026-06-01,INV-287333,SuperStore Inc,Declining Product,322,100,32200,20930
2026-06-01,INV-554510,Small Dealer 14,Declining Product,32,100,3200,2080
2026-06-01,INV-372403,Small Dealer 4,Budget Widget,406,30,12180,7308
2026-06-02,INV-344720,MegaMart Corp,Declining Product,485,100,48500,31525
2026-06-02,INV-329251,BigBuy Distribution,Low Stock Item,279,200,55800,36270
2026-06-02,INV-312744,Small Dealer 20,Standard Widget,421,80,33680,21050
2026-06-02,INV-650226,Small Dealer 22,Gadget Lite,320,90,28800,17600
2026-06-02,INV-365168,MegaMart Corp,Budget Widget,341,30,10230,6138
2026-06-02,INV-295785,BigBuy Distribution,Gadget Pro,225,250,56250,39375
2026-06-02,INV-337665,SuperStore Inc,Premium Widget,40,150,6000,4800
2026-06-02,INV-614444,BigBuy Distribution,Budget Widget,112,30,3360,2016
2026-06-02,INV-972869,Small Dealer 3,Gadget Pro,166,250,41500,29050
2026-06-02,INV-518160,SuperStore Inc,Premium Widget,341,150,51150,40920
2026-06-02,INV-961848,BigBuy Distribution,Premium Widget,86,150,12900,10320
2026-06-03,INV-767625,SuperStore Inc,Gadget Lite,209,90,18810,11495
2026-06-03,INV-179135,Small Dealer 19,Gadget Lite,232,90,20880,12760
2026-06-03,INV-998782,MegaMart Corp,Low Stock Item,474,200,94800,61620
2026-06-03,INV-550562,MegaMart Corp,Low Stock Item,64,200,12800,8320
2026-06-03,INV-438768,BigBuy Distribution,Low Stock Item,456,200,91200,59280
2026-06-03,INV-140625,SuperStore Inc,Gadget Pro,137,250,34250,23975
2026-06-03,INV-381821,SuperStore Inc,Low Stock Item,455,200,91000,59150
2026-06-03,INV-614761,Small Dealer 5,Gadget Pro,386,250,96500,67550
2026-06-03,INV-824441,Small Dealer 28,Gadget Lite,343,90,30870,18865
2026-06-03,INV-289685,MegaMart Corp,Gadget Pro,171,250,42750,29925
2026-06-03,INV-807560,Small Dealer 5,Budget Widget,350,30,10500,6300
2026-06-03,INV-307099,BigBuy Distribution,Declining Product,432,100,43200,28080
2026-06-03,INV-531663,MegaMart Corp,Standard Widget,65,80,5200,3250
2026-06-03,INV-519287,Small Dealer 12,Gadget Lite,406,90,36540,22330
2026-06-03,INV-569169,MegaMart Corp,Premium Widget,393,150,58950,47160
2026-06-03,INV-523641,BigBuy Distribution,Gadget Pro,351,250,87750,61425
2026-06-03,INV-953293,Small Dealer 3,Gadget Lite,70,90,6300,3850
2026-06-03,INV-365108,MegaMart Corp,Gadget Pro,477,250,119250,83475
2026-06-03,INV-123537,MegaMart Corp,Budget Widget,27,30,810,486
2026-06-03,INV-540954,MegaMart Corp,Standard Widget,244,80,19520,12200
2026-06-03,INV-972466,Small Dealer 9,Standard Widget,168,80,13440,8400
2026-06-03,INV-534002,SuperStore Inc,Gadget Lite,353,90,31770,19415
2026-06-03,INV-473431,SuperStore Inc,Gadget Pro,361,250,90250,63175
2026-06-04,INV-614163,Small Dealer 7,Budget Widget,265,30,7950,4770
2026-06-04,INV-531226,Small Dealer 9,Premium Widget,51,150,7650,6120
2026-06-04,INV-700848,BigBuy Distribution,Budget Widget,368,30,11040,6624
2026-06-04,INV-676123,Small Dealer 7,Gadget Pro,439,250,109750,76825
2026-06-04,INV-728627,SuperStore Inc,Budget Widget,193,30,5790,3474
2026-06-04,INV-874662,BigBuy Distribution,Declining Product,298,100,29800,19370
2026-06-04,INV-805802,SuperStore Inc,Gadget Pro,45,250,11250,7875
2026-06-04,INV-655134,SuperStore Inc,Standard Widget,414,80,33120,20700
2026-06-04,INV-339509,Small Dealer 27,Standard Widget,400,80,32000,20000
2026-06-04,INV-863923,MegaMart Corp,Declining Product,150,100,15000,9750
2026-06-04,INV-240403,BigBuy Distribution,Standard Widget,331,80,26480,16550
2026-06-05,INV-409237,Small Dealer 15,Gadget Pro,152,250,38000,26600
2026-06-05,INV-913386,SuperStore Inc,Standard Widget,126,80,10080,6300
2026-06-05,INV-424096,Small Dealer 5,Low Stock Item,369,200,73800,47970
2026-06-05,INV-623120,SuperStore Inc,Low Stock Item,229,200,45800,29770
2026-06-05,INV-841729,Small Dealer 24,Budget Widget,459,30,13770,8262
2026-06-05,INV-750490,SuperStore Inc,Gadget Pro,150,250,37500,26250
2026-06-05,INV-321343,BigBuy Distribution,Gadget Lite,271,90,24390,14905
2026-06-05,INV-933709,Small Dealer 10,Premium Widget,298,150,44700,35760
2026-06-05,INV-930721,SuperStore Inc,Gadget Pro,469,250,117250,82075
2026-06-05,INV-725409,Small Dealer 3,Premium Widget,26,150,3900,3120
2026-06-05,INV-282181,BigBuy Distribution,Budget Widget,159,30,4770,2862
2026-06-05,INV-359659,MegaMart Corp,Low Stock Item,301,200,60200,39130
2026-06-05,INV-226984,BigBuy Distribution,Budget Widget,77,30,2310,1386
2026-06-05,INV-733805,MegaMart Corp,Declining Product,188,100,18800,12220
2026-06-05,INV-288674,MegaMart Corp,Gadget Lite,402,90,36180,22110
2026-06-05,INV-459019,BigBuy Distribution,Premium Widget,10,150,1500,1200
2026-06-05,INV-695461,SuperStore Inc,Low Stock Item,303,200,60600,39390
2026-06-05,INV-339698,BigBuy Distribution,Gadget Pro,143,250,35750,25025
2026-06-05,INV-782262,SuperStore Inc,Declining Product,69,100,6900,4485
2026-06-05,INV-378122,MegaMart Corp,Budget Widget,114,30,3420,2052
2026-06-05,INV-825380,BigBuy Distribution,Gadget Lite,249,90,22410,13695
2026-06-05,INV-174570,MegaMart Corp,Declining Product,120,100,12000,7800
2026-06-05,INV-739999,Small Dealer 8,Low Stock Item,178,200,35600,23140
2026-06-05,INV-571649,MegaMart Corp,Budget Widget,487,30,14610,8766
2026-06-05,INV-441989,BigBuy Distribution,Budget Widget,448,30,13440,8064
2026-06-05,INV-648454,Small Dealer 27,Premium Widget,89,150,13350,10680
2026-06-05,INV-174838,BigBuy Distribution,Premium Widget,416,150,62400,49920
2026-06-06,INV-792067,BigBuy Distribution,Standard Widget,58,80,4640,2900
2026-06-06,INV-905481,SuperStore Inc,Budget Widget,144,30,4320,2592
2026-06-06,INV-327970,BigBuy Distribution,Low Stock Item,308,200,61600,40040
2026-06-06,INV-769474,BigBuy Distribution,Gadget Pro,20,250,5000,3500
2026-06-06,INV-565342,MegaMart Corp,Declining Product,104,100,10400,6760
2026-06-06,INV-900046,SuperStore Inc,Gadget Pro,346,250,86500,60550
2026-06-06,INV-450969,Small Dealer 7,Standard Widget,228,80,18240,11400
2026-06-06,INV-735823,MegaMart Corp,Gadget Lite,263,90,23670,14465
2026-06-06,INV-142040,SuperStore Inc,Gadget Pro,261,250,65250,45675
2026-06-06,INV-988891,BigBuy Distribution,Gadget Lite,390,90,35100,21450
2026-06-06,INV-642232,SuperStore Inc,Low Stock Item,483,200,96600,62790
2026-06-06,INV-834389,BigBuy Distribution,Budget Widget,93,30,2790,1674
2026-06-06,INV-751915,Small Dealer 7,Low Stock Item,311,200,62200,40430
2026-06-07,INV-950144,Small Dealer 7,Declining Product,65,100,6500,4225
2026-06-07,INV-212857,SuperStore Inc,Budget Widget,147,30,4410,2646
2026-06-07,INV-806350,Small Dealer 26,Low Stock Item,289,200,57800,37570
2026-06-07,INV-853103,BigBuy Distribution,Budget Widget,241,30,7230,4338
2026-06-07,INV-519189,Small Dealer 5,Low Stock Item,94,200,18800,12220
2026-06-07,INV-205495,Small Dealer 24,Low Stock Item,19,200,3800,2470
2026-06-07,INV-732582,SuperStore Inc,Premium Widget,171,150,25650,20520
2026-06-07,INV-397858,Small Dealer 11,Standard Widget,256,80,20480,12800
2026-06-07,INV-618133,BigBuy Distribution,Gadget Lite,389,90,35010,21395
2026-06-07,INV-870257,Small Dealer 12,Gadget Pro,179,250,44750,31325
2026-06-07,INV-567634,MegaMart Corp,Premium Widget,341,150,51150,40920
2026-06-07,INV-797452,MegaMart Corp,Premium Widget,416,150,62400,49920
2026-06-07,INV-445472,SuperStore Inc,Gadget Lite,263,90,23670,14465
2026-06-07,INV-972253,Small Dealer 29,Premium Widget,325,150,48750,39000
2026-06-07,INV-497892,MegaMart Corp,Gadget Lite,247,90,22230,13585
2026-06-07,INV-941616,MegaMart Corp,Standard Widget,67,80,5360,3350
2026-06-07,INV-279862,MegaMart Corp,Gadget Lite,32,90,2880,1760
2026-06-07,INV-740476,SuperStore Inc,Budget Widget,349,30,10470,6282
2026-06-07,INV-647151,Small Dealer 12,Gadget Lite,430,90,38700,23650
2026-06-07,INV-586607,Small Dealer 25,Gadget Lite,459,90,41310,25245
2026-06-07,INV-767418,MegaMart Corp,Budget Widget,71,30,2130,1278
2026-06-07,INV-783510,SuperStore Inc,Standard Widget,272,80,21760,13600
2026-06-07,INV-302669,BigBuy Distribution,Gadget Lite,225,90,20250,12375
2026-06-08,INV-326246,MegaMart Corp,Budget Widget,470,30,14100,8460
2026-06-08,INV-278891,Small Dealer 27,Declining Product,116,100,11600,7540
2026-06-08,INV-968276,Small Dealer 15,Gadget Pro,304,250,76000,53200
2026-06-08,INV-622127,Small Dealer 23,Gadget Lite,483,90,43470,26565
2026-06-08,INV-287680,SuperStore Inc,Gadget Lite,105,90,9450,5775
2026-06-08,INV-598838,BigBuy Distribution,Gadget Pro,322,250,80500,56350
2026-06-08,INV-464813,MegaMart Corp,Premium Widget,392,150,58800,47040
2026-06-08,INV-316432,SuperStore Inc,Gadget Lite,416,90,37440,22880
2026-06-08,INV-127564,MegaMart Corp,Gadget Lite,346,90,31140,19030
2026-06-08,INV-868504,SuperStore Inc,Low Stock Item,108,200,21600,14040
2026-06-08,INV-785914,BigBuy Distribution,Budget Widget,138,30,4140,2484
2026-06-08,INV-691905,MegaMart Corp,Low Stock Item,371,200,74200,48230
2026-06-08,INV-702605,SuperStore Inc,Budget Widget,357,30,10710,6426
2026-06-09,INV-375461,Small Dealer 13,Standard Widget,334,80,26720,16700
2026-06-09,INV-702615,Small Dealer 18,Budget Widget,13,30,390,234
2026-06-09,INV-904169,Small Dealer 23,Gadget Lite,82,90,7380,4510
2026-06-09,INV-471979,BigBuy Distribution,Premium Widget,442,150,66300,53040
2026-06-09,INV-534140,MegaMart Corp,Gadget Pro,335,250,83750,58625
2026-06-09,INV-161647,MegaMart Corp,Gadget Pro,237,250,59250,41475
2026-06-09,INV-466555,MegaMart Corp,Low Stock Item,89,200,17800,11570
2026-06-09,INV-300793,MegaMart Corp,Gadget Lite,25,90,2250,1375
2026-06-09,INV-600026,BigBuy Distribution,Declining Product,19,100,1900,1235
2026-06-09,INV-968925,MegaMart Corp,Budget Widget,152,30,4560,2736
2026-06-09,INV-749320,Small Dealer 14,Declining Product,49,100,4900,3185
2026-06-09,INV-819634,SuperStore Inc,Gadget Pro,245,250,61250,42875
2026-06-09,INV-449064,MegaMart Corp,Premium Widget,378,150,56700,45360
2026-06-09,INV-101541,SuperStore Inc,Standard Widget,149,80,11920,7450
2026-06-09,INV-785817,Small Dealer 1,Standard Widget,210,80,16800,10500
2026-06-09,INV-488122,SuperStore Inc,Declining Product,246,100,24600,15990
2026-06-09,INV-978336,BigBuy Distribution,Gadget Lite,404,90,36360,22220
2026-06-09,INV-301935,Small Dealer 12,Gadget Pro,244,250,61000,42700
2026-06-09,INV-602995,Small Dealer 19,Gadget Pro,254,250,63500,44450
2026-06-09,INV-453959,Small Dealer 3,Gadget Lite,40,90,3600,2200
2026-06-09,INV-122032,BigBuy Distribution,Budget Widget,324,30,9720,5832
2026-06-09,INV-353024,Small Dealer 26,Gadget Pro,87,250,21750,15225
2026-06-09,INV-546929,BigBuy Distribution,Gadget Lite,162,90,14580,8910
2026-06-09,INV-837121,Small Dealer 6,Premium Widget,169,150,25350,20280
2026-06-09,INV-978556,MegaMart Corp,Gadget Lite,224,90,20160,12320
2026-06-09,INV-331002,SuperStore Inc,Gadget Lite,181,90,16290,9955
2026-06-09,INV-913725,Small Dealer 1,Budget Widget,114,30,3420,2052
2026-06-09,INV-725382,Small Dealer 10,Standard Widget,288,80,23040,14400
2026-06-09,INV-173716,SuperStore Inc,Gadget Pro,280,250,70000,49000
2026-06-09,INV-312224,SuperStore Inc,Standard Widget,306,80,24480,15300
2026-06-09,INV-496185,BigBuy Distribution,Gadget Lite,342,90,30780,18810
2026-06-10,INV-581967,SuperStore Inc,Gadget Lite,455,90,40950,25025
2026-06-10,INV-224165,BigBuy Distribution,Premium Widget,147,150,22050,17640
2026-06-10,INV-770863,BigBuy Distribution,Gadget Lite,303,90,27270,16665
2026-06-10,INV-312579,Small Dealer 16,Declining Product,355,100,35500,23075
2026-06-10,INV-564691,BigBuy Distribution,Budget Widget,221,30,6630,3978
2026-06-10,INV-583588,BigBuy Distribution,Declining Product,291,100,29100,18915
2026-06-10,INV-255943,SuperStore Inc,Gadget Lite,45,90,4050,2475
2026-06-10,INV-638040,BigBuy Distribution,Standard Widget,19,80,1520,950
2026-06-10,INV-426076,Small Dealer 16,Low Stock Item,274,200,54800,35620
2026-06-10,INV-665348,Small Dealer 15,Gadget Lite,298,90,26820,16390
2026-06-10,INV-915460,BigBuy Distribution,Standard Widget,141,80,11280,7050
2026-06-10,INV-656824,SuperStore Inc,Low Stock Item,216,200,43200,28080
2026-06-10,INV-285563,Small Dealer 18,Gadget Pro,230,250,57500,40250
2026-06-10,INV-829834,SuperStore Inc,Low Stock Item,105,200,21000,13650
2026-06-10,INV-561661,MegaMart Corp,Low Stock Item,375,200,75000,48750
2026-06-10,INV-953932,SuperStore Inc,Budget Widget,259,30,7770,4662
2026-06-10,INV-951876,SuperStore Inc,Premium Widget,69,150,10350,8280
2026-06-10,INV-326577,Small Dealer 28,Gadget Lite,420,90,37800,23100
2026-06-10,INV-192116,MegaMart Corp,Gadget Pro,346,250,86500,60550
2026-06-10,INV-647233,SuperStore Inc,Declining Product,384,100,38400,24960
2026-06-10,INV-267122,Small Dealer 9,Premium Widget,284,150,42600,34080
2026-06-10,INV-972692,Small Dealer 6,Budget Widget,395,30,11850,7110
2026-06-10,INV-972961,BigBuy Distribution,Gadget Pro,434,250,108500,75950
2026-06-10,INV-351632,Small Dealer 27,Premium Widget,338,150,50700,40560
2026-06-10,INV-158653,SuperStore Inc,Gadget Lite,176,90,15840,9680
2026-06-10,INV-796160,BigBuy Distribution,Gadget Pro,95,250,23750,16625
2026-06-10,INV-491853,Small Dealer 7,Gadget Pro,64,250,16000,11200
2026-06-10,INV-591974,Small Dealer 14,Gadget Pro,130,250,32500,22750
2026-06-10,INV-223901,Small Dealer 3,Gadget Lite,124,90,11160,6820
2026-06-11,INV-211367,Small Dealer 20,Premium Widget,196,150,29400,23520
2026-06-11,INV-499724,MegaMart Corp,Gadget Pro,133,250,33250,23275
2026-06-11,INV-389163,Small Dealer 26,Premium Widget,23,150,3450,2760
2026-06-11,INV-553203,Small Dealer 20,Premium Widget,165,150,24750,19800
2026-06-11,INV-162896,Small Dealer 10,Low Stock Item,144,200,28800,18720
2026-06-11,INV-168063,Small Dealer 22,Gadget Lite,289,90,26010,15895
2026-06-11,INV-746161,BigBuy Distribution,Gadget Lite,124,90,11160,6820
2026-06-11,INV-197646,MegaMart Corp,Declining Product,463,100,46300,30095
2026-06-11,INV-752476,Small Dealer 23,Gadget Pro,47,250,11750,8225
2026-06-11,INV-725502,Small Dealer 6,Declining Product,283,100,28300,18395
2026-06-11,INV-546643,BigBuy Distribution,Low Stock Item,442,200,88400,57460
2026-06-11,INV-967030,Small Dealer 2,Gadget Pro,226,250,56500,39550
2026-06-11,INV-423276,Small Dealer 3,Gadget Lite,159,90,14310,8745
2026-06-11,INV-857611,Small Dealer 14,Gadget Pro,228,250,57000,39900
2026-06-11,INV-259501,MegaMart Corp,Declining Product,360,100,36000,23400
2026-06-11,INV-529106,Small Dealer 9,Standard Widget,11,80,880,550
2026-06-11,INV-131246,Small Dealer 16,Premium Widget,295,150,44250,35400
2026-06-11,INV-681300,BigBuy Distribution,Gadget Pro,186,250,46500,32550
2026-06-11,INV-753342,BigBuy Distribution,Premium Widget,140,150,21000,16800
2026-06-11,INV-718039,SuperStore Inc,Gadget Pro,360,250,90000,63000
2026-06-11,INV-285219,Small Dealer 11,Gadget Pro,257,250,64250,44975
2026-06-11,INV-161572,MegaMart Corp,Premium Widget,128,150,19200,15360
2026-06-11,INV-924575,SuperStore Inc,Premium Widget,392,150,58800,47040
2026-06-11,INV-464431,SuperStore Inc,Premium Widget,239,150,35850,28680
2026-06-11,INV-764448,SuperStore Inc,Low Stock Item,165,200,33000,21450
2026-06-11,INV-205424,Small Dealer 14,Budget Widget,340,30,10200,6120
2026-06-11,INV-630637,BigBuy Distribution,Gadget Lite,187,90,16830,10285
2026-06-11,INV-728184,Small Dealer 6,Budget Widget,48,30,1440,864
2026-06-11,INV-949146,MegaMart Corp,Premium Widget,79,150,11850,9480
2026-06-11,INV-753014,MegaMart Corp,Budget Widget,487,30,14610,8766
2026-06-11,INV-831233,Small Dealer 5,Declining Product,258,100,25800,16770
2026-06-11,INV-705295,Small Dealer 2,Low Stock Item,177,200,35400,23010
2026-06-11,INV-630741,BigBuy Distribution,Standard Widget,226,80,18080,11300
2026-06-11,INV-477917,BigBuy Distribution,Gadget Pro,390,250,97500,68250
2026-06-11,INV-391774,Small Dealer 9,Standard Widget,365,80,29200,18250
2026-06-11,INV-647972,MegaMart Corp,Premium Widget,133,150,19950,15960
2026-06-11,INV-779428,MegaMart Corp,Premium Widget,170,150,25500,20400
2026-06-12,INV-916501,SuperStore Inc,Low Stock Item,151,200,30200,19630
2026-06-12,INV-320957,SuperStore Inc,Gadget Lite,62,90,5580,3410
2026-06-12,INV-360485,SuperStore Inc,Budget Widget,422,30,12660,7596
2026-06-12,INV-894919,MegaMart Corp,Declining Product,268,100,26800,17420
2026-06-12,INV-585328,SuperStore Inc,Standard Widget,70,80,5600,3500
2026-06-12,INV-256923,MegaMart Corp,Gadget Lite,173,90,15570,9515
2026-06-12,INV-392301,Small Dealer 23,Standard Widget,85,80,6800,4250
2026-06-12,INV-874648,BigBuy Distribution,Standard Widget,59,80,4720,2950
2026-06-12,INV-605993,SuperStore Inc,Gadget Lite,389,90,35010,21395
2026-06-12,INV-273833,Small Dealer 29,Declining Product,233,100,23300,15145
2026-06-12,INV-333508,SuperStore Inc,Standard Widget,463,80,37040,23150
2026-06-12,INV-824339,MegaMart Corp,Declining Product,448,100,44800,29120
2026-06-12,INV-146450,SuperStore Inc,Gadget Pro,277,250,69250,48475
2026-06-12,INV-278982,Small Dealer 10,Gadget Lite,275,90,24750,15125
2026-06-12,INV-999593,SuperStore Inc,Premium Widget,253,150,37950,30360
2026-06-12,INV-296274,Small Dealer 6,Low Stock Item,204,200,40800,26520
2026-06-12,INV-884856,SuperStore Inc,Low Stock Item,235,200,47000,30550
2026-06-12,INV-885545,MegaMart Corp,Gadget Lite,385,90,34650,21175
2026-06-12,INV-760641,SuperStore Inc,Gadget Lite,90,90,8100,4950
2026-06-12,INV-120415,BigBuy Distribution,Declining Product,204,100,20400,13260
2026-06-12,INV-239438,SuperStore Inc,Budget Widget,285,30,8550,5130
2026-06-12,INV-528624,BigBuy Distribution,Gadget Pro,52,250,13000,9100
2026-06-12,INV-166601,Small Dealer 12,Gadget Lite,20,90,1800,1100
2026-06-12,INV-766800,MegaMart Corp,Gadget Lite,79,90,7110,4345
2026-06-12,INV-325472,Small Dealer 24,Premium Widget,407,150,61050,48840
2026-06-12,INV-399470,Small Dealer 25,Premium Widget,434,150,65100,52080
2026-06-12,INV-498175,Small Dealer 15,Declining Product,397,100,39700,25805
2026-06-12,INV-808465,Small Dealer 18,Low Stock Item,366,200,73200,47580
2026-06-12,INV-595493,Small Dealer 19,Low Stock Item,285,200,57000,37050
2026-06-12,INV-823826,MegaMart Corp,Gadget Lite,424,90,38160,23320
2026-06-12,INV-293264,Small Dealer 11,Standard Widget,269,80,21520,13450
2026-06-12,INV-178911,BigBuy Distribution,Low Stock Item,388,200,77600,50440
2026-06-12,INV-920847,Small Dealer 23,Standard Widget,345,80,27600,17250
2026-06-12,INV-509307,Small Dealer 22,Gadget Lite,323,90,29070,17765
2026-06-12,INV-986086,Small Dealer 11,Declining Product,196,100,19600,12740
2026-06-13,INV-507813,Small Dealer 16,Gadget Lite,398,90,35820,21890
2026-06-13,INV-266233,SuperStore Inc,Budget Widget,68,30,2040,1224
2026-06-13,INV-277243,SuperStore Inc,Standard Widget,490,80,39200,24500
2026-06-13,INV-923054,BigBuy Distribution,Gadget Pro,115,250,28750,20125
2026-06-13,INV-809474,SuperStore Inc,Gadget Lite,141,90,12690,7755
2026-06-13,INV-820600,MegaMart Corp,Low Stock Item,299,200,59800,38870
2026-06-13,INV-159644,Small Dealer 4,Standard Widget,275,80,22000,13750
2026-06-13,INV-494350,BigBuy Distribution,Gadget Pro,461,250,115250,80675
2026-06-13,INV-783872,BigBuy Distribution,Declining Product,418,100,41800,27170
2026-06-13,INV-177844,BigBuy Distribution,Budget Widget,184,30,5520,3312
2026-06-13,INV-654991,SuperStore Inc,Gadget Pro,444,250,111000,77700
2026-06-13,INV-247733,BigBuy Distribution,Standard Widget,325,80,26000,16250
2026-06-13,INV-866125,MegaMart Corp,Low Stock Item,274,200,54800,35620
2026-06-13,INV-608290,SuperStore Inc,Gadget Pro,104,250,26000,18200
2026-06-13,INV-886641,BigBuy Distribution,Declining Product,64,100,6400,4160
2026-06-13,INV-764773,SuperStore Inc,Gadget Pro,107,250,26750,18725
2026-06-14,INV-782108,BigBuy Distribution,Budget Widget,343,30,10290,6174
2026-06-14,INV-136240,Small Dealer 6,Budget Widget,330,30,9900,5940
2026-06-14,INV-176879,Small Dealer 13,Low Stock Item,163,200,32600,21190
2026-06-14,INV-654380,SuperStore Inc,Standard Widget,290,80,23200,14500
2026-06-14,INV-962919,BigBuy Distribution,Gadget Pro,416,250,104000,72800
2026-06-14,INV-900489,BigBuy Distribution,Low Stock Item,398,200,79600,51740
2026-06-14,INV-650801,SuperStore Inc,Gadget Lite,25,90,2250,1375
2026-06-14,INV-519696,MegaMart Corp,Standard Widget,370,80,29600,18500
2026-06-14,INV-632250,SuperStore Inc,Low Stock Item,25,200,5000,3250
2026-06-15,INV-400106,BigBuy Distribution,Gadget Pro,268,250,67000,46900
2026-06-15,INV-973103,SuperStore Inc,Standard Widget,420,80,33600,21000
2026-06-15,INV-282227,MegaMart Corp,Gadget Lite,111,90,9990,6105
2026-06-15,INV-619865,BigBuy Distribution,Gadget Pro,263,250,65750,46025
2026-06-15,INV-919292,Small Dealer 7,Gadget Lite,296,90,26640,16280
2026-06-15,INV-715870,Small Dealer 25,Premium Widget,376,150,56400,45120
2026-06-15,INV-419217,BigBuy Distribution,Premium Widget,420,150,63000,50400
2026-06-15,INV-148923,SuperStore Inc,Gadget Pro,133,250,33250,23275
2026-06-15,INV-445453,Small Dealer 16,Low Stock Item,259,200,51800,33670
2026-06-15,INV-925337,Small Dealer 13,Low Stock Item,376,200,75200,48880
2026-06-15,INV-683154,MegaMart Corp,Low Stock Item,72,200,14400,9360
2026-06-15,INV-651141,Small Dealer 2,Premium Widget,425,150,63750,51000
2026-06-15,INV-274201,Small Dealer 16,Budget Widget,246,30,7380,4428
2026-06-15,INV-339492,BigBuy Distribution,Gadget Pro,466,250,116500,81550
2026-06-15,INV-562175,MegaMart Corp,Declining Product,364,100,36400,23660
2026-06-15,INV-237515,MegaMart Corp,Standard Widget,39,80,3120,1950
2026-06-15,INV-613090,Small Dealer 4,Standard Widget,46,80,3680,2300
2026-06-15,INV-117785,SuperStore Inc,Gadget Lite,394,90,35460,21670
2026-06-15,INV-247383,BigBuy Distribution,Standard Widget,454,80,36320,22700
2026-06-15,INV-678191,SuperStore Inc,Low Stock Item,288,200,57600,37440
2026-06-15,INV-740714,MegaMart Corp,Low Stock Item,172,200,34400,22360
2026-06-15,INV-575558,Small Dealer 4,Declining Product,453,100,45300,29445
2026-06-15,INV-693943,SuperStore Inc,Premium Widget,293,150,43950,35160
2026-06-15,INV-201569,BigBuy Distribution,Budget Widget,125,30,3750,2250
2026-06-15,INV-582013,Small Dealer 1,Gadget Lite,45,90,4050,2475
2026-06-15,INV-167565,MegaMart Corp,Gadget Lite,175,90,15750,9625
2026-06-15,INV-304439,BigBuy Distribution,Standard Widget,89,80,7120,4450
2026-06-15,INV-794686,MegaMart Corp,Premium Widget,120,150,18000,14400
2026-06-15,INV-991889,MegaMart Corp,Standard Widget,25,80,2000,1250
2026-06-16,INV-972961,Small Dealer 18,Gadget Lite,56,90,5040,3080
2026-06-16,INV-892269,MegaMart Corp,Premium Widget,453,150,67950,54360
2026-06-16,INV-829922,SuperStore Inc,Budget Widget,34,30,1020,612
2026-06-16,INV-871564,Small Dealer 18,Premium Widget,232,150,34800,27840
2026-06-16,INV-467872,Small Dealer 7,Gadget Pro,360,250,90000,63000
2026-06-16,INV-217477,MegaMart Corp,Budget Widget,23,30,690,414
2026-06-16,INV-238461,Small Dealer 23,Standard Widget,225,80,18000,11250
2026-06-16,INV-984036,MegaMart Corp,Premium Widget,169,150,25350,20280
2026-06-16,INV-356118,Small Dealer 9,Declining Product,258,100,25800,16770
2026-06-16,INV-949489,SuperStore Inc,Gadget Pro,48,250,12000,8400
2026-06-16,INV-332090,Small Dealer 11,Premium Widget,115,150,17250,13800
2026-06-16,INV-564655,Small Dealer 1,Low Stock Item,212,200,42400,27560
2026-06-16,INV-967202,BigBuy Distribution,Gadget Lite,489,90,44010,26895
2026-06-16,INV-424428,Small Dealer 10,Premium Widget,254,150,38100,30480
2026-06-16,INV-762454,MegaMart Corp,Budget Widget,300,30,9000,5400
2026-06-16,INV-347989,Small Dealer 14,Budget Widget,132,30,3960,2376
2026-06-16,INV-336231,MegaMart Corp,Gadget Lite,206,90,18540,11330
2026-06-16,INV-391452,Small Dealer 17,Budget Widget,256,30,7680,4608
2026-06-16,INV-435632,BigBuy Distribution,Premium Widget,311,150,46650,37320
2026-06-16,INV-129008,Small Dealer 1,Gadget Pro,15,250,3750,2625
2026-06-16,INV-248491,Small Dealer 10,Premium Widget,210,150,31500,25200
2026-06-16,INV-197017,Small Dealer 16,Budget Widget,32,30,960,576
2026-06-16,INV-779881,Small Dealer 14,Low Stock Item,133,200,26600,17290
2026-06-16,INV-970702,SuperStore Inc,Budget Widget,12,30,360,216
2026-06-16,INV-905870,Small Dealer 8,Low Stock Item,140,200,28000,18200
2026-06-17,INV-478278,Small Dealer 12,Gadget Lite,441,90,39690,24255
2026-06-17,INV-404562,BigBuy Distribution,Gadget Pro,377,250,94250,65975
2026-06-17,INV-269173,BigBuy Distribution,Budget Widget,339,30,10170,6102
2026-06-17,INV-776965,BigBuy Distribution,Premium Widget,400,150,60000,48000
2026-06-17,INV-277400,Small Dealer 1,Standard Widget,119,80,9520,5950
2026-06-17,INV-729194,SuperStore Inc,Budget Widget,63,30,1890,1134
2026-06-17,INV-880276,BigBuy Distribution,Premium Widget,217,150,32550,26040
2026-06-17,INV-610241,BigBuy Distribution,Premium Widget,446,150,66900,53520
2026-06-17,INV-879068,Small Dealer 2,Declining Product,71,100,7100,4615
2026-06-17,INV-596144,MegaMart Corp,Declining Product,246,100,24600,15990
2026-06-17,INV-198716,MegaMart Corp,Budget Widget,215,30,6450,3870
2026-06-17,INV-252428,Small Dealer 21,Standard Widget,348,80,27840,17400
2026-06-17,INV-397558,Small Dealer 17,Gadget Pro,494,250,123500,86450
2026-06-17,INV-552232,Small Dealer 24,Low Stock Item,355,200,71000,46150
2026-06-17,INV-767374,BigBuy Distribution,Gadget Pro,455,250,113750,79625
2026-06-17,INV-110651,BigBuy Distribution,Declining Product,94,100,9400,6110
2026-06-17,INV-682703,MegaMart Corp,Budget Widget,442,30,13260,7956
2026-06-17,INV-338413,Small Dealer 3,Premium Widget,434,150,65100,52080
2026-06-17,INV-398115,BigBuy Distribution,Budget Widget,126,30,3780,2268
2026-06-17,INV-405628,SuperStore Inc,Premium Widget,139,150,20850,16680
2026-06-17,INV-882458,Small Dealer 24,Gadget Pro,450,250,112500,78750
2026-06-17,INV-559107,BigBuy Distribution,Low Stock Item,489,200,97800,63570
2026-06-17,INV-411000,Small Dealer 11,Standard Widget,42,80,3360,2100
2026-06-17,INV-687132,SuperStore Inc,Budget Widget,17,30,510,306
2026-06-17,INV-747193,Small Dealer 2,Standard Widget,331,80,26480,16550
2026-06-17,INV-467097,Small Dealer 14,Gadget Pro,308,250,77000,53900
2026-06-17,INV-366628,MegaMart Corp,Budget Widget,227,30,6810,4086
2026-06-17,INV-722333,SuperStore Inc,Gadget Pro,81,250,20250,14175
2026-06-17,INV-139868,SuperStore Inc,Gadget Pro,57,250,14250,9975
2026-06-17,INV-646001,Small Dealer 20,Premium Widget,299,150,44850,35880
2026-06-18,INV-646849,SuperStore Inc,Premium Widget,340,150,51000,40800
2026-06-18,INV-143206,BigBuy Distribution,Declining Product,236,100,23600,15340
2026-06-18,INV-548677,SuperStore Inc,Premium Widget,411,150,61650,49320
2026-06-18,INV-451929,MegaMart Corp,Budget Widget,96,30,2880,1728
2026-06-18,INV-184160,MegaMart Corp,Gadget Pro,347,250,86750,60725
2026-06-18,INV-541724,BigBuy Distribution,Premium Widget,240,150,36000,28800
2026-06-18,INV-703977,MegaMart Corp,Low Stock Item,24,200,4800,3120
2026-06-18,INV-133114,MegaMart Corp,Declining Product,357,100,35700,23205
2026-06-18,INV-908828,MegaMart Corp,Declining Product,189,100,18900,12285
2026-06-18,INV-219130,BigBuy Distribution,Standard Widget,293,80,23440,14650
2026-06-18,INV-891824,BigBuy Distribution,Standard Widget,118,80,9440,5900
2026-06-18,INV-208341,Small Dealer 24,Declining Product,472,100,47200,30680
2026-06-18,INV-713461,BigBuy Distribution,Standard Widget,420,80,33600,21000
2026-06-18,INV-214387,BigBuy Distribution,Budget Widget,232,30,6960,4176
2026-06-18,INV-501360,MegaMart Corp,Gadget Lite,440,90,39600,24200
2026-06-18,INV-977362,SuperStore Inc,Gadget Pro,219,250,54750,38325
2026-06-18,INV-956262,Small Dealer 16,Declining Product,294,100,29400,19110
2026-06-18,INV-150056,MegaMart Corp,Budget Widget,470,30,14100,8460
2026-06-18,INV-813556,SuperStore Inc,Premium Widget,391,150,58650,46920
2026-06-18,INV-968403,SuperStore Inc,Standard Widget,416,80,33280,20800
2026-06-18,INV-473484,Small Dealer 19,Low Stock Item,89,200,17800,11570
2026-06-18,INV-278920,MegaMart Corp,Low Stock Item,306,200,61200,39780
2026-06-18,INV-646273,MegaMart Corp,Premium Widget,83,150,12450,9960
2026-06-18,INV-212269,SuperStore Inc,Gadget Lite,436,90,39240,23980
2026-06-18,INV-260566,BigBuy Distribution,Gadget Pro,449,250,112250,78575
2026-06-18,INV-358070,SuperStore Inc,Standard Widget,15,80,1200,750
2026-06-18,INV-667808,BigBuy Distribution,Gadget Lite,381,90,34290,20955
2026-06-18,INV-223544,Small Dealer 11,Gadget Lite,298,90,26820,16390
2026-06-18,INV-690136,MegaMart Corp,Gadget Lite,439,90,39510,24145
2026-06-18,INV-465836,Small Dealer 17,Premium Widget,408,150,61200,48960
2026-06-18,INV-908840,MegaMart Corp,Gadget Lite,319,90,28710,17545
2026-06-18,INV-455322,Small Dealer 2,Gadget Lite,450,90,40500,24750
2026-06-18,INV-951292,BigBuy Distribution,Low Stock Item,125,200,25000,16250
2026-06-18,INV-119462,BigBuy Distribution,Low Stock Item,158,200,31600,20540
2026-06-18,INV-586453,SuperStore Inc,Gadget Pro,253,250,63250,44275
2026-06-18,INV-822081,Small Dealer 19,Standard Widget,366,80,29280,18300
2026-06-18,INV-228994,Small Dealer 19,Gadget Lite,341,90,30690,18755
2026-06-18,INV-613390,Small Dealer 11,Premium Widget,442,150,66300,53040
2026-06-19,INV-471191,SuperStore Inc,Premium Widget,318,150,47700,38160
2026-06-19,INV-465271,Small Dealer 10,Gadget Lite,166,90,14940,9130
2026-06-19,INV-557696,Small Dealer 9,Premium Widget,445,150,66750,53400
2026-06-19,INV-634600,MegaMart Corp,Budget Widget,136,30,4080,2448
2026-06-19,INV-825433,MegaMart Corp,Premium Widget,405,150,60750,48600
2026-06-19,INV-490760,Small Dealer 11,Gadget Pro,420,250,105000,73500
2026-06-19,INV-728583,SuperStore Inc,Low Stock Item,171,200,34200,22230
2026-06-19,INV-495452,Small Dealer 20,Standard Widget,298,80,23840,14900
2026-06-19,INV-850776,SuperStore Inc,Standard Widget,94,80,7520,4700
2026-06-19,INV-339454,MegaMart Corp,Budget Widget,495,30,14850,8910
2026-06-19,INV-765531,MegaMart Corp,Standard Widget,356,80,28480,17800
2026-06-19,INV-442323,BigBuy Distribution,Gadget Pro,30,250,7500,5250
2026-06-19,INV-214514,SuperStore Inc,Gadget Pro,422,250,105500,73850
2026-06-19,INV-344919,Small Dealer 9,Premium Widget,360,150,54000,43200
2026-06-19,INV-997502,MegaMart Corp,Declining Product,343,100,34300,22295
2026-06-19,INV-565523,BigBuy Distribution,Gadget Lite,269,90,24210,14795
2026-06-19,INV-772074,BigBuy Distribution,Low Stock Item,53,200,10600,6890
2026-06-19,INV-471429,SuperStore Inc,Premium Widget,487,150,73050,58440
2026-06-19,INV-208291,Small Dealer 21,Premium Widget,308,150,46200,36960
2026-06-19,INV-381045,MegaMart Corp,Standard Widget,358,80,28640,17900
2026-06-19,INV-362513,MegaMart Corp,Declining Product,236,100,23600,15340
2026-06-19,INV-170655,Small Dealer 7,Declining Product,33,100,3300,2145
2026-06-19,INV-302142,MegaMart Corp,Low Stock Item,144,200,28800,18720
2026-06-19,INV-806703,MegaMart Corp,Budget Widget,450,30,13500,8100
2026-06-19,INV-886024,MegaMart Corp,Gadget Lite,233,90,20970,12815
2026-06-19,INV-213930,SuperStore Inc,Premium Widget,43,150,6450,5160
2026-06-19,INV-278861,Small Dealer 10,Declining Product,469,100,46900,30485
2026-06-19,INV-664844,MegaMart Corp,Budget Widget,246,30,7380,4428
2026-06-19,INV-427193,MegaMart Corp,Gadget Pro,186,250,46500,32550
2026-06-19,INV-537842,SuperStore Inc,Budget Widget,416,30,12480,7488
2026-06-19,INV-783574,Small Dealer 15,Standard Widget,42,80,3360,2100
2026-06-19,INV-442691,SuperStore Inc,Low Stock Item,283,200,56600,36790
2026-06-19,INV-778557,MegaMart Corp,Premium Widget,289,150,43350,34680
2026-06-19,INV-675478,BigBuy Distribution,Budget Widget,124,30,3720,2232
2026-06-19,INV-800339,MegaMart Corp,Budget Widget,290,30,8700,5220
2026-06-19,INV-209103,BigBuy Distribution,Gadget Pro,465,250,116250,81375
2026-06-20,INV-655236,SuperStore Inc,Premium Widget,275,150,41250,33000
2026-06-20,INV-377455,Small Dealer 29,Gadget Pro,415,250,103750,72625
2026-06-20,INV-139580,Small Dealer 17,Gadget Pro,327,250,81750,57225
2026-06-20,INV-398144,Small Dealer 22,Standard Widget,154,80,12320,7700
2026-06-20,INV-682742,Small Dealer 26,Gadget Pro,104,250,26000,18200
2026-06-20,INV-374630,Small Dealer 27,Standard Widget,50,80,4000,2500
2026-06-20,INV-189531,BigBuy Distribution,Premium Widget,274,150,41100,32880
2026-06-20,INV-718106,MegaMart Corp,Gadget Lite,87,90,7830,4785
2026-06-20,INV-420370,Small Dealer 17,Gadget Pro,13,250,3250,2275
2026-06-20,INV-913937,BigBuy Distribution,Standard Widget,11,80,880,550
2026-06-20,INV-341022,Small Dealer 17,Gadget Lite,388,90,34920,21340
2026-06-20,INV-521360,MegaMart Corp,Gadget Pro,51,250,12750,8925
2026-06-20,INV-293904,SuperStore Inc,Budget Widget,307,30,9210,5526
2026-06-20,INV-526898,Small Dealer 7,Low Stock Item,363,200,72600,47190
2026-06-20,INV-345226,MegaMart Corp,Standard Widget,459,80,36720,22950
2026-06-20,INV-832590,Small Dealer 16,Gadget Pro,77,250,19250,13475
2026-06-20,INV-918884,SuperStore Inc,Gadget Lite,366,90,32940,20130
2026-06-20,INV-462131,BigBuy Distribution,Premium Widget,196,150,29400,23520
2026-06-20,INV-482776,Small Dealer 22,Low Stock Item,104,200,20800,13520
2026-06-21,INV-283402,MegaMart Corp,Premium Widget,487,150,73050,58440
2026-06-21,INV-426011,MegaMart Corp,Standard Widget,267,80,21360,13350
2026-06-21,INV-523272,BigBuy Distribution,Declining Product,242,100,24200,15730
2026-06-21,INV-595008,BigBuy Distribution,Declining Product,17,100,1700,1105
2026-06-21,INV-656535,BigBuy Distribution,Gadget Pro,138,250,34500,24150
2026-06-21,INV-131753,MegaMart Corp,Budget Widget,365,30,10950,6570
2026-06-21,INV-282068,MegaMart Corp,Declining Product,48,100,4800,3120
2026-06-21,INV-739193,BigBuy Distribution,Standard Widget,237,80,18960,11850
2026-06-21,INV-444913,BigBuy Distribution,Gadget Pro,286,250,71500,50050
2026-06-21,INV-893596,Small Dealer 19,Standard Widget,492,80,39360,24600
2026-06-21,INV-262804,Small Dealer 25,Low Stock Item,467,200,93400,60710
2026-06-21,INV-569802,Small Dealer 26,Standard Widget,413,80,33040,20650
2026-06-21,INV-546377,BigBuy Distribution,Premium Widget,150,150,22500,18000
2026-06-21,INV-356991,MegaMart Corp,Low Stock Item,172,200,34400,22360
2026-06-21,INV-864538,Small Dealer 14,Low Stock Item,274,200,54800,35620
2026-06-21,INV-275524,MegaMart Corp,Premium Widget,234,150,35100,28080
2026-06-21,INV-971843,Small Dealer 11,Declining Product,354,100,35400,23010
2026-06-21,INV-154511,Small Dealer 25,Standard Widget,128,80,10240,6400
2026-06-21,INV-812163,Small Dealer 13,Declining Product,43,100,4300,2795
2026-06-21,INV-257722,BigBuy Distribution,Premium Widget,444,150,66600,53280
2026-06-21,INV-558776,MegaMart Corp,Budget Widget,160,30,4800,2880
2026-06-21,INV-311336,MegaMart Corp,Premium Widget,297,150,44550,35640
2026-06-21,INV-568121,Small Dealer 5,Budget Widget,290,30,8700,5220
2026-06-21,INV-546408,Small Dealer 18,Gadget Pro,294,250,73500,51450
2026-06-21,INV-940050,Small Dealer 16,Standard Widget,421,80,33680,21050
2026-06-21,INV-837670,SuperStore Inc,Declining Product,22,100,2200,1430
2026-06-21,INV-781742,MegaMart Corp,Low Stock Item,458,200,91600,59540
2026-06-21,INV-351845,Small Dealer 21,Premium Widget,371,150,55650,44520
2026-06-22,INV-477208,BigBuy Distribution,Premium Widget,228,150,34200,27360
2026-06-22,INV-532940,Small Dealer 10,Premium Widget,367,150,55050,44040
2026-06-22,INV-535377,SuperStore Inc,Gadget Pro,122,250,30500,21350
2026-06-22,INV-358568,BigBuy Distribution,Standard Widget,355,80,28400,17750
2026-06-22,INV-631839,SuperStore Inc,Declining Product,473,100,47300,30745
2026-06-22,INV-574886,MegaMart Corp,Budget Widget,256,30,7680,4608
2026-06-22,INV-690199,SuperStore Inc,Low Stock Item,195,200,39000,25350
2026-06-22,INV-629637,BigBuy Distribution,Budget Widget,183,30,5490,3294
2026-06-22,INV-943753,MegaMart Corp,Low Stock Item,358,200,71600,46540
2026-06-22,INV-405803,BigBuy Distribution,Standard Widget,235,80,18800,11750
2026-06-22,INV-895432,BigBuy Distribution,Standard Widget,107,80,8560,5350
2026-06-22,INV-236867,SuperStore Inc,Premium Widget,154,150,23100,18480
2026-06-22,INV-468477,SuperStore Inc,Premium Widget,103,150,15450,12360
2026-06-22,INV-226397,Small Dealer 13,Declining Product,89,100,8900,5785
2026-06-22,INV-747861,Small Dealer 26,Low Stock Item,98,200,19600,12740
2026-06-22,INV-175103,BigBuy Distribution,Low Stock Item,289,200,57800,37570
2026-06-22,INV-103531,Small Dealer 25,Premium Widget,380,150,57000,45600
2026-06-22,INV-318442,Small Dealer 15,Gadget Pro,220,250,55000,38500
2026-06-22,INV-333615,Small Dealer 19,Budget Widget,11,30,330,198
2026-06-22,INV-132452,Small Dealer 17,Gadget Lite,381,90,34290,20955
2026-06-22,INV-755502,SuperStore Inc,Budget Widget,56,30,1680,1008
2026-06-22,INV-110073,BigBuy Distribution,Gadget Lite,291,90,26190,16005
2026-06-22,INV-225958,SuperStore Inc,Budget Widget,173,30,5190,3114
2026-06-23,INV-722421,MegaMart Corp,Low Stock Item,432,200,86400,56160
2026-06-23,INV-989153,MegaMart Corp,Gadget Lite,263,90,23670,14465
2026-06-23,INV-929112,Small Dealer 17,Standard Widget,329,80,26320,16450
2026-06-23,INV-752719,MegaMart Corp,Standard Widget,75,80,6000,3750
2026-06-23,INV-932927,MegaMart Corp,Gadget Pro,251,250,62750,43925
2026-06-23,INV-144885,SuperStore Inc,Standard Widget,193,80,15440,9650
2026-06-23,INV-482144,SuperStore Inc,Budget Widget,239,30,7170,4302
2026-06-23,INV-496389,SuperStore Inc,Budget Widget,276,30,8280,4968
2026-06-23,INV-111277,MegaMart Corp,Low Stock Item,46,200,9200,5980
2026-06-23,INV-103338,Small Dealer 22,Declining Product,396,100,39600,25740
2026-06-24,INV-453772,MegaMart Corp,Gadget Lite,465,90,41850,25575
2026-06-24,INV-851907,Small Dealer 16,Standard Widget,277,80,22160,13850
2026-06-24,INV-700041,SuperStore Inc,Premium Widget,36,150,5400,4320
2026-06-24,INV-497964,MegaMart Corp,Gadget Pro,230,250,57500,40250
2026-06-24,INV-170085,Small Dealer 14,Gadget Lite,355,90,31950,19525
2026-06-24,INV-496850,Small Dealer 7,Premium Widget,235,150,35250,28200
2026-06-24,INV-406049,BigBuy Distribution,Standard Widget,160,80,12800,8000
2026-06-24,INV-836499,Small Dealer 13,Low Stock Item,247,200,49400,32110
2026-06-24,INV-323265,BigBuy Distribution,Premium Widget,160,150,24000,19200
2026-06-24,INV-749908,BigBuy Distribution,Gadget Lite,208,90,18720,11440
2026-06-24,INV-479520,Small Dealer 11,Declining Product,415,100,41500,26975
2026-06-24,INV-912459,MegaMart Corp,Declining Product,147,100,14700,9555
2026-06-24,INV-303797,Small Dealer 14,Premium Widget,200,150,30000,24000
2026-06-24,INV-952357,BigBuy Distribution,Low Stock Item,90,200,18000,11700
2026-06-24,INV-556376,BigBuy Distribution,Gadget Pro,311,250,77750,54425
2026-06-24,INV-673293,SuperStore Inc,Gadget Pro,35,250,8750,6125
2026-06-24,INV-818807,Small Dealer 28,Gadget Pro,426,250,106500,74550
2026-06-24,INV-642667,SuperStore Inc,Gadget Lite,173,90,15570,9515
2026-06-24,INV-770485,SuperStore Inc,Premium Widget,158,150,23700,18960
2026-06-24,INV-420661,SuperStore Inc,Standard Widget,490,80,39200,24500
2026-06-24,INV-244822,SuperStore Inc,Budget Widget,63,30,1890,1134
2026-06-24,INV-691140,Small Dealer 13,Premium Widget,474,150,71100,56880
2026-06-24,INV-272716,Small Dealer 28,Declining Product,453,100,45300,29445
2026-06-24,INV-123089,BigBuy Distribution,Low Stock Item,116,200,23200,15080
2026-06-24,INV-325914,BigBuy Distribution,Budget Widget,160,30,4800,2880
2026-06-24,INV-188884,Small Dealer 3,Gadget Pro,93,250,23250,16275
2026-06-24,INV-439258,Small Dealer 9,Gadget Lite,375,90,33750,20625
2026-06-24,INV-725545,SuperStore Inc,Low Stock Item,322,200,64400,41860
2026-06-24,INV-539455,SuperStore Inc,Gadget Pro,117,250,29250,20475
2026-06-24,INV-831687,BigBuy Distribution,Standard Widget,236,80,18880,11800
2026-06-24,INV-925755,BigBuy Distribution,Budget Widget,65,30,1950,1170
2026-06-24,INV-609274,MegaMart Corp,Standard Widget,214,80,17120,10700
2026-06-24,INV-708185,SuperStore Inc,Declining Product,421,100,42100,27365
2026-06-25,INV-854464,Small Dealer 7,Gadget Pro,75,250,18750,13125
2026-06-25,INV-501636,Small Dealer 9,Gadget Lite,317,90,28530,17435
2026-06-25,INV-542159,SuperStore Inc,Premium Widget,311,150,46650,37320
2026-06-25,INV-710922,SuperStore Inc,Gadget Lite,241,90,21690,13255
2026-06-25,INV-978167,Small Dealer 26,Standard Widget,25,80,2000,1250
2026-06-25,INV-125073,SuperStore Inc,Budget Widget,353,30,10590,6354
2026-06-25,INV-821157,Small Dealer 18,Gadget Pro,329,250,82250,57575
2026-06-25,INV-872554,SuperStore Inc,Standard Widget,296,80,23680,14800
2026-06-25,INV-568579,SuperStore Inc,Gadget Lite,311,90,27990,17105
2026-06-25,INV-807884,SuperStore Inc,Premium Widget,130,150,19500,15600
2026-06-25,INV-672418,SuperStore Inc,Budget Widget,402,30,12060,7236
2026-06-25,INV-509833,BigBuy Distribution,Low Stock Item,308,200,61600,40040
2026-06-25,INV-602193,MegaMart Corp,Low Stock Item,402,200,80400,52260
2026-06-25,INV-182543,MegaMart Corp,Low Stock Item,477,200,95400,62010
2026-06-25,INV-826350,Small Dealer 10,Premium Widget,286,150,42900,34320
2026-06-25,INV-860043,BigBuy Distribution,Premium Widget,391,150,58650,46920
2026-06-25,INV-820370,Small Dealer 10,Low Stock Item,37,200,7400,4810
2026-06-25,INV-392382,SuperStore Inc,Budget Widget,248,30,7440,4464
2026-06-25,INV-603759,SuperStore Inc,Gadget Pro,87,250,21750,15225
2026-06-25,INV-450272,MegaMart Corp,Premium Widget,318,150,47700,38160
2026-06-25,INV-598339,BigBuy Distribution,Standard Widget,291,80,23280,14550
2026-06-25,INV-743451,MegaMart Corp,Declining Product,56,100,5600,3640
2026-06-25,INV-936603,MegaMart Corp,Budget Widget,205,30,6150,3690
2026-06-25,INV-685997,SuperStore Inc,Low Stock Item,96,200,19200,12480
2026-06-25,INV-534010,Small Dealer 1,Standard Widget,170,80,13600,8500
2026-06-25,INV-220743,BigBuy Distribution,Low Stock Item,362,200,72400,47060
2026-06-25,INV-778144,Small Dealer 1,Low Stock Item,343,200,68600,44590
2026-06-25,INV-854533,SuperStore Inc,Declining Product,466,100,46600,30290
2026-06-25,INV-703685,MegaMart Corp,Premium Widget,107,150,16050,12840
2026-06-25,INV-941653,Small Dealer 20,Standard Widget,439,80,35120,21950
2026-06-26,INV-978207,SuperStore Inc,Declining Product,241,100,24100,15665
2026-06-26,INV-419271,SuperStore Inc,Gadget Pro,405,250,101250,70875
2026-06-26,INV-900141,Small Dealer 26,Declining Product,57,100,5700,3705
2026-06-26,INV-902407,SuperStore Inc,Declining Product,386,100,38600,25090
2026-06-26,INV-343723,Small Dealer 14,Premium Widget,216,150,32400,25920
2026-06-26,INV-317715,Small Dealer 25,Low Stock Item,210,200,42000,27300
2026-06-26,INV-307495,Small Dealer 4,Standard Widget,15,80,1200,750
2026-06-26,INV-818106,SuperStore Inc,Standard Widget,165,80,13200,8250
2026-06-26,INV-365147,Small Dealer 17,Declining Product,322,100,32200,20930
2026-06-26,INV-390251,SuperStore Inc,Gadget Lite,432,90,38880,23760
2026-06-26,INV-427996,SuperStore Inc,Premium Widget,408,150,61200,48960
2026-06-26,INV-941860,SuperStore Inc,Budget Widget,499,30,14970,8982
2026-06-26,INV-452829,SuperStore Inc,Low Stock Item,342,200,68400,44460
2026-06-26,INV-587669,MegaMart Corp,Premium Widget,344,150,51600,41280
2026-06-26,INV-132929,MegaMart Corp,Low Stock Item,343,200,68600,44590
2026-06-26,INV-656832,Small Dealer 23,Standard Widget,452,80,36160,22600
2026-06-26,INV-658508,SuperStore Inc,Low Stock Item,93,200,18600,12090
2026-06-26,INV-717843,MegaMart Corp,Gadget Lite,355,90,31950,19525
2026-06-26,INV-504038,MegaMart Corp,Budget Widget,136,30,4080,2448
2026-06-26,INV-518787,SuperStore Inc,Gadget Pro,191,250,47750,33425
2026-06-26,INV-183499,BigBuy Distribution,Declining Product,29,100,2900,1885
2026-06-26,INV-923797,MegaMart Corp,Standard Widget,55,80,4400,2750
2026-06-26,INV-115289,Small Dealer 5,Gadget Lite,163,90,14670,8965
2026-06-26,INV-428477,Small Dealer 29,Premium Widget,485,150,72750,58200
2026-06-26,INV-379855,SuperStore Inc,Low Stock Item,363,200,72600,47190
2026-06-26,INV-986682,Small Dealer 5,Declining Product,223,100,22300,14495
2026-06-26,INV-863604,MegaMart Corp,Declining Product,479,100,47900,31135
2026-06-26,INV-306934,Small Dealer 19,Gadget Pro,445,250,111250,77875
2026-06-27,INV-557063,MegaMart Corp,Gadget Lite,178,90,16020,9790
2026-06-27,INV-262202,Small Dealer 20,Budget Widget,473,30,14190,8514
2026-06-27,INV-935216,BigBuy Distribution,Budget Widget,141,30,4230,2538
2026-06-27,INV-283760,Small Dealer 23,Gadget Pro,493,250,123250,86275
2026-06-27,INV-849636,Small Dealer 27,Gadget Lite,477,90,42930,26235
2026-06-27,INV-395008,Small Dealer 2,Gadget Pro,222,250,55500,38850
2026-06-27,INV-421829,MegaMart Corp,Premium Widget,283,150,42450,33960
2026-06-27,INV-289371,BigBuy Distribution,Declining Product,352,100,35200,22880
2026-06-27,INV-322246,SuperStore Inc,Gadget Lite,81,90,7290,4455
2026-06-27,INV-479588,SuperStore Inc,Budget Widget,368,30,11040,6624
2026-06-27,INV-957952,BigBuy Distribution,Premium Widget,75,150,11250,9000
2026-06-27,INV-896193,Small Dealer 2,Standard Widget,399,80,31920,19950
2026-06-27,INV-556752,BigBuy Distribution,Declining Product,98,100,9800,6370
2026-06-27,INV-731235,BigBuy Distribution,Premium Widget,48,150,7200,5760
2026-06-27,INV-281283,Small Dealer 25,Low Stock Item,326,200,65200,42380
2026-06-27,INV-414652,Small Dealer 17,Low Stock Item,68,200,13600,8840
2026-06-27,INV-456149,Small Dealer 27,Budget Widget,118,30,3540,2124
2026-06-27,INV-288919,Small Dealer 21,Budget Widget,432,30,12960,7776
2026-06-27,INV-231461,BigBuy Distribution,Gadget Lite,230,90,20700,12650
2026-06-27,INV-543375,Small Dealer 18,Gadget Pro,452,250,113000,79100
2026-06-27,INV-827254,Small Dealer 21,Premium Widget,264,150,39600,31680
2026-06-27,INV-360109,Small Dealer 3,Gadget Lite,398,90,35820,21890
2026-06-27,INV-576703,Small Dealer 17,Budget Widget,374,30,11220,6732
2026-06-27,INV-874868,Small Dealer 28,Premium Widget,135,150,20250,16200
2026-06-27,INV-805335,Small Dealer 25,Premium Widget,247,150,37050,29640
2026-06-27,INV-870951,MegaMart Corp,Low Stock Item,455,200,91000,59150
2026-06-27,INV-661696,SuperStore Inc,Gadget Pro,458,250,114500,80150
2026-06-27,INV-154306,Small Dealer 5,Gadget Pro,143,250,35750,25025
2026-06-27,INV-382523,Small Dealer 22,Budget Widget,403,30,12090,7254
2026-06-27,INV-162344,SuperStore Inc,Premium Widget,77,150,11550,9240
2026-06-27,INV-775997,MegaMart Corp,Gadget Pro,331,250,82750,57925
2026-06-27,INV-920256,MegaMart Corp,Low Stock Item,494,200,98800,64220
2026-06-27,INV-329139,Small Dealer 25,Low Stock Item,242,200,48400,31460
2026-06-27,INV-929081,MegaMart Corp,Budget Widget,132,30,3960,2376
2026-06-28,INV-496974,SuperStore Inc,Low Stock Item,149,200,29800,19370
2026-06-28,INV-384651,BigBuy Distribution,Gadget Lite,138,90,12420,7590
2026-06-28,INV-117221,Small Dealer 25,Standard Widget,290,80,23200,14500
2026-06-28,INV-164153,Small Dealer 9,Gadget Pro,18,250,4500,3150
2026-06-28,INV-866870,MegaMart Corp,Gadget Lite,476,90,42840,26180
2026-06-28,INV-150154,Small Dealer 4,Low Stock Item,191,200,38200,24830
2026-06-28,INV-993357,Small Dealer 18,Declining Product,460,100,46000,29900
2026-06-28,INV-990379,MegaMart Corp,Low Stock Item,23,200,4600,2990
2026-06-28,INV-900661,SuperStore Inc,Gadget Pro,384,250,96000,67200
2026-06-28,INV-266784,MegaMart Corp,Gadget Pro,328,250,82000,57400
2026-06-29,INV-482001,MegaMart Corp,Budget Widget,358,30,10740,6444
2026-06-29,INV-860035,Small Dealer 12,Gadget Pro,187,250,46750,32725
2026-06-29,INV-629520,Small Dealer 27,Standard Widget,464,80,37120,23200
2026-06-29,INV-935356,SuperStore Inc,Budget Widget,206,30,6180,3708
2026-06-29,INV-330309,SuperStore Inc,Low Stock Item,364,200,72800,47320
2026-06-29,INV-354749,Small Dealer 26,Standard Widget,314,80,25120,15700
2026-06-29,INV-130916,SuperStore Inc,Standard Widget,46,80,3680,2300
2026-06-29,INV-629094,SuperStore Inc,Premium Widget,286,150,42900,34320
2026-06-29,INV-656536,SuperStore Inc,Low Stock Item,235,200,47000,30550
2026-06-29,INV-996922,Small Dealer 26,Low Stock Item,491,200,98200,63830
2026-06-29,INV-288859,BigBuy Distribution,Budget Widget,256,30,7680,4608
2026-06-29,INV-733338,Small Dealer 27,Low Stock Item,134,200,26800,17420
2026-06-29,INV-995420,MegaMart Corp,Premium Widget,359,150,53850,43080
2026-06-29,INV-953145,BigBuy Distribution,Low Stock Item,231,200,46200,30030
2026-06-29,INV-904127,BigBuy Distribution,Low Stock Item,448,200,89600,58240
2026-06-29,INV-825432,Small Dealer 10,Declining Product,335,100,33500,21775
2026-06-29,INV-539935,Small Dealer 27,Declining Product,184,100,18400,11960
2026-06-29,INV-495511,SuperStore Inc,Gadget Pro,392,250,98000,68600
2026-06-29,INV-264147,MegaMart Corp,Standard Widget,477,80,38160,23850
2026-06-29,INV-632230,BigBuy Distribution,Gadget Lite,337,90,30330,18535
2026-06-29,INV-933271,BigBuy Distribution,Declining Product,37,100,3700,2405
2026-06-29,INV-136234,MegaMart Corp,Gadget Pro,77,250,19250,13475
2026-06-29,INV-364328,BigBuy Distribution,Standard Widget,33,80,2640,1650
2026-06-29,INV-585187,BigBuy Distribution,Premium Widget,463,150,69450,55560
2026-06-29,INV-763525,Small Dealer 7,Low Stock Item,20,200,4000,2600
2026-06-29,INV-603327,SuperStore Inc,Low Stock Item,138,200,27600,17940
2026-06-29,INV-143445,Small Dealer 7,Low Stock Item,95,200,19000,12350
2026-06-29,INV-964754,BigBuy Distribution,Gadget Lite,140,90,12600,7700
2026-06-29,INV-600868,Small Dealer 9,Premium Widget,359,150,53850,43080
2026-06-29,INV-184626,MegaMart Corp,Low Stock Item,257,200,51400,33410
2026-06-29,INV-805332,Small Dealer 21,Low Stock Item,393,200,78600,51090
2026-06-29,INV-894076,MegaMart Corp,Standard Widget,39,80,3120,1950
2026-06-29,INV-814216,SuperStore Inc,Declining Product,322,100,32200,20930
2026-06-29,INV-748423,Small Dealer 3,Gadget Pro,212,250,53000,37100
2026-06-29,INV-554616,Small Dealer 9,Standard Widget,467,80,37360,23350
2026-06-29,INV-535273,BigBuy Distribution,Gadget Lite,210,90,18900,11550
2026-06-29,INV-463402,BigBuy Distribution,Low Stock Item,122,200,24400,15860
2026-06-30,INV-835058,SuperStore Inc,Budget Widget,79,30,2370,1422
2026-06-30,INV-817951,Small Dealer 18,Standard Widget,64,80,5120,3200
2026-06-30,INV-111991,Small Dealer 25,Gadget Lite,108,90,9720,5940
2026-06-30,INV-183942,Small Dealer 3,Gadget Pro,207,250,51750,36225
2026-06-30,INV-194979,BigBuy Distribution,Standard Widget,101,80,8080,5050
2026-06-30,INV-979883,BigBuy Distribution,Premium Widget,40,150,6000,4800
2026-06-30,INV-874211,Small Dealer 10,Premium Widget,423,150,63450,50760
2026-06-30,INV-380800,SuperStore Inc,Gadget Pro,366,250,91500,64050
2026-06-30,INV-125376,MegaMart Corp,Low Stock Item,203,200,40600,26390
2026-06-30,INV-795669,Small Dealer 5,Low Stock Item,448,200,89600,58240
2026-06-30,INV-394411,SuperStore Inc,Declining Product,139,100,13900,9035
2026-06-30,INV-615316,SuperStore Inc,Declining Product,131,100,13100,8515
2026-06-30,INV-748605,Small Dealer 17,Low Stock Item,463,200,92600,60190
2026-07-01,INV-141266,MegaMart Corp,Low Stock Item,70,200,14000,9100
2026-07-01,INV-126659,MegaMart Corp,Gadget Lite,321,90,28890,17655
2026-07-01,INV-972107,SuperStore Inc,Declining Product,493,100,49300,32045
2026-07-01,INV-787134,MegaMart Corp,Gadget Pro,63,250,15750,11025
2026-07-01,INV-904672,MegaMart Corp,Gadget Pro,186,250,46500,32550
2026-07-01,INV-810941,SuperStore Inc,Gadget Pro,455,250,113750,79625
2026-07-01,INV-488355,SuperStore Inc,Low Stock Item,332,200,66400,43160
2026-07-01,INV-336216,SuperStore Inc,Declining Product,463,100,46300,30095
2026-07-01,INV-863604,Small Dealer 8,Declining Product,455,100,45500,29575
2026-07-01,INV-393082,BigBuy Distribution,Gadget Lite,382,90,34380,21010
2026-07-01,INV-121736,Small Dealer 20,Premium Widget,436,150,65400,52320
2026-07-01,INV-748930,Small Dealer 25,Low Stock Item,376,200,75200,48880
2026-07-01,INV-964672,BigBuy Distribution,Standard Widget,390,80,31200,19500
2026-07-01,INV-851023,Small Dealer 17,Budget Widget,286,30,8580,5148
2026-07-01,INV-908360,Small Dealer 11,Standard Widget,121,80,9680,6050
2026-07-02,INV-324402,SuperStore Inc,Budget Widget,439,30,13170,7902
2026-07-02,INV-741591,MegaMart Corp,Premium Widget,145,150,21750,17400
2026-07-02,INV-585499,Small Dealer 6,Premium Widget,413,150,61950,49560
2026-07-02,INV-511722,Small Dealer 1,Premium Widget,88,150,13200,10560
2026-07-02,INV-374612,Small Dealer 15,Budget Widget,182,30,5460,3276
2026-07-02,INV-913504,MegaMart Corp,Gadget Lite,372,90,33480,20460
2026-07-02,INV-193700,SuperStore Inc,Gadget Lite,374,90,33660,20570
2026-07-02,INV-458087,Small Dealer 7,Low Stock Item,81,200,16200,10530
2026-07-02,INV-247916,SuperStore Inc,Gadget Lite,429,90,38610,23595
2026-07-02,INV-301807,Small Dealer 21,Standard Widget,36,80,2880,1800
2026-07-02,INV-194090,Small Dealer 12,Low Stock Item,93,200,18600,12090
2026-07-03,INV-360252,Small Dealer 6,Declining Product,360,100,36000,23400
2026-07-03,INV-155502,Small Dealer 18,Gadget Lite,474,90,42660,26070
2026-07-03,INV-983856,Small Dealer 24,Budget Widget,293,30,8790,5274
2026-07-03,INV-824958,Small Dealer 21,Premium Widget,284,150,42600,34080
2026-07-03,INV-212527,SuperStore Inc,Gadget Pro,50,250,12500,8750
2026-07-03,INV-417283,SuperStore Inc,Low Stock Item,20,200,4000,2600
2026-07-03,INV-434033,MegaMart Corp,Premium Widget,213,150,31950,25560
2026-07-03,INV-197261,Small Dealer 25,Declining Product,74,100,7400,4810
2026-07-03,INV-524326,SuperStore Inc,Premium Widget,369,150,55350,44280
2026-07-03,INV-199355,MegaMart Corp,Low Stock Item,281,200,56200,36530
2026-07-03,INV-575923,Small Dealer 28,Gadget Pro,456,250,114000,79800
2026-07-03,INV-485301,Small Dealer 29,Declining Product,477,100,47700,31005
2026-07-03,INV-538535,SuperStore Inc,Standard Widget,487,80,38960,24350
2026-07-03,INV-776099,MegaMart Corp,Declining Product,279,100,27900,18135
2026-07-03,INV-422056,SuperStore Inc,Gadget Pro,435,250,108750,76125
2026-07-03,INV-736356,SuperStore Inc,Standard Widget,189,80,15120,9450
2026-07-03,INV-451989,Small Dealer 14,Low Stock Item,301,200,60200,39130
2026-07-03,INV-459443,SuperStore Inc,Budget Widget,105,30,3150,1890
2026-07-03,INV-711258,SuperStore Inc,Declining Product,285,100,28500,18525
2026-07-03,INV-852300,Small Dealer 21,Gadget Pro,261,250,65250,45675
2026-07-03,INV-700353,MegaMart Corp,Gadget Pro,434,250,108500,75950
2026-07-03,INV-504484,SuperStore Inc,Gadget Pro,471,250,117750,82425
2026-07-03,INV-782427,BigBuy Distribution,Standard Widget,352,80,28160,17600
2026-07-03,INV-131596,SuperStore Inc,Gadget Pro,434,250,108500,75950
2026-07-04,INV-744910,BigBuy Distribution,Premium Widget,461,150,69150,55320
2026-07-04,INV-561263,BigBuy Distribution,Premium Widget,357,150,53550,42840
2026-07-04,INV-775423,Small Dealer 26,Premium Widget,189,150,28350,22680
2026-07-04,INV-498437,Small Dealer 4,Low Stock Item,322,200,64400,41860
2026-07-04,INV-247674,Small Dealer 21,Gadget Pro,123,250,30750,21525
2026-07-04,INV-615174,BigBuy Distribution,Budget Widget,259,30,7770,4662
2026-07-04,INV-178959,BigBuy Distribution,Low Stock Item,224,200,44800,29120
2026-07-04,INV-738206,Small Dealer 12,Gadget Pro,338,250,84500,59150
2026-07-04,INV-759494,Small Dealer 12,Gadget Pro,360,250,90000,63000
2026-07-04,INV-629661,Small Dealer 8,Gadget Lite,408,90,36720,22440
2026-07-04,INV-816686,Small Dealer 22,Gadget Lite,306,90,27540,16830
2026-07-04,INV-555510,Small Dealer 29,Gadget Lite,18,90,1620,990
2026-07-05,INV-854596,BigBuy Distribution,Premium Widget,174,150,26100,20880
2026-07-05,INV-703652,Small Dealer 7,Premium Widget,486,150,72900,58320
2026-07-05,INV-647330,SuperStore Inc,Premium Widget,337,150,50550,40440
2026-07-05,INV-694989,MegaMart Corp,Budget Widget,427,30,12810,7686
2026-07-05,INV-653070,MegaMart Corp,Budget Widget,232,30,6960,4176
2026-07-05,INV-893995,BigBuy Distribution,Declining Product,332,100,33200,21580
2026-07-05,INV-252015,Small Dealer 8,Budget Widget,259,30,7770,4662
2026-07-05,INV-838021,BigBuy Distribution,Budget Widget,58,30,1740,1044
2026-07-05,INV-939634,SuperStore Inc,Standard Widget,58,80,4640,2900
2026-07-05,INV-121590,BigBuy Distribution,Budget Widget,133,30,3990,2394
2026-07-05,INV-771382,SuperStore Inc,Declining Product,318,100,31800,20670
2026-07-05,INV-864797,SuperStore Inc,Low Stock Item,130,200,26000,16900
2026-07-05,INV-854170,SuperStore Inc,Premium Widget,319,150,47850,38280
2026-07-05,INV-451901,Small Dealer 6,Low Stock Item,444,200,88800,57720
2026-07-06,INV-717854,MegaMart Corp,Low Stock Item,373,200,74600,48490
2026-07-06,INV-651774,SuperStore Inc,Budget Widget,145,30,4350,2610
2026-07-06,INV-599936,Small Dealer 13,Standard Widget,234,80,18720,11700
2026-07-06,INV-296341,Small Dealer 8,Premium Widget,451,150,67650,54120
2026-07-06,INV-905880,MegaMart Corp,Standard Widget,353,80,28240,17650
2026-07-06,INV-333770,Small Dealer 18,Declining Product,216,100,21600,14040
2026-07-06,INV-753133,SuperStore Inc,Gadget Lite,63,90,5670,3465
2026-07-06,INV-590326,BigBuy Distribution,Budget Widget,143,30,4290,2574
2026-07-06,INV-906519,BigBuy Distribution,Standard Widget,445,80,35600,22250
2026-07-06,INV-520598,SuperStore Inc,Gadget Lite,322,90,28980,17710
2026-07-06,INV-532247,SuperStore Inc,Gadget Lite,68,90,6120,3740
2026-07-06,INV-209379,MegaMart Corp,Declining Product,246,100,24600,15990
2026-07-06,INV-759536,BigBuy Distribution,Gadget Pro,83,250,20750,14525
2026-07-07,INV-130581,SuperStore Inc,Gadget Pro,242,250,60500,42350
2026-07-07,INV-756006,Small Dealer 27,Budget Widget,13,30,390,234
2026-07-07,INV-448678,SuperStore Inc,Budget Widget,359,30,10770,6462
2026-07-07,INV-660654,Small Dealer 2,Declining Product,169,100,16900,10985
2026-07-07,INV-672128,SuperStore Inc,Premium Widget,125,150,18750,15000
2026-07-07,INV-556872,Small Dealer 4,Standard Widget,243,80,19440,12150
2026-07-07,INV-306053,BigBuy Distribution,Gadget Lite,130,90,11700,7150
2026-07-07,INV-768158,SuperStore Inc,Low Stock Item,100,200,20000,13000
2026-07-07,INV-368562,Small Dealer 26,Standard Widget,481,80,38480,24050
2026-07-07,INV-942503,SuperStore Inc,Gadget Lite,498,90,44820,27390
2026-07-07,INV-116217,Small Dealer 18,Premium Widget,208,150,31200,24960
2026-07-07,INV-360380,Small Dealer 29,Budget Widget,423,30,12690,7614
2026-07-07,INV-426529,SuperStore Inc,Declining Product,190,100,19000,12350
2026-07-07,INV-776048,SuperStore Inc,Premium Widget,62,150,9300,7440
2026-07-07,INV-785897,Small Dealer 21,Premium Widget,26,150,3900,3120
2026-07-07,INV-333190,BigBuy Distribution,Gadget Lite,246,90,22140,13530
2026-07-07,INV-183360,BigBuy Distribution,Gadget Pro,464,250,116000,81200
2026-07-07,INV-783959,BigBuy Distribution,Low Stock Item,429,200,85800,55770
2026-07-07,INV-395416,SuperStore Inc,Low Stock Item,138,200,27600,17940
2026-07-07,INV-203863,BigBuy Distribution,Premium Widget,355,150,53250,42600
2026-07-07,INV-563933,SuperStore Inc,Premium Widget,79,150,11850,9480
2026-07-07,INV-437316,Small Dealer 23,Premium Widget,478,150,71700,57360
2026-07-07,INV-967783,BigBuy Distribution,Budget Widget,109,30,3270,1962
2026-07-07,INV-200780,Small Dealer 1,Gadget Lite,312,90,28080,17160
2026-07-07,INV-697606,Small Dealer 10,Budget Widget,259,30,7770,4662
2026-07-07,INV-651719,Small Dealer 9,Premium Widget,477,150,71550,57240
2026-07-07,INV-941077,MegaMart Corp,Premium Widget,416,150,62400,49920
2026-07-08,INV-274665,Small Dealer 20,Gadget Pro,91,250,22750,15925
2026-07-08,INV-374123,MegaMart Corp,Gadget Lite,216,90,19440,11880
2026-07-08,INV-507960,Small Dealer 20,Low Stock Item,401,200,80200,52130
2026-07-08,INV-262060,BigBuy Distribution,Budget Widget,26,30,780,468
2026-07-08,INV-232904,Small Dealer 8,Declining Product,174,100,17400,11310
2026-07-08,INV-574654,Small Dealer 21,Budget Widget,294,30,8820,5292
2026-07-08,INV-276790,Small Dealer 17,Premium Widget,485,150,72750,58200
2026-07-08,INV-287086,SuperStore Inc,Budget Widget,224,30,6720,4032
2026-07-08,INV-108545,Small Dealer 2,Premium Widget,293,150,43950,35160
2026-07-08,INV-225959,BigBuy Distribution,Premium Widget,352,150,52800,42240
2026-07-08,INV-114164,Small Dealer 25,Low Stock Item,271,200,54200,35230
2026-07-08,INV-448315,MegaMart Corp,Premium Widget,10,150,1500,1200
2026-07-08,INV-672684,Small Dealer 15,Low Stock Item,88,200,17600,11440
2026-07-08,INV-602333,Small Dealer 28,Low Stock Item,386,200,77200,50180
2026-07-08,INV-757570,BigBuy Distribution,Gadget Pro,443,250,110750,77525
2026-07-08,INV-173946,MegaMart Corp,Premium Widget,242,150,36300,29040
2026-07-08,INV-900685,BigBuy Distribution,Premium Widget,470,150,70500,56400
2026-07-08,INV-274381,BigBuy Distribution,Standard Widget,491,80,39280,24550
2026-07-08,INV-496845,BigBuy Distribution,Low Stock Item,249,200,49800,32370
2026-07-08,INV-484070,Small Dealer 13,Standard Widget,67,80,5360,3350
2026-07-08,INV-171053,SuperStore Inc,Gadget Lite,366,90,32940,20130
2026-07-08,INV-102735,Small Dealer 18,Premium Widget,238,150,35700,28560
2026-07-08,INV-869501,Small Dealer 22,Standard Widget,242,80,19360,12100
2026-07-08,INV-961349,BigBuy Distribution,Standard Widget,435,80,34800,21750
2026-07-08,INV-262197,Small Dealer 10,Gadget Lite,430,90,38700,23650
2026-07-08,INV-664068,Small Dealer 14,Standard Widget,180,80,14400,9000
2026-07-08,INV-275630,Small Dealer 8,Budget Widget,308,30,9240,5544
2026-07-08,INV-710927,Small Dealer 13,Standard Widget,296,80,23680,14800
2026-07-08,INV-611000,Small Dealer 21,Gadget Lite,286,90,25740,15730
2026-07-08,INV-468204,SuperStore Inc,Low Stock Item,175,200,35000,22750
2026-07-08,INV-908712,MegaMart Corp,Low Stock Item,82,200,16400,10660
2026-07-08,INV-480887,Small Dealer 8,Standard Widget,194,80,15520,9700
2026-07-08,INV-986290,Small Dealer 17,Budget Widget,243,30,7290,4374
2026-07-08,INV-331803,Small Dealer 29,Low Stock Item,342,200,68400,44460
2026-07-08,INV-640687,BigBuy Distribution,Standard Widget,341,80,27280,17050
2026-07-08,INV-682051,SuperStore Inc,Budget Widget,476,30,14280,8568
2026-07-08,INV-767151,MegaMart Corp,Premium Widget,367,150,55050,44040
2026-07-09,INV-713612,MegaMart Corp,Budget Widget,378,30,11340,6804
2026-07-09,INV-809375,MegaMart Corp,Gadget Lite,458,90,41220,25190
2026-07-09,INV-549415,Small Dealer 20,Budget Widget,43,30,1290,774
2026-07-09,INV-264444,SuperStore Inc,Gadget Pro,347,250,86750,60725
2026-07-09,INV-632701,Small Dealer 6,Declining Product,479,100,47900,31135
2026-07-09,INV-388189,BigBuy Distribution,Gadget Pro,59,250,14750,10325
2026-07-09,INV-948920,SuperStore Inc,Low Stock Item,51,200,10200,6630
2026-07-09,INV-756759,BigBuy Distribution,Premium Widget,252,150,37800,30240
2026-07-09,INV-641154,SuperStore Inc,Budget Widget,410,30,12300,7380
2026-07-09,INV-145011,BigBuy Distribution,Declining Product,141,100,14100,9165
2026-07-09,INV-541333,Small Dealer 19,Gadget Lite,99,90,8910,5445
2026-07-09,INV-981109,BigBuy Distribution,Declining Product,286,100,28600,18590
2026-07-09,INV-122446,SuperStore Inc,Gadget Pro,104,250,26000,18200
2026-07-09,INV-123597,Small Dealer 18,Gadget Pro,348,250,87000,60900
2026-07-10,INV-621915,MegaMart Corp,Premium Widget,301,150,45150,36120
2026-07-10,INV-796658,MegaMart Corp,Gadget Lite,346,90,31140,19030
2026-07-10,INV-253993,Small Dealer 15,Budget Widget,361,30,10830,6498
2026-07-10,INV-460545,Small Dealer 20,Standard Widget,179,80,14320,8950
2026-07-10,INV-491759,Small Dealer 29,Gadget Pro,398,250,99500,69650
2026-07-10,INV-836312,Small Dealer 14,Low Stock Item,22,200,4400,2860
2026-07-10,INV-113906,Small Dealer 9,Declining Product,383,100,38300,24895
2026-07-10,INV-689431,SuperStore Inc,Gadget Pro,344,250,86000,60200
2026-07-10,INV-837902,MegaMart Corp,Declining Product,149,100,14900,9685
2026-07-10,INV-399308,BigBuy Distribution,Gadget Pro,359,250,89750,62825
2026-07-10,INV-241997,Small Dealer 22,Premium Widget,12,150,1800,1440
2026-07-10,INV-826263,Small Dealer 12,Premium Widget,302,150,45300,36240
2026-07-10,INV-828142,BigBuy Distribution,Declining Product,167,100,16700,10855
2026-07-10,INV-477004,SuperStore Inc,Premium Widget,328,150,49200,39360
2026-07-10,INV-267075,Small Dealer 16,Gadget Pro,258,250,64500,45150
2026-07-10,INV-505105,Small Dealer 18,Declining Product,244,100,24400,15860
2026-07-10,INV-322953,MegaMart Corp,Gadget Pro,282,250,70500,49350
2026-07-10,INV-732520,MegaMart Corp,Gadget Pro,284,250,71000,49700
2026-07-10,INV-922506,BigBuy Distribution,Premium Widget,449,150,67350,53880
2026-07-10,INV-969818,Small Dealer 2,Gadget Pro,363,250,90750,63525
2026-07-10,INV-422326,SuperStore Inc,Gadget Pro,245,250,61250,42875
2026-07-11,INV-959802,Small Dealer 3,Low Stock Item,17,200,3400,2210
2026-07-11,INV-261461,MegaMart Corp,Premium Widget,357,150,53550,42840
2026-07-11,INV-691052,MegaMart Corp,Budget Widget,409,30,12270,7362
2026-07-11,INV-966261,SuperStore Inc,Declining Product,407,100,40700,26455
2026-07-11,INV-887382,BigBuy Distribution,Gadget Lite,344,90,30960,18920
2026-07-11,INV-496515,BigBuy Distribution,Gadget Lite,255,90,22950,14025
2026-07-11,INV-474582,SuperStore Inc,Budget Widget,382,30,11460,6876
2026-07-11,INV-684527,SuperStore Inc,Low Stock Item,221,200,44200,28730
2026-07-11,INV-125658,SuperStore Inc,Low Stock Item,194,200,38800,25220
2026-07-11,INV-380361,Small Dealer 14,Gadget Lite,206,90,18540,11330
2026-07-11,INV-520328,Small Dealer 17,Declining Product,346,100,34600,22490
2026-07-11,INV-469466,MegaMart Corp,Standard Widget,185,80,14800,9250
2026-07-11,INV-989727,BigBuy Distribution,Budget Widget,184,30,5520,3312
2026-07-11,INV-242849,SuperStore Inc,Declining Product,188,100,18800,12220
2026-07-11,INV-400056,BigBuy Distribution,Gadget Pro,270,250,67500,47250
2026-07-11,INV-224010,MegaMart Corp,Budget Widget,428,30,12840,7704
2026-07-11,INV-444919,Small Dealer 10,Budget Widget,28,30,840,504
2026-07-11,INV-305338,Small Dealer 13,Standard Widget,401,80,32080,20050
2026-07-11,INV-451129,SuperStore Inc,Low Stock Item,475,200,95000,61750
2026-07-11,INV-719224,MegaMart Corp,Low Stock Item,63,200,12600,8190
2026-07-11,INV-776266,MegaMart Corp,Standard Widget,283,80,22640,14150
2026-07-11,INV-465172,SuperStore Inc,Gadget Pro,325,250,81250,56875
2026-07-11,INV-702791,SuperStore Inc,Standard Widget,101,80,8080,5050
2026-07-11,INV-358107,MegaMart Corp,Gadget Pro,107,250,26750,18725
2026-07-11,INV-180275,Small Dealer 21,Standard Widget,157,80,12560,7850
2026-07-11,INV-584461,BigBuy Distribution,Declining Product,465,100,46500,30225
2026-07-11,INV-213188,Small Dealer 3,Low Stock Item,12,200,2400,1560
2026-07-11,INV-408818,Small Dealer 13,Declining Product,245,100,24500,15925
2026-07-12,INV-645015,MegaMart Corp,Gadget Lite,313,90,28170,17215
2026-07-12,INV-593175,BigBuy Distribution,Declining Product,148,100,14800,9620
2026-07-12,INV-420619,BigBuy Distribution,Standard Widget,335,80,26800,16750
2026-07-12,INV-641882,Small Dealer 13,Gadget Pro,495,250,123750,86625
2026-07-12,INV-538212,MegaMart Corp,Gadget Pro,268,250,67000,46900
2026-07-12,INV-834643,BigBuy Distribution,Gadget Pro,56,250,14000,9800
2026-07-12,INV-422046,Small Dealer 22,Declining Product,206,100,20600,13390
2026-07-12,INV-158472,Small Dealer 11,Low Stock Item,355,200,71000,46150
2026-07-12,INV-748346,MegaMart Corp,Premium Widget,414,150,62100,49680
2026-07-12,INV-170615,SuperStore Inc,Standard Widget,381,80,30480,19050
2026-07-12,INV-871809,Small Dealer 15,Gadget Lite,298,90,26820,16390
2026-07-12,INV-303125,MegaMart Corp,Gadget Lite,174,90,15660,9570
2026-07-12,INV-246739,SuperStore Inc,Budget Widget,41,30,1230,738
2026-07-12,INV-416662,Small Dealer 26,Low Stock Item,395,200,79000,51350
2026-07-12,INV-899557,Small Dealer 20,Budget Widget,285,30,8550,5130
2026-07-12,INV-692738,Small Dealer 15,Declining Product,201,100,20100,13065
2026-07-13,INV-640908,Small Dealer 21,Standard Widget,222,80,17760,11100
2026-07-13,INV-319891,MegaMart Corp,Declining Product,240,100,24000,15600
2026-07-13,INV-353513,BigBuy Distribution,Gadget Pro,363,250,90750,63525
2026-07-13,INV-872357,SuperStore Inc,Premium Widget,97,150,14550,11640
2026-07-13,INV-711320,BigBuy Distribution,Budget Widget,177,30,5310,3186
2026-07-13,INV-487742,Small Dealer 7,Standard Widget,425,80,34000,21250
2026-07-13,INV-403012,Small Dealer 2,Gadget Pro,102,250,25500,17850
2026-07-13,INV-206560,SuperStore Inc,Premium Widget,479,150,71850,57480
2026-07-13,INV-587828,Small Dealer 6,Gadget Lite,368,90,33120,20240
2026-07-13,INV-921355,MegaMart Corp,Budget Widget,62,30,1860,1116
2026-07-13,INV-531651,MegaMart Corp,Low Stock Item,430,200,86000,55900
2026-07-13,INV-261332,SuperStore Inc,Gadget Pro,38,250,9500,6650
2026-07-13,INV-134914,SuperStore Inc,Budget Widget,334,30,10020,6012
2026-07-13,INV-498814,BigBuy Distribution,Premium Widget,32,150,4800,3840
2026-07-13,INV-506711,BigBuy Distribution,Gadget Lite,258,90,23220,14190
2026-07-13,INV-317713,SuperStore Inc,Budget Widget,116,30,3480,2088
2026-07-13,INV-781105,SuperStore Inc,Premium Widget,102,150,15300,12240
2026-07-13,INV-318166,Small Dealer 29,Gadget Pro,202,250,50500,35350
2026-07-13,INV-523059,SuperStore Inc,Declining Product,373,100,37300,24245
2026-07-13,INV-796222,BigBuy Distribution,Gadget Lite,290,90,26100,15950
2026-07-13,INV-446841,Small Dealer 2,Gadget Lite,97,90,8730,5335
2026-07-13,INV-192423,SuperStore Inc,Gadget Pro,379,250,94750,66325
2026-07-13,INV-468054,BigBuy Distribution,Gadget Pro,126,250,31500,22050
2026-07-13,INV-145672,SuperStore Inc,Low Stock Item,197,200,39400,25610
2026-07-13,INV-427145,BigBuy Distribution,Gadget Lite,347,90,31230,19085
2026-07-13,INV-357755,Small Dealer 5,Gadget Lite,379,90,34110,20845
2026-07-13,INV-859458,MegaMart Corp,Budget Widget,484,30,14520,8712
2026-07-13,INV-348676,Small Dealer 26,Gadget Lite,469,90,42210,25795
2026-07-13,INV-336649,SuperStore Inc,Premium Widget,69,150,10350,8280
2026-07-13,INV-787890,MegaMart Corp,Budget Widget,197,30,5910,3546
2026-07-13,INV-481462,BigBuy Distribution,Standard Widget,252,80,20160,12600
2026-07-13,INV-154005,Small Dealer 6,Standard Widget,147,80,11760,7350
2026-07-13,INV-539175,MegaMart Corp,Gadget Lite,201,90,18090,11055
2026-07-13,INV-450715,BigBuy Distribution,Standard Widget,122,80,9760,6100
2026-07-14,INV-488638,Small Dealer 13,Standard Widget,270,80,21600,13500
2026-07-14,INV-261313,MegaMart Corp,Low Stock Item,404,200,80800,52520
2026-07-14,INV-915698,MegaMart Corp,Low Stock Item,298,200,59600,38740
2026-07-14,INV-708015,BigBuy Distribution,Gadget Lite,209,90,18810,11495
2026-07-14,INV-851378,MegaMart Corp,Gadget Lite,186,90,16740,10230
2026-07-14,INV-981758,BigBuy Distribution,Standard Widget,432,80,34560,21600
2026-07-14,INV-754047,BigBuy Distribution,Premium Widget,245,150,36750,29400
2026-07-14,INV-706082,Small Dealer 5,Declining Product,10,100,1000,650
2026-07-14,INV-578099,Small Dealer 1,Budget Widget,138,30,4140,2484
2026-07-14,INV-577081,Small Dealer 12,Premium Widget,62,150,9300,7440
2026-07-14,INV-812410,Small Dealer 1,Budget Widget,221,30,6630,3978
2026-07-14,INV-640880,Small Dealer 12,Gadget Lite,175,90,15750,9625
2026-07-14,INV-140802,BigBuy Distribution,Gadget Pro,392,250,98000,68600
2026-07-14,INV-516184,SuperStore Inc,Low Stock Item,487,200,97400,63310
2026-07-14,INV-885096,Small Dealer 16,Gadget Lite,414,90,37260,22770
2026-07-14,INV-277461,Small Dealer 5,Standard Widget,113,80,9040,5650
2026-07-14,INV-119024,MegaMart Corp,Budget Widget,132,30,3960,2376
2026-07-14,INV-702043,MegaMart Corp,Gadget Pro,42,250,10500,7350
2026-07-14,INV-993991,MegaMart Corp,Gadget Lite,229,90,20610,12595
2026-07-14,INV-358210,MegaMart Corp,Gadget Pro,444,250,111000,77700
2026-07-14,INV-182348,MegaMart Corp,Budget Widget,312,30,9360,5616
2026-07-15,INV-415854,Small Dealer 26,Premium Widget,442,150,66300,53040
2026-07-15,INV-976963,Small Dealer 5,Gadget Lite,35,90,3150,1925
2026-07-15,INV-955352,SuperStore Inc,Premium Widget,78,150,11700,9360
2026-07-15,INV-812324,MegaMart Corp,Low Stock Item,220,200,44000,28600
2026-07-15,INV-102074,Small Dealer 25,Premium Widget,148,150,22200,17760
2026-07-15,INV-445909,Small Dealer 5,Gadget Pro,157,250,39250,27475
2026-07-15,INV-723504,MegaMart Corp,Budget Widget,387,30,11610,6966
2026-07-15,INV-255884,SuperStore Inc,Standard Widget,21,80,1680,1050
2026-07-15,INV-158432,MegaMart Corp,Gadget Lite,369,90,33210,20295
2026-07-15,INV-569332,MegaMart Corp,Standard Widget,76,80,6080,3800
2026-07-15,INV-791319,BigBuy Distribution,Standard Widget,288,80,23040,14400
2026-07-15,INV-449082,Small Dealer 9,Gadget Pro,130,250,32500,22750
2026-07-15,INV-694725,BigBuy Distribution,Gadget Lite,260,90,23400,14300
2026-07-15,INV-895798,MegaMart Corp,Budget Widget,127,30,3810,2286
2026-07-15,INV-394311,Small Dealer 14,Standard Widget,311,80,24880,15550
2026-07-15,INV-527712,Small Dealer 23,Low Stock Item,150,200,30000,19500
2026-07-15,INV-904911,Small Dealer 26,Declining Product,470,100,47000,30550
2026-07-15,INV-580637,BigBuy Distribution,Gadget Lite,242,90,21780,13310
2026-07-15,INV-172472,SuperStore Inc,Standard Widget,202,80,16160,10100
2026-07-15,INV-100279,Small Dealer 1,Low Stock Item,106,200,21200,13780
2026-07-15,INV-511158,MegaMart Corp,Low Stock Item,37,200,7400,4810
2026-07-15,INV-450600,MegaMart Corp,Premium Widget,379,150,56850,45480
2026-07-15,INV-172205,BigBuy Distribution,Standard Widget,225,80,18000,11250
2026-07-15,INV-405637,MegaMart Corp,Declining Product,84,100,8400,5460
2026-07-15,INV-699983,BigBuy Distribution,Gadget Pro,289,250,72250,50575
2026-07-15,INV-304978,SuperStore Inc,Gadget Lite,242,90,21780,13310
2026-07-15,INV-415332,BigBuy Distribution,Standard Widget,363,80,29040,18150
2026-07-15,INV-392933,BigBuy Distribution,Standard Widget,42,80,3360,2100
2026-07-15,INV-295111,BigBuy Distribution,Standard Widget,94,80,7520,4700
2026-07-15,INV-306352,Small Dealer 17,Gadget Lite,124,90,11160,6820
2026-07-15,INV-441239,MegaMart Corp,Standard Widget,266,80,21280,13300
2026-07-15,INV-730600,MegaMart Corp,Standard Widget,182,80,14560,9100
2026-07-16,INV-908882,SuperStore Inc,Gadget Pro,24,250,6000,4200
2026-07-16,INV-957942,BigBuy Distribution,Budget Widget,480,30,14400,8640
2026-07-16,INV-200553,Small Dealer 29,Gadget Pro,361,250,90250,63175
2026-07-16,INV-426630,Small Dealer 10,Premium Widget,97,150,14550,11640
2026-07-16,INV-262367,MegaMart Corp,Standard Widget,312,80,24960,15600
2026-07-16,INV-647778,SuperStore Inc,Declining Product,23,100,2300,1495
2026-07-16,INV-703226,Small Dealer 21,Low Stock Item,122,200,24400,15860
2026-07-16,INV-775401,Small Dealer 29,Gadget Lite,367,90,33030,20185
2026-07-16,INV-743414,SuperStore Inc,Declining Product,365,100,36500,23725
2026-07-16,INV-581380,Small Dealer 7,Gadget Pro,498,250,124500,87150
2026-07-17,INV-679670,MegaMart Corp,Gadget Lite,185,90,16650,10175
2026-07-17,INV-317288,Small Dealer 24,Gadget Lite,129,90,11610,7095
2026-07-17,INV-710806,Small Dealer 15,Low Stock Item,339,200,67800,44070
2026-07-17,INV-945812,BigBuy Distribution,Premium Widget,384,150,57600,46080
2026-07-17,INV-899481,Small Dealer 1,Budget Widget,134,30,4020,2412
2026-07-17,INV-456807,BigBuy Distribution,Gadget Pro,147,250,36750,25725
2026-07-17,INV-162071,SuperStore Inc,Low Stock Item,186,200,37200,24180
2026-07-17,INV-600170,MegaMart Corp,Budget Widget,424,30,12720,7632
2026-07-17,INV-813982,MegaMart Corp,Gadget Pro,367,250,91750,64225
2026-07-17,INV-732295,MegaMart Corp,Low Stock Item,233,200,46600,30290
2026-07-17,INV-512945,Small Dealer 17,Gadget Lite,162,90,14580,8910
2026-07-17,INV-467087,Small Dealer 10,Declining Product,395,100,39500,25675
2026-07-17,INV-674317,BigBuy Distribution,Premium Widget,147,150,22050,17640
2026-07-17,INV-480693,SuperStore Inc,Gadget Pro,204,250,51000,35700
2026-07-17,INV-699131,BigBuy Distribution,Gadget Lite,205,90,18450,11275
2026-07-17,INV-792677,MegaMart Corp,Declining Product,452,100,45200,29380
2026-07-17,INV-236511,MegaMart Corp,Budget Widget,429,30,12870,7722
2026-07-18,INV-800439,Small Dealer 26,Gadget Lite,335,90,30150,18425
2026-07-18,INV-934647,Small Dealer 29,Gadget Pro,62,250,15500,10850
2026-07-18,INV-886887,BigBuy Distribution,Premium Widget,466,150,69900,55920
2026-07-18,INV-286582,Small Dealer 12,Gadget Pro,220,250,55000,38500
2026-07-18,INV-791759,Small Dealer 3,Standard Widget,226,80,18080,11300
2026-07-18,INV-127441,SuperStore Inc,Gadget Pro,269,250,67250,47075
2026-07-18,INV-151751,Small Dealer 19,Gadget Lite,145,90,13050,7975
2026-07-18,INV-360419,Small Dealer 19,Declining Product,28,100,2800,1820
2026-07-18,INV-403102,SuperStore Inc,Standard Widget,440,80,35200,22000
2026-07-18,INV-849887,Small Dealer 11,Gadget Lite,111,90,9990,6105
2026-07-18,INV-991652,SuperStore Inc,Budget Widget,148,30,4440,2664
2026-07-18,INV-764715,Small Dealer 8,Standard Widget,218,80,17440,10900
2026-07-18,INV-161506,MegaMart Corp,Budget Widget,454,30,13620,8172
2026-07-18,INV-972798,Small Dealer 29,Gadget Lite,402,90,36180,22110
2026-07-18,INV-982775,MegaMart Corp,Budget Widget,86,30,2580,1548
2026-07-18,INV-145099,Small Dealer 7,Gadget Lite,71,90,6390,3905
2026-07-18,INV-531239,SuperStore Inc,Gadget Pro,441,250,110250,77175
2026-07-18,INV-872964,BigBuy Distribution,Premium Widget,326,150,48900,39120
2026-07-18,INV-295386,BigBuy Distribution,Premium Widget,392,150,58800,47040
2026-07-18,INV-908801,SuperStore Inc,Standard Widget,387,80,30960,19350
2026-07-18,INV-586059,BigBuy Distribution,Declining Product,291,100,29100,18915
2026-07-18,INV-800432,SuperStore Inc,Gadget Pro,330,250,82500,57750
2026-07-18,INV-533667,SuperStore Inc,Standard Widget,269,80,21520,13450
2026-07-18,INV-791059,MegaMart Corp,Premium Widget,248,150,37200,29760
2026-07-18,INV-870222,Small Dealer 15,Low Stock Item,50,200,10000,6500
2026-07-18,INV-214437,MegaMart Corp,Gadget Pro,28,250,7000,4900
2026-07-18,INV-109718,SuperStore Inc,Low Stock Item,404,200,80800,52520
2026-07-18,INV-235103,BigBuy Distribution,Gadget Pro,162,250,40500,28350
2026-07-18,INV-422322,BigBuy Distribution,Low Stock Item,256,200,51200,33280
2026-07-18,INV-393040,Small Dealer 21,Premium Widget,23,150,3450,2760
2026-07-18,INV-789851,MegaMart Corp,Gadget Lite,37,90,3330,2035
2026-07-19,INV-301685,Small Dealer 15,Standard Widget,367,80,29360,18350
2026-07-19,INV-407692,Small Dealer 24,Gadget Lite,422,90,37980,23210
2026-07-19,INV-696052,Small Dealer 6,Premium Widget,155,150,23250,18600
2026-07-19,INV-534370,MegaMart Corp,Gadget Pro,500,250,125000,87500
2026-07-19,INV-176949,SuperStore Inc,Premium Widget,76,150,11400,9120
2026-07-19,INV-387831,MegaMart Corp,Gadget Pro,443,250,110750,77525
2026-07-19,INV-939610,Small Dealer 7,Premium Widget,24,150,3600,2880
2026-07-19,INV-482135,MegaMart Corp,Standard Widget,55,80,4400,2750
2026-07-19,INV-505838,Small Dealer 17,Declining Product,29,100,2900,1885
2026-07-19,INV-778934,SuperStore Inc,Declining Product,193,100,19300,12545
2026-07-19,INV-339016,MegaMart Corp,Budget Widget,277,30,8310,4986
2026-07-19,INV-122040,MegaMart Corp,Budget Widget,216,30,6480,3888
2026-07-19,INV-237982,MegaMart Corp,Budget Widget,378,30,11340,6804
2026-07-19,INV-263663,Small Dealer 16,Premium Widget,360,150,54000,43200
2026-07-19,INV-220437,MegaMart Corp,Low Stock Item,208,200,41600,27040
2026-07-19,INV-183123,SuperStore Inc,Premium Widget,70,150,10500,8400
2026-07-19,INV-860120,Small Dealer 14,Standard Widget,452,80,36160,22600
2026-07-19,INV-887904,MegaMart Corp,Budget Widget,116,30,3480,2088
2026-07-19,INV-137498,MegaMart Corp,Budget Widget,67,30,2010,1206
2026-07-19,INV-441433,BigBuy Distribution,Gadget Lite,225,90,20250,12375
2026-07-19,INV-623142,SuperStore Inc,Gadget Pro,457,250,114250,79975
2026-07-19,INV-227387,SuperStore Inc,Budget Widget,120,30,3600,2160
2026-07-19,INV-177994,Small Dealer 2,Declining Product,469,100,46900,30485
2026-07-19,INV-133387,MegaMart Corp,Declining Product,385,100,38500,25025
2026-07-19,INV-859806,SuperStore Inc,Budget Widget,426,30,12780,7668
2026-07-19,INV-642701,Small Dealer 10,Premium Widget,290,150,43500,34800
2026-07-19,INV-549329,MegaMart Corp,Gadget Pro,322,250,80500,56350
2026-07-19,INV-341419,Small Dealer 5,Budget Widget,402,30,12060,7236
2026-07-19,INV-804803,Small Dealer 14,Premium Widget,60,150,9000,7200
2026-07-19,INV-742882,BigBuy Distribution,Gadget Pro,345,250,86250,60375
2026-07-19,INV-719478,MegaMart Corp,Gadget Lite,456,90,41040,25080
2026-07-19,INV-381951,Small Dealer 25,Gadget Pro,438,250,109500,76650
2026-07-19,INV-740844,Small Dealer 1,Gadget Lite,314,90,28260,17270
2026-07-19,INV-853768,Small Dealer 4,Standard Widget,437,80,34960,21850
2026-07-20,INV-715756,BigBuy Distribution,Premium Widget,415,150,62250,49800
2026-07-20,INV-774116,BigBuy Distribution,Gadget Lite,415,90,37350,22825
2026-07-20,INV-868587,BigBuy Distribution,Declining Product,166,100,16600,10790
2026-07-20,INV-369373,BigBuy Distribution,Low Stock Item,452,200,90400,58760
2026-07-20,INV-301031,SuperStore Inc,Budget Widget,335,30,10050,6030
2026-07-20,INV-255869,SuperStore Inc,Gadget Lite,32,90,2880,1760
2026-07-20,INV-602481,SuperStore Inc,Gadget Pro,98,250,24500,17150
2026-07-20,INV-512839,BigBuy Distribution,Declining Product,447,100,44700,29055
2026-07-20,INV-165590,Small Dealer 29,Budget Widget,290,30,8700,5220
2026-07-20,INV-903143,Small Dealer 2,Budget Widget,45,30,1350,810
2026-07-20,INV-832785,BigBuy Distribution,Gadget Pro,79,250,19750,13825
2026-07-20,INV-298207,Small Dealer 5,Gadget Lite,148,90,13320,8140
2026-07-20,INV-641751,SuperStore Inc,Declining Product,326,100,32600,21190
2026-07-20,INV-112134,SuperStore Inc,Declining Product,44,100,4400,2860
2026-07-20,INV-241298,BigBuy Distribution,Gadget Pro,466,250,116500,81550
2026-07-20,INV-930871,MegaMart Corp,Low Stock Item,322,200,64400,41860
2026-07-20,INV-828357,SuperStore Inc,Premium Widget,376,150,56400,45120
2026-07-20,INV-898986,Small Dealer 8,Standard Widget,390,80,31200,19500
2026-07-20,INV-689223,SuperStore Inc,Declining Product,38,100,3800,2470
2026-07-20,INV-504063,MegaMart Corp,Gadget Lite,231,90,20790,12705
2026-07-20,INV-186345,BigBuy Distribution,Declining Product,18,100,1800,1170
2026-07-20,INV-441198,MegaMart Corp,Low Stock Item,425,200,85000,55250
2026-07-20,INV-775714,Small Dealer 22,Standard Widget,205,80,16400,10250
2026-07-20,INV-815106,Small Dealer 13,Premium Widget,461,150,69150,55320
2026-07-20,INV-913574,SuperStore Inc,Low Stock Item,226,200,45200,29380
2026-07-20,INV-681620,MegaMart Corp,Gadget Lite,20,90,1800,1100
2026-07-20,INV-128275,BigBuy Distribution,Standard Widget,329,80,26320,16450
2026-07-20,INV-804233,Small Dealer 6,Gadget Pro,345,250,86250,60375
2026-07-20,INV-894201,Small Dealer 16,Declining Product,120,100,12000,7800
2026-07-20,INV-316827,BigBuy Distribution,Declining Product,421,100,42100,27365
2026-07-20,INV-463264,BigBuy Distribution,Low Stock Item,341,200,68200,44330
2026-07-20,INV-773990,SuperStore Inc,Gadget Pro,217,250,54250,37975
2026-07-20,INV-850786,Small Dealer 14,Premium Widget,415,150,62250,49800
2026-07-20,INV-127796,MegaMart Corp,Low Stock Item,340,200,68000,44200
2026-07-20,INV-151031,SuperStore Inc,Gadget Lite,481,90,43290,26455
2026-07-20,INV-145142,Small Dealer 2,Low Stock Item,121,200,24200,15730
2026-07-20,INV-150285,BigBuy Distribution,Standard Widget,194,80,15520,9700
2026-07-21,INV-137383,Small Dealer 25,Low Stock Item,434,200,86800,56420
2026-07-21,INV-938845,SuperStore Inc,Declining Product,169,100,16900,10985
2026-07-21,INV-912474,BigBuy Distribution,Gadget Pro,157,250,39250,27475
2026-07-21,INV-538074,MegaMart Corp,Budget Widget,118,30,3540,2124
2026-07-21,INV-833128,MegaMart Corp,Budget Widget,16,30,480,288
2026-07-21,INV-712753,BigBuy Distribution,Gadget Lite,497,90,44730,27335
2026-07-21,INV-223365,MegaMart Corp,Declining Product,307,100,30700,19955
2026-07-21,INV-425577,Small Dealer 17,Premium Widget,389,150,58350,46680
2026-07-21,INV-617279,BigBuy Distribution,Standard Widget,221,80,17680,11050
2026-07-21,INV-240438,BigBuy Distribution,Premium Widget,131,150,19650,15720
2026-07-21,INV-974013,Small Dealer 3,Declining Product,298,100,29800,19370
2026-07-21,INV-601467,Small Dealer 3,Premium Widget,402,150,60300,48240
2026-07-21,INV-826768,SuperStore Inc,Budget Widget,21,30,630,378
2026-07-21,INV-297420,Small Dealer 26,Premium Widget,152,150,22800,18240
2026-07-21,INV-308746,Small Dealer 11,Gadget Pro,455,250,113750,79625
2026-07-21,INV-567429,Small Dealer 4,Budget Widget,429,30,12870,7722
2026-07-21,INV-285978,BigBuy Distribution,Gadget Lite,77,90,6930,4235
2026-07-21,INV-359826,MegaMart Corp,Gadget Pro,285,250,71250,49875
2026-07-21,INV-307440,Small Dealer 13,Premium Widget,474,150,71100,56880
2026-07-21,INV-619781,Small Dealer 2,Standard Widget,227,80,18160,11350
2026-07-21,INV-514853,SuperStore Inc,Declining Product,461,100,46100,29965
2026-07-21,INV-909523,SuperStore Inc,Gadget Lite,114,90,10260,6270
2026-07-21,INV-371278,Small Dealer 3,Budget Widget,137,30,4110,2466
2026-07-21,INV-727527,Small Dealer 16,Budget Widget,113,30,3390,2034
2026-07-21,INV-209737,Small Dealer 16,Premium Widget,275,150,41250,33000
2026-07-21,INV-899594,SuperStore Inc,Low Stock Item,32,200,6400,4160
2026-07-21,INV-665993,Small Dealer 1,Standard Widget,262,80,20960,13100
2026-07-21,INV-361177,MegaMart Corp,Premium Widget,11,150,1650,1320
2026-07-21,INV-988223,MegaMart Corp,Low Stock Item,87,200,17400,11310
2026-07-21,INV-524688,MegaMart Corp,Gadget Lite,403,90,36270,22165
2026-07-21,INV-704821,BigBuy Distribution,Low Stock Item,22,200,4400,2860
2026-07-21,INV-660745,SuperStore Inc,Gadget Pro,276,250,69000,48300
2026-07-22,INV-119373,Small Dealer 4,Declining Product,298,100,29800,19370
2026-07-22,INV-378775,SuperStore Inc,Budget Widget,169,30,5070,3042
2026-07-22,INV-922164,Small Dealer 2,Budget Widget,124,30,3720,2232
2026-07-22,INV-518045,BigBuy Distribution,Gadget Pro,371,250,92750,64925
2026-07-22,INV-231216,Small Dealer 14,Gadget Pro,82,250,20500,14350
2026-07-22,INV-565473,Small Dealer 15,Gadget Pro,440,250,110000,77000
2026-07-22,INV-381613,MegaMart Corp,Premium Widget,184,150,27600,22080
2026-07-22,INV-139429,Small Dealer 26,Gadget Lite,494,90,44460,27170
2026-07-22,INV-990575,SuperStore Inc,Premium Widget,391,150,58650,46920
2026-07-22,INV-933829,BigBuy Distribution,Budget Widget,445,30,13350,8010
2026-07-22,INV-249018,BigBuy Distribution,Budget Widget,309,30,9270,5562
2026-07-22,INV-432465,Small Dealer 23,Low Stock Item,310,200,62000,40300
2026-07-22,INV-362327,BigBuy Distribution,Gadget Lite,215,90,19350,11825
2026-07-22,INV-327769,Small Dealer 20,Low Stock Item,469,200,93800,60970
2026-07-22,INV-387759,Small Dealer 22,Low Stock Item,240,200,48000,31200
2026-07-22,INV-144721,BigBuy Distribution,Premium Widget,282,150,42300,33840
2026-07-22,INV-562311,BigBuy Distribution,Budget Widget,294,30,8820,5292
2026-07-22,INV-367404,BigBuy Distribution,Budget Widget,165,30,4950,2970
2026-07-22,INV-802153,BigBuy Distribution,Gadget Lite,124,90,11160,6820
2026-07-22,INV-908595,Small Dealer 15,Standard Widget,203,80,16240,10150
2026-07-22,INV-164945,MegaMart Corp,Low Stock Item,442,200,88400,57460
2026-07-22,INV-915701,SuperStore Inc,Budget Widget,124,30,3720,2232
2026-07-22,INV-511404,Small Dealer 20,Budget Widget,236,30,7080,4248
2026-07-22,INV-328397,Small Dealer 4,Low Stock Item,376,200,75200,48880
2026-07-22,INV-116816,Small Dealer 6,Gadget Pro,303,250,75750,53025
2026-07-22,INV-773480,SuperStore Inc,Low Stock Item,94,200,18800,12220
2026-07-22,INV-312507,SuperStore Inc,Standard Widget,443,80,35440,22150
2026-07-22,INV-432760,BigBuy Distribution,Gadget Pro,50,250,12500,8750
2026-07-22,INV-953808,MegaMart Corp,Premium Widget,396,150,59400,47520
2026-07-22,INV-960467,SuperStore Inc,Gadget Pro,12,250,3000,2100
2026-07-22,INV-630238,SuperStore Inc,Gadget Lite,172,90,15480,9460
2026-07-22,INV-267840,Small Dealer 15,Low Stock Item,356,200,71200,46280
2026-07-22,INV-988701,Small Dealer 5,Gadget Pro,199,250,49750,34825
2026-07-22,INV-704645,BigBuy Distribution,Standard Widget,396,80,31680,19800
2026-07-23,INV-769639,SuperStore Inc,Budget Widget,369,30,11070,6642
2026-07-23,INV-856965,Small Dealer 21,Gadget Pro,163,250,40750,28525
2026-07-23,INV-343859,SuperStore Inc,Premium Widget,362,150,54300,43440
2026-07-23,INV-308129,Small Dealer 18,Declining Product,462,100,46200,30030
2026-07-23,INV-648588,Small Dealer 13,Declining Product,21,100,2100,1365
2026-07-23,INV-656854,SuperStore Inc,Budget Widget,320,30,9600,5760
2026-07-23,INV-845682,MegaMart Corp,Standard Widget,319,80,25520,15950
2026-07-23,INV-820719,SuperStore Inc,Standard Widget,103,80,8240,5150
2026-07-23,INV-461290,MegaMart Corp,Gadget Lite,49,90,4410,2695
2026-07-23,INV-117463,Small Dealer 7,Premium Widget,255,150,38250,30600
2026-07-23,INV-747987,BigBuy Distribution,Gadget Lite,63,90,5670,3465
2026-07-23,INV-829833,SuperStore Inc,Gadget Pro,279,250,69750,48825
2026-07-23,INV-476348,SuperStore Inc,Premium Widget,48,150,7200,5760
2026-07-23,INV-940658,BigBuy Distribution,Gadget Lite,336,90,30240,18480
2026-07-23,INV-434211,MegaMart Corp,Budget Widget,424,30,12720,7632
2026-07-23,INV-732184,BigBuy Distribution,Low Stock Item,86,200,17200,11180
2026-07-24,INV-191186,Small Dealer 12,Budget Widget,395,30,11850,7110
2026-07-24,INV-687273,MegaMart Corp,Gadget Lite,264,90,23760,14520
2026-07-24,INV-889329,SuperStore Inc,Gadget Pro,261,250,65250,45675
2026-07-24,INV-467062,Small Dealer 10,Standard Widget,462,80,36960,23100
2026-07-24,INV-985165,SuperStore Inc,Standard Widget,279,80,22320,13950
2026-07-24,INV-966198,MegaMart Corp,Low Stock Item,192,200,38400,24960
2026-07-24,INV-158198,Small Dealer 21,Gadget Pro,420,250,105000,73500
2026-07-24,INV-450275,SuperStore Inc,Declining Product,180,100,18000,11700
2026-07-24,INV-434164,SuperStore Inc,Standard Widget,393,80,31440,19650
2026-07-24,INV-958177,BigBuy Distribution,Gadget Pro,467,250,116750,81725
2026-07-24,INV-511524,MegaMart Corp,Gadget Pro,122,250,30500,21350
2026-07-24,INV-171263,Small Dealer 7,Standard Widget,209,80,16720,10450
2026-07-24,INV-901616,SuperStore Inc,Declining Product,192,100,19200,12480
2026-07-24,INV-745733,Small Dealer 27,Declining Product,86,100,8600,5590
2026-07-24,INV-772414,SuperStore Inc,Gadget Pro,42,250,10500,7350
2026-07-24,INV-377271,BigBuy Distribution,Standard Widget,368,80,29440,18400
2026-07-24,INV-458636,Small Dealer 14,Budget Widget,289,30,8670,5202
2026-07-24,INV-571441,BigBuy Distribution,Standard Widget,366,80,29280,18300
2026-07-24,INV-899510,Small Dealer 24,Declining Product,40,100,4000,2600
2026-07-24,INV-510009,SuperStore Inc,Gadget Lite,477,90,42930,26235
2026-07-24,INV-903093,SuperStore Inc,Gadget Pro,140,250,35000,24500
2026-07-24,INV-860949,SuperStore Inc,Budget Widget,23,30,690,414
2026-07-24,INV-443307,BigBuy Distribution,Low Stock Item,89,200,17800,11570
2026-07-24,INV-990230,BigBuy Distribution,Gadget Lite,113,90,10170,6215
2026-07-24,INV-547350,Small Dealer 20,Gadget Pro,481,250,120250,84175
2026-07-24,INV-756273,Small Dealer 15,Low Stock Item,137,200,27400,17810
2026-07-24,INV-444440,Small Dealer 18,Declining Product,205,100,20500,13325
2026-07-24,INV-593982,MegaMart Corp,Standard Widget,162,80,12960,8100
2026-07-24,INV-302652,Small Dealer 10,Budget Widget,68,30,2040,1224
2026-07-24,INV-233919,BigBuy Distribution,Premium Widget,409,150,61350,49080
2026-07-25,INV-952539,MegaMart Corp,Declining Product,418,100,41800,27170
2026-07-25,INV-697761,SuperStore Inc,Budget Widget,102,30,3060,1836
2026-07-25,INV-287428,BigBuy Distribution,Declining Product,208,100,20800,13520
2026-07-25,INV-965013,SuperStore Inc,Budget Widget,355,30,10650,6390
2026-07-25,INV-712521,MegaMart Corp,Gadget Lite,166,90,14940,9130
2026-07-25,INV-358790,BigBuy Distribution,Gadget Lite,303,90,27270,16665
2026-07-25,INV-445228,SuperStore Inc,Low Stock Item,193,200,38600,25090
2026-07-25,INV-277744,BigBuy Distribution,Budget Widget,331,30,9930,5958
2026-07-25,INV-374730,MegaMart Corp,Gadget Lite,306,90,27540,16830
2026-07-25,INV-372594,SuperStore Inc,Budget Widget,463,30,13890,8334
2026-07-25,INV-843129,SuperStore Inc,Budget Widget,268,30,8040,4824
2026-07-25,INV-842307,Small Dealer 20,Gadget Pro,402,250,100500,70350
2026-07-25,INV-689504,Small Dealer 1,Premium Widget,493,150,73950,59160
2026-07-25,INV-736150,Small Dealer 15,Declining Product,457,100,45700,29705
2026-07-25,INV-999285,SuperStore Inc,Premium Widget,149,150,22350,17880
2026-07-25,INV-857799,BigBuy Distribution,Budget Widget,473,30,14190,8514
2026-07-25,INV-344678,Small Dealer 25,Gadget Pro,275,250,68750,48125
2026-07-25,INV-335625,BigBuy Distribution,Gadget Lite,146,90,13140,8030
2026-07-25,INV-794422,BigBuy Distribution,Low Stock Item,362,200,72400,47060
2026-07-25,INV-433363,BigBuy Distribution,Standard Widget,291,80,23280,14550
2026-07-25,INV-163635,MegaMart Corp,Gadget Lite,153,90,13770,8415
2026-07-25,INV-661635,SuperStore Inc,Gadget Lite,464,90,41760,25520
2026-07-25,INV-640605,Small Dealer 10,Gadget Pro,227,250,56750,39725
2026-07-25,INV-758334,BigBuy Distribution,Gadget Pro,465,250,116250,81375
2026-07-25,INV-149033,BigBuy Distribution,Gadget Pro,328,250,82000,57400
2026-07-25,INV-981542,SuperStore Inc,Declining Product,469,100,46900,30485
2026-07-26,INV-944330,Small Dealer 6,Declining Product,234,100,23400,15210
2026-07-26,INV-676581,MegaMart Corp,Budget Widget,238,30,7140,4284
2026-07-26,INV-663102,SuperStore Inc,Gadget Lite,492,90,44280,27060
2026-07-26,INV-523265,SuperStore Inc,Premium Widget,439,150,65850,52680
2026-07-26,INV-596725,BigBuy Distribution,Declining Product,487,100,48700,31655
2026-07-26,INV-857591,Small Dealer 8,Gadget Pro,280,250,70000,49000
2026-07-26,INV-832638,MegaMart Corp,Budget Widget,20,30,600,360
2026-07-26,INV-824397,MegaMart Corp,Premium Widget,301,150,45150,36120
2026-07-26,INV-853219,Small Dealer 13,Declining Product,406,100,40600,26390
2026-07-26,INV-807086,MegaMart Corp,Budget Widget,392,30,11760,7056
2026-07-26,INV-648112,Small Dealer 20,Gadget Pro,289,250,72250,50575
2026-07-26,INV-602811,Small Dealer 21,Gadget Pro,230,250,57500,40250
2026-07-26,INV-872329,Small Dealer 13,Standard Widget,489,80,39120,24450
2026-07-26,INV-587003,MegaMart Corp,Standard Widget,169,80,13520,8450
2026-07-26,INV-232077,BigBuy Distribution,Gadget Pro,102,250,25500,17850
2026-07-26,INV-678863,SuperStore Inc,Gadget Pro,465,250,116250,81375
2026-07-26,INV-207479,MegaMart Corp,Gadget Pro,243,250,60750,42525
2026-07-26,INV-380672,SuperStore Inc,Premium Widget,336,150,50400,40320
2026-07-27,INV-578259,Small Dealer 12,Declining Product,180,100,18000,11700
2026-07-27,INV-430771,BigBuy Distribution,Standard Widget,108,80,8640,5400
2026-07-27,INV-127150,Small Dealer 20,Low Stock Item,38,200,7600,4940
2026-07-27,INV-173591,Small Dealer 7,Budget Widget,398,30,11940,7164
2026-07-27,INV-457688,SuperStore Inc,Standard Widget,138,80,11040,6900
2026-07-27,INV-892843,SuperStore Inc,Declining Product,428,100,42800,27820
2026-07-27,INV-429975,MegaMart Corp,Budget Widget,458,30,13740,8244
2026-07-27,INV-169430,MegaMart Corp,Gadget Lite,102,90,9180,5610
2026-07-27,INV-566213,BigBuy Distribution,Budget Widget,53,30,1590,954
2026-07-27,INV-962806,BigBuy Distribution,Premium Widget,240,150,36000,28800
2026-07-27,INV-735145,SuperStore Inc,Declining Product,351,100,35100,22815
2026-07-27,INV-931888,MegaMart Corp,Standard Widget,59,80,4720,2950
2026-07-27,INV-427904,Small Dealer 29,Gadget Lite,162,90,14580,8910
2026-07-27,INV-410365,MegaMart Corp,Standard Widget,214,80,17120,10700
2026-07-27,INV-333731,SuperStore Inc,Premium Widget,447,150,67050,53640
2026-07-27,INV-873565,Small Dealer 8,Standard Widget,365,80,29200,18250
2026-07-27,INV-192847,Small Dealer 6,Gadget Lite,385,90,34650,21175
2026-07-27,INV-414478,MegaMart Corp,Budget Widget,495,30,14850,8910
2026-07-27,INV-997395,Small Dealer 15,Budget Widget,403,30,12090,7254
2026-07-27,INV-800999,SuperStore Inc,Low Stock Item,311,200,62200,40430
2026-07-27,INV-893326,BigBuy Distribution,Gadget Lite,446,90,40140,24530
2026-07-27,INV-837025,MegaMart Corp,Standard Widget,58,80,4640,2900
2026-07-27,INV-658743,Small Dealer 1,Budget Widget,229,30,6870,4122
2026-07-27,INV-305706,Small Dealer 5,Budget Widget,292,30,8760,5256
2026-07-27,INV-326915,MegaMart Corp,Budget Widget,420,30,12600,7560
2026-07-27,INV-302348,SuperStore Inc,Declining Product,452,100,45200,29380
2026-07-28,INV-640663,SuperStore Inc,Low Stock Item,271,200,54200,35230
2026-07-28,INV-539727,Small Dealer 8,Declining Product,130,100,13000,8450
2026-07-28,INV-854299,SuperStore Inc,Gadget Pro,169,250,42250,29575
2026-07-28,INV-222757,BigBuy Distribution,Low Stock Item,458,200,91600,59540
2026-07-28,INV-238713,SuperStore Inc,Standard Widget,394,80,31520,19700
2026-07-28,INV-246398,Small Dealer 28,Declining Product,299,100,29900,19435
2026-07-28,INV-922406,SuperStore Inc,Gadget Lite,373,90,33570,20515
2026-07-28,INV-408834,MegaMart Corp,Gadget Lite,307,90,27630,16885
2026-07-28,INV-893087,BigBuy Distribution,Gadget Lite,81,90,7290,4455
2026-07-28,INV-379294,BigBuy Distribution,Gadget Lite,99,90,8910,5445
2026-07-28,INV-930076,MegaMart Corp,Gadget Pro,399,250,99750,69825
2026-07-28,INV-667798,MegaMart Corp,Declining Product,257,100,25700,16705
2026-07-28,INV-873704,Small Dealer 2,Low Stock Item,306,200,61200,39780
2026-07-28,INV-224431,SuperStore Inc,Standard Widget,457,80,36560,22850
2026-07-28,INV-258360,MegaMart Corp,Standard Widget,271,80,21680,13550
2026-07-28,INV-716062,Small Dealer 20,Low Stock Item,108,200,21600,14040
2026-07-28,INV-142926,Small Dealer 20,Gadget Lite,479,90,43110,26345
2026-07-28,INV-918212,MegaMart Corp,Gadget Lite,351,90,31590,19305
2026-07-28,INV-412545,Small Dealer 12,Low Stock Item,188,200,37600,24440
2026-07-28,INV-685955,SuperStore Inc,Premium Widget,232,150,34800,27840
2026-07-28,INV-507107,Small Dealer 2,Gadget Pro,331,250,82750,57925
2026-07-28,INV-862727,MegaMart Corp,Premium Widget,168,150,25200,20160
2026-07-28,INV-442601,Small Dealer 1,Premium Widget,452,150,67800,54240
2026-07-28,INV-540432,Small Dealer 23,Budget Widget,455,30,13650,8190
2026-07-28,INV-906135,MegaMart Corp,Gadget Lite,368,90,33120,20240
2026-07-28,INV-351919,SuperStore Inc,Standard Widget,479,80,38320,23950
2026-07-28,INV-207328,SuperStore Inc,Declining Product,105,100,10500,6825
2026-07-28,INV-460744,Small Dealer 4,Premium Widget,475,150,71250,57000
2026-07-28,INV-875046,SuperStore Inc,Low Stock Item,333,200,66600,43290
2026-07-28,INV-185985,Small Dealer 20,Standard Widget,305,80,24400,15250
2026-07-28,INV-212997,Small Dealer 16,Low Stock Item,386,200,77200,50180
2026-07-28,INV-149484,BigBuy Distribution,Gadget Lite,346,90,31140,19030
2026-07-28,INV-407014,MegaMart Corp,Standard Widget,204,80,16320,10200
2026-07-28,INV-696621,BigBuy Distribution,Declining Product,368,100,36800,23920
2026-07-28,INV-668363,SuperStore Inc,Low Stock Item,164,200,32800,21320
2026-07-29,INV-697710,SuperStore Inc,Premium Widget,471,150,70650,56520
2026-07-29,INV-964549,Small Dealer 29,Premium Widget,225,150,33750,27000
2026-07-29,INV-456859,MegaMart Corp,Gadget Lite,52,90,4680,2860
2026-07-29,INV-877932,Small Dealer 27,Gadget Pro,120,250,30000,21000
2026-07-29,INV-413927,BigBuy Distribution,Declining Product,321,100,32100,20865
2026-07-29,INV-737283,MegaMart Corp,Gadget Pro,146,250,36500,25550
2026-07-29,INV-991554,MegaMart Corp,Premium Widget,11,150,1650,1320
2026-07-29,INV-305990,MegaMart Corp,Premium Widget,200,150,30000,24000
2026-07-29,INV-476241,BigBuy Distribution,Gadget Lite,24,90,2160,1320
2026-07-29,INV-423238,SuperStore Inc,Declining Product,484,100,48400,31460
2026-07-29,INV-688906,Small Dealer 18,Low Stock Item,389,200,77800,50570
2026-07-29,INV-118286,BigBuy Distribution,Gadget Lite,286,90,25740,15730
2026-07-29,INV-145310,Small Dealer 10,Low Stock Item,263,200,52600,34190
2026-07-29,INV-835036,SuperStore Inc,Low Stock Item,462,200,92400,60060
2026-07-29,INV-524172,SuperStore Inc,Premium Widget,359,150,53850,43080
2026-07-29,INV-396552,MegaMart Corp,Standard Widget,377,80,30160,18850
2026-07-29,INV-572349,SuperStore Inc,Gadget Lite,336,90,30240,18480
2026-07-29,INV-204587,Small Dealer 22,Gadget Lite,158,90,14220,8690
2026-07-29,INV-487559,BigBuy Distribution,Low Stock Item,114,200,22800,14820
2026-07-29,INV-345834,MegaMart Corp,Gadget Pro,10,250,2500,1750
2026-07-29,INV-515707,BigBuy Distribution,Premium Widget,365,150,54750,43800
2026-07-29,INV-754804,Small Dealer 13,Declining Product,23,100,2300,1495
2026-07-29,INV-632006,Small Dealer 12,Standard Widget,47,80,3760,2350
2026-07-29,INV-991808,Small Dealer 11,Gadget Pro,268,250,67000,46900
2026-07-29,INV-373847,Small Dealer 17,Gadget Pro,31,250,7750,5425
2026-07-29,INV-251418,Small Dealer 7,Low Stock Item,143,200,28600,18590
2026-07-29,INV-809778,MegaMart Corp,Gadget Lite,273,90,24570,15015
2026-07-29,INV-911244,Small Dealer 19,Standard Widget,177,80,14160,8850
2026-07-29,INV-440218,Small Dealer 18,Gadget Lite,334,90,30060,18370
2026-07-29,INV-958671,MegaMart Corp,Low Stock Item,376,200,75200,48880
2026-07-30,INV-260856,MegaMart Corp,Gadget Lite,52,90,4680,2860
2026-07-30,INV-529406,BigBuy Distribution,Gadget Lite,294,90,26460,16170
2026-07-30,INV-472008,BigBuy Distribution,Budget Widget,275,30,8250,4950
2026-07-30,INV-677992,MegaMart Corp,Declining Product,244,100,24400,15860
2026-07-30,INV-857917,MegaMart Corp,Budget Widget,21,30,630,378
2026-07-30,INV-387100,BigBuy Distribution,Gadget Pro,70,250,17500,12250
2026-07-30,INV-680441,MegaMart Corp,Gadget Pro,46,250,11500,8050
2026-07-30,INV-505053,BigBuy Distribution,Gadget Lite,373,90,33570,20515
2026-07-30,INV-389564,MegaMart Corp,Premium Widget,29,150,4350,3480
2026-07-30,INV-789092,SuperStore Inc,Budget Widget,382,30,11460,6876
2026-07-30,INV-301644,BigBuy Distribution,Standard Widget,359,80,28720,17950
2026-07-30,INV-860359,Small Dealer 17,Premium Widget,14,150,2100,1680
2026-07-30,INV-433789,BigBuy Distribution,Budget Widget,94,30,2820,1692
2026-07-30,INV-503897,MegaMart Corp,Gadget Pro,302,250,75500,52850
2026-07-30,INV-900225,MegaMart Corp,Gadget Pro,376,250,94000,65800
2026-07-30,INV-567087,Small Dealer 24,Low Stock Item,287,200,57400,37310
2026-07-30,INV-793464,MegaMart Corp,Low Stock Item,107,200,21400,13910
2026-07-30,INV-368171,SuperStore Inc,Standard Widget,311,80,24880,15550
2026-07-30,INV-200912,SuperStore Inc,Premium Widget,66,150,9900,7920
2026-07-30,INV-265203,Small Dealer 10,Low Stock Item,129,200,25800,16770
2026-07-30,INV-525955,BigBuy Distribution,Premium Widget,316,150,47400,37920
2026-07-30,INV-809639,Small Dealer 25,Standard Widget,486,80,38880,24300
2026-07-30,INV-506856,MegaMart Corp,Standard Widget,73,80,5840,3650
2026-07-30,INV-413074,Small Dealer 14,Gadget Pro,298,250,74500,52150
2026-07-30,INV-163279,BigBuy Distribution,Gadget Lite,336,90,30240,18480
2026-07-30,INV-317088,MegaMart Corp,Standard Widget,373,80,29840,18650
2026-07-30,INV-540156,BigBuy Distribution,Premium Widget,72,150,10800,8640
2026-07-30,INV-756036,SuperStore Inc,Budget Widget,198,30,5940,3564
2026-07-30,INV-332152,Small Dealer 21,Declining Product,105,100,10500,6825
2026-07-30,INV-507089,BigBuy Distribution,Gadget Lite,108,90,9720,5940
2026-07-30,INV-422208,MegaMart Corp,Budget Widget,133,30,3990,2394
2026-07-30,INV-629852,MegaMart Corp,Standard Widget,420,80,33600,21000
2026-07-30,INV-732029,SuperStore Inc,Budget Widget,349,30,10470,6282
2026-07-30,INV-806664,SuperStore Inc,Standard Widget,272,80,21760,13600
2026-07-30,INV-771815,Small Dealer 24,Low Stock Item,408,200,81600,53040
2026-07-30,INV-107768,BigBuy Distribution,Low Stock Item,198,200,39600,25740
2026-07-30,INV-650196,BigBuy Distribution,Budget Widget,92,30,2760,1656
2026-07-30,INV-516549,SuperStore Inc,Low Stock Item,128,200,25600,16640
2026-07-31,INV-834155,SuperStore Inc,Declining Product,23,100,2300,1495
2026-07-31,INV-228254,MegaMart Corp,Declining Product,483,100,48300,31395
2026-07-31,INV-183432,Small Dealer 27,Budget Widget,308,30,9240,5544
2026-07-31,INV-700381,Small Dealer 12,Gadget Pro,245,250,61250,42875
2026-07-31,INV-456066,BigBuy Distribution,Premium Widget,201,150,30150,24120
2026-07-31,INV-474644,BigBuy Distribution,Budget Widget,313,30,9390,5634
2026-07-31,INV-752952,Small Dealer 26,Budget Widget,95,30,2850,1710
2026-07-31,INV-247388,MegaMart Corp,Gadget Pro,172,250,43000,30100
2026-07-31,INV-678489,SuperStore Inc,Standard Widget,75,80,6000,3750
2026-07-31,INV-602839,SuperStore Inc,Gadget Lite,278,90,25020,15290
2026-07-31,INV-660716,Small Dealer 22,Standard Widget,300,80,24000,15000
2026-07-31,INV-262441,MegaMart Corp,Premium Widget,466,150,69900,55920
2026-07-31,INV-429629,BigBuy Distribution,Declining Product,206,100,20600,13390
2026-07-31,INV-853919,Small Dealer 21,Gadget Pro,134,250,33500,23450
2026-08-01,INV-981861,SuperStore Inc,Gadget Pro,181,250,45250,31675
2026-08-01,INV-405145,MegaMart Corp,Standard Widget,64,80,5120,3200
2026-08-01,INV-490990,SuperStore Inc,Standard Widget,379,80,30320,18950
2026-08-01,INV-245221,MegaMart Corp,Premium Widget,462,150,69300,55440
2026-08-01,INV-115946,MegaMart Corp,Standard Widget,18,80,1440,900
2026-08-01,INV-544903,MegaMart Corp,Premium Widget,154,150,23100,18480
2026-08-01,INV-395694,SuperStore Inc,Standard Widget,52,80,4160,2600
2026-08-01,INV-809847,BigBuy Distribution,Declining Product,457,100,45700,29705
2026-08-01,INV-747145,SuperStore Inc,Budget Widget,349,30,10470,6282
2026-08-01,INV-792682,MegaMart Corp,Declining Product,22,100,2200,1430
2026-08-01,INV-690729,MegaMart Corp,Gadget Pro,166,250,41500,29050
2026-08-01,INV-742331,BigBuy Distribution,Gadget Pro,252,250,63000,44100
2026-08-01,INV-522413,BigBuy Distribution,Declining Product,189,100,18900,12285
2026-08-01,INV-420570,Small Dealer 14,Gadget Pro,409,250,102250,71575
2026-08-01,INV-995534,MegaMart Corp,Budget Widget,17,30,510,306
2026-08-01,INV-748153,SuperStore Inc,Gadget Lite,158,90,14220,8690
2026-08-01,INV-568951,SuperStore Inc,Standard Widget,368,80,29440,18400
2026-08-01,INV-530836,Small Dealer 7,Standard Widget,299,80,23920,14950
2026-08-02,INV-745876,MegaMart Corp,Declining Product,64,100,6400,4160
2026-08-02,INV-790133,Small Dealer 16,Budget Widget,34,30,1020,612
2026-08-02,INV-234361,Small Dealer 12,Gadget Pro,104,250,26000,18200
2026-08-02,INV-984330,MegaMart Corp,Standard Widget,462,80,36960,23100
2026-08-02,INV-108613,Small Dealer 16,Gadget Lite,425,90,38250,23375
2026-08-02,INV-833680,Small Dealer 5,Standard Widget,499,80,39920,24950
2026-08-02,INV-346907,BigBuy Distribution,Gadget Pro,124,250,31000,21700
2026-08-02,INV-678717,MegaMart Corp,Standard Widget,401,80,32080,20050
2026-08-02,INV-217134,SuperStore Inc,Standard Widget,118,80,9440,5900
2026-08-02,INV-751642,MegaMart Corp,Declining Product,388,100,38800,25220
2026-08-02,INV-422328,Small Dealer 16,Budget Widget,357,30,10710,6426
2026-08-02,INV-141595,Small Dealer 14,Low Stock Item,259,200,51800,33670
2026-08-02,INV-946296,MegaMart Corp,Low Stock Item,279,200,55800,36270
2026-08-02,INV-215283,Small Dealer 11,Premium Widget,415,150,62250,49800
2026-08-02,INV-575689,SuperStore Inc,Low Stock Item,472,200,94400,61360
2026-08-02,INV-306835,BigBuy Distribution,Premium Widget,477,150,71550,57240
2026-08-02,INV-640834,SuperStore Inc,Gadget Pro,198,250,49500,34650
2026-08-02,INV-522793,MegaMart Corp,Declining Product,117,100,11700,7605
2026-08-02,INV-455381,Small Dealer 24,Gadget Lite,164,90,14760,9020
2026-08-02,INV-845811,Small Dealer 18,Gadget Pro,156,250,39000,27300
2026-08-02,INV-567643,BigBuy Distribution,Gadget Lite,115,90,10350,6325
2026-08-02,INV-463222,SuperStore Inc,Declining Product,264,100,26400,17160
2026-08-02,INV-474316,Small Dealer 17,Gadget Pro,21,250,5250,3675
2026-08-02,INV-170777,SuperStore Inc,Gadget Pro,43,250,10750,7525
2026-08-02,INV-654295,Small Dealer 27,Gadget Lite,264,90,23760,14520
2026-08-02,INV-163383,SuperStore Inc,Budget Widget,35,30,1050,630
2026-08-03,INV-633681,Small Dealer 27,Budget Widget,406,30,12180,7308
2026-08-03,INV-342282,MegaMart Corp,Budget Widget,167,30,5010,3006
2026-08-03,INV-154693,MegaMart Corp,Declining Product,499,100,49900,32435
2026-08-03,INV-923988,BigBuy Distribution,Gadget Lite,213,90,19170,11715
2026-08-03,INV-664727,Small Dealer 15,Premium Widget,71,150,10650,8520
2026-08-03,INV-276995,SuperStore Inc,Premium Widget,279,150,41850,33480
2026-08-03,INV-963637,Small Dealer 23,Declining Product,161,100,16100,10465
2026-08-03,INV-559438,SuperStore Inc,Low Stock Item,223,200,44600,28990
2026-08-03,INV-834277,Small Dealer 24,Budget Widget,201,30,6030,3618
2026-08-03,INV-773415,MegaMart Corp,Gadget Pro,134,250,33500,23450
2026-08-03,INV-969825,MegaMart Corp,Gadget Pro,274,250,68500,47950
2026-08-03,INV-535572,Small Dealer 17,Premium Widget,172,150,25800,20640
2026-08-03,INV-323999,SuperStore Inc,Premium Widget,429,150,64350,51480
2026-08-03,INV-763679,Small Dealer 9,Gadget Pro,402,250,100500,70350
2026-08-04,INV-767706,SuperStore Inc,Low Stock Item,243,200,48600,31590
2026-08-04,INV-163992,Small Dealer 24,Declining Product,378,100,37800,24570
2026-08-04,INV-972859,SuperStore Inc,Gadget Pro,38,250,9500,6650
2026-08-04,INV-320696,BigBuy Distribution,Budget Widget,182,30,5460,3276
2026-08-04,INV-305352,MegaMart Corp,Premium Widget,258,150,38700,30960
2026-08-04,INV-593623,SuperStore Inc,Premium Widget,87,150,13050,10440
2026-08-04,INV-213710,SuperStore Inc,Low Stock Item,99,200,19800,12870
2026-08-04,INV-474737,BigBuy Distribution,Gadget Pro,293,250,73250,51275
2026-08-04,INV-154805,BigBuy Distribution,Standard Widget,142,80,11360,7100
2026-08-04,INV-756910,SuperStore Inc,Gadget Lite,340,90,30600,18700
2026-08-04,INV-657621,MegaMart Corp,Declining Product,334,100,33400,21710
2026-08-04,INV-781661,SuperStore Inc,Standard Widget,482,80,38560,24100
2026-08-04,INV-885231,MegaMart Corp,Gadget Lite,460,90,41400,25300
2026-08-04,INV-629830,SuperStore Inc,Budget Widget,89,30,2670,1602
2026-08-04,INV-293815,Small Dealer 26,Standard Widget,22,80,1760,1100
2026-08-04,INV-538712,SuperStore Inc,Premium Widget,11,150,1650,1320
2026-08-04,INV-164698,SuperStore Inc,Standard Widget,375,80,30000,18750
2026-08-04,INV-859357,Small Dealer 29,Gadget Pro,64,250,16000,11200
2026-08-04,INV-157614,MegaMart Corp,Declining Product,27,100,2700,1755
2026-08-05,INV-700780,MegaMart Corp,Premium Widget,386,150,57900,46320
2026-08-05,INV-304606,BigBuy Distribution,Gadget Lite,328,90,29520,18040
2026-08-05,INV-101121,Small Dealer 2,Budget Widget,385,30,11550,6930
2026-08-05,INV-695933,SuperStore Inc,Premium Widget,213,150,31950,25560
2026-08-05,INV-855827,BigBuy Distribution,Premium Widget,354,150,53100,42480
2026-08-05,INV-365728,Small Dealer 11,Low Stock Item,276,200,55200,35880
2026-08-05,INV-516200,SuperStore Inc,Standard Widget,121,80,9680,6050
2026-08-05,INV-878776,SuperStore Inc,Premium Widget,62,150,9300,7440
2026-08-05,INV-810314,MegaMart Corp,Gadget Lite,464,90,41760,25520
2026-08-05,INV-615558,BigBuy Distribution,Low Stock Item,202,200,40400,26260
2026-08-05,INV-927825,MegaMart Corp,Budget Widget,39,30,1170,702
2026-08-05,INV-977141,MegaMart Corp,Standard Widget,59,80,4720,2950
2026-08-05,INV-430349,BigBuy Distribution,Gadget Lite,248,90,22320,13640
2026-08-05,INV-704587,SuperStore Inc,Declining Product,101,100,10100,6565
2026-08-05,INV-470824,SuperStore Inc,Low Stock Item,230,200,46000,29900
2026-08-05,INV-322084,SuperStore Inc,Gadget Pro,417,250,104250,72975
2026-08-05,INV-619320,MegaMart Corp,Standard Widget,26,80,2080,1300
2026-08-05,INV-182491,Small Dealer 29,Budget Widget,121,30,3630,2178
2026-08-05,INV-250373,Small Dealer 2,Declining Product,94,100,9400,6110
2026-08-05,INV-726472,SuperStore Inc,Low Stock Item,486,200,97200,63180
2026-08-05,INV-869520,Small Dealer 17,Low Stock Item,108,200,21600,14040
2026-08-05,INV-862966,SuperStore Inc,Standard Widget,286,80,22880,14300
2026-08-05,INV-824516,MegaMart Corp,Declining Product,463,100,46300,30095
2026-08-05,INV-572087,BigBuy Distribution,Gadget Lite,281,90,25290,15455
2026-08-05,INV-640993,Small Dealer 29,Low Stock Item,400,200,80000,52000
2026-08-05,INV-316649,MegaMart Corp,Premium Widget,422,150,63300,50640
2026-08-05,INV-708734,SuperStore Inc,Standard Widget,361,80,28880,18050
2026-08-05,INV-481796,MegaMart Corp,Low Stock Item,123,200,24600,15990
2026-08-06,INV-617783,Small Dealer 5,Standard Widget,248,80,19840,12400
2026-08-06,INV-649746,SuperStore Inc,Budget Widget,417,30,12510,7506
2026-08-06,INV-759745,Small Dealer 13,Gadget Pro,133,250,33250,23275
2026-08-06,INV-739064,SuperStore Inc,Low Stock Item,358,200,71600,46540
2026-08-06,INV-209922,Small Dealer 23,Standard Widget,224,80,17920,11200
2026-08-06,INV-761652,BigBuy Distribution,Budget Widget,176,30,5280,3168
2026-08-06,INV-305927,SuperStore Inc,Low Stock Item,136,200,27200,17680
2026-08-06,INV-181159,SuperStore Inc,Gadget Pro,205,250,51250,35875
2026-08-06,INV-894689,Small Dealer 20,Gadget Lite,391,90,35190,21505
2026-08-06,INV-176399,SuperStore Inc,Gadget Pro,204,250,51000,35700
2026-08-06,INV-794153,BigBuy Distribution,Gadget Lite,228,90,20520,12540
2026-08-06,INV-408023,Small Dealer 21,Budget Widget,144,30,4320,2592
2026-08-06,INV-934879,BigBuy Distribution,Premium Widget,397,150,59550,47640
2026-08-06,INV-747962,SuperStore Inc,Declining Product,95,100,9500,6175
2026-08-06,INV-111125,Small Dealer 15,Premium Widget,179,150,26850,21480
2026-08-06,INV-972427,SuperStore Inc,Gadget Lite,433,90,38970,23815
2026-08-06,INV-889587,SuperStore Inc,Gadget Lite,105,90,9450,5775
2026-08-06,INV-441309,BigBuy Distribution,Budget Widget,405,30,12150,7290
2026-08-06,INV-189157,SuperStore Inc,Gadget Lite,54,90,4860,2970
2026-08-06,INV-867608,MegaMart Corp,Declining Product,211,100,21100,13715
2026-08-06,INV-608788,MegaMart Corp,Gadget Pro,216,250,54000,37800
2026-08-06,INV-615254,MegaMart Corp,Premium Widget,426,150,63900,51120
2026-08-06,INV-732061,MegaMart Corp,Standard Widget,187,80,14960,9350
2026-08-06,INV-180927,Small Dealer 22,Declining Product,307,100,30700,19955
2026-08-06,INV-252917,SuperStore Inc,Standard Widget,400,80,32000,20000
2026-08-06,INV-465062,BigBuy Distribution,Standard Widget,483,80,38640,24150
2026-08-06,INV-564603,SuperStore Inc,Premium Widget,292,150,43800,35040
2026-08-06,INV-370903,BigBuy Distribution,Declining Product,352,100,35200,22880
2026-08-06,INV-958005,Small Dealer 12,Gadget Lite,276,90,24840,15180
2026-08-06,INV-713738,MegaMart Corp,Declining Product,265,100,26500,17225
2026-08-06,INV-149965,MegaMart Corp,Gadget Pro,154,250,38500,26950
2026-08-06,INV-303955,BigBuy Distribution,Gadget Lite,420,90,37800,23100
2026-08-06,INV-468766,MegaMart Corp,Declining Product,67,100,6700,4355
2026-08-06,INV-507960,Small Dealer 19,Standard Widget,446,80,35680,22300
2026-08-06,INV-668427,SuperStore Inc,Declining Product,22,100,2200,1430
2026-08-07,INV-452218,BigBuy Distribution,Budget Widget,223,30,6690,4014
2026-08-07,INV-950989,MegaMart Corp,Premium Widget,105,150,15750,12600
2026-08-07,INV-311511,SuperStore Inc,Premium Widget,325,150,48750,39000
2026-08-07,INV-394559,Small Dealer 22,Gadget Lite,18,90,1620,990
2026-08-07,INV-687532,MegaMart Corp,Low Stock Item,89,200,17800,11570
2026-08-07,INV-248911,MegaMart Corp,Declining Product,145,100,14500,9425
2026-08-07,INV-402707,Small Dealer 7,Gadget Lite,251,90,22590,13805
2026-08-07,INV-706899,MegaMart Corp,Declining Product,126,100,12600,8190
2026-08-07,INV-858950,MegaMart Corp,Gadget Pro,218,250,54500,38150
2026-08-07,INV-698294,Small Dealer 20,Budget Widget,457,30,13710,8226
2026-08-07,INV-232080,MegaMart Corp,Declining Product,389,100,38900,25285
2026-08-07,INV-358523,BigBuy Distribution,Gadget Pro,399,250,99750,69825
2026-08-07,INV-635570,Small Dealer 24,Low Stock Item,456,200,91200,59280
2026-08-07,INV-594224,SuperStore Inc,Premium Widget,357,150,53550,42840
2026-08-07,INV-747034,BigBuy Distribution,Premium Widget,410,150,61500,49200
2026-08-07,INV-761258,Small Dealer 20,Low Stock Item,63,200,12600,8190
2026-08-07,INV-625525,Small Dealer 14,Premium Widget,350,150,52500,42000
2026-08-07,INV-132308,BigBuy Distribution,Gadget Lite,394,90,35460,21670
2026-08-07,INV-375537,BigBuy Distribution,Gadget Pro,41,250,10250,7175
2026-08-07,INV-858305,MegaMart Corp,Standard Widget,211,80,16880,10550
2026-08-07,INV-416808,MegaMart Corp,Budget Widget,408,30,12240,7344
2026-08-07,INV-476850,MegaMart Corp,Standard Widget,257,80,20560,12850
2026-08-07,INV-240352,MegaMart Corp,Declining Product,418,100,41800,27170
2026-08-07,INV-288166,Small Dealer 23,Gadget Pro,257,250,64250,44975
2026-08-07,INV-430693,MegaMart Corp,Premium Widget,419,150,62850,50280
2026-08-07,INV-152622,Small Dealer 8,Standard Widget,173,80,13840,8650
2026-08-07,INV-706568,Small Dealer 13,Low Stock Item,452,200,90400,58760
2026-08-07,INV-564089,MegaMart Corp,Low Stock Item,487,200,97400,63310
2026-08-07,INV-797409,MegaMart Corp,Premium Widget,370,150,55500,44400
2026-08-07,INV-171823,BigBuy Distribution,Gadget Lite,410,90,36900,22550
2026-08-07,INV-973719,BigBuy Distribution,Declining Product,161,100,16100,10465
2026-08-07,INV-308975,SuperStore Inc,Premium Widget,125,150,18750,15000
2026-08-07,INV-104879,SuperStore Inc,Gadget Lite,379,90,34110,20845
2026-08-07,INV-439431,Small Dealer 11,Gadget Lite,247,90,22230,13585
2026-08-07,INV-514308,Small Dealer 21,Low Stock Item,217,200,43400,28210
2026-08-07,INV-198043,Small Dealer 16,Premium Widget,358,150,53700,42960
2026-08-07,INV-104004,MegaMart Corp,Standard Widget,347,80,27760,17350
2026-08-07,INV-224445,MegaMart Corp,Gadget Pro,303,250,75750,53025
2026-08-07,INV-519026,MegaMart Corp,Low Stock Item,144,200,28800,18720
2026-08-07,INV-912939,SuperStore Inc,Gadget Lite,37,90,3330,2035
2026-08-08,INV-796688,Small Dealer 14,Low Stock Item,365,200,73000,47450
2026-08-08,INV-496589,Small Dealer 11,Gadget Lite,42,90,3780,2310
2026-08-08,INV-780321,BigBuy Distribution,Gadget Lite,225,90,20250,12375
2026-08-08,INV-888775,Small Dealer 12,Low Stock Item,326,200,65200,42380
2026-08-08,INV-713733,BigBuy Distribution,Declining Product,221,100,22100,14365
2026-08-08,INV-244610,MegaMart Corp,Gadget Pro,104,250,26000,18200
2026-08-08,INV-843692,SuperStore Inc,Budget Widget,302,30,9060,5436
2026-08-08,INV-988716,SuperStore Inc,Gadget Pro,63,250,15750,11025
2026-08-08,INV-873799,SuperStore Inc,Gadget Pro,12,250,3000,2100
2026-08-08,INV-411173,BigBuy Distribution,Budget Widget,89,30,2670,1602
2026-08-08,INV-307127,SuperStore Inc,Standard Widget,230,80,18400,11500
2026-08-08,INV-386695,SuperStore Inc,Declining Product,372,100,37200,24180
2026-08-08,INV-294961,MegaMart Corp,Premium Widget,449,150,67350,53880
2026-08-08,INV-949434,Small Dealer 5,Gadget Pro,65,250,16250,11375
2026-08-08,INV-301115,Small Dealer 19,Gadget Lite,255,90,22950,14025
2026-08-08,INV-941188,Small Dealer 3,Gadget Pro,385,250,96250,67375
2026-08-08,INV-565312,Small Dealer 1,Standard Widget,141,80,11280,7050
2026-08-08,INV-132773,SuperStore Inc,Budget Widget,61,30,1830,1098
2026-08-08,INV-347894,Small Dealer 19,Budget Widget,286,30,8580,5148
2026-08-08,INV-871271,Small Dealer 11,Premium Widget,269,150,40350,32280
2026-08-08,INV-429329,MegaMart Corp,Declining Product,162,100,16200,10530
2026-08-08,INV-433265,SuperStore Inc,Premium Widget,121,150,18150,14520
2026-08-08,INV-843405,Small Dealer 24,Standard Widget,354,80,28320,17700
2026-08-09,INV-181630,Small Dealer 3,Gadget Pro,235,250,58750,41125
2026-08-09,INV-499210,BigBuy Distribution,Premium Widget,467,150,70050,56040
2026-08-09,INV-373879,MegaMart Corp,Gadget Lite,188,90,16920,10340
2026-08-09,INV-373121,MegaMart Corp,Gadget Pro,193,250,48250,33775
2026-08-09,INV-769970,Small Dealer 7,Standard Widget,489,80,39120,24450
2026-08-09,INV-212986,MegaMart Corp,Budget Widget,164,30,4920,2952
2026-08-09,INV-247578,SuperStore Inc,Low Stock Item,302,200,60400,39260
2026-08-09,INV-665605,Small Dealer 5,Premium Widget,213,150,31950,25560
2026-08-09,INV-861090,BigBuy Distribution,Low Stock Item,471,200,94200,61230
2026-08-09,INV-282163,BigBuy Distribution,Gadget Pro,31,250,7750,5425
2026-08-09,INV-224252,Small Dealer 10,Budget Widget,245,30,7350,4410
2026-08-09,INV-820047,Small Dealer 14,Low Stock Item,498,200,99600,64740
2026-08-09,INV-775707,Small Dealer 25,Low Stock Item,349,200,69800,45370
2026-08-09,INV-407586,MegaMart Corp,Declining Product,199,100,19900,12935
2026-08-09,INV-417128,MegaMart Corp,Premium Widget,481,150,72150,57720
2026-08-09,INV-327525,BigBuy Distribution,Declining Product,112,100,11200,7280
2026-08-09,INV-333870,Small Dealer 14,Premium Widget,412,150,61800,49440
2026-08-09,INV-504781,BigBuy Distribution,Budget Widget,444,30,13320,7992
2026-08-09,INV-385951,MegaMart Corp,Declining Product,173,100,17300,11245
2026-08-10,INV-888886,BigBuy Distribution,Premium Widget,257,150,38550,30840
2026-08-10,INV-501136,Small Dealer 23,Gadget Lite,131,90,11790,7205
2026-08-10,INV-104258,MegaMart Corp,Declining Product,257,100,25700,16705
2026-08-10,INV-181898,SuperStore Inc,Standard Widget,421,80,33680,21050
2026-08-10,INV-954905,SuperStore Inc,Gadget Lite,280,90,25200,15400
2026-08-10,INV-795253,Small Dealer 10,Gadget Lite,10,90,900,550
2026-08-10,INV-247248,Small Dealer 20,Gadget Lite,240,90,21600,13200
2026-08-10,INV-155180,Small Dealer 14,Declining Product,447,100,44700,29055
2026-08-10,INV-168350,BigBuy Distribution,Declining Product,110,100,11000,7150
2026-08-10,INV-565347,MegaMart Corp,Gadget Pro,203,250,50750,35525
2026-08-10,INV-685314,BigBuy Distribution,Declining Product,363,100,36300,23595
2026-08-10,INV-916981,SuperStore Inc,Declining Product,17,100,1700,1105
2026-08-10,INV-769187,Small Dealer 20,Gadget Lite,83,90,7470,4565
2026-08-10,INV-451141,MegaMart Corp,Premium Widget,241,150,36150,28920
2026-08-10,INV-978630,MegaMart Corp,Budget Widget,210,30,6300,3780
2026-08-10,INV-345337,MegaMart Corp,Budget Widget,371,30,11130,6678
2026-08-10,INV-337706,BigBuy Distribution,Budget Widget,35,30,1050,630
2026-08-11,INV-599925,Small Dealer 5,Gadget Lite,203,90,18270,11165
2026-08-11,INV-762968,SuperStore Inc,Declining Product,311,100,31100,20215
2026-08-11,INV-235820,SuperStore Inc,Premium Widget,142,150,21300,17040
2026-08-11,INV-746460,BigBuy Distribution,Gadget Lite,41,90,3690,2255
2026-08-11,INV-328661,MegaMart Corp,Declining Product,38,100,3800,2470
2026-08-11,INV-631723,BigBuy Distribution,Budget Widget,92,30,2760,1656
2026-08-11,INV-320330,Small Dealer 6,Standard Widget,69,80,5520,3450
2026-08-11,INV-962950,BigBuy Distribution,Declining Product,120,100,12000,7800
2026-08-11,INV-833248,Small Dealer 7,Budget Widget,284,30,8520,5112
2026-08-11,INV-213320,Small Dealer 12,Low Stock Item,306,200,61200,39780
2026-08-11,INV-529175,Small Dealer 15,Gadget Lite,248,90,22320,13640
2026-08-11,INV-510841,SuperStore Inc,Low Stock Item,486,200,97200,63180
2026-08-11,INV-248645,Small Dealer 22,Low Stock Item,85,200,17000,11050
2026-08-11,INV-337588,BigBuy Distribution,Gadget Pro,148,250,37000,25900
2026-08-11,INV-524931,SuperStore Inc,Standard Widget,225,80,18000,11250
2026-08-11,INV-583874,SuperStore Inc,Premium Widget,49,150,7350,5880
2026-08-11,INV-767860,Small Dealer 26,Declining Product,118,100,11800,7670
2026-08-11,INV-734907,SuperStore Inc,Budget Widget,109,30,3270,1962
2026-08-11,INV-545635,SuperStore Inc,Gadget Lite,34,90,3060,1870
2026-08-11,INV-626964,Small Dealer 17,Low Stock Item,182,200,36400,23660
2026-08-11,INV-664258,Small Dealer 5,Low Stock Item,144,200,28800,18720
2026-08-11,INV-866524,MegaMart Corp,Low Stock Item,303,200,60600,39390
2026-08-11,INV-441071,MegaMart Corp,Low Stock Item,180,200,36000,23400
2026-08-11,INV-708580,Small Dealer 9,Premium Widget,238,150,35700,28560
2026-08-11,INV-329993,BigBuy Distribution,Budget Widget,477,30,14310,8586
2026-08-11,INV-376099,BigBuy Distribution,Gadget Pro,70,250,17500,12250
2026-08-11,INV-425081,MegaMart Corp,Budget Widget,139,30,4170,2502
2026-08-11,INV-520877,Small Dealer 28,Premium Widget,306,150,45900,36720
2026-08-11,INV-249532,SuperStore Inc,Standard Widget,169,80,13520,8450
2026-08-12,INV-123687,Small Dealer 12,Declining Product,168,100,16800,10920
2026-08-12,INV-802267,Small Dealer 12,Standard Widget,391,80,31280,19550
2026-08-12,INV-928659,Small Dealer 21,Gadget Pro,248,250,62000,43400
2026-08-12,INV-584319,SuperStore Inc,Budget Widget,481,30,14430,8658
2026-08-12,INV-927697,MegaMart Corp,Premium Widget,241,150,36150,28920
2026-08-12,INV-612231,Small Dealer 29,Declining Product,321,100,32100,20865
2026-08-12,INV-711087,BigBuy Distribution,Gadget Pro,10,250,2500,1750
2026-08-12,INV-903789,BigBuy Distribution,Gadget Pro,191,250,47750,33425
2026-08-12,INV-396689,Small Dealer 4,Low Stock Item,445,200,89000,57850
2026-08-12,INV-339562,MegaMart Corp,Gadget Lite,419,90,37710,23045
2026-08-12,INV-861675,SuperStore Inc,Premium Widget,195,150,29250,23400
2026-08-12,INV-165582,MegaMart Corp,Gadget Pro,389,250,97250,68075
2026-08-12,INV-258906,BigBuy Distribution,Standard Widget,298,80,23840,14900
2026-08-12,INV-433142,BigBuy Distribution,Standard Widget,431,80,34480,21550
2026-08-12,INV-129758,BigBuy Distribution,Standard Widget,326,80,26080,16300
2026-08-12,INV-146936,BigBuy Distribution,Gadget Pro,192,250,48000,33600
2026-08-12,INV-562637,BigBuy Distribution,Premium Widget,165,150,24750,19800
2026-08-12,INV-567420,BigBuy Distribution,Gadget Lite,443,90,39870,24365
2026-08-12,INV-464312,BigBuy Distribution,Premium Widget,372,150,55800,44640
2026-08-12,INV-604976,Small Dealer 11,Standard Widget,133,80,10640,6650
2026-08-12,INV-364717,BigBuy Distribution,Low Stock Item,24,200,4800,3120
2026-08-12,INV-836359,SuperStore Inc,Budget Widget,255,30,7650,4590
2026-08-12,INV-397326,Small Dealer 11,Declining Product,154,100,15400,10010
2026-08-12,INV-320973,SuperStore Inc,Standard Widget,110,80,8800,5500
2026-08-12,INV-992209,Small Dealer 8,Gadget Lite,470,90,42300,25850
2026-08-12,INV-865777,BigBuy Distribution,Budget Widget,462,30,13860,8316
2026-08-12,INV-144085,Small Dealer 11,Premium Widget,302,150,45300,36240
2026-08-13,INV-155645,Small Dealer 18,Standard Widget,415,80,33200,20750
2026-08-13,INV-143141,SuperStore Inc,Premium Widget,116,150,17400,13920
2026-08-13,INV-367049,MegaMart Corp,Declining Product,414,100,41400,26910
2026-08-13,INV-709909,Small Dealer 24,Budget Widget,421,30,12630,7578
2026-08-13,INV-693461,SuperStore Inc,Gadget Pro,391,250,97750,68425
2026-08-13,INV-816020,SuperStore Inc,Premium Widget,258,150,38700,30960
2026-08-13,INV-398535,BigBuy Distribution,Standard Widget,114,80,9120,5700
2026-08-13,INV-887419,Small Dealer 21,Standard Widget,488,80,39040,24400
2026-08-13,INV-974777,Small Dealer 2,Gadget Lite,370,90,33300,20350
2026-08-13,INV-854672,Small Dealer 15,Premium Widget,290,150,43500,34800
2026-08-13,INV-991968,Small Dealer 27,Premium Widget,330,150,49500,39600
2026-08-13,INV-803110,MegaMart Corp,Gadget Lite,206,90,18540,11330
2026-08-13,INV-696615,SuperStore Inc,Gadget Pro,106,250,26500,18550
2026-08-13,INV-494483,MegaMart Corp,Premium Widget,280,150,42000,33600
2026-08-13,INV-219004,BigBuy Distribution,Gadget Pro,276,250,69000,48300
2026-08-13,INV-128597,Small Dealer 22,Gadget Lite,431,90,38790,23705
2026-08-14,INV-346979,Small Dealer 2,Standard Widget,483,80,38640,24150
2026-08-14,INV-518504,Small Dealer 18,Standard Widget,464,80,37120,23200
2026-08-14,INV-808572,Small Dealer 22,Declining Product,404,100,40400,26260
2026-08-14,INV-571577,BigBuy Distribution,Gadget Lite,192,90,17280,10560
2026-08-14,INV-475083,SuperStore Inc,Standard Widget,410,80,32800,20500
2026-08-14,INV-172884,SuperStore Inc,Gadget Pro,42,250,10500,7350
2026-08-14,INV-406164,BigBuy Distribution,Standard Widget,188,80,15040,9400
2026-08-14,INV-648793,Small Dealer 15,Gadget Pro,104,250,26000,18200
2026-08-14,INV-511196,BigBuy Distribution,Low Stock Item,369,200,73800,47970
2026-08-14,INV-342789,MegaMart Corp,Gadget Pro,90,250,22500,15750
2026-08-14,INV-160377,SuperStore Inc,Low Stock Item,83,200,16600,10790
2026-08-14,INV-753304,SuperStore Inc,Gadget Pro,186,250,46500,32550
2026-08-14,INV-146548,SuperStore Inc,Premium Widget,320,150,48000,38400
2026-08-14,INV-752318,MegaMart Corp,Gadget Pro,107,250,26750,18725
2026-08-14,INV-494587,Small Dealer 25,Declining Product,468,100,46800,30420
2026-08-14,INV-704312,BigBuy Distribution,Budget Widget,130,30,3900,2340
2026-08-14,INV-125751,Small Dealer 26,Gadget Lite,55,90,4950,3025
2026-08-14,INV-644944,BigBuy Distribution,Declining Product,119,100,11900,7735
2026-08-14,INV-326912,SuperStore Inc,Budget Widget,429,30,12870,7722
2026-08-14,INV-155015,Small Dealer 10,Low Stock Item,352,200,70400,45760
2026-08-14,INV-508109,Small Dealer 23,Budget Widget,305,30,9150,5490
2026-08-14,INV-279589,BigBuy Distribution,Low Stock Item,370,200,74000,48100
2026-08-14,INV-461852,BigBuy Distribution,Budget Widget,290,30,8700,5220
2026-08-14,INV-176993,Small Dealer 24,Standard Widget,23,80,1840,1150
2026-08-14,INV-826239,MegaMart Corp,Gadget Pro,368,250,92000,64400
2026-08-14,INV-425165,Small Dealer 22,Budget Widget,357,30,10710,6426
2026-08-14,INV-425103,SuperStore Inc,Low Stock Item,444,200,88800,57720
2026-08-15,INV-209941,MegaMart Corp,Declining Product,197,100,19700,12805
2026-08-15,INV-997035,Small Dealer 27,Gadget Pro,291,250,72750,50925
2026-08-15,INV-241209,Small Dealer 1,Standard Widget,357,80,28560,17850
2026-08-15,INV-578426,BigBuy Distribution,Gadget Pro,241,250,60250,42175
2026-08-15,INV-461125,BigBuy Distribution,Premium Widget,78,150,11700,9360
2026-08-15,INV-655344,Small Dealer 24,Gadget Pro,315,250,78750,55125
2026-08-15,INV-284493,MegaMart Corp,Premium Widget,116,150,17400,13920
2026-08-15,INV-154774,SuperStore Inc,Premium Widget,380,150,57000,45600
2026-08-15,INV-898950,SuperStore Inc,Standard Widget,270,80,21600,13500
2026-08-15,INV-726467,MegaMart Corp,Gadget Lite,461,90,41490,25355
2026-08-15,INV-973054,BigBuy Distribution,Budget Widget,428,30,12840,7704
2026-08-15,INV-552270,SuperStore Inc,Premium Widget,89,150,13350,10680
2026-08-15,INV-617860,MegaMart Corp,Gadget Pro,38,250,9500,6650
2026-08-15,INV-787061,Small Dealer 14,Gadget Lite,484,90,43560,26620
2026-08-15,INV-935458,Small Dealer 7,Gadget Pro,21,250,5250,3675
2026-08-15,INV-505930,SuperStore Inc,Premium Widget,249,150,37350,29880
2026-08-15,INV-282749,BigBuy Distribution,Low Stock Item,322,200,64400,41860
2026-08-15,INV-203446,MegaMart Corp,Declining Product,92,100,9200,5980
2026-08-15,INV-705137,Small Dealer 7,Budget Widget,196,30,5880,3528
2026-08-15,INV-770025,Small Dealer 12,Low Stock Item,100,200,20000,13000
2026-08-15,INV-267372,SuperStore Inc,Declining Product,213,100,21300,13845
2026-08-15,INV-860609,MegaMart Corp,Low Stock Item,488,200,97600,63440
2026-08-15,INV-869617,BigBuy Distribution,Premium Widget,308,150,46200,36960
2026-08-15,INV-413054,SuperStore Inc,Premium Widget,394,150,59100,47280
2026-08-15,INV-548364,MegaMart Corp,Gadget Lite,234,90,21060,12870
2026-08-16,INV-844457,SuperStore Inc,Gadget Lite,294,90,26460,16170
2026-08-16,INV-406301,Small Dealer 6,Budget Widget,223,30,6690,4014
2026-08-16,INV-426876,Small Dealer 12,Low Stock Item,229,200,45800,29770
2026-08-16,INV-796289,Small Dealer 14,Declining Product,470,100,47000,30550
2026-08-16,INV-223324,SuperStore Inc,Declining Product,174,100,17400,11310
2026-08-16,INV-515563,SuperStore Inc,Gadget Lite,36,90,3240,1980
2026-08-16,INV-533647,BigBuy Distribution,Gadget Lite,307,90,27630,16885
2026-08-16,INV-204265,Small Dealer 28,Budget Widget,44,30,1320,792
2026-08-16,INV-746179,BigBuy Distribution,Premium Widget,170,150,25500,20400
2026-08-16,INV-425484,SuperStore Inc,Declining Product,11,100,1100,715
2026-08-16,INV-740004,Small Dealer 14,Budget Widget,203,30,6090,3654
2026-08-16,INV-864916,SuperStore Inc,Premium Widget,444,150,66600,53280
2026-08-16,INV-527013,SuperStore Inc,Gadget Pro,213,250,53250,37275
2026-08-16,INV-331076,Small Dealer 23,Gadget Pro,209,250,52250,36575
2026-08-16,INV-133200,MegaMart Corp,Low Stock Item,200,200,40000,26000
2026-08-16,INV-446281,Small Dealer 4,Declining Product,247,100,24700,16055
2026-08-16,INV-128943,BigBuy Distribution,Gadget Pro,93,250,23250,16275
2026-08-16,INV-283271,MegaMart Corp,Standard Widget,181,80,14480,9050
2026-08-16,INV-283037,MegaMart Corp,Low Stock Item,16,200,3200,2080
2026-08-16,INV-378349,BigBuy Distribution,Gadget Pro,154,250,38500,26950
2026-08-16,INV-616538,Small Dealer 13,Gadget Lite,78,90,7020,4290
2026-08-16,INV-407908,SuperStore Inc,Gadget Pro,59,250,14750,10325
2026-08-16,INV-594185,SuperStore Inc,Low Stock Item,446,200,89200,57980
2026-08-16,INV-237944,SuperStore Inc,Gadget Pro,59,250,14750,10325
2026-08-16,INV-890408,Small Dealer 11,Budget Widget,199,30,5970,3582
2026-08-16,INV-672718,Small Dealer 20,Standard Widget,383,80,30640,19150
2026-08-16,INV-447599,BigBuy Distribution,Gadget Lite,126,90,11340,6930
2026-08-16,INV-738693,BigBuy Distribution,Budget Widget,302,30,9060,5436
2026-08-16,INV-984298,BigBuy Distribution,Gadget Pro,324,250,81000,56700
2026-08-16,INV-333665,Small Dealer 14,Low Stock Item,187,200,37400,24310
2026-08-16,INV-729195,Small Dealer 25,Gadget Pro,341,250,85250,59675
2026-08-16,INV-850250,Small Dealer 5,Standard Widget,291,80,23280,14550
2026-08-16,INV-236052,BigBuy Distribution,Budget Widget,50,30,1500,900
2026-08-16,INV-168936,Small Dealer 19,Gadget Pro,32,250,8000,5600
2026-08-16,INV-890693,SuperStore Inc,Gadget Pro,164,250,41000,28700
2026-08-16,INV-228450,MegaMart Corp,Gadget Lite,42,90,3780,2310
2026-08-16,INV-991929,BigBuy Distribution,Declining Product,226,100,22600,14690
2026-08-17,INV-156411,BigBuy Distribution,Gadget Pro,59,250,14750,10325
2026-08-17,INV-887850,MegaMart Corp,Budget Widget,354,30,10620,6372
2026-08-17,INV-206945,SuperStore Inc,Gadget Pro,444,250,111000,77700
2026-08-17,INV-164588,SuperStore Inc,Gadget Pro,147,250,36750,25725
2026-08-17,INV-614590,BigBuy Distribution,Budget Widget,325,30,9750,5850
2026-08-17,INV-805050,BigBuy Distribution,Standard Widget,144,80,11520,7200
2026-08-17,INV-385791,Small Dealer 12,Low Stock Item,386,200,77200,50180
2026-08-17,INV-270823,MegaMart Corp,Gadget Pro,163,250,40750,28525
2026-08-17,INV-194166,BigBuy Distribution,Budget Widget,426,30,12780,7668
2026-08-17,INV-526839,Small Dealer 6,Low Stock Item,331,200,66200,43030
2026-08-18,INV-673770,MegaMart Corp,Gadget Lite,248,90,22320,13640
2026-08-18,INV-840391,SuperStore Inc,Budget Widget,27,30,810,486
2026-08-18,INV-226665,MegaMart Corp,Budget Widget,464,30,13920,8352
2026-08-18,INV-487627,BigBuy Distribution,Standard Widget,244,80,19520,12200
2026-08-18,INV-996385,Small Dealer 25,Declining Product,438,100,43800,28470
2026-08-18,INV-999274,BigBuy Distribution,Declining Product,25,100,2500,1625
2026-08-18,INV-715473,Small Dealer 3,Gadget Pro,226,250,56500,39550
2026-08-18,INV-955925,MegaMart Corp,Gadget Lite,196,90,17640,10780
2026-08-18,INV-683640,BigBuy Distribution,Budget Widget,413,30,12390,7434
2026-08-18,INV-922951,BigBuy Distribution,Budget Widget,407,30,12210,7326
2026-08-18,INV-607907,SuperStore Inc,Low Stock Item,91,200,18200,11830
2026-08-18,INV-711347,MegaMart Corp,Gadget Pro,219,250,54750,38325
2026-08-18,INV-728149,MegaMart Corp,Standard Widget,222,80,17760,11100
2026-08-18,INV-507542,Small Dealer 4,Gadget Lite,201,90,18090,11055
2026-08-18,INV-130013,BigBuy Distribution,Budget Widget,316,30,9480,5688
2026-08-18,INV-776334,MegaMart Corp,Gadget Lite,278,90,25020,15290
2026-08-18,INV-111292,SuperStore Inc,Premium Widget,19,150,2850,2280
2026-08-18,INV-180695,MegaMart Corp,Budget Widget,426,30,12780,7668
2026-08-18,INV-371395,Small Dealer 1,Low Stock Item,400,200,80000,52000
2026-08-18,INV-502380,BigBuy Distribution,Gadget Pro,408,250,102000,71400
2026-08-19,INV-373595,SuperStore Inc,Standard Widget,370,80,29600,18500
2026-08-19,INV-765604,MegaMart Corp,Low Stock Item,187,200,37400,24310
2026-08-19,INV-475940,Small Dealer 7,Standard Widget,254,80,20320,12700
2026-08-19,INV-381617,BigBuy Distribution,Gadget Pro,379,250,94750,66325
2026-08-19,INV-666872,MegaMart Corp,Standard Widget,384,80,30720,19200
2026-08-19,INV-622203,Small Dealer 29,Gadget Pro,280,250,70000,49000
2026-08-19,INV-192869,Small Dealer 4,Low Stock Item,274,200,54800,35620
2026-08-19,INV-839248,BigBuy Distribution,Gadget Pro,447,250,111750,78225
2026-08-19,INV-344999,Small Dealer 4,Gadget Pro,128,250,32000,22400
2026-08-19,INV-800974,Small Dealer 20,Budget Widget,459,30,13770,8262
2026-08-19,INV-378868,Small Dealer 7,Standard Widget,58,80,4640,2900
2026-08-19,INV-563651,SuperStore Inc,Premium Widget,332,150,49800,39840
2026-08-19,INV-203059,SuperStore Inc,Gadget Lite,400,90,36000,22000
2026-08-19,INV-351647,BigBuy Distribution,Declining Product,223,100,22300,14495
2026-08-19,INV-777255,BigBuy Distribution,Declining Product,325,100,32500,21125
2026-08-19,INV-301307,BigBuy Distribution,Gadget Pro,45,250,11250,7875
2026-08-19,INV-152965,Small Dealer 6,Standard Widget,387,80,30960,19350
2026-08-19,INV-156809,Small Dealer 5,Standard Widget,460,80,36800,23000
2026-08-19,INV-953667,BigBuy Distribution,Budget Widget,347,30,10410,6246
2026-08-19,INV-733050,Small Dealer 28,Budget Widget,67,30,2010,1206
2026-08-19,INV-367817,BigBuy Distribution,Premium Widget,222,150,33300,26640
2026-08-19,INV-895748,SuperStore Inc,Premium Widget,421,150,63150,50520
2026-08-19,INV-457260,SuperStore Inc,Standard Widget,352,80,28160,17600
2026-08-19,INV-837466,Small Dealer 19,Premium Widget,17,150,2550,2040
2026-08-19,INV-408969,Small Dealer 21,Standard Widget,271,80,21680,13550
2026-08-19,INV-622781,SuperStore Inc,Gadget Lite,59,90,5310,3245
2026-08-19,INV-919125,MegaMart Corp,Low Stock Item,419,200,83800,54470
2026-08-19,INV-923408,Small Dealer 8,Gadget Lite,330,90,29700,18150
2026-08-20,INV-319794,SuperStore Inc,Gadget Pro,151,250,37750,26425
2026-08-20,INV-457976,MegaMart Corp,Premium Widget,439,150,65850,52680
2026-08-20,INV-448225,Small Dealer 16,Low Stock Item,97,200,19400,12610
2026-08-20,INV-334074,Small Dealer 21,Premium Widget,264,150,39600,31680
2026-08-20,INV-343943,SuperStore Inc,Low Stock Item,68,200,13600,8840
2026-08-20,INV-149154,MegaMart Corp,Gadget Lite,93,90,8370,5115
2026-08-20,INV-742985,SuperStore Inc,Gadget Lite,89,90,8010,4895
2026-08-20,INV-485894,Small Dealer 23,Declining Product,293,100,29300,19045
2026-08-20,INV-196902,Small Dealer 13,Standard Widget,51,80,4080,2550
2026-08-20,INV-156143,SuperStore Inc,Premium Widget,334,150,50100,40080
2026-08-20,INV-210907,MegaMart Corp,Low Stock Item,80,200,16000,10400
2026-08-20,INV-980561,Small Dealer 9,Premium Widget,244,150,36600,29280
2026-08-20,INV-767036,Small Dealer 13,Declining Product,335,100,33500,21775
2026-08-21,INV-234080,Small Dealer 7,Declining Product,304,100,30400,19760
2026-08-21,INV-858905,BigBuy Distribution,Standard Widget,464,80,37120,23200
2026-08-21,INV-209967,BigBuy Distribution,Gadget Lite,61,90,5490,3355
2026-08-21,INV-668085,SuperStore Inc,Low Stock Item,203,200,40600,26390
2026-08-21,INV-442070,Small Dealer 29,Gadget Lite,306,90,27540,16830
2026-08-21,INV-186632,MegaMart Corp,Gadget Lite,298,90,26820,16390
2026-08-21,INV-713894,Small Dealer 17,Budget Widget,270,30,8100,4860
2026-08-21,INV-801079,Small Dealer 9,Budget Widget,149,30,4470,2682
2026-08-21,INV-722643,Small Dealer 19,Budget Widget,386,30,11580,6948
2026-08-21,INV-983574,SuperStore Inc,Budget Widget,248,30,7440,4464
2026-08-21,INV-362884,MegaMart Corp,Budget Widget,260,30,7800,4680
2026-08-21,INV-212995,Small Dealer 10,Standard Widget,357,80,28560,17850
2026-08-21,INV-715304,SuperStore Inc,Declining Product,141,100,14100,9165
2026-08-21,INV-441376,SuperStore Inc,Gadget Lite,206,90,18540,11330
2026-08-21,INV-419985,SuperStore Inc,Budget Widget,142,30,4260,2556
2026-08-21,INV-936986,SuperStore Inc,Declining Product,44,100,4400,2860
2026-08-21,INV-241170,SuperStore Inc,Standard Widget,172,80,13760,8600
2026-08-21,INV-660087,Small Dealer 17,Gadget Lite,271,90,24390,14905
2026-08-21,INV-433449,Small Dealer 13,Budget Widget,204,30,6120,3672
2026-08-21,INV-340477,Small Dealer 29,Low Stock Item,322,200,64400,41860
2026-08-22,INV-685215,MegaMart Corp,Premium Widget,253,150,37950,30360
2026-08-22,INV-724901,MegaMart Corp,Standard Widget,490,80,39200,24500
2026-08-22,INV-747447,SuperStore Inc,Gadget Pro,321,250,80250,56175
2026-08-22,INV-329416,Small Dealer 11,Budget Widget,279,30,8370,5022
2026-08-22,INV-884758,SuperStore Inc,Declining Product,77,100,7700,5005
2026-08-22,INV-479636,Small Dealer 15,Gadget Pro,72,250,18000,12600
2026-08-22,INV-221200,MegaMart Corp,Standard Widget,141,80,11280,7050
2026-08-22,INV-101572,SuperStore Inc,Gadget Lite,417,90,37530,22935
2026-08-22,INV-320792,Small Dealer 28,Low Stock Item,356,200,71200,46280
2026-08-22,INV-597870,MegaMart Corp,Standard Widget,157,80,12560,7850
2026-08-22,INV-577428,MegaMart Corp,Gadget Lite,448,90,40320,24640
2026-08-22,INV-728305,Small Dealer 2,Declining Product,45,100,4500,2925
2026-08-22,INV-151691,MegaMart Corp,Gadget Lite,254,90,22860,13970
2026-08-22,INV-347682,Small Dealer 2,Gadget Lite,229,90,20610,12595
2026-08-22,INV-796298,BigBuy Distribution,Low Stock Item,295,200,59000,38350
2026-08-22,INV-490934,SuperStore Inc,Declining Product,499,100,49900,32435
2026-08-22,INV-655161,MegaMart Corp,Low Stock Item,184,200,36800,23920
2026-08-22,INV-672598,BigBuy Distribution,Declining Product,359,100,35900,23335
2026-08-22,INV-337361,Small Dealer 26,Standard Widget,222,80,17760,11100
2026-08-22,INV-394804,MegaMart Corp,Low Stock Item,319,200,63800,41470
2026-08-22,INV-204956,Small Dealer 25,Gadget Lite,199,90,17910,10945
2026-08-22,INV-902391,Small Dealer 18,Low Stock Item,187,200,37400,24310
2026-08-22,INV-640953,BigBuy Distribution,Gadget Pro,306,250,76500,53550
2026-08-22,INV-228415,Small Dealer 22,Premium Widget,280,150,42000,33600
2026-08-22,INV-383397,Small Dealer 26,Low Stock Item,327,200,65400,42510
2026-08-22,INV-687502,MegaMart Corp,Declining Product,373,100,37300,24245
2026-08-22,INV-102170,MegaMart Corp,Gadget Lite,338,90,30420,18590
2026-08-22,INV-716805,MegaMart Corp,Standard Widget,346,80,27680,17300
2026-08-22,INV-297210,Small Dealer 29,Budget Widget,183,30,5490,3294
2026-08-22,INV-691227,Small Dealer 7,Standard Widget,155,80,12400,7750
2026-08-22,INV-724730,Small Dealer 23,Premium Widget,403,150,60450,48360
2026-08-22,INV-152938,BigBuy Distribution,Premium Widget,148,150,22200,17760
2026-08-22,INV-326188,Small Dealer 28,Low Stock Item,355,200,71000,46150
2026-08-22,INV-305494,MegaMart Corp,Budget Widget,406,30,12180,7308
2026-08-22,INV-133486,Small Dealer 25,Gadget Lite,444,90,39960,24420
2026-08-22,INV-813753,Small Dealer 20,Gadget Pro,51,250,12750,8925
2026-08-22,INV-302076,Small Dealer 25,Declining Product,202,100,20200,13130
2026-08-22,INV-103984,SuperStore Inc,Gadget Pro,126,250,31500,22050
2026-08-23,INV-420634,BigBuy Distribution,Declining Product,97,100,9700,6305
2026-08-23,INV-700662,BigBuy Distribution,Standard Widget,439,80,35120,21950
2026-08-23,INV-241940,Small Dealer 16,Premium Widget,468,150,70200,56160
2026-08-23,INV-749512,MegaMart Corp,Budget Widget,263,30,7890,4734
2026-08-23,INV-152271,Small Dealer 19,Declining Product,49,100,4900,3185
2026-08-23,INV-976667,MegaMart Corp,Low Stock Item,267,200,53400,34710
2026-08-23,INV-405008,Small Dealer 6,Declining Product,153,100,15300,9945
2026-08-23,INV-562058,Small Dealer 12,Standard Widget,29,80,2320,1450
2026-08-23,INV-180837,BigBuy Distribution,Gadget Pro,427,250,106750,74725
2026-08-23,INV-194397,BigBuy Distribution,Standard Widget,53,80,4240,2650
2026-08-23,INV-474172,Small Dealer 19,Declining Product,305,100,30500,19825
2026-08-23,INV-159082,SuperStore Inc,Budget Widget,447,30,13410,8046
2026-08-23,INV-155198,Small Dealer 29,Low Stock Item,34,200,6800,4420
2026-08-23,INV-250918,SuperStore Inc,Premium Widget,394,150,59100,47280
2026-08-23,INV-797691,SuperStore Inc,Premium Widget,69,150,10350,8280
2026-08-23,INV-244300,Small Dealer 8,Premium Widget,209,150,31350,25080
2026-08-23,INV-125693,SuperStore Inc,Budget Widget,57,30,1710,1026
2026-08-23,INV-530966,Small Dealer 1,Standard Widget,207,80,16560,10350
2026-08-23,INV-714031,Small Dealer 12,Declining Product,132,100,13200,8580
2026-08-23,INV-675343,Small Dealer 16,Gadget Pro,131,250,32750,22925
2026-08-23,INV-932743,SuperStore Inc,Gadget Pro,428,250,107000,74900
2026-08-23,INV-940883,BigBuy Distribution,Low Stock Item,147,200,29400,19110
2026-08-23,INV-507273,Small Dealer 17,Premium Widget,453,150,67950,54360
2026-08-23,INV-282490,MegaMart Corp,Standard Widget,64,80,5120,3200
2026-08-23,INV-301327,MegaMart Corp,Low Stock Item,91,200,18200,11830
2026-08-23,INV-965471,SuperStore Inc,Standard Widget,179,80,14320,8950
2026-08-23,INV-646617,MegaMart Corp,Low Stock Item,349,200,69800,45370
2026-08-23,INV-891271,Small Dealer 24,Gadget Lite,115,90,10350,6325
2026-08-23,INV-260311,Small Dealer 2,Standard Widget,204,80,16320,10200
2026-08-23,INV-502226,MegaMart Corp,Budget Widget,28,30,840,504
2026-08-23,INV-857807,Small Dealer 22,Budget Widget,295,30,8850,5310
2026-08-24,INV-259809,SuperStore Inc,Standard Widget,452,80,36160,22600
2026-08-24,INV-940453,SuperStore Inc,Budget Widget,444,30,13320,7992
2026-08-24,INV-618323,BigBuy Distribution,Gadget Pro,152,250,38000,26600
2026-08-24,INV-488584,MegaMart Corp,Declining Product,162,100,16200,10530
2026-08-24,INV-316323,BigBuy Distribution,Gadget Lite,37,90,3330,2035
2026-08-24,INV-994663,MegaMart Corp,Budget Widget,392,30,11760,7056
2026-08-24,INV-313934,Small Dealer 6,Gadget Lite,486,90,43740,26730
2026-08-24,INV-502626,SuperStore Inc,Declining Product,453,100,45300,29445
2026-08-24,INV-831862,Small Dealer 5,Standard Widget,219,80,17520,10950
2026-08-24,INV-716604,MegaMart Corp,Declining Product,235,100,23500,15275
2026-08-24,INV-274195,SuperStore Inc,Gadget Lite,181,90,16290,9955
2026-08-24,INV-278991,Small Dealer 10,Gadget Pro,397,250,99250,69475
2026-08-24,INV-547504,Small Dealer 12,Low Stock Item,410,200,82000,53300
2026-08-24,INV-733642,MegaMart Corp,Budget Widget,157,30,4710,2826
2026-08-24,INV-187143,MegaMart Corp,Declining Product,256,100,25600,16640
2026-08-24,INV-942638,SuperStore Inc,Gadget Lite,394,90,35460,21670
2026-08-24,INV-213798,SuperStore Inc,Standard Widget,45,80,3600,2250
2026-08-24,INV-986960,MegaMart Corp,Budget Widget,204,30,6120,3672
2026-08-24,INV-294121,BigBuy Distribution,Low Stock Item,199,200,39800,25870
2026-08-24,INV-770230,Small Dealer 4,Gadget Lite,389,90,35010,21395
2026-08-24,INV-951206,Small Dealer 22,Budget Widget,153,30,4590,2754
2026-08-24,INV-124027,MegaMart Corp,Premium Widget,187,150,28050,22440
2026-08-24,INV-770380,Small Dealer 9,Standard Widget,440,80,35200,22000
2026-08-24,INV-536094,MegaMart Corp,Gadget Pro,278,250,69500,48650
2026-08-24,INV-636582,Small Dealer 1,Low Stock Item,421,200,84200,54730
2026-08-24,INV-487164,BigBuy Distribution,Gadget Pro,393,250,98250,68775
2026-08-24,INV-335305,Small Dealer 17,Gadget Pro,495,250,123750,86625
2026-08-24,INV-689128,SuperStore Inc,Budget Widget,334,30,10020,6012
2026-08-24,INV-898197,BigBuy Distribution,Declining Product,405,100,40500,26325
2026-08-24,INV-869288,Small Dealer 9,Standard Widget,188,80,15040,9400
2026-08-24,INV-779452,MegaMart Corp,Gadget Pro,307,250,76750,53725
2026-08-24,INV-417969,Small Dealer 24,Gadget Lite,444,90,39960,24420
2026-08-24,INV-600625,BigBuy Distribution,Standard Widget,418,80,33440,20900
2026-08-24,INV-618778,BigBuy Distribution,Budget Widget,309,30,9270,5562
2026-08-24,INV-945990,Small Dealer 17,Budget Widget,41,30,1230,738
2026-08-24,INV-772006,Small Dealer 15,Low Stock Item,451,200,90200,58630
2026-08-24,INV-432856,Small Dealer 26,Declining Product,400,100,40000,26000
2026-08-24,INV-655682,BigBuy Distribution,Premium Widget,180,150,27000,21600
2026-08-25,INV-724280,SuperStore Inc,Declining Product,408,100,40800,26520
2026-08-25,INV-731713,MegaMart Corp,Premium Widget,443,150,66450,53160
2026-08-25,INV-942489,Small Dealer 22,Gadget Lite,91,90,8190,5005
2026-08-25,INV-848568,SuperStore Inc,Premium Widget,340,150,51000,40800
2026-08-25,INV-586707,BigBuy Distribution,Low Stock Item,89,200,17800,11570
2026-08-25,INV-108854,MegaMart Corp,Declining Product,20,100,2000,1300
2026-08-25,INV-930458,Small Dealer 24,Gadget Lite,328,90,29520,18040
2026-08-25,INV-299788,BigBuy Distribution,Gadget Pro,207,250,51750,36225
2026-08-25,INV-467907,BigBuy Distribution,Gadget Lite,258,90,23220,14190
2026-08-25,INV-289930,SuperStore Inc,Standard Widget,427,80,34160,21350
2026-08-26,INV-426908,Small Dealer 1,Premium Widget,157,150,23550,18840
2026-08-26,INV-751981,Small Dealer 9,Gadget Lite,65,90,5850,3575
2026-08-26,INV-971647,Small Dealer 6,Gadget Pro,298,250,74500,52150
2026-08-26,INV-160128,Small Dealer 10,Premium Widget,346,150,51900,41520
2026-08-26,INV-114899,SuperStore Inc,Budget Widget,281,30,8430,5058
2026-08-26,INV-843608,BigBuy Distribution,Standard Widget,88,80,7040,4400
2026-08-26,INV-720146,Small Dealer 25,Gadget Pro,278,250,69500,48650
2026-08-26,INV-181383,MegaMart Corp,Premium Widget,243,150,36450,29160
2026-08-26,INV-360492,Small Dealer 29,Premium Widget,394,150,59100,47280
2026-08-26,INV-582245,Small Dealer 16,Premium Widget,326,150,48900,39120
2026-08-27,INV-719770,SuperStore Inc,Gadget Lite,244,90,21960,13420
2026-08-27,INV-598911,SuperStore Inc,Declining Product,129,100,12900,8385
2026-08-27,INV-940916,BigBuy Distribution,Premium Widget,223,150,33450,26760
2026-08-27,INV-614157,MegaMart Corp,Declining Product,96,100,9600,6240
2026-08-27,INV-117012,MegaMart Corp,Premium Widget,32,150,4800,3840
2026-08-27,INV-783479,Small Dealer 21,Low Stock Item,476,200,95200,61880
2026-08-27,INV-101698,Small Dealer 16,Budget Widget,36,30,1080,648
2026-08-27,INV-638584,SuperStore Inc,Premium Widget,42,150,6300,5040
2026-08-27,INV-822533,SuperStore Inc,Gadget Pro,355,250,88750,62125
2026-08-27,INV-174812,Small Dealer 13,Gadget Pro,453,250,113250,79275
2026-08-27,INV-652229,SuperStore Inc,Premium Widget,11,150,1650,1320
2026-08-27,INV-575809,Small Dealer 26,Standard Widget,425,80,34000,21250
2026-08-27,INV-121686,SuperStore Inc,Premium Widget,434,150,65100,52080
2026-08-28,INV-238840,MegaMart Corp,Gadget Lite,81,90,7290,4455
2026-08-28,INV-686786,Small Dealer 6,Gadget Pro,212,250,53000,37100
2026-08-28,INV-434108,Small Dealer 28,Low Stock Item,31,200,6200,4030
2026-08-28,INV-972661,BigBuy Distribution,Premium Widget,72,150,10800,8640
2026-08-28,INV-497203,BigBuy Distribution,Premium Widget,385,150,57750,46200
2026-08-28,INV-217337,SuperStore Inc,Gadget Pro,311,250,77750,54425
2026-08-28,INV-600018,SuperStore Inc,Declining Product,275,100,27500,17875
2026-08-28,INV-395292,Small Dealer 2,Gadget Lite,66,90,5940,3630
2026-08-28,INV-942300,MegaMart Corp,Premium Widget,415,150,62250,49800
2026-08-28,INV-288191,Small Dealer 14,Standard Widget,438,80,35040,21900
2026-08-28,INV-217517,BigBuy Distribution,Standard Widget,195,80,15600,9750
2026-08-28,INV-718737,SuperStore Inc,Gadget Lite,79,90,7110,4345
2026-08-28,INV-227446,Small Dealer 17,Gadget Pro,207,250,51750,36225
2026-08-29,INV-608225,MegaMart Corp,Premium Widget,469,150,70350,56280
2026-08-29,INV-365484,MegaMart Corp,Gadget Lite,177,90,15930,9735
2026-08-29,INV-509442,Small Dealer 26,Gadget Lite,314,90,28260,17270
2026-08-29,INV-388793,MegaMart Corp,Standard Widget,371,80,29680,18550
2026-08-29,INV-985510,Small Dealer 6,Gadget Pro,52,250,13000,9100
2026-08-29,INV-938334,MegaMart Corp,Budget Widget,436,30,13080,7848
2026-08-29,INV-829091,BigBuy Distribution,Premium Widget,179,150,26850,21480
2026-08-29,INV-444651,SuperStore Inc,Low Stock Item,438,200,87600,56940
2026-08-29,INV-364064,MegaMart Corp,Budget Widget,82,30,2460,1476
2026-08-29,INV-288153,Small Dealer 5,Declining Product,201,100,20100,13065
2026-08-29,INV-627629,BigBuy Distribution,Declining Product,157,100,15700,10205
2026-08-29,INV-303733,MegaMart Corp,Gadget Lite,361,90,32490,19855
2026-08-29,INV-194474,MegaMart Corp,Premium Widget,215,150,32250,25800
2026-08-29,INV-236585,Small Dealer 20,Gadget Lite,336,90,30240,18480
2026-08-29,INV-535495,MegaMart Corp,Gadget Lite,278,90,25020,15290
2026-08-29,INV-584692,BigBuy Distribution,Gadget Lite,428,90,38520,23540
2026-08-29,INV-635067,BigBuy Distribution,Standard Widget,101,80,8080,5050
2026-08-29,INV-304789,Small Dealer 18,Premium Widget,265,150,39750,31800
2026-08-29,INV-413822,MegaMart Corp,Gadget Lite,470,90,42300,25850
2026-08-29,INV-706716,MegaMart Corp,Premium Widget,367,150,55050,44040
2026-08-29,INV-977371,Small Dealer 14,Declining Product,397,100,39700,25805
2026-08-29,INV-555250,BigBuy Distribution,Low Stock Item,444,200,88800,57720
2026-08-30,INV-173473,Small Dealer 28,Low Stock Item,316,200,63200,41080
2026-08-30,INV-930481,Small Dealer 21,Premium Widget,141,150,21150,16920
2026-08-30,INV-443561,Small Dealer 4,Declining Product,314,100,31400,20410
2026-08-30,INV-626521,Small Dealer 27,Budget Widget,336,30,10080,6048
2026-08-30,INV-526807,Small Dealer 24,Budget Widget,475,30,14250,8550
2026-08-30,INV-223771,SuperStore Inc,Gadget Pro,494,250,123500,86450
2026-08-30,INV-367037,BigBuy Distribution,Declining Product,111,100,11100,7215
2026-08-30,INV-322191,BigBuy Distribution,Gadget Pro,307,250,76750,53725
2026-08-30,INV-990145,MegaMart Corp,Low Stock Item,475,200,95000,61750
2026-08-30,INV-921024,MegaMart Corp,Standard Widget,489,80,39120,24450
2026-08-30,INV-435977,Small Dealer 26,Declining Product,228,100,22800,14820
2026-08-30,INV-403595,BigBuy Distribution,Low Stock Item,333,200,66600,43290
2026-08-30,INV-907869,SuperStore Inc,Gadget Lite,314,90,28260,17270
2026-08-30,INV-459411,Small Dealer 14,Gadget Pro,166,250,41500,29050
2026-08-30,INV-864977,BigBuy Distribution,Premium Widget,106,150,15900,12720
2026-08-30,INV-204988,MegaMart Corp,Standard Widget,339,80,27120,16950
2026-08-30,INV-992495,Small Dealer 8,Declining Product,397,100,39700,25805
2026-08-30,INV-311021,Small Dealer 19,Budget Widget,193,30,5790,3474
2026-08-30,INV-243078,BigBuy Distribution,Standard Widget,120,80,9600,6000
2026-08-30,INV-449071,Small Dealer 10,Gadget Lite,499,90,44910,27445
2026-08-30,INV-537502,Small Dealer 7,Budget Widget,208,30,6240,3744
2026-08-30,INV-898355,MegaMart Corp,Standard Widget,406,80,32480,20300
2026-08-30,INV-955604,BigBuy Distribution,Gadget Lite,222,90,19980,12210
2026-08-30,INV-417997,SuperStore Inc,Gadget Pro,198,250,49500,34650
2026-08-30,INV-105554,BigBuy Distribution,Standard Widget,350,80,28000,17500
2026-08-30,INV-744609,Small Dealer 8,Gadget Lite,368,90,33120,20240
2026-08-30,INV-948796,MegaMart Corp,Standard Widget,129,80,10320,6450
2026-08-30,INV-605226,SuperStore Inc,Gadget Pro,243,250,60750,42525
2026-08-30,INV-193476,Small Dealer 4,Budget Widget,458,30,13740,8244
2026-08-30,INV-909536,MegaMart Corp,Budget Widget,393,30,11790,7074
2026-08-30,INV-172491,BigBuy Distribution,Declining Product,118,100,11800,7670
2026-08-30,INV-675472,BigBuy Distribution,Budget Widget,92,30,2760,1656
2026-08-30,INV-857513,SuperStore Inc,Low Stock Item,246,200,49200,31980
2026-08-30,INV-913466,Small Dealer 11,Premium Widget,305,150,45750,36600
2026-08-30,INV-768559,MegaMart Corp,Low Stock Item,239,200,47800,31070
2026-08-30,INV-889792,SuperStore Inc,Declining Product,320,100,32000,20800
2026-08-30,INV-941460,Small Dealer 5,Premium Widget,456,150,68400,54720
2026-08-30,INV-732919,MegaMart Corp,Gadget Pro,490,250,122500,85750
2026-08-30,INV-775768,MegaMart Corp,Premium Widget,25,150,3750,3000
2026-08-31,INV-137216,Small Dealer 10,Standard Widget,17,80,1360,850
2026-08-31,INV-886447,SuperStore Inc,Standard Widget,80,80,6400,4000
2026-08-31,INV-693347,SuperStore Inc,Budget Widget,213,30,6390,3834
2026-08-31,INV-759039,SuperStore Inc,Gadget Pro,221,250,55250,38675
2026-08-31,INV-651701,MegaMart Corp,Gadget Lite,334,90,30060,18370
2026-08-31,INV-512693,MegaMart Corp,Standard Widget,456,80,36480,22800
2026-08-31,INV-828735,Small Dealer 14,Gadget Pro,125,250,31250,21875
2026-08-31,INV-183006,MegaMart Corp,Budget Widget,136,30,4080,2448
2026-08-31,INV-725713,Small Dealer 15,Budget Widget,127,30,3810,2286
2026-08-31,INV-214062,SuperStore Inc,Premium Widget,151,150,22650,18120
2026-08-31,INV-240538,MegaMart Corp,Declining Product,159,100,15900,10335
2026-08-31,INV-802821,MegaMart Corp,Gadget Lite,202,90,18180,11110
2026-08-31,INV-217458,Small Dealer 9,Gadget Pro,205,250,51250,35875
2026-08-31,INV-311579,MegaMart Corp,Low Stock Item,385,200,77000,50050
2026-08-31,INV-882217,Small Dealer 24,Low Stock Item,456,200,91200,59280
2026-08-31,INV-859392,SuperStore Inc,Budget Widget,372,30,11160,6696
2026-08-31,INV-973576,BigBuy Distribution,Gadget Pro,314,250,78500,54950
2026-08-31,INV-473045,SuperStore Inc,Gadget Lite,36,90,3240,1980
2026-08-31,INV-928892,BigBuy Distribution,Declining Product,295,100,29500,19175
2026-08-31,INV-935151,SuperStore Inc,Budget Widget,78,30,2340,1404
2026-08-31,INV-783347,BigBuy Distribution,Declining Product,92,100,9200,5980
2026-08-31,INV-718242,BigBuy Distribution,Declining Product,294,100,29400,19110
2026-08-31,INV-456376,MegaMart Corp,Gadget Lite,157,90,14130,8635
2026-08-31,INV-782862,SuperStore Inc,Premium Widget,382,150,57300,45840
2026-08-31,INV-109881,Small Dealer 5,Premium Widget,20,150,3000,2400
2026-08-31,INV-518858,BigBuy Distribution,Low Stock Item,322,200,64400,41860
2026-08-31,INV-393355,SuperStore Inc,Declining Product,419,100,41900,27235
2026-08-31,INV-780430,BigBuy Distribution,Gadget Pro,438,250,109500,76650
